rev,step,M,side,class,n,band,count,ks_pt_trained,ks_exact_trained,ks_trained_vs_null,ks_pt_null,ks_exact_null,tail10_trained,tail10_null,tail10_pt,tail10_exact,tail100_trained,tail100_null,tail100_pt,tail100_exact
step0,0,Q,u,head,1024,spike,786432,0.001997415,0.001821964,0.004567464,0.002702749,0.002917767,0.001712799,0.001996177,0.001565,0.001536,0,0,1.524e-23,1.178e-24
step0,0,Q,u,head,1024,32-64,786432,0.0006319224,0.0003629435,0.002283732,0.00165181,0.001920789,0.001738775,0.001853216,0.001565,0.001536,0,0,1.524e-23,1.178e-24
step0,0,Q,u,head,1024,64-128,1572864,0.0007705331,0.0005555152,0.001451492,0.001093592,0.001362571,0.001738775,0.001793725,0.001565,0.001536,0,0,1.524e-23,1.178e-24
step0,0,Q,u,head,1024,128-256,3145728,0.0005827899,0.0003191593,0.0005203883,0.0002700783,0.000427297,0.001731645,0.001791091,0.001565,0.001536,0,0,1.524e-23,1.178e-24
step0,0,Q,u,head,1024,256-512,6291456,0.0002688748,0.0003223311,0.0004130999,0.0005321601,0.0003134409,0.001760051,0.001739184,0.001565,0.001536,0,0,1.524e-23,1.178e-24
step0,0,Q,u,head,1024,512-1024,1.258291e+07,0.000286879,0.0001475919,0.0004560947,0.0002189017,0.0004700128,0.001742215,0.001780101,0.001565,0.001536,0,0,1.524e-23,1.178e-24
step0,0,Q,v,residual,1024,spike,786432,0.001354948,0.001091318,0.002370199,0.001042555,0.001283734,0.00174695,0.001982553,0.001565,0.001536,0,0,1.524e-23,1.178e-24
step0,0,Q,v,residual,1024,32-64,786432,0.001132731,0.001228586,0.002048492,0.001568271,0.001819382,0.001769475,0.001894996,0.001565,0.001536,0,0,1.524e-23,1.178e-24
step0,0,Q,v,residual,1024,64-128,1572864,0.0004793446,0.0004730734,0.0009110769,0.0007491725,0.0009940254,0.001768021,0.00179209,0.001565,0.001536,0,0,1.524e-23,1.178e-24
step0,0,Q,v,residual,1024,128-256,3145728,0.0002330986,0.000357144,0.0003954569,0.0004993718,0.0002843538,0.001761573,0.001772199,0.001565,0.001536,0,0,1.524e-23,1.178e-24
step0,0,Q,v,residual,1024,256-512,6291456,0.0002979875,0.0001733394,0.0004134178,0.000319753,0.0003304482,0.001761527,0.00176046,0.001565,0.001536,0,0,1.524e-23,1.178e-24
step0,0,Q,v,residual,1024,512-1024,1.258291e+07,0.0005786084,0.0003274974,0.0004722277,0.0001379008,0.0001849486,0.001735562,0.00177011,0.001565,0.001536,0,0,1.524e-23,1.178e-24
step0,0,K,u,head,1024,spike,786432,0.001596415,0.001381397,0.003513336,0.0024228,0.002686652,0.001693726,0.001963116,0.001565,0.001536,0,0,1.524e-23,1.178e-24
step0,0,K,u,head,1024,32-64,786432,0.0005662623,0.0005016479,0.000919342,0.0008640646,0.001079083,0.001735869,0.001812526,0.001565,0.001536,0,0,1.524e-23,1.178e-24
step0,0,K,u,head,1024,64-128,1572864,0.0007659044,0.001000102,0.000734965,0.0006686748,0.0009325275,0.001752581,0.001798357,0.001565,0.001536,0,0,1.524e-23,1.178e-24
step0,0,K,u,head,1024,128-256,3145728,0.0003316902,0.0003293058,0.0004103978,0.0004086955,0.000211029,0.001744225,0.001756214,0.001565,0.001536,0,0,1.524e-23,1.178e-24
step0,0,K,u,head,1024,256-512,6291456,0.0002873443,0.0002468464,0.0005453428,0.0005621269,0.0002984964,0.001755646,0.001755419,0.001565,0.001536,0,0,1.524e-23,1.178e-24
step0,0,K,u,head,1024,512-1024,1.258291e+07,0.0002475463,0.0001652171,0.0002183119,0.0002810342,0.00011288,0.00176214,0.001742386,0.001565,0.001536,0,0,1.524e-23,1.178e-24
step0,0,K,v,residual,1024,spike,786432,0.0006482598,0.0007131634,0.00206248,0.001622949,0.00187406,0.001756577,0.001905714,0.001565,0.001536,0,0,1.524e-23,1.178e-24
step0,0,K,v,residual,1024,32-64,786432,0.001475866,0.001241669,0.001590729,0.0006892277,0.0007814201,0.001722608,0.001875196,0.001565,0.001536,0,0,1.524e-23,1.178e-24
step0,0,K,v,residual,1024,64-128,1572864,0.0004011433,0.0003965626,0.0005524953,0.0003203988,0.0005040099,0.001769929,0.001821518,0.001565,0.001536,0,0,1.524e-23,1.178e-24
step0,0,K,v,residual,1024,128-256,3145728,0.0006142611,0.0003506306,0.0008649826,0.0002507215,0.000514352,0.001743816,0.001768975,0.001565,0.001536,0,0,1.524e-23,1.178e-24
step0,0,K,v,residual,1024,256-512,6291456,0.0004143778,0.0002049788,0.0002013842,0.0003179891,0.0001821433,0.00173017,0.001759484,0.001565,0.001536,0,0,1.524e-23,1.178e-24
step0,0,K,v,residual,1024,512-1024,1.258291e+07,0.0003657495,0.0001265642,0.0002392133,0.0003001232,0.0002476375,0.001760199,0.001764615,0.001565,0.001536,0,0,1.524e-23,1.178e-24
step0,0,V,u,head,1024,spike,786432,0.0006371096,0.0007572978,0.001948039,0.001863385,0.002127015,0.001838866,0.001985641,0.001565,0.001536,0,0,1.524e-23,1.178e-24
step0,0,V,u,head,1024,32-64,786432,0.0003304238,0.0004563262,0.0007184347,0.0007278765,0.0009915071,0.001810528,0.00182942,0.001565,0.001536,0,0,1.524e-23,1.178e-24
step0,0,V,u,head,1024,64-128,1572864,0.0008081749,0.0005445444,0.001440048,0.0009040769,0.001113476,0.001752581,0.001871381,0.001565,0.001536,0,0,1.524e-23,1.178e-24
step0,0,V,u,head,1024,128-256,3145728,0.0006816569,0.000436804,0.0007899602,0.0002881226,0.0005392336,0.001744634,0.001748766,0.001565,0.001536,0,0,1.524e-23,1.178e-24
step0,0,V,u,head,1024,256-512,6291456,0.0005318422,0.0004117498,0.0003145536,0.0004144664,0.0001658233,0.001748902,0.001762436,0.001565,0.001536,0,0,1.524e-23,1.178e-24
step0,0,V,u,head,1024,512-1024,1.258291e+07,0.0003977159,0.0001755245,0.0003873507,0.0001545106,0.0002832343,0.001745417,0.001768169,0.001565,0.001536,0,0,1.524e-23,1.178e-24
step0,0,V,v,residual,1024,spike,786432,0.000804301,0.001019319,0.001847585,0.001794601,0.002060661,0.001678648,0.001922062,0.001565,0.001536,0,0,1.524e-23,1.178e-24
step0,0,V,v,residual,1024,32-64,786432,0.0008016865,0.0005866686,0.002388,0.001692921,0.001956774,0.001770746,0.001863207,0.001565,0.001536,0,0,1.524e-23,1.178e-24
step0,0,V,v,residual,1024,64-128,1572864,0.00069953,0.0004356772,0.001279831,0.0006014963,0.0008704753,0.001720519,0.001803625,0.001565,0.001536,0,0,1.524e-23,1.178e-24
step0,0,V,v,residual,1024,128-256,3145728,0.0005797983,0.0003647804,0.0007301966,0.000243158,0.0004336076,0.001747858,0.001779511,0.001565,0.001536,0,0,1.524e-23,1.178e-24
step0,0,V,v,residual,1024,256-512,6291456,0.0003997945,0.0001486835,0.0003153483,0.0002586507,0.000305146,0.00174368,0.001760142,0.001565,0.001536,0,0,1.524e-23,1.178e-24
step0,0,V,v,residual,1024,512-1024,1.258291e+07,0.0002842212,0.0001753802,0.000279506,0.0002273512,0.0003111151,0.001743703,0.001770712,0.001565,0.001536,0,0,1.524e-23,1.178e-24
step0,0,O,u,residual,1024,spike,786432,0.001015352,0.0008059526,0.002972921,0.002529611,0.002793464,0.001755851,0.001970564,0.001565,0.001536,0,0,1.524e-23,1.178e-24
step0,0,O,u,residual,1024,32-64,786432,0.001391129,0.001234402,0.002372742,0.001419534,0.001683387,0.001784733,0.001883734,0.001565,0.001536,0,0,1.524e-23,1.178e-24
step0,0,O,u,residual,1024,64-128,1572864,0.0002823333,0.0005513123,0.0006071726,0.0005447711,0.0008084016,0.001746496,0.001763208,0.001565,0.001536,0,0,1.524e-23,1.178e-24
step0,0,O,u,residual,1024,128-256,3145728,0.0007918319,0.0005768139,0.001032829,0.0003556815,0.0004560153,0.001733734,0.001763662,0.001565,0.001536,0,0,1.524e-23,1.178e-24
step0,0,O,u,residual,1024,256-512,6291456,0.0003942404,0.0001786549,0.0002455711,0.0004822873,0.0002345729,0.001741023,0.001736255,0.001565,0.001536,0,0,1.524e-23,1.178e-24
step0,0,O,u,residual,1024,512-1024,1.258291e+07,0.0002585136,0.0001189811,0.0001469453,0.000295039,0.0001383125,0.001762629,0.001756078,0.001565,0.001536,0,0,1.524e-23,1.178e-24
step0,0,O,v,head,1024,spike,786432,0.0005959335,0.0003476929,0.002457937,0.00200149,0.002270469,0.001791636,0.001904624,0.001565,0.001536,0,0,1.524e-23,1.178e-24
step0,0,O,v,head,1024,32-64,786432,0.0004476672,0.0004293125,0.001352946,0.00103064,0.001245658,0.00180417,0.001922426,0.001565,0.001536,0,0,1.524e-23,1.178e-24
step0,0,O,v,head,1024,64-128,1572864,0.0002676709,0.0004276537,0.0004838308,0.0003972694,0.0006609,0.001758121,0.001836686,0.001565,0.001536,0,0,1.524e-23,1.178e-24
step0,0,O,v,head,1024,128-256,3145728,0.0005100667,0.0002462139,0.0004173915,0.0003139062,0.0002688719,0.001746586,0.001774561,0.001565,0.001536,0,0,1.524e-23,1.178e-24
step0,0,O,v,head,1024,256-512,6291456,0.0003501673,0.0001864744,0.0002158483,0.0002313792,0.0002503705,0.001723153,0.001754488,0.001565,0.001536,0,0,1.524e-23,1.178e-24
step0,0,O,v,head,1024,512-1024,1.258291e+07,0.0003311733,0.0001035759,0.0003414154,0.0002252145,0.0002740949,0.001739684,0.00178185,0.001565,0.001536,0,0,1.524e-23,1.178e-24
step0,0,MLP_IN,u,hidden,4096,spike,3145728,0.0008130624,0.0007545322,0.001379013,0.0008534409,0.0009146211,0.001746859,0.001860528,0.001565,0.001558,0,0,1.524e-23,8.299e-24
step0,0,MLP_IN,u,hidden,4096,32-64,3145728,0.0004283686,0.0003624379,0.001093229,0.0008506712,0.0009029915,0.001748403,0.001860709,0.001565,0.001558,0,0,1.524e-23,8.299e-24
step0,0,MLP_IN,u,hidden,4096,64-128,6291456,0.0002213473,0.0001585776,0.0007904371,0.0005690897,0.0006349712,0.001777127,0.001823652,0.001565,0.001558,0,0,1.524e-23,8.299e-24
step0,0,MLP_IN,u,hidden,4096,128-256,1.258291e+07,0.0002121663,0.0002393702,0.0006517569,0.0005388078,0.0005999881,0.001770031,0.001826843,0.001565,0.001558,0,0,1.524e-23,8.299e-24
step0,0,MLP_IN,u,hidden,4096,256-512,2.516582e+07,0.0001148962,9.24888e-05,0.0003401041,0.0002252079,0.0002863882,0.001770621,0.00179339,0.001565,0.001558,0,0,1.524e-23,8.299e-24
step0,0,MLP_IN,u,hidden,4096,512-1024,5.033165e+07,0.0001391751,7.799489e-05,0.0001692573,7.962826e-05,0.0001234793,0.001761905,0.001772475,0.001565,0.001558,0,0,1.524e-23,8.299e-24
step0,0,MLP_IN,v,residual,1024,spike,786432,0.0008184575,0.0005673465,0.001668294,0.001170697,0.001415549,0.001780919,0.001889183,0.001565,0.001536,0,0,1.524e-23,1.178e-24
step0,0,MLP_IN,v,residual,1024,32-64,786432,0.0006442683,0.0008891212,0.001444499,0.001358888,0.001603741,0.001755306,0.001871926,0.001565,0.001536,0,0,1.524e-23,1.178e-24
step0,0,MLP_IN,v,residual,1024,64-128,1572864,0.0006582402,0.0004346855,0.001416524,0.000758284,0.001009395,0.001780465,0.001791636,0.001565,0.001536,0,0,1.524e-23,1.178e-24
step0,0,MLP_IN,v,residual,1024,128-256,3145728,0.0003148598,0.000345382,0.0004123052,0.0003589943,0.0002345741,0.001771019,0.001743362,0.001565,0.001536,0,0,1.524e-23,1.178e-24
step0,0,MLP_IN,v,residual,1024,256-512,6291456,0.0005810495,0.0004055984,0.0006445249,0.000178432,0.000267018,0.001743112,0.001760324,0.001565,0.001536,0,0,1.524e-23,1.178e-24
step0,0,MLP_IN,v,residual,1024,512-1024,1.258291e+07,0.0003336708,0.0002186567,0.0002077421,0.00041542,0.0001807824,0.001743555,0.0017717,0.001565,0.001536,0,0,1.524e-23,1.178e-24
step0,0,MLP_OUT,u,residual,1024,spike,786432,0.0006262525,0.0006793043,0.001333872,0.001140179,0.001385032,0.001742408,0.001863934,0.001565,0.001536,0,0,1.524e-23,1.178e-24
step0,0,MLP_OUT,u,residual,1024,32-64,786432,0.001374132,0.001123021,0.001417796,0.0004350588,0.0005144369,0.001741318,0.001835778,0.001565,0.001536,0,0,1.524e-23,1.178e-24
step0,0,MLP_OUT,u,residual,1024,64-128,1572864,0.0005342716,0.0003262075,0.0009581248,0.0007122971,0.00095715,0.00171843,0.001822608,0.001565,0.001536,0,0,1.524e-23,1.178e-24
step0,0,MLP_OUT,u,residual,1024,128-256,3145728,0.0006556971,0.0004045861,0.001316706,0.0006623384,0.0009121203,0.001730101,0.001809075,0.001565,0.001536,0,0,1.524e-23,1.178e-24
step0,0,MLP_OUT,u,residual,1024,256-512,6291456,0.0004387452,0.0002535614,0.0003822645,0.0002807188,0.0003835252,0.0017368,0.001772949,0.001565,0.001536,0,0,1.524e-23,1.178e-24
step0,0,MLP_OUT,u,residual,1024,512-1024,1.258291e+07,0.0003295921,0.0001761922,0.0003668467,0.0001509695,0.0003125598,0.001739684,0.001768271,0.001565,0.001536,0,0,1.524e-23,1.178e-24
step0,0,MLP_OUT,v,hidden,4096,spike,3145728,0.0002886912,0.0003559061,0.0006885529,0.0006318705,0.0006930508,0.001775515,0.001844088,0.001565,0.001558,0,0,1.524e-23,8.299e-24
step0,0,MLP_OUT,v,hidden,4096,32-64,3145728,0.0004350805,0.0003723252,0.0008201599,0.0005250273,0.0005839496,0.001738003,0.001829374,0.001565,0.001558,0,0,1.524e-23,8.299e-24
step0,0,MLP_OUT,v,hidden,4096,64-128,6291456,0.000245033,0.0001854347,0.0008850098,0.0006399768,0.000701157,0.001736959,0.001843748,0.001565,0.001558,0,0,1.524e-23,8.299e-24
step0,0,MLP_OUT,v,hidden,4096,128-256,1.258291e+07,0.0001095903,0.0001404101,0.0005691846,0.0004982611,0.0005654761,0.001783405,0.001814206,0.001565,0.001558,0,0,1.524e-23,8.299e-24
step0,0,MLP_OUT,v,hidden,4096,256-512,2.516582e+07,6.972205e-05,0.0001094967,0.0001613299,0.0001862089,0.0002253806,0.001787208,0.001794792,0.001565,0.001558,0,0,1.524e-23,8.299e-24
step0,0,MLP_OUT,v,hidden,4096,512-1024,5.033165e+07,0.0001100858,7.534127e-05,0.0001897415,0.0001074934,0.0001200659,0.001764925,0.001768893,0.001565,0.001558,0,0,1.524e-23,8.299e-24
step1,1,Q,u,head,1024,spike,786432,0.001997415,0.001821964,0.003262838,0.001536907,0.00178176,0.001712799,0.001916431,0.001565,0.001536,0,0,1.524e-23,1.178e-24
step1,1,Q,u,head,1024,32-64,786432,0.0006319224,0.0003629435,0.001979828,0.001347905,0.001616884,0.001738775,0.001888275,0.001565,0.001536,0,0,1.524e-23,1.178e-24
step1,1,Q,u,head,1024,64-128,1572864,0.0007705331,0.0005555152,0.001739502,0.001340912,0.001609891,0.001738775,0.001831055,0.001565,0.001536,0,0,1.524e-23,1.178e-24
step1,1,Q,u,head,1024,128-256,3145728,0.0005827899,0.0003191593,0.0006300608,0.0003241453,0.000409914,0.001731645,0.001775151,0.001565,0.001536,0,0,1.524e-23,1.178e-24
step1,1,Q,u,head,1024,256-512,6291456,0.0002688748,0.0003223311,0.0003679593,0.0002699448,0.0001762004,0.001760051,0.001756373,0.001565,0.001536,0,0,1.524e-23,1.178e-24
step1,1,Q,u,head,1024,512-1024,1.258291e+07,0.000286879,0.0001475919,0.0002365112,0.0002495908,0.0001292319,0.001742215,0.001755635,0.001565,0.001536,0,0,1.524e-23,1.178e-24
step1,1,Q,v,residual,1024,spike,786432,0.001354948,0.001091318,0.002611796,0.001318659,0.001587638,0.00174695,0.001918066,0.001565,0.001536,0,0,1.524e-23,1.178e-24
step1,1,Q,v,residual,1024,32-64,786432,0.001132731,0.001228586,0.001780192,0.001299971,0.001551082,0.001769475,0.001879919,0.001565,0.001536,0,0,1.524e-23,1.178e-24
step1,1,Q,v,residual,1024,64-128,1572864,0.0004793446,0.0004730734,0.0006936391,0.0003157453,0.000452122,0.001768021,0.001824788,0.001565,0.001536,0,0,1.524e-23,1.178e-24
step1,1,Q,v,residual,1024,128-256,3145728,0.0002330986,0.000357144,0.00041008,0.0004736125,0.0004414233,0.001761573,0.001773562,0.001565,0.001536,0,0,1.524e-23,1.178e-24
step1,1,Q,v,residual,1024,256-512,6291456,0.0002979875,0.0001733394,0.0003277461,0.0001719436,0.0002923048,0.001761527,0.001760324,0.001565,0.001536,0,0,1.524e-23,1.178e-24
step1,1,Q,v,residual,1024,512-1024,1.258291e+07,0.0005786084,0.0003274974,0.0006580353,0.0001663805,0.0004095166,0.001735562,0.001774561,0.001565,0.001536,0,0,1.524e-23,1.178e-24
step1,1,K,u,head,1024,spike,786432,0.001596415,0.001381397,0.003111521,0.001653502,0.001917355,0.001693726,0.001951853,0.001565,0.001536,0,0,1.524e-23,1.178e-24
step1,1,K,u,head,1024,32-64,786432,0.0005662623,0.0005016479,0.001936595,0.001370332,0.001615185,0.001735869,0.001915705,0.001565,0.001536,0,0,1.524e-23,1.178e-24
step1,1,K,u,head,1024,64-128,1572864,0.0007659044,0.001000102,0.0007451375,0.0006508277,0.000885025,0.001752581,0.001836868,0.001565,0.001536,0,0,1.524e-23,1.178e-24
step1,1,K,u,head,1024,128-256,3145728,0.0003316902,0.0003293058,0.0003185272,0.0002762834,0.0004913013,0.001744225,0.001779329,0.001565,0.001536,0,0,1.524e-23,1.178e-24
step1,1,K,u,head,1024,256-512,6291456,0.0002873443,0.0002468464,0.0002317429,0.0003605865,0.0003704239,0.001755646,0.001747404,0.001565,0.001536,0,0,1.524e-23,1.178e-24
step1,1,K,u,head,1024,512-1024,1.258291e+07,0.0002475463,0.0001652171,0.0003135999,0.0004400566,0.0002761499,0.00176214,0.001756452,0.001565,0.001536,0,0,1.524e-23,1.178e-24
step1,1,K,v,residual,1024,spike,786432,0.0006482598,0.0007131634,0.001754761,0.001671304,0.001935157,0.001756577,0.001938956,0.001565,0.001536,0,0,1.524e-23,1.178e-24
step1,1,K,v,residual,1024,32-64,786432,0.001475866,0.001241669,0.002056122,0.001263132,0.001526985,0.001722608,0.001889365,0.001565,0.001536,0,0,1.524e-23,1.178e-24
step1,1,K,v,residual,1024,64-128,1572864,0.0004011433,0.0003965626,0.0006745656,0.000553672,0.0008173025,0.001769929,0.001872926,0.001565,0.001536,0,0,1.524e-23,1.178e-24
step1,1,K,v,residual,1024,128-256,3145728,0.0006142611,0.0003506306,0.0009380976,0.0003238365,0.000587467,0.001743816,0.001780737,0.001565,0.001536,0,0,1.524e-23,1.178e-24
step1,1,K,v,residual,1024,256-512,6291456,0.0004143778,0.0002049788,0.0003452301,0.0004094085,0.0001943905,0.00173017,0.001715842,0.001565,0.001536,0,0,1.524e-23,1.178e-24
step1,1,K,v,residual,1024,512-1024,1.258291e+07,0.0003657495,0.0001265642,0.0003242493,0.0001794596,0.0002648933,0.001760199,0.001766761,0.001565,0.001536,0,0,1.524e-23,1.178e-24
step1,1,V,u,head,1024,spike,786432,0.0006371096,0.0007572978,0.00111262,0.00112978,0.001339179,0.001838866,0.001936413,0.001565,0.001536,0,0,1.524e-23,1.178e-24
step1,1,V,u,head,1024,32-64,786432,0.0003304238,0.0004563262,0.001560211,0.001474981,0.001631707,0.001810528,0.001868657,0.001565,0.001536,0,0,1.524e-23,1.178e-24
step1,1,V,u,head,1024,64-128,1572864,0.0008081749,0.0005445444,0.001086553,0.0006156581,0.000860511,0.001752581,0.00178437,0.001565,0.001536,0,0,1.524e-23,1.178e-24
step1,1,V,u,head,1024,128-256,3145728,0.0006816569,0.000436804,0.0006729762,0.0002951506,0.0004006952,0.001744634,0.001818203,0.001565,0.001536,0,0,1.524e-23,1.178e-24
step1,1,V,u,head,1024,256-512,6291456,0.0005318422,0.0004117498,0.0004145304,0.0003222778,0.0002017968,0.001748902,0.001741477,0.001565,0.001536,0,0,1.524e-23,1.178e-24
step1,1,V,u,head,1024,512-1024,1.258291e+07,0.0003977159,0.0001755245,0.0003378391,0.0002441911,0.0002091022,0.001745417,0.001752638,0.001565,0.001536,0,0,1.524e-23,1.178e-24
step1,1,V,v,residual,1024,spike,786432,0.000804301,0.001019319,0.001597087,0.001620831,0.001865684,0.001678648,0.001934052,0.001565,0.001536,0,0,1.524e-23,1.178e-24
step1,1,V,v,residual,1024,32-64,786432,0.0008016865,0.0005866686,0.002082825,0.001369898,0.001604095,0.001770746,0.001962208,0.001565,0.001536,0,0,1.524e-23,1.178e-24
step1,1,V,v,residual,1024,64-128,1572864,0.00069953,0.0004356772,0.001089732,0.0008466488,0.001080846,0.001720519,0.001821155,0.001565,0.001536,0,0,1.524e-23,1.178e-24
step1,1,V,v,residual,1024,128-256,3145728,0.0005797983,0.0003647804,0.000483195,0.0004640086,0.0003328833,0.001747858,0.001765978,0.001565,0.001536,0,0,1.524e-23,1.178e-24
step1,1,V,v,residual,1024,256-512,6291456,0.0003997945,0.0001486835,0.0002826055,0.0003834747,0.0001904322,0.00174368,0.001741886,0.001565,0.001536,0,0,1.524e-23,1.178e-24
step1,1,V,v,residual,1024,512-1024,1.258291e+07,0.0002842212,0.0001753802,0.0002212524,8.782383e-05,0.0002495378,0.001743703,0.001763174,0.001565,0.001536,0,0,1.524e-23,1.178e-24
step1,1,O,u,residual,1024,spike,786432,0.001015352,0.0008059526,0.002816518,0.002158314,0.002422167,0.001755851,0.001953852,0.001565,0.001536,0,0,1.524e-23,1.178e-24
step1,1,O,u,residual,1024,32-64,786432,0.001391129,0.001234402,0.002152761,0.001682822,0.001946453,0.001784733,0.001842862,0.001565,0.001536,0,0,1.524e-23,1.178e-24
step1,1,O,u,residual,1024,64-128,1572864,0.0002823333,0.0005513123,0.001160304,0.000956388,0.001151483,0.001746496,0.00183278,0.001565,0.001536,0,0,1.524e-23,1.178e-24
step1,1,O,u,residual,1024,128-256,3145728,0.0007918319,0.0005768139,0.001152039,0.0005920268,0.0008446412,0.001733734,0.001793362,0.001565,0.001536,0,0,1.524e-23,1.178e-24
step1,1,O,u,residual,1024,256-512,6291456,0.0003942404,0.0001786549,0.0001896222,0.0004066808,0.0001852503,0.001741023,0.001754783,0.001565,0.001536,0,0,1.524e-23,1.178e-24
step1,1,O,u,residual,1024,512-1024,1.258291e+07,0.0002585136,0.0001189811,0.0002895196,0.0002754592,0.0002732429,0.001762629,0.001758871,0.001565,0.001536,0,0,1.524e-23,1.178e-24
step1,1,O,v,head,1024,spike,786432,0.0005959335,0.0003476929,0.002644857,0.002198583,0.002467562,0.001791636,0.001974015,0.001565,0.001536,0,0,1.524e-23,1.178e-24
step1,1,O,v,head,1024,32-64,786432,0.0004476672,0.0004293125,0.0006853739,0.0004716215,0.0006288402,0.00180417,0.001856304,0.001565,0.001536,0,0,1.524e-23,1.178e-24
step1,1,O,v,head,1024,64-128,1572864,0.0002676709,0.0004276537,0.0009644826,0.0006968117,0.0009062107,0.001758121,0.001853852,0.001565,0.001536,0,0,1.524e-23,1.178e-24
step1,1,O,v,head,1024,128-256,3145728,0.0005100667,0.0002462139,0.000664711,0.0004216082,0.0005920729,0.001746586,0.001791682,0.001565,0.001536,0,0,1.524e-23,1.178e-24
step1,1,O,v,head,1024,256-512,6291456,0.0003501673,0.0001864744,0.0003356934,0.0002110862,0.0004111926,0.001723153,0.001759438,0.001565,0.001536,0,0,1.524e-23,1.178e-24
step1,1,O,v,head,1024,512-1024,1.258291e+07,0.0003311733,0.0001035759,0.0003754298,0.0001308151,0.0003168686,0.001739684,0.001762844,0.001565,0.001536,0,0,1.524e-23,1.178e-24
step1,1,MLP_IN,u,hidden,4096,spike,3145728,0.0008130624,0.0007545322,0.001971881,0.001181825,0.001247707,0.001746859,0.001892226,0.001565,0.001558,0,0,1.524e-23,8.299e-24
step1,1,MLP_IN,u,hidden,4096,32-64,3145728,0.0004283686,0.0003624379,0.001012802,0.0007025858,0.0007698008,0.001748403,0.001866976,0.001565,0.001558,0,0,1.524e-23,8.299e-24
step1,1,MLP_IN,u,hidden,4096,64-128,6291456,0.0002213473,0.0001585776,0.0007472038,0.0005840123,0.0006512273,0.001777127,0.001835142,0.001565,0.001558,0,0,1.524e-23,8.299e-24
step1,1,MLP_IN,u,hidden,4096,128-256,1.258291e+07,0.0002121663,0.0002393702,0.000468413,0.0004853742,0.0005481294,0.001770031,0.001803353,0.001565,0.001558,0,0,1.524e-23,8.299e-24
step1,1,MLP_IN,u,hidden,4096,256-512,2.516582e+07,0.0001148962,9.24888e-05,0.0003703435,0.0002554473,0.0003166276,0.001770621,0.001795973,0.001565,0.001558,0,0,1.524e-23,8.299e-24
step1,1,MLP_IN,u,hidden,4096,512-1024,5.033165e+07,0.0001391751,7.799489e-05,0.0001381437,0.0001321985,7.366838e-05,0.001761905,0.001768671,0.001565,0.001558,0,0,1.524e-23,8.299e-24
step1,1,MLP_IN,v,residual,1024,spike,786432,0.0008184575,0.0005673465,0.001976013,0.001466656,0.001730287,0.001780919,0.001881191,0.001565,0.001536,0,0,1.524e-23,1.178e-24
step1,1,MLP_IN,v,residual,1024,32-64,786432,0.0006442683,0.0008891212,0.001106262,0.001365246,0.001610099,0.001755306,0.001845769,0.001565,0.001536,0,0,1.524e-23,1.178e-24
step1,1,MLP_IN,v,residual,1024,64-128,1572864,0.0006582402,0.0004346855,0.0009403229,0.0004690694,0.000643709,0.001780465,0.001794088,0.001565,0.001536,0,0,1.524e-23,1.178e-24
step1,1,MLP_IN,v,residual,1024,128-256,3145728,0.0003148598,0.000345382,0.0002733866,0.0002638436,0.0004732426,0.001771019,0.001761346,0.001565,0.001536,0,0,1.524e-23,1.178e-24
step1,1,MLP_IN,v,residual,1024,256-512,6291456,0.0005810495,0.0004055984,0.0005741119,0.000186541,0.0002729995,0.001743112,0.001749584,0.001565,0.001536,0,0,1.524e-23,1.178e-24
step1,1,MLP_IN,v,residual,1024,512-1024,1.258291e+07,0.0003336708,0.0002186567,0.0003563563,0.0002136735,0.0002463589,0.001743555,0.001758019,0.001565,0.001536,0,0,1.524e-23,1.178e-24
step1,1,MLP_OUT,u,residual,1024,spike,786432,0.0006262525,0.0006793043,0.001386007,0.001016448,0.001280301,0.001742408,0.001837413,0.001565,0.001536,0,0,1.524e-23,1.178e-24
step1,1,MLP_OUT,u,residual,1024,32-64,786432,0.001374132,0.001123021,0.001734416,0.000697285,0.0009611378,0.001741318,0.001825787,0.001565,0.001536,0,0,1.524e-23,1.178e-24
step1,1,MLP_OUT,u,residual,1024,64-128,1572864,0.0005342716,0.0003262075,0.0008869171,0.0005786082,0.0008475871,0.00171843,0.001773471,0.001565,0.001536,0,0,1.524e-23,1.178e-24
step1,1,MLP_OUT,u,residual,1024,128-256,3145728,0.0006556971,0.0004045861,0.001150131,0.0008124356,0.001076066,0.001730101,0.001806441,0.001565,0.001536,0,0,1.524e-23,1.178e-24
step1,1,MLP_OUT,u,residual,1024,256-512,6291456,0.0004387452,0.0002535614,0.000322183,0.0003408745,0.0001713222,0.0017368,0.001731736,0.001565,0.001536,0,0,1.524e-23,1.178e-24
step1,1,MLP_OUT,u,residual,1024,512-1024,1.258291e+07,0.0003295921,0.0001761922,0.0005118052,0.000242823,0.0004939341,0.001739684,0.001782292,0.001565,0.001536,0,0,1.524e-23,1.178e-24
step1,1,MLP_OUT,v,hidden,4096,spike,3145728,0.0002886912,0.0003559061,0.001111666,0.001102234,0.001160764,0.001775515,0.001896495,0.001565,0.001558,0,0,1.524e-23,8.299e-24
step1,1,MLP_OUT,v,hidden,4096,32-64,3145728,0.0004350805,0.0003723252,0.001140912,0.000893424,0.0009593547,0.001738003,0.00186575,0.001565,0.001558,0,0,1.524e-23,8.299e-24
step1,1,MLP_OUT,v,hidden,4096,64-128,6291456,0.000245033,0.0001854347,0.00101757,0.0008683845,0.000934266,0.001736959,0.001833666,0.001565,0.001558,0,0,1.524e-23,8.299e-24
step1,1,MLP_OUT,v,hidden,4096,128-256,1.258291e+07,0.0001095903,0.0001404101,0.0005350113,0.0004618069,0.0005277376,0.001783405,0.00182279,0.001565,0.001558,0,0,1.524e-23,8.299e-24
step1,1,MLP_OUT,v,hidden,4096,256-512,2.516582e+07,6.972205e-05,0.0001094967,0.000124375,0.0001092238,0.0001392234,0.001787208,0.001792334,0.001565,0.001558,0,0,1.524e-23,8.299e-24
step1,1,MLP_OUT,v,hidden,4096,512-1024,5.033165e+07,0.0001100858,7.534127e-05,8.221467e-05,7.762341e-05,5.934925e-05,0.001764925,0.001772702,0.001565,0.001558,0,0,1.524e-23,8.299e-24
step2,2,Q,u,head,1024,spike,786432,0.001994872,0.001819421,0.003041585,0.001406397,0.001675376,0.001712799,0.001973652,0.001565,0.001536,0,0,1.524e-23,1.178e-24
step2,2,Q,u,head,1024,32-64,786432,0.0006344656,0.0003654866,0.001639048,0.001035684,0.001273562,0.001738775,0.001836323,0.001565,0.001536,0,0,1.524e-23,1.178e-24
step2,2,Q,u,head,1024,64-128,1572864,0.0007686258,0.0005536079,0.001655579,0.0009325247,0.001196377,0.001738775,0.001865205,0.001565,0.001536,0,0,1.524e-23,1.178e-24
step2,2,Q,u,head,1024,128-256,3145728,0.0005850151,0.0003213846,0.0005076726,0.0004491349,0.0002664388,0.001731645,0.00177279,0.001565,0.001536,0,0,1.524e-23,1.178e-24
step2,2,Q,u,head,1024,256-512,6291456,0.0002676033,0.0003213774,0.0004294713,0.0004867867,0.0002231561,0.001760051,0.001751082,0.001565,0.001536,0,0,1.524e-23,1.178e-24
step2,2,Q,u,head,1024,512-1024,1.258291e+07,0.0002878327,0.0001485456,0.0002492269,0.0002179606,0.0002492058,0.001742011,0.00177984,0.001565,0.001536,0,0,1.524e-23,1.178e-24
step2,2,Q,v,residual,1024,spike,786432,0.00135622,0.001092589,0.002746582,0.001672576,0.001936429,0.001747131,0.0020009,0.001565,0.001536,0,0,1.524e-23,1.178e-24
step2,2,Q,v,residual,1024,32-64,786432,0.001134003,0.001229858,0.002254486,0.002143129,0.00240676,0.001769293,0.001920428,0.001565,0.001536,0,0,1.524e-23,1.178e-24
step2,2,Q,v,residual,1024,64-128,1572864,0.0004806162,0.0004743449,0.001146317,0.0007973175,0.001066296,0.001768021,0.00182615,0.001565,0.001536,0,0,1.524e-23,1.178e-24
step2,2,Q,v,residual,1024,128-256,3145728,0.0002359596,0.0003596872,0.0006863276,0.0006073931,0.0005136148,0.0017618,0.001784415,0.001565,0.001536,0,0,1.524e-23,1.178e-24
step2,2,Q,v,residual,1024,256-512,6291456,0.0002959212,0.0001755646,0.0003649394,0.0004583537,0.0002085579,0.001761573,0.00175106,0.001565,0.001536,0,0,1.524e-23,1.178e-24
step2,2,Q,v,residual,1024,512-1024,1.258291e+07,0.00057988,0.000328769,0.0005886555,9.696156e-05,0.0002966812,0.001735642,0.001780135,0.001565,0.001536,0,0,1.524e-23,1.178e-24
step2,2,K,u,head,1024,spike,786432,0.001596415,0.001381397,0.003201803,0.002032429,0.002296282,0.001693726,0.001949492,0.001565,0.001536,0,0,1.524e-23,1.178e-24
step2,2,K,u,head,1024,32-64,786432,0.0005637192,0.0004991048,0.00129954,0.000833505,0.001042904,0.001736051,0.001919338,0.001565,0.001536,0,0,1.524e-23,1.178e-24
step2,2,K,u,head,1024,64-128,1572864,0.0007690833,0.001003281,0.0007400513,0.0004484472,0.0006933001,0.001752581,0.001832326,0.001565,0.001536,0,0,1.524e-23,1.178e-24
step2,2,K,u,head,1024,128-256,3145728,0.0003301007,0.0003325948,0.0003000895,0.0002061066,0.0004572176,0.00174427,0.001762526,0.001565,0.001536,0,0,1.524e-23,1.178e-24
step2,2,K,u,head,1024,256-512,6291456,0.0002865496,0.000247959,0.0003202756,0.0003820698,0.0001670519,0.001755442,0.001741296,0.001565,0.001536,0,0,1.524e-23,1.178e-24
step2,2,K,u,head,1024,512-1024,1.258291e+07,0.0002479437,0.0001659323,0.0004115899,0.0002014483,0.0004650788,0.001762106,0.001765978,0.001565,0.001536,0,0,1.524e-23,1.178e-24
step2,2,K,v,residual,1024,spike,786432,0.0006482598,0.0007131634,0.001237233,0.0009619332,0.001171332,0.001756577,0.001926967,0.001565,0.001536,0,0,1.524e-23,1.178e-24
step2,2,K,v,residual,1024,32-64,786432,0.001469508,0.001235311,0.002432505,0.0009629971,0.001201401,0.001722608,0.001871926,0.001565,0.001536,0,0,1.524e-23,1.178e-24
step2,2,K,v,residual,1024,64-128,1572864,0.0004024149,0.0003997415,0.001028061,0.000902081,0.001165712,0.001769293,0.00183714,0.001565,0.001536,0,0,1.524e-23,1.178e-24
step2,2,K,v,residual,1024,128-256,3145728,0.0006136254,0.0003499948,0.0007543564,0.0004185601,0.0005940112,0.001743725,0.001775197,0.001565,0.001536,0,0,1.524e-23,1.178e-24
step2,2,K,v,residual,1024,256-512,6291456,0.0004127884,0.0002033894,0.0002835592,0.0003643496,0.0002293289,0.001730147,0.001733303,0.001565,0.001536,0,0,1.524e-23,1.178e-24
step2,2,K,v,residual,1024,512-1024,1.258291e+07,0.0003663853,0.0001263258,0.0004327297,0.0002655545,0.0003494512,0.001760256,0.001767408,0.001565,0.001536,0,0,1.524e-23,1.178e-24
step2,2,V,u,head,1024,spike,786432,0.0006358381,0.0007687419,0.001424154,0.001560642,0.001811753,0.001838866,0.001871381,0.001565,0.001536,0,0,1.524e-23,1.178e-24
step2,2,V,u,head,1024,32-64,786432,0.0003316954,0.0004550546,0.001505534,0.001518879,0.001768201,0.001810528,0.001872471,0.001565,0.001536,0,0,1.524e-23,1.178e-24
step2,2,V,u,head,1024,64-128,1572864,0.0008030887,0.0005394581,0.001358668,0.000938,0.001182853,0.001753126,0.001814706,0.001565,0.001536,0,0,1.524e-23,1.178e-24
step2,2,V,u,head,1024,128-256,3145728,0.0006864253,0.0004415723,0.0005296071,0.0003016332,0.0002981974,0.001744724,0.001751763,0.001565,0.001536,0,0,1.524e-23,1.178e-24
step2,2,V,u,head,1024,256-512,6291456,0.0005323191,0.0004100014,0.0004998843,0.0004404846,0.0001893736,0.001749016,0.00173403,0.001565,0.001536,0,0,1.524e-23,1.178e-24
step2,2,V,u,head,1024,512-1024,1.258291e+07,0.0003972391,0.0001774319,0.0003346602,0.0001015164,0.0002587351,0.001745303,0.001773482,0.001565,0.001536,0,0,1.524e-23,1.178e-24
step2,2,V,v,residual,1024,spike,786432,0.0008030295,0.001018047,0.001026154,0.001088927,0.00135278,0.001678648,0.00186575,0.001565,0.001536,0,0,1.524e-23,1.178e-24
step2,2,V,v,residual,1024,32-64,786432,0.0007991434,0.0005841255,0.002319336,0.001615059,0.001810154,0.001770746,0.001868112,0.001565,0.001536,0,0,1.524e-23,1.178e-24
step2,2,V,v,residual,1024,64-128,1572864,0.0007039804,0.0004401277,0.001098633,0.0007121226,0.0009811015,0.001720519,0.001841227,0.001565,0.001536,0,0,1.524e-23,1.178e-24
step2,2,V,v,residual,1024,128-256,3145728,0.0005766194,0.0003616014,0.0009218852,0.000446808,0.0006419032,0.001747813,0.001773562,0.001565,0.001536,0,0,1.524e-23,1.178e-24
step2,2,V,v,residual,1024,256-512,6291456,0.0003999535,0.0001488424,0.0002524058,0.0005479808,0.0002843502,0.001743703,0.001717953,0.001565,0.001536,0,0,1.524e-23,1.178e-24
step2,2,V,v,residual,1024,512-1024,1.258291e+07,0.0002834264,0.0001745854,0.0003259182,0.0001401008,0.0004039535,0.001743771,0.001773891,0.001565,0.001536,0,0,1.524e-23,1.178e-24
step2,2,O,u,residual,1024,spike,786432,0.001002636,0.0007932369,0.002409617,0.001977707,0.002211904,0.001755487,0.001857576,0.001565,0.001536,0,0,1.524e-23,1.178e-24
step2,2,O,u,residual,1024,32-64,786432,0.001378413,0.001221687,0.001823425,0.001437725,0.001682578,0.001784915,0.001835051,0.001565,0.001536,0,0,1.524e-23,1.178e-24
step2,2,O,u,residual,1024,64-128,1572864,0.0002988637,0.0005678426,0.0007826487,0.0005586392,0.0007928365,0.001746223,0.001842771,0.001565,0.001536,0,0,1.524e-23,1.178e-24
step2,2,O,u,residual,1024,128-256,3145728,0.0007902424,0.0005752245,0.0006443659,0.0004837268,0.0002495296,0.001733099,0.001776877,0.001565,0.001536,0,0,1.524e-23,1.178e-24
step2,2,O,u,residual,1024,256-512,6291456,0.0004075918,0.0001858075,0.0003798803,0.000363781,0.0002737849,0.001740365,0.001752445,0.001565,0.001536,0,0,1.524e-23,1.178e-24
step2,2,O,u,residual,1024,512-1024,1.258291e+07,0.0002635204,0.000119299,0.0002086163,0.0002854819,0.0001385213,0.001762833,0.001744089,0.001565,0.001536,0,0,1.524e-23,1.178e-24
step2,2,O,v,head,1024,spike,786432,0.0005984405,0.0003397362,0.002321879,0.002071426,0.002340405,0.001791454,0.001949674,0.001565,0.001536,0,0,1.524e-23,1.178e-24
step2,2,O,v,head,1024,32-64,786432,0.0004707181,0.0004547438,0.001813253,0.001705711,0.001969341,0.001805442,0.00188882,0.001565,0.001536,0,0,1.524e-23,1.178e-24
step2,2,O,v,head,1024,64-128,1572864,0.000288016,0.0004289253,0.0008500417,0.0007691285,0.001032981,0.001756396,0.001854488,0.001565,0.001536,0,0,1.524e-23,1.178e-24
step2,2,O,v,head,1024,128-256,3145728,0.0005222499,0.0002532709,0.0007616679,0.0002801663,0.0005308824,0.001747949,0.001756668,0.001565,0.001536,0,0,1.524e-23,1.178e-24
step2,2,O,v,head,1024,256-512,6291456,0.00034222,0.0001750303,0.0001948675,0.000359789,0.0001321348,0.001723494,0.001772767,0.001565,0.001536,0,0,1.524e-23,1.178e-24
step2,2,O,v,head,1024,512-1024,1.258291e+07,0.00034222,0.0001034817,0.0002058347,0.0002398645,0.0001848548,0.001739434,0.001760006,0.001565,0.001536,0,0,1.524e-23,1.178e-24
step2,2,MLP_IN,u,hidden,4096,spike,3145728,0.0008130624,0.0007545322,0.00183932,0.001053079,0.001118961,0.001746859,0.001872744,0.001565,0.001558,0,0,1.524e-23,8.299e-24
step2,2,MLP_IN,u,hidden,4096,32-64,3145728,0.0004248718,0.000358941,0.001416842,0.0009919704,0.001057901,0.001748448,0.001848402,0.001565,0.001558,0,0,1.524e-23,8.299e-24
step2,2,MLP_IN,u,hidden,4096,64-128,6291456,0.0002218242,0.0001612796,0.0006004969,0.0003860693,0.000452,0.001777172,0.001828171,0.001565,0.001558,0,0,1.524e-23,8.299e-24
step2,2,MLP_IN,u,hidden,4096,128-256,1.258291e+07,0.0002100205,0.0002372245,0.0004372597,0.0004036273,0.0004695087,0.001770167,0.001824356,0.001565,0.001558,0,0,1.524e-23,8.299e-24
step2,2,MLP_IN,u,hidden,4096,256-512,2.516582e+07,0.0001158499,9.288617e-05,0.0002212922,0.0001687056,0.0002272357,0.001770582,0.001789655,0.001565,0.001558,0,0,1.524e-23,8.299e-24
step2,2,MLP_IN,u,hidden,4096,512-1024,5.033165e+07,0.0001375459,7.63657e-05,0.0001115799,9.322521e-05,5.195828e-05,0.001761786,0.001773885,0.001565,0.001558,0,0,1.524e-23,8.299e-24
step2,2,MLP_IN,v,residual,1024,spike,786432,0.0008184575,0.0005673465,0.001266479,0.0008810657,0.001038284,0.001780919,0.001900809,0.001565,0.001536,0,0,1.524e-23,1.178e-24
step2,2,MLP_IN,v,residual,1024,32-64,786432,0.0006468114,0.0008916644,0.000957489,0.000953136,0.001092423,0.001755306,0.00182942,0.001565,0.001536,0,0,1.524e-23,1.178e-24
step2,2,MLP_IN,v,residual,1024,64-128,1572864,0.0006601476,0.0004378644,0.001119614,0.0007027603,0.0009476133,0.001780465,0.001841318,0.001565,0.001536,0,0,1.524e-23,1.178e-24
step2,2,MLP_IN,v,residual,1024,128-256,3145728,0.0003129525,0.0003463357,0.0004615784,0.0002499602,0.0003892472,0.001771064,0.00177665,0.001565,0.001536,0,0,1.524e-23,1.178e-24
step2,2,MLP_IN,v,residual,1024,256-512,6291456,0.0005832747,0.0004078237,0.0005971591,0.0002172851,0.000237957,0.001743249,0.001760551,0.001565,0.001536,0,0,1.524e-23,1.178e-24
step2,2,MLP_IN,v,residual,1024,512-1024,1.258291e+07,0.0003339093,0.0002198488,0.000235796,0.0002088302,0.000225537,0.00174343,0.001759552,0.001565,0.001536,0,0,1.524e-23,1.178e-24
step2,2,MLP_OUT,u,residual,1024,spike,786432,0.0006122652,0.0006538729,0.00214386,0.001787017,0.00205087,0.00174259,0.001980736,0.001565,0.001536,0,0,1.524e-23,1.178e-24
step2,2,MLP_OUT,u,residual,1024,32-64,786432,0.001337256,0.001086145,0.002357483,0.001439879,0.001703732,0.001742408,0.001833416,0.001565,0.001536,0,0,1.524e-23,1.178e-24
step2,2,MLP_OUT,u,residual,1024,64-128,1572864,0.0005260064,0.0003166708,0.000521342,0.0003203636,0.0005224476,0.001717068,0.001806259,0.001565,0.001536,0,0,1.524e-23,1.178e-24
step2,2,MLP_OUT,u,residual,1024,128-256,3145728,0.0006572866,0.0004061755,0.0005467733,0.0002891518,0.0004463705,0.001729738,0.001768339,0.001565,0.001536,0,0,1.524e-23,1.178e-24
step2,2,MLP_OUT,u,residual,1024,256-512,6291456,0.0004250759,0.0002545151,0.0003596942,0.0002967977,0.0001864434,0.001736982,0.001765297,0.001565,0.001536,0,0,1.524e-23,1.178e-24
step2,2,MLP_OUT,u,residual,1024,512-1024,1.258291e+07,0.0003317379,0.0001778612,0.0002286434,0.0002967698,0.000217958,0.001739945,0.001751366,0.001565,0.001536,0,0,1.524e-23,1.178e-24
step2,2,MLP_OUT,v,hidden,4096,spike,3145728,0.0002839228,0.0003511378,0.0009539922,0.0009777392,0.001043621,0.001775106,0.001846359,0.001565,0.001558,0,0,1.524e-23,8.299e-24
step2,2,MLP_OUT,v,hidden,4096,32-64,3145728,0.0004125102,0.000349755,0.001058261,0.0009418147,0.001002995,0.001738094,0.001859529,0.001565,0.001558,0,0,1.524e-23,8.299e-24
step2,2,MLP_OUT,v,hidden,4096,64-128,6291456,0.000248053,0.0001967198,0.0009792646,0.0007451277,0.0008110584,0.001737072,0.001855055,0.001565,0.001558,0,0,1.524e-23,8.299e-24
step2,2,MLP_OUT,v,hidden,4096,128-256,1.258291e+07,0.0001077624,0.0001385822,0.0005320708,0.0004634759,0.0005294066,0.001783098,0.001819531,0.001565,0.001558,0,0,1.524e-23,8.299e-24
step2,2,MLP_OUT,v,hidden,4096,256-512,2.516582e+07,6.499342e-05,0.0001025825,0.0001934369,0.0001294829,0.0001915277,0.001787611,0.001783411,0.001565,0.001558,0,0,1.524e-23,8.299e-24
step2,2,MLP_OUT,v,hidden,4096,512-1024,5.033165e+07,0.000107483,7.579824e-05,6.842613e-05,6.159782e-05,8.553367e-05,0.001765169,0.001780734,0.001565,0.001558,0,0,1.524e-23,8.299e-24
step4,4,Q,u,head,1024,spike,786432,0.001991057,0.001815606,0.003958384,0.002367701,0.00263668,0.001713707,0.001912617,0.001565,0.001536,0,0,1.524e-23,1.178e-24
step4,4,Q,u,head,1024,32-64,786432,0.0006141205,0.0003451416,0.00186793,0.001340771,0.001604402,0.001738957,0.001838684,0.001565,0.001536,0,0,1.524e-23,1.178e-24
step4,4,Q,u,head,1024,64-128,1572864,0.0007730763,0.0005580584,0.001520157,0.0007996009,0.001033798,0.001736596,0.001840046,0.001565,0.001536,0,0,1.524e-23,1.178e-24
step4,4,Q,u,head,1024,128-256,3145728,0.0005812004,0.0003175699,0.0007925034,0.0002554356,0.0004749335,0.001732236,0.001793453,0.001565,0.001536,0,0,1.524e-23,1.178e-24
step4,4,Q,u,head,1024,256-512,6291456,0.0002747558,0.0003247153,0.0004123052,0.0003513058,0.000216463,0.001761255,0.001750492,0.001565,0.001536,0,0,1.524e-23,1.178e-24
step4,4,Q,u,head,1024,512-1024,1.258291e+07,0.0002861638,0.0001468767,0.0002723535,0.0001817607,0.000225537,0.00174192,0.001768737,0.001565,0.001536,0,0,1.524e-23,1.178e-24
step4,4,Q,v,residual,1024,spike,786432,0.001344776,0.001081145,0.003171285,0.00203747,0.002271667,0.001747131,0.001980373,0.001565,0.001536,0,0,1.524e-23,1.178e-24
step4,4,Q,v,residual,1024,32-64,786432,0.001150533,0.001246388,0.001060486,0.0008702919,0.001133922,0.001771291,0.00180417,0.001565,0.001536,0,0,1.524e-23,1.178e-24
step4,4,Q,v,residual,1024,64-128,1572864,0.0005111337,0.0004794312,0.001564662,0.001203583,0.001472562,0.001768203,0.001846677,0.001565,0.001536,0,0,1.524e-23,1.178e-24
step4,4,Q,v,residual,1024,128-256,3145728,0.0002369133,0.0003612766,0.0003687541,0.0002144791,0.000459332,0.001762436,0.00178378,0.001565,0.001536,0,0,1.524e-23,1.178e-24
step4,4,Q,v,residual,1024,256-512,6291456,0.0002956033,0.000180333,0.0001556079,0.0004175861,0.0002608597,0.001761641,0.001740024,0.001565,0.001536,0,0,1.524e-23,1.178e-24
step4,4,Q,v,residual,1024,512-1024,1.258291e+07,0.0005755885,0.0003244774,0.0004417896,0.0001783525,0.0002432673,0.001735858,0.001777013,0.001565,0.001536,0,0,1.524e-23,1.178e-24
step4,4,K,u,head,1024,spike,786432,0.00162439,0.001409372,0.003157298,0.001553211,0.00176261,0.001692636,0.001851763,0.001565,0.001536,0,0,1.524e-23,1.178e-24
step4,4,K,u,head,1024,32-64,786432,0.0005624476,0.0005156351,0.001542409,0.001141135,0.001404766,0.001734234,0.001870655,0.001565,0.001536,0,0,1.524e-23,1.178e-24
step4,4,K,u,head,1024,64-128,1572864,0.0007690833,0.001003281,0.0006408691,0.0003681574,0.000483846,0.001754125,0.001769111,0.001565,0.001536,0,0,1.524e-23,1.178e-24
step4,4,K,u,head,1024,128-256,3145728,0.0003285112,0.0003334384,0.0007079442,0.0005167938,0.0007616468,0.001743771,0.001809029,0.001565,0.001536,0,0,1.524e-23,1.178e-24
step4,4,K,u,head,1024,256-512,6291456,0.0002917948,0.0002406475,0.0002306302,0.0003701909,0.0001607919,0.001755033,0.001746609,0.001565,0.001536,0,0,1.524e-23,1.178e-24
step4,4,K,u,head,1024,512-1024,1.258291e+07,0.000252688,0.0001656939,0.0001437664,0.0002293026,0.0001493225,0.001762833,0.001764979,0.001565,0.001536,0,0,1.524e-23,1.178e-24
step4,4,K,v,residual,1024,spike,786432,0.0006686048,0.0007335084,0.001848857,0.001726056,0.001989686,0.001757122,0.001859937,0.001565,0.001536,0,0,1.524e-23,1.178e-24
step4,4,K,v,residual,1024,32-64,786432,0.001468237,0.001234039,0.002243042,0.001235546,0.001480399,0.00172388,0.001964751,0.001565,0.001536,0,0,1.524e-23,1.178e-24
step4,4,K,v,residual,1024,64-128,1572864,0.000404958,0.0003927479,0.000585556,0.0003540362,0.0006176667,0.00177002,0.001841046,0.001565,0.001536,0,0,1.524e-23,1.178e-24
step4,4,K,v,residual,1024,128-256,3145728,0.0005948698,0.0003312392,0.0004603068,0.0003388366,0.0003330524,0.001744952,0.001779693,0.001565,0.001536,0,0,1.524e-23,1.178e-24
step4,4,K,v,residual,1024,256-512,6291456,0.0004105631,0.0002011641,0.0002207756,0.0003158135,0.0001491796,0.001730079,0.0017519,0.001565,0.001536,0,0,1.524e-23,1.178e-24
step4,4,K,v,residual,1024,512-1024,1.258291e+07,0.0003652727,0.0001306173,0.0002484322,0.0001967811,0.0001970442,0.001760426,0.001758507,0.001565,0.001536,0,0,1.524e-23,1.178e-24
step4,4,V,u,head,1024,spike,786432,0.00063825,0.0007687419,0.001678467,0.001466161,0.00173514,0.001837413,0.00191625,0.001565,0.001536,0,0,1.524e-23,1.178e-24
step4,4,V,u,head,1024,32-64,786432,0.0003291522,0.0004664987,0.001377106,0.001482691,0.00175167,0.001808348,0.00193714,0.001565,0.001536,0,0,1.524e-23,1.178e-24
step4,4,V,u,head,1024,64-128,1572864,0.0007782931,0.0005263478,0.001042684,0.0003656142,0.0006002676,0.001752308,0.001841681,0.001565,0.001536,0,0,1.524e-23,1.178e-24
step4,4,V,u,head,1024,128-256,3145728,0.0006902399,0.000445387,0.0007845561,0.0002280609,0.0004385313,0.001744316,0.001747222,0.001565,0.001536,0,0,1.524e-23,1.178e-24
step4,4,V,u,head,1024,256-512,6291456,0.0005340675,0.000408253,0.0004768372,0.0004195128,0.0002646235,0.001749743,0.001752876,0.001565,0.001536,0,0,1.524e-23,1.178e-24
step4,4,V,u,head,1024,512-1024,1.258291e+07,0.0003966828,0.0001680541,0.0004170736,0.0001744095,0.0003175665,0.001745247,0.001785097,0.001565,0.001536,0,0,1.524e-23,1.178e-24
step4,4,V,v,residual,1024,spike,786432,0.0007928569,0.001007875,0.001449585,0.001418425,0.00165287,0.001679193,0.001972743,0.001565,0.001536,0,0,1.524e-23,1.178e-24
step4,4,V,v,residual,1024,32-64,786432,0.0007927855,0.0005777676,0.001814524,0.001199627,0.001463258,0.001771654,0.001885914,0.001565,0.001536,0,0,1.524e-23,1.178e-24
step4,4,V,v,residual,1024,64-128,1572864,0.0006899932,0.0004261405,0.001415253,0.0007890523,0.001058031,0.001721791,0.001799084,0.001565,0.001536,0,0,1.524e-23,1.178e-24
step4,4,V,v,residual,1024,128-256,3145728,0.0005785267,0.0003635088,0.0009892782,0.0005707126,0.0007099997,0.001746314,0.001760664,0.001565,0.001536,0,0,1.524e-23,1.178e-24
step4,4,V,v,residual,1024,256-512,6291456,0.0003951851,0.000144074,0.0003522237,0.0003996872,0.0002271226,0.001743203,0.00173596,0.001565,0.001536,0,0,1.524e-23,1.178e-24
step4,4,V,v,residual,1024,512-1024,1.258291e+07,0.0002926453,0.0001838043,0.0004669825,0.0002290742,0.0004801853,0.001743373,0.001770905,0.001565,0.001536,0,0,1.524e-23,1.178e-24
step4,4,O,u,residual,1024,spike,786432,0.001036968,0.0008275692,0.002816518,0.002187139,0.002456118,0.001750401,0.001971835,0.001565,0.001536,0,0,1.524e-23,1.178e-24
step4,4,O,u,residual,1024,32-64,786432,0.00137587,0.001219143,0.002685547,0.001356976,0.001581514,0.001782372,0.001893906,0.001565,0.001536,0,0,1.524e-23,1.178e-24
step4,4,O,u,residual,1024,64-128,1572864,0.0002619783,0.0005131653,0.0006535848,0.0005875091,0.0008564881,0.001742318,0.001849492,0.001565,0.001536,0,0,1.524e-23,1.178e-24
step4,4,O,u,residual,1024,128-256,3145728,0.0007892887,0.0005742708,0.001036008,0.0003437446,0.0005779418,0.001731691,0.001786868,0.001565,0.001536,0,0,1.524e-23,1.178e-24
step4,4,O,u,residual,1024,256-512,6291456,0.0004505072,0.0002163099,0.000301679,0.0004586613,0.0002832102,0.001738389,0.001773448,0.001565,0.001536,0,0,1.524e-23,1.178e-24
step4,4,O,u,residual,1024,512-1024,1.258291e+07,0.0002341608,0.0001206501,0.0004502138,0.000216053,0.0004850319,0.001764536,0.001771927,0.001565,0.001536,0,0,1.524e-23,1.178e-24
step4,4,O,v,head,1024,spike,786432,0.0005682193,0.0003731242,0.001753489,0.001326873,0.001536272,0.001791636,0.00189209,0.001565,0.001536,0,0,1.524e-23,1.178e-24
step4,4,O,v,head,1024,32-64,786432,0.0004903574,0.0004216831,0.002190908,0.001747346,0.001922797,0.001799447,0.001814161,0.001565,0.001536,0,0,1.524e-23,1.178e-24
step4,4,O,v,head,1024,64-128,1572864,0.0002727118,0.000447363,0.0005321503,0.0003514028,0.0006018582,0.001762572,0.001811255,0.001565,0.001536,0,0,1.524e-23,1.178e-24
step4,4,O,v,head,1024,128-256,3145728,0.0005800028,0.00031615,0.0006653468,0.0003848174,0.0004686617,0.001743271,0.001771291,0.001565,0.001536,0,0,1.524e-23,1.178e-24
step4,4,O,v,head,1024,256-512,6291456,0.0003633598,0.0001683545,0.000172774,0.0003224551,0.0002072421,0.001725696,0.00176046,0.001565,0.001536,0,0,1.524e-23,1.178e-24
step4,4,O,v,head,1024,512-1024,1.258291e+07,0.0003527899,9.421858e-05,0.0003217061,0.0002447307,0.0002704772,0.001736062,0.001786277,0.001565,0.001536,0,0,1.524e-23,1.178e-24
step4,4,MLP_IN,u,hidden,4096,spike,3145728,0.0008060687,0.0007475386,0.001647631,0.00112651,0.00118769,0.001747676,0.001867385,0.001565,0.001558,0,0,1.524e-23,8.299e-24
step4,4,MLP_IN,u,hidden,4096,32-64,3145728,0.0004226465,0.0003567158,0.0009301503,0.0005075038,0.0005734345,0.001748403,0.001836913,0.001565,0.001558,0,0,1.524e-23,8.299e-24
step4,4,MLP_IN,u,hidden,4096,64-128,6291456,0.0002272283,0.0001684322,0.001015027,0.0008240875,0.0008868427,0.001776854,0.001852512,0.001565,0.001558,0,0,1.524e-23,8.299e-24
step4,4,MLP_IN,u,hidden,4096,128-256,1.258291e+07,0.000217204,0.0002411622,0.0004115899,0.0003266792,0.0003938942,0.001769668,0.001826468,0.001565,0.001558,0,0,1.524e-23,8.299e-24
step4,4,MLP_IN,u,hidden,4096,256-512,2.516582e+07,0.000122009,9.050198e-05,0.0002708038,0.0002184954,0.0002770255,0.001770116,0.001803018,0.001565,0.001558,0,0,1.524e-23,8.299e-24
step4,4,MLP_IN,u,hidden,4096,512-1024,5.033165e+07,0.0001362346,7.50544e-05,0.0001719395,7.716363e-05,0.0001146009,0.001762035,0.001776184,0.001565,0.001558,0,0,1.524e-23,8.299e-24
step4,4,MLP_IN,v,residual,1024,spike,786432,0.0008146428,0.0005635318,0.002206167,0.001391524,0.001642635,0.001782917,0.001835051,0.001565,0.001536,0,0,1.524e-23,1.178e-24
step4,4,MLP_IN,v,residual,1024,32-64,786432,0.0006938594,0.0009387123,0.001022339,0.0009988506,0.001218811,0.001754034,0.001817612,0.001565,0.001536,0,0,1.524e-23,1.178e-24
step4,4,MLP_IN,v,residual,1024,64-128,1572864,0.0006518824,0.0004321424,0.00118955,0.0005581225,0.000821753,0.001780465,0.00178655,0.001565,0.001536,0,0,1.524e-23,1.178e-24
step4,4,MLP_IN,v,residual,1024,128-256,3145728,0.000320264,0.0003584156,0.0005369186,0.0002354547,0.0004648458,0.001771518,0.001792862,0.001565,0.001536,0,0,1.524e-23,1.178e-24
step4,4,MLP_IN,v,residual,1024,256-512,6291456,0.0005671067,0.0003907183,0.0003685951,0.0003327284,0.0003148504,0.001743317,0.001735596,0.001565,0.001536,0,0,1.524e-23,1.178e-24
step4,4,MLP_IN,v,residual,1024,512-1024,1.258291e+07,0.0003353398,0.000226445,0.0002233982,0.0002415279,0.0001403126,0.001743782,0.001761016,0.001565,0.001536,0,0,1.524e-23,1.178e-24
step4,4,MLP_OUT,u,residual,1024,spike,786432,0.0006211662,0.0006602308,0.00116984,0.001032557,0.001301536,0.001744043,0.001990727,0.001565,0.001536,0,0,1.524e-23,1.178e-24
step4,4,MLP_OUT,u,residual,1024,32-64,786432,0.001288827,0.001025196,0.001796722,0.001089316,0.001334169,0.001738049,0.001862299,0.001565,0.001536,0,0,1.524e-23,1.178e-24
step4,4,MLP_OUT,u,residual,1024,64-128,1572864,0.0005145533,0.0003478242,0.001292547,0.0008873841,0.001151237,0.001713253,0.00179536,0.001565,0.001536,0,0,1.524e-23,1.178e-24
step4,4,MLP_OUT,u,residual,1024,128-256,3145728,0.000559376,0.000308265,0.000559171,0.0001681188,0.0002588865,0.00172824,0.001780101,0.001565,0.001536,0,0,1.524e-23,1.178e-24
step4,4,MLP_OUT,u,residual,1024,256-512,6291456,0.0004520966,0.0002683433,0.0003609657,0.0002803866,0.0001388918,0.001736368,0.001749016,0.001565,0.001536,0,0,1.524e-23,1.178e-24
step4,4,MLP_OUT,u,residual,1024,512-1024,1.258291e+07,0.0003283205,0.0001413028,0.0002394517,0.0001793766,0.000234937,0.001741716,0.001772778,0.001565,0.001536,0,0,1.524e-23,1.178e-24
step4,4,MLP_OUT,v,hidden,4096,spike,3145728,0.0002993589,0.0003652403,0.001017253,0.001222516,0.001288397,0.001776287,0.001874787,0.001565,0.001558,0,0,1.524e-23,8.299e-24
step4,4,MLP_OUT,v,hidden,4096,32-64,3145728,0.0004080597,0.0003453045,0.001214981,0.0009805478,0.001032244,0.001737413,0.001863162,0.001565,0.001558,0,0,1.524e-23,8.299e-24
step4,4,MLP_OUT,v,hidden,4096,64-128,6291456,0.0002622309,0.0002229459,0.0008649826,0.0006660386,0.0007098897,0.001735619,0.001819565,0.001565,0.001558,0,0,1.524e-23,8.299e-24
step4,4,MLP_OUT,v,hidden,4096,128-256,1.258291e+07,0.0001424126,0.0001732324,0.0005047321,0.0004485294,0.0005144108,0.001785346,0.001824379,0.001565,0.001558,0,0,1.524e-23,8.299e-24
step4,4,MLP_OUT,v,hidden,4096,256-512,2.516582e+07,7.651698e-05,0.0001148214,0.0001398722,0.0001032118,0.0001472066,0.001786879,0.001792936,0.001565,0.001558,0,0,1.524e-23,8.299e-24
step4,4,MLP_OUT,v,hidden,4096,512-1024,5.033165e+07,9.977416e-05,6.967883e-05,7.790327e-05,4.784718e-05,7.016147e-05,0.001766105,0.001771195,0.001565,0.001558,0,0,1.524e-23,8.299e-24
step8,8,Q,u,head,1024,spike,786432,0.002005044,0.001829593,0.004095713,0.002286816,0.002550447,0.001711528,0.001956213,0.001565,0.001536,0,0,1.524e-23,1.178e-24
step8,8,Q,u,head,1024,32-64,786432,0.0005819101,0.0003409656,0.001757304,0.001456614,0.001671632,0.001738775,0.001920791,0.001565,0.001536,0,0,1.524e-23,1.178e-24
step8,8,Q,u,head,1024,64-128,1572864,0.0007552744,0.0005402564,0.001692454,0.001014171,0.001153458,0.001740683,0.001875015,0.001565,0.001536,0,0,1.524e-23,1.178e-24
step8,8,Q,u,head,1024,128-256,3145728,0.0005605402,0.0003156873,0.001132647,0.0007172088,0.0009861878,0.001733144,0.001788049,0.001565,0.001536,0,0,1.524e-23,1.178e-24
step8,8,Q,u,head,1024,256-512,6291456,0.0003062271,0.0003143838,0.000234286,0.0003295405,0.000201119,0.001761732,0.001753171,0.001565,0.001536,0,0,1.524e-23,1.178e-24
step8,8,Q,u,head,1024,512-1024,1.258291e+07,0.0002558051,0.0001411274,0.0002338886,0.0001763601,0.0002473999,0.001742034,0.001768896,0.001565,0.001536,0,0,1.524e-23,1.178e-24
step8,8,Q,v,residual,1024,spike,786432,0.001362578,0.001098947,0.003374736,0.002160821,0.002411932,0.001743862,0.002025423,0.001565,0.001536,0,0,1.524e-23,1.178e-24
step8,8,Q,v,residual,1024,32-64,786432,0.001136546,0.001232401,0.001736959,0.00140004,0.001669019,0.001775106,0.00195149,0.001565,0.001536,0,0,1.524e-23,1.178e-24
step8,8,Q,v,residual,1024,64-128,1572864,0.0004862033,0.0004387411,0.000928243,0.0006991924,0.0009630451,0.001766659,0.001839047,0.001565,0.001536,0,0,1.524e-23,1.178e-24
step8,8,Q,v,residual,1024,128-256,3145728,0.0002402902,0.0003178272,0.0003763835,0.0003349447,0.0002190061,0.001761709,0.001791591,0.001565,0.001536,0,0,1.524e-23,1.178e-24
step8,8,Q,v,residual,1024,256-512,6291456,0.0002713087,0.0002131499,0.000333945,0.0003088776,0.0002367649,0.001762844,0.001740637,0.001565,0.001536,0,0,1.524e-23,1.178e-24
step8,8,Q,v,residual,1024,512-1024,1.258291e+07,0.0005609532,0.0002983308,0.0004905065,0.0001194576,0.0002567769,0.001735551,0.001789933,0.001565,0.001536,0,0,1.524e-23,1.178e-24
step8,8,K,u,head,1024,spike,786432,0.001637105,0.001422087,0.00255839,0.001291269,0.001500668,0.001694271,0.00193169,0.001565,0.001536,0,0,1.524e-23,1.178e-24
step8,8,K,u,head,1024,32-64,786432,0.0005645295,0.0005474243,0.001728058,0.0012063,0.001451153,0.001735142,0.001896449,0.001565,0.001536,0,0,1.524e-23,1.178e-24
step8,8,K,u,head,1024,64-128,1572864,0.0007080482,0.0009422454,0.0009670258,0.001289403,0.001504421,0.001753762,0.001861936,0.001565,0.001536,0,0,1.524e-23,1.178e-24
step8,8,K,u,head,1024,128-256,3145728,0.0003162629,0.0003851565,0.0002616247,0.0003981295,0.0002409108,0.001745814,0.001743226,0.001565,0.001536,0,0,1.524e-23,1.178e-24
step8,8,K,u,head,1024,256-512,6291456,0.0003129346,0.0002120373,0.0002099673,0.0003801524,0.000278621,0.001758212,0.001755079,0.001565,0.001536,0,0,1.524e-23,1.178e-24
step8,8,K,u,head,1024,512-1024,1.258291e+07,0.0002320491,0.0001766612,0.0002360344,0.0004294947,0.0002540437,0.001763877,0.001765626,0.001565,0.001536,0,0,1.524e-23,1.178e-24
step8,8,K,v,residual,1024,spike,786432,0.0006253716,0.0006902752,0.002529144,0.002383455,0.002647086,0.001757486,0.001983098,0.001565,0.001536,0,0,1.524e-23,1.178e-24
step8,8,K,v,residual,1024,32-64,786432,0.001454249,0.001220052,0.003218333,0.001787221,0.00201266,0.001725333,0.001914978,0.001565,0.001536,0,0,1.524e-23,1.178e-24
step8,8,K,v,residual,1024,64-128,1572864,0.0004024149,0.0003978341,0.001029332,0.0008994278,0.001150539,0.001768021,0.001849674,0.001565,0.001536,0,0,1.524e-23,1.178e-24
step8,8,K,v,residual,1024,128-256,3145728,0.000629202,0.0003655715,0.0008802414,0.0003959239,0.0006597767,0.001744225,0.001812935,0.001565,0.001536,0,0,1.524e-23,1.178e-24
step8,8,K,v,residual,1024,256-512,6291456,0.0004216893,0.0002122903,0.000442187,0.0004825031,0.0003070521,0.00172992,0.001728535,0.001565,0.001536,0,0,1.524e-23,1.178e-24
step8,8,K,v,residual,1024,512-1024,1.258291e+07,0.0003870666,0.0001272573,0.0002655188,0.0001986208,0.0002186401,0.001760574,0.001755555,0.001565,0.001536,0,0,1.524e-23,1.178e-24
step8,8,V,u,head,1024,spike,786432,0.000705643,0.000847579,0.001420339,0.001481796,0.001715993,0.001832871,0.001939501,0.001565,0.001536,0,0,1.524e-23,1.178e-24
step8,8,V,u,head,1024,32-64,786432,0.0003812864,0.0005318113,0.001216888,0.0009989124,0.001230561,0.001808711,0.001882281,0.001565,0.001536,0,0,1.524e-23,1.178e-24
step8,8,V,u,head,1024,64-128,1572864,0.0007967308,0.0005511434,0.001414617,0.000745809,0.0009608269,0.001753762,0.001794179,0.001565,0.001536,0,0,1.524e-23,1.178e-24
step8,8,V,u,head,1024,128-256,3145728,0.0006803853,0.0004355324,0.001045863,0.0004215177,0.0006309167,0.001745451,0.001774061,0.001565,0.001536,0,0,1.524e-23,1.178e-24
step8,8,V,u,head,1024,256-512,6291456,0.0005572735,0.0004163592,0.0004048347,0.0003269612,0.0001744532,0.001750015,0.001758485,0.001565,0.001536,0,0,1.524e-23,1.178e-24
step8,8,V,u,head,1024,512-1024,1.258291e+07,0.0003983334,0.0001455446,0.000433445,0.0002784613,0.0003128142,0.001746927,0.001777115,0.001565,0.001536,0,0,1.524e-23,1.178e-24
step8,8,V,v,residual,1024,spike,786432,0.0007667184,0.0009531975,0.002580007,0.002618621,0.002882474,0.001677559,0.001948947,0.001565,0.001536,0,0,1.524e-23,1.178e-24
step8,8,V,v,residual,1024,32-64,786432,0.0008187178,0.0006236226,0.001602173,0.001189543,0.001398942,0.001772199,0.001861572,0.001565,0.001536,0,0,1.524e-23,1.178e-24
step8,8,V,v,residual,1024,64-128,1572864,0.0006664693,0.0004026165,0.0009988149,0.0003540017,0.0005961984,0.001723335,0.001771745,0.001565,0.001536,0,0,1.524e-23,1.178e-24
step8,8,V,v,residual,1024,128-256,3145728,0.0005906066,0.0003755887,0.0009285609,0.0004048464,0.000658823,0.001746813,0.001818112,0.001565,0.001536,0,0,1.524e-23,1.178e-24
step8,8,V,v,residual,1024,256-512,6291456,0.0004326963,0.0001815852,0.0003067652,0.0004809796,0.0002171269,0.001745088,0.001735437,0.001565,0.001536,0,0,1.524e-23,1.178e-24
step8,8,V,v,residual,1024,512-1024,1.258291e+07,0.0002942348,0.0001853937,0.0002601147,0.0001360185,0.0001792697,0.001743669,0.001756134,0.001565,0.001536,0,0,1.524e-23,1.178e-24
step8,8,O,u,residual,1024,spike,786432,0.0009746615,0.0007652625,0.002562205,0.001968851,0.002232704,0.001754397,0.001893361,0.001565,0.001536,0,0,1.524e-23,1.178e-24
step8,8,O,u,residual,1024,32-64,786432,0.001201415,0.001025964,0.00220108,0.001287246,0.001521444,0.001780919,0.001862481,0.001565,0.001536,0,0,1.524e-23,1.178e-24
step8,8,O,u,residual,1024,64-128,1572864,0.0003498423,0.0006167979,0.0008837382,0.0009554868,0.001219117,0.001743135,0.001856304,0.001565,0.001536,0,0,1.524e-23,1.178e-24
step8,8,O,u,residual,1024,128-256,3145728,0.0007119062,0.0005168111,0.0005588531,0.0003587667,0.0002499257,0.001738003,0.001781736,0.001565,0.001536,0,0,1.524e-23,1.178e-24
step8,8,O,u,residual,1024,256-512,6291456,0.0004606797,0.0002293586,0.0003563563,0.0002850873,0.0002414895,0.001739298,0.0017415,0.001565,0.001536,0,0,1.524e-23,1.178e-24
step8,8,O,u,residual,1024,512-1024,1.258291e+07,0.0002631684,0.0001208712,0.0002119541,0.0003191385,0.0001798635,0.001758712,0.001766216,0.001565,0.001536,0,0,1.524e-23,1.178e-24
step8,8,O,v,head,1024,spike,786432,0.0005580468,0.0003629516,0.00206248,0.001717243,0.001926642,0.001777467,0.001903897,0.001565,0.001536,0,0,1.524e-23,1.178e-24
step8,8,O,v,head,1024,32-64,786432,0.0005049968,0.0003961558,0.001703898,0.001418227,0.001669338,0.001798721,0.001869747,0.001565,0.001536,0,0,1.524e-23,1.178e-24
step8,8,O,v,head,1024,64-128,1572864,0.0003265587,0.0004224135,0.0007998149,0.0008373718,0.001106351,0.001771564,0.001863298,0.001565,0.001536,0,0,1.524e-23,1.178e-24
step8,8,O,v,head,1024,128-256,3145728,0.0005322451,0.0003119844,0.0005474091,0.0005202843,0.0003605519,0.001746768,0.001761164,0.001565,0.001536,0,0,1.524e-23,1.178e-24
step8,8,O,v,head,1024,256-512,6291456,0.0004251185,0.0001802656,0.0003174146,0.0004995763,0.000248258,0.001733916,0.001742681,0.001565,0.001536,0,0,1.524e-23,1.178e-24
step8,8,O,v,head,1024,512-1024,1.258291e+07,0.000352313,9.776524e-05,0.0002999306,0.0001778837,0.0002272232,0.001739956,0.001780726,0.001565,0.001536,0,0,1.524e-23,1.178e-24
step8,8,MLP_IN,u,hidden,4096,spike,3145728,0.0008059497,0.0007400682,0.0014232,0.0007013814,0.0007641366,0.001745315,0.001904079,0.001565,0.001558,0,0,1.524e-23,8.299e-24
step8,8,MLP_IN,u,hidden,4096,32-64,3145728,0.0003806849,0.0003147541,0.001200358,0.0009645183,0.001018257,0.001750991,0.001869247,0.001565,0.001558,0,0,1.524e-23,8.299e-24
step8,8,MLP_IN,u,hidden,4096,64-128,6291456,0.0002162212,0.0001590544,0.0008161863,0.0006089824,0.0006701626,0.00177942,0.001829692,0.001565,0.001558,0,0,1.524e-23,8.299e-24
step8,8,MLP_IN,u,hidden,4096,128-256,1.258291e+07,0.0002106872,0.0002378603,0.0003281434,0.0003138821,0.000370746,0.001769213,0.00180048,0.001565,0.001558,0,0,1.524e-23,8.299e-24
step8,8,MLP_IN,u,hidden,4096,256-512,2.516582e+07,0.0001293602,9.898181e-05,0.0004198154,0.0003552894,0.0004225044,0.001770542,0.001789854,0.001565,0.001558,0,0,1.524e-23,8.299e-24
step8,8,MLP_IN,u,hidden,4096,512-1024,5.033165e+07,0.0001456522,8.447193e-05,0.0001042287,0.0001153783,7.430528e-05,0.001762478,0.001770298,0.001565,0.001558,0,0,1.524e-23,8.299e-24
step8,8,MLP_IN,v,residual,1024,spike,786432,0.0008299016,0.0005787906,0.001688639,0.001108163,0.001350237,0.001785097,0.00189318,0.001565,0.001536,0,0,1.524e-23,1.178e-24
step8,8,MLP_IN,v,residual,1024,32-64,786432,0.0007105715,0.0009183672,0.0007947286,0.0006083493,0.0008719799,0.001753126,0.001868112,0.001565,0.001536,0,0,1.524e-23,1.178e-24
step8,8,MLP_IN,v,residual,1024,64-128,1572864,0.0006461604,0.0004257846,0.00128301,0.0006368495,0.0008879605,0.001778557,0.001826604,0.001565,0.001536,0,0,1.524e-23,1.178e-24
step8,8,MLP_IN,v,residual,1024,128-256,3145728,0.0003673119,0.000331463,0.0006942749,0.0003544132,0.0005277034,0.001769656,0.001760574,0.001565,0.001536,0,0,1.524e-23,1.178e-24
step8,8,MLP_IN,v,residual,1024,256-512,6291456,0.0006172891,0.0004418381,0.0003088315,0.0003987307,0.0001732806,0.001743703,0.001752127,0.001565,0.001536,0,0,1.524e-23,1.178e-24
step8,8,MLP_IN,v,residual,1024,512-1024,1.258291e+07,0.0003579692,0.0002164315,0.0001973311,0.0002467452,0.0001899911,0.00174368,0.001768158,0.001565,0.001536,0,0,1.524e-23,1.178e-24
step8,8,MLP_OUT,u,residual,1024,spike,786432,0.0005461438,0.0007423663,0.001174927,0.0008600454,0.001123898,0.001746768,0.00191625,0.001565,0.001536,0,0,1.524e-23,1.178e-24
step8,8,MLP_OUT,u,residual,1024,32-64,786432,0.001244432,0.000993321,0.002073924,0.001069433,0.001338411,0.001747495,0.001838502,0.001565,0.001536,0,0,1.524e-23,1.178e-24
step8,8,MLP_OUT,u,residual,1024,64-128,1572864,0.0005005751,0.0003859711,0.001415253,0.0009146776,0.001148875,0.001728694,0.001875015,0.001565,0.001536,0,0,1.524e-23,1.178e-24
step8,8,MLP_OUT,u,residual,1024,128-256,3145728,0.0004967604,0.0002625631,0.0005108515,0.0002349675,0.0005039465,0.001729602,0.001763753,0.001565,0.001536,0,0,1.524e-23,1.178e-24
step8,8,MLP_OUT,u,residual,1024,256-512,6291456,0.0003613296,0.0002270174,0.0003094673,0.0003264288,0.0002096495,0.001728285,0.001759733,0.001565,0.001536,0,0,1.524e-23,1.178e-24
step8,8,MLP_OUT,u,residual,1024,512-1024,1.258291e+07,0.0003808521,0.0001359992,0.0004024506,9.371651e-05,0.0003271988,0.001737833,0.001781237,0.001565,0.001536,0,0,1.524e-23,1.178e-24
step8,8,MLP_OUT,v,hidden,4096,spike,3145728,0.0003314659,0.0003973473,0.001003265,0.001032239,0.001099454,0.001777967,0.001875287,0.001565,0.001558,0,0,1.524e-23,8.299e-24
step8,8,MLP_OUT,v,hidden,4096,32-64,3145728,0.0003453989,0.0002794682,0.0009183884,0.0006223366,0.000688218,0.001734143,0.001832735,0.001565,0.001558,0,0,1.524e-23,8.299e-24
step8,8,MLP_OUT,v,hidden,4096,64-128,6291456,0.0002515498,0.000196402,0.0007638931,0.0005123434,0.0005735236,0.001734393,0.001828602,0.001565,0.001558,0,0,1.524e-23,8.299e-24
step8,8,MLP_OUT,v,hidden,4096,128-256,1.258291e+07,0.0001083552,0.0001124504,0.0005547206,0.000449523,0.0005080531,0.00178571,0.001809711,0.001565,0.001558,0,0,1.524e-23,8.299e-24
step8,8,MLP_OUT,v,hidden,4096,256-512,2.516582e+07,0.0001072585,9.481622e-05,0.0004539092,0.0003566958,0.000417876,0.001787992,0.001799203,0.001565,0.001558,0,0,1.524e-23,8.299e-24
step8,8,MLP_OUT,v,hidden,4096,512-1024,5.033165e+07,0.0001030663,6.220838e-05,0.000103573,9.368495e-05,8.527727e-05,0.001765277,0.00177275,0.001565,0.001558,0,0,1.524e-23,8.299e-24
step16,16,Q,u,head,1024,spike,786432,0.002091511,0.00191606,0.003781637,0.002203669,0.002472648,0.001706805,0.001984732,0.001565,0.001536,0,0,1.524e-23,1.178e-24
step16,16,Q,u,head,1024,32-64,786432,0.0007319549,0.0004681021,0.0009994507,0.0005804635,0.0007898624,0.001743317,0.001886822,0.001565,0.001536,0,0,1.524e-23,1.178e-24
step16,16,Q,u,head,1024,64-128,1572864,0.0007527312,0.0005377133,0.001494726,0.0009504005,0.001214031,0.001745496,0.001814978,0.001565,0.001536,0,0,1.524e-23,1.178e-24
step16,16,Q,u,head,1024,128-256,3145728,0.0005510007,0.0002988391,0.0006532669,0.0006887578,0.0004376468,0.001742635,0.001747222,0.001565,0.001536,0,0,1.524e-23,1.178e-24
step16,16,Q,u,head,1024,256-512,6291456,0.0003060654,0.0002601299,0.0002880096,0.0002536478,0.0001807249,0.001757758,0.001737118,0.001565,0.001536,0,0,1.524e-23,1.178e-24
step16,16,Q,u,head,1024,512-1024,1.258291e+07,0.0002794623,0.0001429283,0.0002893607,0.0002540631,0.0002752757,0.001744906,0.001757724,0.001565,0.001536,0,0,1.524e-23,1.178e-24
step16,16,Q,v,residual,1024,spike,786432,0.001340961,0.00107733,0.003274282,0.002232065,0.002495918,0.001747495,0.001984551,0.001565,0.001536,0,0,1.524e-23,1.178e-24
step16,16,Q,v,residual,1024,32-64,786432,0.001219198,0.001315053,0.001516978,0.001237863,0.001447262,0.001779102,0.001892635,0.001565,0.001536,0,0,1.524e-23,1.178e-24
step16,16,Q,v,residual,1024,64-128,1572864,0.0004465246,0.0004389103,0.001198451,0.0008041705,0.001067801,0.001761119,0.001848039,0.001565,0.001536,0,0,1.524e-23,1.178e-24
step16,16,Q,v,residual,1024,128-256,3145728,0.0002717581,0.0003301233,0.0004285177,0.0004436635,0.0003073799,0.001757031,0.00176289,0.001565,0.001536,0,0,1.524e-23,1.178e-24
step16,16,Q,v,residual,1024,256-512,6291456,0.0002390427,0.0001829502,0.0002530416,0.0003838602,0.0001847835,0.001757031,0.00174972,0.001565,0.001536,0,0,1.524e-23,1.178e-24
step16,16,Q,v,residual,1024,512-1024,1.258291e+07,0.0005656265,0.0003207736,0.0006605784,0.000239534,0.0004011032,0.001736198,0.001791534,0.001565,0.001536,0,0,1.524e-23,1.178e-24
step16,16,K,u,head,1024,spike,786432,0.001637105,0.001422087,0.003237406,0.002086685,0.002355664,0.001700265,0.001945496,0.001565,0.001536,0,0,1.524e-23,1.178e-24
step16,16,K,u,head,1024,32-64,786432,0.0005649907,0.0005249285,0.001141866,0.0009064646,0.001029773,0.001736959,0.00180308,0.001565,0.001536,0,0,1.524e-23,1.178e-24
step16,16,K,u,head,1024,64-128,1572864,0.0007805274,0.001014725,0.0007616679,0.0007402715,0.0009851245,0.001750855,0.001855396,0.001565,0.001536,0,0,1.524e-23,1.178e-24
step16,16,K,u,head,1024,128-256,3145728,0.0003340648,0.0004153562,0.0004723867,0.0003057141,0.0005334007,0.001751627,0.001783598,0.001565,0.001536,0,0,1.524e-23,1.178e-24
step16,16,K,u,head,1024,256-512,6291456,0.0002771718,0.000182868,0.0004784266,0.0005618374,0.0003468195,0.001758348,0.001742681,0.001565,0.001536,0,0,1.524e-23,1.178e-24
step16,16,K,u,head,1024,512-1024,1.258291e+07,0.0002178235,0.0001892973,0.0003329913,0.0001814103,0.0003985601,0.001760903,0.001770814,0.001565,0.001536,0,0,1.524e-23,1.178e-24
step16,16,K,v,residual,1024,spike,786432,0.0006496941,0.0007065806,0.001983643,0.001539016,0.001773214,0.001761119,0.001891363,0.001565,0.001536,0,0,1.524e-23,1.178e-24
step16,16,K,v,residual,1024,32-64,786432,0.001549617,0.00131542,0.002165476,0.001110933,0.001360409,0.001726241,0.001845769,0.001565,0.001536,0,0,1.524e-23,1.178e-24
step16,16,K,v,residual,1024,64-128,1572864,0.0004084114,0.0004048277,0.0006605784,0.0006160673,0.0008254663,0.001766931,0.001841318,0.001565,0.001536,0,0,1.524e-23,1.178e-24
step16,16,K,v,residual,1024,128-256,3145728,0.000582472,0.0003188415,0.0007158915,0.0004474618,0.0006046804,0.001751128,0.001836459,0.001565,0.001536,0,0,1.524e-23,1.178e-24
step16,16,K,v,residual,1024,256-512,6291456,0.0003665351,0.0001643229,0.0002169609,0.0003772914,0.0001083125,0.001730306,0.001752944,0.001565,0.001536,0,0,1.524e-23,1.178e-24
step16,16,K,v,residual,1024,512-1024,1.258291e+07,0.0003951728,0.000201135,0.0003498395,0.0003148896,0.0002655189,0.001756611,0.00175727,0.001565,0.001536,0,0,1.524e-23,1.178e-24
step16,16,V,u,head,1024,spike,786432,0.0007579084,0.0009162435,0.002237956,0.001963765,0.002227617,0.001831418,0.001942226,0.001565,0.001536,0,0,1.524e-23,1.178e-24
step16,16,V,u,head,1024,32-64,786432,0.0003583982,0.0004699321,0.00152715,0.001654848,0.001918478,0.001815433,0.0019702,0.001565,0.001536,0,0,1.524e-23,1.178e-24
step16,16,V,u,head,1024,64-128,1572864,0.0007869286,0.0005918335,0.001602173,0.0008264229,0.001090053,0.001756123,0.001804079,0.001565,0.001536,0,0,1.524e-23,1.178e-24
step16,16,V,u,head,1024,128-256,3145728,0.0006922185,0.0004283657,0.0008703868,0.0001817045,0.000442021,0.001744134,0.001784007,0.001565,0.001536,0,0,1.524e-23,1.178e-24
step16,16,V,u,head,1024,256-512,6291456,0.0005803207,0.0003970465,0.0004669825,0.0002012369,0.0003963321,0.001752445,0.001738208,0.001565,0.001536,0,0,1.524e-23,1.178e-24
step16,16,V,u,head,1024,512-1024,1.258291e+07,0.0004148821,0.0001779695,0.0003887018,0.0002064172,0.0002523988,0.00174813,0.001775617,0.001565,0.001536,0,0,1.524e-23,1.178e-24
step16,16,V,v,residual,1024,spike,786432,0.0008900603,0.001046787,0.002447764,0.002324963,0.002588594,0.001680465,0.001965841,0.001565,0.001536,0,0,1.524e-23,1.178e-24
step16,16,V,v,residual,1024,32-64,786432,0.0007398807,0.0005447855,0.001399994,0.00067694,0.0009407927,0.001775287,0.00184486,0.001565,0.001536,0,0,1.524e-23,1.178e-24
step16,16,V,v,residual,1024,64-128,1572864,0.0006219645,0.0004308326,0.001328786,0.0008919085,0.001155539,0.001729965,0.001850037,0.001565,0.001536,0,0,1.524e-23,1.178e-24
step16,16,V,v,residual,1024,128-256,3145728,0.0005464197,0.0004010561,0.0006392797,0.0003873606,0.0003951543,0.001741909,0.001759892,0.001565,0.001536,0,0,1.524e-23,1.178e-24
step16,16,V,v,residual,1024,256-512,6291456,0.0004857841,0.0002346731,0.0004010201,0.0007451925,0.0005109953,0.00174234,0.001708666,0.001565,0.001536,0,0,1.524e-23,1.178e-24
step16,16,V,v,residual,1024,512-1024,1.258291e+07,0.0003297591,0.0002209181,0.0001761119,0.0002405186,0.0001524392,0.001742533,0.001757145,0.001565,0.001536,0,0,1.524e-23,1.178e-24
step16,16,O,u,residual,1024,spike,786432,0.001132336,0.0009229366,0.002363841,0.001594758,0.001844728,0.001752763,0.001888275,0.001565,0.001536,0,0,1.524e-23,1.178e-24
step16,16,O,u,residual,1024,32-64,786432,0.001371348,0.00115633,0.002513885,0.001401687,0.001635885,0.001774379,0.001970745,0.001565,0.001536,0,0,1.524e-23,1.178e-24
step16,16,O,u,residual,1024,64-128,1572864,0.0003503521,0.000473344,0.0006523132,0.0004656081,0.000678788,0.001757486,0.001845224,0.001565,0.001536,0,0,1.524e-23,1.178e-24
step16,16,O,u,residual,1024,128-256,3145728,0.0005562643,0.0003038145,0.0006341934,0.0002995512,0.0004560153,0.001739684,0.001757077,0.001565,0.001536,0,0,1.524e-23,1.178e-24
step16,16,O,u,residual,1024,256-512,6291456,0.0005156749,0.0002814777,0.0003695488,0.0003193103,0.0001285413,0.001735665,0.001732781,0.001565,0.001536,0,0,1.524e-23,1.178e-24
step16,16,O,u,residual,1024,512-1024,1.258291e+07,0.0002978741,8.408595e-05,0.0003903707,0.0001635989,0.0003203254,0.001760063,0.001766761,0.001565,0.001536,0,0,1.524e-23,1.178e-24
step16,16,O,v,head,1024,spike,786432,0.0005885644,0.0003934692,0.002843221,0.002488995,0.002752626,0.001765115,0.001972562,0.001565,0.001536,0,0,1.524e-23,1.178e-24
step16,16,O,v,head,1024,32-64,786432,0.0006230215,0.000513092,0.001739502,0.001384093,0.001622815,0.001780192,0.001948584,0.001565,0.001536,0,0,1.524e-23,1.178e-24
step16,16,O,v,head,1024,64-128,1572864,0.0004267791,0.0003817913,0.001394908,0.00104799,0.001292843,0.001779465,0.001824697,0.001565,0.001536,0,0,1.524e-23,1.178e-24
step16,16,O,v,head,1024,128-256,3145728,0.0006541077,0.0004029966,0.0009816488,0.0004717152,0.0006659862,0.001741318,0.001744861,0.001565,0.001536,0,0,1.524e-23,1.178e-24
step16,16,O,v,head,1024,256-512,6291456,0.0004707615,0.0002557436,0.0005472501,0.0002416332,0.0003508817,0.001730692,0.001773812,0.001565,0.001536,0,0,1.524e-23,1.178e-24
step16,16,O,v,head,1024,512-1024,1.258291e+07,0.0005224211,0.0002713101,0.0002925396,0.0003022507,0.0001328421,0.001740138,0.001749413,0.001565,0.001536,0,0,1.524e-23,1.178e-24
step16,16,MLP_IN,u,hidden,4096,spike,3145728,0.0008181486,0.0007596185,0.001838684,0.001247944,0.001309124,0.001744089,0.001904261,0.001565,0.001558,0,0,1.524e-23,8.299e-24
step16,16,MLP_IN,u,hidden,4096,32-64,3145728,0.0004115203,0.0003455896,0.0007820129,0.0006010298,0.0006448809,0.001745996,0.001837685,0.001565,0.001558,0,0,1.524e-23,8.299e-24
step16,16,MLP_IN,u,hidden,4096,64-128,6291456,0.0002301177,0.0001763795,0.001170794,0.0009831832,0.001041713,0.001775855,0.00182145,0.001565,0.001558,0,0,1.524e-23,8.299e-24
step16,16,MLP_IN,u,hidden,4096,128-256,1.258291e+07,0.0001899448,0.000213903,0.0002965927,0.0002237518,0.00027749,0.001770292,0.001793226,0.001565,0.001558,0,0,1.524e-23,8.299e-24
step16,16,MLP_IN,u,hidden,4096,256-512,2.516582e+07,0.0001180354,0.000111761,0.0003791253,0.0003049831,0.0003721981,0.001770638,0.001801661,0.001565,0.001558,0,0,1.524e-23,8.299e-24
step16,16,MLP_IN,u,hidden,4096,512-1024,5.033165e+07,0.0001355194,7.433914e-05,0.0001056592,0.0001136362,7.476919e-05,0.001763804,0.001765325,0.001565,0.001558,0,0,1.524e-23,8.299e-24
step16,16,MLP_IN,v,residual,1024,spike,786432,0.0008095566,0.0005584455,0.001712799,0.0009032425,0.001154354,0.001781464,0.001958938,0.001565,0.001536,0,0,1.524e-23,1.178e-24
step16,16,MLP_IN,v,residual,1024,32-64,786432,0.0006978559,0.0008891212,0.0006841024,0.0007189756,0.0009826061,0.00176566,0.001869202,0.001565,0.001536,0,0,1.524e-23,1.178e-24
step16,16,MLP_IN,v,residual,1024,64-128,1572864,0.0006811374,0.0004469402,0.001253764,0.0007754863,0.001039339,0.001778194,0.00181071,0.001565,0.001536,0,0,1.524e-23,1.178e-24
step16,16,MLP_IN,v,residual,1024,128-256,3145728,0.0003481269,0.0003495146,0.000386556,0.0003028557,0.0005664862,0.001767159,0.001805714,0.001565,0.001536,0,0,1.524e-23,1.178e-24
step16,16,MLP_IN,v,residual,1024,256-512,6291456,0.0005761666,0.0003991424,0.0004680951,0.0004026555,0.0001515445,0.001737776,0.001761414,0.001565,0.001536,0,0,1.524e-23,1.178e-24
step16,16,MLP_IN,v,residual,1024,512-1024,1.258291e+07,0.0003424923,0.0002251255,0.0003705025,0.0001246374,0.0003384057,0.001740717,0.00177883,0.001565,0.001536,0,0,1.524e-23,1.178e-24
step16,16,MLP_OUT,u,residual,1024,spike,786432,0.000690699,0.0006257954,0.002082825,0.001962072,0.002231051,0.001743498,0.001875923,0.001565,0.001536,0,0,1.524e-23,1.178e-24
step16,16,MLP_OUT,u,residual,1024,32-64,786432,0.001225368,0.0009911703,0.002295176,0.001179282,0.001442913,0.001749856,0.001878829,0.001565,0.001536,0,0,1.524e-23,1.178e-24
step16,16,MLP_OUT,u,residual,1024,64-128,1572864,0.0006370187,0.0004220008,0.000726064,0.0003802439,0.0006492228,0.001726514,0.001756032,0.001565,0.001536,0,0,1.524e-23,1.178e-24
step16,16,MLP_OUT,u,residual,1024,128-256,3145728,0.0004871046,0.0002330355,0.0007343292,0.0002472247,0.0005108552,0.001740001,0.001765524,0.001565,0.001536,0,0,1.524e-23,1.178e-24
step16,16,MLP_OUT,u,residual,1024,256-512,6291456,0.0003513161,0.0001713326,0.0004992485,0.0006255646,0.0003565857,0.001742817,0.001730124,0.001565,0.001536,0,0,1.524e-23,1.178e-24
step16,16,MLP_OUT,u,residual,1024,512-1024,1.258291e+07,0.0003835026,0.0002565393,0.00030756,0.0003818426,0.0002249172,0.001736017,0.001765649,0.001565,0.001536,0,0,1.524e-23,1.178e-24
step16,16,MLP_OUT,v,hidden,4096,spike,3145728,0.0003586273,0.0004258423,0.0009975433,0.001072789,0.00113867,0.001775878,0.001877013,0.001565,0.001558,0,0,1.524e-23,8.299e-24
step16,16,MLP_OUT,v,hidden,4096,32-64,3145728,0.0003831541,0.0003172726,0.001179059,0.0008224309,0.0008896459,0.001741818,0.001854942,0.001565,0.001558,0,0,1.524e-23,8.299e-24
step16,16,MLP_OUT,v,hidden,4096,64-128,6291456,0.0003865658,0.0003206351,0.0008724531,0.0005670235,0.0006329049,0.001737299,0.001807849,0.001565,0.001558,0,0,1.524e-23,8.299e-24
step16,16,MLP_OUT,v,hidden,4096,128-256,1.258291e+07,8.141394e-05,8.686183e-05,0.0006107489,0.0005379336,0.0006018858,0.001791352,0.001833076,0.001565,0.001558,0,0,1.524e-23,8.299e-24
step16,16,MLP_OUT,v,hidden,4096,256-512,2.516582e+07,0.0001020981,9.25529e-05,0.0001256863,0.0001356897,0.0001749747,0.001787867,0.001797915,0.001565,0.001558,0,0,1.524e-23,8.299e-24
step16,16,MLP_OUT,v,hidden,4096,512-1024,5.033165e+07,0.0001553853,0.0001162137,0.0001883308,6.727826e-05,0.0001049743,0.001766193,0.001773854,0.001565,0.001558,0,0,1.524e-23,8.299e-24
step32,32,Q,u,head,1024,spike,786432,0.00207121,0.001876115,0.003860474,0.001791036,0.002022441,0.001708258,0.001907894,0.001565,0.001536,0,0,1.524e-23,1.178e-24
step32,32,Q,u,head,1024,32-64,786432,0.0006950795,0.0005080709,0.001708984,0.001552752,0.001747848,0.001740774,0.001938411,0.001565,0.001536,0,0,1.524e-23,1.178e-24
step32,32,Q,u,head,1024,64-128,1572864,0.0006688079,0.00045379,0.001276652,0.0007309453,0.0009820564,0.001750038,0.001805623,0.001565,0.001536,0,0,1.524e-23,1.178e-24
step32,32,Q,u,head,1024,128-256,3145728,0.0006260231,0.0003623926,0.0008252462,0.0003759183,0.0005739531,0.001737458,0.001758939,0.001565,0.001536,0,0,1.524e-23,1.178e-24
step32,32,Q,u,head,1024,256-512,6291456,0.0003327683,0.0002978013,0.0003121694,0.000166695,0.0001982951,0.001771246,0.001756895,0.001565,0.001536,0,0,1.524e-23,1.178e-24
step32,32,Q,u,head,1024,512-1024,1.258291e+07,0.0003494972,0.0001940041,0.0002485116,0.0002202808,0.0002538454,0.001747222,0.001759881,0.001565,0.001536,0,0,1.524e-23,1.178e-24
step32,32,Q,v,residual,1024,spike,786432,0.001291865,0.001022886,0.003014882,0.001751487,0.002015117,0.001747676,0.001971654,0.001565,0.001536,0,0,1.524e-23,1.178e-24
step32,32,Q,v,residual,1024,32-64,786432,0.001324786,0.001433627,0.001561483,0.001356119,0.001569409,0.001790183,0.001886459,0.001565,0.001536,0,0,1.524e-23,1.178e-24
step32,32,Q,v,residual,1024,64-128,1572864,0.0006722275,0.0004211164,0.001315435,0.0006432073,0.0008943184,0.001765751,0.001813979,0.001565,0.001536,0,0,1.524e-23,1.178e-24
step32,32,Q,v,residual,1024,128-256,3145728,0.0002688971,0.0002719491,0.0004231135,0.0001917914,0.000392816,0.001747177,0.001785278,0.001565,0.001536,0,0,1.524e-23,1.178e-24
step32,32,Q,v,residual,1024,256-512,6291456,0.0002452596,0.000224043,0.0003107389,0.0002172672,0.0002220261,0.001763548,0.001760551,0.001565,0.001536,0,0,1.524e-23,1.178e-24
step32,32,Q,v,residual,1024,512-1024,1.258291e+07,0.0005428973,0.0003018227,0.0005262693,0.0002186009,0.0002427204,0.001731838,0.001758837,0.001565,0.001536,0,0,1.524e-23,1.178e-24
step32,32,K,u,head,1024,spike,786432,0.00174646,0.001531442,0.003236135,0.001576011,0.001839641,0.001704806,0.001934233,0.001565,0.001536,0,0,1.524e-23,1.178e-24
step32,32,K,u,head,1024,32-64,786432,0.000676006,0.0004121533,0.001146952,0.0007404731,0.0009746704,0.001723335,0.001855759,0.001565,0.001536,0,0,1.524e-23,1.178e-24
step32,32,K,u,head,1024,64-128,1572864,0.0007442878,0.0009784851,0.0007165273,0.001163528,0.001432507,0.001748948,0.001845587,0.001565,0.001536,0,0,1.524e-23,1.178e-24
step32,32,K,u,head,1024,128-256,3145728,0.0003111767,0.0004121773,0.0003999074,0.0002265775,0.0003601747,0.001755896,0.001771836,0.001565,0.001536,0,0,1.524e-23,1.178e-24
step32,32,K,u,head,1024,256-512,6291456,0.0003190104,0.0001801165,0.0003722509,0.0004659648,0.0002023342,0.001753149,0.001723948,0.001565,0.001536,0,0,1.524e-23,1.178e-24
step32,32,K,u,head,1024,512-1024,1.258291e+07,0.0002387599,0.0002136321,0.0001607736,0.0003060938,0.0001722788,0.001763934,0.001738787,0.001565,0.001536,0,0,1.524e-23,1.178e-24
step32,32,K,v,residual,1024,spike,786432,0.0005961306,0.0006919854,0.001959483,0.001762436,0.002031415,0.001773471,0.001966022,0.001565,0.001536,0,0,1.524e-23,1.178e-24
step32,32,K,v,residual,1024,32-64,786432,0.001426275,0.001192078,0.003082275,0.001656,0.001890198,0.001720065,0.001914978,0.001565,0.001536,0,0,1.524e-23,1.178e-24
step32,32,K,v,residual,1024,64-128,1572864,0.0003878633,0.0003696866,0.001114527,0.0008702919,0.001133922,0.001771382,0.001818067,0.001565,0.001536,0,0,1.524e-23,1.178e-24
step32,32,K,v,residual,1024,128-256,3145728,0.0005757963,0.0003121657,0.0006720225,0.0003840418,0.0005117755,0.001762118,0.001789093,0.001565,0.001536,0,0,1.524e-23,1.178e-24
step32,32,K,v,residual,1024,256-512,6291456,0.0003230726,0.0001642578,0.0002816518,0.0004854663,0.0002343552,0.001729216,0.001739229,0.001565,0.001536,0,0,1.524e-23,1.178e-24
step32,32,K,v,residual,1024,512-1024,1.258291e+07,0.000392773,0.0001479201,0.0002954801,0.0001838306,0.0001855049,0.001754023,0.001749516,0.001565,0.001536,0,0,1.524e-23,1.178e-24
step32,32,V,u,head,1024,spike,786432,0.0008020691,0.0009658346,0.002628326,0.002290557,0.00255441,0.001820337,0.001907712,0.001565,0.001536,0,0,1.524e-23,1.178e-24
step32,32,V,u,head,1024,32-64,786432,0.0004611476,0.0005576701,0.001244863,0.001046966,0.001310818,0.001811073,0.001794724,0.001565,0.001536,0,0,1.524e-23,1.178e-24
step32,32,V,u,head,1024,64-128,1572864,0.0008852147,0.0006341037,0.001370748,0.0004855331,0.0007366442,0.001743135,0.001797903,0.001565,0.001536,0,0,1.524e-23,1.178e-24
step32,32,V,u,head,1024,128-256,3145728,0.0007824996,0.0005186469,0.0006335576,0.0003243787,0.0003294241,0.001740501,0.001754942,0.001565,0.001536,0,0,1.524e-23,1.178e-24
step32,32,V,u,head,1024,256-512,6291456,0.0005046625,0.0004415215,0.0004933675,0.000270814,0.0003749682,0.001752377,0.00176482,0.001565,0.001536,0,0,1.524e-23,1.178e-24
step32,32,V,u,head,1024,512-1024,1.258291e+07,0.0004518925,0.0001893528,0.0004012585,0.000157601,0.0002630642,0.001747188,0.001752763,0.001565,0.001536,0,0,1.524e-23,1.178e-24
step32,32,V,v,residual,1024,spike,786432,0.0008290251,0.0009857516,0.0009791056,0.001004121,0.001248974,0.00168428,0.001927512,0.001565,0.001536,0,0,1.524e-23,1.178e-24
step32,32,V,v,residual,1024,32-64,786432,0.0007764597,0.0005651306,0.001866659,0.001106433,0.001301528,0.001776922,0.001858847,0.001565,0.001536,0,0,1.524e-23,1.178e-24
step32,32,V,v,residual,1024,64-128,1572864,0.0005418558,0.0003628039,0.001008352,0.0007890523,0.001058031,0.001736596,0.001841591,0.001565,0.001536,0,0,1.524e-23,1.178e-24
step32,32,V,v,residual,1024,128-256,3145728,0.0006017328,0.0003867149,0.0009120305,0.0003598174,0.0005253157,0.001742408,0.001826286,0.001565,0.001536,0,0,1.524e-23,1.178e-24
step32,32,V,v,residual,1024,256-512,6291456,0.0004385773,0.0002194583,0.000284036,0.0002258006,0.0001633963,0.001745156,0.001765887,0.001565,0.001536,0,0,1.524e-23,1.178e-24
step32,32,V,v,residual,1024,512-1024,1.258291e+07,0.0003168226,0.0001526336,0.0002893607,0.0001284037,0.0002354023,0.001740694,0.001773142,0.001565,0.001536,0,0,1.524e-23,1.178e-24
step32,32,O,u,residual,1024,spike,786432,0.0009060855,0.0006424549,0.00296402,0.002057934,0.002321565,0.00170299,0.001941499,0.001565,0.001536,0,0,1.524e-23,1.178e-24
step32,32,O,u,residual,1024,32-64,786432,0.001138782,0.0008886764,0.001618703,0.0007029421,0.0008092886,0.001779465,0.001861754,0.001565,0.001536,0,0,1.524e-23,1.178e-24
step32,32,O,u,residual,1024,64-128,1572864,0.0004988746,0.0004752266,0.001326243,0.000931208,0.001165405,0.001752036,0.001821972,0.001565,0.001536,0,0,1.524e-23,1.178e-24
step32,32,O,u,residual,1024,128-256,3145728,0.000477369,0.000262498,0.0006233851,0.0003389013,0.000433824,0.001747631,0.001768521,0.001565,0.001536,0,0,1.524e-23,1.178e-24
step32,32,O,u,residual,1024,256-512,6291456,0.0004789098,0.0002695108,0.0004167557,0.0002801756,0.0001745013,0.001728103,0.001753648,0.001565,0.001536,0,0,1.524e-23,1.178e-24
step32,32,O,u,residual,1024,512-1024,1.258291e+07,0.0002873893,0.0001750556,0.0002435843,0.0001796185,0.0002648831,0.001766614,0.001767454,0.001565,0.001536,0,0,1.524e-23,1.178e-24
step32,32,O,v,head,1024,spike,786432,0.0008538207,0.0006388028,0.002230326,0.001795035,0.002039888,0.001795451,0.001975105,0.001565,0.001536,0,0,1.524e-23,1.178e-24
step32,32,O,v,head,1024,32-64,786432,0.0005567308,0.0003812798,0.001758575,0.001282169,0.00153328,0.001764933,0.001908439,0.001565,0.001536,0,0,1.524e-23,1.178e-24
step32,32,O,v,head,1024,64-128,1572864,0.0006626907,0.0004115797,0.0009479523,0.0005338888,0.0007977416,0.001781009,0.001840501,0.001565,0.001536,0,0,1.524e-23,1.178e-24
step32,32,O,v,head,1024,128-256,3145728,0.0006648798,0.0004010271,0.0007419586,0.0001765089,0.000388234,0.001748085,0.001803307,0.001565,0.001536,0,0,1.524e-23,1.178e-24
step32,32,O,v,head,1024,256-512,6291456,0.0005193217,0.0003233742,0.0003814697,0.0003693338,0.0001967856,0.001738866,0.001740319,0.001565,0.001536,0,0,1.524e-23,1.178e-24
step32,32,O,v,head,1024,512-1024,1.258291e+07,0.0005531749,0.0003435603,0.000332435,0.0003408256,0.0002002533,0.001741194,0.001765092,0.001565,0.001536,0,0,1.524e-23,1.178e-24
step32,32,MLP_IN,u,hidden,4096,spike,3145728,0.0008419905,0.0007834604,0.001912753,0.001254231,0.001320162,0.001743453,0.001875787,0.001565,0.001558,0,0,1.524e-23,8.299e-24
step32,32,MLP_IN,u,hidden,4096,32-64,3145728,0.0003428558,0.0002769251,0.001066844,0.0007239879,0.0007899186,0.001749447,0.001852263,0.001565,0.001558,0,0,1.524e-23,8.299e-24
step32,32,MLP_IN,u,hidden,4096,64-128,6291456,0.0002100133,0.0001472581,0.0007634163,0.0005723537,0.0006382844,0.001781668,0.001841341,0.001565,0.001558,0,0,1.524e-23,8.299e-24
step32,32,MLP_IN,u,hidden,4096,128-256,1.258291e+07,0.0001696132,0.000149008,0.0006459554,0.0005696461,0.0006355275,0.001763514,0.001817681,0.001565,0.001558,0,0,1.524e-23,8.299e-24
step32,32,MLP_IN,u,hidden,4096,256-512,2.516582e+07,0.0001011391,0.0001190654,0.0003259579,0.0002872587,0.0003264303,0.00176893,0.001778177,0.001565,0.001558,0,0,1.524e-23,8.299e-24
step32,32,MLP_IN,u,hidden,4096,512-1024,5.033165e+07,0.0001377049,7.652465e-05,0.0001712044,5.852547e-05,0.0001212807,0.00176088,0.001767635,0.001565,0.001558,0,0,1.524e-23,8.299e-24
step32,32,MLP_IN,v,residual,1024,spike,786432,0.0007078403,0.000473643,0.001869202,0.001554394,0.001818025,0.001776014,0.00183269,0.001565,0.001536,0,0,1.524e-23,1.178e-24
step32,32,MLP_IN,v,residual,1024,32-64,786432,0.0007169293,0.0008242714,0.0008773804,0.0006578303,0.0009089414,0.001756396,0.001841772,0.001565,0.001536,0,0,1.524e-23,1.178e-24
step32,32,MLP_IN,v,residual,1024,64-128,1572864,0.0007478946,0.0005136974,0.001274745,0.0006461757,0.0008910286,0.00176239,0.001802899,0.001565,0.001536,0,0,1.524e-23,1.178e-24
step32,32,MLP_IN,v,residual,1024,128-256,3145728,0.0004655404,0.0003879795,0.0009657542,0.0005002138,0.000695309,0.001763298,0.001813344,0.001565,0.001536,0,0,1.524e-23,1.178e-24
step32,32,MLP_IN,v,residual,1024,256-512,6291456,0.0004906094,0.0003228485,0.0003635089,0.0004807495,0.0002358966,0.001740456,0.001742159,0.001565,0.001536,0,0,1.524e-23,1.178e-24
step32,32,MLP_IN,v,residual,1024,512-1024,1.258291e+07,0.0003568769,0.0001757775,0.0004942417,0.000189507,0.0003575,0.001743237,0.001768918,0.001565,0.001536,0,0,1.524e-23,1.178e-24
step32,32,MLP_OUT,u,residual,1024,spike,786432,0.0004451863,0.0004707675,0.001223246,0.001303896,0.001567526,0.001691182,0.001827603,0.001565,0.001536,0,0,1.524e-23,1.178e-24
step32,32,MLP_OUT,u,residual,1024,32-64,786432,0.001507646,0.001259471,0.002071381,0.0005637344,0.0008148455,0.001717885,0.001787821,0.001565,0.001536,0,0,1.524e-23,1.178e-24
step32,32,MLP_OUT,u,residual,1024,64-128,1572864,0.0006773227,0.0004431255,0.0007979075,0.0003318723,0.0005412713,0.001717522,0.001838957,0.001565,0.001536,0,0,1.524e-23,1.178e-24
step32,32,MLP_OUT,u,residual,1024,128-256,3145728,0.0005627655,0.0005319128,0.0007572174,0.0004203998,0.0002879118,0.001750083,0.001778512,0.001565,0.001536,0,0,1.524e-23,1.178e-24
step32,32,MLP_OUT,u,residual,1024,256-512,6291456,0.00026919,0.0002444477,0.0003333092,0.0002407415,0.0002731197,0.001746268,0.001762776,0.001565,0.001536,0,0,1.524e-23,1.178e-24
step32,32,MLP_OUT,u,residual,1024,512-1024,1.258291e+07,0.000368857,0.0001934059,0.0004173915,0.0001519811,0.0002543629,0.001733893,0.001775117,0.001565,0.001536,0,0,1.524e-23,1.178e-24
step32,32,MLP_OUT,v,hidden,4096,spike,3145728,0.0002335553,0.0002994368,0.001117071,0.001133319,0.001187057,0.00177002,0.001860255,0.001565,0.001558,0,0,1.524e-23,8.299e-24
step32,32,MLP_OUT,v,hidden,4096,32-64,3145728,0.0003218749,0.0002559442,0.00125885,0.0009970205,0.001059776,0.001743362,0.00185962,0.001565,0.001558,0,0,1.524e-23,8.299e-24
step32,32,MLP_OUT,v,hidden,4096,64-128,6291456,0.0003953043,0.000342984,0.001036326,0.0007142072,0.0007800886,0.001738117,0.001826377,0.001565,0.001558,0,0,1.524e-23,8.299e-24
step32,32,MLP_OUT,v,hidden,4096,128-256,1.258291e+07,0.0002475824,0.0003061126,0.000628074,0.0005553465,0.0006212772,0.001783337,0.001824231,0.001565,0.001558,0,0,1.524e-23,8.299e-24
step32,32,MLP_OUT,v,hidden,4096,256-512,2.516582e+07,8.637162e-05,9.231092e-05,0.0003919601,0.0003063525,0.0003722339,0.001777791,0.001779289,0.001565,0.001558,0,0,1.524e-23,8.299e-24
step32,32,MLP_OUT,v,hidden,4096,512-1024,5.033165e+07,0.0001401388,9.137875e-05,0.0002255042,0.0001032113,0.0001661806,0.001765342,0.001771413,0.001565,0.001558,0,0,1.524e-23,8.299e-24
step64,64,Q,u,head,1024,spike,786432,0.002192779,0.001977762,0.003214518,0.001433911,0.001678764,0.001716069,0.001952762,0.001565,0.001536,0,0,1.524e-23,1.178e-24
step64,64,Q,u,head,1024,32-64,786432,0.0008925934,0.0006236145,0.002408346,0.001698081,0.001961712,0.001743498,0.00182942,0.001565,0.001536,0,0,1.524e-23,1.178e-24
step64,64,Q,u,head,1024,64-128,1572864,0.0005498547,0.000480059,0.001425425,0.0008964181,0.001096741,0.001752399,0.001862208,0.001565,0.001536,0,0,1.524e-23,1.178e-24
step64,64,Q,u,head,1024,128-256,3145728,0.0004368805,0.0003242035,0.0005512238,0.0002184891,0.0004180309,0.001736096,0.001780601,0.001565,0.001536,0,0,1.524e-23,1.178e-24
step64,64,Q,u,head,1024,256-512,6291456,0.0003067039,0.0003558152,0.0003674825,0.0005808427,0.0003466454,0.001767931,0.001752581,0.001565,0.001536,0,0,1.524e-23,1.178e-24
step64,64,Q,u,head,1024,512-1024,1.258291e+07,0.0002639731,0.0001236528,0.0001882712,0.0003122949,0.000139316,0.001744588,0.001762163,0.001565,0.001536,0,0,1.524e-23,1.178e-24
step64,64,Q,v,residual,1024,spike,786432,0.001254614,0.001020416,0.003195445,0.002210522,0.002474153,0.001745133,0.001942044,0.001565,0.001536,0,0,1.524e-23,1.178e-24
step64,64,Q,v,residual,1024,32-64,786432,0.0008505392,0.0009348124,0.0009333293,0.0006930491,0.000962028,0.001813071,0.001913525,0.001565,0.001536,0,0,1.524e-23,1.178e-24
step64,64,Q,v,residual,1024,64-128,1572864,0.0007612461,0.0005270488,0.001058578,0.000673761,0.0009376138,0.001765024,0.001856758,0.001565,0.001536,0,0,1.524e-23,1.178e-24
step64,64,Q,v,residual,1024,128-256,3145728,0.0003185629,0.0003278358,0.0003728867,0.0002495805,0.0004768408,0.001753898,0.001766432,0.001565,0.001536,0,0,1.524e-23,1.178e-24
step64,64,Q,v,residual,1024,256-512,6291456,0.0003440562,0.0001263014,0.0003385544,0.0002762086,0.0003333402,0.001759711,0.0017368,0.001565,0.001536,0,0,1.524e-23,1.178e-24
step64,64,Q,v,residual,1024,512-1024,1.258291e+07,0.0005376676,0.000272591,0.0004796187,0.0002068221,0.0003383771,0.00173403,0.001776786,0.001565,0.001536,0,0,1.524e-23,1.178e-24
step64,64,K,u,head,1024,spike,786432,0.001682111,0.001487016,0.002881368,0.001731142,0.001994772,0.00169536,0.001963842,0.001565,0.001536,0,0,1.524e-23,1.178e-24
step64,64,K,u,head,1024,32-64,786432,0.0008540252,0.0005901725,0.001767476,0.001305769,0.001462987,0.001737322,0.001930782,0.001565,0.001536,0,0,1.524e-23,1.178e-24
step64,64,K,u,head,1024,64-128,1572864,0.0003504138,0.0005115771,0.0005226135,0.0003628632,0.000626716,0.001724516,0.001819338,0.001565,0.001536,0,0,1.524e-23,1.178e-24
step64,64,K,u,head,1024,128-256,3145728,0.0003769802,0.0004495137,0.0004545848,0.0003327482,0.0004154878,0.001735551,0.00176784,0.001565,0.001536,0,0,1.524e-23,1.178e-24
step64,64,K,u,head,1024,256-512,6291456,0.0003515422,9.362987e-05,0.0003795624,0.000469905,0.0003462198,0.001753012,0.001758099,0.001565,0.001536,0,0,1.524e-23,1.178e-24
step64,64,K,u,head,1024,512-1024,1.258291e+07,0.0001767181,0.0002145063,0.0001420975,0.0001438816,0.0002384797,0.001757531,0.001791216,0.001565,0.001536,0,0,1.524e-23,1.178e-24
step64,64,K,v,residual,1024,spike,786432,0.0005895847,0.0005330828,0.002142588,0.001785819,0.00204945,0.001796177,0.001953852,0.001565,0.001536,0,0,1.524e-23,1.178e-24
step64,64,K,v,residual,1024,32-64,786432,0.001217738,0.0009835409,0.002147675,0.001205875,0.001456986,0.00173714,0.001837594,0.001565,0.001536,0,0,1.524e-23,1.178e-24
step64,64,K,v,residual,1024,64-128,1572864,0.0005288008,0.00035636,0.000787735,0.000424498,0.000675609,0.001751219,0.001835414,0.001565,0.001536,0,0,1.524e-23,1.178e-24
step64,64,K,v,residual,1024,128-256,3145728,0.0006106237,0.0003416448,0.0006831487,0.0003548708,0.000589068,0.001735324,0.001759347,0.001565,0.001536,0,0,1.524e-23,1.178e-24
step64,64,K,v,residual,1024,256-512,6291456,0.0003825183,0.0001690872,0.0002611478,0.0002898557,0.0002688657,0.001731441,0.001752581,0.001565,0.001536,0,0,1.524e-23,1.178e-24
step64,64,K,v,residual,1024,512-1024,1.258291e+07,0.0003837131,0.0002050564,0.0003932317,0.0001905299,0.0004416409,0.001749141,0.001764752,0.001565,0.001536,0,0,1.524e-23,1.178e-24
step64,64,V,u,head,1024,spike,786432,0.0007775982,0.0009926161,0.002077738,0.001943493,0.002207124,0.001802717,0.00193387,0.001565,0.001536,0,0,1.524e-23,1.178e-24
step64,64,V,u,head,1024,32-64,786432,0.0004069468,0.0006759257,0.001694997,0.001497064,0.001753175,0.001794724,0.001824334,0.001565,0.001536,0,0,1.524e-23,1.178e-24
step64,64,V,u,head,1024,64-128,1572864,0.0009672307,0.0007161197,0.001037598,0.0004703499,0.0006275686,0.001741409,0.001830237,0.001565,0.001536,0,0,1.524e-23,1.178e-24
step64,64,V,u,head,1024,128-256,3145728,0.0006159245,0.0003520718,0.0009686152,0.0003526907,0.0006165434,0.001744861,0.001788957,0.001565,0.001536,0,0,1.524e-23,1.178e-24
step64,64,V,u,head,1024,256-512,6291456,0.0004620651,0.0004816366,0.0006554921,0.0004582955,0.0002240983,0.001750106,0.001752286,0.001565,0.001536,0,0,1.524e-23,1.178e-24
step64,64,V,u,head,1024,512-1024,1.258291e+07,0.0005089596,0.0002453291,0.0005216599,0.0001626547,0.0002974027,0.001744986,0.001757065,0.001565,0.001536,0,0,1.524e-23,1.178e-24
step64,64,V,v,residual,1024,spike,786432,0.0007636109,0.0009786289,0.002485911,0.002267743,0.002531373,0.001666659,0.001943134,0.001565,0.001536,0,0,1.524e-23,1.178e-24
step64,64,V,v,residual,1024,32-64,786432,0.001016581,0.0008015632,0.001628876,0.0009542152,0.001217846,0.001793271,0.001843044,0.001565,0.001536,0,0,1.524e-23,1.178e-24
step64,64,V,v,residual,1024,64-128,1572864,0.0004166066,0.0004034079,0.0007890066,0.0004044528,0.0005927697,0.001733689,0.001805805,0.001565,0.001536,0,0,1.524e-23,1.178e-24
step64,64,V,v,residual,1024,128-256,3145728,0.0005958759,0.0004007807,0.0008980433,0.0006183446,0.0008873235,0.001742635,0.001772835,0.001565,0.001536,0,0,1.524e-23,1.178e-24
step64,64,V,v,residual,1024,256-512,6291456,0.0004711611,0.0002492795,0.0005296071,0.0003167493,0.0003651135,0.001732713,0.001754602,0.001565,0.001536,0,0,1.524e-23,1.178e-24
step64,64,V,v,residual,1024,512-1024,1.258291e+07,0.0003006101,0.000143537,0.0001608531,0.0002935087,9.257888e-05,0.001746575,0.001757769,0.001565,0.001536,0,0,1.524e-23,1.178e-24
step64,64,O,u,residual,1024,spike,786432,0.0008202982,0.00104468,0.001815796,0.002199078,0.002462709,0.001744952,0.001951308,0.001565,0.001536,0,0,1.524e-23,1.178e-24
step64,64,O,u,residual,1024,32-64,786432,0.0009163319,0.0008743605,0.002272288,0.001579826,0.001843456,0.00177892,0.001860119,0.001565,0.001536,0,0,1.524e-23,1.178e-24
step64,64,O,u,residual,1024,64-128,1572864,0.0003729843,0.0003904592,0.000884374,0.0005113897,0.0007562426,0.001746314,0.00184268,0.001565,0.001536,0,0,1.524e-23,1.178e-24
step64,64,O,u,residual,1024,128-256,3145728,0.0004878594,0.000268648,0.0006879171,0.0004123843,0.0004772879,0.001728149,0.001766523,0.001565,0.001536,0,0,1.524e-23,1.178e-24
step64,64,O,u,residual,1024,256-512,6291456,0.0004097719,0.000357916,0.0004987717,0.0006288841,0.0003652536,0.001733893,0.001764638,0.001565,0.001536,0,0,1.524e-23,1.178e-24
step64,64,O,u,residual,1024,512-1024,1.258291e+07,0.0004393597,0.0002098726,0.0003802776,0.0002288461,0.000221978,0.001757826,0.001759904,0.001565,0.001536,0,0,1.524e-23,1.178e-24
step64,64,O,v,head,1024,spike,786432,0.0008988587,0.0009831319,0.001934052,0.001657317,0.00192117,0.001772926,0.00188882,0.001565,0.001536,0,0,1.524e-23,1.178e-24
step64,64,O,v,head,1024,32-64,786432,0.0004206652,0.0005500407,0.0009740194,0.001102914,0.001366767,0.001756941,0.00184268,0.001565,0.001536,0,0,1.524e-23,1.178e-24
step64,64,O,v,head,1024,64-128,1572864,0.0006614192,0.0004103081,0.0007762909,0.0003933808,0.0006572335,0.001805351,0.001816704,0.001565,0.001536,0,0,1.524e-23,1.178e-24
step64,64,O,v,head,1024,128-256,3145728,0.0007075806,0.0004386017,0.0007034938,0.0003055294,0.0003811307,0.001755033,0.001798766,0.001565,0.001536,0,0,1.524e-23,1.178e-24
step64,64,O,v,head,1024,256-512,6291456,0.0006128306,0.0003492001,0.0003809929,0.0003664831,0.0001650642,0.00173437,0.001751287,0.001565,0.001536,0,0,1.524e-23,1.178e-24
step64,64,O,v,head,1024,512-1024,1.258291e+07,0.0003562311,0.0001770764,0.0002385775,0.0002330028,0.0001388543,0.001747563,0.001765944,0.001565,0.001536,0,0,1.524e-23,1.178e-24
step64,64,MLP_IN,u,hidden,4096,spike,3145728,0.0008295837,0.0007668285,0.001818975,0.0009893911,0.001052146,0.001735188,0.00186843,0.001565,0.001558,0,0,1.524e-23,8.299e-24
step64,64,MLP_IN,u,hidden,4096,32-64,3145728,0.0003676513,0.0003017206,0.001171112,0.0008034608,0.0008693915,0.001733462,0.001860392,0.001565,0.001558,0,0,1.524e-23,8.299e-24
step64,64,MLP_IN,u,hidden,4096,64-128,6291456,0.0002898041,0.0002270489,0.0007332166,0.0005180498,0.0005852648,0.001788298,0.001830805,0.001565,0.001558,0,0,1.524e-23,8.299e-24
step64,64,MLP_IN,u,hidden,4096,128-256,1.258291e+07,0.000176922,0.0001110406,0.0006406307,0.0005237198,0.0005760402,0.00176264,0.001826559,0.001565,0.001558,0,0,1.524e-23,8.299e-24
step64,64,MLP_IN,u,hidden,4096,256-512,2.516582e+07,0.0001892189,0.0001220039,0.0003697475,0.0001805286,0.0002477436,0.00176289,0.001789348,0.001565,0.001558,0,0,1.524e-23,8.299e-24
step64,64,MLP_IN,u,hidden,4096,512-1024,5.033165e+07,9.755123e-05,4.141218e-05,8.434057e-05,0.0001170178,5.911196e-05,0.001763613,0.001769659,0.001565,0.001558,0,0,1.524e-23,8.299e-24
step64,64,MLP_IN,v,residual,1024,spike,786432,0.0007930352,0.0005588379,0.001592,0.001464889,0.001733868,0.001780555,0.001906622,0.001565,0.001536,0,0,1.524e-23,1.178e-24
step64,64,MLP_IN,v,residual,1024,32-64,786432,0.0007475423,0.0008356723,0.001374563,0.00149876,0.001743613,0.001726423,0.001868112,0.001565,0.001536,0,0,1.524e-23,1.178e-24
step64,64,MLP_IN,v,residual,1024,64-128,1572864,0.0008559777,0.0006217804,0.001458486,0.0006819901,0.0009331011,0.001750219,0.001846949,0.001565,0.001536,0,0,1.524e-23,1.178e-24
step64,64,MLP_IN,v,residual,1024,128-256,3145728,0.0005100008,0.0004778794,0.0006898244,0.0004619252,0.0006266526,0.001768793,0.001809302,0.001565,0.001536,0,0,1.524e-23,1.178e-24
step64,64,MLP_IN,v,residual,1024,256-512,6291456,0.0004009743,0.0002271632,0.0002535184,0.0004517787,0.0002175815,0.001745724,0.001768793,0.001565,0.001536,0,0,1.524e-23,1.178e-24
step64,64,MLP_IN,v,residual,1024,512-1024,1.258291e+07,0.0003139332,0.0001445177,0.0002479553,0.0001977745,0.0001707007,0.001746405,0.001765966,0.001565,0.001536,0,0,1.524e-23,1.178e-24
step64,64,MLP_OUT,u,residual,1024,spike,786432,0.0008628522,0.0005992217,0.001855214,0.001305483,0.001550335,0.001792726,0.00189209,0.001565,0.001536,0,0,1.524e-23,1.178e-24
step64,64,MLP_OUT,u,residual,1024,32-64,786432,0.0007813415,0.0005663235,0.001424154,0.0009399021,0.001115353,0.001742408,0.001807985,0.001565,0.001536,0,0,1.524e-23,1.178e-24
step64,64,MLP_OUT,u,residual,1024,64-128,1572864,0.0006698949,0.0006308556,0.001379649,0.0007097539,0.0009546069,0.001740774,0.00182615,0.001565,0.001536,0,0,1.524e-23,1.178e-24
step64,64,MLP_OUT,u,residual,1024,128-256,3145728,0.0005526641,0.0002888114,0.0005880992,0.0002339324,0.0003469081,0.001782236,0.001758848,0.001565,0.001536,0,0,1.524e-23,1.178e-24
step64,64,MLP_OUT,u,residual,1024,256-512,6291456,0.0003036995,0.0002090028,0.0002309481,0.0002910395,0.0002268466,0.001752717,0.001750469,0.001565,0.001536,0,0,1.524e-23,1.178e-24
step64,64,MLP_OUT,u,residual,1024,512-1024,1.258291e+07,0.0002873494,0.0002334644,0.0003702641,0.0001422501,0.0003516491,0.001745758,0.001774686,0.001565,0.001536,0,0,1.524e-23,1.178e-24
step64,64,MLP_OUT,v,hidden,4096,spike,3145728,0.0002632078,0.0003155281,0.0007756551,0.0007315139,0.0007987289,0.001782826,0.001836913,0.001565,0.001558,0,0,1.524e-23,8.299e-24
step64,64,MLP_OUT,v,hidden,4096,32-64,3145728,0.0004058525,0.0004717339,0.0007076263,0.0006878194,0.0007489997,0.001766205,0.00182397,0.001565,0.001558,0,0,1.524e-23,8.299e-24
step64,64,MLP_OUT,v,hidden,4096,64-128,6291456,0.000252889,0.0002005686,0.0009082158,0.0006774724,0.0007446874,0.001771677,0.001843521,0.001565,0.001558,0,0,1.524e-23,8.299e-24
step64,64,MLP_OUT,v,hidden,4096,128-256,1.258291e+07,0.0003783346,0.0003245964,0.0007384618,0.000372156,0.0004380374,0.001782451,0.001820905,0.001565,0.001558,0,0,1.524e-23,8.299e-24
step64,64,MLP_OUT,v,hidden,4096,256-512,2.516582e+07,0.0001266066,7.428625e-05,0.0003078381,0.0001812315,0.0002335519,0.001765041,0.001792459,0.001565,0.001558,0,0,1.524e-23,8.299e-24
step64,64,MLP_OUT,v,hidden,4096,512-1024,5.033165e+07,0.0001276075,7.009023e-05,0.0001026193,8.327123e-05,6.816885e-05,0.001762697,0.001768688,0.001565,0.001558,0,0,1.524e-23,8.299e-24
step128,128,Q,u,head,1024,spike,786432,0.001736913,0.001467934,0.00310262,0.001468243,0.001718991,0.00171843,0.001885914,0.001565,0.001536,0,0,1.524e-23,1.178e-24
step128,128,Q,u,head,1024,32-64,786432,0.0005872484,0.0004117973,0.001286825,0.0008855507,0.001149181,0.00172606,0.001839956,0.001565,0.001536,0,0,1.524e-23,1.178e-24
step128,128,Q,u,head,1024,64-128,1572864,0.0004857738,0.0005305645,0.0005925496,0.0005796652,0.0008435179,0.001761028,0.001856214,0.001565,0.001536,0,0,1.524e-23,1.178e-24
step128,128,Q,u,head,1024,128-256,3145728,0.0005600118,0.0003207373,0.001026471,0.0004664597,0.0007175707,0.001744906,0.001793861,0.001565,0.001536,0,0,1.524e-23,1.178e-24
step128,128,Q,u,head,1024,256-512,6291456,0.0005335167,0.0002698862,0.0001920064,0.0003831724,0.0002193761,0.00176155,0.001725833,0.001565,0.001536,0,0,1.524e-23,1.178e-24
step128,128,Q,u,head,1024,512-1024,1.258291e+07,0.0003217125,0.000236925,0.0002838771,0.0002176304,0.0001815956,0.001738514,0.001781804,0.001565,0.001536,0,0,1.524e-23,1.178e-24
step128,128,Q,v,residual,1024,spike,786432,0.0009734785,0.0007098479,0.002749125,0.001845898,0.002090751,0.00174259,0.001903897,0.001565,0.001536,0,0,1.524e-23,1.178e-24
step128,128,Q,v,residual,1024,32-64,786432,0.0003612952,0.0006062226,0.00140508,0.00167278,0.001887798,0.001794361,0.001852308,0.001565,0.001536,0,0,1.524e-23,1.178e-24
step128,128,Q,v,residual,1024,64-128,1572864,0.0008932292,0.0006242503,0.001052856,0.0005043961,0.0007557799,0.001763843,0.001769293,0.001565,0.001536,0,0,1.524e-23,1.178e-24
step128,128,Q,v,residual,1024,128-256,3145728,0.0004650395,0.0002500216,0.0005633036,0.0003692924,0.0003861403,0.001737504,0.001747449,0.001565,0.001536,0,0,1.524e-23,1.178e-24
step128,128,Q,v,residual,1024,256-512,6291456,0.0004454608,0.0001995079,0.0002500216,0.0003311816,0.0001698621,0.001758258,0.001722041,0.001565,0.001536,0,0,1.524e-23,1.178e-24
step128,128,Q,v,residual,1024,512-1024,1.258291e+07,0.0004293222,0.0001654695,0.0003760656,0.0001965863,0.0002431972,0.001737606,0.001764014,0.001565,0.001536,0,0,1.524e-23,1.178e-24
step128,128,K,u,head,1024,spike,786432,0.001302683,0.001087665,0.002007802,0.001468243,0.001713096,0.001687368,0.001922244,0.001565,0.001536,0,0,1.524e-23,1.178e-24
step128,128,K,u,head,1024,32-64,786432,0.0009493926,0.0006855399,0.001728058,0.00122494,0.001459137,0.001719339,0.001844679,0.001565,0.001536,0,0,1.524e-23,1.178e-24
step128,128,K,u,head,1024,64-128,1572864,0.0004630205,0.0006581157,0.0007972717,0.0008286453,0.001073498,0.001745769,0.001839138,0.001565,0.001536,0,0,1.524e-23,1.178e-24
step128,128,K,u,head,1024,128-256,3145728,0.0004831559,0.0003909635,0.0006154378,0.000262614,0.000477632,0.00171566,0.00179427,0.001565,0.001536,0,0,1.524e-23,1.178e-24
step128,128,K,u,head,1024,256-512,6291456,0.0004139497,0.0001797524,0.0003143946,0.0003824784,0.0002001018,0.001749811,0.001736596,0.001565,0.001536,0,0,1.524e-23,1.178e-24
step128,128,K,u,head,1024,512-1024,1.258291e+07,0.0003995164,0.0001916255,0.0003399849,0.0001062706,0.000272442,0.001741353,0.001760085,0.001565,0.001536,0,0,1.524e-23,1.178e-24
step128,128,K,v,residual,1024,spike,786432,0.0005747834,0.0005157084,0.001622518,0.001355535,0.001624514,0.001761482,0.001888093,0.001565,0.001536,0,0,1.524e-23,1.178e-24
step128,128,K,v,residual,1024,32-64,786432,0.00114928,0.0009738294,0.001974742,0.0009340007,0.001191291,0.001712617,0.001893906,0.001565,0.001536,0,0,1.524e-23,1.178e-24
step128,128,K,v,residual,1024,64-128,1572864,0.0006188307,0.0004635366,0.0006732941,0.0004963776,0.0007602304,0.001770837,0.001766931,0.001565,0.001536,0,0,1.524e-23,1.178e-24
step128,128,K,v,residual,1024,128-256,3145728,0.0004871046,0.000223474,0.0005877813,0.0002757971,0.0004542457,0.001755124,0.001751219,0.001565,0.001536,0,0,1.524e-23,1.178e-24
step128,128,K,v,residual,1024,256-512,6291456,0.0007360319,0.0004670529,0.0006410281,0.0002861285,0.0002489091,0.001725946,0.001752195,0.001565,0.001536,0,0,1.524e-23,1.178e-24
step128,128,K,v,residual,1024,512-1024,1.258291e+07,0.0003341589,0.000160924,0.0002881686,0.0001041988,0.0003066948,0.001749186,0.001780669,0.001565,0.001536,0,0,1.524e-23,1.178e-24
step128,128,V,u,head,1024,spike,786432,0.0008132638,0.0009525509,0.002431234,0.002002762,0.002271741,0.001792363,0.00197129,0.001565,0.001536,0,0,1.524e-23,1.178e-24
step128,128,V,u,head,1024,32-64,786432,0.0004163403,0.000546226,0.001642863,0.001442627,0.001657645,0.001764207,0.001925696,0.001565,0.001536,0,0,1.524e-23,1.178e-24
step128,128,V,u,head,1024,64-128,1572864,0.0008386925,0.0005860328,0.001306534,0.0006642243,0.000928077,0.001739593,0.001828693,0.001565,0.001536,0,0,1.524e-23,1.178e-24
step128,128,V,u,head,1024,128-256,3145728,0.0006663981,0.0004215452,0.0007581711,0.0002738607,0.0004536347,0.001743044,0.001761255,0.001565,0.001536,0,0,1.524e-23,1.178e-24
step128,128,V,u,head,1024,256-512,6291456,0.0005276385,0.0003950111,0.0004472733,0.0003669599,0.0002007942,0.001742772,0.001749788,0.001565,0.001536,0,0,1.524e-23,1.178e-24
step128,128,V,u,head,1024,512-1024,1.258291e+07,0.000463575,0.0001997223,0.0004126231,0.0001670276,0.0002519078,0.001729114,0.001759007,0.001565,0.001536,0,0,1.524e-23,1.178e-24
step128,128,V,v,residual,1024,spike,786432,0.0006649932,0.0008349419,0.002070109,0.002099822,0.002363675,0.00168319,0.001954578,0.001565,0.001536,0,0,1.524e-23,1.178e-24
step128,128,V,v,residual,1024,32-64,786432,0.0008358342,0.0005909813,0.001108805,0.0003541247,0.0005635237,0.001776922,0.001819974,0.001565,0.001536,0,0,1.524e-23,1.178e-24
step128,128,V,v,residual,1024,64-128,1572864,0.0007567504,0.0004928977,0.001749039,0.001324877,0.001588507,0.00175794,0.001830146,0.001565,0.001536,0,0,1.524e-23,1.178e-24
step128,128,V,v,residual,1024,128-256,3145728,0.0004513701,0.00033111,0.0005785624,0.0001975055,0.0003659828,0.001739865,0.001790319,0.001565,0.001536,0,0,1.524e-23,1.178e-24
step128,128,V,v,residual,1024,256-512,6291456,0.0004054065,0.0002042192,0.0002994537,0.0004461311,0.0002889124,0.001745814,0.001720133,0.001565,0.001536,0,0,1.524e-23,1.178e-24
step128,128,V,v,residual,1024,512-1024,1.258291e+07,0.0002650757,0.0002218891,0.0002245903,0.0003452761,0.0001836509,0.001744861,0.001763242,0.001565,0.001536,0,0,1.524e-23,1.178e-24
step128,128,O,u,residual,1024,spike,786432,0.0008102211,0.0007143663,0.002162933,0.001789524,0.002040635,0.001747313,0.001962934,0.001565,0.001536,0,0,1.524e-23,1.178e-24
step128,128,O,u,residual,1024,32-64,786432,0.0007418611,0.0006025741,0.00188446,0.001284748,0.001548601,0.001787095,0.001857213,0.001565,0.001536,0,0,1.524e-23,1.178e-24
step128,128,O,u,residual,1024,64-128,1572864,0.0006209449,0.0004454938,0.001092911,0.0006528541,0.0009164847,0.0017415,0.00182397,0.001565,0.001536,0,0,1.524e-23,1.178e-24
step128,128,O,u,residual,1024,128-256,3145728,0.0005081288,0.0004238556,0.0007108053,0.000509357,0.0003412456,0.001764661,0.001779874,0.001565,0.001536,0,0,1.524e-23,1.178e-24
step128,128,O,u,residual,1024,256-512,6291456,0.0005339085,0.0002700558,0.0004213651,0.0004543901,0.0002393722,0.001741296,0.001733008,0.001565,0.001536,0,0,1.524e-23,1.178e-24
step128,128,O,u,residual,1024,512-1024,1.258291e+07,0.0003486656,0.0001317768,0.0002787113,0.0001667006,0.000247959,0.00174796,0.001748755,0.001565,0.001536,0,0,1.524e-23,1.178e-24
step128,128,O,v,head,1024,spike,786432,0.000643556,0.0006932981,0.002283732,0.002345234,0.002609087,0.001767113,0.001986367,0.001565,0.001536,0,0,1.524e-23,1.178e-24
step128,128,O,v,head,1024,32-64,786432,0.0005563037,0.0007657027,0.001555125,0.001750096,0.001984294,0.001778012,0.001923516,0.001565,0.001536,0,0,1.524e-23,1.178e-24
step128,128,O,v,head,1024,64-128,1572864,0.0006077627,0.0003813216,0.00118955,0.0009185375,0.00118239,0.001793907,0.001787186,0.001565,0.001536,0,0,1.524e-23,1.178e-24
step128,128,O,v,head,1024,128-256,3145728,0.0003819564,0.0002448194,0.0004072189,0.000276254,0.0003621669,0.001769248,0.001753035,0.001565,0.001536,0,0,1.524e-23,1.178e-24
step128,128,O,v,head,1024,256-512,6291456,0.0004493459,0.0003162316,0.0003938675,0.0003466149,0.0002628854,0.001728648,0.00172967,0.001565,0.001536,0,0,1.524e-23,1.178e-24
step128,128,O,v,head,1024,512-1024,1.258291e+07,0.0003698054,0.0001822999,0.000453949,0.0002298018,0.0004987807,0.001746155,0.001768816,0.001565,0.001536,0,0,1.524e-23,1.178e-24
step128,128,MLP_IN,u,hidden,4096,spike,3145728,0.0007806285,0.0007178732,0.001887639,0.001183097,0.001248978,0.001748857,0.001896495,0.001565,0.001558,0,0,1.524e-23,8.299e-24
step128,128,MLP_IN,u,hidden,4096,32-64,3145728,0.0002793909,0.0002256527,0.001058896,0.000878875,0.0009447564,0.001759892,0.001839502,0.001565,0.001558,0,0,1.524e-23,8.299e-24
step128,128,MLP_IN,u,hidden,4096,64-128,6291456,0.0001984103,0.0001514662,0.000629584,0.0004749911,0.0005361714,0.00177942,0.001848516,0.001565,0.001558,0,0,1.524e-23,8.299e-24
step128,128,MLP_IN,u,hidden,4096,128-256,1.258291e+07,0.0001747251,0.0001209869,0.0004386902,0.0003376703,0.000403601,0.001760244,0.001810346,0.001565,0.001558,0,0,1.524e-23,8.299e-24
step128,128,MLP_IN,u,hidden,4096,256-512,2.516582e+07,0.0001561397,9.760957e-05,0.0003523032,0.0002304134,0.0002915936,0.001769037,0.001797631,0.001565,0.001558,0,0,1.524e-23,8.299e-24
step128,128,MLP_IN,u,hidden,4096,512-1024,5.033165e+07,7.483728e-05,0.0001375925,0.0001327395,7.724416e-05,6.302564e-05,0.001761102,0.001772023,0.001565,0.001558,0,0,1.524e-23,8.299e-24
step128,128,MLP_IN,v,residual,1024,spike,786432,0.0008629713,0.0006287741,0.001679738,0.001057988,0.001326967,0.00178873,0.001858484,0.001565,0.001536,0,0,1.524e-23,1.178e-24
step128,128,MLP_IN,v,residual,1024,32-64,786432,0.0008422435,0.001106096,0.001539866,0.001390362,0.001653993,0.001761482,0.00186357,0.001565,0.001536,0,0,1.524e-23,1.178e-24
step128,128,MLP_IN,v,residual,1024,64-128,1572864,0.0005717738,0.0004190318,0.0009600321,0.0006986305,0.000962261,0.001778194,0.001817885,0.001565,0.001536,0,0,1.524e-23,1.178e-24
step128,128,MLP_IN,v,residual,1024,128-256,3145728,0.0003282257,0.0004028488,0.0005315145,0.0004405912,0.0006499902,0.001771972,0.001827558,0.001565,0.001536,0,0,1.524e-23,1.178e-24
step128,128,MLP_IN,v,residual,1024,256-512,6291456,0.0003240263,0.0001273085,0.0002888044,0.0005079448,0.0002389658,0.001737368,0.001735755,0.001565,0.001536,0,0,1.524e-23,1.178e-24
step128,128,MLP_IN,v,residual,1024,512-1024,1.258291e+07,0.0003979543,0.0001289754,0.000447909,0.0001464638,0.0003623892,0.001731498,0.001776661,0.001565,0.001536,0,0,1.524e-23,1.178e-24
step128,128,MLP_OUT,u,residual,1024,spike,786432,0.001164287,0.0009004345,0.00285848,0.001870644,0.002065739,0.001726968,0.001937321,0.001565,0.001536,0,0,1.524e-23,1.178e-24
step128,128,MLP_OUT,u,residual,1024,32-64,786432,0.0008142176,0.0006202099,0.001349131,0.0008332974,0.001067495,0.001669566,0.001871745,0.001565,0.001536,0,0,1.524e-23,1.178e-24
step128,128,MLP_OUT,u,residual,1024,64-128,1572864,0.000810718,0.0005470875,0.001153946,0.0003918625,0.0006409577,0.001751037,0.001841772,0.001565,0.001536,0,0,1.524e-23,1.178e-24
step128,128,MLP_OUT,u,residual,1024,128-256,3145728,0.0003809957,0.0002576871,0.0005292892,0.000381337,0.0005672703,0.001739547,0.001792272,0.001565,0.001536,0,0,1.524e-23,1.178e-24
step128,128,MLP_OUT,u,residual,1024,256-512,6291456,0.0005753194,0.0003116889,0.0003620783,0.0002547259,0.0001859035,0.001760574,0.001751355,0.001565,0.001536,0,0,1.524e-23,1.178e-24
step128,128,MLP_OUT,u,residual,1024,512-1024,1.258291e+07,0.0004243949,0.0001605422,0.0005471706,0.0001588325,0.0004278115,0.00174066,0.001790001,0.001565,0.001536,0,0,1.524e-23,1.178e-24
step128,128,MLP_OUT,v,hidden,4096,spike,3145728,0.0004888041,0.0004260489,0.001343727,0.0009263814,0.0009935964,0.001783553,0.00189545,0.001565,0.001558,0,0,1.524e-23,8.299e-24
step128,128,MLP_OUT,v,hidden,4096,32-64,3145728,0.0006091839,0.0006677141,0.0007298787,0.0007846018,0.0008518168,0.001778103,0.001817385,0.001565,0.001558,0,0,1.524e-23,8.299e-24
step128,128,MLP_OUT,v,hidden,4096,64-128,6291456,0.0003260617,0.0003919432,0.0003503164,0.0004082339,0.0004694142,0.001785006,0.001840069,0.001565,0.001558,0,0,1.524e-23,8.299e-24
step128,128,MLP_OUT,v,hidden,4096,128-256,1.258291e+07,0.0001308329,0.0001518965,0.0004343192,0.0004260386,0.00049192,0.001788151,0.001822074,0.001565,0.001558,0,0,1.524e-23,8.299e-24
step128,128,MLP_OUT,v,hidden,4096,256-512,2.516582e+07,0.0002128067,0.0001516265,0.0004544655,0.0002416588,0.0003028391,0.001767085,0.001782968,0.001565,0.001558,0,0,1.524e-23,8.299e-24
step128,128,MLP_OUT,v,hidden,4096,512-1024,5.033165e+07,6.826083e-05,9.546476e-05,0.0001249909,0.0001299678,7.987488e-05,0.001767474,0.001767491,0.001565,0.001558,0,0,1.524e-23,8.299e-24
step256,256,Q,u,head,1024,spike,786432,0.0007603411,0.0007105104,0.002206167,0.001906933,0.002161496,0.00184377,0.00197347,0.001565,0.001536,0,0,1.524e-23,1.178e-24
step256,256,Q,u,head,1024,32-64,786432,0.0005809672,0.0006907484,0.001542409,0.001537864,0.001801494,0.001815614,0.001883007,0.001565,0.001536,0,0,1.524e-23,1.178e-24
step256,256,Q,u,head,1024,64-128,1572864,0.0006320631,0.0003684325,0.001263301,0.0006312375,0.0008948681,0.001713798,0.001812617,0.001565,0.001536,0,0,1.524e-23,1.178e-24
step256,256,Q,u,head,1024,128-256,3145728,0.0008847868,0.0006211562,0.001174927,0.00029014,0.0005537705,0.001770337,0.001769111,0.001565,0.001536,0,0,1.524e-23,1.178e-24
step256,256,Q,u,head,1024,256-512,6291456,0.0001427234,0.0004065761,0.0005432765,0.0004005531,0.0001687361,0.001758167,0.001737958,0.001565,0.001536,0,0,1.524e-23,1.178e-24
step256,256,Q,u,head,1024,512-1024,1.258291e+07,0.0004259844,0.0001621316,0.0004972617,7.12773e-05,0.0003358614,0.001730737,0.001773346,0.001565,0.001536,0,0,1.524e-23,1.178e-24
step256,256,Q,v,residual,1024,spike,786432,0.001262124,0.0009984933,0.002123515,0.001132365,0.001347383,0.001724606,0.001911708,0.001565,0.001536,0,0,1.524e-23,1.178e-24
step256,256,Q,v,residual,1024,32-64,786432,0.0006599884,0.0009289673,0.001199087,0.001508544,0.001772397,0.001809801,0.001872835,0.001565,0.001536,0,0,1.524e-23,1.178e-24
step256,256,Q,v,residual,1024,64-128,1572864,0.0003749286,0.0003512488,0.0007133484,0.0005796002,0.0007646808,0.001723426,0.001818157,0.001565,0.001536,0,0,1.524e-23,1.178e-24
step256,256,Q,v,residual,1024,128-256,3145728,0.0005411461,0.0002775156,0.0006539027,0.0003429074,0.0003763871,0.001737912,0.001769111,0.001565,0.001536,0,0,1.524e-23,1.178e-24
step256,256,Q,v,residual,1024,256-512,6291456,0.0003554576,0.0002623216,0.0002822876,0.0003678554,0.0001400001,0.001771768,0.00174947,0.001565,0.001536,0,0,1.524e-23,1.178e-24
step256,256,Q,v,residual,1024,512-1024,1.258291e+07,0.000301725,0.0001560777,0.0002053579,0.0002079758,0.0003109703,0.001746212,0.001764729,0.001565,0.001536,0,0,1.524e-23,1.178e-24
step256,256,K,u,head,1024,spike,786432,0.001038635,0.00113449,0.002129873,0.001831726,0.002046744,0.001774924,0.00197674,0.001565,0.001536,0,0,1.524e-23,1.178e-24
step256,256,K,u,head,1024,32-64,786432,0.0008403344,0.0006452392,0.002607981,0.001770691,0.001985709,0.001726968,0.001924969,0.001565,0.001536,0,0,1.524e-23,1.178e-24
step256,256,K,u,head,1024,64-128,1572864,0.0002837794,0.0005286323,0.0008716583,0.0009674998,0.001094966,0.001760483,0.001805623,0.001565,0.001536,0,0,1.524e-23,1.178e-24
step256,256,K,u,head,1024,128-256,3145728,0.000185337,0.0002644646,0.0003077189,0.0002319323,0.0003742468,0.001740819,0.001783189,0.001565,0.001536,0,0,1.524e-23,1.178e-24
step256,256,K,u,head,1024,256-512,6291456,0.0004272104,0.0002249868,0.0001624425,0.0004750986,0.0002112459,0.001735892,0.001741432,0.001565,0.001536,0,0,1.524e-23,1.178e-24
step256,256,K,u,head,1024,512-1024,1.258291e+07,0.0003125822,9.231095e-05,0.0002424717,0.0001775828,0.0002567698,0.001740989,0.001756907,0.001565,0.001536,0,0,1.524e-23,1.178e-24
step256,256,K,v,residual,1024,spike,786432,0.00046586,0.0007297128,0.001387278,0.001437979,0.001561288,0.001736414,0.00191734,0.001565,0.001536,0,0,1.524e-23,1.178e-24
step256,256,K,v,residual,1024,32-64,786432,0.0009863042,0.0007351932,0.001885732,0.0008994278,0.001150539,0.001736051,0.001847767,0.001565,0.001536,0,0,1.524e-23,1.178e-24
step256,256,K,v,residual,1024,64-128,1572864,0.0004748349,0.0007384655,0.0006217957,0.000573907,0.000825018,0.001762481,0.001812163,0.001565,0.001536,0,0,1.524e-23,1.178e-24
step256,256,K,v,residual,1024,128-256,3145728,0.0004576508,0.0002065397,0.0004774729,0.00031894,0.0004051418,0.001758666,0.001779011,0.001565,0.001536,0,0,1.524e-23,1.178e-24
step256,256,K,v,residual,1024,256-512,6291456,0.000399119,0.00018972,0.0003816287,0.0003638728,0.0002231959,0.001733825,0.001783348,0.001565,0.001536,0,0,1.524e-23,1.178e-24
step256,256,K,v,residual,1024,512-1024,1.258291e+07,0.0003140154,9.777847e-05,0.0002916654,0.0003122031,0.000234019,0.001745076,0.001756044,0.001565,0.001536,0,0,1.524e-23,1.178e-24
step256,256,V,u,head,1024,spike,786432,0.0008093873,0.001024405,0.001714071,0.001311451,0.001575304,0.001782917,0.001988729,0.001565,0.001536,0,0,1.524e-23,1.178e-24
step256,256,V,u,head,1024,32-64,786432,0.000801891,0.0005380383,0.002577464,0.001832372,0.002101351,0.001774198,0.001913343,0.001565,0.001536,0,0,1.524e-23,1.178e-24
step256,256,V,u,head,1024,64-128,1572864,0.0005933542,0.000353541,0.00100263,0.0007614539,0.0009956512,0.001775015,0.00184813,0.001565,0.001536,0,0,1.524e-23,1.178e-24
step256,256,V,u,head,1024,128-256,3145728,0.0002589324,0.0002717329,0.0003347397,0.0002715832,0.0005057805,0.001760755,0.001756941,0.001565,0.001536,0,0,1.524e-23,1.178e-24
step256,256,V,u,head,1024,256-512,6291456,0.0003295008,0.000250979,0.000322024,0.0003987335,0.0001789117,0.001752922,0.001749198,0.001565,0.001536,0,0,1.524e-23,1.178e-24
step256,256,V,u,head,1024,512-1024,1.258291e+07,0.0004128849,0.0002374339,0.0003379981,0.000296841,0.0001204845,0.001732542,0.001777762,0.001565,0.001536,0,0,1.524e-23,1.178e-24
step256,256,V,v,residual,1024,spike,786432,0.0005272843,0.0007721372,0.001715342,0.001881113,0.002144965,0.001689003,0.001922971,0.001565,0.001536,0,0,1.524e-23,1.178e-24
step256,256,V,v,residual,1024,32-64,786432,0.0006073414,0.0004533284,0.001132965,0.0007668925,0.0006826192,0.001765297,0.001837413,0.001565,0.001536,0,0,1.524e-23,1.178e-24
step256,256,V,v,residual,1024,64-128,1572864,0.0007050475,0.0004900296,0.0007616679,0.0003489154,0.0005061341,0.001738049,0.001821336,0.001565,0.001536,0,0,1.524e-23,1.178e-24
step256,256,V,v,residual,1024,128-256,3145728,0.0007946929,0.000579675,0.000857989,0.0001682487,0.0003846523,0.001754942,0.001805215,0.001565,0.001536,0,0,1.524e-23,1.178e-24
step256,256,V,v,residual,1024,256-512,6291456,0.000223775,0.0003251325,0.0002673467,0.0002556796,0.0001974717,0.001738389,0.001772767,0.001565,0.001536,0,0,1.524e-23,1.178e-24
step256,256,V,v,residual,1024,512-1024,1.258291e+07,0.0002083047,0.0001779406,0.0002156099,0.0002417798,0.0002431111,0.001738923,0.00175912,0.001565,0.001536,0,0,1.524e-23,1.178e-24
step256,256,O,u,residual,1024,spike,786432,0.0009427685,0.0008034815,0.001739502,0.0009549102,0.001111637,0.00173932,0.001844679,0.001565,0.001536,0,0,1.524e-23,1.178e-24
step256,256,O,u,residual,1024,32-64,786432,0.0008294764,0.0005846235,0.001960754,0.001494521,0.001745632,0.00179091,0.001836141,0.001565,0.001536,0,0,1.524e-23,1.178e-24
step256,256,O,u,residual,1024,64-128,1572864,0.0003655815,0.0004402833,0.0007286072,0.0004376389,0.0006824918,0.001721064,0.001799266,0.001565,0.001536,0,0,1.524e-23,1.178e-24
step256,256,O,u,residual,1024,128-256,3145728,0.0006423095,0.0003784568,0.0009431839,0.0003176193,0.0005865982,0.001728421,0.001771791,0.001565,0.001536,0,0,1.524e-23,1.178e-24
step256,256,O,u,residual,1024,256-512,6291456,0.0004527906,0.0001898442,0.0005620321,0.0001983706,0.0003782204,0.001736641,0.001752104,0.001565,0.001536,0,0,1.524e-23,1.178e-24
step256,256,O,u,residual,1024,512-1024,1.258291e+07,0.000169363,0.0003546874,0.0002798239,0.0002763299,0.0002834727,0.001752388,0.001773062,0.001565,0.001536,0,0,1.524e-23,1.178e-24
step256,256,O,v,head,1024,spike,786432,0.0009504891,0.001177767,0.001138051,0.001671304,0.001935157,0.001925332,0.001909347,0.001565,0.001536,0,0,1.524e-23,1.178e-24
step256,256,O,v,head,1024,32-64,786432,0.000633078,0.0007563866,0.001511892,0.00158225,0.001816447,0.00178328,0.001841954,0.001565,0.001536,0,0,1.524e-23,1.178e-24
step256,256,O,v,head,1024,64-128,1572864,0.0004019836,0.000422448,0.000937144,0.0006635524,0.0009146634,0.001723517,0.00180308,0.001565,0.001536,0,0,1.524e-23,1.178e-24
step256,256,O,v,head,1024,128-256,3145728,0.0003349536,0.0003036749,0.0004981359,0.0002670225,0.0004764215,0.001728149,0.001753943,0.001565,0.001536,0,0,1.524e-23,1.178e-24
step256,256,O,v,head,1024,256-512,6291456,0.0002959279,0.000221934,0.0002935727,0.0004395206,0.0002827942,0.001761187,0.001761936,0.001565,0.001536,0,0,1.524e-23,1.178e-24
step256,256,O,v,head,1024,512-1024,1.258291e+07,0.0002630094,0.0002332537,0.0002484322,0.0002462962,0.0002966731,0.001738719,0.001788389,0.001565,0.001536,0,0,1.524e-23,1.178e-24
step256,256,MLP_IN,u,hidden,4096,spike,3145728,0.0006495551,0.000605704,0.001769384,0.001299371,0.001365302,0.001739048,0.001873788,0.001565,0.001558,0,0,1.524e-23,8.299e-24
step256,256,MLP_IN,u,hidden,4096,32-64,3145728,0.0002312562,0.0002971869,0.0008509954,0.0007519623,0.0008178931,0.001761936,0.001845632,0.001565,0.001558,0,0,1.524e-23,8.299e-24
step256,256,MLP_IN,u,hidden,4096,64-128,6291456,0.0002803189,0.0002191387,0.0008328756,0.0005525566,0.0006137369,0.00177086,0.001851445,0.001565,0.001558,0,0,1.524e-23,8.299e-24
step256,256,MLP_IN,u,hidden,4096,128-256,1.258291e+07,0.0002609248,0.0002331495,0.0003672441,0.0002484617,0.0003104589,0.001754613,0.001818873,0.001565,0.001558,0,0,1.524e-23,8.299e-24
step256,256,MLP_IN,u,hidden,4096,256-512,2.516582e+07,0.0001478691,0.0001047868,0.0003807942,0.0002461518,0.0003125934,0.001776468,0.001782395,0.001565,0.001558,0,0,1.524e-23,8.299e-24
step256,256,MLP_IN,u,hidden,4096,512-1024,5.033165e+07,9.14815e-05,5.044314e-05,9.316206e-05,8.153982e-05,6.561165e-05,0.001770553,0.001771178,0.001565,0.001558,0,0,1.524e-23,8.299e-24
step256,256,MLP_IN,v,residual,1024,spike,786432,0.0007406514,0.0005419818,0.001613617,0.001175468,0.001439098,0.001747676,0.001825605,0.001565,0.001536,0,0,1.524e-23,1.178e-24
step256,256,MLP_IN,v,residual,1024,32-64,786432,0.0007990103,0.001062863,0.001040141,0.001083212,0.001250906,0.001776559,0.001930418,0.001565,0.001536,0,0,1.524e-23,1.178e-24
step256,256,MLP_IN,v,residual,1024,64-128,1572864,0.000511974,0.0004840423,0.0009924571,0.0004804831,0.0007443358,0.001739593,0.001855578,0.001565,0.001536,0,0,1.524e-23,1.178e-24
step256,256,MLP_IN,v,residual,1024,128-256,3145728,0.0004695614,0.0004184971,0.0006615321,0.0002335473,0.0004089984,0.001767749,0.001774742,0.001565,0.001536,0,0,1.524e-23,1.178e-24
step256,256,MLP_IN,v,residual,1024,256-512,6291456,0.000470577,0.000225724,0.0005100568,0.0002293944,0.0004444123,0.001730147,0.001779783,0.001565,0.001536,0,0,1.524e-23,1.178e-24
step256,256,MLP_IN,v,residual,1024,512-1024,1.258291e+07,0.0002613926,0.000159307,0.0003376007,0.0001675106,0.0004123636,0.001732486,0.0017545,0.001565,0.001536,0,0,1.524e-23,1.178e-24
step256,256,MLP_OUT,u,residual,1024,spike,786432,0.001393465,0.00119837,0.00226593,0.001135093,0.001380373,0.001725515,0.001892816,0.001565,0.001536,0,0,1.524e-23,1.178e-24
step256,256,MLP_OUT,u,residual,1024,32-64,786432,0.001109646,0.0008625984,0.001324972,0.0007077238,0.0008559838,0.001756577,0.001845769,0.001565,0.001536,0,0,1.524e-23,1.178e-24
step256,256,MLP_OUT,u,residual,1024,64-128,1572864,0.0008252525,0.0006158535,0.001098633,0.0005913756,0.0007306626,0.001724062,0.001775923,0.001565,0.001536,0,0,1.524e-23,1.178e-24
step256,256,MLP_OUT,u,residual,1024,128-256,3145728,0.000552593,0.0003869636,0.0007851919,0.0003569858,0.0005663847,0.00173269,0.001792363,0.001565,0.001536,0,0,1.524e-23,1.178e-24
step256,256,MLP_OUT,u,residual,1024,256-512,6291456,0.0003820016,0.0001494875,0.0003363291,0.0003529055,0.0002995866,0.001741318,0.001754238,0.001565,0.001536,0,0,1.524e-23,1.178e-24
step256,256,MLP_OUT,u,residual,1024,512-1024,1.258291e+07,0.0003220339,0.0001825223,0.0002336502,0.0003040969,0.0001956257,0.001743589,0.001767556,0.001565,0.001536,0,0,1.524e-23,1.178e-24
step256,256,MLP_OUT,v,hidden,4096,spike,3145728,0.0004036246,0.0003688114,0.001534144,0.001320634,0.001383389,0.001778239,0.001851854,0.001565,0.001558,0,0,1.524e-23,8.299e-24
step256,256,MLP_OUT,v,hidden,4096,32-64,3145728,0.0003622986,0.0004234789,0.0008885066,0.0009315348,0.00099429,0.00177388,0.001874924,0.001565,0.001558,0,0,1.524e-23,8.299e-24
step256,256,MLP_OUT,v,hidden,4096,64-128,6291456,0.0001852075,0.0001917094,0.0008398692,0.0007331034,0.0008003184,0.001761028,0.001825219,0.001565,0.001558,0,0,1.524e-23,8.299e-24
step256,256,MLP_OUT,v,hidden,4096,128-256,1.258291e+07,0.0002734204,0.0002091487,0.0006715457,0.0004543708,0.0005129009,0.001771291,0.00181902,0.001565,0.001558,0,0,1.524e-23,8.299e-24
step256,256,MLP_OUT,v,hidden,4096,256-512,2.516582e+07,0.0001569771,9.579681e-05,0.0002736251,0.000116648,0.0001778282,0.001761578,0.001783337,0.001565,0.001558,0,0,1.524e-23,8.299e-24
step256,256,MLP_OUT,v,hidden,4096,512-1024,5.033165e+07,6.200423e-05,6.777233e-05,0.0001098712,6.726749e-05,0.0001300227,0.001765095,0.001774689,0.001565,0.001558,0,0,1.524e-23,8.299e-24
step512,512,Q,u,head,1024,spike,786432,0.003835088,0.004104067,0.0009651184,0.003356979,0.003625958,0.002341679,0.002086094,0.001565,0.001536,0,0,1.524e-23,1.178e-24
step512,512,Q,u,head,1024,32-64,786432,0.0006166542,0.0005903032,0.001688639,0.00147799,0.001729101,0.001712799,0.001944951,0.001565,0.001536,0,0,1.524e-23,1.178e-24
step512,512,Q,u,head,1024,64-128,1572864,0.0004308458,0.0006494311,0.001158396,0.00080749,0.001076469,0.001691818,0.001865569,0.001565,0.001536,0,0,1.524e-23,1.178e-24
step512,512,Q,u,head,1024,128-256,3145728,0.0006405055,0.0003715266,0.0006462733,0.0002248334,0.000422062,0.001730329,0.001796405,0.001565,0.001536,0,0,1.524e-23,1.178e-24
step512,512,Q,u,head,1024,256-512,6291456,0.0002570613,0.0001268387,0.000392278,0.0004578251,0.0003185381,0.001759506,0.001766023,0.001565,0.001536,0,0,1.524e-23,1.178e-24
step512,512,Q,u,head,1024,512-1024,1.258291e+07,0.0003961821,0.0001698171,0.0004190604,0.0002028031,0.000323195,0.001741046,0.001765001,0.001565,0.001536,0,0,1.524e-23,1.178e-24
step512,512,Q,v,residual,1024,spike,786432,0.003206422,0.002942569,0.00497818,0.00179885,0.002043703,0.001644679,0.001946404,0.001565,0.001536,0,0,1.524e-23,1.178e-24
step512,512,Q,v,residual,1024,32-64,786432,0.0006018724,0.0008360697,0.001633962,0.001901413,0.00213561,0.001766205,0.001943134,0.001565,0.001536,0,0,1.524e-23,1.178e-24
step512,512,Q,v,residual,1024,64-128,1572864,0.0004100039,0.0004668905,0.001351039,0.001060522,0.001275539,0.001751854,0.001804624,0.001565,0.001536,0,0,1.524e-23,1.178e-24
step512,512,Q,v,residual,1024,128-256,3145728,0.000447053,0.0004143606,0.0004574458,0.000443105,0.000228087,0.001741727,0.001799629,0.001565,0.001536,0,0,1.524e-23,1.178e-24
step512,512,Q,v,residual,1024,256-512,6291456,0.0003785446,0.0002073974,0.0003563563,0.0004027071,0.0002391213,0.001773312,0.001744974,0.001565,0.001536,0,0,1.524e-23,1.178e-24
step512,512,Q,v,residual,1024,512-1024,1.258291e+07,0.0003536185,0.0001696854,0.0002075831,0.0003971596,0.0001281807,0.001737481,0.001756032,0.001565,0.001536,0,0,1.524e-23,1.178e-24
step512,512,K,u,head,1024,spike,786432,0.002739383,0.002990495,0.001478831,0.002085835,0.002349688,0.00212297,0.002003624,0.001565,0.001536,0,0,1.524e-23,1.178e-24
step512,512,K,u,head,1024,32-64,786432,0.001013007,0.000761896,0.002024333,0.001438997,0.00168385,0.001692454,0.001937503,0.001565,0.001536,0,0,1.524e-23,1.178e-24
step512,512,K,u,head,1024,64-128,1572864,0.0007176283,0.0005225331,0.001597722,0.0008800941,0.001075189,0.001694815,0.001784733,0.001565,0.001536,0,0,1.524e-23,1.178e-24
step512,512,K,u,head,1024,128-256,3145728,0.0007002019,0.0004490909,0.001101494,0.0004945442,0.0007581747,0.001710528,0.001803671,0.001565,0.001536,0,0,1.524e-23,1.178e-24
step512,512,K,u,head,1024,256-512,6291456,0.0003080828,0.0001897813,0.0002179146,0.0003089264,0.0002249886,0.001739525,0.001759257,0.001565,0.001536,0,0,1.524e-23,1.178e-24
step512,512,K,u,head,1024,512-1024,1.258291e+07,0.0002281053,0.0001269272,0.0002013048,0.0002204759,0.0002416872,0.00173789,0.001773255,0.001565,0.001536,0,0,1.524e-23,1.178e-24
step512,512,K,v,residual,1024,spike,786432,0.001688217,0.00145402,0.003433228,0.001797153,0.002048264,0.001678103,0.002013615,0.001565,0.001536,0,0,1.524e-23,1.178e-24
step512,512,K,v,residual,1024,32-64,786432,0.001133806,0.0008982022,0.002995809,0.001862003,0.002113114,0.001730783,0.001902989,0.001565,0.001536,0,0,1.524e-23,1.178e-24
step512,512,K,v,residual,1024,64-128,1572864,0.0005167631,0.000542337,0.000778834,0.0005024373,0.0007216288,0.001743226,0.001787367,0.001565,0.001536,0,0,1.524e-23,1.178e-24
step512,512,K,v,residual,1024,128-256,3145728,0.0006306509,0.0003923423,0.0007772446,0.0002910268,0.0004673902,0.001734461,0.001793861,0.001565,0.001536,0,0,1.524e-23,1.178e-24
step512,512,K,v,residual,1024,256-512,6291456,0.0004436635,0.0001938986,0.0005774498,0.0002002103,0.0003848973,0.001728444,0.00174477,0.001565,0.001536,0,0,1.524e-23,1.178e-24
step512,512,K,v,residual,1024,512-1024,1.258291e+07,0.0003138203,0.0001978009,0.0003700256,0.0001503289,0.0004193079,0.001757122,0.00176105,0.001565,0.001536,0,0,1.524e-23,1.178e-24
step512,512,V,u,head,1024,spike,786432,0.001106092,0.0009109965,0.00243632,0.001683138,0.00192799,0.001708984,0.001892998,0.001565,0.001536,0,0,1.524e-23,1.178e-24
step512,512,V,u,head,1024,32-64,786432,0.0006716255,0.0006067219,0.001570384,0.001326784,0.001590415,0.001763298,0.00192624,0.001565,0.001536,0,0,1.524e-23,1.178e-24
step512,512,V,u,head,1024,64-128,1572864,0.0006892835,0.000425653,0.001218796,0.0006091157,0.0008437724,0.001792272,0.001819247,0.001565,0.001536,0,0,1.524e-23,1.178e-24
step512,512,V,u,head,1024,128-256,3145728,0.0005815922,0.0003177395,0.0005922318,0.0003857711,0.0003655904,0.001759257,0.001774742,0.001565,0.001536,0,0,1.524e-23,1.178e-24
step512,512,V,u,head,1024,256-512,6291456,0.0005491117,0.0002801328,0.0002573331,0.0005598528,0.0003087418,0.001753353,0.001735687,0.001565,0.001536,0,0,1.524e-23,1.178e-24
step512,512,V,u,head,1024,512-1024,1.258291e+07,0.0003199759,0.0001418253,0.0002848307,0.0001149412,0.0002892915,0.001736221,0.001771064,0.001565,0.001536,0,0,1.524e-23,1.178e-24
step512,512,V,v,residual,1024,spike,786432,0.001132109,0.0008872561,0.002641042,0.001508933,0.001753786,0.001660483,0.00201307,0.001565,0.001536,0,0,1.524e-23,1.178e-24
step512,512,V,v,residual,1024,32-64,786432,0.0005818362,0.0005052215,0.001319885,0.0007981278,0.001056505,0.001720065,0.001844679,0.001565,0.001536,0,0,1.524e-23,1.178e-24
step512,512,V,v,residual,1024,64-128,1572864,0.0004401306,0.0002406475,0.0009829203,0.0005798277,0.0007892266,0.001759211,0.001823698,0.001565,0.001536,0,0,1.524e-23,1.178e-24
step512,512,V,v,residual,1024,128-256,3145728,0.0002736006,0.0003663629,0.0004339218,0.0003673119,0.0003338369,0.001765887,0.001762935,0.001565,0.001536,0,0,1.524e-23,1.178e-24
step512,512,V,v,residual,1024,256-512,6291456,0.0003581795,0.0003268535,0.0003644625,0.0004626269,0.0001989964,0.00173982,0.001741387,0.001565,0.001536,0,0,1.524e-23,1.178e-24
step512,512,V,v,residual,1024,512-1024,1.258291e+07,0.0003549595,0.0001208947,0.0002355576,0.000246807,0.0001425051,0.001735222,0.001767204,0.001565,0.001536,0,0,1.524e-23,1.178e-24
step512,512,O,u,residual,1024,spike,786432,0.001134191,0.000865212,0.003149668,0.002392671,0.002637524,0.001673744,0.002026876,0.001565,0.001536,0,0,1.524e-23,1.178e-24
step512,512,O,u,residual,1024,32-64,786432,0.000494416,0.0004609988,0.001168569,0.001240318,0.001503948,0.001783462,0.001920428,0.001565,0.001536,0,0,1.524e-23,1.178e-24
step512,512,O,u,residual,1024,64-128,1572864,0.0005997121,0.0003547516,0.001211802,0.0008345779,0.001085689,0.001729693,0.001850855,0.001565,0.001536,0,0,1.524e-23,1.178e-24
step512,512,O,u,residual,1024,128-256,3145728,0.0005002482,0.0002504832,0.0005257924,0.0001959684,0.0003324933,0.001727967,0.001782735,0.001565,0.001536,0,0,1.524e-23,1.178e-24
step512,512,O,u,residual,1024,256-512,6291456,0.0003290204,0.0002057388,0.0002983411,0.0002663573,0.0002703703,0.00175115,0.001766023,0.001565,0.001536,0,0,1.524e-23,1.178e-24
step512,512,O,u,residual,1024,512-1024,1.258291e+07,0.0003802532,0.0001881408,0.0003155867,0.0002263415,0.0002230099,0.001742329,0.001767442,0.001565,0.001536,0,0,1.524e-23,1.178e-24
step512,512,O,v,head,1024,spike,786432,0.0184085,0.01867748,0.01205317,0.006355331,0.00662431,0.00382596,0.002670651,0.001565,0.001536,0,7.26609e-07,1.524e-23,1.178e-24
step512,512,O,v,head,1024,32-64,786432,0.001228962,0.001438361,0.003873189,0.00431242,0.004576051,0.001861572,0.002224695,0.001565,0.001536,0,0,1.524e-23,1.178e-24
step512,512,O,v,head,1024,64-128,1572864,0.0007698974,0.0005548794,0.002342224,0.002070576,0.002334429,0.001724788,0.001979737,0.001565,0.001536,0,0,1.524e-23,1.178e-24
step512,512,O,v,head,1024,128-256,3145728,0.0004670802,0.0003266443,0.0009756088,0.0005519053,0.0008208842,0.00176507,0.001828829,0.001565,0.001536,0,0,1.524e-23,1.178e-24
step512,512,O,v,head,1024,256-512,6291456,0.0002776845,0.0003326373,0.0004116694,0.0004902835,0.0002454013,0.001742363,0.001755987,0.001565,0.001536,0,0,1.524e-23,1.178e-24
step512,512,O,v,head,1024,512-1024,1.258291e+07,0.0001290349,0.0003154067,0.0001808008,0.0002232627,0.0004639555,0.001761493,0.001791682,0.001565,0.001536,0,0,1.524e-23,1.178e-24
step512,512,MLP_IN,u,hidden,4096,spike,3145728,0.0004428291,0.0003905088,0.001544635,0.001275426,0.001342641,0.001763026,0.001870791,0.001565,0.001558,0,0,1.524e-23,8.299e-24
step512,512,MLP_IN,u,hidden,4096,32-64,3145728,0.0002590878,0.0003025118,0.0006106695,0.0004080777,0.0004739592,0.001767204,0.001835823,0.001565,0.001558,0,0,1.524e-23,8.299e-24
step512,512,MLP_IN,u,hidden,4096,64-128,6291456,0.0001750544,0.0001875094,0.0004412333,0.0004507637,0.0005030841,0.001775242,0.001827989,0.001565,0.001558,0,0,1.524e-23,8.299e-24
step512,512,MLP_IN,u,hidden,4096,128-256,1.258291e+07,0.0001212399,0.00018798,0.0003149509,0.0003911989,0.0004539541,0.001783394,0.00179108,0.001565,0.001558,0,0,1.524e-23,8.299e-24
step512,512,MLP_IN,u,hidden,4096,256-512,2.516582e+07,0.000124936,0.0001488943,0.0003427267,0.0002714241,0.0003373056,0.001765921,0.001786153,0.001565,0.001558,0,0,1.524e-23,8.299e-24
step512,512,MLP_IN,u,hidden,4096,512-1024,5.033165e+07,6.091148e-05,7.609079e-05,0.000118196,0.0001428281,7.69467e-05,0.001773783,0.001764783,0.001565,0.001558,0,0,1.524e-23,8.299e-24
step512,512,MLP_IN,v,residual,1024,spike,786432,0.0009227259,0.000731837,0.002118429,0.001345857,0.001609488,0.001774198,0.001883734,0.001565,0.001536,0,0,1.524e-23,1.178e-24
step512,512,MLP_IN,v,residual,1024,32-64,786432,0.0009992889,0.001122598,0.001291911,0.001167468,0.001362563,0.001749856,0.001860846,0.001565,0.001536,0,0,1.524e-23,1.178e-24
step512,512,MLP_IN,v,residual,1024,64-128,1572864,0.0009526077,0.0007014967,0.001387914,0.0008182462,0.001027645,0.001782009,0.001857485,0.001565,0.001536,0,0,1.524e-23,1.178e-24
step512,512,MLP_IN,v,residual,1024,128-256,3145728,0.0005541797,0.0002905491,0.0005610784,0.0002345064,0.0004151451,0.001750991,0.00179318,0.001565,0.001536,0,0,1.524e-23,1.178e-24
step512,512,MLP_IN,v,residual,1024,256-512,6291456,0.0004735942,0.0002324417,0.0003445943,0.0002757413,0.0002083109,0.001749493,0.001756123,0.001565,0.001536,0,0,1.524e-23,1.178e-24
step512,512,MLP_IN,v,residual,1024,512-1024,1.258291e+07,0.0002691288,0.0001579394,0.0004077752,0.0001386464,0.0004076254,0.001765353,0.001756248,0.001565,0.001536,0,0,1.524e-23,1.178e-24
step512,512,MLP_OUT,u,residual,1024,spike,786432,0.002395584,0.002126605,0.003744761,0.001514902,0.001778755,0.001603444,0.001900809,0.001565,0.001536,0,0,1.524e-23,1.178e-24
step512,512,MLP_OUT,u,residual,1024,32-64,786432,0.001076286,0.001339916,0.0008761088,0.001225835,0.001494814,0.001725515,0.001887549,0.001565,0.001536,0,0,1.524e-23,1.178e-24
step512,512,MLP_OUT,u,residual,1024,64-128,1572864,0.0003743073,0.0006381601,0.001003901,0.0008575023,0.001121355,0.001763753,0.001820973,0.001565,0.001536,0,0,1.524e-23,1.178e-24
step512,512,MLP_OUT,u,residual,1024,128-256,3145728,0.0005816284,0.0003305174,0.0008249283,0.0003369586,0.0005620357,0.001754942,0.001780555,0.001565,0.001536,0,0,1.524e-23,1.178e-24
step512,512,MLP_OUT,u,residual,1024,256-512,6291456,0.0002934598,0.0002238465,0.00020202,0.0002980782,0.0002009004,0.001761119,0.001747722,0.001565,0.001536,0,0,1.524e-23,1.178e-24
step512,512,MLP_OUT,u,residual,1024,512-1024,1.258291e+07,0.0002098906,0.0001604648,0.0002509753,0.0002096831,0.0002620832,0.001746655,0.001760278,0.001565,0.001536,0,0,1.524e-23,1.178e-24
step512,512,MLP_OUT,v,hidden,4096,spike,3145728,0.003361112,0.003428327,0.001922925,0.001561706,0.001627587,0.002179464,0.001979737,0.001565,0.001558,0,0,1.524e-23,8.299e-24
step512,512,MLP_OUT,v,hidden,4096,32-64,3145728,0.0008087616,0.0008759765,0.0006348292,0.001424835,0.00149205,0.001879011,0.001909438,0.001565,0.001558,0,0,1.524e-23,8.299e-24
step512,512,MLP_OUT,v,hidden,4096,64-128,6291456,0.0005023298,0.00056351,0.0005245209,0.0008565125,0.0009192677,0.001819701,0.001882962,0.001565,0.001558,0,0,1.524e-23,8.299e-24
step512,512,MLP_OUT,v,hidden,4096,128-256,1.258291e+07,0.0001277742,0.0001926006,0.0006961823,0.0006724045,0.0007382859,0.001788276,0.00185459,0.001565,0.001558,0,0,1.524e-23,8.299e-24
step512,512,MLP_OUT,v,hidden,4096,256-512,2.516582e+07,0.0001295868,0.0001717559,0.0005778472,0.0005450889,0.0006109704,0.00177103,0.001819406,0.001565,0.001558,0,0,1.524e-23,8.299e-24
step512,512,MLP_OUT,v,hidden,4096,512-1024,5.033165e+07,0.0001235309,8.424588e-05,0.0001814365,0.0001029413,9.719065e-05,0.001768081,0.001771808,0.001565,0.001558,0,0,1.524e-23,8.299e-24
step1000,1000,Q,u,head,1024,spike,786432,0.01446333,0.01472696,0.008150736,0.006899562,0.00716854,0.00365993,0.002679916,0.001565,0.001536,0,5.086263e-06,1.524e-23,1.178e-24
step1000,1000,Q,u,head,1024,32-64,786432,0.000427787,0.0006914175,0.003787994,0.003773203,0.004037055,0.001814343,0.002238319,0.001565,0.001536,0,0,1.524e-23,1.178e-24
step1000,1000,Q,u,head,1024,64-128,1572864,0.0006676077,0.0008826256,0.002464294,0.002563944,0.002827796,0.001782644,0.002070382,0.001565,0.001536,0,0,1.524e-23,1.178e-24
step1000,1000,Q,u,head,1024,128-256,3145728,0.0003959898,0.0005714409,0.0004885991,0.0004570303,0.0007018832,0.001766114,0.001791636,0.001565,0.001536,0,0,1.524e-23,1.178e-24
step1000,1000,Q,u,head,1024,256-512,6291456,0.0003166262,0.0002317359,0.0002824465,0.0001848999,0.0003066948,0.00174754,0.001751718,0.001565,0.001536,0,0,1.524e-23,1.178e-24
step1000,1000,Q,u,head,1024,512-1024,1.258291e+07,0.0003006557,7.254039e-05,0.0006513596,0.000398727,0.0006175132,0.001754454,0.001796632,0.001565,0.001536,0,0,1.524e-23,1.178e-24
step1000,1000,Q,v,residual,1024,spike,786432,0.004510974,0.004247344,0.006412506,0.001949777,0.00221363,0.00159963,0.00195585,0.001565,0.001536,0,0,1.524e-23,1.178e-24
step1000,1000,Q,v,residual,1024,32-64,786432,0.0008690795,0.0006540616,0.001617432,0.0009474871,0.001142582,0.001774379,0.001902989,0.001565,0.001536,0,0,1.524e-23,1.178e-24
step1000,1000,Q,v,residual,1024,64-128,1572864,0.000583613,0.0003685951,0.001476924,0.0009947863,0.001228984,0.001739865,0.001849492,0.001565,0.001536,0,0,1.524e-23,1.178e-24
step1000,1000,Q,v,residual,1024,128-256,3145728,0.0004381493,0.0002654823,0.0004030863,0.0003435367,0.0003113486,0.001772063,0.001801763,0.001565,0.001536,0,0,1.524e-23,1.178e-24
step1000,1000,Q,v,residual,1024,256-512,6291456,0.0003745221,0.0002124744,0.000363032,0.00026142,0.000269406,0.001727536,0.001739502,0.001565,0.001536,0,0,1.524e-23,1.178e-24
step1000,1000,Q,v,residual,1024,512-1024,1.258291e+07,0.0003749195,0.0001246777,0.0002871354,0.0002851241,0.000171416,0.001754942,0.001748528,0.001565,0.001536,0,0,1.524e-23,1.178e-24
step1000,1000,K,u,head,1024,spike,786432,0.009581789,0.009845419,0.00565211,0.004474686,0.004743665,0.002888452,0.002282461,0.001565,0.001536,7.26609e-07,3.814697e-06,1.524e-23,1.178e-24
step1000,1000,K,u,head,1024,32-64,786432,0.0004869639,0.0004172937,0.002530416,0.002379771,0.002594789,0.001761845,0.002005259,0.001565,0.001536,0,0,1.524e-23,1.178e-24
step1000,1000,K,u,head,1024,64-128,1572864,0.0009064646,0.001029773,0.001476924,0.001479513,0.001748491,0.001754579,0.001920428,0.001565,0.001536,0,0,1.524e-23,1.178e-24
step1000,1000,K,u,head,1024,128-256,3145728,0.0004828314,0.0002564741,0.000486056,0.0005856589,0.0004924648,0.001751809,0.001766704,0.001565,0.001536,0,0,1.524e-23,1.178e-24
step1000,1000,K,u,head,1024,256-512,6291456,0.0004101828,0.0002347318,0.000471433,0.0001925809,0.0003469937,0.001746291,0.001731577,0.001565,0.001536,0,0,1.524e-23,1.178e-24
step1000,1000,K,u,head,1024,512-1024,1.258291e+07,0.0004346831,0.0001993973,0.0005538464,0.0002387802,0.0003955067,0.00173512,0.001776684,0.001565,0.001536,0,0,1.524e-23,1.178e-24
step1000,1000,K,v,residual,1024,spike,786432,0.002373968,0.002104989,0.003791809,0.00174163,0.001986482,0.001654125,0.001965114,0.001565,0.001536,0,0,1.524e-23,1.178e-24
step1000,1000,K,v,residual,1024,32-64,786432,0.001185515,0.0009406619,0.002413432,0.001387745,0.001651598,0.001718794,0.001868112,0.001565,0.001536,0,0,1.524e-23,1.178e-24
step1000,1000,K,v,residual,1024,64-128,1572864,0.0004737531,0.0003291405,0.001020432,0.0005911093,0.000854962,0.001733962,0.001812617,0.001565,0.001536,0,0,1.524e-23,1.178e-24
step1000,1000,K,v,residual,1024,128-256,3145728,0.0003068629,0.0003843344,0.0005000432,0.0005216956,0.0007367135,0.001744497,0.001759938,0.001565,0.001536,0,0,1.524e-23,1.178e-24
step1000,1000,K,v,residual,1024,256-512,6291456,0.0003372187,0.0001683024,0.0003903707,0.0003657404,0.0002963059,0.001760437,0.001738344,0.001565,0.001536,0,0,1.524e-23,1.178e-24
step1000,1000,K,v,residual,1024,512-1024,1.258291e+07,0.000137538,0.0003127294,0.0002372265,0.000155055,0.0003019326,0.001748426,0.001766466,0.001565,0.001536,0,0,1.524e-23,1.178e-24
step1000,1000,V,u,head,1024,spike,786432,0.00123809,0.001482942,0.00164032,0.002641473,0.002892584,0.001915523,0.002023788,0.001565,0.001536,0,0,1.524e-23,1.178e-24
step1000,1000,V,u,head,1024,32-64,786432,0.0006921626,0.0009432736,0.001068115,0.001099489,0.001344342,0.001821972,0.001955305,0.001565,0.001536,0,0,1.524e-23,1.178e-24
step1000,1000,V,u,head,1024,64-128,1572864,0.0005635186,0.0007389697,0.001137416,0.001236429,0.001500282,0.001801173,0.001864751,0.001565,0.001536,0,0,1.524e-23,1.178e-24
step1000,1000,V,u,head,1024,128-256,3145728,0.0006570359,0.0003880569,0.0007826487,0.000202066,0.0004474252,0.001726196,0.00180358,0.001565,0.001536,0,0,1.524e-23,1.178e-24
step1000,1000,V,u,head,1024,256-512,6291456,0.0002743502,0.0003711383,0.0003867149,0.0002954864,0.0002144214,0.0017618,0.001754806,0.001565,0.001536,0,0,1.524e-23,1.178e-24
step1000,1000,V,u,head,1024,512-1024,1.258291e+07,0.0003146668,0.0001097235,0.0003937085,0.0001757351,0.0003270892,0.001751184,0.00176801,0.001565,0.001536,0,0,1.524e-23,1.178e-24
step1000,1000,V,v,residual,1024,spike,786432,0.001011699,0.0007478466,0.002185822,0.001263206,0.001526836,0.001750038,0.00191625,0.001565,0.001536,0,0,1.524e-23,1.178e-24
step1000,1000,V,v,residual,1024,32-64,786432,0.0006222112,0.0005317045,0.002011617,0.00173319,0.002002169,0.00171843,0.001888638,0.001565,0.001536,0,0,1.524e-23,1.178e-24
step1000,1000,V,v,residual,1024,64-128,1572864,0.0005317195,0.0003157891,0.001038869,0.0006549538,0.0008382834,0.001746768,0.001816341,0.001565,0.001536,0,0,1.524e-23,1.178e-24
step1000,1000,V,v,residual,1024,128-256,3145728,0.0006153249,0.0004765823,0.0005334218,0.0003497755,0.0003185061,0.001704988,0.001783008,0.001565,0.001536,0,0,1.524e-23,1.178e-24
step1000,1000,V,v,residual,1024,256-512,6291456,0.0003100735,0.0001706385,0.0003646215,0.0005300199,0.0002663894,0.001734143,0.001729216,0.001565,0.001536,0,0,1.524e-23,1.178e-24
step1000,1000,V,v,residual,1024,512-1024,1.258291e+07,0.0002941695,0.0002347665,0.000297149,0.0001695362,0.0002885017,0.001731657,0.001766318,0.001565,0.001536,0,0,1.524e-23,1.178e-24
step1000,1000,O,u,residual,1024,spike,786432,0.001367738,0.001103947,0.005123138,0.00385289,0.004121869,0.001622336,0.002209436,0.001565,0.001536,0,0,1.524e-23,1.178e-24
step1000,1000,O,u,residual,1024,32-64,786432,0.0006372377,0.0008182678,0.00263087,0.002662243,0.002907096,0.001843225,0.00203505,0.001565,0.001536,0,0,1.524e-23,1.178e-24
step1000,1000,O,u,residual,1024,64-128,1572864,0.0005773266,0.0008244444,0.001195908,0.001578554,0.001842185,0.001818067,0.001934778,0.001565,0.001536,0,0,1.524e-23,1.178e-24
step1000,1000,O,u,residual,1024,128-256,3145728,0.0002457658,0.0004607837,0.0005661647,0.0005746528,0.0008382834,0.001777376,0.001822699,0.001565,0.001536,0,0,1.524e-23,1.178e-24
step1000,1000,O,u,residual,1024,256-512,6291456,0.0002566857,0.0003236644,0.0002659162,0.0003868281,0.0002116198,0.001752672,0.001753852,0.001565,0.001536,0,0,1.524e-23,1.178e-24
step1000,1000,O,u,residual,1024,512-1024,1.258291e+07,0.0002936188,9.623463e-05,0.0003302892,0.0002080195,0.0003452912,0.00174561,0.001799038,0.001565,0.001536,0,0,1.524e-23,1.178e-24
step1000,1000,O,v,head,1024,spike,786432,0.0435185,0.04376961,0.00296402,0.0414574,0.04172103,0.006328038,0.005902608,0.001565,0.001536,6.357829e-06,4.632132e-05,1.524e-23,1.178e-24
step1000,1000,O,v,head,1024,32-64,786432,0.01535166,0.01562064,0.01153437,0.02682168,0.02708531,0.003384363,0.004578363,0.001565,0.001536,0,4.722959e-06,1.524e-23,1.178e-24
step1000,1000,O,v,head,1024,64-128,1572864,0.004842168,0.005111147,0.00941658,0.01413795,0.01440693,0.002365203,0.003330412,0.001565,0.001536,0,1.362392e-06,1.524e-23,1.178e-24
step1000,1000,O,v,head,1024,128-256,3145728,0.0008023517,0.001011751,0.002399445,0.003091643,0.003355496,0.001870927,0.002155576,0.001565,0.001536,0,0,1.524e-23,1.178e-24
step1000,1000,O,v,head,1024,256-512,6291456,0.0002170558,0.000298652,0.00115029,0.0009332344,0.001196865,0.001779307,0.001810119,0.001565,0.001536,0,0,1.524e-23,1.178e-24
step1000,1000,O,v,head,1024,512-1024,1.258291e+07,0.0005973026,0.0008609331,0.002383788,0.002975131,0.003238761,0.001800753,0.002010516,0.001565,0.001536,0,0,1.524e-23,1.178e-24
step1000,1000,MLP_IN,u,hidden,4096,spike,3145728,0.009559518,0.009496763,0.01057402,0.001014505,0.00107726,0.001781373,0.001865024,0.001565,0.001558,0,0,1.524e-23,8.299e-24
step1000,1000,MLP_IN,u,hidden,4096,32-64,3145728,0.000292178,0.0002877392,0.001060486,0.001000945,0.001066827,0.001801309,0.001855124,0.001565,0.001558,0,0,1.524e-23,8.299e-24
step1000,1000,MLP_IN,u,hidden,4096,64-128,6291456,0.0002059188,0.0002298771,0.001010259,0.00090396,0.0009576982,0.001761981,0.001834052,0.001565,0.001558,0,0,1.524e-23,8.299e-24
step1000,1000,MLP_IN,u,hidden,4096,128-256,1.258291e+07,0.0001158534,0.0001194157,0.0004928907,0.0004811928,0.0005470742,0.001781032,0.001814479,0.001565,0.001558,0,0,1.524e-23,8.299e-24
step1000,1000,MLP_IN,u,hidden,4096,256-512,2.516582e+07,0.0002349678,0.0001722126,0.0002886852,0.0001124898,0.0001719662,0.001780113,0.00179263,0.001565,0.001558,0,0,1.524e-23,8.299e-24
step1000,1000,MLP_IN,u,hidden,4096,512-1024,5.033165e+07,0.0001309653,6.962224e-05,0.0001549323,0.0001063737,8.53101e-05,0.001762277,0.001773034,0.001565,0.001558,0,0,1.524e-23,8.299e-24
step1000,1000,MLP_IN,v,residual,1024,spike,786432,0.003649348,0.003380369,0.005271912,0.001645947,0.001909578,0.001772199,0.001949674,0.001565,0.001536,0,0,1.524e-23,1.178e-24
step1000,1000,MLP_IN,v,residual,1024,32-64,786432,0.0006313387,0.0006059815,0.001294454,0.0009611185,0.00106996,0.001693181,0.001839047,0.001565,0.001536,0,0,1.524e-23,1.178e-24
step1000,1000,MLP_IN,v,residual,1024,64-128,1572864,0.0008000288,0.0005658315,0.001771927,0.001068161,0.00133714,0.001778466,0.001805714,0.001565,0.001536,0,0,1.524e-23,1.178e-24
step1000,1000,MLP_IN,v,residual,1024,128-256,3145728,0.0003905395,0.0003569291,0.0006952286,0.0003046891,0.0005685418,0.001755896,0.001781327,0.001565,0.001536,0,0,1.524e-23,1.178e-24
step1000,1000,MLP_IN,v,residual,1024,256-512,6291456,0.0006485084,0.0004483216,0.0006281535,0.000321265,0.0002434978,0.001758303,0.001764502,0.001565,0.001536,0,0,1.524e-23,1.178e-24
step1000,1000,MLP_IN,v,residual,1024,512-1024,1.258291e+07,0.0002261101,0.0001599146,0.000270764,0.000154657,0.0002826638,0.001748278,0.001774765,0.001565,0.001536,0,0,1.524e-23,1.178e-24
step1000,1000,MLP_OUT,u,residual,1024,spike,786432,0.002469335,0.002200356,0.006813049,0.004470095,0.004733725,0.001516615,0.002273741,0.001565,0.001536,0,0,1.524e-23,1.178e-24
step1000,1000,MLP_OUT,u,residual,1024,32-64,786432,0.001531011,0.00179999,0.001869202,0.003220922,0.003489901,0.001937503,0.002143315,0.001565,0.001536,0,0,1.524e-23,1.178e-24
step1000,1000,MLP_OUT,u,residual,1024,64-128,1572864,0.00134324,0.001607093,0.001024882,0.001983548,0.002247178,0.001901536,0.001988366,0.001565,0.001536,0,0,1.524e-23,1.178e-24
step1000,1000,MLP_OUT,u,residual,1024,128-256,3145728,0.0005039037,0.0007728826,0.000896136,0.001313433,0.001577063,0.001814434,0.001842408,0.001565,0.001536,0,0,1.524e-23,1.178e-24
step1000,1000,MLP_OUT,u,residual,1024,256-512,6291456,0.0003522336,0.0001364204,0.0002532005,0.0003087186,0.0002032807,0.001760233,0.001772109,0.001565,0.001536,0,0,1.524e-23,1.178e-24
step1000,1000,MLP_OUT,u,residual,1024,512-1024,1.258291e+07,0.0001717227,0.0004165756,0.0005482038,0.0004864991,0.0007554781,0.001784211,0.001834245,0.001565,0.001536,0,0,1.524e-23,1.178e-24
step1000,1000,MLP_OUT,v,hidden,4096,spike,3145728,0.00918075,0.009247965,0.002361615,0.006914185,0.0069814,0.002814157,0.002510025,0.001565,0.001558,1.816523e-07,3.178914e-07,1.524e-23,8.299e-24
step1000,1000,MLP_OUT,v,hidden,4096,32-64,3145728,0.006224678,0.006291893,0.0009829203,0.005357891,0.005423822,0.002395539,0.002398218,0.001565,0.001558,0,0,1.524e-23,8.299e-24
step1000,1000,MLP_OUT,v,hidden,4096,64-128,6291456,0.00421594,0.004281865,0.0002511342,0.004378841,0.004446056,0.002237661,0.002232166,0.001565,0.001558,0,0,1.524e-23,8.299e-24
step1000,1000,MLP_OUT,v,hidden,4096,128-256,1.258291e+07,0.002224509,0.002290391,0.0008629163,0.002894789,0.00296072,0.001994292,0.002074718,0.001565,0.001558,0,0,1.524e-23,8.299e-24
step1000,1000,MLP_OUT,v,hidden,4096,256-512,2.516582e+07,0.0007404546,0.0008076696,0.0007941326,0.001462092,0.001528023,0.001843152,0.001914564,0.001565,0.001558,0,0,1.524e-23,8.299e-24
step1000,1000,MLP_OUT,v,hidden,4096,512-1024,5.033165e+07,5.854177e-05,0.0001244725,0.0002347231,0.0002583921,0.0003256071,0.0017794,0.001794554,0.001565,0.001558,0,0,1.524e-23,8.299e-24
step2000,2000,Q,u,head,1024,spike,786432,0.03060028,0.03086925,0.006589254,0.02632442,0.02658827,0.005252475,0.004644848,0.001565,0.001536,7.26609e-07,6.521316e-05,1.524e-23,1.178e-24
step2000,2000,Q,u,head,1024,32-64,786432,0.005763277,0.006026907,0.005377452,0.01079606,0.01105991,0.002455938,0.00317183,0.001565,0.001536,0,0,1.524e-23,1.178e-24
step2000,2000,Q,u,head,1024,64-128,1572864,0.0009600258,0.001169425,0.005442937,0.006015823,0.006284802,0.001865387,0.002466111,0.001565,0.001536,0,0,1.524e-23,1.178e-24
step2000,2000,Q,u,head,1024,128-256,3145728,0.001064982,0.001333961,0.001131694,0.002008166,0.002277145,0.001807985,0.00192129,0.001565,0.001536,0,0,1.524e-23,1.178e-24
step2000,2000,Q,u,head,1024,256-512,6291456,0.0002735913,0.0005425703,0.0003380775,0.0003452658,0.0005812434,0.001780737,0.001804919,0.001565,0.001536,0,0,1.524e-23,1.178e-24
step2000,2000,Q,u,head,1024,512-1024,1.258291e+07,0.0001046254,0.0003347487,0.001623233,0.001606131,0.001872946,0.00179637,0.001899617,0.001565,0.001536,0,0,1.524e-23,1.178e-24
step2000,2000,Q,v,residual,1024,spike,786432,0.0008699343,0.0008936141,0.003339132,0.003472692,0.003741671,0.001984006,0.002164932,0.001565,0.001536,0,0,1.524e-23,1.178e-24
step2000,2000,Q,v,residual,1024,32-64,786432,0.001751576,0.001960974,0.002616882,0.003724462,0.003993441,0.001932053,0.002122062,0.001565,0.001536,0,0,1.524e-23,1.178e-24
step2000,2000,Q,v,residual,1024,64-128,1572864,0.0005504262,0.0006737348,0.001300812,0.001172429,0.001441408,0.001768021,0.001910709,0.001565,0.001536,0,0,1.524e-23,1.178e-24
step2000,2000,Q,v,residual,1024,128-256,3145728,0.0004935725,0.0002474715,0.000781695,0.0004628957,0.0007318746,0.001724924,0.001786141,0.001565,0.001536,0,0,1.524e-23,1.178e-24
step2000,2000,Q,v,residual,1024,256-512,6291456,0.0002485974,0.0002697619,0.0003259977,0.0002627635,0.0003018168,0.001750378,0.00177397,0.001565,0.001536,0,0,1.524e-23,1.178e-24
step2000,2000,Q,v,residual,1024,512-1024,1.258291e+07,0.0004613043,0.0002939015,0.0003741582,0.0002730047,0.0002086672,0.001742204,0.001766875,0.001565,0.001536,0,0,1.524e-23,1.178e-24
step2000,2000,K,u,head,1024,spike,786432,0.02393141,0.02419504,0.004131317,0.02185868,0.02212254,0.004547846,0.003682636,0.001565,0.001536,2.179827e-06,6.993612e-05,1.524e-23,1.178e-24
step2000,2000,K,u,head,1024,32-64,786432,0.004167462,0.004431092,0.003195445,0.006870811,0.007134441,0.002237592,0.002658844,0.001565,0.001536,0,0,1.524e-23,1.178e-24
step2000,2000,K,u,head,1024,64-128,1572864,0.00124592,0.001480118,0.002589544,0.003310988,0.003574841,0.00187011,0.002200626,0.001565,0.001536,0,0,1.524e-23,1.178e-24
step2000,2000,K,u,head,1024,128-256,3145728,0.0003056625,0.0004362952,0.001337687,0.001271043,0.001522154,0.001771427,0.001869747,0.001565,0.001536,0,0,1.524e-23,1.178e-24
step2000,2000,K,u,head,1024,256-512,6291456,0.0002435509,0.0001863455,0.00035731,0.0002421204,0.0003954358,0.001762413,0.001750764,0.001565,0.001536,0,0,1.524e-23,1.178e-24
step2000,2000,K,u,head,1024,512-1024,1.258291e+07,0.0001999275,0.0003571821,0.0009448528,0.0009045846,0.001138782,0.001771393,0.001856543,0.001565,0.001536,0,0,1.524e-23,1.178e-24
step2000,2000,K,v,residual,1024,spike,786432,0.0020103,0.001741321,0.004878998,0.002868698,0.003137677,0.001637413,0.002099355,0.001565,0.001536,0,0,1.524e-23,1.178e-24
step2000,2000,K,v,residual,1024,32-64,786432,0.0005656318,0.0005284946,0.00320816,0.002955165,0.003224144,0.001779647,0.002012525,0.001565,0.001536,0,0,1.524e-23,1.178e-24
step2000,2000,K,v,residual,1024,64-128,1572864,0.0004420741,0.0005114231,0.001572291,0.001189455,0.001453085,0.001772472,0.001856577,0.001565,0.001536,0,0,1.524e-23,1.178e-24
step2000,2000,K,v,residual,1024,128-256,3145728,0.0002747611,0.0003740952,0.0006046295,0.0003885091,0.000657488,0.001751809,0.001813616,0.001565,0.001536,0,0,1.524e-23,1.178e-24
step2000,2000,K,v,residual,1024,256-512,6291456,0.0004459042,0.0003114389,0.0003821055,0.0001775781,0.0002970484,0.001765819,0.00175165,0.001565,0.001536,0,0,1.524e-23,1.178e-24
step2000,2000,K,v,residual,1024,512-1024,1.258291e+07,0.000209307,0.0002674192,0.0001846155,0.0001401402,0.0002973589,0.00176205,0.001792896,0.001565,0.001536,0,0,1.524e-23,1.178e-24
step2000,2000,V,u,head,1024,spike,786432,0.01163487,0.01190385,0.006270091,0.005768289,0.006032142,0.00339835,0.002540588,0.001565,0.001536,0,0,1.524e-23,1.178e-24
step2000,2000,V,u,head,1024,32-64,786432,0.003547253,0.003806902,0.001080831,0.003853385,0.004117016,0.00218455,0.002230326,0.001565,0.001536,0,0,1.524e-23,1.178e-24
step2000,2000,V,u,head,1024,64-128,1572864,0.00117387,0.001349321,0.001746496,0.00244781,0.002716789,0.001836413,0.002058483,0.001565,0.001536,0,0,1.524e-23,1.178e-24
step2000,2000,V,u,head,1024,128-256,3145728,0.000362809,0.0002630482,0.0009148916,0.0008423147,0.001097831,0.001777422,0.001860755,0.001565,0.001536,0,0,1.524e-23,1.178e-24
step2000,2000,V,u,head,1024,256-512,6291456,0.0003949188,0.0001939448,0.0003360113,0.0001704513,0.0004052424,0.001741341,0.001767204,0.001565,0.001536,0,0,1.524e-23,1.178e-24
step2000,2000,V,u,head,1024,512-1024,1.258291e+07,0.0001413527,0.0002464556,0.0003889402,0.000336152,0.000581005,0.001766931,0.001803194,0.001565,0.001536,0,0,1.524e-23,1.178e-24
step2000,2000,V,v,residual,1024,spike,786432,0.002774602,0.003043581,0.0009651184,0.003448908,0.003683105,0.002000718,0.002104078,0.001565,0.001536,0,0,1.524e-23,1.178e-24
step2000,2000,V,v,residual,1024,32-64,786432,0.0007196705,0.000876397,0.001611074,0.001763707,0.002032686,0.001783098,0.001922244,0.001565,0.001536,0,0,1.524e-23,1.178e-24
step2000,2000,V,v,residual,1024,64-128,1572864,0.0009006994,0.00115181,0.0005130768,0.0008727611,0.001136614,0.001796722,0.001846132,0.001565,0.001536,0,0,1.524e-23,1.178e-24
step2000,2000,V,v,residual,1024,128-256,3145728,0.0004863282,0.0002173492,0.0008789698,0.0004125255,0.0006616206,0.001777876,0.001778512,0.001565,0.001536,0,0,1.524e-23,1.178e-24
step2000,2000,V,v,residual,1024,256-512,6291456,0.0004110435,0.0002559695,0.0004003843,0.0004542552,0.0002591601,0.001754556,0.001738685,0.001565,0.001536,0,0,1.524e-23,1.178e-24
step2000,2000,V,v,residual,1024,512-1024,1.258291e+07,0.0002787295,0.0001613568,0.0004157225,0.0001937728,0.0003330599,0.001750378,0.001779125,0.001565,0.001536,0,0,1.524e-23,1.178e-24
step2000,2000,O,u,residual,1024,spike,786432,0.002260629,0.002085178,0.007551829,0.005788598,0.006039709,0.00166448,0.002396356,0.001565,0.001536,0,0,1.524e-23,1.178e-24
step2000,2000,O,u,residual,1024,32-64,786432,0.0005282407,0.0007918712,0.003880819,0.003764302,0.004031588,0.001770928,0.002190363,0.001565,0.001536,0,0,1.524e-23,1.178e-24
step2000,2000,O,u,residual,1024,64-128,1572864,0.0003893194,0.0006341723,0.002093633,0.002157043,0.002420895,0.001828784,0.002003533,0.001565,0.001536,0,0,1.524e-23,1.178e-24
step2000,2000,O,u,residual,1024,128-256,3145728,0.0005237163,0.000787569,0.0005448659,0.0009109792,0.001162681,0.001820837,0.001860164,0.001565,0.001536,0,0,1.524e-23,1.178e-24
step2000,2000,O,u,residual,1024,256-512,6291456,0.0002971644,0.0002243336,0.0004019737,0.0002540927,0.0004100502,0.001776309,0.001756441,0.001565,0.001536,0,0,1.524e-23,1.178e-24
step2000,2000,O,u,residual,1024,512-1024,1.258291e+07,0.0001811285,0.0002840397,0.0007648468,0.0005837183,0.000847571,0.001782224,0.00181449,0.001565,0.001536,0,0,1.524e-23,1.178e-24
step2000,2000,O,v,head,1024,spike,786432,0.04955169,0.04982067,0.03002421,0.07905251,0.07931845,0.007885524,0.01060232,0.001565,0.001536,6.176177e-06,3.451393e-05,1.524e-23,1.178e-24
step2000,2000,O,v,head,1024,32-64,786432,0.03577046,0.03603944,0.01234945,0.04764865,0.04791228,0.006075723,0.007573627,0.001565,0.001536,0,0,1.524e-23,1.178e-24
step2000,2000,O,v,head,1024,64-128,1572864,0.01726346,0.01753244,0.008832296,0.02600547,0.02627445,0.003772645,0.004764194,0.001565,0.001536,0,0,1.524e-23,1.178e-24
step2000,2000,O,v,head,1024,128-256,3145728,0.006916092,0.007185071,0.001353264,0.008143471,0.00841245,0.002455621,0.002622741,0.001565,0.001536,0,0,1.524e-23,1.178e-24
step2000,2000,O,v,head,1024,256-512,6291456,0.001268769,0.001532399,0.0006451607,0.001913929,0.00217756,0.001893475,0.001917453,0.001565,0.001536,0,0,1.524e-23,1.178e-24
step2000,2000,O,v,head,1024,512-1024,1.258291e+07,0.003788437,0.004057416,0.00261879,0.006405081,0.00667406,0.002129271,0.002297878,0.001565,0.001536,0,0,1.524e-23,1.178e-24
step2000,2000,MLP_IN,u,hidden,4096,spike,3145728,0.009176667,0.009110786,0.01039982,0.001585792,0.001651722,0.002189137,0.001950309,0.001565,0.001558,0,0,1.524e-23,8.299e-24
step2000,2000,MLP_IN,u,hidden,4096,32-64,3145728,0.0004474223,0.0005133531,0.0008484523,0.001082325,0.001148207,0.001785369,0.00185694,0.001565,0.001558,0,0,1.524e-23,8.299e-24
step2000,2000,MLP_IN,u,hidden,4096,64-128,6291456,0.0002625811,0.0002317613,0.0008575122,0.0008323889,0.0008983196,0.001757599,0.001862867,0.001565,0.001558,0,0,1.524e-23,8.299e-24
step2000,2000,MLP_IN,u,hidden,4096,128-256,1.258291e+07,0.0001884329,0.0001605826,0.0005563895,0.0004270773,0.000493008,0.001764638,0.001829477,0.001565,0.001558,0,0,1.524e-23,8.299e-24
step2000,2000,MLP_IN,u,hidden,4096,256-512,2.516582e+07,0.0001116098,0.0001775405,0.0004107952,0.0003796717,0.0004456024,0.001771632,0.001797892,0.001565,0.001558,0,0,1.524e-23,8.299e-24
step2000,2000,MLP_IN,u,hidden,4096,512-1024,5.033165e+07,0.0001241862,5.98447e-05,0.0001860658,6.187963e-05,0.0001278104,0.001769072,0.001775304,0.001565,0.001558,0,0,1.524e-23,8.299e-24
step2000,2000,MLP_IN,v,residual,1024,spike,786432,0.002710437,0.002446807,0.005308787,0.002613113,0.002882092,0.001790728,0.002037048,0.001565,0.001536,0,0,1.524e-23,1.178e-24
step2000,2000,MLP_IN,v,residual,1024,32-64,786432,0.002084637,0.002348268,0.0008850098,0.002346085,0.002615064,0.002026876,0.001993815,0.001565,0.001536,0,0,1.524e-23,1.178e-24
step2000,2000,MLP_IN,v,residual,1024,64-128,1572864,0.001274531,0.001519207,0.0006891886,0.001109612,0.00131891,0.001922607,0.001894815,0.001565,0.001536,0,0,1.524e-23,1.178e-24
step2000,2000,MLP_IN,v,residual,1024,128-256,3145728,0.0002475917,0.0003142968,0.0007823308,0.0006461045,0.0009099572,0.001775923,0.001807213,0.001565,0.001536,0,0,1.524e-23,1.178e-24
step2000,2000,MLP_IN,v,residual,1024,256-512,6291456,0.0005409473,0.00030675,0.0003261566,0.0003487153,0.0002869582,0.001749288,0.001758961,0.001565,0.001536,0,0,1.524e-23,1.178e-24
step2000,2000,MLP_IN,v,residual,1024,512-1024,1.258291e+07,0.0002535418,0.0003105588,0.0003341039,0.00026988,0.0005337327,0.001757383,0.001805862,0.001565,0.001536,0,0,1.524e-23,1.178e-24
step2000,2000,MLP_OUT,u,residual,1024,spike,786432,0.002316326,0.002052473,0.01273855,0.01042222,0.01068607,0.001590547,0.002899897,0.001565,0.001536,0,0,1.524e-23,1.178e-24
step2000,2000,MLP_OUT,u,residual,1024,32-64,786432,0.001887544,0.002151175,0.006412506,0.007661725,0.007925355,0.001982553,0.002650488,0.001565,0.001536,0,0,1.524e-23,1.178e-24
step2000,2000,MLP_OUT,u,residual,1024,64-128,1572864,0.002842631,0.00311161,0.002485911,0.005057699,0.005326677,0.002023424,0.002311979,0.001565,0.001536,0,0,1.524e-23,1.178e-24
step2000,2000,MLP_OUT,u,residual,1024,128-256,3145728,0.001498445,0.001762076,0.001051585,0.002148105,0.002399216,0.001920337,0.001988229,0.001565,0.001536,0,0,1.524e-23,1.178e-24
step2000,2000,MLP_OUT,u,residual,1024,256-512,6291456,0.0003464918,0.0006103446,0.0002175967,0.0003142998,0.0005779303,0.001819247,0.001794543,0.001565,0.001536,0,0,1.524e-23,1.178e-24
step2000,2000,MLP_OUT,u,residual,1024,512-1024,1.258291e+07,0.000691404,0.0009552568,0.001128435,0.00169401,0.001962989,0.001880532,0.001975559,0.001565,0.001536,0,0,1.524e-23,1.178e-24
step2000,2000,MLP_OUT,v,hidden,4096,spike,3145728,0.004896949,0.00496288,0.001586914,0.006192571,0.006259786,0.00240494,0.00245662,0.001565,0.001558,3.633045e-07,1.816523e-07,1.524e-23,8.299e-24
step2000,2000,MLP_OUT,v,hidden,4096,32-64,3145728,0.00303247,0.003091001,0.00249354,0.005367325,0.00543454,0.002146085,0.002371743,0.001565,0.001558,0,0,1.524e-23,8.299e-24
step2000,2000,MLP_OUT,v,hidden,4096,64-128,6291456,0.0029768,0.003042681,0.001132488,0.004102435,0.00416965,0.002092225,0.002246584,0.001565,0.001558,0,0,1.524e-23,8.299e-24
step2000,2000,MLP_OUT,v,hidden,4096,128-256,1.258291e+07,0.002471334,0.002538549,0.0002678235,0.002582858,0.002648789,0.002025729,0.002060379,0.001565,0.001558,0,0,1.524e-23,8.299e-24
step2000,2000,MLP_OUT,v,hidden,4096,256-512,2.516582e+07,0.001724329,0.001791544,0.0003906091,0.001362687,0.001429902,0.001932564,0.001916988,0.001565,0.001558,0,0,1.524e-23,8.299e-24
step2000,2000,MLP_OUT,v,hidden,4096,512-1024,5.033165e+07,0.0003440425,0.0004099239,0.0002162059,0.0003062388,0.0003721695,0.001811783,0.001796686,0.001565,0.001558,0,0,1.524e-23,8.299e-24
step3000,3000,Q,u,head,1024,spike,786432,0.03677422,0.03703785,0.007225037,0.03803131,0.03830028,0.005651928,0.005383809,0.001565,0.001536,7.26609e-07,9.554908e-05,1.524e-23,1.178e-24
step3000,3000,Q,u,head,1024,32-64,786432,0.01395216,0.01421579,0.002166748,0.01558563,0.01585461,0.003210704,0.003629049,0.001565,0.001536,0,0,1.524e-23,1.178e-24
step3000,3000,Q,u,head,1024,64-128,1572864,0.004784697,0.005035808,0.004399618,0.00889592,0.009164899,0.002210345,0.002686455,0.001565,0.001536,0,0,1.524e-23,1.178e-24
step3000,3000,Q,u,head,1024,128-256,3145728,0.002402736,0.002653847,0.001213392,0.003555661,0.00382464,0.001947494,0.002030827,0.001565,0.001536,0,0,1.524e-23,1.178e-24
step3000,3000,Q,u,head,1024,256-512,6291456,0.0003327347,0.0005775876,0.0005408923,0.0006030302,0.0008668829,0.001805396,0.001801922,0.001565,0.001536,0,0,1.524e-23,1.178e-24
step3000,3000,Q,u,head,1024,512-1024,1.258291e+07,0.0007630008,0.001007854,0.00188001,0.002434795,0.002698425,0.001861936,0.00199839,0.001565,0.001536,0,0,1.524e-23,1.178e-24
step3000,3000,Q,v,residual,1024,spike,786432,0.002778417,0.003047396,0.003762563,0.005869978,0.006121089,0.002096994,0.002454122,0.001565,0.001536,0,0,1.524e-23,1.178e-24
step3000,3000,Q,v,residual,1024,32-64,786432,0.003385339,0.00363645,0.00213623,0.005150263,0.00538446,0.002064115,0.002264114,0.001565,0.001536,0,0,1.524e-23,1.178e-24
step3000,3000,Q,v,residual,1024,64-128,1572864,0.001019841,0.00128882,0.002016703,0.002859657,0.003123287,0.001854669,0.002067021,0.001565,0.001536,0,0,1.524e-23,1.178e-24
step3000,3000,Q,v,residual,1024,128-256,3145728,0.0004397387,0.0001864434,0.001300176,0.0008888702,0.001157849,0.001748494,0.00183387,0.001565,0.001536,0,0,1.524e-23,1.178e-24
step3000,3000,Q,v,residual,1024,256-512,6291456,0.0004934225,0.0002592253,0.0005877813,0.0002157045,0.0004624628,0.00172992,0.001772495,0.001565,0.001536,0,0,1.524e-23,1.178e-24
step3000,3000,Q,v,residual,1024,512-1024,1.258291e+07,0.0001950446,0.0001913222,0.0006732146,0.0005317192,0.0008006981,0.001764854,0.001831043,0.001565,0.001536,0,0,1.524e-23,1.178e-24
step3000,3000,K,u,head,1024,spike,786432,0.03507414,0.03533777,0.009183248,0.03987635,0.04014533,0.005468823,0.00458345,0.001565,0.001536,4.178002e-06,0.0001329694,1.524e-23,1.178e-24
step3000,3000,K,u,head,1024,32-64,786432,0.01262337,0.012887,0.001060486,0.01284463,0.01310826,0.003095899,0.003338405,0.001565,0.001536,0,0,1.524e-23,1.178e-24
step3000,3000,K,u,head,1024,64-128,1572864,0.004593577,0.004862556,0.002877553,0.007220632,0.007489611,0.002197356,0.002566383,0.001565,0.001536,0,0,1.524e-23,1.178e-24
step3000,3000,K,u,head,1024,128-256,3145728,0.001111712,0.001380691,0.001586596,0.00268146,0.002950439,0.001874061,0.002023924,0.001565,0.001536,0,0,1.524e-23,1.178e-24
step3000,3000,K,u,head,1024,256-512,6291456,0.0003687442,0.000632597,0.0002609889,0.0004738629,0.0007428419,0.00178957,0.00178982,0.001565,0.001536,0,0,1.524e-23,1.178e-24
step3000,3000,K,u,head,1024,512-1024,1.258291e+07,0.0006047731,0.0008684036,0.001529773,0.002107189,0.002376168,0.001846927,0.001934585,0.001565,0.001536,0,0,1.524e-23,1.178e-24
step3000,3000,K,v,residual,1024,spike,786432,0.001362652,0.001098799,0.005799611,0.004599299,0.004868278,0.001757486,0.002261026,0.001565,0.001536,0,0,1.524e-23,1.178e-24
step3000,3000,K,v,residual,1024,32-64,786432,0.001132323,0.001341722,0.002735138,0.003174369,0.003438,0.001796904,0.00206357,0.001565,0.001536,0,0,1.524e-23,1.178e-24
step3000,3000,K,v,residual,1024,64-128,1572864,0.000541097,0.0008100759,0.001828512,0.001847416,0.002111269,0.001748312,0.001978829,0.001565,0.001536,0,0,1.524e-23,1.178e-24
step3000,3000,K,v,residual,1024,128-256,3145728,0.0003241002,0.0004441841,0.0006888707,0.0004397568,0.0006908678,0.001745133,0.001780646,0.001565,0.001536,0,0,1.524e-23,1.178e-24
step3000,3000,K,v,residual,1024,256-512,6291456,0.0004704336,0.0002014546,0.0004669825,0.0003289536,0.0002862315,0.001726559,0.001757281,0.001565,0.001536,0,0,1.524e-23,1.178e-24
step3000,3000,K,v,residual,1024,512-1024,1.258291e+07,0.0001717507,0.0002196782,0.0004145304,0.0002492603,0.0005066325,0.001764411,0.001805067,0.001565,0.001536,0,0,1.524e-23,1.178e-24
step3000,3000,V,u,head,1024,spike,786432,0.02566914,0.02593812,0.01343664,0.01276021,0.01302919,0.005071912,0.003459567,0.001565,0.001536,0,0,1.524e-23,1.178e-24
step3000,3000,V,u,head,1024,32-64,786432,0.008516993,0.008785972,0.000919342,0.007935888,0.008204867,0.002800714,0.002710978,0.001565,0.001536,0,0,1.524e-23,1.178e-24
step3000,3000,V,u,head,1024,64-128,1572864,0.001733774,0.001943173,0.003068288,0.004543986,0.004812965,0.002022425,0.002236048,0.001565,0.001536,0,0,1.524e-23,1.178e-24
step3000,3000,V,u,head,1024,128-256,3145728,0.000391688,0.0006606669,0.001185099,0.001382341,0.001646194,0.001807485,0.001921745,0.001565,0.001536,0,0,1.524e-23,1.178e-24
step3000,3000,V,u,head,1024,256-512,6291456,0.0003052215,0.0005742005,0.0003190041,0.0001587624,0.0003809965,0.001777467,0.001772676,0.001565,0.001536,0,0,1.524e-23,1.178e-24
step3000,3000,V,u,head,1024,512-1024,1.258291e+07,0.0002157454,0.0003931311,0.0006795724,0.0007501289,0.001013759,0.001789456,0.001858927,0.001565,0.001536,0,0,1.524e-23,1.178e-24
step3000,3000,V,v,residual,1024,spike,786432,0.007637565,0.007901195,0.003693899,0.004372074,0.004632,0.002528054,0.002209618,0.001565,0.001536,0,0,1.524e-23,1.178e-24
step3000,3000,V,v,residual,1024,32-64,786432,0.002958979,0.003227958,0.001986186,0.003051804,0.003320782,0.002008711,0.002117702,0.001565,0.001536,0,0,1.524e-23,1.178e-24
step3000,3000,V,v,residual,1024,64-128,1572864,0.0003870624,0.0005442811,0.001972198,0.00197719,0.00224082,0.001789365,0.001984914,0.001565,0.001536,0,0,1.524e-23,1.178e-24
step3000,3000,V,v,residual,1024,128-256,3145728,0.000339359,0.0004692975,0.0008700689,0.0006746786,0.0009257896,0.001735869,0.001855759,0.001565,0.001536,0,0,1.524e-23,1.178e-24
step3000,3000,V,v,residual,1024,256-512,6291456,0.0003455578,0.0001940879,0.0001826286,0.0002459867,0.0002726071,0.001758235,0.00174007,0.001565,0.001536,0,0,1.524e-23,1.178e-24
step3000,3000,V,v,residual,1024,512-1024,1.258291e+07,0.0001411795,0.0002362831,0.000297308,0.0001679442,0.0003776641,0.001749765,0.001788616,0.001565,0.001536,0,0,1.524e-23,1.178e-24
step3000,3000,O,u,residual,1024,spike,786432,0.0006035629,0.0003819465,0.005613963,0.005269414,0.005538393,0.001769475,0.002446674,0.001565,0.001536,7.26609e-07,1.271566e-06,1.524e-23,1.178e-24
step3000,3000,O,u,residual,1024,32-64,786432,0.001057271,0.0008422533,0.004847209,0.004426366,0.004695345,0.001755851,0.002172198,0.001565,0.001536,0,0,1.524e-23,1.178e-24
step3000,3000,O,u,residual,1024,64-128,1572864,0.000324295,0.000593274,0.001934052,0.002167815,0.002418926,0.001802626,0.001982916,0.001565,0.001536,0,0,1.524e-23,1.178e-24
step3000,3000,O,u,residual,1024,128-256,3145728,0.0004509586,0.0006081772,0.001174291,0.001301279,0.001565131,0.001817295,0.00187565,0.001565,0.001536,0,0,1.524e-23,1.178e-24
step3000,3000,O,u,residual,1024,256-512,6291456,0.000298705,0.000146768,0.0002568563,0.0003831621,0.000207711,0.001739525,0.001744997,0.001565,0.001536,0,0,1.524e-23,1.178e-24
step3000,3000,O,u,residual,1024,512-1024,1.258291e+07,0.0003345906,0.0001838518,0.0008814335,0.0007012135,0.0009354108,0.00177623,0.001823652,0.001565,0.001536,0,0,1.524e-23,1.178e-24
step3000,3000,O,v,head,1024,spike,786432,0.06001795,0.06028693,0.02789179,0.08790974,0.08817872,0.008816855,0.01134618,0.001565,0.001536,3.451393e-06,2.089001e-05,1.524e-23,1.178e-24
step3000,3000,O,v,head,1024,32-64,786432,0.04442474,0.04469372,0.01157379,0.05567682,0.0559458,0.007055737,0.008235386,0.001565,0.001536,0,0,1.524e-23,1.178e-24
step3000,3000,O,v,head,1024,64-128,1572864,0.02656433,0.0268333,0.005514145,0.03170018,0.03196916,0.004804248,0.005220322,0.001565,0.001536,0,0,1.524e-23,1.178e-24
step3000,3000,O,v,head,1024,128-256,3145728,0.01084332,0.0111123,0.0003531774,0.01118029,0.01144927,0.002903439,0.002824556,0.001565,0.001536,0,0,1.524e-23,1.178e-24
step3000,3000,O,v,head,1024,256-512,6291456,0.002747105,0.003016084,0.0005933444,0.00215376,0.002422739,0.002045949,0.001963456,0.001565,0.001536,0,0,1.524e-23,1.178e-24
step3000,3000,O,v,head,1024,512-1024,1.258291e+07,0.005603775,0.005867405,0.002498547,0.008061711,0.008325342,0.002341418,0.002458629,0.001565,0.001536,0,0,1.524e-23,1.178e-24
step3000,3000,MLP_IN,u,hidden,4096,spike,3145728,0.007818176,0.007750961,0.009664853,0.001950731,0.002016662,0.002364613,0.001976558,0.001565,0.001558,2.270653e-06,8.174351e-07,1.524e-23,8.299e-24
step3000,3000,MLP_IN,u,hidden,4096,32-64,3145728,0.0009295603,0.0009967753,0.0006170273,0.001245648,0.001311578,0.001851854,0.001934188,0.001565,0.001558,0,0,1.524e-23,8.299e-24
step3000,3000,MLP_IN,u,hidden,4096,64-128,6291456,0.0004098234,0.0004710036,0.0008622805,0.0009300555,0.0009959369,0.001805873,0.001884438,0.001565,0.001558,0,0,1.524e-23,8.299e-24
step3000,3000,MLP_IN,u,hidden,4096,128-256,1.258291e+07,0.000209679,0.0002489639,0.0007606347,0.0007950005,0.0008619893,0.001798528,0.001846779,0.001565,0.001558,0,0,1.524e-23,8.299e-24
step3000,3000,MLP_IN,u,hidden,4096,256-512,2.516582e+07,8.536466e-05,9.273732e-05,0.0004491806,0.0003811364,0.0004470179,0.001771002,0.001807542,0.001565,0.001558,0,0,1.524e-23,8.299e-24
step3000,3000,MLP_IN,u,hidden,4096,512-1024,5.033165e+07,0.0001027827,0.0001686642,0.0001452367,6.373256e-05,9.034178e-05,0.001769509,0.001774459,0.001565,0.001558,0,0,1.524e-23,8.299e-24
step3000,3000,MLP_IN,v,residual,1024,spike,786432,0.001738646,0.001493793,0.006392161,0.004868095,0.005131725,0.001880646,0.002273015,0.001565,0.001536,0,0,1.524e-23,1.178e-24
step3000,3000,MLP_IN,v,residual,1024,32-64,786432,0.003410385,0.003679364,0.001063029,0.00387373,0.004142214,0.002133142,0.00213841,0.001565,0.001536,0,0,1.524e-23,1.178e-24
step3000,3000,MLP_IN,v,residual,1024,64-128,1572864,0.001861403,0.002125256,0.0004253387,0.0018951,0.002158953,0.002006894,0.001993543,0.001565,0.001536,0,0,1.524e-23,1.178e-24
step3000,3000,MLP_IN,v,residual,1024,128-256,3145728,0.0006871125,0.0009509652,0.0003328323,0.0008860674,0.00113121,0.001804579,0.001843407,0.001565,0.001536,0,0,1.524e-23,1.178e-24
step3000,3000,MLP_IN,v,residual,1024,256-512,6291456,0.0005660672,0.0004267801,0.0007239978,0.000234668,0.0004982985,0.001734234,0.001756714,0.001565,0.001536,0,0,1.524e-23,1.178e-24
step3000,3000,MLP_IN,v,residual,1024,512-1024,1.258291e+07,0.0004060881,0.0006509411,0.0001706282,0.0004494648,0.0007184437,0.001792976,0.001825344,0.001565,0.001536,0,0,1.524e-23,1.178e-24
step3000,3000,MLP_OUT,u,residual,1024,spike,786432,0.0005225375,0.0005872684,0.01144155,0.01135767,0.01162665,0.001778376,0.00291461,0.001565,0.001536,7.26609e-07,3.269741e-06,1.524e-23,1.178e-24
step3000,3000,MLP_OUT,u,residual,1024,32-64,786432,0.002130414,0.002394044,0.005658468,0.007788881,0.008052512,0.001960573,0.002544585,0.001565,0.001536,0,0,1.524e-23,1.178e-24
step3000,3000,MLP_OUT,u,residual,1024,64-128,1572864,0.002055281,0.002306392,0.003259023,0.005035306,0.005298936,0.001988547,0.002235503,0.001565,0.001536,0,0,1.524e-23,1.178e-24
step3000,3000,MLP_OUT,u,residual,1024,128-256,3145728,0.001204004,0.001467857,0.001051585,0.002100214,0.002363844,0.001887004,0.001970745,0.001565,0.001536,0,0,1.524e-23,1.178e-24
step3000,3000,MLP_OUT,u,residual,1024,256-512,6291456,0.0002458792,0.0005097319,0.000363191,0.0003006021,0.00051562,0.001782781,0.00176457,0.001565,0.001536,0,0,1.524e-23,1.178e-24
step3000,3000,MLP_OUT,u,residual,1024,512-1024,1.258291e+07,0.0006542501,0.0008455729,0.001361926,0.001523302,0.001792281,0.001874719,0.001941181,0.001565,0.001536,0,0,1.524e-23,1.178e-24
step3000,3000,MLP_OUT,v,hidden,4096,spike,3145728,0.006753331,0.006820546,0.001902898,0.00517659,0.005243805,0.002694993,0.002351307,0.001565,0.001558,1.816523e-07,1.816523e-07,1.524e-23,8.299e-24
step3000,3000,MLP_OUT,v,hidden,4096,32-64,3145728,0.002277915,0.002343797,0.001701355,0.003900995,0.003966926,0.002066612,0.002198946,0.001565,0.001558,0,0,1.524e-23,8.299e-24
step3000,3000,MLP_OUT,v,hidden,4096,64-128,6291456,0.002617405,0.00268462,0.001059055,0.003301526,0.003367407,0.002008029,0.002125899,0.001565,0.001558,0,0,1.524e-23,8.299e-24
step3000,3000,MLP_OUT,v,hidden,4096,128-256,1.258291e+07,0.00222141,0.002287291,0.0002229214,0.002184932,0.002250813,0.001959426,0.001999117,0.001565,0.001558,0,0,1.524e-23,8.299e-24
step3000,3000,MLP_OUT,v,hidden,4096,256-512,2.516582e+07,0.00153566,0.001602875,0.0004962683,0.001135316,0.001202531,0.001907156,0.001885403,0.001565,0.001558,0,0,1.524e-23,8.299e-24
step3000,3000,MLP_OUT,v,hidden,4096,512-1024,5.033165e+07,0.0005220219,0.0005879034,0.0003088117,0.0002464102,0.0003049403,0.001816301,0.001787512,0.001565,0.001558,0,0,1.524e-23,8.299e-24
step4000,4000,Q,u,head,1024,spike,786432,0.03980309,0.04006672,0.009549459,0.04519022,0.0454592,0.005763463,0.005484445,0.001565,0.001536,7.26609e-07,0.0001322428,1.524e-23,1.178e-24
step4000,4000,Q,u,head,1024,32-64,786432,0.01828643,0.01855541,0.001438141,0.01838816,0.01865714,0.003600166,0.003907703,0.001565,0.001536,0,0,1.524e-23,1.178e-24
step4000,4000,Q,u,head,1024,64-128,1572864,0.00994369,0.01021267,0.001633962,0.01121321,0.01147684,0.002681551,0.002884365,0.001565,0.001536,0,0,1.524e-23,1.178e-24
step4000,4000,Q,u,head,1024,128-256,3145728,0.004138742,0.004392628,0.0007483164,0.004726951,0.004990581,0.002168519,0.002191634,0.001565,0.001536,0,0,1.524e-23,1.178e-24
step4000,4000,Q,u,head,1024,256-512,6291456,0.001021339,0.00127245,0.0004553795,0.0008503497,0.001114202,0.001871972,0.001801491,0.001565,0.001536,0,0,1.524e-23,1.178e-24
step4000,4000,Q,u,head,1024,512-1024,1.258291e+07,0.001925117,0.002194096,0.001063267,0.002914419,0.003178272,0.002011935,0.002100184,0.001565,0.001536,0,0,1.524e-23,1.178e-24
step4000,4000,Q,v,residual,1024,spike,786432,0.002790282,0.003054135,0.005686442,0.008360591,0.00862957,0.002157665,0.002668835,0.001565,0.001536,0,0,1.524e-23,1.178e-24
step4000,4000,Q,v,residual,1024,32-64,786432,0.004489944,0.004758923,0.001621246,0.005914098,0.006183077,0.002179282,0.002386184,0.001565,0.001536,0,0,1.524e-23,1.178e-24
step4000,4000,Q,v,residual,1024,64-128,1572864,0.0021598,0.002428779,0.001293818,0.003453618,0.003722597,0.00193605,0.002129782,0.001565,0.001536,0,0,1.524e-23,1.178e-24
step4000,4000,Q,v,residual,1024,128-256,3145728,0.0003516854,0.0005020391,0.001139005,0.00111443,0.001359283,0.001748902,0.001877194,0.001565,0.001536,0,0,1.524e-23,1.178e-24
step4000,4000,Q,v,residual,1024,256-512,6291456,0.0002983871,0.0001934981,0.0003240903,0.0001375238,0.0003382295,0.00176482,0.0017566,0.001565,0.001536,0,0,1.524e-23,1.178e-24
step4000,4000,Q,v,residual,1024,512-1024,1.258291e+07,0.0001883353,0.0004519658,0.0006028811,0.0007346317,0.0009996982,0.001787628,0.001855952,0.001565,0.001536,0,0,1.524e-23,1.178e-24
step4000,4000,K,u,head,1024,spike,786432,0.04169645,0.04196008,0.01487096,0.05382034,0.05408932,0.005961464,0.005323138,0.001565,0.001536,4.904611e-06,0.000193823,1.524e-23,1.178e-24
step4000,4000,K,u,head,1024,32-64,786432,0.01875359,0.01901722,0.00178655,0.01779561,0.01806459,0.003706796,0.003845033,0.001565,0.001536,0,0,1.524e-23,1.178e-24
step4000,4000,K,u,head,1024,64-128,1572864,0.008122593,0.008386446,0.002842585,0.01093933,0.0112083,0.002626237,0.002916518,0.001565,0.001536,0,0,1.524e-23,1.178e-24
step4000,4000,K,u,head,1024,128-256,3145728,0.003212657,0.003481636,0.001508395,0.004606928,0.004875907,0.002039909,0.002178692,0.001565,0.001536,0,0,1.524e-23,1.178e-24
step4000,4000,K,u,head,1024,256-512,6291456,0.0005800387,0.0008490176,0.0008061727,0.000960732,0.001224363,0.001821654,0.00183219,0.001565,0.001536,0,0,1.524e-23,1.178e-24
step4000,4000,K,u,head,1024,512-1024,1.258291e+07,0.001491672,0.001760651,0.001595497,0.003082083,0.003351062,0.001933915,0.002053783,0.001565,0.001536,0,0,1.524e-23,1.178e-24
step4000,4000,K,v,residual,1024,spike,786432,0.001239236,0.0009898987,0.006978353,0.005887395,0.006156374,0.001740047,0.002479553,0.001565,0.001536,0,0,1.524e-23,1.178e-24
step4000,4000,K,v,residual,1024,32-64,786432,0.0017211,0.001936118,0.003012339,0.004135599,0.004399452,0.001877013,0.002168746,0.001565,0.001536,0,0,1.524e-23,1.178e-24
step4000,4000,K,v,residual,1024,64-128,1572864,0.0002346988,0.0002565086,0.002588908,0.002389492,0.002634345,0.001789275,0.002079555,0.001565,0.001536,0,0,1.524e-23,1.178e-24
step4000,4000,K,v,residual,1024,128-256,3145728,0.0006814119,0.0008765071,0.0008220673,0.0009178655,0.001168977,0.001752626,0.001829057,0.001565,0.001536,0,0,1.524e-23,1.178e-24
step4000,4000,K,v,residual,1024,256-512,6291456,0.000352921,0.0003372865,0.0004022916,0.0002695329,0.0003135929,0.00173026,0.001755465,0.001565,0.001536,0,0,1.524e-23,1.178e-24
step4000,4000,K,v,residual,1024,512-1024,1.258291e+07,0.0002842287,0.0001832413,0.0006237825,0.0004244185,0.0006755296,0.001754568,0.001804965,0.001565,0.001536,0,0,1.524e-23,1.178e-24
step4000,4000,V,u,head,1024,spike,786432,0.036377,0.03664598,0.01651891,0.01985809,0.02012707,0.00624248,0.004424504,0.001565,0.001536,0,0,1.524e-23,1.178e-24
step4000,4000,V,u,head,1024,32-64,786432,0.01419199,0.01446097,0.002204895,0.01263602,0.01289987,0.003614153,0.003332229,0.001565,0.001536,0,0,1.524e-23,1.178e-24
step4000,4000,V,u,head,1024,64-128,1572864,0.004466916,0.004730546,0.002217611,0.006436571,0.006700202,0.002293995,0.00253414,0.001565,0.001536,0,0,1.524e-23,1.178e-24
step4000,4000,V,u,head,1024,128-256,3145728,0.001072781,0.001248232,0.001304309,0.001932049,0.00219568,0.001794316,0.001988048,0.001565,0.001536,0,0,1.524e-23,1.178e-24
step4000,4000,V,u,head,1024,256-512,6291456,0.0002353888,0.0004992415,0.0003954569,0.000251547,0.0003246283,0.001757258,0.001773244,0.001565,0.001536,0,0,1.524e-23,1.178e-24
step4000,4000,V,u,head,1024,512-1024,1.258291e+07,0.0005281612,0.0007917918,0.0009314219,0.001431132,0.001694762,0.001833814,0.001924379,0.001565,0.001536,0,0,1.524e-23,1.178e-24
step4000,4000,V,v,residual,1024,spike,786432,0.01275562,0.01301925,0.003815969,0.008939648,0.009203279,0.002925328,0.002687,0.001565,0.001536,0,0,1.524e-23,1.178e-24
step4000,4000,V,v,residual,1024,32-64,786432,0.005750442,0.005984639,0.0008138021,0.005727673,0.005991304,0.002304259,0.002396901,0.001565,0.001536,0,0,1.524e-23,1.178e-24
step4000,4000,V,v,residual,1024,64-128,1572864,0.002375966,0.002644945,0.00125885,0.003289372,0.003553225,0.001944133,0.002187911,0.001565,0.001536,0,0,1.524e-23,1.178e-24
step4000,4000,V,v,residual,1024,128-256,3145728,0.0005696257,0.0007263522,0.001330058,0.001158302,0.001421932,0.001809574,0.001881191,0.001565,0.001536,0,0,1.524e-23,1.178e-24
step4000,4000,V,v,residual,1024,256-512,6291456,0.000433063,0.0002644965,0.0004682541,0.0001445559,0.0002887352,0.001749856,0.001769384,0.001565,0.001536,0,0,1.524e-23,1.178e-24
step4000,4000,V,v,residual,1024,512-1024,1.258291e+07,0.0004554924,0.0007066035,0.000443538,0.0007682487,0.001035143,0.001819009,0.001871325,0.001565,0.001536,2.838316e-07,0,1.524e-23,1.178e-24
step4000,4000,O,u,residual,1024,spike,786432,0.00169681,0.00196044,0.004191081,0.005531357,0.005800336,0.001868657,0.00243087,0.001565,0.001536,3.814697e-06,5.812872e-06,1.524e-23,1.178e-24
step4000,4000,O,u,residual,1024,32-64,786432,0.0004827795,0.0007276324,0.003360748,0.003484512,0.003722916,0.001860119,0.002134596,0.001565,0.001536,0,0,1.524e-23,1.178e-24
step4000,4000,O,u,residual,1024,64-128,1572864,0.0008737362,0.001068831,0.00158755,0.001798214,0.002043067,0.001815887,0.002009982,0.001565,0.001536,0,0,1.524e-23,1.178e-24
step4000,4000,O,u,residual,1024,128-256,3145728,0.0002792216,0.0005303327,0.0006844203,0.0007894284,0.001023626,0.001761346,0.001840818,0.001565,0.001536,0,0,1.524e-23,1.178e-24
step4000,4000,O,u,residual,1024,256-512,6291456,0.0005799369,0.0004044858,0.0006043116,0.0002375598,0.0001998258,0.001735006,0.001764229,0.001565,0.001536,0,0,1.524e-23,1.178e-24
step4000,4000,O,u,residual,1024,512-1024,1.258291e+07,0.0001247286,0.0002482662,0.0005693436,0.0005159835,0.0007849625,0.001766625,0.001803523,0.001565,0.001536,0,0,1.524e-23,1.178e-24
step4000,4000,O,v,head,1024,spike,786432,0.06513219,0.06540117,0.01765569,0.08278788,0.08305686,0.008975619,0.01080613,0.001565,0.001536,7.26609e-07,1.725696e-05,1.524e-23,1.178e-24
step4000,4000,O,v,head,1024,32-64,786432,0.04341384,0.04368282,0.01093547,0.05408228,0.05435126,0.006745838,0.00789497,0.001565,0.001536,0,0,1.524e-23,1.178e-24
step4000,4000,O,v,head,1024,64-128,1572864,0.02847295,0.02874193,0.003826777,0.03195435,0.03221798,0.005018961,0.005141122,0.001565,0.001536,0,0,1.524e-23,1.178e-24
step4000,4000,O,v,head,1024,128-256,3145728,0.01368877,0.01395775,0.002063433,0.01163265,0.01190163,0.003184273,0.002884411,0.001565,0.001536,0,0,1.524e-23,1.178e-24
step4000,4000,O,v,head,1024,256-512,6291456,0.003383581,0.003617779,0.001548449,0.002195581,0.002459212,0.002071494,0.001969224,0.001565,0.001536,0,0,1.524e-23,1.178e-24
step4000,4000,O,v,head,1024,512-1024,1.258291e+07,0.006845838,0.007114817,0.001128276,0.007830348,0.008099327,0.002448877,0.002473332,0.001565,0.001536,0,0,1.524e-23,1.178e-24
step4000,4000,MLP_IN,u,hidden,4096,spike,3145728,0.007822225,0.00786151,0.009760857,0.002770011,0.002835893,0.002466928,0.00202129,0.001565,0.001558,3.269741e-06,3.542219e-06,1.524e-23,8.299e-24
step4000,4000,MLP_IN,u,hidden,4096,32-64,3145728,0.001354899,0.001422114,0.0007915497,0.001933883,0.001999813,0.001905714,0.001985232,0.001565,0.001558,0,0,1.524e-23,8.299e-24
step4000,4000,MLP_IN,u,hidden,4096,64-128,6291456,0.0006565099,0.0007223913,0.0009856224,0.001488835,0.001554765,0.001834665,0.001938956,0.001565,0.001558,0,0,1.524e-23,8.299e-24
step4000,4000,MLP_IN,u,hidden,4096,128-256,1.258291e+07,0.0005373495,0.0006001047,0.0003266335,0.0008021892,0.0008681199,0.001821563,0.001867873,0.001565,0.001558,0,0,1.524e-23,8.299e-24
step4000,4000,MLP_IN,u,hidden,4096,256-512,2.516582e+07,0.0002206501,0.0002729704,0.0001876354,0.0002804416,0.0003416218,0.001800475,0.001820922,0.001565,0.001558,0,0,1.524e-23,8.299e-24
step4000,4000,MLP_IN,u,hidden,4096,512-1024,5.033165e+07,9.099014e-05,0.0001537453,8.549293e-05,5.885417e-05,0.0001041323,0.001766812,0.001774697,0.001565,0.001558,0,0,1.524e-23,8.299e-24
step4000,4000,MLP_IN,v,residual,1024,spike,786432,0.001446575,0.001197518,0.00819397,0.006754603,0.007023582,0.001975832,0.002484276,0.001565,0.001536,0,0,1.524e-23,1.178e-24
step4000,4000,MLP_IN,v,residual,1024,32-64,786432,0.004516647,0.004785626,0.001523336,0.005150272,0.005401383,0.002176194,0.002282097,0.001565,0.001536,0,0,1.524e-23,1.178e-24
step4000,4000,MLP_IN,v,residual,1024,64-128,1572864,0.00335672,0.003592581,0.0007718404,0.003356344,0.003625322,0.002136685,0.00202951,0.001565,0.001536,0,0,1.524e-23,1.178e-24
step4000,4000,MLP_IN,v,residual,1024,128-256,3145728,0.00161373,0.001864841,0.0003569921,0.001904533,0.002173512,0.001886459,0.001906804,0.001565,0.001536,0,0,1.524e-23,1.178e-24
step4000,4000,MLP_IN,v,residual,1024,256-512,6291456,0.0002589683,0.0005279473,0.0002427101,0.0003193121,0.0005831648,0.001759915,0.00179016,0.001565,0.001536,0,0,1.524e-23,1.178e-24
step4000,4000,MLP_IN,v,residual,1024,512-1024,1.258291e+07,0.0008728167,0.001141796,0.0004499753,0.001060073,0.001323704,0.00186801,0.001878625,0.001565,0.001536,0,0,1.524e-23,1.178e-24
step4000,4000,MLP_OUT,u,residual,1024,spike,786432,0.002596959,0.002831156,0.01172129,0.01395039,0.01421937,0.002017612,0.002902258,0.001565,0.001536,4.541306e-06,1.852853e-05,1.524e-23,1.178e-24
step4000,4000,MLP_OUT,u,residual,1024,32-64,786432,0.001642132,0.001905763,0.006278992,0.007511185,0.007780164,0.001929329,0.002584548,0.001565,0.001536,0,0,1.524e-23,1.178e-24
step4000,4000,MLP_OUT,u,residual,1024,64-128,1572864,0.002247914,0.002482112,0.002759298,0.004693254,0.004956885,0.001968384,0.002262388,0.001565,0.001536,0,0,1.524e-23,1.178e-24
step4000,4000,MLP_OUT,u,residual,1024,128-256,3145728,0.001452492,0.001721471,0.0008357366,0.001996189,0.002260042,0.001905623,0.001951672,0.001565,0.001536,0,0,1.524e-23,1.178e-24
step4000,4000,MLP_OUT,u,residual,1024,256-512,6291456,0.0003726817,0.0006237927,0.0003714561,0.0002333936,0.0004815985,0.001789547,0.001786686,0.001565,0.001536,0,0,1.524e-23,1.178e-24
step4000,4000,MLP_OUT,u,residual,1024,512-1024,1.258291e+07,0.0008215405,0.0009787592,0.001799266,0.001581812,0.001845443,0.001846563,0.001933121,0.001565,0.001536,0,0,1.524e-23,1.178e-24
step4000,4000,MLP_OUT,v,hidden,4096,spike,3145728,0.008218914,0.008284845,0.003509204,0.004722744,0.004788675,0.002935591,0.00232365,0.001565,0.001558,7.26609e-07,9.990874e-07,1.524e-23,8.299e-24
step4000,4000,MLP_OUT,v,hidden,4096,32-64,3145728,0.002886885,0.00294964,0.001499176,0.003898844,0.003964725,0.002098492,0.002196039,0.001565,0.001558,0,0,1.524e-23,8.299e-24
step4000,4000,MLP_OUT,v,hidden,4096,64-128,6291456,0.002324486,0.002390368,0.0009598732,0.00305961,0.003125492,0.002014183,0.002126762,0.001565,0.001558,0,0,1.524e-23,8.299e-24
step4000,4000,MLP_OUT,v,hidden,4096,128-256,1.258291e+07,0.002059029,0.002126244,0.0001802444,0.002044008,0.002111223,0.00195946,0.001993509,0.001565,0.001558,0,0,1.524e-23,8.299e-24
step4000,4000,MLP_OUT,v,hidden,4096,256-512,2.516582e+07,0.001447225,0.001513667,0.0005430381,0.001004487,0.001070418,0.001906105,0.00188869,0.001565,0.001558,0,0,1.524e-23,8.299e-24
step4000,4000,MLP_OUT,v,hidden,4096,512-1024,5.033165e+07,0.0005617584,0.0006276398,0.0004666845,0.0001869699,0.0002529006,0.001812813,0.001785556,0.001565,0.001558,0,0,1.524e-23,8.299e-24
step6000,6000,Q,u,head,1024,spike,786432,0.04418491,0.04444854,0.01487223,0.05636347,0.05663245,0.005950201,0.005925678,0.001565,0.001536,1.998175e-06,0.000143142,1.524e-23,1.178e-24
step6000,6000,Q,u,head,1024,32-64,786432,0.02443495,0.02469858,0.002051036,0.02606969,0.02633867,0.003871009,0.004282452,0.001565,0.001536,0,0,1.524e-23,1.178e-24
step6000,6000,Q,u,head,1024,64-128,1572864,0.01802753,0.01829116,0.001953125,0.01631487,0.01658385,0.003194446,0.003174282,0.001565,0.001536,0,0,1.524e-23,1.178e-24
step6000,6000,Q,u,head,1024,128-256,3145728,0.01035713,0.01062076,0.002335548,0.008095646,0.008359277,0.002604575,0.002352805,0.001565,0.001536,0,0,1.524e-23,1.178e-24
step6000,6000,Q,u,head,1024,256-512,6291456,0.003035591,0.00330457,0.001332601,0.001769656,0.002020767,0.002009142,0.00189243,0.001565,0.001536,0,0,1.524e-23,1.178e-24
step6000,6000,Q,u,head,1024,512-1024,1.258291e+07,0.004227207,0.004496186,0.0005106926,0.004728999,0.004997978,0.002306927,0.002290033,0.001565,0.001536,0,0,1.524e-23,1.178e-24
step6000,6000,Q,v,residual,1024,spike,786432,0.00307762,0.003328731,0.007261912,0.009948776,0.01021776,0.002120972,0.002906436,0.001565,0.001536,0,0,1.524e-23,1.178e-24
step6000,6000,Q,v,residual,1024,32-64,786432,0.004814615,0.005078468,0.002886454,0.007665465,0.007929318,0.002158392,0.002456302,0.001565,0.001536,0,0,1.524e-23,1.178e-24
step6000,6000,Q,v,residual,1024,64-128,1572864,0.00356474,0.00382837,0.001443863,0.004517704,0.004781557,0.002075831,0.002225058,0.001565,0.001536,0,0,1.524e-23,1.178e-24
step6000,6000,Q,v,residual,1024,128-256,3145728,0.001162951,0.001397148,0.0009813309,0.001819656,0.002088635,0.001821654,0.0019504,0.001565,0.001536,0,0,1.524e-23,1.178e-24
step6000,6000,Q,v,residual,1024,256-512,6291456,0.0002421006,0.000250979,0.000266393,0.0001519231,0.0003066064,0.001771995,0.001776582,0.001565,0.001536,0,0,1.524e-23,1.178e-24
step6000,6000,Q,v,residual,1024,512-1024,1.258291e+07,0.0002709564,0.0005220675,0.0008768241,0.001073724,0.001342703,0.001797074,0.00189444,0.001565,0.001536,0,0,1.524e-23,1.178e-24
step6000,6000,K,u,head,1024,spike,786432,0.04850823,0.04877186,0.02732213,0.0737534,0.07402238,0.006407238,0.00611714,0.001565,0.001536,3.99635e-06,0.0002699352,1.524e-23,1.178e-24
step6000,6000,K,u,head,1024,32-64,786432,0.02721078,0.02747441,0.001978556,0.02785751,0.02812649,0.004266466,0.004529499,0.001565,0.001536,0,0,1.524e-23,1.178e-24
step6000,6000,K,u,head,1024,64-128,1572864,0.01739672,0.01764783,0.0005741119,0.01776749,0.01803112,0.003383455,0.003394263,0.001565,0.001536,0,0,1.524e-23,1.178e-24
step6000,6000,K,u,head,1024,128-256,3145728,0.008680071,0.00894905,0.001069705,0.00828684,0.008555819,0.002591496,0.002433731,0.001565,0.001536,0,0,1.524e-23,1.178e-24
step6000,6000,K,u,head,1024,256-512,6291456,0.00182506,0.002094039,0.000412782,0.001986812,0.002250664,0.001922993,0.001907621,0.001565,0.001536,0,0,1.524e-23,1.178e-24
step6000,6000,K,u,head,1024,512-1024,1.258291e+07,0.00359113,0.003854983,0.001667738,0.0051359,0.005404879,0.002216248,0.00227549,0.001565,0.001536,0,0,1.524e-23,1.178e-24
step6000,6000,K,v,residual,1024,spike,786432,0.001371589,0.001120478,0.007957458,0.006781306,0.007050285,0.001832871,0.002605075,0.001565,0.001536,0,0,1.524e-23,1.178e-24
step6000,6000,K,v,residual,1024,32-64,786432,0.003033115,0.003284226,0.002152761,0.004993484,0.005262463,0.001972743,0.002289,0.001565,0.001536,0,0,1.524e-23,1.178e-24
step6000,6000,K,v,residual,1024,64-128,1572864,0.001152506,0.001416358,0.00250562,0.00343504,0.003698671,0.001855033,0.002086367,0.001565,0.001536,0,0,1.524e-23,1.178e-24
step6000,6000,K,v,residual,1024,128-256,3145728,0.0003787126,0.0006295148,0.000802358,0.001037503,0.001301133,0.001777149,0.001839411,0.001565,0.001536,0,0,1.524e-23,1.178e-24
step6000,6000,K,v,residual,1024,256-512,6291456,0.0005381545,0.0003231366,0.000383695,0.0002734416,0.0002454791,0.001758258,0.001768203,0.001565,0.001536,0,0,1.524e-23,1.178e-24
step6000,6000,K,v,residual,1024,512-1024,1.258291e+07,0.0001317814,0.0002750486,0.0006784598,0.000573363,0.0008423419,0.001767681,0.001836096,0.001565,0.001536,0,0,1.524e-23,1.178e-24
step6000,6000,V,u,head,1024,spike,786432,0.04751591,0.04778489,0.01643753,0.03161753,0.03188651,0.007272266,0.005883171,0.001565,0.001536,0,0,1.524e-23,1.178e-24
step6000,6000,V,u,head,1024,32-64,786432,0.02386733,0.02413631,0.00406901,0.02021794,0.02048692,0.004654294,0.004346575,0.001565,0.001536,0,0,1.524e-23,1.178e-24
step6000,6000,V,u,head,1024,64-128,1572864,0.009516444,0.009785423,0.002141317,0.01159673,0.0118657,0.002868471,0.003088088,0.001565,0.001536,0,0,1.524e-23,1.178e-24
step6000,6000,V,u,head,1024,128-256,3145728,0.00230359,0.002567443,0.001246452,0.003503209,0.003772188,0.002047947,0.002139001,0.001565,0.001536,0,0,1.524e-23,1.178e-24
step6000,6000,V,u,head,1024,256-512,6291456,0.0005465683,0.0007976794,0.0003398259,0.000470332,0.0006654272,0.001801445,0.001786618,0.001565,0.001536,0,0,1.524e-23,1.178e-24
step6000,6000,V,u,head,1024,512-1024,1.258291e+07,0.001108772,0.001377751,0.001585086,0.002654837,0.002923816,0.001872744,0.002024196,0.001565,0.001536,0,0,1.524e-23,1.178e-24
step6000,6000,V,v,residual,1024,spike,786432,0.01833016,0.01859865,0.00275294,0.01635923,0.01662286,0.003386361,0.003360385,0.001565,0.001536,0,0,1.524e-23,1.178e-24
step6000,6000,V,v,residual,1024,32-64,786432,0.01274113,0.01301011,0.001831055,0.01271747,0.0129811,0.002892994,0.003014337,0.001565,0.001536,0,0,1.524e-23,1.178e-24
step6000,6000,V,v,residual,1024,64-128,1572864,0.006340708,0.006609687,0.001759847,0.007832891,0.00810187,0.002293178,0.002432778,0.001565,0.001536,0,0,1.524e-23,1.178e-24
step6000,6000,V,v,residual,1024,128-256,3145728,0.001593636,0.001862614,0.002010663,0.003365245,0.003634223,0.001928375,0.002060799,0.001565,0.001536,0,0,1.524e-23,1.178e-24
step6000,6000,V,v,residual,1024,256-512,6291456,0.0001882759,0.0003404547,0.0006467501,0.0005097291,0.0007735818,0.001776854,0.001797744,0.001565,0.001536,0,0,1.524e-23,1.178e-24
step6000,6000,V,v,residual,1024,512-1024,1.258291e+07,0.001162434,0.001426065,0.0008576711,0.001935546,0.002199177,0.001891034,0.001981054,0.001565,0.001536,5.676633e-07,0,1.524e-23,1.178e-24
step6000,6000,O,u,residual,1024,spike,786432,0.002201621,0.002465252,0.005373637,0.007256872,0.00752585,0.002001081,0.002401988,0.001565,0.001536,8.356004e-06,1.344227e-05,1.524e-23,1.178e-24
step6000,6000,O,u,residual,1024,32-64,786432,0.0006413361,0.0009051889,0.004058838,0.003878706,0.004129817,0.001862662,0.002150944,0.001565,0.001536,0,0,1.524e-23,1.178e-24
step6000,6000,O,u,residual,1024,64-128,1572864,0.0003600671,0.0003525453,0.001979828,0.001796517,0.002060025,0.001789365,0.001987821,0.001565,0.001536,0,0,1.524e-23,1.178e-24
step6000,6000,O,u,residual,1024,128-256,3145728,0.0003635351,0.0005630755,0.0007012685,0.0006026193,0.0007780703,0.001803625,0.001843816,0.001565,0.001536,0,0,1.524e-23,1.178e-24
step6000,6000,O,u,residual,1024,256-512,6291456,0.0004288816,0.000207562,0.000450929,0.0001872444,0.0002903153,0.001754193,0.001758871,0.001565,0.001536,0,0,1.524e-23,1.178e-24
step6000,6000,O,u,residual,1024,512-1024,1.258291e+07,0.0001393597,0.0002258655,0.0005375544,0.0004825493,0.0007464021,0.001764195,0.001811323,0.001565,0.001536,0,0,1.524e-23,1.178e-24
step6000,6000,O,v,head,1024,spike,786432,0.0606733,0.06093693,0.01093928,0.07054779,0.07081676,0.008400508,0.009687515,0.001565,0.001536,0,9.264265e-06,1.524e-23,1.178e-24
step6000,6000,O,v,head,1024,32-64,786432,0.03881381,0.03907744,0.007211049,0.04542292,0.0456919,0.006280627,0.007066273,0.001565,0.001536,0,0,1.524e-23,1.178e-24
step6000,6000,O,v,head,1024,64-128,1572864,0.02779139,0.02806037,0.001558304,0.0271022,0.02737118,0.004983539,0.004587446,0.001565,0.001536,0,0,1.524e-23,1.178e-24
step6000,6000,O,v,head,1024,128-256,3145728,0.01557736,0.01584634,0.005527178,0.01005463,0.01032361,0.003391039,0.002716836,0.001565,0.001536,0,0,1.524e-23,1.178e-24
step6000,6000,O,v,head,1024,256-512,6291456,0.004371707,0.004635338,0.002566814,0.001834457,0.002098087,0.00211911,0.001910573,0.001565,0.001536,0,0,1.524e-23,1.178e-24
step6000,6000,O,v,head,1024,512-1024,1.258291e+07,0.007429089,0.007698068,0.0009747346,0.006627129,0.006896108,0.002537421,0.002390612,0.001565,0.001536,0,0,1.524e-23,1.178e-24
step6000,6000,MLP_IN,u,hidden,4096,spike,3145728,0.008655737,0.008695022,0.01075268,0.005379087,0.005446302,0.002629961,0.002160935,0.001565,0.001558,6.494068e-06,9.763808e-06,1.524e-23,8.299e-24
step6000,6000,MLP_IN,u,hidden,4096,32-64,3145728,0.001919969,0.001985851,0.0008522669,0.002464444,0.002530374,0.001978602,0.002063297,0.001565,0.001558,0,0,1.524e-23,8.299e-24
step6000,6000,MLP_IN,u,hidden,4096,64-128,6291456,0.001172056,0.001237987,0.001015504,0.002135341,0.002201222,0.001903625,0.001990841,0.001565,0.001558,0,0,1.524e-23,8.299e-24
step6000,6000,MLP_IN,u,hidden,4096,128-256,1.258291e+07,0.0009515187,0.001017449,0.0004853408,0.001353945,0.00142116,0.001875718,0.001915455,0.001565,0.001558,0,0,1.524e-23,8.299e-24
step6000,6000,MLP_IN,u,hidden,4096,256-512,2.516582e+07,0.0005001129,0.0005660436,0.000289917,0.0006806299,0.0007465113,0.001827365,0.001840722,0.001565,0.001558,0,0,1.524e-23,8.299e-24
step6000,6000,MLP_IN,u,hidden,4096,512-1024,5.033165e+07,0.0002379716,0.0003039023,0.0001745224,0.000123789,0.0001897197,0.001790807,0.001778109,0.001565,0.001558,8.231118e-08,0,1.524e-23,8.299e-24
step6000,6000,MLP_IN,v,residual,1024,spike,786432,0.0009249692,0.0011886,0.009447734,0.01002507,0.01029405,0.001978193,0.002735865,0.001565,0.001536,0,0,1.524e-23,1.178e-24
step6000,6000,MLP_IN,v,residual,1024,32-64,786432,0.006102711,0.006366564,0.001377106,0.007415041,0.007678671,0.002258482,0.002413068,0.001565,0.001536,0,0,1.524e-23,1.178e-24
step6000,6000,MLP_IN,v,residual,1024,64-128,1572864,0.005151794,0.005420773,0.0007559458,0.005159919,0.005423549,0.002217157,0.002251852,0.001565,0.001536,0,0,1.524e-23,1.178e-24
step6000,6000,MLP_IN,v,residual,1024,128-256,3145728,0.003208524,0.003477503,0.0008166631,0.002836273,0.003105252,0.002033733,0.001985822,0.001565,0.001536,0,0,1.524e-23,1.178e-24
step6000,6000,MLP_IN,v,residual,1024,256-512,6291456,0.0005328474,0.0007777003,0.0002417564,0.0005662776,0.0008173886,0.001814365,0.001805828,0.001565,0.001536,0,0,1.524e-23,1.178e-24
step6000,6000,MLP_IN,v,residual,1024,512-1024,1.258291e+07,0.001670724,0.001939703,0.0003190041,0.001945565,0.002209418,0.001992952,0.002039103,0.001565,0.001536,7.720221e-07,4.541306e-08,1.524e-23,1.178e-24
step6000,6000,MLP_OUT,u,residual,1024,spike,786432,0.005900737,0.006115755,0.01499939,0.02054396,0.02080759,0.002277556,0.002993811,0.001565,0.001536,2.506801e-05,6.030855e-05,1.524e-23,1.178e-24
step6000,6000,MLP_OUT,u,residual,1024,32-64,786432,0.002421602,0.002685233,0.004276276,0.006125599,0.006389452,0.001991272,0.002508254,0.001565,0.001536,0,0,1.524e-23,1.178e-24
step6000,6000,MLP_OUT,u,residual,1024,64-128,1572864,0.002091771,0.00236075,0.001991908,0.004083679,0.004352658,0.001959574,0.002192543,0.001565,0.001536,0,0,1.524e-23,1.178e-24
step6000,6000,MLP_OUT,u,residual,1024,128-256,3145728,0.001310837,0.001505932,0.0003938675,0.001345034,0.001595501,0.001883643,0.001904669,0.001565,0.001536,0,0,1.524e-23,1.178e-24
step6000,6000,MLP_OUT,u,residual,1024,256-512,6291456,0.0002202427,0.0004493184,0.0006314913,0.0004479062,0.0006052654,0.00179125,0.001794111,0.001565,0.001536,0,0,1.524e-23,1.178e-24
step6000,6000,MLP_OUT,u,residual,1024,512-1024,1.258291e+07,0.0007769562,0.0009537355,0.001805623,0.001467928,0.001731558,0.001821245,0.001902773,0.001565,0.001536,0,0,1.524e-23,1.178e-24
step6000,6000,MLP_OUT,v,hidden,4096,spike,3145728,0.01038407,0.01045,0.0051651,0.005613055,0.00568027,0.003255435,0.002413023,0.001565,0.001558,1.589457e-06,2.81561e-06,1.524e-23,8.299e-24
step6000,6000,MLP_OUT,v,hidden,4096,32-64,3145728,0.003329108,0.003395039,0.001187007,0.004171594,0.004237476,0.002222561,0.002239409,0.001565,0.001558,0,0,1.524e-23,8.299e-24
step6000,6000,MLP_OUT,v,hidden,4096,64-128,6291456,0.002481188,0.002548403,0.001015663,0.003263379,0.00332926,0.002027671,0.002140613,0.001565,0.001558,0,0,1.524e-23,8.299e-24
step6000,6000,MLP_OUT,v,hidden,4096,128-256,1.258291e+07,0.002125468,0.002192683,0.0003784498,0.002047187,0.002114402,0.00195266,0.002016635,0.001565,0.001558,0,0,1.524e-23,8.299e-24
step6000,6000,MLP_OUT,v,hidden,4096,256-512,2.516582e+07,0.001291825,0.00135458,0.0003507137,0.001116997,0.001184212,0.001878483,0.001874322,0.001565,0.001558,0,0,1.524e-23,8.299e-24
step6000,6000,MLP_OUT,v,hidden,4096,512-1024,5.033165e+07,0.0005390887,0.0006049702,0.0003694892,0.0002284706,0.0002956856,0.001811257,0.001787115,0.001565,0.001558,0,0,1.524e-23,8.299e-24
step8000,8000,Q,u,head,1024,spike,786432,0.04634911,0.04661274,0.01832708,0.06280572,0.06306935,0.005995251,0.006103334,0.001565,0.001536,2.724784e-06,0.0001856486,1.524e-23,1.178e-24
step8000,8000,Q,u,head,1024,32-64,786432,0.02756809,0.02783172,0.002919515,0.03019768,0.03046132,0.004189809,0.004575639,0.001565,0.001536,0,0,1.524e-23,1.178e-24
step8000,8000,Q,u,head,1024,64-128,1572864,0.0216197,0.02188333,0.001950582,0.01976004,0.02002367,0.003580638,0.003315154,0.001565,0.001536,0,0,1.524e-23,1.178e-24
step8000,8000,Q,u,head,1024,128-256,3145728,0.01577177,0.0160354,0.005247116,0.01052465,0.01078829,0.003074283,0.002489771,0.001565,0.001536,0,0,1.524e-23,1.178e-24
step8000,8000,Q,u,head,1024,256-512,6291456,0.004815007,0.005078637,0.002055645,0.002801305,0.003070284,0.002160572,0.001949991,0.001565,0.001536,0,0,1.524e-23,1.178e-24
step8000,8000,Q,u,head,1024,512-1024,1.258291e+07,0.006862448,0.007131427,0.001039108,0.00582334,0.006092319,0.002640645,0.00246778,0.001565,0.001536,0,0,1.524e-23,1.178e-24
step8000,8000,Q,v,residual,1024,spike,786432,0.003332174,0.003547192,0.007826487,0.0108826,0.01114623,0.002109528,0.002857208,0.001565,0.001536,0,1.271566e-06,1.524e-23,1.178e-24
step8000,8000,Q,v,residual,1024,32-64,786432,0.006137117,0.006400748,0.002632141,0.008076255,0.008339886,0.002240499,0.002493359,0.001565,0.001536,0,0,1.524e-23,1.178e-24
step8000,8000,Q,v,residual,1024,64-128,1572864,0.004037688,0.004301541,0.001399994,0.005158647,0.005422278,0.002095722,0.00229454,0.001565,0.001536,0,0,1.524e-23,1.178e-24
step8000,8000,Q,v,residual,1024,128-256,3145728,0.001570488,0.001812389,0.000775973,0.002169086,0.002420197,0.001923243,0.001953443,0.001565,0.001536,0,0,1.524e-23,1.178e-24
step8000,8000,Q,v,residual,1024,256-512,6291456,0.0003004431,0.0002400978,0.0004261335,0.0001659365,0.0003847384,0.001773539,0.001782917,0.001565,0.001536,0,0,1.524e-23,1.178e-24
step8000,8000,Q,v,residual,1024,512-1024,1.258291e+07,0.0005801181,0.0008490971,0.0006333987,0.001137715,0.001389989,0.001839547,0.001907939,0.001565,0.001536,0,0,1.524e-23,1.178e-24
step8000,8000,K,u,head,1024,spike,786432,0.05243991,0.05270354,0.03352737,0.08447955,0.08474319,0.006664639,0.006528037,0.001565,0.001536,1.998175e-06,0.0003184364,1.524e-23,1.178e-24
step8000,8000,K,u,head,1024,32-64,786432,0.03164981,0.03191344,0.00420634,0.03585615,0.03611978,0.004558382,0.005081177,0.001565,0.001536,0,0,1.524e-23,1.178e-24
step8000,8000,K,u,head,1024,64-128,1572864,0.02323586,0.02349949,0.001232783,0.02375402,0.02401766,0.003823235,0.003624871,0.001565,0.001536,0,0,1.524e-23,1.178e-24
step8000,8000,K,u,head,1024,128-256,3145728,0.01455997,0.0148236,0.003035863,0.01178605,0.01204968,0.003058978,0.002607709,0.001565,0.001536,0,0,1.524e-23,1.178e-24
step8000,8000,K,u,head,1024,256-512,6291456,0.003510203,0.003779182,0.0005407333,0.00310623,0.003357341,0.002049333,0.001976308,0.001565,0.001536,0,0,1.524e-23,1.178e-24
step8000,8000,K,u,head,1024,512-1024,1.258291e+07,0.006082263,0.006351242,0.0006617705,0.006644613,0.006913592,0.002466838,0.002513193,0.001565,0.001536,0,0,1.524e-23,1.178e-24
step8000,8000,K,v,residual,1024,spike,786432,0.0009140706,0.001022912,0.007507324,0.007153875,0.007422854,0.001892998,0.002617427,0.001565,0.001536,0,0,1.524e-23,1.178e-24
step8000,8000,K,v,residual,1024,32-64,786432,0.002332222,0.002527317,0.004217784,0.006088679,0.006332083,0.001894088,0.002320608,0.001565,0.001536,0,0,1.524e-23,1.178e-24
step8000,8000,K,v,residual,1024,64-128,1572864,0.001474176,0.001725287,0.00235494,0.003646896,0.003915875,0.001860482,0.002093996,0.001565,0.001536,0,0,1.524e-23,1.178e-24
step8000,8000,K,v,residual,1024,128-256,3145728,0.0005026321,0.0007716111,0.001161893,0.001573076,0.001836929,0.001813253,0.001870973,0.001565,0.001536,0,0,1.524e-23,1.178e-24
step8000,8000,K,v,residual,1024,256-512,6291456,0.0003742042,0.0002309373,0.0003139178,0.0002602491,0.0003286889,0.001726219,0.001753943,0.001565,0.001536,0,0,1.524e-23,1.178e-24
step8000,8000,K,v,residual,1024,512-1024,1.258291e+07,0.000361214,0.0002149159,0.0008606116,0.0005953669,0.0008407537,0.001793759,0.001836652,0.001565,0.001536,0,0,1.524e-23,1.178e-24
step8000,8000,V,u,head,1024,spike,786432,0.05110223,0.05136586,0.01265589,0.0395343,0.03980328,0.007365272,0.006646293,0.001565,0.001536,0,1.998175e-06,1.524e-23,1.178e-24
step8000,8000,V,u,head,1024,32-64,786432,0.02856959,0.02883856,0.004107157,0.02446243,0.02473141,0.005111149,0.004782904,0.001565,0.001536,0,0,1.524e-23,1.178e-24
step8000,8000,V,u,head,1024,64-128,1572864,0.01302533,0.01329431,0.0008125305,0.01306517,0.01333182,0.003367197,0.003369377,0.001565,0.001536,0,0,1.524e-23,1.178e-24
step8000,8000,V,u,head,1024,128-256,3145728,0.003817146,0.004085947,0.0008799235,0.004556879,0.004820509,0.002245721,0.002254304,0.001565,0.001536,0,0,1.524e-23,1.178e-24
step8000,8000,V,u,head,1024,256-512,6291456,0.0009963175,0.001265296,0.0004318555,0.0006757423,0.0009393729,0.001860028,0.001820837,0.001565,0.001536,0,0,1.524e-23,1.178e-24
step8000,8000,V,u,head,1024,512-1024,1.258291e+07,0.001633451,0.00190243,0.001822472,0.003455923,0.003724902,0.001927081,0.002073538,0.001565,0.001536,0,0,1.524e-23,1.178e-24
step8000,8000,V,v,residual,1024,spike,786432,0.0211772,0.02144083,0.002377828,0.02256702,0.02283065,0.003343128,0.003795987,0.001565,0.001536,0,0,1.524e-23,1.178e-24
step8000,8000,V,v,residual,1024,32-64,786432,0.01671654,0.01698017,0.0007692973,0.01683099,0.01709462,0.003012703,0.003155663,0.001565,0.001536,0,0,1.524e-23,1.178e-24
step8000,8000,V,v,residual,1024,64-128,1572864,0.009541099,0.009804729,0.002806981,0.01218023,0.01244386,0.002490362,0.0027573,0.001565,0.001536,0,0,1.524e-23,1.178e-24
step8000,8000,V,v,residual,1024,128-256,3145728,0.003828908,0.004092538,0.001833916,0.005341576,0.005610555,0.00205594,0.002198991,0.001565,0.001536,0,0,1.524e-23,1.178e-24
step8000,8000,V,v,residual,1024,256-512,6291456,0.000359797,0.0003601747,0.0007483164,0.0007842283,0.001048081,0.001791227,0.001830487,0.001565,0.001536,0,0,1.524e-23,1.178e-24
step8000,8000,V,v,residual,1024,512-1024,1.258291e+07,0.001533737,0.00179759,0.00147295,0.002889917,0.003158896,0.001979306,0.00212037,0.001565,0.001536,6.130763e-07,0,1.524e-23,1.178e-24
step8000,8000,O,u,residual,1024,spike,786432,0.003810467,0.00405532,0.006988525,0.01026158,0.01053056,0.002170926,0.00248246,0.001565,0.001536,1.489548e-05,2.797445e-05,1.524e-23,1.178e-24
step8000,8000,O,u,residual,1024,32-64,786432,0.002271062,0.002540041,0.0023791,0.003928334,0.004192186,0.001963116,0.002129691,0.001565,0.001536,0,0,1.524e-23,1.178e-24
step8000,8000,O,u,residual,1024,64-128,1572864,0.0005516978,0.0007499956,0.001876831,0.002044088,0.002313067,0.001816886,0.002007257,0.001565,0.001536,0,0,1.524e-23,1.178e-24
step8000,8000,O,u,residual,1024,128-256,3145728,0.0002640968,0.0004623732,0.0008589427,0.0008733607,0.001125975,0.001783235,0.001843543,0.001565,0.001536,0,0,1.524e-23,1.178e-24
step8000,8000,O,u,residual,1024,256-512,6291456,0.0004187607,0.0001796123,0.0004828771,0.0001949907,0.0003763765,0.001729352,0.001749447,0.001565,0.001536,0,0,1.524e-23,1.178e-24
step8000,8000,O,u,residual,1024,512-1024,1.258291e+07,0.0002441111,0.0003728162,0.0005847613,0.0005187651,0.000787744,0.001756259,0.001808484,0.001565,0.001536,0,0,1.524e-23,1.178e-24
step8000,8000,O,v,head,1024,spike,786432,0.05468882,0.0549578,0.006771088,0.06055455,0.06082353,0.007827214,0.008851188,0.001565,0.001536,1.271566e-06,5.994524e-06,1.524e-23,1.178e-24
step8000,8000,O,v,head,1024,32-64,786432,0.03355667,0.03382564,0.005989075,0.03954574,0.03981472,0.005539304,0.006287348,0.001565,0.001536,0,0,1.524e-23,1.178e-24
step8000,8000,O,v,head,1024,64-128,1572864,0.02524239,0.02550602,0.003421148,0.02249087,0.02275984,0.004742668,0.00418436,0.001565,0.001536,0,0,1.524e-23,1.178e-24
step8000,8000,O,v,head,1024,128-256,3145728,0.0147092,0.01497818,0.006814639,0.007898376,0.008167355,0.003332002,0.002574921,0.001565,0.001536,0,0,1.524e-23,1.178e-24
step8000,8000,O,v,head,1024,256-512,6291456,0.004709149,0.004972779,0.003130436,0.001578713,0.001842343,0.002181099,0.001881554,0.001565,0.001536,0,0,1.524e-23,1.178e-24
step8000,8000,O,v,head,1024,512-1024,1.258291e+07,0.007072653,0.007341632,0.001622041,0.005737191,0.00600617,0.002499978,0.002311536,0.001565,0.001536,7.947286e-08,0,1.524e-23,1.178e-24
step8000,8000,MLP_IN,u,hidden,4096,spike,3145728,0.008643657,0.008682942,0.01034101,0.006789889,0.006857104,0.002711432,0.002248174,0.001565,0.001558,5.767459e-06,1.548585e-05,1.524e-23,8.299e-24
step8000,8000,MLP_IN,u,hidden,4096,32-64,3145728,0.002247288,0.002310043,0.00105985,0.00311651,0.00317769,0.002043815,0.002151535,0.001565,0.001558,0,0,1.524e-23,8.299e-24
step8000,8000,MLP_IN,u,hidden,4096,64-128,6291456,0.001737005,0.00180422,0.0007685026,0.002332733,0.002399948,0.001967521,0.002053511,0.001565,0.001558,0,0,1.524e-23,8.299e-24
step8000,8000,MLP_IN,u,hidden,4096,128-256,1.258291e+07,0.001496122,0.001563337,0.0002994537,0.001726056,0.001791937,0.001907383,0.001953931,0.001565,0.001558,0,0,1.524e-23,8.299e-24
step8000,8000,MLP_IN,u,hidden,4096,256-512,2.516582e+07,0.0006525974,0.0007198124,0.0002062718,0.0008348073,0.0009006887,0.00184377,0.001856753,0.001565,0.001558,0,0,1.524e-23,8.299e-24
step8000,8000,MLP_IN,u,hidden,4096,512-1024,5.033165e+07,0.000371438,0.0004326182,0.0002642075,0.0002794906,0.0003453721,0.001803262,0.001782363,0.001565,0.001558,2.128737e-07,0,1.524e-23,8.299e-24
step8000,8000,MLP_IN,v,residual,1024,spike,786432,0.0009640301,0.0009877099,0.01151148,0.0116964,0.01196003,0.001950764,0.002710797,0.001565,0.001536,0,0,1.524e-23,1.178e-24
step8000,8000,MLP_IN,v,residual,1024,32-64,786432,0.00790194,0.008153051,0.002665202,0.009844508,0.01011349,0.002359844,0.002616519,0.001565,0.001536,0,0,1.524e-23,1.178e-24
step8000,8000,MLP_IN,v,residual,1024,64-128,1572864,0.006554191,0.006817821,0.0005175273,0.006696747,0.006965726,0.002318791,0.002362842,0.001565,0.001536,0,0,1.524e-23,1.178e-24
step8000,8000,MLP_IN,v,residual,1024,128-256,3145728,0.004505203,0.004774182,0.0006860097,0.003970369,0.004234,0.002110027,0.002047584,0.001565,0.001536,0,0,1.524e-23,1.178e-24
step8000,8000,MLP_IN,v,residual,1024,256-512,6291456,0.0008687423,0.00110294,0.0003581047,0.001126812,0.001395791,0.001815115,0.00181541,0.001565,0.001536,0,0,1.524e-23,1.178e-24
step8000,8000,MLP_IN,v,residual,1024,512-1024,1.258291e+07,0.00264286,0.002906713,0.0003592968,0.003002157,0.00326601,0.002120143,0.002166759,0.001565,0.001536,2.020881e-06,1.18074e-06,1.524e-23,1.178e-24
step8000,8000,MLP_OUT,u,residual,1024,spike,786432,0.00895745,0.009221081,0.0191714,0.02810977,0.0283734,0.002498445,0.002867562,0.001565,0.001536,4.305158e-05,0.0001037234,1.524e-23,1.178e-24
step8000,8000,MLP_OUT,u,residual,1024,32-64,786432,0.002263854,0.002527707,0.003383636,0.005414868,0.005678498,0.002065931,0.002460843,0.001565,0.001536,7.26609e-07,0,1.524e-23,1.178e-24
step8000,8000,MLP_OUT,u,residual,1024,64-128,1572864,0.001666607,0.00191146,0.002190908,0.00356474,0.00382837,0.001980736,0.002185912,0.001565,0.001536,0,0,1.524e-23,1.178e-24
step8000,8000,MLP_OUT,u,residual,1024,128-256,3145728,0.0009950459,0.001264025,0.0007753372,0.00175735,0.002026329,0.001860074,0.001936277,0.001565,0.001536,0,0,1.524e-23,1.178e-24
step8000,8000,MLP_OUT,u,residual,1024,256-512,6291456,0.0002778273,0.00054168,0.0005184809,0.0005184781,0.0006798145,0.001785732,0.001792295,0.001565,0.001536,0,0,1.524e-23,1.178e-24
step8000,8000,MLP_OUT,u,residual,1024,512-1024,1.258291e+07,0.0008112885,0.000981392,0.001861334,0.001442576,0.001706206,0.001843407,0.001894724,0.001565,0.001536,0,0,1.524e-23,1.178e-24
step8000,8000,MLP_OUT,v,hidden,4096,spike,3145728,0.01250049,0.01256771,0.006462097,0.006038394,0.006105609,0.003533817,0.002521379,0.001565,0.001558,3.224327e-06,6.721133e-06,1.524e-23,8.299e-24
step8000,8000,MLP_OUT,v,hidden,4096,32-64,3145728,0.004439821,0.004505752,0.0007559458,0.004715329,0.004782544,0.0024088,0.002392088,0.001565,0.001558,0,0,1.524e-23,8.299e-24
step8000,8000,MLP_OUT,v,hidden,4096,64-128,6291456,0.002585139,0.002652354,0.001023134,0.003366675,0.00343389,0.00208698,0.002191271,0.001565,0.001558,0,0,1.524e-23,8.299e-24
step8000,8000,MLP_OUT,v,hidden,4096,128-256,1.258291e+07,0.002169594,0.002235475,0.0004638036,0.00234378,0.002410995,0.00197053,0.002020961,0.001565,0.001558,0,0,1.524e-23,8.299e-24
step8000,8000,MLP_OUT,v,hidden,4096,256-512,2.516582e+07,0.001545692,0.001611573,0.0004987319,0.001076585,0.0011438,0.001899197,0.001878738,0.001565,0.001558,0,0,1.524e-23,8.299e-24
step8000,8000,MLP_OUT,v,hidden,4096,512-1024,5.033165e+07,0.0007180036,0.0007852185,0.0004926324,0.0002253712,0.0002925861,0.00182076,0.001786272,0.001565,0.001558,7.379623e-08,0,1.524e-23,8.299e-24
step12000,12000,Q,u,head,1024,spike,786432,0.05004683,0.05031046,0.02240753,0.07091831,0.07118194,0.006178175,0.006528764,0.001565,0.001536,1.453218e-06,0.0001832871,1.524e-23,1.178e-24
step12000,12000,Q,u,head,1024,32-64,786432,0.03167143,0.03193506,0.005911509,0.03705894,0.03731005,0.004526229,0.004954565,0.001565,0.001536,0,0,1.524e-23,1.178e-24
step12000,12000,Q,u,head,1024,64-128,1572864,0.02753503,0.02779866,0.002319336,0.02587679,0.0261279,0.003934315,0.003639584,0.001565,0.001536,0,0,1.524e-23,1.178e-24
step12000,12000,Q,u,head,1024,128-256,3145728,0.02265412,0.02291775,0.008860906,0.01379321,0.01405685,0.003527914,0.002665792,0.001565,0.001536,0,0,1.524e-23,1.178e-24
step12000,12000,Q,u,head,1024,256-512,6291456,0.008593623,0.008857254,0.004375299,0.004308129,0.004571759,0.002389726,0.002002012,0.001565,0.001536,0,0,1.524e-23,1.178e-24
step12000,12000,Q,u,head,1024,512-1024,1.258291e+07,0.01082981,0.01109879,0.003293991,0.007535821,0.0078048,0.003154221,0.002716212,0.001565,0.001536,0,0,1.524e-23,1.178e-24
step12000,12000,Q,v,residual,1024,spike,786432,0.00312605,0.00338968,0.007269541,0.01005481,0.01031844,0.002094269,0.002793267,0.001565,0.001536,0,0,1.524e-23,1.178e-24
step12000,12000,Q,v,residual,1024,32-64,786432,0.004416689,0.004680319,0.004316966,0.008520808,0.008789787,0.002079918,0.00256384,0.001565,0.001536,0,0,1.524e-23,1.178e-24
step12000,12000,Q,v,residual,1024,64-128,1572864,0.004912489,0.0051636,0.001524607,0.005946523,0.006215502,0.002101172,0.002180826,0.001565,0.001536,0,0,1.524e-23,1.178e-24
step12000,12000,Q,v,residual,1024,128-256,3145728,0.002584252,0.002837015,0.000550588,0.00230578,0.002556891,0.001950355,0.001988002,0.001565,0.001536,0,0,1.524e-23,1.178e-24
step12000,12000,Q,v,residual,1024,256-512,6291456,0.0005880531,0.0008391642,0.0005631447,0.0001973308,0.0003600273,0.001787617,0.001774584,0.001565,0.001536,0,0,1.524e-23,1.178e-24
step12000,12000,Q,v,residual,1024,512-1024,1.258291e+07,0.0009040734,0.001167926,0.0005414486,0.001420703,0.001689682,0.001896007,0.001917294,0.001565,0.001536,0,0,1.524e-23,1.178e-24
step12000,12000,K,u,head,1024,spike,786432,0.05851534,0.05876645,0.04020055,0.09764153,0.09790516,0.00701105,0.007178534,0.001565,0.001536,7.26609e-07,0.0003909156,1.524e-23,1.178e-24
step12000,12000,K,u,head,1024,32-64,786432,0.03806359,0.03832722,0.005980174,0.04396747,0.0442311,0.00503431,0.005577632,0.001565,0.001536,0,0,1.524e-23,1.178e-24
step12000,12000,K,u,head,1024,64-128,1572864,0.03070504,0.03096867,0.000986735,0.03058615,0.03084978,0.004257293,0.004114333,0.001565,0.001536,0,0,1.524e-23,1.178e-24
step12000,12000,K,u,head,1024,128-256,3145728,0.02354835,0.02381198,0.007105192,0.01644316,0.01670679,0.003640856,0.002852122,0.001565,0.001536,0,0,1.524e-23,1.178e-24
step12000,12000,K,u,head,1024,256-512,6291456,0.007049466,0.007313096,0.002106031,0.005243048,0.005506678,0.00231761,0.002084414,0.001565,0.001536,0,0,1.524e-23,1.178e-24
step12000,12000,K,u,head,1024,512-1024,1.258291e+07,0.01008587,0.01035485,0.00105087,0.009295509,0.009564488,0.003037805,0.002870514,0.001565,0.001536,4.541306e-08,0,1.524e-23,1.178e-24
step12000,12000,K,v,residual,1024,spike,786432,0.0005990458,0.0005819003,0.006958008,0.006593535,0.006857388,0.001772926,0.002529689,0.001565,0.001536,0,0,1.524e-23,1.178e-24
step12000,12000,K,v,residual,1024,32-64,786432,0.002937858,0.003201488,0.002854665,0.005608146,0.005871776,0.001981463,0.002328237,0.001565,0.001536,0,0,1.524e-23,1.178e-24
step12000,12000,K,v,residual,1024,64-128,1572864,0.002518372,0.00275907,0.001925151,0.003464601,0.003709454,0.001873561,0.002123696,0.001565,0.001536,0,0,1.524e-23,1.178e-24
step12000,12000,K,v,residual,1024,128-256,3145728,0.001025667,0.00128952,0.000600179,0.001511476,0.001756329,0.00185635,0.001934052,0.001565,0.001536,0,0,1.524e-23,1.178e-24
step12000,12000,K,v,residual,1024,256-512,6291456,0.0003354305,0.000158144,0.0003430049,0.0002158943,0.0003754087,0.00175333,0.001746904,0.001565,0.001536,0,0,1.524e-23,1.178e-24
step12000,12000,K,v,residual,1024,512-1024,1.258291e+07,0.0004285534,0.0006435713,0.0005411307,0.0005650422,0.0008288949,0.001806861,0.001833348,0.001565,0.001536,0,0,1.524e-23,1.178e-24
step12000,12000,V,u,head,1024,spike,786432,0.05325499,0.05351862,0.01025645,0.04546742,0.0457364,0.007378169,0.007176354,0.001565,0.001536,7.26609e-07,1.998175e-06,1.524e-23,1.178e-24
step12000,12000,V,u,head,1024,32-64,786432,0.03067071,0.03093434,0.003149668,0.02757776,0.02784674,0.005219959,0.005019233,0.001565,0.001536,0,0,1.524e-23,1.178e-24
step12000,12000,V,u,head,1024,64-128,1572864,0.01649162,0.0167606,0.001053492,0.01641532,0.0166843,0.003718603,0.003527142,0.001565,0.001536,0,0,1.524e-23,1.178e-24
step12000,12000,V,u,head,1024,128-256,3145728,0.006869044,0.007138023,0.001335144,0.005997881,0.006261511,0.002590361,0.002314976,0.001565,0.001536,0,0,1.524e-23,1.178e-24
step12000,12000,V,u,head,1024,256-512,6291456,0.001939838,0.002203468,0.001523177,0.0005061445,0.0007744721,0.001947221,0.001819906,0.001565,0.001536,0,0,1.524e-23,1.178e-24
step12000,12000,V,u,head,1024,512-1024,1.258291e+07,0.002531837,0.002795689,0.001661221,0.004172212,0.004441191,0.002034017,0.002164148,0.001565,0.001536,0,0,1.524e-23,1.178e-24
step12000,12000,V,v,residual,1024,spike,786432,0.02017001,0.02042112,0.007808685,0.02776391,0.02802754,0.003217243,0.003929865,0.001565,0.001536,0,0,1.524e-23,1.178e-24
step12000,12000,V,v,residual,1024,32-64,786432,0.01798302,0.01824665,0.004464467,0.0220355,0.02229913,0.00300144,0.003485362,0.001565,0.001536,0,0,1.524e-23,1.178e-24
step12000,12000,V,v,residual,1024,64-128,1572864,0.01248859,0.01275222,0.003665924,0.01615451,0.01641814,0.00263532,0.002921876,0.001565,0.001536,0,0,1.524e-23,1.178e-24
step12000,12000,V,v,residual,1024,128-256,3145728,0.00643816,0.006701791,0.002647082,0.0089211,0.009180391,0.002215658,0.002351398,0.001565,0.001536,0,0,1.524e-23,1.178e-24
step12000,12000,V,v,residual,1024,256-512,6291456,0.001451556,0.001715187,0.0005081495,0.00192283,0.002186461,0.00184872,0.001884756,0.001565,0.001536,0,0,1.524e-23,1.178e-24
step12000,12000,V,v,residual,1024,512-1024,1.258291e+07,0.002739738,0.00300359,0.001928329,0.004634665,0.004903643,0.002149037,0.002360968,0.001565,0.001536,8.287884e-07,0,1.524e-23,1.178e-24
step12000,12000,O,u,residual,1024,spike,786432,0.006514277,0.006783256,0.008385976,0.01477988,0.01504373,0.002249037,0.002593812,0.001565,0.001536,3.396897e-05,5.940029e-05,1.524e-23,1.178e-24
step12000,12000,O,u,residual,1024,32-64,786432,0.000940228,0.001203859,0.002651215,0.003510062,0.003773693,0.001887549,0.002210163,0.001565,0.001536,0,0,1.524e-23,1.178e-24
step12000,12000,O,u,residual,1024,64-128,1572864,0.001007621,0.001271252,0.001279195,0.00209926,0.002362891,0.001818067,0.001960482,0.001565,0.001536,0,0,1.524e-23,1.178e-24
step12000,12000,O,u,residual,1024,128-256,3145728,0.0004013929,0.0002548511,0.001048088,0.000685523,0.0009493758,0.001751627,0.001848493,0.001565,0.001536,0,0,1.524e-23,1.178e-24
step12000,12000,O,u,residual,1024,256-512,6291456,0.0001768822,0.000263691,0.0003364881,0.0003366931,0.0001863353,0.001758053,0.001766636,0.001565,0.001536,0,0,1.524e-23,1.178e-24
step12000,12000,O,u,residual,1024,512-1024,1.258291e+07,0.0001301769,0.000275462,0.0006611347,0.00057593,0.0008397827,0.001765194,0.001805237,0.001565,0.001536,0,0,1.524e-23,1.178e-24
step12000,12000,O,v,head,1024,spike,786432,0.04735619,0.04761982,0.004262288,0.04897694,0.04924592,0.006880806,0.007526943,0.001565,0.001536,7.26609e-07,4.178002e-06,1.524e-23,1.178e-24
step12000,12000,O,v,head,1024,32-64,786432,0.02741882,0.0276878,0.003672282,0.03099573,0.03126471,0.005033039,0.005466824,0.001565,0.001536,0,0,1.524e-23,1.178e-24
step12000,12000,O,v,head,1024,64-128,1572864,0.0210896,0.02135858,0.003545125,0.01766209,0.01793107,0.004233951,0.00363686,0.001565,0.001536,0,0,1.524e-23,1.178e-24
step12000,12000,O,v,head,1024,128-256,3145728,0.01369975,0.01396339,0.007298152,0.006401603,0.006665233,0.003237906,0.002345721,0.001565,0.001536,0,0,1.524e-23,1.178e-24
step12000,12000,O,v,head,1024,256-512,6291456,0.004434949,0.004703928,0.003546874,0.0009984021,0.001262033,0.002191884,0.001862526,0.001565,0.001536,0,0,1.524e-23,1.178e-24
step12000,12000,O,v,head,1024,512-1024,1.258291e+07,0.006544715,0.006813694,0.001971404,0.004589524,0.004858503,0.002451863,0.002222322,0.001565,0.001536,9.082613e-08,0,1.524e-23,1.178e-24
step12000,12000,MLP_IN,u,hidden,4096,spike,3145728,0.008943428,0.008982713,0.0125742,0.01062384,0.01068972,0.0028162,0.002441043,0.001565,0.001558,6.584894e-06,2.107166e-05,1.524e-23,8.299e-24
step12000,12000,MLP_IN,u,hidden,4096,32-64,3145728,0.003495365,0.003561296,0.0007031759,0.00396274,0.004028621,0.002130826,0.00231048,0.001565,0.001558,3.178914e-07,0,1.524e-23,8.299e-24
step12000,12000,MLP_IN,u,hidden,4096,64-128,6291456,0.002593404,0.002660619,0.0008266767,0.003279096,0.003346311,0.002027625,0.002154464,0.001565,0.001558,0,0,1.524e-23,8.299e-24
step12000,12000,MLP_IN,u,hidden,4096,128-256,1.258291e+07,0.002000322,0.002066253,0.0003301303,0.002198686,0.002264617,0.001972346,0.00204814,0.001565,0.001558,0,0,1.524e-23,8.299e-24
step12000,12000,MLP_IN,u,hidden,4096,256-512,2.516582e+07,0.001203054,0.001265809,0.0002367894,0.001047562,0.001113492,0.001901371,0.001889501,0.001565,0.001558,0,0,1.524e-23,8.299e-24
step12000,12000,MLP_IN,u,hidden,4096,512-1024,5.033165e+07,0.0006217378,0.0006852727,0.0004947782,0.0001983107,0.0002655256,0.001849884,0.001789927,0.001565,0.001558,4.853521e-07,0,1.524e-23,8.299e-24
step12000,12000,MLP_IN,v,residual,1024,spike,786432,0.001340401,0.001535496,0.01211929,0.01308357,0.01333468,0.001929329,0.002776191,0.001565,0.001536,0,0,1.524e-23,1.178e-24
step12000,12000,MLP_IN,v,residual,1024,32-64,786432,0.008333111,0.008596742,0.003393809,0.01148521,0.01173632,0.002411979,0.002674103,0.001565,0.001536,0,0,1.524e-23,1.178e-24
step12000,12000,MLP_IN,v,residual,1024,64-128,1572864,0.007987245,0.008250876,0.0007813772,0.008492057,0.008755688,0.002319699,0.002354576,0.001565,0.001536,0,0,1.524e-23,1.178e-24
step12000,12000,MLP_IN,v,residual,1024,128-256,3145728,0.006225491,0.006489122,0.001066844,0.005216394,0.005467505,0.002183823,0.002096449,0.001565,0.001536,0,0,1.524e-23,1.178e-24
step12000,12000,MLP_IN,v,residual,1024,256-512,6291456,0.002349331,0.002604011,0.0006672541,0.001761024,0.002024654,0.001929828,0.001848607,0.001565,0.001536,0,0,1.524e-23,1.178e-24
step12000,12000,MLP_IN,v,residual,1024,512-1024,1.258291e+07,0.00436456,0.004628413,0.0002054373,0.004401515,0.004665368,0.00233137,0.002278305,0.001565,0.001536,5.222502e-06,6.062644e-06,1.524e-23,1.178e-24
step12000,12000,MLP_OUT,u,residual,1024,spike,786432,0.01373981,0.01400344,0.0253334,0.03907321,0.03933684,0.002652668,0.002929688,0.001565,0.001536,6.84829e-05,0.0001318795,1.524e-23,1.178e-24
step12000,12000,MLP_OUT,u,residual,1024,32-64,786432,0.002738148,0.003002001,0.003723145,0.006210373,0.006479352,0.002138955,0.00249463,0.001565,0.001536,0,0,1.524e-23,1.178e-24
step12000,12000,MLP_OUT,u,residual,1024,64-128,1572864,0.001771722,0.002022833,0.00201416,0.003261612,0.003530591,0.001928784,0.002149037,0.001565,0.001536,0,0,1.524e-23,1.178e-24
step12000,12000,MLP_OUT,u,residual,1024,128-256,3145728,0.00113619,0.001405169,0.0008103053,0.001712835,0.001927853,0.001879828,0.001917203,0.001565,0.001536,0,0,1.524e-23,1.178e-24
step12000,12000,MLP_OUT,u,residual,1024,256-512,6291456,0.0002924573,0.0005306493,0.0006314913,0.0007406321,0.0009748293,0.001791954,0.001773812,0.001565,0.001536,0,0,1.524e-23,1.178e-24
step12000,12000,MLP_OUT,u,residual,1024,512-1024,1.258291e+07,0.0007507302,0.0009345825,0.001715581,0.001397356,0.001660986,0.001835619,0.001900673,0.001565,0.001536,0,0,1.524e-23,1.178e-24
step12000,12000,MLP_OUT,v,hidden,4096,spike,3145728,0.01611364,0.01618086,0.006966273,0.009227902,0.009293832,0.004022008,0.002867699,0.001565,0.001558,7.765634e-06,1.84377e-05,1.524e-23,8.299e-24
step12000,12000,MLP_OUT,v,hidden,4096,32-64,3145728,0.006331807,0.006399022,0.0003096263,0.006426221,0.006493436,0.0026276,0.002659661,0.001565,0.001558,4.995437e-07,0,1.524e-23,8.299e-24
step12000,12000,MLP_OUT,v,hidden,4096,64-128,6291456,0.00367402,0.003739951,0.0005760193,0.004073451,0.004139382,0.002253305,0.00233137,0.001565,0.001558,0,0,1.524e-23,8.299e-24
step12000,12000,MLP_OUT,v,hidden,4096,128-256,1.258291e+07,0.002380973,0.002448188,0.0003631115,0.002717223,0.002784438,0.002029078,0.002088104,0.001565,0.001558,0,0,1.524e-23,8.299e-24
step12000,12000,MLP_OUT,v,hidden,4096,256-512,2.516582e+07,0.001692558,0.001758439,0.0006891886,0.001096652,0.001163867,0.001915472,0.001891653,0.001565,0.001558,0,0,1.524e-23,8.299e-24
step12000,12000,MLP_OUT,v,hidden,4096,512-1024,5.033165e+07,0.00068665,0.0007525314,0.0005959074,0.0001069347,0.0001687061,0.001831086,0.001782227,0.001565,0.001558,1.362392e-07,0,1.524e-23,8.299e-24
step16000,16000,Q,u,head,1024,spike,786432,0.05341382,0.05366493,0.02444077,0.07716042,0.07742405,0.006452833,0.007083711,0.001565,0.001536,0,0.0001643953,1.524e-23,1.178e-24
step16000,16000,Q,u,head,1024,32-64,786432,0.03404544,0.03430907,0.007637024,0.04168247,0.0419461,0.004560016,0.005257198,0.001565,0.001536,0,0,1.524e-23,1.178e-24
step16000,16000,Q,u,head,1024,64-128,1572864,0.03059568,0.03085932,0.001583099,0.02924708,0.02949819,0.004128502,0.003781546,0.001565,0.001536,0,0,1.524e-23,1.178e-24
step16000,16000,Q,u,head,1024,128-256,3145728,0.02711,0.02737364,0.01118215,0.01595318,0.01620429,0.003826323,0.002740996,0.001565,0.001536,0,0,1.524e-23,1.178e-24
step16000,16000,Q,u,head,1024,256-512,6291456,0.01160723,0.01187086,0.006582101,0.005025133,0.005288764,0.002550784,0.002071744,0.001565,0.001536,0,0,1.524e-23,1.178e-24
step16000,16000,Q,u,head,1024,512-1024,1.258291e+07,0.01400459,0.01427357,0.005062819,0.008941776,0.009210755,0.003517423,0.002885728,0.001565,0.001536,4.541306e-08,0,1.524e-23,1.178e-24
step16000,16000,Q,v,residual,1024,spike,786432,0.003180617,0.003431728,0.007592519,0.009811942,0.01007557,0.001979283,0.002669743,0.001565,0.001536,0,0,1.524e-23,1.178e-24
step16000,16000,Q,v,residual,1024,32-64,786432,0.004692619,0.004956249,0.004238129,0.008561498,0.008830477,0.002075559,0.002566928,0.001565,0.001536,0,0,1.524e-23,1.178e-24
step16000,16000,Q,v,residual,1024,64-128,1572864,0.004665916,0.004929546,0.001314163,0.005613122,0.005864233,0.001983552,0.002265839,0.001565,0.001536,0,0,1.524e-23,1.178e-24
step16000,16000,Q,v,residual,1024,128-256,3145728,0.002703572,0.002967202,0.0005378723,0.002543813,0.002812792,0.001943361,0.001949129,0.001565,0.001536,0,0,1.524e-23,1.178e-24
step16000,16000,Q,v,residual,1024,256-512,6291456,0.0007353286,0.001004308,0.0005842845,0.0003180044,0.0005691154,0.001810869,0.001791886,0.001565,0.001536,0,0,1.524e-23,1.178e-24
step16000,16000,Q,v,residual,1024,512-1024,1.258291e+07,0.001109749,0.001373602,0.0004447301,0.00134274,0.001611719,0.001953454,0.001935675,0.001565,0.001536,0,0,1.524e-23,1.178e-24
step16000,16000,K,u,head,1024,spike,786432,0.06247118,0.0627223,0.04025396,0.1014092,0.1016728,0.007167635,0.007460458,0.001565,0.001536,0,0.0004143488,1.524e-23,1.178e-24
step16000,16000,K,u,head,1024,32-64,786432,0.04074776,0.04099887,0.006481171,0.04722893,0.04748004,0.005158379,0.005617778,0.001565,0.001536,0,0,1.524e-23,1.178e-24
step16000,16000,K,u,head,1024,64-128,1572864,0.03478284,0.03503395,0.001337687,0.03441663,0.03466774,0.004467465,0.004200708,0.001565,0.001536,0,0,1.524e-23,1.178e-24
step16000,16000,K,u,head,1024,128-256,3145728,0.02880278,0.02906641,0.009058317,0.01991601,0.02016712,0.003971509,0.002937271,0.001565,0.001536,0,0,1.524e-23,1.178e-24
step16000,16000,K,u,head,1024,256-512,6291456,0.01068694,0.01095057,0.003935337,0.006827419,0.007091049,0.002561933,0.002147447,0.001565,0.001536,0,0,1.524e-23,1.178e-24
step16000,16000,K,u,head,1024,512-1024,1.258291e+07,0.01402335,0.01429233,0.003033876,0.01098947,0.01125845,0.00345758,0.00311428,0.001565,0.001536,2.611251e-07,4.541306e-08,1.524e-23,1.178e-24
step16000,16000,K,v,residual,1024,spike,786432,0.0004450023,0.0004935791,0.006669362,0.00622436,0.006493339,0.001848312,0.002539317,0.001565,0.001536,0,0,1.524e-23,1.178e-24
step16000,16000,K,v,residual,1024,32-64,786432,0.0024885,0.002757479,0.002948761,0.005108347,0.005372199,0.001924606,0.002280644,0.001565,0.001536,0,0,1.524e-23,1.178e-24
step16000,16000,K,v,residual,1024,64-128,1572864,0.002839311,0.003102942,0.001350403,0.003193369,0.003457221,0.001927149,0.00208673,0.001565,0.001536,0,0,1.524e-23,1.178e-24
step16000,16000,K,v,residual,1024,128-256,3145728,0.00145553,0.001719161,0.0002911886,0.001521156,0.001790135,0.001883688,0.001903216,0.001565,0.001536,0,0,1.524e-23,1.178e-24
step16000,16000,K,v,residual,1024,256-512,6291456,0.0003475103,0.0003382976,0.0005482038,0.0004168398,0.0005666725,0.0017514,0.001799424,0.001565,0.001536,0,0,1.524e-23,1.178e-24
step16000,16000,K,v,residual,1024,512-1024,1.258291e+07,0.0007920111,0.001055642,0.0004119078,0.000531389,0.0007825,0.001857894,0.001839729,0.001565,0.001536,0,0,1.524e-23,1.178e-24
step16000,16000,V,u,head,1024,spike,786432,0.05557178,0.05583541,0.01292165,0.04465108,0.04492006,0.007325127,0.007068997,0.001565,0.001536,7.26609e-07,1.998175e-06,1.524e-23,1.178e-24
step16000,16000,V,u,head,1024,32-64,786432,0.03038969,0.03065332,0.001623789,0.02883789,0.02910686,0.005221957,0.004960196,0.001565,0.001536,0,0,1.524e-23,1.178e-24
step16000,16000,V,u,head,1024,64-128,1572864,0.018165,0.01843398,0.001632055,0.0169532,0.01722218,0.003902072,0.003499894,0.001565,0.001536,0,0,1.524e-23,1.178e-24
step16000,16000,V,u,head,1024,128-256,3145728,0.008792605,0.009061584,0.002763748,0.006161277,0.006424908,0.002712159,0.002375921,0.001565,0.001536,0,0,1.524e-23,1.178e-24
step16000,16000,V,u,head,1024,256-512,6291456,0.002483591,0.002747221,0.001550515,0.001052762,0.001316392,0.002025809,0.001837299,0.001565,0.001536,0,0,1.524e-23,1.178e-24
step16000,16000,V,u,head,1024,512-1024,1.258291e+07,0.003320996,0.003584627,0.001066923,0.004253672,0.004522651,0.002078851,0.002175604,0.001565,0.001536,0,0,1.524e-23,1.178e-24
step16000,16000,V,v,residual,1024,spike,786432,0.01992725,0.02019088,0.01003265,0.02960375,0.02985486,0.00302015,0.004107157,0.001565,0.001536,0,0,1.524e-23,1.178e-24
step16000,16000,V,v,residual,1024,32-64,786432,0.01760283,0.01786646,0.006504059,0.02356011,0.02382374,0.002875373,0.003458296,0.001565,0.001536,0,0,1.524e-23,1.178e-24
step16000,16000,V,v,residual,1024,64-128,1572864,0.01362017,0.01387128,0.004007975,0.01749856,0.01776219,0.002680097,0.00300253,0.001565,0.001536,0,0,1.524e-23,1.178e-24
step16000,16000,V,v,residual,1024,128-256,3145728,0.008621757,0.008885387,0.00197347,0.01041964,0.01067075,0.002280689,0.002393586,0.001565,0.001536,0,0,1.524e-23,1.178e-24
step16000,16000,V,v,residual,1024,256-512,6291456,0.002240563,0.002504193,0.0008435249,0.002864465,0.003112088,0.001890614,0.001937117,0.001565,0.001536,0,0,1.524e-23,1.178e-24
step16000,16000,V,v,residual,1024,512-1024,1.258291e+07,0.003810531,0.00407951,0.001437505,0.005226022,0.005495001,0.002291793,0.00248624,0.001565,0.001536,1.521338e-06,4.541306e-08,1.524e-23,1.178e-24
step16000,16000,O,u,residual,1024,spike,786432,0.008722987,0.008991966,0.009899139,0.01849115,0.01876013,0.002366384,0.002596537,0.001565,0.001536,5.413237e-05,6.993612e-05,1.524e-23,1.178e-24
step16000,16000,O,u,residual,1024,32-64,786432,0.001347444,0.001592297,0.002634684,0.003221417,0.003485048,0.001904987,0.002101353,0.001565,0.001536,0,0,1.524e-23,1.178e-24
step16000,16000,O,u,residual,1024,64-128,1572864,0.000387412,0.000632265,0.001517614,0.001621713,0.001885566,0.001780828,0.00192288,0.001565,0.001536,0,0,1.524e-23,1.178e-24
step16000,16000,O,u,residual,1024,128-256,3145728,0.0002491912,0.0004794688,0.0009406408,0.0007427435,0.001006596,0.001768657,0.001844769,0.001565,0.001536,0,0,1.524e-23,1.178e-24
step16000,16000,O,u,residual,1024,256-512,6291456,0.0003467635,0.0003642825,0.0004224777,0.0003386838,0.0004056225,0.001760119,0.001779034,0.001565,0.001536,0,0,1.524e-23,1.178e-24
step16000,16000,O,u,residual,1024,512-1024,1.258291e+07,0.0002173078,0.0002913018,0.0004591942,0.0004171432,0.0006809959,0.001780158,0.001789865,0.001565,0.001536,0,0,1.524e-23,1.178e-24
step16000,16000,O,v,head,1024,spike,786432,0.0430672,0.04333083,0.003442128,0.04128319,0.04154683,0.006349291,0.006667001,0.001565,0.001536,0,5.086263e-06,1.524e-23,1.178e-24
step16000,16000,O,v,head,1024,32-64,786432,0.02415344,0.02442242,0.003461202,0.02745315,0.02772213,0.004512424,0.004895165,0.001565,0.001536,0,0,1.524e-23,1.178e-24
step16000,16000,O,v,head,1024,64-128,1572864,0.01855855,0.01882753,0.003741582,0.0157457,0.01600933,0.003931772,0.003414517,0.001565,0.001536,0,0,1.524e-23,1.178e-24
step16000,16000,O,v,head,1024,128-256,3145728,0.01233868,0.01260766,0.006806374,0.005754517,0.006023496,0.003149033,0.002291679,0.001565,0.001536,0,0,1.524e-23,1.178e-24
step16000,16000,O,v,head,1024,256-512,6291456,0.004388555,0.004655132,0.003735383,0.0007278765,0.0009915071,0.002198605,0.001848493,0.001565,0.001536,0,0,1.524e-23,1.178e-24
step16000,16000,O,v,head,1024,512-1024,1.258291e+07,0.006396914,0.006661027,0.002597173,0.003807352,0.004076331,0.002425239,0.002143814,0.001565,0.001536,0,0,1.524e-23,1.178e-24
step16000,16000,MLP_IN,u,hidden,4096,spike,3145728,0.009399285,0.00943857,0.0140241,0.01373455,0.01380176,0.002940814,0.00255612,0.001565,0.001558,9.173439e-06,2.801986e-05,1.524e-23,8.299e-24
step16000,16000,MLP_IN,u,hidden,4096,32-64,3145728,0.003871646,0.003938861,0.001584371,0.005331085,0.0053983,0.002215295,0.002411025,0.001565,0.001558,1.816523e-07,0,1.524e-23,8.299e-24
step16000,16000,MLP_IN,u,hidden,4096,64-128,6291456,0.003086239,0.00315217,0.001050154,0.003946612,0.004012543,0.002113274,0.002245699,0.001565,0.001558,0,0,1.524e-23,8.299e-24
step16000,16000,MLP_IN,u,hidden,4096,128-256,1.258291e+07,0.002451625,0.002518839,0.000322183,0.002696976,0.002762857,0.002036356,0.002058199,0.001565,0.001558,0,0,1.524e-23,8.299e-24
step16000,16000,MLP_IN,u,hidden,4096,256-512,2.516582e+07,0.001481817,0.001549032,0.0002450148,0.00132466,0.001391875,0.001918106,0.001906122,0.001565,0.001558,0,0,1.524e-23,8.299e-24
step16000,16000,MLP_IN,u,hidden,4096,512-1024,5.033165e+07,0.0009414812,0.001008696,0.0007261237,0.0002741262,0.0003400077,0.001882482,0.001792947,0.001565,0.001558,6.811959e-07,0,1.524e-23,8.299e-24
step16000,16000,MLP_IN,v,residual,1024,spike,786432,0.001266695,0.001442146,0.01262029,0.01362155,0.01388518,0.00196911,0.002822876,0.001565,0.001536,0,0,1.524e-23,1.178e-24
step16000,16000,MLP_IN,v,residual,1024,32-64,786432,0.008589968,0.008853598,0.003435771,0.01081139,0.01107502,0.002324967,0.002526783,0.001565,0.001536,0,0,1.524e-23,1.178e-24
step16000,16000,MLP_IN,v,residual,1024,64-128,1572864,0.009508038,0.009771669,0.0006306966,0.008954907,0.009218537,0.002380008,0.002387274,0.001565,0.001536,0,0,1.524e-23,1.178e-24
step16000,16000,MLP_IN,v,residual,1024,128-256,3145728,0.007163271,0.007426901,0.001501719,0.005726927,0.005978038,0.002226739,0.002121744,0.001565,0.001536,0,0,1.524e-23,1.178e-24
step16000,16000,MLP_IN,v,residual,1024,256-512,6291456,0.003312851,0.003547048,0.001423518,0.001902693,0.002153804,0.001961912,0.001828126,0.001565,0.001536,0,0,1.524e-23,1.178e-24
step16000,16000,MLP_IN,v,residual,1024,512-1024,1.258291e+07,0.005782276,0.006046129,0.0007290045,0.005076216,0.005345195,0.002403679,0.0022968,0.001565,0.001536,1.30222e-05,1.091049e-05,1.524e-23,1.178e-24
step16000,16000,MLP_OUT,u,residual,1024,spike,786432,0.0168348,0.01709843,0.0276769,0.04446084,0.04472447,0.002708617,0.002803621,0.001565,0.001536,0.0001028152,0.0001424154,1.524e-23,1.178e-24
step16000,16000,MLP_OUT,u,residual,1024,32-64,786432,0.003053496,0.003317349,0.00405248,0.00642322,0.00668685,0.002162388,0.002394722,0.001565,0.001536,7.26609e-07,0,1.524e-23,1.178e-24
step16000,16000,MLP_OUT,u,residual,1024,64-128,1572864,0.00206549,0.002329343,0.002457301,0.004011695,0.004275326,0.0020009,0.002119064,0.001565,0.001536,0,0,1.524e-23,1.178e-24
step16000,16000,MLP_OUT,u,residual,1024,128-256,3145728,0.0009722249,0.001225475,0.0007829666,0.001619443,0.00185364,0.001870746,0.001942135,0.001565,0.001536,0,0,1.524e-23,1.178e-24
step16000,16000,MLP_OUT,u,residual,1024,256-512,6291456,0.0005471525,0.0007920054,0.0003889402,0.0007831713,0.00105215,0.00176927,0.001785437,0.001565,0.001536,0,0,1.524e-23,1.178e-24
step16000,16000,MLP_OUT,u,residual,1024,512-1024,1.258291e+07,0.0008073585,0.001016757,0.001748641,0.001697406,0.001932234,0.001823266,0.001898402,0.001565,0.001536,0,0,1.524e-23,1.178e-24
step16000,16000,MLP_OUT,v,hidden,4096,spike,3145728,0.01892423,0.01899016,0.006202698,0.01272153,0.01278746,0.004400889,0.003143674,0.001565,0.001558,1.021794e-05,2.95639e-05,1.524e-23,8.299e-24
step16000,16000,MLP_OUT,v,hidden,4096,32-64,3145728,0.007701069,0.007767,0.0009813309,0.007063911,0.007131126,0.002907117,0.002824874,0.001565,0.001558,1.498631e-06,0,1.524e-23,8.299e-24
step16000,16000,MLP_OUT,v,hidden,4096,64-128,6291456,0.004502819,0.004570034,0.0006454786,0.005009538,0.005076753,0.002376897,0.002496969,0.001565,0.001558,0,0,1.524e-23,8.299e-24
step16000,16000,MLP_OUT,v,hidden,4096,128-256,1.258291e+07,0.002904858,0.002972073,0.0003094673,0.002880161,0.002946042,0.00207641,0.002131508,0.001565,0.001558,0,0,1.524e-23,8.299e-24
step16000,16000,MLP_OUT,v,hidden,4096,256-512,2.516582e+07,0.001895076,0.001962291,0.000653704,0.001294915,0.001360797,0.00193148,0.001901076,0.001565,0.001558,0,0,1.524e-23,8.299e-24
step16000,16000,MLP_OUT,v,hidden,4096,512-1024,5.033165e+07,0.000830178,0.0008960594,0.0006967584,0.0001948493,0.0002560295,0.001851837,0.001792652,0.001565,0.001558,2.043588e-07,0,1.524e-23,8.299e-24
step24000,24000,Q,u,head,1024,spike,786432,0.05948936,0.05974047,0.03197352,0.09089333,0.09115696,0.00674275,0.007749467,0.001565,0.001536,7.26609e-07,0.0002316066,1.524e-23,1.178e-24
step24000,24000,Q,u,head,1024,32-64,786432,0.03784615,0.03810978,0.01515706,0.05265597,0.05290708,0.004887899,0.006150745,0.001565,0.001536,0,6.902786e-06,1.524e-23,1.178e-24
step24000,24000,Q,u,head,1024,64-128,1572864,0.03416422,0.03441533,0.002682368,0.03654714,0.03679825,0.004445576,0.004507519,0.001565,0.001536,0,0,1.524e-23,1.178e-24
step24000,24000,Q,u,head,1024,128-256,3145728,0.03170767,0.0319713,0.01171716,0.01999051,0.02025414,0.004106431,0.002991586,0.001565,0.001536,0,0,1.524e-23,1.178e-24
step24000,24000,Q,u,head,1024,256-512,6291456,0.01445411,0.01471774,0.006822109,0.007632002,0.007895632,0.002730665,0.002159845,0.001565,0.001536,0,0,1.524e-23,1.178e-24
step24000,24000,Q,u,head,1024,512-1024,1.258291e+07,0.01801114,0.01828012,0.006971757,0.01113904,0.01140802,0.003984292,0.003115064,0.001565,0.001536,2.270653e-07,0,1.524e-23,1.178e-24
step24000,24000,Q,v,residual,1024,spike,786432,0.00367804,0.003893058,0.006984711,0.01016494,0.01043392,0.002041226,0.002817426,0.001565,0.001536,0,2.724784e-06,1.524e-23,1.178e-24
step24000,24000,Q,v,residual,1024,32-64,786432,0.004912104,0.005181083,0.003506978,0.008069402,0.008338381,0.002044859,0.002568744,0.001565,0.001536,0,0,1.524e-23,1.178e-24
step24000,24000,Q,v,residual,1024,64-128,1572864,0.004302774,0.004560156,0.001909256,0.005630398,0.005894029,0.002005804,0.0022692,0.001565,0.001536,0,0,1.524e-23,1.178e-24
step24000,24000,Q,v,residual,1024,128-256,3145728,0.003149137,0.003383334,0.00086085,0.002858385,0.003122015,0.001908348,0.002002761,0.001565,0.001536,0,0,1.524e-23,1.178e-24
step24000,24000,Q,v,residual,1024,256-512,6291456,0.00084045,0.001074647,0.0006634394,0.0003891966,0.0005297971,0.001796609,0.001802876,0.001565,0.001536,0,0,1.524e-23,1.178e-24
step24000,24000,Q,v,residual,1024,512-1024,1.258291e+07,0.001377072,0.001646051,0.0002043247,0.001349195,0.001612826,0.001970768,0.001948391,0.001565,0.001536,0,0,1.524e-23,1.178e-24
step24000,24000,K,u,head,1024,spike,786432,0.06943555,0.06968666,0.03641637,0.1038112,0.1040748,0.007669903,0.007988158,0.001565,0.001536,0,0.0003934588,1.524e-23,1.178e-24
step24000,24000,K,u,head,1024,32-64,786432,0.04429681,0.04456044,0.008927663,0.05321546,0.05346657,0.005404518,0.006032671,0.001565,0.001536,0,0,1.524e-23,1.178e-24
step24000,24000,K,u,head,1024,64-128,1572864,0.03834524,0.03860887,0.001902262,0.03923523,0.03948634,0.004724321,0.004403705,0.001565,0.001536,0,0,1.524e-23,1.178e-24
step24000,24000,K,u,head,1024,128-256,3145728,0.03400401,0.03425512,0.01074441,0.02338802,0.02363913,0.00424871,0.003078733,0.001565,0.001536,0,0,1.524e-23,1.178e-24
step24000,24000,K,u,head,1024,256-512,6291456,0.01504873,0.01531236,0.00643905,0.008728617,0.008979728,0.002718153,0.00223623,0.001565,0.001536,0,0,1.524e-23,1.178e-24
step24000,24000,K,u,head,1024,512-1024,1.258291e+07,0.01817183,0.01844081,0.00538524,0.01278659,0.01305557,0.00396498,0.003382717,0.001565,0.001536,5.10897e-07,0,1.524e-23,1.178e-24
step24000,24000,K,v,residual,1024,spike,786432,0.001232193,0.001501172,0.004730225,0.005614009,0.005882987,0.001855759,0.002403623,0.001565,0.001536,0,0,1.524e-23,1.178e-24
step24000,24000,K,v,residual,1024,32-64,786432,0.001651033,0.001914664,0.003088633,0.004231817,0.004500796,0.001914615,0.002209073,0.001565,0.001536,0,0,1.524e-23,1.178e-24
step24000,24000,K,v,residual,1024,64-128,1572864,0.002734407,0.002998038,0.0007235209,0.002492064,0.002743175,0.00193941,0.002035777,0.001565,0.001536,0,0,1.524e-23,1.178e-24
step24000,24000,K,v,residual,1024,128-256,3145728,0.002005372,0.002256483,0.001453718,0.0006700203,0.0009336508,0.001875605,0.001852717,0.001565,0.001536,0,0,1.524e-23,1.178e-24
step24000,24000,K,v,residual,1024,256-512,6291456,0.0006064237,0.0008754026,0.0006650289,0.000274279,0.0003234856,0.001791182,0.00176021,0.001565,0.001536,0,0,1.524e-23,1.178e-24
step24000,24000,K,v,residual,1024,512-1024,1.258291e+07,0.0004497032,0.0007186821,0.0002352397,0.0005371336,0.0007503069,0.001850128,0.001824867,0.001565,0.001536,0,0,1.524e-23,1.178e-24
step24000,24000,V,u,head,1024,spike,786432,0.05637795,0.05664158,0.01630529,0.04275136,0.04302034,0.007112049,0.00675819,0.001565,0.001536,2.179827e-06,2.543132e-06,1.524e-23,1.178e-24
step24000,24000,V,u,head,1024,32-64,786432,0.0299332,0.03019683,0.00398763,0.02692927,0.02719824,0.005011059,0.00465611,0.001565,0.001536,0,0,1.524e-23,1.178e-24
step24000,24000,V,u,head,1024,64-128,1572864,0.01771741,0.01798639,0.00131162,0.01657173,0.01684071,0.003819057,0.003458931,0.001565,0.001536,0,0,1.524e-23,1.178e-24
step24000,24000,V,u,head,1024,128-256,3145728,0.009911901,0.01018088,0.0036424,0.006446566,0.006715545,0.002886772,0.002335094,0.001565,0.001536,0,0,1.524e-23,1.178e-24
step24000,24000,V,u,head,1024,256-512,6291456,0.003328369,0.003597348,0.002416452,0.0009757579,0.001239611,0.002100672,0.001847926,0.001565,0.001536,0,0,1.524e-23,1.178e-24
step24000,24000,V,u,head,1024,512-1024,1.258291e+07,0.004272507,0.004541486,0.0001567205,0.004221962,0.004490941,0.002172288,0.002187411,0.001565,0.001536,0,0,1.524e-23,1.178e-24
step24000,24000,V,v,residual,1024,spike,786432,0.01817746,0.01842857,0.00968043,0.02764173,0.02789284,0.002921513,0.003822327,0.001565,0.001536,0,0,1.524e-23,1.178e-24
step24000,24000,V,v,residual,1024,32-64,786432,0.01694532,0.01719643,0.006422679,0.02306918,0.02332029,0.002814157,0.003312792,0.001565,0.001536,0,0,1.524e-23,1.178e-24
step24000,24000,V,v,residual,1024,64-128,1572864,0.01401436,0.01426547,0.003890991,0.01790535,0.01815646,0.002590543,0.002936045,0.001565,0.001536,0,0,1.524e-23,1.178e-24
step24000,24000,V,v,residual,1024,128-256,3145728,0.009017104,0.009268215,0.001789729,0.01080175,0.01105286,0.002273605,0.002333505,0.001565,0.001536,0,0,1.524e-23,1.178e-24
step24000,24000,V,v,residual,1024,256-512,6291456,0.003531728,0.003782839,0.000594298,0.003908588,0.004159699,0.001936163,0.001934165,0.001565,0.001536,0,0,1.524e-23,1.178e-24
step24000,24000,V,v,residual,1024,512-1024,1.258291e+07,0.004621337,0.004886795,0.001098951,0.005716767,0.005985746,0.002430916,0.002564794,0.001565,0.001536,2.270653e-06,7.720221e-07,1.524e-23,1.178e-24
step24000,24000,O,u,residual,1024,spike,786432,0.01113133,0.01140031,0.01073074,0.0207787,0.02104768,0.00245503,0.002541497,0.001565,0.001536,7.048107e-05,9.427752e-05,1.524e-23,1.178e-24
step24000,24000,O,u,residual,1024,32-64,786432,0.002244359,0.002513338,0.002307892,0.003855854,0.004119707,0.001920064,0.002229055,0.001565,0.001536,0,0,1.524e-23,1.178e-24
step24000,24000,O,u,residual,1024,64-128,1572864,0.001189514,0.00134624,0.001355489,0.00162422,0.001875331,0.001840137,0.001960845,0.001565,0.001536,0,0,1.524e-23,1.178e-24
step24000,24000,O,u,residual,1024,128-256,3145728,0.000283021,0.0002945933,0.001062711,0.0008427759,0.001111755,0.001755351,0.001837458,0.001565,0.001536,0,0,1.524e-23,1.178e-24
step24000,24000,O,u,residual,1024,256-512,6291456,0.0002011957,0.0003762246,0.0003013611,0.0003208654,0.0005798376,0.0017519,0.001775401,0.001565,0.001536,0,0,1.524e-23,1.178e-24
step24000,24000,O,u,residual,1024,512-1024,1.258291e+07,0.0001853423,0.0003970394,0.0005372365,0.0006389281,0.000907907,0.001771836,0.00180845,0.001565,0.001536,0,0,1.524e-23,1.178e-24
step24000,24000,O,v,head,1024,spike,786432,0.04060164,0.04086527,0.006195068,0.03562042,0.0358894,0.006164732,0.005979447,0.001565,0.001536,1.453218e-06,2.179827e-06,1.524e-23,1.178e-24
step24000,24000,O,v,head,1024,32-64,786432,0.02084355,0.02111253,0.004039764,0.02475665,0.02502029,0.004290445,0.004518963,0.001565,0.001536,0,0,1.524e-23,1.178e-24
step24000,24000,O,v,head,1024,64-128,1572864,0.01595057,0.01621955,0.002490997,0.01345957,0.01372855,0.003570738,0.003209523,0.001565,0.001536,0,0,1.524e-23,1.178e-24
step24000,24000,O,v,head,1024,128-256,3145728,0.01205562,0.01231925,0.007279714,0.004922913,0.005191892,0.003051031,0.002218428,0.001565,0.001536,0,0,1.524e-23,1.178e-24
step24000,24000,O,v,head,1024,256-512,6291456,0.004637128,0.004906107,0.003771782,0.0009408638,0.001204494,0.002210367,0.001836459,0.001565,0.001536,0,0,1.524e-23,1.178e-24
step24000,24000,O,v,head,1024,512-1024,1.258291e+07,0.006089256,0.006358235,0.002787511,0.003301746,0.003570725,0.002418325,0.002113865,0.001565,0.001536,0,0,1.524e-23,1.178e-24
step24000,24000,MLP_IN,u,hidden,4096,spike,3145728,0.01010405,0.01014333,0.01589743,0.01759057,0.01765778,0.003090223,0.002751805,0.001565,0.001558,1.371474e-05,2.95639e-05,1.524e-23,8.299e-24
step24000,24000,MLP_IN,u,hidden,4096,32-64,3145728,0.004614876,0.004682091,0.001611392,0.006226267,0.006293482,0.002316157,0.002552941,0.001565,0.001558,0,0,1.524e-23,8.299e-24
step24000,24000,MLP_IN,u,hidden,4096,64-128,6291456,0.004114777,0.004180708,0.001014709,0.004945342,0.005011224,0.00221173,0.002372833,0.001565,0.001558,0,0,1.524e-23,8.299e-24
step24000,24000,MLP_IN,u,hidden,4096,128-256,1.258291e+07,0.003118561,0.003185776,0.0002989769,0.00330866,0.003375875,0.0021228,0.002140261,0.001565,0.001558,4.541306e-08,0,1.524e-23,8.299e-24
step24000,24000,MLP_IN,u,hidden,4096,256-512,2.516582e+07,0.001935188,0.00200107,0.0003941854,0.001659121,0.001726336,0.001991175,0.00194444,0.001565,0.001558,0,0,1.524e-23,8.299e-24
step24000,24000,MLP_IN,u,hidden,4096,512-1024,5.033165e+07,0.001351998,0.001419213,0.001088798,0.0002867227,0.0003526041,0.001938843,0.001800531,0.001565,0.001558,1.0445e-06,0,1.524e-23,8.299e-24
step24000,24000,MLP_IN,v,residual,1024,spike,786432,0.001647108,0.00189822,0.012338,0.01398511,0.01423622,0.001925877,0.002660116,0.001565,0.001536,0,0,1.524e-23,1.178e-24
step24000,24000,MLP_IN,v,residual,1024,32-64,786432,0.008878503,0.009129614,0.003746033,0.01119032,0.01145395,0.002298809,0.002585638,0.001565,0.001536,0,0,1.524e-23,1.178e-24
step24000,24000,MLP_IN,v,residual,1024,64-128,1572864,0.00920922,0.009472851,0.0007762909,0.008665516,0.008916627,0.002358482,0.002307438,0.001565,0.001536,0,0,1.524e-23,1.178e-24
step24000,24000,MLP_IN,v,residual,1024,128-256,3145728,0.007991904,0.008243015,0.0021499,0.006033375,0.006296161,0.002232143,0.00211534,0.001565,0.001536,0,0,1.524e-23,1.178e-24
step24000,24000,MLP_IN,v,residual,1024,256-512,6291456,0.003916853,0.004167964,0.001434008,0.002482845,0.002733956,0.001962957,0.001867385,0.001565,0.001536,0,0,1.524e-23,1.178e-24
step24000,24000,MLP_IN,v,residual,1024,512-1024,1.258291e+07,0.006913414,0.007177266,0.0011398,0.005777961,0.00604694,0.002416213,0.002272549,0.001565,0.001536,2.24227e-05,1.247724e-05,1.524e-23,1.178e-24
step24000,24000,MLP_OUT,u,residual,1024,spike,786432,0.02005822,0.02032289,0.02995555,0.04992094,0.05018457,0.002785637,0.002745492,0.001565,0.001536,0.0001227969,0.0001505897,1.524e-23,1.178e-24
step24000,24000,MLP_OUT,u,residual,1024,32-64,786432,0.0028018,0.003065431,0.00220108,0.004393801,0.004657431,0.002149309,0.002266475,0.001565,0.001536,0,0,1.524e-23,1.178e-24
step24000,24000,MLP_OUT,u,residual,1024,64-128,1572864,0.002000844,0.002215862,0.001647313,0.003354185,0.003605297,0.001979646,0.002076649,0.001565,0.001536,0,0,1.524e-23,1.178e-24
step24000,24000,MLP_OUT,u,residual,1024,128-256,3145728,0.001069182,0.001320293,0.0009819667,0.00177204,0.002023151,0.001852808,0.001891908,0.001565,0.001536,0,0,1.524e-23,1.178e-24
step24000,24000,MLP_OUT,u,residual,1024,256-512,6291456,0.0004266005,0.0006904532,0.0005366007,0.000673827,0.0008638852,0.001779602,0.001786187,0.001565,0.001536,0,0,1.524e-23,1.178e-24
step24000,24000,MLP_OUT,u,residual,1024,512-1024,1.258291e+07,0.0008665657,0.001075965,0.001938264,0.001890512,0.002090136,0.001836209,0.001873732,0.001565,0.001536,0,0,1.524e-23,1.178e-24
step24000,24000,MLP_OUT,v,hidden,4096,spike,3145728,0.02352497,0.02359218,0.006250699,0.01775566,0.01782159,0.004900705,0.003620375,0.001565,0.001558,1.848312e-05,5.254291e-05,1.524e-23,8.299e-24
step24000,24000,MLP_OUT,v,hidden,4096,32-64,3145728,0.0107595,0.01082543,0.001414299,0.009449687,0.009516902,0.003321103,0.003203574,0.001565,0.001558,2.997262e-06,0,1.524e-23,8.299e-24
step24000,24000,MLP_OUT,v,hidden,4096,64-128,6291456,0.00606059,0.006126521,0.0005601247,0.006469772,0.006536987,0.002645561,0.002700783,0.001565,0.001558,9.082613e-08,0,1.524e-23,8.299e-24
step24000,24000,MLP_OUT,v,hidden,4096,128-256,1.258291e+07,0.003536368,0.003602249,0.0002566973,0.003445274,0.003512489,0.002212558,0.002247152,0.001565,0.001558,0,0,1.524e-23,8.299e-24
step24000,24000,MLP_OUT,v,hidden,4096,256-512,2.516582e+07,0.002283359,0.00234924,0.0009415547,0.001408289,0.00147422,0.001991675,0.001945672,0.001565,0.001558,0,0,1.524e-23,8.299e-24
step24000,24000,MLP_OUT,v,hidden,4096,512-1024,5.033165e+07,0.001195775,0.001262989,0.001007656,0.000202328,0.0002682588,0.001882479,0.001792865,0.001565,0.001558,2.980232e-07,0,1.524e-23,8.299e-24
step32000,32000,Q,u,head,1024,spike,786432,0.06547971,0.06573082,0.04601796,0.1114977,0.1117488,0.007260096,0.008256095,0.001565,0.001536,0,0.0003249759,1.524e-23,1.178e-24
step32000,32000,Q,u,head,1024,32-64,786432,0.04165704,0.04192067,0.02259572,0.06404411,0.06429522,0.005562919,0.006775811,0.001565,0.001536,0,4.050845e-05,1.524e-23,1.178e-24
step32000,32000,Q,u,head,1024,64-128,1572864,0.03779836,0.03804947,0.004717509,0.04228317,0.04253428,0.004823231,0.004923412,0.001565,0.001536,0,0,1.524e-23,1.178e-24
step32000,32000,Q,u,head,1024,128-256,3145728,0.03385948,0.03412311,0.009725571,0.02435155,0.02460266,0.004254432,0.003334863,0.001565,0.001536,0,0,1.524e-23,1.178e-24
step32000,32000,Q,u,head,1024,256-512,6291456,0.01636548,0.01661659,0.007302284,0.009063198,0.009314309,0.002783843,0.002274127,0.001565,0.001536,0,0,1.524e-23,1.178e-24
step32000,32000,Q,u,head,1024,512-1024,1.258291e+07,0.02075605,0.02102503,0.007531563,0.0135083,0.01377193,0.004261834,0.003293707,0.001565,0.001536,3.40598e-07,0,1.524e-23,1.178e-24
step32000,32000,Q,v,residual,1024,spike,786432,0.003569707,0.003805568,0.008967082,0.01203718,0.01230081,0.002049037,0.002991631,0.001565,0.001536,0,5.812872e-06,1.524e-23,1.178e-24
step32000,32000,Q,v,residual,1024,32-64,786432,0.004751111,0.005014741,0.004845937,0.009410127,0.009673758,0.002076285,0.002814157,0.001565,0.001536,0,0,1.524e-23,1.178e-24
step32000,32000,Q,v,residual,1024,64-128,1572864,0.004627023,0.004878134,0.002696991,0.006636843,0.006900473,0.002013161,0.002433868,0.001565,0.001536,0,0,1.524e-23,1.178e-24
step32000,32000,Q,v,residual,1024,128-256,3145728,0.002828185,0.003091816,0.0005086263,0.002976781,0.00324576,0.001953761,0.002017839,0.001565,0.001536,0,0,1.524e-23,1.178e-24
step32000,32000,Q,v,residual,1024,256-512,6291456,0.0008535742,0.001068592,0.0003738403,0.0005777578,0.0008416106,0.001816159,0.001794088,0.001565,0.001536,0,0,1.524e-23,1.178e-24
step32000,32000,Q,v,residual,1024,512-1024,1.258291e+07,0.001430398,0.001699377,0.0005290508,0.001629417,0.001896867,0.001982099,0.001953102,0.001565,0.001536,0,0,1.524e-23,1.178e-24
step32000,32000,K,u,head,1024,spike,786432,0.07460701,0.07485812,0.03065618,0.1025536,0.1028172,0.00800705,0.008232662,0.001565,0.001536,0,0.0003336952,1.524e-23,1.178e-24
step32000,32000,K,u,head,1024,32-64,786432,0.0478787,0.04812981,0.008894602,0.0561515,0.05640261,0.005618322,0.006207239,0.001565,0.001536,0,0,1.524e-23,1.178e-24
step32000,32000,K,u,head,1024,64-128,1572864,0.04052332,0.04077444,0.002433141,0.041079,0.04133011,0.004883176,0.004489354,0.001565,0.001536,0,0,1.524e-23,1.178e-24
step32000,32000,K,u,head,1024,128-256,3145728,0.03625118,0.03650229,0.01097075,0.02546226,0.02571337,0.004330045,0.003173192,0.001565,0.001536,0,0,1.524e-23,1.178e-24
step32000,32000,K,u,head,1024,256-512,6291456,0.01692036,0.01717147,0.007343928,0.009599958,0.009851069,0.002825283,0.002238955,0.001565,0.001536,0,0,1.524e-23,1.178e-24
step32000,32000,K,u,head,1024,512-1024,1.258291e+07,0.02093169,0.02120067,0.006941795,0.01398989,0.01425887,0.004221337,0.003528402,0.001565,0.001536,6.584894e-07,1.362392e-07,1.524e-23,1.178e-24
step32000,32000,K,v,residual,1024,spike,786432,0.001277193,0.001540823,0.004165649,0.004902353,0.005166206,0.001923152,0.002300807,0.001565,0.001536,0,0,1.524e-23,1.178e-24
step32000,32000,K,v,residual,1024,32-64,786432,0.002286321,0.0025553,0.002182007,0.00403981,0.004308789,0.001902989,0.002104986,0.001565,0.001536,0,0,1.524e-23,1.178e-24
step32000,32000,K,v,residual,1024,64-128,1572864,0.002156621,0.0024256,0.0005493164,0.002272119,0.002535972,0.001928148,0.001976467,0.001565,0.001536,0,0,1.524e-23,1.178e-24
step32000,32000,K,v,residual,1024,128-256,3145728,0.001785324,0.002054303,0.0008414586,0.0009947952,0.001245906,0.001867794,0.00184427,0.001565,0.001536,0,0,1.524e-23,1.178e-24
step32000,32000,K,v,residual,1024,256-512,6291456,0.0003527646,0.0006163952,0.0009260178,0.0006200015,0.0003510226,0.001775469,0.001758848,0.001565,0.001536,0,0,1.524e-23,1.178e-24
step32000,32000,K,v,residual,1024,512-1024,1.258291e+07,0.0006582674,0.0008676664,0.0003900528,0.0003997331,0.0006633636,0.001881247,0.001828988,0.001565,0.001536,0,0,1.524e-23,1.178e-24
step32000,32000,V,u,head,1024,spike,786432,0.05647332,0.05673695,0.01591492,0.04228215,0.04255113,0.007164365,0.006599971,0.001565,0.001536,0,1.998175e-06,1.524e-23,1.178e-24
step32000,32000,V,u,head,1024,32-64,786432,0.0305995,0.03086313,0.00363032,0.02721918,0.02748816,0.004909515,0.004823049,0.001565,0.001536,0,0,1.524e-23,1.178e-24
step32000,32000,V,u,head,1024,64-128,1572864,0.01790496,0.01817394,0.001792272,0.01611269,0.01638167,0.003815242,0.00339499,0.001565,0.001536,0,0,1.524e-23,1.178e-24
step32000,32000,V,u,head,1024,128-256,3145728,0.01121271,0.01148169,0.004648844,0.007033889,0.00729752,0.002938906,0.002351216,0.001565,0.001536,0,0,1.524e-23,1.178e-24
step32000,32000,V,u,head,1024,256-512,6291456,0.003834293,0.004103272,0.002874215,0.001059437,0.001323068,0.002174377,0.0018561,0.001565,0.001536,0,0,1.524e-23,1.178e-24
step32000,32000,V,u,head,1024,512-1024,1.258291e+07,0.004494395,0.004763374,0.0005106131,0.004138595,0.004407574,0.002239886,0.002203078,0.001565,0.001536,0,0,1.524e-23,1.178e-24
step32000,32000,V,v,residual,1024,spike,786432,0.01730771,0.01755882,0.009239197,0.02654691,0.02679802,0.002847036,0.003704071,0.001565,0.001536,0,0,1.524e-23,1.178e-24
step32000,32000,V,v,residual,1024,32-64,786432,0.01524015,0.01549126,0.006689707,0.02189298,0.02214409,0.002675919,0.003205981,0.001565,0.001536,0,0,1.524e-23,1.178e-24
step32000,32000,V,v,residual,1024,64-128,1572864,0.01338112,0.01363223,0.003616969,0.01699809,0.0172492,0.002601624,0.00277719,0.001565,0.001536,0,0,1.524e-23,1.178e-24
step32000,32000,V,v,residual,1024,128-256,3145728,0.00893318,0.009184291,0.001932144,0.0108507,0.01110181,0.002273877,0.002369018,0.001565,0.001536,0,0,1.524e-23,1.178e-24
step32000,32000,V,v,residual,1024,256-512,6291456,0.003814015,0.004065127,0.0005919139,0.004130944,0.004365142,0.001943929,0.001936504,0.001565,0.001536,0,0,1.524e-23,1.178e-24
step32000,32000,V,v,residual,1024,512-1024,1.258291e+07,0.005042917,0.005311896,0.001052618,0.006045467,0.006314446,0.00244454,0.002586796,0.001565,0.001536,2.486365e-06,1.850582e-06,1.524e-23,1.178e-24
step32000,32000,O,u,residual,1024,spike,786432,0.01148101,0.01174999,0.01186879,0.02334981,0.02361879,0.002462115,0.002552759,0.001565,0.001536,7.375081e-05,9.70023e-05,1.524e-23,1.178e-24
step32000,32000,O,u,residual,1024,32-64,786432,0.001542455,0.001811434,0.002263387,0.00349558,0.003764559,0.001954397,0.002206167,0.001565,0.001536,0,0,1.524e-23,1.178e-24
step32000,32000,O,u,residual,1024,64-128,1572864,0.0008214772,0.001090456,0.001113256,0.001834279,0.002103258,0.001840682,0.001943588,0.001565,0.001536,0,0,1.524e-23,1.178e-24
step32000,32000,O,u,residual,1024,128-256,3145728,0.0002266856,0.0003059001,0.0009756088,0.0009024875,0.001111886,0.00176952,0.001837095,0.001565,0.001536,0,0,1.524e-23,1.178e-24
step32000,32000,O,u,residual,1024,256-512,6291456,0.0002668238,0.0005179349,0.0004404386,0.0004220984,0.0006465948,0.001769951,0.001774152,0.001565,0.001536,0,0,1.524e-23,1.178e-24
step32000,32000,O,u,residual,1024,512-1024,1.258291e+07,0.0003461378,0.0005972488,0.0004072189,0.0007112383,0.0009262562,0.001781202,0.001797108,0.001565,0.001536,0,0,1.524e-23,1.178e-24
step32000,32000,O,v,head,1024,spike,786432,0.03972426,0.03998789,0.00652949,0.03416956,0.03443854,0.005960192,0.005790892,0.001565,0.001536,0,7.26609e-07,1.524e-23,1.178e-24
step32000,32000,O,v,head,1024,32-64,786432,0.02043079,0.02069442,0.003035227,0.02342483,0.02369381,0.004069737,0.004442124,0.001565,0.001536,0,0,1.524e-23,1.178e-24
step32000,32000,O,v,head,1024,64-128,1572864,0.01543495,0.01570393,0.002035777,0.01378954,0.01405852,0.003487905,0.003174918,0.001565,0.001536,0,0,1.524e-23,1.178e-24
step32000,32000,O,v,head,1024,128-256,3145728,0.01175871,0.01202234,0.006662369,0.005285945,0.005554924,0.003023375,0.002241952,0.001565,0.001536,0,0,1.524e-23,1.178e-24
step32000,32000,O,v,head,1024,256-512,6291456,0.00483136,0.005100339,0.0041701,0.0007403593,0.001004212,0.002204781,0.001833257,0.001565,0.001536,0,0,1.524e-23,1.178e-24
step32000,32000,O,v,head,1024,512-1024,1.258291e+07,0.006207671,0.00647665,0.002838214,0.003369457,0.003638436,0.0024062,0.002118939,0.001565,0.001536,0,0,1.524e-23,1.178e-24
step32000,32000,MLP_IN,u,hidden,4096,spike,3145728,0.0107781,0.01083042,0.01758989,0.02081971,0.02088692,0.003143628,0.002906027,0.001565,0.001558,1.271566e-05,3.555843e-05,1.524e-23,8.299e-24
step32000,32000,MLP_IN,u,hidden,4096,32-64,3145728,0.005493846,0.005561061,0.001976967,0.007363542,0.007429424,0.002411706,0.002689135,0.001565,0.001558,3.178914e-07,0,1.524e-23,8.299e-24
step32000,32000,MLP_IN,u,hidden,4096,64-128,6291456,0.004676229,0.004743444,0.0008705457,0.005269573,0.005336788,0.002325875,0.002461751,0.001565,0.001558,0,0,1.524e-23,8.299e-24
step32000,32000,MLP_IN,u,hidden,4096,128-256,1.258291e+07,0.003803935,0.00387115,0.000180165,0.003674553,0.003741768,0.002217213,0.002198287,0.001565,0.001558,0,0,1.524e-23,8.299e-24
step32000,32000,MLP_IN,u,hidden,4096,256-512,2.516582e+07,0.002411451,0.002478666,0.0007129908,0.001737267,0.001803198,0.002026092,0.001954351,0.001565,0.001558,0,0,1.524e-23,8.299e-24
step32000,32000,MLP_IN,u,hidden,4096,512-1024,5.033165e+07,0.001622564,0.001689779,0.001275241,0.0004064974,0.0004692526,0.001981199,0.001799646,0.001565,0.001558,1.334009e-06,0,1.524e-23,8.299e-24
step32000,32000,MLP_IN,v,residual,1024,spike,786432,0.001151438,0.001366456,0.01135381,0.01229393,0.01254504,0.001890273,0.002643767,0.001565,0.001536,0,0,1.524e-23,1.178e-24
step32000,32000,MLP_IN,v,residual,1024,32-64,786432,0.008312766,0.008576397,0.003075918,0.01075279,0.0110039,0.002303895,0.00245285,0.001565,0.001536,0,0,1.524e-23,1.178e-24
step32000,32000,MLP_IN,v,residual,1024,64-128,1572864,0.009682759,0.009916957,0.001633962,0.008296762,0.008547873,0.002368291,0.002303169,0.001565,0.001536,0,0,1.524e-23,1.178e-24
step32000,32000,MLP_IN,v,residual,1024,128-256,3145728,0.007532224,0.007766421,0.002215385,0.005555893,0.00579739,0.00220989,0.002090454,0.001565,0.001536,0,0,1.524e-23,1.178e-24
step32000,32000,MLP_IN,v,residual,1024,256-512,6291456,0.004273369,0.00452448,0.001988888,0.002361402,0.002595599,0.00196139,0.001857054,0.001565,0.001536,0,0,1.524e-23,1.178e-24
step32000,32000,MLP_IN,v,residual,1024,512-1024,1.258291e+07,0.007325933,0.007594912,0.001571576,0.005850202,0.006119181,0.002422333,0.002225444,0.001565,0.001536,2.52156e-05,1.373745e-05,1.524e-23,1.178e-24
step32000,32000,MLP_OUT,u,residual,1024,spike,786432,0.02139082,0.02165445,0.02848053,0.04984199,0.0500931,0.002754393,0.002696991,0.001565,0.001536,0.0001273382,0.0001420521,1.524e-23,1.178e-24
step32000,32000,MLP_OUT,u,residual,1024,32-64,786432,0.002388046,0.002657025,0.002942403,0.004617522,0.004881375,0.002130963,0.00237474,0.001565,0.001536,0,0,1.524e-23,1.178e-24
step32000,32000,MLP_OUT,u,residual,1024,64-128,1572864,0.001982276,0.002245907,0.002038956,0.003727005,0.003995984,0.001957485,0.002097266,0.001565,0.001536,0,0,1.524e-23,1.178e-24
step32000,32000,MLP_OUT,u,residual,1024,128-256,3145728,0.0009251098,0.001194089,0.001147588,0.00180076,0.002064391,0.001851945,0.001933098,0.001565,0.001536,0,0,1.524e-23,1.178e-24
step32000,32000,MLP_OUT,u,residual,1024,256-512,6291456,0.0006679939,0.0009021911,0.0006117821,0.001098689,0.00127414,0.001796268,0.001788344,0.001565,0.001536,0,0,1.524e-23,1.178e-24
step32000,32000,MLP_OUT,u,residual,1024,512-1024,1.258291e+07,0.0007557806,0.0009651796,0.001812299,0.001757894,0.002009005,0.001835505,0.001894928,0.001565,0.001536,0,0,1.524e-23,1.178e-24
step32000,32000,MLP_OUT,v,hidden,4096,spike,3145728,0.02669699,0.02676292,0.004858335,0.02212349,0.02218942,0.00527341,0.003974869,0.001565,0.001558,2.50226e-05,7.593064e-05,1.524e-23,8.299e-24
step32000,32000,MLP_OUT,v,hidden,4096,32-64,3145728,0.01295709,0.01302302,0.001808167,0.01124863,0.01131585,0.003603935,0.003490675,0.001565,0.001558,5.313328e-06,1.089914e-06,1.524e-23,8.299e-24
step32000,32000,MLP_OUT,v,hidden,4096,64-128,6291456,0.007377034,0.007444249,0.0002985001,0.007399764,0.007466979,0.00283071,0.002912317,0.001565,0.001558,6.584894e-07,0,1.524e-23,8.299e-24
step32000,32000,MLP_OUT,v,hidden,4096,128-256,1.258291e+07,0.004275845,0.00434306,0.0003840923,0.004088527,0.004155742,0.002282949,0.002347901,0.001565,0.001558,0,0,1.524e-23,8.299e-24
step32000,32000,MLP_OUT,v,hidden,4096,256-512,2.516582e+07,0.002480553,0.002547768,0.001032631,0.001574045,0.00164126,0.002031525,0.001964745,0.001565,0.001558,0,0,1.524e-23,8.299e-24
step32000,32000,MLP_OUT,v,hidden,4096,512-1024,5.033165e+07,0.001331256,0.001398471,0.001130561,0.0002212426,0.0002871733,0.001906333,0.001798079,0.001565,0.001558,4.371007e-07,0,1.524e-23,8.299e-24
step48000,48000,Q,u,head,1024,spike,786432,0.07434125,0.07459236,0.04848353,0.1228248,0.1230759,0.007958185,0.009735834,0.001565,0.001536,1.453218e-06,0.0002948216,1.524e-23,1.178e-24
step48000,48000,Q,u,head,1024,32-64,786432,0.04892785,0.04919148,0.0354983,0.08269798,0.08294909,0.006142026,0.007970719,0.001565,0.001536,7.26609e-07,3.978184e-05,1.524e-23,1.178e-24
step48000,48000,Q,u,head,1024,64-128,1572864,0.04227808,0.0425292,0.01526006,0.0568178,0.05706891,0.005266735,0.006062281,0.001565,0.001536,0,5.086263e-06,1.524e-23,1.178e-24
step48000,48000,Q,u,head,1024,128-256,3145728,0.0373549,0.03760601,0.005243301,0.0329556,0.03320671,0.004476002,0.004000164,0.001565,0.001536,0,0,1.524e-23,1.178e-24
step48000,48000,Q,u,head,1024,256-512,6291456,0.01875539,0.0190065,0.005398591,0.01343988,0.01370351,0.002954892,0.002575057,0.001565,0.001536,0,0,1.524e-23,1.178e-24
step48000,48000,Q,u,head,1024,512-1024,1.258291e+07,0.02419596,0.02446493,0.006314516,0.01840248,0.01866611,0.004537321,0.003679366,0.001565,0.001536,7.606688e-07,0,1.524e-23,1.178e-24
step48000,48000,Q,v,residual,1024,spike,786432,0.002968691,0.003213543,0.01347733,0.01551619,0.01577982,0.002069746,0.003272102,0.001565,0.001536,0,6.357829e-06,1.524e-23,1.178e-24
step48000,48000,Q,v,residual,1024,32-64,786432,0.005171889,0.005423,0.006940206,0.01122543,0.01149441,0.002086094,0.002933866,0.001565,0.001536,0,0,1.524e-23,1.178e-24
step48000,48000,Q,v,residual,1024,64-128,1572864,0.004703427,0.004967057,0.003598531,0.008042699,0.008311678,0.002052035,0.002604712,0.001565,0.001536,0,0,1.524e-23,1.178e-24
step48000,48000,Q,v,residual,1024,128-256,3145728,0.003254041,0.003488238,0.001023928,0.003720824,0.003984455,0.00193219,0.002080191,0.001565,0.001536,0,0,1.524e-23,1.178e-24
step48000,48000,Q,v,residual,1024,256-512,6291456,0.001444852,0.00165987,0.00138855,0.0004428129,0.0007066657,0.001818475,0.001797608,0.001565,0.001536,0,0,1.524e-23,1.178e-24
step48000,48000,Q,v,residual,1024,512-1024,1.258291e+07,0.001450131,0.001713984,0.000954469,0.002365158,0.002634137,0.00198723,0.001998345,0.001565,0.001536,1.248859e-07,0,1.524e-23,1.178e-24
step48000,48000,K,u,head,1024,spike,786432,0.08262932,0.08288043,0.02884547,0.1082412,0.1084923,0.008552006,0.009130569,0.001565,0.001536,0,0.0002926418,1.524e-23,1.178e-24
step48000,48000,K,u,head,1024,32-64,786432,0.05222375,0.05248738,0.01145808,0.06362577,0.06387688,0.006163461,0.00688244,0.001565,0.001536,0,0,1.524e-23,1.178e-24
step48000,48000,K,u,head,1024,64-128,1572864,0.04528089,0.045532,0.002845128,0.04663129,0.0468824,0.005338396,0.004967644,0.001565,0.001536,0,0,1.524e-23,1.178e-24
step48000,48000,K,u,head,1024,128-256,3145728,0.03811307,0.03836418,0.01088651,0.02752888,0.02777999,0.004540353,0.003351348,0.001565,0.001536,0,0,1.524e-23,1.178e-24
step48000,48000,K,u,head,1024,256-512,6291456,0.01838536,0.01863648,0.007706006,0.01088631,0.01113742,0.002914701,0.002340703,0.001565,0.001536,0,0,1.524e-23,1.178e-24
step48000,48000,K,u,head,1024,512-1024,1.258291e+07,0.0232151,0.02348408,0.007716974,0.01549813,0.01576711,0.004406271,0.003688245,0.001565,0.001536,1.430511e-06,2.611251e-07,1.524e-23,1.178e-24
step48000,48000,K,v,residual,1024,spike,786432,0.00135253,0.001597383,0.003547668,0.004340395,0.004604025,0.001936231,0.002308073,0.001565,0.001536,0,0,1.524e-23,1.178e-24
step48000,48000,K,v,residual,1024,32-64,786432,0.002331321,0.002594951,0.001059214,0.003239219,0.003502849,0.002007439,0.002094087,0.001565,0.001536,0,0,1.524e-23,1.178e-24
step48000,48000,K,v,residual,1024,64-128,1572864,0.003107612,0.003371242,0.001450857,0.00168041,0.001932868,0.001925968,0.001981735,0.001565,0.001536,0,0,1.524e-23,1.178e-24
step48000,48000,K,v,residual,1024,128-256,3145728,0.002023174,0.002274285,0.00171121,0.0007344783,0.0009983311,0.001885187,0.001844315,0.001565,0.001536,0,0,1.524e-23,1.178e-24
step48000,48000,K,v,residual,1024,256-512,6291456,0.0003851712,0.0006541502,0.0006836255,0.0003270063,0.0001560955,0.001785119,0.001751355,0.001565,0.001536,0,0,1.524e-23,1.178e-24
step48000,48000,K,v,residual,1024,512-1024,1.258291e+07,0.000977403,0.001246382,0.00045681,0.0005494599,0.0008130905,0.001891,0.001829976,0.001565,0.001536,0,0,1.524e-23,1.178e-24
step48000,48000,V,u,head,1024,spike,786432,0.05893253,0.05919616,0.02080027,0.04056554,0.04083452,0.007198152,0.006629581,0.001565,0.001536,0,7.26609e-07,1.524e-23,1.178e-24
step48000,48000,V,u,head,1024,32-64,786432,0.02940677,0.0296704,0.004056295,0.02647404,0.02674302,0.004810333,0.00470225,0.001565,0.001536,0,0,1.524e-23,1.178e-24
step48000,48000,V,u,head,1024,64-128,1572864,0.01710515,0.01737413,0.001512527,0.01624684,0.01651582,0.003645851,0.003421148,0.001565,0.001536,0,0,1.524e-23,1.178e-24
step48000,48000,V,u,head,1024,128-256,3145728,0.0109406,0.01120958,0.004701614,0.00638871,0.006657689,0.002992993,0.002307074,0.001565,0.001536,0,0,1.524e-23,1.178e-24
step48000,48000,V,u,head,1024,256-512,6291456,0.004154672,0.004418525,0.003129005,0.001025667,0.00128952,0.002219177,0.001845587,0.001565,0.001536,0,0,1.524e-23,1.178e-24
step48000,48000,V,u,head,1024,512-1024,1.258291e+07,0.005044842,0.005308473,0.001297235,0.003912256,0.004181235,0.002296561,0.002193235,0.001565,0.001536,0,0,1.524e-23,1.178e-24
step48000,48000,V,v,residual,1024,spike,786432,0.016485,0.0167192,0.009601593,0.02567473,0.02593836,0.00275621,0.003643036,0.001565,0.001536,0,0,1.524e-23,1.178e-24
step48000,48000,V,v,residual,1024,32-64,786432,0.01424081,0.01450444,0.005795797,0.01988263,0.02014129,0.002671196,0.003127143,0.001565,0.001536,0,0,1.524e-23,1.178e-24
step48000,48000,V,v,residual,1024,64-128,1572864,0.01325778,0.01350889,0.002974192,0.01554087,0.01579198,0.002479008,0.002780369,0.001565,0.001536,0,0,1.524e-23,1.178e-24
step48000,48000,V,v,residual,1024,128-256,3145728,0.008524054,0.008775165,0.002063115,0.01030806,0.01055917,0.002215567,0.002321834,0.001565,0.001536,0,0,1.524e-23,1.178e-24
step48000,48000,V,v,residual,1024,256-512,6291456,0.00375942,0.003974438,0.0003724098,0.003926063,0.00416026,0.001916999,0.001911459,0.001565,0.001536,0,0,1.524e-23,1.178e-24
step48000,48000,V,v,residual,1024,512-1024,1.258291e+07,0.00509664,0.005365619,0.0008997122,0.005945728,0.006214707,0.002450693,0.002523649,0.001565,0.001536,2.940496e-06,4.348301e-06,1.524e-23,1.178e-24
step48000,48000,O,u,residual,1024,spike,786432,0.01273647,0.01300032,0.01154582,0.02394109,0.02421006,0.002506074,0.002537319,0.001565,0.001536,8.192517e-05,9.391421e-05,1.524e-23,1.178e-24
step48000,48000,O,u,residual,1024,32-64,786432,0.001490816,0.001754447,0.002180735,0.003411657,0.003680636,0.001922062,0.002182007,0.001565,0.001536,0,0,1.524e-23,1.178e-24
step48000,48000,O,u,residual,1024,64-128,1572864,0.001034454,0.001249472,0.001754761,0.002084142,0.002353121,0.001843589,0.001991908,0.001565,0.001536,0,0,1.524e-23,1.178e-24
step48000,48000,O,u,residual,1024,128-256,3145728,0.000464991,0.0006158442,0.000822703,0.0006440938,0.0009130727,0.001804761,0.001806804,0.001565,0.001536,0,0,1.524e-23,1.178e-24
step48000,48000,O,u,residual,1024,256-512,6291456,0.0002563243,0.0003707499,0.0002830823,0.0001082777,0.0003232957,0.001730374,0.001758394,0.001565,0.001536,0,0,1.524e-23,1.178e-24
step48000,48000,O,u,residual,1024,512-1024,1.258291e+07,0.0001806775,0.0003956954,0.0006333987,0.0007276381,0.0009912686,0.001772699,0.001799629,0.001565,0.001536,0,0,1.524e-23,1.178e-24
step48000,48000,O,v,head,1024,spike,786432,0.04115477,0.0414184,0.009132385,0.03279754,0.03306652,0.006207784,0.005646842,0.001565,0.001536,0,0,1.524e-23,1.178e-24
step48000,48000,O,v,head,1024,32-64,786432,0.02042189,0.02068552,0.002422333,0.0227509,0.02301988,0.004129319,0.004346938,0.001565,0.001536,0,0,1.524e-23,1.178e-24
step48000,48000,O,v,head,1024,64-128,1572864,0.01433165,0.0145955,0.001814524,0.01361202,0.01387565,0.003364018,0.003114428,0.001565,0.001536,0,0,1.524e-23,1.178e-24
step48000,48000,O,v,head,1024,128-256,3145728,0.01138437,0.01165335,0.006237984,0.005182489,0.00544612,0.003003711,0.002193542,0.001565,0.001536,0,0,1.524e-23,1.178e-24
step48000,48000,O,v,head,1024,256-512,6291456,0.005061195,0.005330174,0.004368464,0.0009865301,0.001237641,0.002247947,0.001826718,0.001565,0.001536,0,0,1.524e-23,1.178e-24
step48000,48000,O,v,head,1024,512-1024,1.258291e+07,0.006225314,0.006494293,0.002781232,0.003444082,0.003713061,0.002438954,0.002128283,0.001565,0.001536,2.15712e-07,0,1.524e-23,1.178e-24
step48000,48000,MLP_IN,u,hidden,4096,spike,3145728,0.01156012,0.01161244,0.02013461,0.02474203,0.02480791,0.003229096,0.003203301,0.001565,0.001558,1.335144e-05,3.09263e-05,1.524e-23,8.299e-24
step48000,48000,MLP_IN,u,hidden,4096,32-64,3145728,0.007086164,0.007153379,0.002107938,0.008813371,0.008879302,0.002519063,0.002910659,0.001565,0.001558,1.816523e-07,0,1.524e-23,8.299e-24
step48000,48000,MLP_IN,u,hidden,4096,64-128,6291456,0.006357098,0.00642298,0.0006833076,0.006531443,0.006598658,0.002473695,0.002626078,0.001565,0.001558,0,0,1.524e-23,8.299e-24
step48000,48000,MLP_IN,u,hidden,4096,128-256,1.258291e+07,0.004964477,0.005031692,0.0006457965,0.004346594,0.004412475,0.002350819,0.002279758,0.001565,0.001558,4.541306e-08,0,1.524e-23,8.299e-24
step48000,48000,MLP_IN,u,hidden,4096,256-512,2.516582e+07,0.002890831,0.002958046,0.0007629792,0.002160198,0.002227413,0.0020921,0.001997675,0.001565,0.001558,0,0,1.524e-23,8.299e-24
step48000,48000,MLP_IN,u,hidden,4096,512-1024,5.033165e+07,0.002078503,0.002144434,0.001704554,0.0004451121,0.0005109935,0.002058429,0.001810491,0.001565,0.001558,1.589457e-06,0,1.524e-23,8.299e-24
step48000,48000,MLP_IN,v,residual,1024,spike,786432,0.001088876,0.000852924,0.01095708,0.01072736,0.01097847,0.001867203,0.002510252,0.001565,0.001536,0,0,1.524e-23,1.178e-24
step48000,48000,MLP_IN,v,residual,1024,32-64,786432,0.00653755,0.006788661,0.002586365,0.009089583,0.009340694,0.002188546,0.002403986,0.001565,0.001536,0,0,1.524e-23,1.178e-24
step48000,48000,MLP_IN,v,residual,1024,64-128,1572864,0.009065423,0.009316534,0.001530965,0.00766097,0.007895167,0.002330144,0.002228873,0.001565,0.001536,0,0,1.524e-23,1.178e-24
step48000,48000,MLP_IN,v,residual,1024,128-256,3145728,0.007924193,0.008175304,0.002704938,0.005219255,0.005470366,0.002247311,0.002071517,0.001565,0.001536,0,0,1.524e-23,1.178e-24
step48000,48000,MLP_IN,v,residual,1024,256-512,6291456,0.004477296,0.004728407,0.002453327,0.002170199,0.00242131,0.001973924,0.001839343,0.001565,0.001536,0,0,1.524e-23,1.178e-24
step48000,48000,MLP_IN,v,residual,1024,512-1024,1.258291e+07,0.007623639,0.007892618,0.002482255,0.005207982,0.005476961,0.002417485,0.00214218,0.001565,0.001536,2.585139e-05,1.315843e-05,1.524e-23,1.178e-24
step48000,48000,MLP_OUT,u,residual,1024,spike,786432,0.02154838,0.0217995,0.02723312,0.04836952,0.04862063,0.002775465,0.002573831,0.001565,0.001536,0.0001158941,0.0001511347,1.524e-23,1.178e-24
step48000,48000,MLP_OUT,u,residual,1024,32-64,786432,0.00385289,0.004121869,0.002077738,0.005057063,0.005326042,0.002215976,0.002399445,0.001565,0.001536,0,0,1.524e-23,1.178e-24
step48000,48000,MLP_OUT,u,residual,1024,64-128,1572864,0.00277651,0.003045489,0.001314799,0.003835088,0.004104067,0.001982189,0.002104623,0.001565,0.001536,0,0,1.524e-23,1.178e-24
step48000,48000,MLP_OUT,u,residual,1024,128-256,3145728,0.0008940598,0.001157913,0.001747131,0.002456133,0.00269033,0.001828739,0.001903307,0.001565,0.001536,0,0,1.524e-23,1.178e-24
step48000,48000,MLP_OUT,u,residual,1024,256-512,6291456,0.0005119092,0.0007461064,0.000603199,0.001039768,0.001273965,0.00178714,0.001793044,0.001565,0.001536,0,0,1.524e-23,1.178e-24
step48000,48000,MLP_OUT,u,residual,1024,512-1024,1.258291e+07,0.0009524759,0.001161875,0.001833042,0.002027545,0.002278656,0.00185283,0.001891851,0.001565,0.001536,0,0,1.524e-23,1.178e-24
step48000,48000,MLP_OUT,v,hidden,4096,spike,3145728,0.03124623,0.03131345,0.003795942,0.02862754,0.02869348,0.005806968,0.004461697,0.001565,0.001558,3.133501e-05,0.000106539,1.524e-23,8.299e-24
step48000,48000,MLP_OUT,v,hidden,4096,32-64,3145728,0.01545698,0.01552292,0.00117588,0.01431003,0.01437596,0.003981681,0.004010201,0.001565,0.001558,8.628482e-06,8.628482e-07,1.524e-23,8.299e-24
step48000,48000,MLP_OUT,v,hidden,4096,64-128,6291456,0.009113834,0.009181049,0.0005156199,0.009112881,0.009180096,0.003137271,0.00317728,0.001565,0.001558,5.222502e-07,0,1.524e-23,8.299e-24
step48000,48000,MLP_OUT,v,hidden,4096,128-256,1.258291e+07,0.005173808,0.005241023,0.0002980232,0.004901638,0.004967568,0.002475341,0.002477271,0.001565,0.001558,7.947286e-08,0,1.524e-23,8.299e-24
step48000,48000,MLP_OUT,v,hidden,4096,256-512,2.516582e+07,0.002932713,0.002999928,0.001110514,0.001855896,0.001923111,0.002100292,0.002006326,0.001565,0.001558,0,0,1.524e-23,8.299e-24
step48000,48000,MLP_OUT,v,hidden,4096,512-1024,5.033165e+07,0.001661585,0.0017288,0.001354039,0.000314206,0.0003801367,0.001957448,0.001802893,0.001565,0.001558,6.045614e-07,0,1.524e-23,8.299e-24
step64000,64000,Q,u,head,1024,spike,786432,0.08302732,0.08327843,0.08979797,0.1718678,0.172102,0.008643014,0.01094546,0.001565,0.001536,7.26609e-07,0.0004830133,1.524e-23,1.178e-24
step64000,64000,Q,u,head,1024,32-64,786432,0.05454054,0.05480417,0.05934906,0.1110119,0.1112461,0.006632305,0.009968349,0.001565,0.001536,7.26609e-07,9.409587e-05,1.524e-23,1.178e-24
step64000,64000,Q,u,head,1024,64-128,1572864,0.04882029,0.0490714,0.03023593,0.076899,0.07713319,0.005906605,0.007449014,0.001565,0.001536,0,5.540394e-06,1.524e-23,1.178e-24
step64000,64000,Q,u,head,1024,128-256,3145728,0.04026488,0.04051599,0.006518682,0.04511018,0.04536129,0.004721278,0.004905292,0.001565,0.001536,0,0,1.524e-23,1.178e-24
step64000,64000,Q,u,head,1024,256-512,6291456,0.02083594,0.02109957,0.002133211,0.01943981,0.01969092,0.003110976,0.00297006,0.001565,0.001536,0,0,1.524e-23,1.178e-24
step64000,64000,Q,u,head,1024,512-1024,1.258291e+07,0.02749654,0.02776552,0.004826387,0.02544788,0.02569899,0.004810992,0.004106283,0.001565,0.001536,8.514949e-07,0,1.524e-23,1.178e-24
step64000,64000,Q,v,residual,1024,spike,786432,0.003569826,0.003833457,0.01462809,0.01806137,0.01833034,0.002107166,0.00357419,0.001565,0.001536,3.269741e-06,6.357829e-06,1.524e-23,1.178e-24
step64000,64000,Q,v,residual,1024,32-64,786432,0.005438918,0.005690029,0.01055781,0.01591369,0.01618267,0.00207574,0.003490811,0.001565,0.001536,0,2.543132e-06,1.524e-23,1.178e-24
step64000,64000,Q,v,residual,1024,64-128,1572864,0.004806564,0.005075543,0.007036209,0.01174345,0.01200708,0.002145041,0.003073829,0.001565,0.001536,0,0,1.524e-23,1.178e-24
step64000,64000,Q,v,residual,1024,128-256,3145728,0.003514403,0.003765514,0.002833684,0.005445844,0.005714823,0.001965614,0.002349263,0.001565,0.001536,0,0,1.524e-23,1.178e-24
step64000,64000,Q,v,residual,1024,256-512,6291456,0.001196974,0.001448085,0.0003754298,0.001016045,0.001279676,0.001839933,0.001831168,0.001565,0.001536,0,0,1.524e-23,1.178e-24
step64000,64000,Q,v,residual,1024,512-1024,1.258291e+07,0.001818464,0.002087443,0.001696269,0.003434325,0.003697955,0.002017339,0.002105293,0.001565,0.001536,9.082613e-08,0,1.524e-23,1.178e-24
step64000,64000,K,u,head,1024,spike,786432,0.08966616,0.08991727,0.03170268,0.1193394,0.1195905,0.009267535,0.009728205,0.001565,0.001536,7.26609e-07,0.0002920968,1.524e-23,1.178e-24
step64000,64000,K,u,head,1024,32-64,786432,0.05878503,0.05904866,0.01397705,0.07156034,0.07181145,0.006752922,0.007806142,0.001565,0.001536,0,0,1.524e-23,1.178e-24
step64000,64000,K,u,head,1024,64-128,1572864,0.04821959,0.04848322,0.003986994,0.05143972,0.05169083,0.005726769,0.005492074,0.001565,0.001536,0,0,1.524e-23,1.178e-24
step64000,64000,K,u,head,1024,128-256,3145728,0.04005634,0.04030745,0.01030445,0.03008409,0.0303352,0.004675184,0.0035429,0.001565,0.001536,0,0,1.524e-23,1.178e-24
step64000,64000,K,u,head,1024,256-512,6291456,0.01912855,0.01939218,0.007331689,0.01187129,0.0121224,0.003002644,0.002399059,0.001565,0.001536,0,0,1.524e-23,1.178e-24
step64000,64000,K,u,head,1024,512-1024,1.258291e+07,0.02518452,0.0254535,0.008147875,0.01703664,0.01730562,0.004531974,0.003764005,0.001565,0.001536,1.566751e-06,1.248859e-07,1.524e-23,1.178e-24
step64000,64000,K,v,residual,1024,spike,786432,0.002126687,0.002336086,0.003986359,0.005864928,0.006128781,0.002105713,0.002418336,0.001565,0.001536,0,0,1.524e-23,1.178e-24
step64000,64000,K,v,residual,1024,32-64,786432,0.003152678,0.003416531,0.002176921,0.00502951,0.005293362,0.002039773,0.002272288,0.001565,0.001536,0,0,1.524e-23,1.178e-24
step64000,64000,K,v,residual,1024,64-128,1572864,0.003997072,0.004260703,0.001316706,0.003174369,0.003438,0.002099718,0.002073924,0.001565,0.001536,0,0,1.524e-23,1.178e-24
step64000,64000,K,v,residual,1024,128-256,3145728,0.002688313,0.002951944,0.001409213,0.001503354,0.001772333,0.001926013,0.00189159,0.001565,0.001536,0,0,1.524e-23,1.178e-24
step64000,64000,K,v,residual,1024,256-512,6291456,0.0005931756,0.0008570283,0.0006481806,0.0001455302,0.0003350365,0.001797812,0.001752377,0.001565,0.001536,0,0,1.524e-23,1.178e-24
step64000,64000,K,v,residual,1024,512-1024,1.258291e+07,0.001040584,0.001309563,0.0005455017,0.0005733109,0.0008009858,0.001916147,0.001856486,0.001565,0.001536,0,0,1.524e-23,1.178e-24
step64000,64000,V,u,head,1024,spike,786432,0.06086011,0.06111122,0.02098846,0.0412425,0.04150614,0.007410685,0.006406693,0.001565,0.001536,0,1.271566e-06,1.524e-23,1.178e-24
step64000,64000,V,u,head,1024,32-64,786432,0.03213682,0.03240045,0.005249023,0.02744552,0.0277145,0.004908244,0.004764557,0.001565,0.001536,0,0,1.524e-23,1.178e-24
step64000,64000,V,u,head,1024,64-128,1572864,0.01723534,0.01750128,0.0008786519,0.01671972,0.01698335,0.003629321,0.003371557,0.001565,0.001536,0,0,1.524e-23,1.178e-24
step64000,64000,V,u,head,1024,128-256,3145728,0.01189699,0.01216062,0.004811605,0.007107004,0.007370635,0.0029459,0.002368019,0.001565,0.001536,0,0,1.524e-23,1.178e-24
step64000,64000,V,u,head,1024,256-512,6291456,0.004730766,0.004994396,0.003682137,0.001160826,0.001429805,0.002245971,0.001847948,0.001565,0.001536,0,0,1.524e-23,1.178e-24
step64000,64000,V,u,head,1024,512-1024,1.258291e+07,0.005222525,0.005491504,0.001069625,0.00445442,0.004723399,0.002361888,0.002230746,0.001565,0.001536,0,0,1.524e-23,1.178e-24
step64000,64000,V,v,residual,1024,spike,786432,0.01756075,0.01781186,0.009779612,0.02699461,0.02725824,0.002871377,0.003761655,0.001565,0.001536,0,0,1.524e-23,1.178e-24
step64000,64000,V,v,residual,1024,32-64,786432,0.0161099,0.01636101,0.005882263,0.02199216,0.02224327,0.002843403,0.003236498,0.001565,0.001536,0,0,1.524e-23,1.178e-24
step64000,64000,V,v,residual,1024,64-128,1572864,0.01348729,0.01374531,0.003299713,0.01678701,0.01703812,0.00260126,0.002839588,0.001565,0.001536,0,0,1.524e-23,1.178e-24
step64000,64000,V,v,residual,1024,128-256,3145728,0.008757695,0.009001504,0.001460711,0.0102165,0.01046221,0.002284686,0.002338546,0.001565,0.001536,0,0,1.524e-23,1.178e-24
step64000,64000,V,v,residual,1024,256-512,6291456,0.003917253,0.004132271,0.0005021095,0.004379308,0.004594326,0.001925854,0.001918248,0.001565,0.001536,0,0,1.524e-23,1.178e-24
step64000,64000,V,v,residual,1024,512-1024,1.258291e+07,0.005451749,0.005718161,0.0006253719,0.006053176,0.006322155,0.002457403,0.002529871,0.001565,0.001536,3.769284e-06,4.41642e-06,1.524e-23,1.178e-24
step64000,64000,O,u,residual,1024,spike,786432,0.01268519,0.01295416,0.01181793,0.02450312,0.0247721,0.002500625,0.002641224,0.001565,0.001536,8.719308e-05,9.936378e-05,1.524e-23,1.178e-24
step64000,64000,O,u,residual,1024,32-64,786432,0.001805669,0.002074648,0.002698263,0.003896544,0.004160397,0.001901354,0.002229055,0.001565,0.001536,0,0,1.524e-23,1.178e-24
step64000,64000,O,u,residual,1024,64-128,1572864,0.0004696747,0.0007335275,0.001745224,0.001952394,0.002216025,0.001817522,0.001948311,0.001565,0.001536,0,0,1.524e-23,1.178e-24
step64000,64000,O,u,residual,1024,128-256,3145728,0.0003228986,0.0004085709,0.0007368724,0.0006099388,0.0008735693,0.001749266,0.001799583,0.001565,0.001536,0,0,1.524e-23,1.178e-24
step64000,64000,O,u,residual,1024,256-512,6291456,0.0001196924,0.0003864856,0.0005106926,0.0004628039,0.000713915,0.001754216,0.001759416,0.001565,0.001536,0,0,1.524e-23,1.178e-24
step64000,64000,O,u,residual,1024,512-1024,1.258291e+07,0.0004182991,0.0006694102,0.0003676414,0.0006128509,0.0008278688,0.001774391,0.001817306,0.001565,0.001536,0,0,1.524e-23,1.178e-24
step64000,64000,O,v,head,1024,spike,786432,0.04671151,0.04697514,0.01105245,0.03622618,0.03648981,0.006506239,0.005971636,0.001565,0.001536,1.453218e-06,7.26609e-07,1.524e-23,1.178e-24
step64000,64000,O,v,head,1024,32-64,786432,0.02338033,0.0236493,0.003732045,0.02624184,0.02650547,0.004270281,0.004552024,0.001565,0.001536,0,0,1.524e-23,1.178e-24
step64000,64000,O,v,head,1024,64-128,1572864,0.01617182,0.0164408,0.001066208,0.01594484,0.01621382,0.003483909,0.003287452,0.001565,0.001536,0,0,1.524e-23,1.178e-24
step64000,64000,O,v,head,1024,128-256,3145728,0.01223904,0.01250267,0.006188075,0.006050969,0.006314599,0.002968334,0.002301625,0.001565,0.001536,0,0,1.524e-23,1.178e-24
step64000,64000,O,v,head,1024,256-512,6291456,0.005384827,0.005652039,0.004377842,0.001100258,0.001315276,0.002280303,0.001831259,0.001565,0.001536,0,0,1.524e-23,1.178e-24
step64000,64000,O,v,head,1024,512-1024,1.258291e+07,0.006871984,0.007140963,0.003087759,0.003878798,0.004147777,0.002512035,0.002171062,0.001565,0.001536,0,0,1.524e-23,1.178e-24
step64000,64000,MLP_IN,u,hidden,4096,spike,3145728,0.01243877,0.01249109,0.02217833,0.02811581,0.02818169,0.003297488,0.003383092,0.001565,0.001558,1.362392e-05,3.583091e-05,1.524e-23,8.299e-24
step64000,64000,MLP_IN,u,hidden,4096,32-64,3145728,0.008107549,0.008174764,0.002382278,0.009903318,0.009970533,0.002623013,0.003060704,0.001565,0.001558,1.816523e-07,0,1.524e-23,8.299e-24
step64000,64000,MLP_IN,u,hidden,4096,64-128,6291456,0.007283892,0.007351107,0.0008115768,0.007698759,0.00776464,0.002584208,0.002725351,0.001565,0.001558,3.178914e-07,0,1.524e-23,8.299e-24
step64000,64000,MLP_IN,u,hidden,4096,128-256,1.258291e+07,0.006039745,0.00610696,0.0009938081,0.005065903,0.005131784,0.00245738,0.002356257,0.001565,0.001558,4.541306e-08,0,1.524e-23,8.299e-24
step64000,64000,MLP_IN,u,hidden,4096,256-512,2.516582e+07,0.003226901,0.003292782,0.0008259614,0.002438949,0.002506164,0.002134777,0.002036271,0.001565,0.001558,0,0,1.524e-23,8.299e-24
step64000,64000,MLP_IN,u,hidden,4096,512-1024,5.033165e+07,0.002554303,0.002621518,0.002137125,0.0004908777,0.0005536329,0.002105807,0.001814118,0.001565,0.001558,2.438114e-06,0,1.524e-23,8.299e-24
step64000,64000,MLP_IN,v,residual,1024,spike,786432,0.0008495892,0.000873269,0.01156616,0.0107618,0.01102543,0.001878648,0.002548581,0.001565,0.001536,0,0,1.524e-23,1.178e-24
step64000,64000,MLP_IN,v,residual,1024,32-64,786432,0.007450535,0.007701646,0.002886454,0.01033699,0.0105881,0.002254668,0.0024583,0.001565,0.001536,0,0,1.524e-23,1.178e-24
step64000,64000,MLP_IN,v,residual,1024,64-128,1572864,0.009486938,0.009721135,0.002317429,0.007455095,0.007718726,0.002396447,0.002260935,0.001565,0.001536,0,0,1.524e-23,1.178e-24
step64000,64000,MLP_IN,v,residual,1024,128-256,3145728,0.00734722,0.007598331,0.002591133,0.005049293,0.005312923,0.002228237,0.002028692,0.001565,0.001536,0,0,1.524e-23,1.178e-24
step64000,64000,MLP_IN,v,residual,1024,256-512,6291456,0.004265898,0.004517009,0.002401352,0.00201184,0.002275471,0.001922812,0.001834347,0.001565,0.001536,0,0,1.524e-23,1.178e-24
step64000,64000,MLP_IN,v,residual,1024,512-1024,1.258291e+07,0.007532483,0.007801462,0.002500852,0.005084738,0.005348368,0.002425818,0.002152034,0.001565,0.001536,2.31266e-05,1.18301e-05,1.524e-23,1.178e-24
step64000,64000,MLP_OUT,u,residual,1024,spike,786432,0.02160317,0.0218668,0.02356339,0.04501004,0.04526115,0.002733685,0.002716791,0.001565,0.001536,0.0001102629,0.0001460484,1.524e-23,1.178e-24
step64000,64000,MLP_OUT,u,residual,1024,32-64,786432,0.002827158,0.00309101,0.003156026,0.005433831,0.005684942,0.002208346,0.00237038,0.001565,0.001536,0,0,1.524e-23,1.178e-24
step64000,64000,MLP_OUT,u,residual,1024,64-128,1572864,0.002093217,0.00233807,0.001932144,0.003600474,0.003857616,0.001981281,0.002099446,0.001565,0.001536,0,0,1.524e-23,1.178e-24
step64000,64000,MLP_OUT,u,residual,1024,128-256,3145728,0.0007027631,0.0009663936,0.001086235,0.001697763,0.001961394,0.001870337,0.001892135,0.001565,0.001536,0,0,1.524e-23,1.178e-24
step64000,64000,MLP_OUT,u,residual,1024,256-512,6291456,0.0003600237,0.0005746785,0.0005027453,0.0007904931,0.0009832534,0.001793316,0.001821677,0.001565,0.001536,0,0,1.524e-23,1.178e-24
step64000,64000,MLP_OUT,u,residual,1024,512-1024,1.258291e+07,0.001063817,0.001273216,0.001588504,0.001923912,0.002175023,0.001849606,0.00189016,0.001565,0.001536,0,0,1.524e-23,1.178e-24
step64000,64000,MLP_OUT,v,hidden,4096,spike,3145728,0.03502215,0.03508936,0.004254023,0.03323792,0.03330385,0.006119501,0.004857381,0.001565,0.001558,4.545848e-05,0.0001187097,1.524e-23,8.299e-24
step64000,64000,MLP_OUT,v,hidden,4096,32-64,3145728,0.01759035,0.01765628,0.0009860992,0.01671615,0.01678208,0.004239673,0.004314695,0.001565,0.001558,1.398722e-05,1.407805e-06,1.524e-23,8.299e-24
step64000,64000,MLP_OUT,v,hidden,4096,64-128,6291456,0.01071267,0.01077988,0.0006097158,0.01032717,0.0103931,0.003360635,0.003381116,0.001565,0.001558,9.536743e-07,0,1.524e-23,8.299e-24
step64000,64000,MLP_OUT,v,hidden,4096,128-256,1.258291e+07,0.006124622,0.006191837,0.0006984075,0.005432834,0.005498765,0.002624024,0.002547866,0.001565,0.001558,4.541306e-08,0,1.524e-23,8.299e-24
step64000,64000,MLP_OUT,v,hidden,4096,256-512,2.516582e+07,0.003342454,0.003408336,0.001304547,0.002126639,0.00219252,0.002167361,0.002043843,0.001565,0.001558,0,0,1.524e-23,8.299e-24
step64000,64000,MLP_OUT,v,hidden,4096,512-1024,5.033165e+07,0.002156721,0.002223936,0.001818538,0.0003792346,0.0004451653,0.002015483,0.001802867,0.001565,0.001558,9.423211e-07,0,1.524e-23,8.299e-24
step96000,96000,Q,u,head,1024,spike,786432,0.1042269,0.104478,0.1337687,0.2324391,0.2326541,0.01027153,0.01209023,0.001565,0.001536,8.719308e-06,0.0006946382,1.524e-23,1.178e-24
step96000,96000,Q,u,head,1024,32-64,786432,0.07451302,0.07477665,0.1000188,0.1670259,0.1672409,0.008659544,0.0123905,0.001565,0.001536,1.326061e-05,0.0002152579,1.524e-23,1.178e-24
step96000,96000,Q,u,head,1024,64-128,1572864,0.05795776,0.05820887,0.05624898,0.1114602,0.1116944,0.007023312,0.009826933,0.001565,0.001536,6.357829e-07,5.967276e-05,1.524e-23,1.178e-24
step96000,96000,Q,u,head,1024,128-256,3145728,0.0443323,0.04458341,0.01914374,0.06139607,0.06163026,0.0050463,0.006126268,0.001565,0.001536,0,1.816523e-07,1.524e-23,1.178e-24
step96000,96000,Q,u,head,1024,256-512,6291456,0.02402921,0.02428032,0.006660144,0.02912341,0.0293607,0.003284,0.003490039,0.001565,0.001536,0,0,1.524e-23,1.178e-24
step96000,96000,Q,u,head,1024,512-1024,1.258291e+07,0.03304981,0.03331344,0.007904371,0.0361636,0.03641471,0.005219062,0.004696891,0.001565,0.001536,1.873289e-06,4.541306e-08,1.524e-23,1.178e-24
step96000,96000,Q,v,residual,1024,spike,786432,0.00317811,0.003441963,0.02392451,0.02692927,0.02719824,0.002118429,0.00459344,0.001565,0.001536,8.719308e-06,7.629395e-06,1.524e-23,1.178e-24
step96000,96000,Q,v,residual,1024,32-64,786432,0.007165695,0.007399892,0.01825714,0.02463027,0.02489925,0.0022494,0.00421524,0.001565,0.001536,0,9.809222e-06,1.524e-23,1.178e-24
step96000,96000,Q,v,residual,1024,64-128,1572864,0.006912137,0.007179349,0.0140597,0.02097007,0.02123905,0.002253578,0.003982362,0.001565,0.001536,0,0,1.524e-23,1.178e-24
step96000,96000,Q,v,residual,1024,128-256,3145728,0.004753972,0.005017602,0.006599108,0.01081281,0.01108178,0.002063388,0.00284967,0.001565,0.001536,0,0,1.524e-23,1.178e-24
step96000,96000,Q,v,residual,1024,256-512,6291456,0.001673921,0.001937552,0.001136939,0.002396788,0.002665767,0.00184343,0.001961595,0.001565,0.001536,0,0,1.524e-23,1.178e-24
step96000,96000,Q,v,residual,1024,512-1024,1.258291e+07,0.002169178,0.002438157,0.004683812,0.00676233,0.007025961,0.002081474,0.002349899,0.001565,0.001536,2.15712e-07,0,1.524e-23,1.178e-24
step96000,96000,K,u,head,1024,spike,786432,0.1009182,0.1011694,0.03988647,0.1404385,0.1406896,0.01010223,0.0107371,0.001565,0.001536,8.90096e-06,0.0003516788,1.524e-23,1.178e-24
step96000,96000,K,u,head,1024,32-64,786432,0.07048216,0.07074579,0.01802572,0.08692721,0.08717832,0.007969084,0.009057726,0.001565,0.001536,2.179827e-06,4.178002e-06,1.524e-23,1.178e-24
step96000,96000,K,u,head,1024,64-128,1572864,0.05649355,0.05674467,0.006820679,0.06196383,0.06221494,0.006618409,0.006471361,0.001565,0.001536,3.633045e-07,0,1.524e-23,1.178e-24
step96000,96000,K,u,head,1024,128-256,3145728,0.04344284,0.04369395,0.008261045,0.03561826,0.03586937,0.005037762,0.004078729,0.001565,0.001536,0,0,1.524e-23,1.178e-24
step96000,96000,K,u,head,1024,256-512,6291456,0.02032143,0.02058506,0.006979942,0.01346377,0.01371488,0.00312183,0.002520084,0.001565,0.001536,0,0,1.524e-23,1.178e-24
step96000,96000,K,u,head,1024,512-1024,1.258291e+07,0.02831187,0.0285755,0.008368889,0.02004089,0.02030452,0.004741271,0.003946293,0.001565,0.001536,1.884642e-06,1.248859e-07,1.524e-23,1.178e-24
step96000,96000,K,v,residual,1024,spike,786432,0.003447682,0.003711534,0.004800161,0.007790929,0.008059908,0.002213796,0.002594357,0.001565,0.001536,0,0,1.524e-23,1.178e-24
step96000,96000,K,v,residual,1024,32-64,786432,0.00592858,0.006192211,0.001936595,0.007183121,0.0074521,0.002160935,0.002324241,0.001565,0.001536,0,0,1.524e-23,1.178e-24
step96000,96000,K,v,residual,1024,64-128,1572864,0.00555474,0.005818371,0.0009988149,0.004683858,0.004952837,0.002191089,0.00222306,0.001565,0.001536,0,0,1.524e-23,1.178e-24
step96000,96000,K,v,residual,1024,128-256,3145728,0.003541674,0.003810653,0.001171112,0.00261043,0.00287406,0.002028738,0.001982416,0.001565,0.001536,0,0,1.524e-23,1.178e-24
step96000,96000,K,v,residual,1024,256-512,6291456,0.0005943621,0.0008579927,0.000450929,0.0004322295,0.0006240361,0.001805442,0.001781736,0.001565,0.001536,0,0,1.524e-23,1.178e-24
step96000,96000,K,v,residual,1024,512-1024,1.258291e+07,0.001596338,0.001865317,0.0005237261,0.001146839,0.001415818,0.001996415,0.001935857,0.001565,0.001536,0,0,1.524e-23,1.178e-24
step96000,96000,V,u,head,1024,spike,786432,0.06337792,0.06364155,0.01839701,0.04641983,0.0466888,0.007598695,0.006926037,0.001565,0.001536,7.26609e-07,2.724784e-06,1.524e-23,1.178e-24
step96000,96000,V,u,head,1024,32-64,786432,0.03422092,0.03448455,0.003564199,0.03171035,0.03197933,0.005274273,0.005214691,0.001565,0.001536,0,0,1.524e-23,1.178e-24
step96000,96000,V,u,head,1024,64-128,1572864,0.02050277,0.02077175,0.0009504954,0.02017344,0.02044242,0.003795715,0.003639584,0.001565,0.001536,0,0,1.524e-23,1.178e-24
step96000,96000,V,u,head,1024,128-256,3145728,0.0132706,0.01353423,0.004549662,0.008779749,0.009043379,0.003045082,0.002482959,0.001565,0.001536,0,0,1.524e-23,1.178e-24
step96000,96000,V,u,head,1024,256-512,6291456,0.005711601,0.00598058,0.004166603,0.001559481,0.001823111,0.002283687,0.001911867,0.001565,0.001536,0,0,1.524e-23,1.178e-24
step96000,96000,V,u,head,1024,512-1024,1.258291e+07,0.006487972,0.006756951,0.001281023,0.005212273,0.005481252,0.002453146,0.002334265,0.001565,0.001536,0,0,1.524e-23,1.178e-24
step96000,96000,V,v,residual,1024,spike,786432,0.02082741,0.02107852,0.009852091,0.03064389,0.03089501,0.003281185,0.004189809,0.001565,0.001536,0,0,1.524e-23,1.178e-24
step96000,96000,V,v,residual,1024,32-64,786432,0.01832635,0.01858998,0.007043203,0.0248659,0.02511701,0.003155481,0.003499349,0.001565,0.001536,0,0,1.524e-23,1.178e-24
step96000,96000,V,v,residual,1024,64-128,1572864,0.01533615,0.01558726,0.003878276,0.01921443,0.01946554,0.002735774,0.0030157,0.001565,0.001536,0,0,1.524e-23,1.178e-24
step96000,96000,V,v,residual,1024,128-256,3145728,0.01024416,0.01049528,0.001288414,0.01146518,0.01169937,0.00233623,0.002405621,0.001565,0.001536,0,0,1.524e-23,1.178e-24
step96000,96000,V,v,residual,1024,256-512,6291456,0.004263823,0.00449802,0.0003530184,0.004616841,0.004851039,0.001947312,0.001931713,0.001565,0.001536,0,0,1.524e-23,1.178e-24
step96000,96000,V,v,residual,1024,512-1024,1.258291e+07,0.006322112,0.006591091,0.0006877581,0.006849414,0.007118393,0.002536183,0.002587307,0.001565,0.001536,4.246121e-06,5.404154e-06,1.524e-23,1.178e-24
step96000,96000,O,u,residual,1024,spike,786432,0.01410467,0.01436853,0.01276016,0.02619557,0.02646455,0.002560388,0.002613068,0.001565,0.001536,8.555821e-05,9.482247e-05,1.524e-23,1.178e-24
step96000,96000,O,u,residual,1024,32-64,786432,0.001125877,0.001389507,0.002829234,0.00361765,0.003886629,0.001901717,0.002250126,0.001565,0.001536,0,0,1.524e-23,1.178e-24
step96000,96000,O,u,residual,1024,64-128,1572864,0.000816391,0.00108537,0.001613617,0.001893397,0.002108415,0.001809801,0.002018338,0.001565,0.001536,0,0,1.524e-23,1.178e-24
step96000,96000,O,u,residual,1024,128-256,3145728,0.0004290586,0.0006926891,0.0007769267,0.0009118256,0.001162937,0.00177556,0.001851036,0.001565,0.001536,0,0,1.524e-23,1.178e-24
step96000,96000,O,u,residual,1024,256-512,6291456,0.0003324849,0.0004145341,0.0002970695,0.0001837314,0.0004475841,0.001731191,0.001770882,0.001565,0.001536,0,0,1.524e-23,1.178e-24
step96000,96000,O,u,residual,1024,512-1024,1.258291e+07,0.0004616695,0.0006567646,0.0005292098,0.0006418074,0.000905438,0.001787594,0.0018384,0.001565,0.001536,0,0,1.524e-23,1.178e-24
step96000,96000,O,v,head,1024,spike,786432,0.05357288,0.05383651,0.009248098,0.04508518,0.04534881,0.007313683,0.006751288,0.001565,0.001536,1.453218e-06,3.451393e-06,1.524e-23,1.178e-24
step96000,96000,O,v,head,1024,32-64,786432,0.02914737,0.029411,0.003702799,0.03285017,0.0331138,0.004819779,0.005253383,0.001565,0.001536,0,0,1.524e-23,1.178e-24
step96000,96000,O,v,head,1024,64-128,1572864,0.02190849,0.02217747,0.002174377,0.02009382,0.02035745,0.003931318,0.00365775,0.001565,0.001536,0,0,1.524e-23,1.178e-24
step96000,96000,O,v,head,1024,128-256,3145728,0.01478599,0.01504962,0.005350113,0.00947307,0.009736701,0.003153438,0.002505575,0.001565,0.001536,0,0,1.524e-23,1.178e-24
step96000,96000,O,v,head,1024,256-512,6291456,0.006810393,0.007079372,0.005032857,0.001863584,0.002097781,0.002388069,0.001921949,0.001565,0.001536,0,0,1.524e-23,1.178e-24
step96000,96000,O,v,head,1024,512-1024,1.258291e+07,0.008513894,0.008782873,0.003268401,0.005309572,0.005573425,0.002702145,0.002385616,0.001565,0.001536,7.947286e-08,0,1.524e-23,1.178e-24
step96000,96000,MLP_IN,u,hidden,4096,spike,3145728,0.0138785,0.01393082,0.02464994,0.03290485,0.03297073,0.003467923,0.00367587,0.001565,0.001558,1.757486e-05,4.050845e-05,1.524e-23,8.299e-24
step96000,96000,MLP_IN,u,hidden,4096,32-64,3145728,0.009523437,0.009590652,0.002755801,0.01227924,0.01234645,0.002792177,0.003353846,0.001565,0.001558,1.0445e-06,0,1.524e-23,8.299e-24
step96000,96000,MLP_IN,u,hidden,4096,64-128,6291456,0.009130842,0.009198057,0.0008230209,0.009283112,0.009350327,0.002765996,0.002904778,0.001565,0.001558,3.178914e-07,0,1.524e-23,8.299e-24
step96000,96000,MLP_IN,u,hidden,4096,128-256,1.258291e+07,0.007255918,0.007323133,0.001305501,0.005950417,0.006017632,0.002611989,0.002479848,0.001565,0.001558,0,0,1.524e-23,8.299e-24
step96000,96000,MLP_IN,u,hidden,4096,256-512,2.516582e+07,0.003853804,0.003921019,0.001014074,0.002882328,0.002949543,0.002224888,0.002092583,0.001565,0.001558,0,0,1.524e-23,8.299e-24
step96000,96000,MLP_IN,u,hidden,4096,512-1024,5.033165e+07,0.00314799,0.00321392,0.002523104,0.000645723,0.000712938,0.002184348,0.001824992,0.001565,0.001558,4.68606e-06,0,1.524e-23,8.299e-24
step96000,96000,MLP_IN,v,residual,1024,spike,786432,0.0007999982,0.000823678,0.009629567,0.009462262,0.009725892,0.00190644,0.00251988,0.001565,0.001536,0,0,1.524e-23,1.178e-24
step96000,96000,MLP_IN,v,residual,1024,32-64,786432,0.006697878,0.006961508,0.002760569,0.008932149,0.009147167,0.002206167,0.002405802,0.001565,0.001536,0,0,1.524e-23,1.178e-24
step96000,96000,MLP_IN,v,residual,1024,64-128,1572864,0.008159543,0.008423173,0.001337687,0.007573876,0.007824988,0.002265385,0.002249763,0.001565,0.001536,0,0,1.524e-23,1.178e-24
step96000,96000,MLP_IN,v,residual,1024,128-256,3145728,0.007763022,0.008014133,0.003458023,0.004539912,0.004774109,0.002221425,0.002018474,0.001565,0.001536,0,0,1.524e-23,1.178e-24
step96000,96000,MLP_IN,v,residual,1024,256-512,6291456,0.004245553,0.004496664,0.002547105,0.001752004,0.001986201,0.0019353,0.001807644,0.001565,0.001536,0,0,1.524e-23,1.178e-24
step96000,96000,MLP_IN,v,residual,1024,512-1024,1.258291e+07,0.00707464,0.007343619,0.002435525,0.004639115,0.004908094,0.002404803,0.002144836,0.001565,0.001536,2.217293e-05,1.062666e-05,1.524e-23,1.178e-24
step96000,96000,MLP_OUT,u,residual,1024,spike,786432,0.02198846,0.02225209,0.02163315,0.04317645,0.04342756,0.00287719,0.00281234,0.001565,0.001536,9.718395e-05,0.0001336961,1.524e-23,1.178e-24
step96000,96000,MLP_OUT,u,residual,1024,32-64,786432,0.003582468,0.00384632,0.002469381,0.006029811,0.006298789,0.002272833,0.002448672,0.001565,0.001536,0,0,1.524e-23,1.178e-24
step96000,96000,MLP_OUT,u,residual,1024,64-128,1572864,0.002352938,0.002616568,0.001926422,0.004050618,0.004319597,0.001999446,0.00217465,0.001565,0.001536,0,0,1.524e-23,1.178e-24
step96000,96000,MLP_OUT,u,residual,1024,128-256,3145728,0.001012597,0.001263708,0.00111262,0.002002303,0.002265934,0.00186961,0.0019311,0.001565,0.001536,0,0,1.524e-23,1.178e-24
step96000,96000,MLP_OUT,u,residual,1024,256-512,6291456,0.0005373006,0.0008009311,0.0005774498,0.0008883016,0.001139413,0.001805283,0.001791909,0.001565,0.001536,0,0,1.524e-23,1.178e-24
step96000,96000,MLP_OUT,u,residual,1024,512-1024,1.258291e+07,0.001035128,0.001244527,0.001971642,0.001967852,0.002218177,0.001859029,0.001905248,0.001565,0.001536,0,0,1.524e-23,1.178e-24
step96000,96000,MLP_OUT,v,hidden,4096,spike,3145728,0.03839307,0.03846028,0.004462242,0.03736098,0.03742691,0.006362098,0.005159378,0.001565,0.001558,6.058103e-05,0.0001383736,1.524e-23,8.299e-24
step96000,96000,MLP_OUT,v,hidden,4096,32-64,3145728,0.01941781,0.01948502,0.0004329681,0.01955143,0.01961736,0.004451161,0.004693894,0.001565,0.001558,1.662118e-05,1.63487e-06,1.524e-23,8.299e-24
step96000,96000,MLP_OUT,v,hidden,4096,64-128,6291456,0.01212792,0.01219514,0.000585556,0.01191933,0.01198526,0.003540493,0.003640788,0.001565,0.001558,2.043588e-06,0,1.524e-23,8.299e-24
step96000,96000,MLP_OUT,v,hidden,4096,128-256,1.258291e+07,0.00677924,0.006846455,0.0007181962,0.006289289,0.006356504,0.002733106,0.002666087,0.001565,0.001558,7.947286e-08,0,1.524e-23,8.299e-24
step96000,96000,MLP_OUT,v,hidden,4096,256-512,2.516582e+07,0.003795569,0.00386145,0.001673619,0.002358919,0.002426134,0.00223111,0.002052784,0.001565,0.001558,0,0,1.524e-23,8.299e-24
step96000,96000,MLP_OUT,v,hidden,4096,512-1024,5.033165e+07,0.002437677,0.002504892,0.002073884,0.0004094089,0.0004752903,0.002079626,0.001798675,0.001565,0.001558,1.16371e-06,0,1.524e-23,8.299e-24
step128000,128000,Q,u,head,1024,spike,786432,0.1138844,0.1141186,0.1535645,0.2565373,0.2567324,0.0107836,0.01269985,0.001565,0.001536,2.070836e-05,0.0007442293,1.524e-23,1.178e-24
step128000,128000,Q,u,head,1024,32-64,786432,0.07904732,0.07929843,0.1269239,0.1920193,0.1922144,0.009099325,0.01294399,0.001565,0.001536,1.816523e-05,0.0002733866,1.524e-23,1.178e-24
step128000,128000,Q,u,head,1024,64-128,1572864,0.06011953,0.06038316,0.08741506,0.1403993,0.1406144,0.007268361,0.01087843,0.001565,0.001536,7.26609e-07,0.0001149859,1.524e-23,1.178e-24
step128000,128000,Q,u,head,1024,128-256,3145728,0.04574596,0.04599707,0.03717295,0.07831704,0.07853206,0.005234855,0.007091886,0.001565,0.001536,0,7.629395e-06,1.524e-23,1.178e-24
step128000,128000,Q,u,head,1024,256-512,6291456,0.02558751,0.02583862,0.01902262,0.04214838,0.04238257,0.003369922,0.004262243,0.001565,0.001536,0,2.724784e-07,1.524e-23,1.178e-24
step128000,128000,Q,u,head,1024,512-1024,1.258291e+07,0.03587729,0.03614092,0.01993974,0.04917258,0.04940678,0.005438033,0.005421355,0.001565,0.001536,1.725696e-06,1.362392e-07,1.524e-23,1.178e-24
step128000,128000,Q,v,residual,1024,spike,786432,0.004158451,0.004415834,0.02707672,0.03122892,0.03149255,0.00231207,0.004886446,0.001565,0.001536,5.994524e-06,4.178002e-06,1.524e-23,1.178e-24
step128000,128000,Q,v,residual,1024,32-64,786432,0.008076255,0.008339886,0.02121226,0.02928851,0.02955215,0.002384731,0.00455166,0.001565,0.001536,0,2.724784e-06,1.524e-23,1.178e-24
step128000,128000,Q,v,residual,1024,64-128,1572864,0.007530753,0.007794384,0.01673253,0.02426329,0.02452692,0.0023484,0.004123052,0.001565,0.001536,0,0,1.524e-23,1.178e-24
step128000,128000,Q,v,residual,1024,128-256,3145728,0.00489448,0.00515811,0.01204077,0.01693525,0.01719888,0.002102761,0.00319322,0.001565,0.001536,0,0,1.524e-23,1.178e-24
step128000,128000,Q,v,residual,1024,256-512,6291456,0.001669312,0.001932943,0.002777894,0.004314964,0.004578594,0.001839297,0.002127125,0.001565,0.001536,0,0,1.524e-23,1.178e-24
step128000,128000,Q,v,residual,1024,512-1024,1.258291e+07,0.00279606,0.003065039,0.006795565,0.009571934,0.009835565,0.002135549,0.002642529,0.001565,0.001536,1.362392e-07,0,1.524e-23,1.178e-24
step128000,128000,K,u,head,1024,spike,786432,0.1093436,0.1095948,0.04493713,0.1542808,0.1545319,0.01054727,0.01158269,0.001565,0.001536,1.544044e-05,0.000344776,1.524e-23,1.178e-24
step128000,128000,K,u,head,1024,32-64,786432,0.07901044,0.07926155,0.0209287,0.09861417,0.09886528,0.008533114,0.009824662,0.001565,0.001536,2.906436e-06,6.357829e-06,1.524e-23,1.178e-24
step128000,128000,K,u,head,1024,64-128,1572864,0.06351196,0.06376307,0.009327571,0.07151392,0.07176504,0.007298061,0.007143747,0.001565,0.001536,3.633045e-07,1.362392e-06,1.524e-23,1.178e-24
step128000,128000,K,u,head,1024,128-256,3145728,0.04694982,0.04720093,0.006766955,0.04051919,0.0407703,0.005413101,0.004536447,0.001565,0.001536,0,0,1.524e-23,1.178e-24
step128000,128000,K,u,head,1024,256-512,6291456,0.02160497,0.02185608,0.006270409,0.01538696,0.01565059,0.003235317,0.002671423,0.001565,0.001536,0,0,1.524e-23,1.178e-24
step128000,128000,K,u,head,1024,512-1024,1.258291e+07,0.03125809,0.03152172,0.00863568,0.02262241,0.02288604,0.00488086,0.004153161,0.001565,0.001536,2.531778e-06,4.200708e-07,1.524e-23,1.178e-24
step128000,128000,K,v,residual,1024,spike,786432,0.004514525,0.004778378,0.005568186,0.009845003,0.01010863,0.002231235,0.002695719,0.001565,0.001536,0,0,1.524e-23,1.178e-24
step128000,128000,K,v,residual,1024,32-64,786432,0.005808558,0.006077537,0.003026326,0.008036836,0.008300467,0.002211253,0.002537319,0.001565,0.001536,0,0,1.524e-23,1.178e-24
step128000,128000,K,v,residual,1024,64-128,1572864,0.005788849,0.006057828,0.0004653931,0.005663459,0.00592709,0.002233324,0.002302079,0.001565,0.001536,0,0,1.524e-23,1.178e-24
step128000,128000,K,v,residual,1024,128-256,3145728,0.004027094,0.004296073,0.001103083,0.003112897,0.003347094,0.002036912,0.002021699,0.001565,0.001536,0,0,1.524e-23,1.178e-24
step128000,128000,K,v,residual,1024,256-512,6291456,0.001121316,0.001372427,0.0005736351,0.0006788929,0.0008939108,0.001843793,0.001796768,0.001565,0.001536,0,0,1.524e-23,1.178e-24
step128000,128000,K,v,residual,1024,512-1024,1.258291e+07,0.001933144,0.002202123,0.0002466043,0.001771575,0.002040554,0.002004533,0.001983166,0.001565,0.001536,0,0,1.524e-23,1.178e-24
step128000,128000,V,u,head,1024,spike,786432,0.06652112,0.06677223,0.01778666,0.05043211,0.05069574,0.007997059,0.007239569,0.001565,0.001536,7.26609e-07,3.99635e-06,1.524e-23,1.178e-24
step128000,128000,V,u,head,1024,32-64,786432,0.03686069,0.03712432,0.002901713,0.03504998,0.03531361,0.005389804,0.005368732,0.001565,0.001536,0,0,1.524e-23,1.178e-24
step128000,128000,V,u,head,1024,64-128,1572864,0.02250026,0.02276389,0.001036326,0.02251566,0.02278464,0.003971826,0.003851754,0.001565,0.001536,0,0,1.524e-23,1.178e-24
step128000,128000,V,u,head,1024,128-256,3145728,0.01404403,0.01430766,0.004076958,0.01017625,0.01043988,0.003089859,0.002537046,0.001565,0.001536,0,0,1.524e-23,1.178e-24
step128000,128000,V,u,head,1024,256-512,6291456,0.005729085,0.005998064,0.003648599,0.002126104,0.002395083,0.002296016,0.001953466,0.001565,0.001536,0,0,1.524e-23,1.178e-24
step128000,128000,V,u,head,1024,512-1024,1.258291e+07,0.006866898,0.007135877,0.0009340445,0.005990948,0.006259927,0.002552782,0.002430553,0.001565,0.001536,0,0,1.524e-23,1.178e-24
step128000,128000,V,v,residual,1024,spike,786432,0.02250079,0.0227519,0.009749095,0.03197904,0.03223015,0.003457932,0.004254114,0.001565,0.001536,0,0,1.524e-23,1.178e-24
step128000,128000,V,v,residual,1024,32-64,786432,0.01957237,0.01982348,0.006811778,0.02578917,0.0260528,0.003233955,0.003698985,0.001565,0.001536,0,0,1.524e-23,1.178e-24
step128000,128000,V,v,residual,1024,64-128,1572864,0.01647802,0.01672913,0.003761292,0.01968427,0.01993538,0.002849397,0.003141857,0.001565,0.001536,0,0,1.524e-23,1.178e-24
step128000,128000,V,v,residual,1024,128-256,3145728,0.01054171,0.01079282,0.001423836,0.01156024,0.01181135,0.002387365,0.002471742,0.001565,0.001536,0,0,1.524e-23,1.178e-24
step128000,128000,V,v,residual,1024,256-512,6291456,0.004336938,0.004571135,0.0003967285,0.00444518,0.004679377,0.001963411,0.001955237,0.001565,0.001536,0,0,1.524e-23,1.178e-24
step128000,128000,V,v,residual,1024,512-1024,1.258291e+07,0.006175325,0.006444304,0.0008978844,0.007043487,0.007312466,0.002558038,0.002638908,0.001565,0.001536,2.599898e-06,4.473187e-06,1.524e-23,1.178e-24
step128000,128000,O,u,residual,1024,spike,786432,0.01379441,0.01405827,0.0147845,0.02805842,0.02832739,0.002597627,0.002804529,0.001565,0.001536,8.138021e-05,9.881882e-05,1.524e-23,1.178e-24
step128000,128000,O,u,residual,1024,32-64,786432,0.001379007,0.001588406,0.003823598,0.004404104,0.004619122,0.001973833,0.002435957,0.001565,0.001536,0,0,1.524e-23,1.178e-24
step128000,128000,O,u,residual,1024,64-128,1572864,0.001684225,0.001899242,0.00178655,0.002766973,0.003035952,0.001844043,0.002085368,0.001565,0.001536,0,0,1.524e-23,1.178e-24
step128000,128000,O,u,residual,1024,128-256,3145728,0.0004473707,0.0006114952,0.0007896423,0.001013166,0.001282145,0.001806577,0.001852535,0.001565,0.001536,0,0,1.524e-23,1.178e-24
step128000,128000,O,u,residual,1024,256-512,6291456,0.0001589195,0.000302285,0.0003774961,0.00027508,0.0005214305,0.001775878,0.001760664,0.001565,0.001536,0,0,1.524e-23,1.178e-24
step128000,128000,O,u,residual,1024,512-1024,1.258291e+07,0.0002037246,0.0004349652,0.001023531,0.001106326,0.001369957,0.001785869,0.001821666,0.001565,0.001536,0,0,1.524e-23,1.178e-24
step128000,128000,O,v,head,1024,spike,786432,0.0574626,0.05772623,0.004703522,0.05316216,0.05342579,0.007640112,0.007467724,0.001565,0.001536,3.451393e-06,5.994524e-06,1.524e-23,1.178e-24
step128000,128000,O,v,head,1024,32-64,786432,0.03584471,0.03610834,0.003988902,0.03960727,0.0398709,0.005430494,0.005794525,0.001565,0.001536,0,0,1.524e-23,1.178e-24
step128000,128000,O,v,head,1024,64-128,1572864,0.02633848,0.02660211,0.001302719,0.02602568,0.02628931,0.004301071,0.004134133,0.001565,0.001536,0,0,1.524e-23,1.178e-24
step128000,128000,O,v,head,1024,128-256,3145728,0.01833779,0.01860142,0.006008148,0.0127962,0.01304731,0.003303255,0.002617972,0.001565,0.001536,0,0,1.524e-23,1.178e-24
step128000,128000,O,v,head,1024,256-512,6291456,0.008419578,0.008683208,0.004675865,0.003755792,0.004019423,0.002484299,0.001998266,0.001565,0.001536,0,0,1.524e-23,1.178e-24
step128000,128000,O,v,head,1024,512-1024,1.258291e+07,0.01068493,0.01095391,0.00336043,0.007324503,0.007593482,0.002943981,0.002609594,0.001565,0.001536,0,0,1.524e-23,1.178e-24
step128000,128000,MLP_IN,u,hidden,4096,spike,3145728,0.01518185,0.01523417,0.02687009,0.03672113,0.03678702,0.003524326,0.003902208,0.001565,0.001558,2.574921e-05,4.06901e-05,1.524e-23,8.299e-24
step128000,128000,MLP_IN,u,hidden,4096,32-64,3145728,0.01074446,0.01081167,0.003019969,0.01370975,0.01377696,0.0029256,0.003545125,0.001565,0.001558,2.134414e-06,0,1.524e-23,8.299e-24
step128000,128000,MLP_IN,u,hidden,4096,64-128,6291456,0.009975479,0.01004269,0.001000245,0.01074986,0.01081708,0.002868334,0.00304733,0.001565,0.001558,0,0,1.524e-23,8.299e-24
step128000,128000,MLP_IN,u,hidden,4096,128-256,1.258291e+07,0.007939702,0.008006917,0.001440763,0.006553537,0.006620752,0.002683674,0.002547945,0.001565,0.001558,0,0,1.524e-23,8.299e-24
step128000,128000,MLP_IN,u,hidden,4096,256-512,2.516582e+07,0.004477467,0.004544682,0.001150012,0.003327455,0.00339467,0.002281836,0.002112695,0.001565,0.001558,0,0,1.524e-23,8.299e-24
step128000,128000,MLP_IN,u,hidden,4096,512-1024,5.033165e+07,0.003573885,0.003639815,0.002977371,0.0007275204,0.0007947354,0.002230343,0.001831838,0.001565,0.001558,5.588645e-06,0,1.524e-23,8.299e-24
step128000,128000,MLP_IN,v,residual,1024,spike,786432,0.0008699216,0.001065017,0.01051966,0.01060921,0.01087284,0.001858847,0.002556755,0.001565,0.001536,7.26609e-07,0,1.524e-23,1.178e-24
step128000,128000,MLP_IN,v,residual,1024,32-64,786432,0.007071608,0.007322719,0.002605438,0.00965554,0.00991917,0.002243405,0.002461025,0.001565,0.001536,0,0,1.524e-23,1.178e-24
step128000,128000,MLP_IN,v,residual,1024,64-128,1572864,0.008470966,0.008722077,0.002616882,0.006324563,0.006582582,0.002280099,0.002212615,0.001565,0.001536,0,0,1.524e-23,1.178e-24
step128000,128000,MLP_IN,v,residual,1024,128-256,3145728,0.007839634,0.008090745,0.00315698,0.004682654,0.004933765,0.002177329,0.002017975,0.001565,0.001536,0,0,1.524e-23,1.178e-24
step128000,128000,MLP_IN,v,residual,1024,256-512,6291456,0.003603244,0.003837442,0.002091408,0.001682226,0.001935327,0.001966181,0.001817998,0.001565,0.001536,0,0,1.524e-23,1.178e-24
step128000,128000,MLP_IN,v,residual,1024,512-1024,1.258291e+07,0.00648066,0.006749639,0.001929442,0.004586999,0.00485063,0.002399115,0.002148901,0.001565,0.001536,1.981145e-05,9.741102e-06,1.524e-23,1.178e-24
step128000,128000,MLP_OUT,u,residual,1024,spike,786432,0.02037611,0.02063974,0.02424494,0.04436027,0.04461138,0.00281234,0.00285521,0.001565,0.001536,8.991786e-05,0.0001271566,1.524e-23,1.178e-24
step128000,128000,MLP_OUT,u,residual,1024,32-64,786432,0.003462941,0.003726793,0.003653208,0.006507033,0.006758144,0.002196357,0.002560752,0.001565,0.001536,0,0,1.524e-23,1.178e-24
step128000,128000,MLP_OUT,u,residual,1024,64-128,1572864,0.002422164,0.002686017,0.001646042,0.003898452,0.004162305,0.001984732,0.00220871,0.001565,0.001536,0,0,1.524e-23,1.178e-24
step128000,128000,MLP_OUT,u,residual,1024,128-256,3145728,0.001168046,0.001419157,0.001495043,0.00230589,0.00256952,0.00188387,0.001954714,0.001565,0.001536,0,0,1.524e-23,1.178e-24
step128000,128000,MLP_OUT,u,residual,1024,256-512,6291456,0.0005455992,0.0006953805,0.0009024938,0.0009830243,0.001217222,0.001793112,0.00180283,0.001565,0.001536,0,0,1.524e-23,1.178e-24
step128000,128000,MLP_OUT,u,residual,1024,512-1024,1.258291e+07,0.00104983,0.001259229,0.001895587,0.002122904,0.002359083,0.00186038,0.001921711,0.001565,0.001536,0,0,1.524e-23,1.178e-24
step128000,128000,MLP_OUT,v,hidden,4096,spike,3145728,0.03834506,0.03841228,0.004558245,0.03738227,0.03744821,0.006342842,0.005270504,0.001565,0.001558,6.25792e-05,0.0001335598,1.524e-23,8.299e-24
step128000,128000,MLP_OUT,v,hidden,4096,32-64,3145728,0.01934639,0.01941232,0.0003700256,0.01954729,0.01961322,0.004480725,0.00473195,0.001565,0.001558,1.475925e-05,1.771109e-06,1.524e-23,8.299e-24
step128000,128000,MLP_OUT,v,hidden,4096,64-128,6291456,0.01248444,0.01255165,0.0007988612,0.01222085,0.01228678,0.003582205,0.003664403,0.001565,0.001558,1.135327e-06,0,1.524e-23,8.299e-24
step128000,128000,MLP_OUT,v,hidden,4096,128-256,1.258291e+07,0.007166034,0.007233249,0.0009744167,0.006363914,0.006431129,0.002760297,0.002694811,0.001565,0.001558,4.541306e-08,0,1.524e-23,8.299e-24
step128000,128000,MLP_OUT,v,hidden,4096,256-512,2.516582e+07,0.00411946,0.004185342,0.001714587,0.002480378,0.002546309,0.002255383,0.00208568,0.001565,0.001558,0,0,1.524e-23,8.299e-24
step128000,128000,MLP_OUT,v,hidden,4096,512-1024,5.033165e+07,0.002693697,0.002759579,0.002355496,0.0003434281,0.0004106431,0.002116527,0.001805513,0.001565,0.001558,1.308464e-06,0,1.524e-23,8.299e-24
step143000,143000,Q,u,head,1024,spike,786432,0.1165394,0.1167736,0.1610107,0.2653772,0.2655723,0.01094945,0.01270694,0.001565,0.001536,1.98001e-05,0.0007823762,1.524e-23,1.178e-24
step143000,143000,Q,u,head,1024,32-64,786432,0.0815575,0.08182113,0.1330528,0.1989087,0.1991038,0.009305318,0.0134508,0.001565,0.001536,1.671201e-05,0.0002506801,1.524e-23,1.178e-24
step143000,143000,Q,u,head,1024,64-128,1572864,0.0616683,0.06193193,0.09302394,0.1470897,0.1473047,0.007475808,0.01110676,0.001565,0.001536,3.633045e-07,0.0001145317,1.524e-23,1.178e-24
step143000,143000,Q,u,head,1024,128-256,3145728,0.04640368,0.04665479,0.04209296,0.08351361,0.08372863,0.005223274,0.007379759,0.001565,0.001536,0,1.721155e-05,1.524e-23,1.178e-24
step143000,143000,Q,u,head,1024,256-512,6291456,0.02548372,0.02573483,0.02282556,0.04588233,0.04611653,0.003388405,0.004526615,0.001565,0.001536,0,1.816523e-07,1.524e-23,1.178e-24
step143000,143000,Q,u,head,1024,512-1024,1.258291e+07,0.03672002,0.03698365,0.02384925,0.05324304,0.05345805,0.005495696,0.00565639,0.001565,0.001536,1.385098e-06,0,1.524e-23,1.178e-24
step143000,143000,Q,v,residual,1024,spike,786432,0.004203066,0.004469006,0.02620316,0.03040622,0.03066985,0.002341316,0.004855928,0.001565,0.001536,5.449568e-06,5.267915e-06,1.524e-23,1.178e-24
step143000,143000,Q,v,residual,1024,32-64,786432,0.009129111,0.009392742,0.01856613,0.02769524,0.02795887,0.002464294,0.004423959,0.001565,0.001536,0,3.269741e-06,1.524e-23,1.178e-24
step143000,143000,Q,v,residual,1024,64-128,1572864,0.007836565,0.008100195,0.0157032,0.02353977,0.0238034,0.0023583,0.003947576,0.001565,0.001536,0,0,1.524e-23,1.178e-24
step143000,143000,Q,v,residual,1024,128-256,3145728,0.005447611,0.005711241,0.01118596,0.01663357,0.01689721,0.002171244,0.003171739,0.001565,0.001536,0,0,1.524e-23,1.178e-24
step143000,143000,Q,v,residual,1024,256-512,6291456,0.001803988,0.002055099,0.002963384,0.004529381,0.004793012,0.001838888,0.002116362,0.001565,0.001536,0,0,1.524e-23,1.178e-24
step143000,143000,Q,v,residual,1024,512-1024,1.258291e+07,0.002947456,0.003216435,0.006727378,0.009594981,0.009858612,0.002127909,0.00267995,0.001565,0.001536,1.70299e-07,0,1.524e-23,1.178e-24
step143000,143000,K,u,head,1024,spike,786432,0.1129269,0.113178,0.04875819,0.1616851,0.1619362,0.01067825,0.01153419,0.001565,0.001536,3.215245e-05,0.0004172552,1.524e-23,1.178e-24
step143000,143000,K,u,head,1024,32-64,786432,0.08266111,0.08291222,0.02238083,0.1028218,0.1030729,0.008853004,0.009950729,0.001565,0.001536,4.722959e-06,1.362392e-05,1.524e-23,1.178e-24
step143000,143000,K,u,head,1024,64-128,1572864,0.06622993,0.06648104,0.01062457,0.07508067,0.07533178,0.007537569,0.007368633,0.001565,0.001536,1.089914e-06,7.26609e-07,1.524e-23,1.178e-24
step143000,143000,K,u,head,1024,128-256,3145728,0.04732811,0.04757922,0.005092303,0.04322127,0.04347238,0.005510149,0.004761105,0.001565,0.001536,0,0,1.524e-23,1.178e-24
step143000,143000,K,u,head,1024,256-512,6291456,0.02197436,0.02222547,0.005939325,0.01607541,0.01632652,0.00326697,0.002738794,0.001565,0.001536,0,0,1.524e-23,1.178e-24
step143000,143000,K,u,head,1024,512-1024,1.258291e+07,0.03184532,0.03210895,0.008383512,0.02348692,0.02375055,0.004957755,0.00413755,0.001565,0.001536,2.247947e-06,3.746578e-07,1.524e-23,1.178e-24
step143000,143000,K,v,residual,1024,spike,786432,0.004622187,0.004891166,0.005583445,0.009773795,0.01003743,0.002248855,0.002785092,0.001565,0.001536,0,0,1.524e-23,1.178e-24
step143000,143000,K,v,residual,1024,32-64,786432,0.005950197,0.006213828,0.003618876,0.008925166,0.009194145,0.002300262,0.00260998,0.001565,0.001536,0,0,1.524e-23,1.178e-24
step143000,143000,K,v,residual,1024,64-128,1572864,0.005965346,0.006216457,0.001232783,0.006777912,0.007041765,0.002259118,0.002343314,0.001565,0.001536,0,0,1.524e-23,1.178e-24
step143000,143000,K,v,residual,1024,128-256,3145728,0.003805524,0.004074503,0.0007677078,0.003195986,0.003459616,0.002071244,0.002077466,0.001565,0.001536,0,0,1.524e-23,1.178e-24
step143000,143000,K,v,residual,1024,256-512,6291456,0.0009919252,0.001226122,0.0004638036,0.0007505874,0.001019566,0.001824901,0.00179561,0.001565,0.001536,0,0,1.524e-23,1.178e-24
step143000,143000,K,v,residual,1024,512-1024,1.258291e+07,0.001775549,0.002044528,0.0002996922,0.0019488,0.002217779,0.002017316,0.002002205,0.001565,0.001536,0,0,1.524e-23,1.178e-24
step143000,143000,V,u,head,1024,spike,786432,0.06671059,0.0669617,0.01768875,0.05132093,0.05158457,0.007935115,0.007288252,0.001565,0.001536,7.26609e-07,2.179827e-06,1.524e-23,1.178e-24
step143000,143000,V,u,head,1024,32-64,786432,0.03731464,0.03757827,0.002504985,0.03573662,0.03600026,0.005361466,0.005326589,0.001565,0.001536,0,0,1.524e-23,1.178e-24
step143000,143000,V,u,head,1024,64-128,1572864,0.02280162,0.02306525,0.0006459554,0.02291988,0.02318351,0.00397555,0.003983634,0.001565,0.001536,0,0,1.524e-23,1.178e-24
step143000,143000,V,u,head,1024,128-256,3145728,0.0141246,0.01439358,0.00343132,0.01069328,0.01096226,0.003084637,0.002547945,0.001565,0.001536,0,0,1.524e-23,1.178e-24
step143000,143000,V,u,head,1024,256-512,6291456,0.005833036,0.006102015,0.003527164,0.002375331,0.00264431,0.002317315,0.001944156,0.001565,0.001536,0,0,1.524e-23,1.178e-24
step143000,143000,V,u,head,1024,512-1024,1.258291e+07,0.007203068,0.007472047,0.001179218,0.006187644,0.006456623,0.002576794,0.002450886,0.001565,0.001536,0,0,1.524e-23,1.178e-24
step143000,143000,V,v,residual,1024,spike,786432,0.02300178,0.02325289,0.00997289,0.03212665,0.03239028,0.003444127,0.00443613,0.001565,0.001536,0,0,1.524e-23,1.178e-24
step143000,143000,V,v,residual,1024,32-64,786432,0.01988009,0.0201312,0.006144206,0.02570386,0.02595497,0.003208705,0.003691537,0.001565,0.001536,0,0,1.524e-23,1.178e-24
step143000,143000,V,v,residual,1024,64-128,1572864,0.01624924,0.01651287,0.002786636,0.01868482,0.01893593,0.002875373,0.003129777,0.001565,0.001536,0,0,1.524e-23,1.178e-24
step143000,143000,V,v,residual,1024,128-256,3145728,0.0107938,0.01104491,0.001706441,0.01237149,0.01262261,0.002427919,0.002486411,0.001565,0.001536,0,0,1.524e-23,1.178e-24
step143000,143000,V,v,residual,1024,256-512,6291456,0.004201684,0.004452795,0.0004979769,0.004557078,0.004791275,0.001958393,0.00194436,0.001565,0.001536,0,0,1.524e-23,1.178e-24
step143000,143000,V,v,residual,1024,512-1024,1.258291e+07,0.006141549,0.006410528,0.0008440812,0.006864532,0.007128163,0.002560922,0.002629428,0.001565,0.001536,3.587632e-06,4.178002e-06,1.524e-23,1.178e-24
step143000,143000,O,u,residual,1024,spike,786432,0.01406144,0.01432529,0.01492055,0.02838697,0.02865061,0.002634684,0.002823784,0.001565,0.001536,8.029029e-05,9.500413e-05,1.524e-23,1.178e-24
step143000,143000,O,u,residual,1024,32-64,786432,0.001635774,0.001899405,0.003435771,0.004728999,0.004997978,0.001909165,0.002369654,0.001565,0.001536,0,0,1.524e-23,1.178e-24
step143000,143000,O,u,residual,1024,64-128,1572864,0.0009328641,0.001147677,0.001757304,0.002583017,0.00284687,0.001832599,0.002069927,0.001565,0.001536,0,0,1.524e-23,1.178e-24
step143000,143000,O,u,residual,1024,128-256,3145728,0.0004007138,0.0005958089,0.001110077,0.001362269,0.001596466,0.001785778,0.001873834,0.001565,0.001536,0,0,1.524e-23,1.178e-24
step143000,143000,O,u,residual,1024,256-512,6291456,0.0004814109,0.0006381373,0.0003081957,0.0003338501,0.0005974806,0.001773426,0.001756963,0.001565,0.001536,0,0,1.524e-23,1.178e-24
step143000,143000,O,u,residual,1024,512-1024,1.258291e+07,0.0002563244,0.0005003702,0.0003781319,0.000603581,0.0008672115,0.001795008,0.001817794,0.001565,0.001536,0,0,1.524e-23,1.178e-24
step143000,143000,O,v,head,1024,spike,786432,0.06038593,0.06064956,0.004837036,0.05613127,0.0563949,0.007688795,0.007653736,0.001565,0.001536,5.267915e-06,5.086263e-06,1.524e-23,1.178e-24
step143000,143000,O,v,head,1024,32-64,786432,0.03946231,0.03972594,0.00413386,0.04272388,0.04298751,0.005633945,0.006084805,0.001565,0.001536,0,0,1.524e-23,1.178e-24
step143000,143000,O,v,head,1024,64-128,1572864,0.02878943,0.02905306,0.001111348,0.02892728,0.02917894,0.004488718,0.004211607,0.001565,0.001536,0,0,1.524e-23,1.178e-24
step143000,143000,O,v,head,1024,128-256,3145728,0.02022882,0.02047993,0.006232262,0.01399656,0.01424767,0.003451529,0.002796082,0.001565,0.001536,0,0,1.524e-23,1.178e-24
step143000,143000,O,v,head,1024,256-512,6291456,0.009169325,0.009432955,0.004817168,0.00463052,0.004881631,0.002523059,0.00203471,0.001565,0.001536,0,0,1.524e-23,1.178e-24
step143000,143000,O,v,head,1024,512-1024,1.258291e+07,0.01233423,0.01260321,0.003819227,0.008515006,0.008783985,0.003106197,0.002733753,0.001565,0.001536,0,0,1.524e-23,1.178e-24
step143000,143000,MLP_IN,u,hidden,4096,spike,3145728,0.01558621,0.01563853,0.02722327,0.03768085,0.03774673,0.003556479,0.00394358,0.001565,0.001558,2.960932e-05,4.750206e-05,1.524e-23,8.299e-24
step143000,143000,MLP_IN,u,hidden,4096,32-64,3145728,0.0111396,0.01120681,0.002798398,0.01380925,0.01387646,0.002955936,0.003605116,0.001565,0.001558,1.861936e-06,0,1.524e-23,8.299e-24
step143000,143000,MLP_IN,u,hidden,4096,64-128,6291456,0.01030531,0.01037119,0.001021067,0.01043563,0.01050284,0.002904324,0.003090336,0.001565,0.001558,0,0,1.524e-23,8.299e-24
step143000,143000,MLP_IN,u,hidden,4096,128-256,1.258291e+07,0.00835773,0.008424945,0.001420975,0.007090614,0.007157829,0.00273935,0.002573888,0.001565,0.001558,0,0,1.524e-23,8.299e-24
step143000,143000,MLP_IN,u,hidden,4096,256-512,2.516582e+07,0.004406101,0.004473316,0.001146833,0.003321773,0.003388988,0.002288915,0.002133829,0.001565,0.001558,0,0,1.524e-23,8.299e-24
step143000,143000,MLP_IN,u,hidden,4096,512-1024,5.033165e+07,0.003652324,0.003718255,0.003129323,0.0006502317,0.0007113071,0.002238538,0.001839416,0.001565,0.001558,5.889507e-06,0,1.524e-23,8.299e-24
step143000,143000,MLP_IN,v,residual,1024,spike,786432,0.0007412871,0.0008980136,0.01006444,0.009992395,0.01024351,0.001835959,0.002575102,0.001565,0.001536,1.453218e-06,0,1.524e-23,1.178e-24
step143000,143000,MLP_IN,v,residual,1024,32-64,786432,0.00643073,0.006669134,0.002329508,0.008747532,0.008998643,0.002219609,0.002407074,0.001565,0.001536,0,0,1.524e-23,1.178e-24
step143000,143000,MLP_IN,v,residual,1024,64-128,1572864,0.008504773,0.008768403,0.001268387,0.007388338,0.007651968,0.002286457,0.00231425,0.001565,0.001536,0,0,1.524e-23,1.178e-24
step143000,143000,MLP_IN,v,residual,1024,128-256,3145728,0.007707382,0.007941579,0.003462156,0.004400048,0.004651159,0.002231053,0.00200921,0.001565,0.001536,0,0,1.524e-23,1.178e-24
step143000,143000,MLP_IN,v,residual,1024,256-512,6291456,0.00374734,0.003962358,0.002143542,0.001917157,0.002168268,0.001938706,0.001864728,0.001565,0.001536,0,0,1.524e-23,1.178e-24
step143000,143000,MLP_IN,v,residual,1024,512-1024,1.258291e+07,0.006291356,0.006560335,0.001964808,0.00451021,0.004779189,0.002366974,0.002163047,0.001565,0.001536,1.840364e-05,9.968167e-06,1.524e-23,1.178e-24
step143000,143000,MLP_OUT,u,residual,1024,spike,786432,0.01972634,0.01998997,0.02448527,0.04373466,0.04398577,0.00283759,0.002959297,0.001565,0.001536,9.118943e-05,0.0001311529,1.524e-23,1.178e-24
step143000,143000,MLP_OUT,u,residual,1024,32-64,786432,0.003051804,0.003320782,0.004193624,0.006621465,0.006855662,0.00222851,0.00263087,0.001565,0.001536,0,0,1.524e-23,1.178e-24
step143000,143000,MLP_OUT,u,residual,1024,64-128,1572864,0.00232171,0.002585563,0.002539953,0.004699753,0.004968732,0.002002444,0.002246766,0.001565,0.001536,0,0,1.524e-23,1.178e-24
step143000,143000,MLP_OUT,u,residual,1024,128-256,3145728,0.001309758,0.001578737,0.0008522669,0.001891995,0.002155626,0.001883007,0.001934778,0.001565,0.001536,0,0,1.524e-23,1.178e-24
step143000,143000,MLP_OUT,u,residual,1024,256-512,6291456,0.0003965812,0.0005916763,0.000345389,0.0005929805,0.0008508401,0.001798539,0.001807871,0.001565,0.001536,0,0,1.524e-23,1.178e-24
step143000,143000,MLP_OUT,u,residual,1024,512-1024,1.258291e+07,0.001050625,0.001260024,0.002014319,0.00218212,0.002433231,0.001881475,0.001909063,0.001565,0.001536,0,0,1.524e-23,1.178e-24
step143000,143000,MLP_OUT,v,hidden,4096,spike,3145728,0.03860001,0.03866723,0.004508336,0.03729772,0.03736365,0.006362188,0.005239895,0.001565,0.001558,6.15347e-05,0.0001336506,1.524e-23,8.299e-24
step143000,143000,MLP_OUT,v,hidden,4096,32-64,3145728,0.0194016,0.01946881,0.0007966359,0.01994561,0.02001154,0.004435131,0.004777636,0.001565,0.001558,1.457759e-05,1.544044e-06,1.524e-23,8.299e-24
step143000,143000,MLP_OUT,v,hidden,4096,64-128,6291456,0.01240862,0.01247584,0.0005380313,0.01244518,0.01251239,0.003576983,0.00369517,0.001565,0.001558,1.385098e-06,0,1.524e-23,8.299e-24
step143000,143000,MLP_OUT,v,hidden,4096,128-256,1.258291e+07,0.007222937,0.007290152,0.0009325345,0.006498621,0.006565836,0.002784763,0.002711955,0.001565,0.001558,0,0,1.524e-23,8.299e-24
step143000,143000,MLP_OUT,v,hidden,4096,256-512,2.516582e+07,0.00414988,0.004217095,0.001801133,0.002459413,0.002526628,0.00225582,0.002082359,0.001565,0.001558,0,0,1.524e-23,8.299e-24
step143000,143000,MLP_OUT,v,hidden,4096,512-1024,5.033165e+07,0.002790397,0.002857612,0.002455513,0.0003759961,0.0004419268,0.002120171,0.001806288,0.001565,0.001558,1.362392e-06,0,1.524e-23,8.299e-24
