rev,step,M,side,class,n,band,count,ks_pt_trained,ks_exact_trained,ks_trained_vs_null,ks_pt_null,ks_exact_null,tail10_trained,tail10_null,tail10_pt,tail10_exact,tail100_trained,tail100_null,tail100_pt,tail100_exact
step0,0,Q,u,head,2048,spike,1572864,0.0005606656,0.0006924459,0.001171112,0.001324167,0.00145605,0.001738412,0.001883825,0.001565,0.001551,0,0,1.524e-23,4.426e-24
step0,0,Q,u,head,2048,32-64,1572864,0.0005507174,0.0004721343,0.00091362,0.0004907295,0.0006225098,0.001693181,0.001854851,0.001565,0.001551,0,0,1.524e-23,4.426e-24
step0,0,Q,u,head,2048,64-128,3145728,0.0003600237,0.0004575529,0.0006796519,0.0006102567,0.000742037,0.001759938,0.001841863,0.001565,0.001551,0,0,1.524e-23,4.426e-24
step0,0,Q,u,head,2048,128-256,6291456,0.0002409465,0.0003567455,0.0004226367,0.0003361603,0.0004680434,0.001745519,0.001793771,0.001565,0.001551,0,0,1.524e-23,4.426e-24
step0,0,Q,u,head,2048,256-512,1.258291e+07,0.0001519226,0.0001312374,0.0002024968,9.613781e-05,0.0002187368,0.001744361,0.001763049,0.001565,0.001551,0,0,1.524e-23,4.426e-24
step0,0,Q,u,head,2048,512-1024,2.516582e+07,0.0002058387,9.972512e-05,0.0001311302,0.000254567,0.0001227866,0.001749476,0.001761573,0.001565,0.001551,0,0,1.524e-23,4.426e-24
step0,0,Q,u,head,2048,1024-2048,5.033165e+07,0.0001619612,4.169532e-05,0.0001678864,9.745189e-05,0.000155306,0.001764187,0.001773556,0.001565,0.001551,0,0,1.524e-23,4.426e-24
step0,0,Q,v,residual,2048,spike,1572864,0.0005329549,0.0004010718,0.001265844,0.0008354644,0.0009699142,0.001726423,0.001835142,0.001565,0.001551,0,0,1.524e-23,4.426e-24
step0,0,Q,v,residual,2048,32-64,1572864,0.0005163851,0.000437802,0.001461029,0.001163278,0.001288803,0.001738866,0.001869928,0.001565,0.001551,0,0,1.524e-23,4.426e-24
step0,0,Q,v,residual,2048,64-128,3145728,0.0006715555,0.0005396724,0.001290639,0.0007281944,0.0008599747,0.001740319,0.001818566,0.001565,0.001551,0,0,1.524e-23,4.426e-24
step0,0,Q,v,residual,2048,128-256,6291456,0.0002691926,0.0003388247,0.0004645983,0.000234231,0.000351304,0.001744021,0.001820746,0.001565,0.001551,0,0,1.524e-23,4.426e-24
step0,0,Q,v,residual,2048,256-512,1.258291e+07,0.0003143702,0.0001972971,0.0003831387,0.0001044731,0.0002389229,0.001767317,0.001780919,0.001565,0.001551,0,0,1.524e-23,4.426e-24
step0,0,Q,v,residual,2048,512-1024,2.516582e+07,0.0001618925,0.000115664,0.0001414617,0.0001397593,9.07459e-05,0.001755226,0.001767454,0.001565,0.001551,0,0,1.524e-23,4.426e-24
step0,0,Q,v,residual,2048,1024-2048,5.033165e+07,0.0001608434,8.226028e-05,0.0001245936,0.0001352385,8.46944e-05,0.001760611,0.001767,0.001565,0.001551,0,0,1.524e-23,4.426e-24
step0,0,K,u,head,2048,spike,1572864,0.0003961687,0.0004126943,0.00124677,0.001125241,0.001257021,0.001786096,0.001868384,0.001565,0.001551,0,0,1.524e-23,4.426e-24
step0,0,K,u,head,2048,32-64,1572864,0.000382521,0.0003428723,0.001339595,0.001263982,0.001398432,0.001783643,0.001840228,0.001565,0.001551,0,0,1.524e-23,4.426e-24
step0,0,K,u,head,2048,64-128,3145728,0.0002520522,0.0003304021,0.0006920497,0.0005764411,0.0006935142,0.001743226,0.001836323,0.001565,0.001551,0,0,1.524e-23,4.426e-24
step0,0,K,u,head,2048,128-256,6291456,0.0002942915,0.0003227306,0.0003108978,0.0002008098,0.0003231922,0.00175442,0.001823993,0.001565,0.001551,0,0,1.524e-23,4.426e-24
step0,0,K,u,head,2048,256-512,1.258291e+07,0.0002261101,0.0001249616,0.0002863407,0.0001477933,0.0002287569,0.001764173,0.001748335,0.001565,0.001551,0,0,1.524e-23,4.426e-24
step0,0,K,u,head,2048,512-1024,2.516582e+07,0.0002548793,0.0001229962,0.0001592636,0.0001136246,0.0001406234,0.001768237,0.001768981,0.001565,0.001551,0,0,1.524e-23,4.426e-24
step0,0,K,u,head,2048,1024-2048,5.033165e+07,0.000137081,0.0001384956,9.632111e-05,9.056951e-05,0.0001325766,0.001758331,0.001764842,0.001565,0.001551,0,0,1.524e-23,4.426e-24
step0,0,K,v,residual,2048,spike,1572864,0.0004643446,0.0004810508,0.001438141,0.001110544,0.001242427,0.001743135,0.001900173,0.001565,0.001551,0,0,1.524e-23,4.426e-24
step0,0,K,v,residual,2048,32-64,1572864,0.0004286794,0.0003670349,0.0008474986,0.0005951285,0.0007026158,0.001785006,0.001819792,0.001565,0.001551,0,0,1.524e-23,4.426e-24
step0,0,K,v,residual,2048,64-128,3145728,0.0006557061,0.0005386331,0.00127093,0.0006676077,0.000775095,0.001762299,0.001841999,0.001565,0.001551,0,0,1.524e-23,4.426e-24
step0,0,K,v,residual,2048,128-256,6291456,0.0004052503,0.0002923724,0.0006891886,0.000485851,0.0006113765,0.001741932,0.001791999,0.001565,0.001551,0,0,1.524e-23,4.426e-24
step0,0,K,v,residual,2048,256-512,1.258291e+07,0.000239406,0.0001049562,0.0004305045,0.0001910985,0.0003255483,0.001767647,0.001783973,0.001565,0.001551,0,0,1.524e-23,4.426e-24
step0,0,K,v,residual,2048,512-1024,2.516582e+07,0.0001239875,0.0001711763,0.0001744827,0.0002084239,0.0001429679,0.001764093,0.001761913,0.001565,0.001551,0,0,1.524e-23,4.426e-24
step0,0,K,v,residual,2048,1024-2048,5.033165e+07,0.0002498185,0.0001228931,0.0002682209,7.565413e-05,0.0001831414,0.001756716,0.001765884,0.001565,0.001551,0,0,1.524e-23,4.426e-24
step0,0,V,u,head,2048,spike,1572864,0.0005080262,0.0004296763,0.001080195,0.001074519,0.001208969,0.001760119,0.001850855,0.001565,0.001551,0,0,1.524e-23,4.426e-24
step0,0,V,u,head,2048,32-64,1572864,0.0006680028,0.0007935283,0.0007368724,0.001159714,0.001294163,0.001787095,0.001915341,0.001565,0.001551,0,0,1.524e-23,4.426e-24
step0,0,V,u,head,2048,64-128,3145728,0.0004198989,0.0003124116,0.001097997,0.000695717,0.0008201874,0.001763571,0.001850401,0.001565,0.001551,0,0,1.524e-23,4.426e-24
step0,0,V,u,head,2048,128-256,6291456,0.000186382,0.0001858788,0.0002851486,0.0001843798,0.0003017862,0.001754397,0.001775515,0.001565,0.001551,0,0,1.524e-23,4.426e-24
step0,0,V,u,head,2048,256-512,1.258291e+07,0.0001981616,0.0001289806,0.0001793702,0.0001017515,0.0001297337,0.001760301,0.001757293,0.001565,0.001551,0,0,1.524e-23,4.426e-24
step0,0,V,u,head,2048,512-1024,2.516582e+07,0.0001439691,0.0001258333,0.0001023213,0.0001308083,8.122018e-05,0.001755675,0.001760295,0.001565,0.001551,0,0,1.524e-23,4.426e-24
step0,0,V,u,head,2048,1024-2048,5.033165e+07,0.0001213415,0.0001194439,0.0001448989,9.402275e-05,0.0001642382,0.00176182,0.001768884,0.001565,0.001551,0,0,1.524e-23,4.426e-24
step0,0,V,v,residual,2048,spike,1572864,0.0004951043,0.0003975751,0.001025518,0.0008040965,0.0009359796,0.001761845,0.00185694,0.001565,0.001551,0,0,1.524e-23,4.426e-24
step0,0,V,v,residual,2048,32-64,1572864,0.0006801189,0.000812002,0.0009307861,0.0006245538,0.0007122637,0.001777467,0.001821609,0.001565,0.001551,0,0,1.524e-23,4.426e-24
step0,0,V,v,residual,2048,64-128,3145728,0.0003937348,0.0003393227,0.0007031759,0.0006585762,0.0007903565,0.001774833,0.001823516,0.001565,0.001551,0,0,1.524e-23,4.426e-24
step0,0,V,v,residual,2048,128-256,6291456,0.000459363,0.0003274799,0.0006014506,0.0001667313,0.0002739707,0.001761414,0.001819588,0.001565,0.001551,0,0,1.524e-23,4.426e-24
step0,0,V,v,residual,2048,256-512,1.258291e+07,0.0002721611,0.0001466356,0.0002365112,0.0002735276,0.0002038954,0.001755124,0.001769463,0.001565,0.001551,0,0,1.524e-23,4.426e-24
step0,0,V,v,residual,2048,512-1024,2.516582e+07,0.0001900657,8.54054e-05,0.000138402,0.0001356306,8.821107e-05,0.001760216,0.001760795,0.001565,0.001551,0,0,1.524e-23,4.426e-24
step0,0,V,v,residual,2048,1024-2048,5.033165e+07,0.0002053135,8.824049e-05,0.0002374848,8.821766e-05,0.0001795768,0.001762853,0.001771189,0.001565,0.001551,0,0,1.524e-23,4.426e-24
step0,0,O,u,residual,2048,spike,1572864,0.0003562236,0.0003018115,0.0009784698,0.0007776015,0.0008236941,0.001790183,0.001881554,0.001565,0.001551,0,0,1.524e-23,4.426e-24
step0,0,O,u,residual,2048,32-64,1572864,0.0004635617,0.0004351226,0.0009009043,0.0005116002,0.0006371257,0.001833689,0.001839865,0.001565,0.001551,0,0,1.524e-23,4.426e-24
step0,0,O,u,residual,2048,64-128,3145728,0.0003267467,0.0003447014,0.0009492238,0.0006296481,0.0007614284,0.00172447,0.001838412,0.001565,0.001551,0,0,1.524e-23,4.426e-24
step0,0,O,u,residual,2048,128-256,6291456,0.0005230263,0.000391246,0.0008581479,0.0004123409,0.0005198282,0.001754738,0.001790092,0.001565,0.001551,0,0,1.524e-23,4.426e-24
step0,0,O,u,residual,2048,256-512,1.258291e+07,0.0003586709,0.0002267878,0.0002710025,0.0001984619,0.0001890367,0.001744747,0.001770939,0.001565,0.001551,0,0,1.524e-23,4.426e-24
step0,0,O,u,residual,2048,512-1024,2.516582e+07,0.0002128962,0.000115367,0.0002115965,0.000137379,0.0001346031,0.001763588,0.001760699,0.001565,0.001551,0,0,1.524e-23,4.426e-24
step0,0,O,u,residual,2048,1024-2048,5.033165e+07,0.0001942181,9.982548e-05,0.0002198418,7.24497e-05,0.0001606225,0.001755334,0.001770854,0.001565,0.001551,0,0,1.524e-23,4.426e-24
step0,0,O,v,head,2048,spike,1572864,0.0004362445,0.0005245921,0.0007667542,0.0008780619,0.001012512,0.001705715,0.001876286,0.001565,0.001551,0,0,1.524e-23,4.426e-24
step0,0,O,v,head,2048,32-64,1572864,0.0008412356,0.0007094553,0.001562119,0.00078753,0.0009130555,0.001753852,0.001839502,0.001565,0.001551,0,0,1.524e-23,4.426e-24
step0,0,O,v,head,2048,64-128,3145728,0.0003915474,0.0005233277,0.0007775625,0.0006546514,0.0007801768,0.00177061,0.001852898,0.001565,0.001551,0,0,1.524e-23,4.426e-24
step0,0,O,v,head,2048,128-256,6291456,0.0003769632,0.0002892533,0.000670433,0.0003555822,0.0004770745,0.001773721,0.001801831,0.001565,0.001551,0,0,1.524e-23,4.426e-24
step0,0,O,v,head,2048,256-512,1.258291e+07,0.000286833,0.0001631238,0.000462691,0.0002613681,0.0003837505,0.001747563,0.001786221,0.001565,0.001551,0,0,1.524e-23,4.426e-24
step0,0,O,v,head,2048,512-1024,2.516582e+07,0.0002305968,0.000109718,0.0002073447,0.000157181,0.0001578211,0.001757139,0.001766052,0.001565,0.001551,0,0,1.524e-23,4.426e-24
step0,0,O,v,head,2048,1024-2048,5.033165e+07,0.0001908481,5.639829e-05,0.0001663963,0.0001309269,0.000109998,0.001756643,0.00177214,0.001565,0.001551,0,0,1.524e-23,4.426e-24
step0,0,MLP_IN,u,hidden,8192,spike,6291456,0.0002863073,0.0002549315,0.0009010633,0.0006201113,0.0006530499,0.001767772,0.001806327,0.001565,0.001562,0,0,1.524e-23,1.127e-23
step0,0,MLP_IN,u,hidden,8192,32-64,6291456,0.0001517189,0.0001553725,0.0005749067,0.0004481809,0.0004795566,0.001775787,0.001809574,0.001565,0.001562,0,0,1.524e-23,1.127e-23
step0,0,MLP_IN,u,hidden,8192,64-128,1.258291e+07,0.0001783616,0.000207625,0.000260671,0.0003060834,0.0003390649,0.001781634,0.001824822,0.001565,0.001562,0,0,1.524e-23,1.127e-23
step0,0,MLP_IN,u,hidden,8192,128-256,2.516582e+07,0.000193924,0.0001742831,0.0004021327,0.0003353203,0.0003682589,0.001761516,0.001810375,0.001565,0.001562,0,0,1.524e-23,1.127e-23
step0,0,MLP_IN,u,hidden,8192,256-512,5.033165e+07,6.326676e-05,9.335827e-05,0.0002264579,0.0002281802,0.0002595559,0.001778813,0.00179689,0.001565,0.001562,0,0,1.524e-23,1.127e-23
step0,0,MLP_IN,u,hidden,8192,512-1024,1.006633e+08,6.146777e-05,6.733821e-05,0.0001304249,9.965493e-05,0.0001265227,0.001768992,0.00178388,0.001565,0.001562,0,0,1.524e-23,1.127e-23
step0,0,MLP_IN,u,hidden,8192,1024-2048,2.013266e+08,7.613329e-05,4.554592e-05,6.219248e-05,4.435217e-05,5.082812e-05,0.001769033,0.00177269,0.001565,0.001562,0,0,1.524e-23,1.127e-23
step0,0,MLP_IN,v,residual,2048,spike,1572864,0.0006266617,0.0005042792,0.001529058,0.001125241,0.001257021,0.00174041,0.001867476,0.001565,0.001551,0,0,1.524e-23,4.426e-24
step0,0,MLP_IN,v,residual,2048,32-64,1572864,0.000874873,0.0008117094,0.001413345,0.0005472239,0.000601636,0.001748948,0.001812526,0.001565,0.001551,0,0,1.524e-23,4.426e-24
step0,0,MLP_IN,v,residual,2048,64-128,3145728,0.0003055294,0.0004130167,0.0003401438,0.0004054607,0.0005373437,0.001787367,0.001816659,0.001565,0.001551,0,0,1.524e-23,4.426e-24
step0,0,MLP_IN,v,residual,2048,128-256,6291456,0.0002241883,0.0001762681,0.0007138252,0.0005420165,0.0006395457,0.001770247,0.001818225,0.001565,0.001551,0,0,1.524e-23,4.426e-24
step0,0,MLP_IN,v,residual,2048,256-512,1.258291e+07,0.0001686596,8.734222e-05,0.0003673236,0.0002494769,0.0003470061,0.001752399,0.001776116,0.001565,0.001551,0,0,1.524e-23,4.426e-24
step0,0,MLP_IN,v,residual,2048,512-1024,2.516582e+07,0.0002437893,0.0001182638,0.0002266566,0.0001785142,0.0001083928,0.001764297,0.001762714,0.001565,0.001551,0,0,1.524e-23,4.426e-24
step0,0,MLP_IN,v,residual,2048,1024-2048,5.033165e+07,0.0001400153,0.0001027069,0.0001987616,7.095386e-05,0.0002027342,0.001764414,0.00177734,0.001565,0.001551,0,0,1.524e-23,4.426e-24
step0,0,MLP_OUT,u,residual,2048,spike,1572864,0.0006540003,0.0005316178,0.001022339,0.0006509468,0.0007827271,0.001720338,0.001808439,0.001565,0.001551,0,0,1.524e-23,4.426e-24
step0,0,MLP_OUT,u,residual,2048,32-64,1572864,0.0003572642,0.0003596029,0.0008144379,0.0005077518,0.0005916234,0.001796904,0.001817522,0.001565,0.001551,0,0,1.524e-23,4.426e-24
step0,0,MLP_OUT,u,residual,2048,64-128,3145728,0.0003600219,0.0002317802,0.0008951823,0.0007260997,0.000833587,0.00175912,0.001800764,0.001565,0.001551,0,0,1.524e-23,4.426e-24
step0,0,MLP_OUT,u,residual,2048,128-256,6291456,0.0001771684,0.0001958551,0.0003121694,0.0002969078,0.0003585523,0.001762799,0.001805169,0.001565,0.001551,0,0,1.524e-23,4.426e-24
step0,0,MLP_OUT,u,residual,2048,256-512,1.258291e+07,0.0003482735,0.0002605636,0.0005141099,0.0001658364,0.0002907901,0.001757497,0.001782837,0.001565,0.001551,0,0,1.524e-23,4.426e-24
step0,0,MLP_OUT,u,residual,2048,512-1024,2.516582e+07,0.0001800214,9.278723e-05,0.0001208782,0.0001356357,9.396466e-05,0.001760744,0.001759041,0.001565,0.001551,0,0,1.524e-23,4.426e-24
step0,0,MLP_OUT,u,residual,2048,1024-2048,5.033165e+07,0.0001426891,0.0001243578,0.0001722773,0.0001146216,0.0001633248,0.001768541,0.001776814,0.001565,0.001551,0,0,1.524e-23,4.426e-24
step0,0,MLP_OUT,v,hidden,8192,spike,6291456,0.0002463302,0.0002310051,0.001083056,0.0008845787,0.0009181837,0.001775515,0.001821109,0.001565,0.001562,0,0,1.524e-23,1.127e-23
step0,0,MLP_OUT,v,hidden,8192,32-64,6291456,0.0002046864,0.0002353405,0.0006912549,0.0006023944,0.0006353571,0.001784166,0.001827058,0.001565,0.001562,0,0,1.524e-23,1.127e-23
step0,0,MLP_OUT,v,hidden,8192,64-128,1.258291e+07,0.0001317776,0.0001561565,0.0004470348,0.0004197419,0.0004533469,0.001789218,0.001803841,0.001565,0.001562,0,0,1.524e-23,1.127e-23
step0,0,MLP_OUT,v,hidden,8192,128-256,2.516582e+07,8.261239e-05,9.779325e-05,0.0003201167,0.0003475683,0.000378944,0.001779079,0.001802558,0.001565,0.001562,0,0,1.524e-23,1.127e-23
step0,0,MLP_OUT,v,hidden,8192,256-512,5.033165e+07,0.0001624961,0.0001288911,0.0003418525,0.0002204395,0.0002510269,0.001768351,0.001796348,0.001565,0.001562,0,0,1.524e-23,1.127e-23
step0,0,MLP_OUT,v,hidden,8192,512-1024,1.006633e+08,3.357097e-05,6.418563e-05,7.031361e-05,5.507066e-05,8.193841e-05,0.001773491,0.001778956,0.001565,0.001562,0,0,1.524e-23,1.127e-23
step0,0,MLP_OUT,v,hidden,8192,1024-2048,2.013266e+08,8.427993e-05,5.067492e-05,3.395975e-05,7.74701e-05,4.386509e-05,0.001771073,0.001770259,0.001565,0.001562,0,0,1.524e-23,1.127e-23
step1,1,Q,u,head,2048,spike,1572864,0.0005606656,0.0006924459,0.0008850098,0.001118173,0.001250056,0.001738412,0.001916613,0.001565,0.001551,0,0,1.524e-23,4.426e-24
step1,1,Q,u,head,2048,32-64,1572864,0.0005507174,0.0004721343,0.001269658,0.0007850231,0.0009169061,0.001693181,0.001836232,0.001565,0.001551,0,0,1.524e-23,4.426e-24
step1,1,Q,u,head,2048,64-128,3145728,0.0003600237,0.0004575529,0.0009886424,0.0009122536,0.001044034,0.001759938,0.001834143,0.001565,0.001551,0,0,1.524e-23,4.426e-24
step1,1,Q,u,head,2048,128-256,6291456,0.0002409465,0.0003567455,0.0004251798,0.0004109786,0.0005280517,0.001745519,0.001808507,0.001565,0.001551,0,0,1.524e-23,4.426e-24
step1,1,Q,u,head,2048,256-512,1.258291e+07,0.0001519226,0.0001312374,0.0001954238,0.000140537,0.0002543915,0.001744361,0.001768555,0.001565,0.001551,0,0,1.524e-23,4.426e-24
step1,1,Q,u,head,2048,512-1024,2.516582e+07,0.0002058387,9.972512e-05,0.0002616644,0.0001094559,0.0001852852,0.001749476,0.001776888,0.001565,0.001551,0,0,1.524e-23,4.426e-24
step1,1,Q,u,head,2048,1024-2048,5.033165e+07,0.0001619612,4.169532e-05,0.0001802444,7.080063e-05,0.0001557942,0.001764187,0.001768876,0.001565,0.001551,0,0,1.524e-23,4.426e-24
step1,1,Q,v,residual,2048,spike,1572864,0.0005329549,0.0004010718,0.001649221,0.001116266,0.001248149,0.001726423,0.001876922,0.001565,0.001551,0,0,1.524e-23,4.426e-24
step1,1,Q,v,residual,2048,32-64,1572864,0.0005163851,0.000437802,0.0008958181,0.0006319619,0.0007382152,0.001738866,0.001823244,0.001565,0.001551,0,0,1.524e-23,4.426e-24
step1,1,Q,v,residual,2048,64-128,3145728,0.0006715555,0.0005396724,0.001462619,0.0008259177,0.0009334049,0.001740319,0.001825514,0.001565,0.001551,0,0,1.524e-23,4.426e-24
step1,1,Q,v,residual,2048,128-256,6291456,0.0002691926,0.0003388247,0.0003921191,0.000297699,0.0004023593,0.001744021,0.001805237,0.001565,0.001551,0,0,1.524e-23,4.426e-24
step1,1,Q,v,residual,2048,256-512,1.258291e+07,0.0003143702,0.0001972971,0.0004092058,0.0001514074,0.0002489366,0.001767317,0.001769872,0.001565,0.001551,0,0,1.524e-23,4.426e-24
step1,1,Q,v,residual,2048,512-1024,2.516582e+07,0.0001618925,0.000115664,0.000150005,0.0002327303,9.828049e-05,0.001755226,0.001766318,0.001565,0.001551,0,0,1.524e-23,4.426e-24
step1,1,Q,v,residual,2048,1024-2048,5.033165e+07,0.0001608434,8.226028e-05,0.0001360178,8.664494e-05,0.0001591718,0.001760611,0.001775708,0.001565,0.001551,0,0,1.524e-23,4.426e-24
step1,1,K,u,head,2048,spike,1572864,0.0003961687,0.0004126943,0.00142924,0.001216794,0.001348574,0.001786096,0.001871654,0.001565,0.001551,0,0,1.524e-23,4.426e-24
step1,1,K,u,head,2048,32-64,1572864,0.000382521,0.0003428723,0.001025518,0.0008906369,0.001022417,0.001783643,0.001846041,0.001565,0.001551,0,0,1.524e-23,4.426e-24
step1,1,K,u,head,2048,64-128,3145728,0.0002520522,0.0003304021,0.0009473165,0.0007645747,0.0008990244,0.001743226,0.001833916,0.001565,0.001551,0,0,1.524e-23,4.426e-24
step1,1,K,u,head,2048,128-256,6291456,0.0002942915,0.0003227306,0.0004347165,0.0003210154,0.0004380884,0.00175442,0.001791591,0.001565,0.001551,0,0,1.524e-23,4.426e-24
step1,1,K,u,head,2048,256-512,1.258291e+07,0.0002261101,0.0001249616,0.0002036095,0.0002223316,0.0002143686,0.001764173,0.001777286,0.001565,0.001551,0,0,1.524e-23,4.426e-24
step1,1,K,u,head,2048,512-1024,2.516582e+07,0.0002548793,0.0001229962,0.0001231035,0.0001730278,8.336467e-05,0.001768237,0.001758382,0.001565,0.001551,0,0,1.524e-23,4.426e-24
step1,1,K,u,head,2048,1024-2048,5.033165e+07,0.000137081,0.0001384956,0.0001308123,7.198886e-05,0.0001413302,0.001758331,0.001772793,0.001565,0.001551,0,0,1.524e-23,4.426e-24
step1,1,K,v,residual,2048,spike,1572864,0.0004643446,0.0004810508,0.0006599426,0.0004986243,0.0005961535,0.001743135,0.001832417,0.001565,0.001551,0,0,1.524e-23,4.426e-24
step1,1,K,v,residual,2048,32-64,1572864,0.0004286794,0.0003670349,0.001024246,0.0008125662,0.0009200535,0.001785006,0.001856486,0.001565,0.001551,0,0,1.524e-23,4.426e-24
step1,1,K,v,residual,2048,64-128,3145728,0.0006557061,0.0005386331,0.001318614,0.0008999964,0.001034446,0.001762299,0.001819838,0.001565,0.001551,0,0,1.524e-23,4.426e-24
step1,1,K,v,residual,2048,128-256,6291456,0.0004052503,0.0002923724,0.0007015864,0.0003197039,0.0004514842,0.001741932,0.001800969,0.001565,0.001551,0,0,1.524e-23,4.426e-24
step1,1,K,v,residual,2048,256-512,1.258291e+07,0.000239406,0.0001049562,0.0002597968,0.0001774986,0.0002849859,0.001767647,0.001785596,0.001565,0.001551,0,0,1.524e-23,4.426e-24
step1,1,K,v,residual,2048,512-1024,2.516582e+07,0.0001239875,0.0001711763,0.0002131859,0.0001835977,9.0668e-05,0.001764093,0.001759382,0.001565,0.001551,0,0,1.524e-23,4.426e-24
step1,1,K,v,residual,2048,1024-2048,5.033165e+07,0.0002498185,0.0001228931,0.000199914,7.424151e-05,9.897965e-05,0.001756716,0.001770613,0.001565,0.001551,0,0,1.524e-23,4.426e-24
step1,1,V,u,head,2048,spike,1572864,0.0005080262,0.0004296763,0.001012166,0.001122624,0.001254507,0.001760119,0.001856395,0.001565,0.001551,0,0,1.524e-23,4.426e-24
step1,1,V,u,head,2048,32-64,1572864,0.0006680028,0.0007935283,0.0009479523,0.001190607,0.00130768,0.001787095,0.001806622,0.001565,0.001551,0,0,1.524e-23,4.426e-24
step1,1,V,u,head,2048,64-128,3145728,0.0004198989,0.0003124116,0.0007441839,0.0005204922,0.0006375653,0.001763571,0.001832553,0.001565,0.001551,0,0,1.524e-23,4.426e-24
step1,1,V,u,head,2048,128-256,6291456,0.000186382,0.0001858788,0.0003199577,0.0002856371,0.0003831663,0.001754397,0.001810937,0.001565,0.001551,0,0,1.524e-23,4.426e-24
step1,1,V,u,head,2048,256-512,1.258291e+07,0.0001981616,0.0001289806,0.0001256466,0.0001436897,0.0001829454,0.001760301,0.001772642,0.001565,0.001551,0,0,1.524e-23,4.426e-24
step1,1,V,u,head,2048,512-1024,2.516582e+07,0.0001439691,0.0001258333,0.0002052784,0.0002113282,7.944512e-05,0.001755675,0.001760801,0.001565,0.001551,0,0,1.524e-23,4.426e-24
step1,1,V,u,head,2048,1024-2048,5.033165e+07,0.0001213415,0.0001194439,0.0001369516,5.209513e-05,0.0001671592,0.00176182,0.001766372,0.001565,0.001551,0,0,1.524e-23,4.426e-24
step1,1,V,v,residual,2048,spike,1572864,0.0004951043,0.0003975751,0.001227061,0.001356171,0.00149062,0.001761845,0.001902717,0.001565,0.001551,0,0,1.524e-23,4.426e-24
step1,1,V,v,residual,2048,32-64,1572864,0.0006801189,0.000812002,0.001114527,0.0009407735,0.0009951856,0.001777467,0.001894179,0.001565,0.001551,0,0,1.524e-23,4.426e-24
step1,1,V,v,residual,2048,64-128,3145728,0.0003937348,0.0003393227,0.0006809235,0.0004403254,0.0005747752,0.001774833,0.001804079,0.001565,0.001551,0,0,1.524e-23,4.426e-24
step1,1,V,v,residual,2048,128-256,6291456,0.000459363,0.0003274799,0.0007096926,0.0004260785,0.0005431515,0.001761414,0.001822835,0.001565,0.001551,0,0,1.524e-23,4.426e-24
step1,1,V,v,residual,2048,256-512,1.258291e+07,0.0002721611,0.0001466356,0.0002132257,0.0002134109,0.0001589988,0.001755124,0.00175945,0.001565,0.001551,0,0,1.524e-23,4.426e-24
step1,1,V,v,residual,2048,512-1024,2.516582e+07,0.0001900657,8.54054e-05,0.0001606146,0.0002085123,0.0001051303,0.001760216,0.001758229,0.001565,0.001551,0,0,1.524e-23,4.426e-24
step1,1,V,v,residual,2048,1024-2048,5.033165e+07,0.0002053135,8.824049e-05,0.00017639,0.0001013099,0.0001298662,0.001762853,0.001775248,0.001565,0.001551,0,0,1.524e-23,4.426e-24
step1,1,O,u,residual,2048,spike,1572864,0.0003562236,0.0003018115,0.0008335114,0.0009071328,0.0009857159,0.001790183,0.001895814,0.001565,0.001551,0,0,1.524e-23,4.426e-24
step1,1,O,u,residual,2048,32-64,1572864,0.0004635617,0.0004351226,0.001029332,0.0008086209,0.0009404013,0.001833689,0.001781373,0.001565,0.001551,0,0,1.524e-23,4.426e-24
step1,1,O,u,residual,2048,64-128,3145728,0.0003267467,0.0003447014,0.000834465,0.0005085314,0.0006421681,0.00172447,0.001833779,0.001565,0.001551,0,0,1.524e-23,4.426e-24
step1,1,O,u,residual,2048,128-256,6291456,0.0005230263,0.000391246,0.0009125074,0.0004295171,0.0005639669,0.001754738,0.001780805,0.001565,0.001551,0,0,1.524e-23,4.426e-24
step1,1,O,u,residual,2048,256-512,1.258291e+07,0.0003586709,0.0002267878,0.0003385544,0.0002038432,0.0002173128,0.001744747,0.001773414,0.001565,0.001551,0,0,1.524e-23,4.426e-24
step1,1,O,u,residual,2048,512-1024,2.516582e+07,0.0002128962,0.000115367,0.0001846949,0.0001770198,7.322794e-05,0.001763588,0.001754011,0.001565,0.001551,0,0,1.524e-23,4.426e-24
step1,1,O,u,residual,2048,1024-2048,5.033165e+07,0.0001942181,9.982548e-05,0.000157098,0.000109742,0.0001195376,0.001755334,0.001771694,0.001565,0.001551,0,0,1.524e-23,4.426e-24
step1,1,O,v,head,2048,spike,1572864,0.0004362445,0.0005245921,0.0005302429,0.0005736964,0.0006960789,0.001705715,0.001845769,0.001565,0.001551,0,0,1.524e-23,4.426e-24
step1,1,O,v,head,2048,32-64,1572864,0.0008412356,0.0007094553,0.001492182,0.0007742147,0.0009060978,0.001753852,0.001857031,0.001565,0.001551,0,0,1.524e-23,4.426e-24
step1,1,O,v,head,2048,64-128,3145728,0.0003915474,0.0005233277,0.0006189346,0.000449083,0.0005714654,0.00177061,0.001809711,0.001565,0.001551,0,0,1.524e-23,4.426e-24
step1,1,O,v,head,2048,128-256,6291456,0.0003769632,0.0002892533,0.0004526774,0.000164965,0.0002365825,0.001773721,0.001806713,0.001565,0.001551,0,0,1.524e-23,4.426e-24
step1,1,O,v,head,2048,256-512,1.258291e+07,0.000286833,0.0001631238,0.0003539721,0.0001583599,0.0001908483,0.001747563,0.001778183,0.001565,0.001551,0,0,1.524e-23,4.426e-24
step1,1,O,v,head,2048,512-1024,2.516582e+07,0.0002305968,0.000109718,0.0001805226,0.0002165575,9.612872e-05,0.001757139,0.001757917,0.001565,0.001551,0,0,1.524e-23,4.426e-24
step1,1,O,v,head,2048,1024-2048,5.033165e+07,0.0001908481,5.639829e-05,0.0001700918,5.783704e-05,0.0001136935,0.001756643,0.001766997,0.001565,0.001551,0,0,1.524e-23,4.426e-24
step1,1,MLP_IN,u,hidden,8192,spike,6291456,0.0002863073,0.0002549315,0.0007532438,0.0004722918,0.0005052303,0.001767772,0.001833961,0.001565,0.001562,0,0,1.524e-23,1.127e-23
step1,1,MLP_IN,u,hidden,8192,32-64,6291456,0.0001517189,0.0001553725,0.0002697309,0.0002829847,0.0003135721,0.001775787,0.001811868,0.001565,0.001562,0,0,1.524e-23,1.127e-23
step1,1,MLP_IN,u,hidden,8192,64-128,1.258291e+07,0.0001783616,0.000207625,0.0005323887,0.0005628909,0.0005958294,0.001781634,0.001826071,0.001565,0.001562,0,0,1.524e-23,1.127e-23
step1,1,MLP_IN,u,hidden,8192,128-256,2.516582e+07,0.000193924,0.0001742831,0.0003831784,0.0003234108,0.0003502785,0.001761516,0.001812838,0.001565,0.001562,0,0,1.524e-23,1.127e-23
step1,1,MLP_IN,u,hidden,8192,256-512,5.033165e+07,6.326676e-05,9.335827e-05,0.0002964536,0.0002900804,0.0003230189,0.001778813,0.001797909,0.001565,0.001562,0,0,1.524e-23,1.127e-23
step1,1,MLP_IN,u,hidden,8192,512-1024,1.006633e+08,6.146777e-05,6.733821e-05,0.0001373291,9.599775e-05,0.0001289363,0.001768992,0.001776311,0.001565,0.001562,0,0,1.524e-23,1.127e-23
step1,1,MLP_IN,u,hidden,8192,1024-2048,2.013266e+08,7.613329e-05,4.554592e-05,7.564823e-05,3.738665e-05,6.665011e-05,0.001769033,0.00177537,0.001565,0.001562,0,0,1.524e-23,1.127e-23
step1,1,MLP_IN,v,residual,2048,spike,1572864,0.0006266617,0.0005042792,0.001301448,0.0007834995,0.0008863526,0.00174041,0.001884733,0.001565,0.001551,0,0,1.524e-23,4.426e-24
step1,1,MLP_IN,v,residual,2048,32-64,1572864,0.000874873,0.0008117094,0.0008640289,0.000286943,0.0003578424,0.001748948,0.001813616,0.001565,0.001551,0,0,1.524e-23,4.426e-24
step1,1,MLP_IN,v,residual,2048,64-128,3145728,0.0003055294,0.0004130167,0.0003643036,0.000413797,0.0005361795,0.001787367,0.001827512,0.001565,0.001551,0,0,1.524e-23,4.426e-24
step1,1,MLP_IN,v,residual,2048,128-256,6291456,0.0002241883,0.0001762681,0.0004817645,0.000361699,0.0004580298,0.001770247,0.001782485,0.001565,0.001551,0,0,1.524e-23,4.426e-24
step1,1,MLP_IN,v,residual,2048,256-512,1.258291e+07,0.0001686596,8.734222e-05,0.0003798803,0.0002549391,0.0003868222,0.001752399,0.001786618,0.001565,0.001551,0,0,1.524e-23,4.426e-24
step1,1,MLP_IN,v,residual,2048,512-1024,2.516582e+07,0.0002437893,0.0001182638,0.000213027,0.0002358936,0.0001135111,0.001764297,0.001764877,0.001565,0.001551,0,0,1.524e-23,4.426e-24
step1,1,MLP_IN,v,residual,2048,1024-2048,5.033165e+07,0.0001400153,0.0001027069,0.0002002319,8.918876e-05,0.0001926737,0.001764414,0.001775092,0.001565,0.001551,0,0,1.524e-23,4.426e-24
step1,1,MLP_OUT,u,residual,2048,spike,1572864,0.0006540003,0.0005316178,0.0009841919,0.0006703291,0.0005853058,0.001720338,0.001831146,0.001565,0.001551,0,0,1.524e-23,4.426e-24
step1,1,MLP_OUT,u,residual,2048,32-64,1572864,0.0003572642,0.0003596029,0.0008576711,0.000569832,0.0006673612,0.001796904,0.001835233,0.001565,0.001551,0,0,1.524e-23,4.426e-24
step1,1,MLP_OUT,u,residual,2048,64-128,3145728,0.0003600219,0.0002317802,0.0006071726,0.000361027,0.0004834095,0.00175912,0.001809166,0.001565,0.001551,0,0,1.524e-23,4.426e-24
step1,1,MLP_OUT,u,residual,2048,128-256,6291456,0.0001771684,0.0001958551,0.0005880992,0.0004621165,0.000584499,0.001762799,0.001817431,0.001565,0.001551,0,0,1.524e-23,4.426e-24
step1,1,MLP_OUT,u,residual,2048,256-512,1.258291e+07,0.0003482735,0.0002605636,0.0003522237,0.0001080865,0.0002057032,0.001757497,0.001782985,0.001565,0.001551,0,0,1.524e-23,4.426e-24
step1,1,MLP_OUT,u,residual,2048,512-1024,2.516582e+07,0.0001800214,9.278723e-05,0.0001806021,0.0001541558,0.0001869958,0.001760744,0.00175807,0.001565,0.001551,0,0,1.524e-23,4.426e-24
step1,1,MLP_OUT,u,residual,2048,1024-2048,5.033165e+07,0.0001426891,0.0001243578,0.0002653003,0.0001726991,0.0002897722,0.001768541,0.001773854,0.001565,0.001551,0,0,1.524e-23,4.426e-24
step1,1,MLP_OUT,v,hidden,8192,spike,6291456,0.0002463302,0.0002310051,0.000819842,0.0006457016,0.0006786401,0.001775515,0.001844792,0.001565,0.001562,0,0,1.524e-23,1.127e-23
step1,1,MLP_OUT,v,hidden,8192,32-64,6291456,0.0002046864,0.0002353405,0.0007038116,0.0006149511,0.0006479138,0.001784166,0.001847562,0.001565,0.001562,0,0,1.524e-23,1.127e-23
step1,1,MLP_OUT,v,hidden,8192,64-128,1.258291e+07,0.0001317776,0.0001561565,0.000507911,0.0004923984,0.000525337,0.001789218,0.001819917,0.001565,0.001562,0,0,1.524e-23,1.127e-23
step1,1,MLP_OUT,v,hidden,8192,128-256,2.516582e+07,8.261239e-05,9.779325e-05,0.0003728867,0.0003825987,0.0004045232,0.001779079,0.001802365,0.001565,0.001562,0,0,1.524e-23,1.127e-23
step1,1,MLP_OUT,v,hidden,8192,256-512,5.033165e+07,0.0001624961,0.0001288911,0.0003203352,0.0001744744,0.0001988533,0.001768351,0.001793197,0.001565,0.001562,0,0,1.524e-23,1.127e-23
step1,1,MLP_OUT,v,hidden,8192,512-1024,1.006633e+08,3.357097e-05,6.418563e-05,0.0001087387,0.0001168991,0.0001498376,0.001773491,0.001781711,0.001565,0.001562,0,0,1.524e-23,1.127e-23
step1,1,MLP_OUT,v,hidden,8192,1024-2048,2.013266e+08,8.427993e-05,5.067492e-05,0.0001007964,4.524624e-05,6.773264e-05,0.001771073,0.001775722,0.001565,0.001562,0,0,1.524e-23,1.127e-23
step2,2,Q,u,head,2048,spike,1572864,0.0005600298,0.0006918102,0.0007184347,0.000874883,0.001009333,0.001738412,0.001878829,0.001565,0.001551,0,0,1.524e-23,4.426e-24
step2,2,Q,u,head,2048,32-64,1572864,0.0005475385,0.0004689553,0.0009078979,0.0009000546,0.001017128,0.001693635,0.001820156,0.001565,0.001551,0,0,1.524e-23,4.426e-24
step2,2,Q,u,head,2048,64-128,3145728,0.0003587521,0.0004562813,0.0005985896,0.0005040729,0.0005917829,0.001759938,0.001825605,0.001565,0.001551,0,0,1.524e-23,4.426e-24
step2,2,Q,u,head,2048,128-256,6291456,0.0002417413,0.0003588117,0.0002535184,0.0001472967,0.0002728221,0.001745655,0.001808008,0.001565,0.001551,0,0,1.524e-23,4.426e-24
step2,2,Q,u,head,2048,256-512,1.258291e+07,0.0001524789,0.0001305222,0.0002710025,0.0001185236,0.0002136112,0.00174435,0.00177271,0.001565,0.001551,0,0,1.524e-23,4.426e-24
step2,2,Q,u,head,2048,512-1024,2.516582e+07,0.0002068322,9.992381e-05,0.00012815,0.0001901089,0.0001068792,0.001749402,0.001770564,0.001565,0.001551,0,0,1.524e-23,4.426e-24
step2,2,Q,u,head,2048,1024-2048,5.033165e+07,0.0001621003,4.189401e-05,0.0001263817,5.31259e-05,0.0001250647,0.001764082,0.001772858,0.001565,0.001551,0,0,1.524e-23,4.426e-24
step2,2,Q,v,residual,2048,spike,1572864,0.0005348622,0.0004029791,0.001924515,0.001389653,0.001521536,0.001726423,0.001891999,0.001565,0.001551,0,0,1.524e-23,4.426e-24
step2,2,Q,v,residual,2048,32-64,1572864,0.0005151135,0.0004365304,0.001010895,0.0009645183,0.001072006,0.001738866,0.001841772,0.001565,0.001551,0,0,1.524e-23,4.426e-24
step2,2,Q,v,residual,2048,64-128,3145728,0.0006709197,0.0005390367,0.001395543,0.0007437683,0.0008661508,0.001740319,0.001838548,0.001565,0.001551,0,0,1.524e-23,4.426e-24
step2,2,Q,v,residual,2048,128-256,6291456,0.0002695105,0.0003391426,0.0005763372,0.00045018,0.0005846298,0.001744157,0.001807939,0.001565,0.001551,0,0,1.524e-23,4.426e-24
step2,2,Q,v,residual,2048,256-512,1.258291e+07,0.0003165159,0.0001994429,0.0004172325,0.0001445793,0.0002532789,0.001767317,0.001786675,0.001565,0.001551,0,0,1.524e-23,4.426e-24
step2,2,Q,v,residual,2048,512-1024,2.516582e+07,0.0001624488,0.0001157435,0.0001573563,0.0001554246,0.0001070379,0.00175526,0.001754778,0.001565,0.001551,0,0,1.524e-23,4.426e-24
step2,2,Q,v,residual,2048,1024-2048,5.033165e+07,0.0001599493,8.136621e-05,0.0001303951,0.0002110641,0.000134317,0.001760582,0.001769591,0.001565,0.001551,0,0,1.524e-23,4.426e-24
step2,2,K,u,head,2048,spike,1572864,0.0003987119,0.0004114228,0.001705805,0.001436915,0.001571365,0.001786096,0.001879556,0.001565,0.001551,0,0,1.524e-23,4.426e-24
step2,2,K,u,head,2048,32-64,1572864,0.0003837926,0.000346687,0.001288732,0.001001189,0.001133072,0.001783643,0.001816886,0.001565,0.001551,0,0,1.524e-23,4.426e-24
step2,2,K,u,head,2048,64-128,3145728,0.0002495091,0.000327859,0.0008115768,0.0006703382,0.0008021185,0.001743226,0.001853625,0.001565,0.001551,0,0,1.524e-23,4.426e-24
step2,2,K,u,head,2048,128-256,6291456,0.0002923841,0.0003208232,0.00050354,0.0004090713,0.0005261443,0.00175442,0.001796132,0.001565,0.001551,0,0,1.524e-23,4.426e-24
step2,2,K,u,head,2048,256-512,1.258291e+07,0.0002263486,0.000124008,0.0003610452,0.0002001243,0.0003040621,0.001764275,0.001777138,0.001565,0.001551,0,0,1.524e-23,4.426e-24
step2,2,K,u,head,2048,512-1024,2.516582e+07,0.0002539256,0.0001220426,0.0001718203,0.0001826468,0.0001238802,0.001768146,0.001760909,0.001565,0.001551,0,0,1.524e-23,4.426e-24
step2,2,K,u,head,2048,1024-2048,5.033165e+07,0.0001371605,0.0001377803,0.0001545946,0.0001551934,0.0001317145,0.001758337,0.001781591,0.001565,0.001551,0,0,1.524e-23,4.426e-24
step2,2,K,v,residual,2048,spike,1572864,0.0004611657,0.0004778718,0.001417796,0.001073883,0.001208333,0.001743135,0.00193723,0.001565,0.001551,0,0,1.524e-23,4.426e-24
step2,2,K,v,residual,2048,32-64,1572864,0.000426772,0.0003651275,0.00127093,0.001170943,0.001302826,0.001785006,0.001857667,0.001565,0.001551,0,0,1.524e-23,4.426e-24
step2,2,K,v,residual,2048,64-128,3145728,0.0006550703,0.0005379973,0.001165072,0.0005850332,0.0007111506,0.001762572,0.001817204,0.001565,0.001551,0,0,1.524e-23,4.426e-24
step2,2,K,v,residual,2048,128-256,6291456,0.0004041377,0.0002926903,0.0006977717,0.0002936341,0.0004160165,0.00174209,0.001820224,0.001565,0.001551,0,0,1.524e-23,4.426e-24
step2,2,K,v,residual,2048,256-512,1.258291e+07,0.0002383728,0.0001039231,0.0003054142,0.0002308249,0.0003383122,0.001767669,0.001785574,0.001565,0.001551,0,0,1.524e-23,4.426e-24
step2,2,K,v,residual,2048,512-1024,2.516582e+07,0.0001250207,0.0001723287,0.0002545516,0.0002665221,0.000134639,0.001764224,0.001751854,0.001565,0.001551,0,0,1.524e-23,4.426e-24
step2,2,K,v,residual,2048,1024-2048,5.033165e+07,0.000250335,0.0001219991,0.0001813571,8.95722e-05,0.0001100974,0.001756606,0.001770516,0.001565,0.001551,0,0,1.524e-23,4.426e-24
step2,2,V,u,head,2048,spike,1572864,0.000508662,0.0004303121,0.000711441,0.0005633427,0.0006094353,0.001760119,0.001911617,0.001565,0.001551,0,0,1.524e-23,4.426e-24
step2,2,V,u,head,2048,32-64,1572864,0.0006692744,0.0007947999,0.0005582174,0.0005683836,0.0006730438,0.001787004,0.001808802,0.001565,0.001551,0,0,1.524e-23,4.426e-24
step2,2,V,u,head,2048,64-128,3145728,0.0004179915,0.0003105043,0.0005327861,0.0003536838,0.000449884,0.001763843,0.00185476,0.001565,0.001551,0,0,1.524e-23,4.426e-24
step2,2,V,u,head,2048,128-256,6291456,0.0001879715,0.0001887398,0.0003779729,0.0002903478,0.0004158733,0.001754443,0.001787935,0.001565,0.001551,0,0,1.524e-23,4.426e-24
step2,2,V,u,head,2048,256-512,1.258291e+07,0.0001988768,0.000129537,0.0004631678,0.000264291,0.0003426409,0.001760358,0.001771212,0.001565,0.001551,0,0,1.524e-23,4.426e-24
step2,2,V,u,head,2048,512-1024,2.516582e+07,0.0001440486,0.0001263896,0.0002209743,0.0002525432,0.0001301607,0.001755726,0.001766824,0.001565,0.001551,0,0,1.524e-23,4.426e-24
step2,2,V,u,head,2048,1024-2048,5.033165e+07,0.0001213018,0.000119583,0.0001561443,0.0001151082,0.0002126374,0.001761876,0.001768396,0.001565,0.001551,0,0,1.524e-23,4.426e-24
step2,2,V,v,residual,2048,spike,1572864,0.0004938327,0.0003963035,0.001035055,0.0009952205,0.001117603,0.001761936,0.001896722,0.001565,0.001551,0,0,1.524e-23,4.426e-24
step2,2,V,v,residual,2048,32-64,1572864,0.0006801189,0.000812002,0.0009740194,0.0009645284,0.001098978,0.001777376,0.001820246,0.001565,0.001551,0,0,1.524e-23,4.426e-24
step2,2,V,v,residual,2048,64-128,3145728,0.0003943706,0.0003399585,0.000524203,0.0004490857,0.0005808661,0.001774833,0.001854987,0.001565,0.001551,0,0,1.524e-23,4.426e-24
step2,2,V,v,residual,2048,128-256,6291456,0.0004574556,0.0003255726,0.0005243619,0.0002626823,0.0003797553,0.001761323,0.001829034,0.001565,0.001551,0,0,1.524e-23,4.426e-24
step2,2,V,v,residual,2048,256-512,1.258291e+07,0.0002720816,0.0001465562,0.0002918243,0.0002076807,0.0001863978,0.001755181,0.001767783,0.001565,0.001551,0,0,1.524e-23,4.426e-24
step2,2,V,v,residual,2048,512-1024,2.516582e+07,0.0001900657,8.54054e-05,0.0001319249,0.0001836772,0.00010591,0.001760233,0.001764337,0.001565,0.001551,0,0,1.524e-23,4.426e-24
step2,2,V,v,residual,2048,1024-2048,5.033165e+07,0.0002059493,8.887627e-05,0.0001875758,0.0001436809,0.0001161259,0.001762921,0.001766063,0.001565,0.001551,0,0,1.524e-23,4.426e-24
step2,2,O,u,residual,2048,spike,1572864,0.0003606741,0.000306262,0.001447042,0.001260167,0.001394617,0.001790183,0.00186684,0.001565,0.001551,0,0,1.524e-23,4.426e-24
step2,2,O,u,residual,2048,32-64,1572864,0.000454025,0.0004255859,0.0007921855,0.0005485189,0.0006101634,0.001833689,0.001864025,0.001565,0.001551,0,0,1.524e-23,4.426e-24
step2,2,O,u,residual,2048,64-128,3145728,0.0003283361,0.0003402509,0.0007565816,0.0005619344,0.0006843169,0.001724743,0.001833189,0.001565,0.001551,0,0,1.524e-23,4.426e-24
step2,2,O,u,residual,2048,128-256,6291456,0.0005249336,0.0003931533,0.0006313324,0.0001916787,0.0003235618,0.00175492,0.001779148,0.001565,0.001551,0,0,1.524e-23,4.426e-24
step2,2,O,u,residual,2048,256-512,1.258291e+07,0.0003577172,0.0002258341,0.0003025532,0.0001327459,0.0001742321,0.001744066,0.001769066,0.001565,0.001551,0,0,1.524e-23,4.426e-24
step2,2,O,u,residual,2048,512-1024,2.516582e+07,0.0002173466,0.0001198174,9.373824e-05,0.0001972272,9.472898e-05,0.001763457,0.001761947,0.001565,0.001551,0,0,1.524e-23,4.426e-24
step2,2,O,u,residual,2048,1024-2048,5.033165e+07,0.0001927478,0.0001029845,0.0001937946,7.217676e-05,0.0001318417,0.001754888,0.001769335,0.001565,0.001551,0,0,1.524e-23,4.426e-24
step2,2,O,v,head,2048,spike,1572864,0.0004283559,0.0005252279,0.001106262,0.001178011,0.001309791,0.001705896,0.001925786,0.001565,0.001551,0,0,1.524e-23,4.426e-24
step2,2,O,v,head,2048,32-64,1572864,0.0008374209,0.0007056406,0.001916885,0.001079464,0.001211245,0.001753398,0.001848312,0.001565,0.001551,0,0,1.524e-23,4.426e-24
step2,2,O,v,head,2048,64-128,3145728,0.0003947263,0.0005265066,0.0007187525,0.0005578018,0.0006801843,0.001771064,0.001835142,0.001565,0.001551,0,0,1.524e-23,4.426e-24
step2,2,O,v,head,2048,128-256,6291456,0.0003604328,0.0002727229,0.0007502238,0.0004507602,0.0005826433,0.001772994,0.00181323,0.001565,0.001551,0,0,1.524e-23,4.426e-24
step2,2,O,v,head,2048,256-512,1.258291e+07,0.0002850846,0.0001627264,0.0004077752,0.0001626195,0.0002648792,0.001748369,0.001782077,0.001565,0.001551,0,0,1.524e-23,4.426e-24
step2,2,O,v,head,2048,512-1024,2.516582e+07,0.0002363983,0.0001116651,0.0001811981,0.0003207281,0.0001983681,0.001756969,0.001753875,0.001565,0.001551,0,0,1.524e-23,4.426e-24
step2,2,O,v,head,2048,1024-2048,5.033165e+07,0.0001878877,5.343792e-05,7.724762e-05,0.0002079164,7.613608e-05,0.001756526,0.001762776,0.001565,0.001551,0,0,1.524e-23,4.426e-24
step2,2,MLP_IN,u,hidden,8192,spike,6291456,0.0002858304,0.0002544547,0.0009849866,0.0007054652,0.0007384037,0.001767772,0.001824606,0.001565,0.001562,0,0,1.524e-23,1.127e-23
step2,2,MLP_IN,u,hidden,8192,32-64,6291456,0.0001531494,0.000156803,0.0006361008,0.0005544484,0.0005880534,0.001775787,0.001836913,0.001565,0.001562,0,0,1.524e-23,1.127e-23
step2,2,MLP_IN,u,hidden,8192,64-128,1.258291e+07,0.0001782026,0.0002074661,0.0002082984,0.0002398428,0.0002660005,0.0017816,0.001808723,0.001565,0.001562,0,0,1.524e-23,1.127e-23
step2,2,MLP_IN,u,hidden,8192,128-256,2.516582e+07,0.0001933279,0.0001736871,0.0004880826,0.0003838043,0.000416767,0.001761505,0.001817715,0.001565,0.001562,0,0,1.524e-23,1.127e-23
step2,2,MLP_IN,u,hidden,8192,256-512,5.033165e+07,6.288569e-05,9.308011e-05,0.0002057155,0.0002186358,0.0002522408,0.001778833,0.001794934,0.001565,0.001562,0,0,1.524e-23,1.127e-23
step2,2,MLP_IN,u,hidden,8192,512-1024,1.006633e+08,6.070284e-05,6.72488e-05,0.00012212,0.0001078705,0.0001414756,0.001768957,0.001780098,0.001565,0.001562,0,0,1.524e-23,1.127e-23
step2,2,MLP_IN,u,hidden,8192,1024-2048,2.013266e+08,7.549751e-05,4.491014e-05,9.327133e-05,3.882419e-05,6.320304e-05,0.001769044,0.001774025,0.001565,0.001562,0,0,1.524e-23,1.127e-23
step2,2,MLP_IN,v,residual,2048,spike,1572864,0.0006266617,0.0005042792,0.001052856,0.0006226166,0.0006257176,0.00174041,0.00183387,0.001565,0.001551,0,0,1.524e-23,4.426e-24
step2,2,MLP_IN,v,residual,2048,32-64,1572864,0.0008742372,0.0008167956,0.001250585,0.0008008725,0.0009179455,0.001748494,0.001781464,0.001565,0.001551,0,0,1.524e-23,4.426e-24
step2,2,MLP_IN,v,residual,2048,64-128,3145728,0.0003020326,0.0004095198,0.0008563995,0.0009642105,0.00109866,0.001787322,0.001835551,0.001565,0.001551,0,0,1.524e-23,4.426e-24
step2,2,MLP_IN,v,residual,2048,128-256,6291456,0.000221963,0.0001740429,0.0005381902,0.0003546375,0.0004656592,0.001770337,0.001816931,0.001565,0.001551,0,0,1.524e-23,4.426e-24
step2,2,MLP_IN,v,residual,2048,256-512,1.258291e+07,0.0001688185,8.734222e-05,0.0001540979,0.0001044862,0.0001334339,0.001752411,0.001771178,0.001565,0.001551,0,0,1.524e-23,4.426e-24
step2,2,MLP_IN,v,residual,2048,512-1024,2.516582e+07,0.0002416435,0.0001161181,0.0001552105,0.0001608093,8.245939e-05,0.001764366,0.001759881,0.001565,0.001551,0,0,1.524e-23,4.426e-24
step2,2,MLP_IN,v,residual,2048,1024-2048,5.033165e+07,0.0001403531,0.0001021704,0.000174284,6.976716e-05,0.0001556791,0.001764377,0.001768186,0.001565,0.001551,0,0,1.524e-23,4.426e-24
step2,2,MLP_OUT,u,residual,2048,spike,1572864,0.0006648086,0.0005424262,0.0009924571,0.001107569,0.001215057,0.001720247,0.001844134,0.001565,0.001551,0,0,1.524e-23,4.426e-24
step2,2,MLP_OUT,u,residual,2048,32-64,1572864,0.0003413697,0.0003500661,0.001370748,0.001100755,0.001188465,0.001796087,0.001852308,0.001565,0.001551,0,0,1.524e-23,4.426e-24
step2,2,MLP_OUT,u,residual,2048,64-128,3145728,0.0003606577,0.0002287746,0.001240095,0.0009626882,0.001088214,0.00175903,0.001822608,0.001565,0.001551,0,0,1.524e-23,4.426e-24
step2,2,MLP_OUT,u,residual,2048,128-256,6291456,0.0001825726,0.0001983982,0.0003905296,0.0003546016,0.0004592618,0.001762594,0.001775969,0.001565,0.001551,0,0,1.524e-23,4.426e-24
step2,2,MLP_OUT,u,residual,2048,256-512,1.258291e+07,0.000336591,0.0002522442,0.0004328887,0.0001912758,0.0003230561,0.001756804,0.001800333,0.001565,0.001551,0,0,1.524e-23,4.426e-24
step2,2,MLP_OUT,u,residual,2048,512-1024,2.516582e+07,0.0001773591,9.656219e-05,0.0001424948,0.0002671634,0.0001353831,0.001760591,0.001754715,0.001565,0.001551,0,0,1.524e-23,4.426e-24
step2,2,MLP_OUT,u,residual,2048,1024-2048,5.033165e+07,0.0001454814,0.0001250929,0.0001659195,0.000106482,0.0001139918,0.001768345,0.001773982,0.001565,0.001551,0,0,1.524e-23,4.426e-24
step2,2,MLP_OUT,v,hidden,8192,spike,6291456,0.0002464891,0.0002297335,0.0006605784,0.0004796432,0.0005089066,0.001775265,0.001815342,0.001565,0.001562,0,0,1.524e-23,1.127e-23
step2,2,MLP_OUT,v,hidden,8192,32-64,6291456,0.0002043427,0.0002348637,0.0002123515,0.0002610095,0.0002715409,0.001784029,0.001808053,0.001565,0.001562,0,0,1.524e-23,1.127e-23
step2,2,MLP_OUT,v,hidden,8192,64-128,1.258291e+07,0.0001264529,0.0001508318,0.000355641,0.0003491089,0.0003820474,0.001789286,0.001828614,0.001565,0.001562,0,0,1.524e-23,1.127e-23
step2,2,MLP_OUT,v,hidden,8192,128-256,2.516582e+07,8.265212e-05,0.0001011708,0.00035127,0.0003523331,0.0003852957,0.001779028,0.001819951,0.001565,0.001562,0,0,1.524e-23,1.127e-23
step2,2,MLP_OUT,v,hidden,8192,256-512,5.033165e+07,0.0001657744,0.0001321694,0.0003752708,0.0002094965,0.0002431015,0.001768447,0.001785168,0.001565,0.001562,0,0,1.524e-23,1.127e-23
step2,2,MLP_OUT,v,hidden,8192,512-1024,1.006633e+08,3.474319e-05,6.459293e-05,0.0001080732,0.0001019574,0.0001333793,0.001773638,0.001780144,0.001565,0.001562,0,0,1.524e-23,1.127e-23
step2,2,MLP_OUT,v,hidden,8192,1024-2048,2.013266e+08,8.235271e-05,4.874771e-05,7.573764e-05,4.369057e-05,2.698993e-05,0.001770929,0.001772346,0.001565,0.001562,0,0,1.524e-23,1.127e-23
step4,4,Q,u,head,2048,spike,1572864,0.0005721097,0.00070389,0.0007998149,0.0009665605,0.00106409,0.001739684,0.001882644,0.001565,0.001551,0,0,1.524e-23,4.426e-24
step4,4,Q,u,head,2048,32-64,1572864,0.0005596183,0.0004810352,0.001436869,0.001176103,0.001307884,0.001694906,0.001827058,0.001565,0.001551,0,0,1.524e-23,4.426e-24
step4,4,Q,u,head,2048,64-128,3145728,0.0003612952,0.0004588244,0.001003901,0.0007763366,0.0009107864,0.001760301,0.001826195,0.001565,0.001551,0,0,1.524e-23,4.426e-24
step4,4,Q,u,head,2048,128-256,6291456,0.0002428539,0.0003605601,0.0004057884,0.0003172458,0.0004491289,0.00174511,0.001808371,0.001565,0.001551,0,0,1.524e-23,4.426e-24
step4,4,Q,u,head,2048,256-512,1.258291e+07,0.0001570883,0.0001324295,0.0003053347,0.000215515,0.0003472953,0.001744747,0.001781078,0.001565,0.001551,0,0,1.524e-23,4.426e-24
step4,4,Q,u,head,2048,512-1024,2.516582e+07,0.0002019071,9.952644e-05,0.0001567205,8.145567e-05,0.0001311974,0.001749408,0.001766176,0.001565,0.001551,0,0,1.524e-23,4.426e-24
step4,4,Q,u,head,2048,1024-2048,5.033165e+07,0.0001621798,4.132014e-05,0.0001199841,0.0001011247,9.949427e-05,0.001764192,0.001762972,0.001565,0.001551,0,0,1.524e-23,4.426e-24
step4,4,Q,v,residual,2048,spike,1572864,0.0005259612,0.0003940782,0.001328786,0.0008833227,0.001005705,0.001727604,0.001886004,0.001565,0.001551,0,0,1.524e-23,4.426e-24
step4,4,Q,v,residual,2048,32-64,1572864,0.000510663,0.0004320799,0.0009880066,0.0006521083,0.0007776337,0.001739593,0.001863934,0.001565,0.001551,0,0,1.524e-23,4.426e-24
step4,4,Q,v,residual,2048,64-128,3145728,0.0006782312,0.0005463482,0.001146634,0.0007162451,0.0008237324,0.001740138,0.001834007,0.001565,0.001551,0,0,1.524e-23,4.426e-24
step4,4,Q,v,residual,2048,128-256,6291456,0.0002649011,0.0003345332,0.0006157557,0.0004897575,0.0006242073,0.001744361,0.001825378,0.001565,0.001551,0,0,1.524e-23,4.426e-24
step4,4,Q,v,residual,2048,256-512,1.258291e+07,0.000311986,0.000204036,0.0002677441,0.0002389983,0.0001512884,0.001767408,0.001774833,0.001565,0.001551,0,0,1.524e-23,4.426e-24
step4,4,Q,v,residual,2048,512-1024,2.516582e+07,0.0001681312,0.0001122467,0.0001029571,0.000187844,0.0001804139,0.001755624,0.001763798,0.001565,0.001551,0,0,1.524e-23,4.426e-24
step4,4,Q,v,residual,2048,1024-2048,5.033165e+07,0.0001567903,7.820717e-05,0.0001706878,0.0001002732,0.0001244662,0.001760165,0.001772645,0.001565,0.001551,0,0,1.524e-23,4.426e-24
step4,4,K,u,head,2048,spike,1572864,0.0003802742,0.000416509,0.001715342,0.00164393,0.001769455,0.001786096,0.001847585,0.001565,0.001551,0,0,1.524e-23,4.426e-24
step4,4,K,u,head,2048,32-64,1572864,0.0003850642,0.0003307925,0.001290003,0.0009049393,0.001027322,0.001784007,0.00187011,0.001565,0.001551,0,0,1.524e-23,4.426e-24
step4,4,K,u,head,2048,64-128,3145728,0.0002647678,0.0003431178,0.0007445017,0.0006252567,0.0007081311,0.001743044,0.001811164,0.001565,0.001551,0,0,1.524e-23,4.426e-24
step4,4,K,u,head,2048,128-256,6291456,0.0002915894,0.0003200285,0.0006087621,0.0004653832,0.0005972663,0.001755374,0.001811595,0.001565,0.001551,0,0,1.524e-23,4.426e-24
step4,4,K,u,head,2048,256-512,1.258291e+07,0.0002276996,0.0001296505,0.0002803008,0.0001099642,0.0001844843,0.00176449,0.001776525,0.001565,0.001551,0,0,1.524e-23,4.426e-24
step4,4,K,u,head,2048,512-1024,2.516582e+07,0.0002616345,0.0001297514,0.000156641,0.0001802996,7.96436e-05,0.001768544,0.001765603,0.001565,0.001551,0,0,1.524e-23,4.426e-24
step4,4,K,u,head,2048,1024-2048,5.033165e+07,0.0001371803,0.0001421513,0.00019147,0.0001205067,0.0002549565,0.001758147,0.001778983,0.001565,0.001551,0,0,1.524e-23,4.426e-24
step4,4,K,v,residual,2048,spike,1572864,0.000468795,0.0004855012,0.001583735,0.001264477,0.001396258,0.001743044,0.001885005,0.001565,0.001551,0,0,1.524e-23,4.426e-24
step4,4,K,v,residual,2048,32-64,1572864,0.00042105,0.0003594055,0.001305262,0.001223918,0.001331405,0.001785642,0.001842408,0.001565,0.001551,0,0,1.524e-23,4.426e-24
step4,4,K,v,residual,2048,64-128,3145728,0.0006595208,0.0005424478,0.001048724,0.0005170406,0.0006489236,0.001761527,0.001845269,0.001565,0.001551,0,0,1.524e-23,4.426e-24
step4,4,K,v,residual,2048,128-256,6291456,0.0004082702,0.0002881009,0.0006682078,0.0004502834,0.0005821664,0.0017415,0.001788094,0.001565,0.001551,0,0,1.524e-23,4.426e-24
step4,4,K,v,residual,2048,256-512,1.258291e+07,0.0002398033,0.0001053536,0.0003494422,0.000151134,0.0002552213,0.001767465,0.001776241,0.001565,0.001551,0,0,1.524e-23,4.426e-24
step4,4,K,v,residual,2048,512-1024,2.516582e+07,0.0001260141,0.0001720903,0.0001694759,0.0002038542,0.0001098655,0.001764218,0.001745008,0.001565,0.001551,0,0,1.524e-23,4.426e-24
step4,4,K,v,residual,2048,1024-2048,5.033165e+07,0.0002492423,0.0001226746,0.0001918276,8.391887e-05,0.0001201507,0.001756486,0.001764686,0.001565,0.001551,0,0,1.524e-23,4.426e-24
step4,4,V,u,head,2048,spike,1572864,0.0005014177,0.0004150533,0.00145785,0.001546765,0.001678545,0.001761119,0.001866568,0.001565,0.001551,0,0,1.524e-23,4.426e-24
step4,4,V,u,head,2048,32-64,1572864,0.000661645,0.0007871705,0.0007820129,0.0009030267,0.0009907366,0.001788821,0.001845405,0.001565,0.001551,0,0,1.524e-23,4.426e-24
step4,4,V,u,head,2048,64-128,3145728,0.0004249852,0.0003266853,0.0005868276,0.0003476044,0.0004794875,0.001763253,0.001815796,0.001565,0.001551,0,0,1.524e-23,4.426e-24
step4,4,V,u,head,2048,128-256,6291456,0.0002060913,0.0001943029,0.0002902349,0.0002676085,0.0002256512,0.001754125,0.001818112,0.001565,0.001551,0,0,1.524e-23,4.426e-24
step4,4,V,u,head,2048,256-512,1.258291e+07,0.0001976053,0.0001302105,0.0001401107,0.000180916,0.000102566,0.001760801,0.001757633,0.001565,0.001551,0,0,1.524e-23,4.426e-24
step4,4,V,u,head,2048,512-1024,2.516582e+07,0.0001467904,0.0001223365,0.000126044,6.715736e-05,0.0001687524,0.001755436,0.001763537,0.001565,0.001551,0,0,1.524e-23,4.426e-24
step4,4,V,u,head,2048,1024-2048,5.033165e+07,0.0001209044,0.0001221288,0.0001430511,7.376898e-05,0.0001467428,0.001761664,0.001779982,0.001565,0.001551,0,0,1.524e-23,4.426e-24
step4,4,V,v,residual,2048,spike,1572864,0.0004912896,0.0003937604,0.001321793,0.0009623613,0.001079638,0.001762481,0.001888729,0.001565,0.001551,0,0,1.524e-23,4.426e-24
step4,4,V,v,residual,2048,32-64,1572864,0.0006712179,0.000803101,0.0007069906,0.0006733398,0.0008077896,0.001777831,0.0018316,0.001565,0.001551,0,0,1.524e-23,4.426e-24
step4,4,V,v,residual,2048,64-128,3145728,0.0003816549,0.0003272428,0.0005343755,0.0005469224,0.0006788054,0.001776377,0.001816432,0.001565,0.001551,0,0,1.524e-23,4.426e-24
step4,4,V,v,residual,2048,128-256,6291456,0.0004590451,0.000327162,0.0008581479,0.0004453775,0.0005429067,0.001762254,0.001823698,0.001565,0.001551,0,0,1.524e-23,4.426e-24
step4,4,V,v,residual,2048,256-512,1.258291e+07,0.0002716843,0.0001461588,0.000219663,0.0002152585,0.0001868726,0.001754681,0.001783087,0.001565,0.001551,0,0,1.524e-23,4.426e-24
step4,4,V,v,residual,2048,512-1024,2.516582e+07,0.0001907686,8.457093e-05,0.0001578728,0.0002266267,9.474364e-05,0.001759904,0.001755374,0.001565,0.001551,0,0,1.524e-23,4.426e-24
step4,4,V,v,residual,2048,1024-2048,5.033165e+07,0.0002097243,9.265124e-05,0.0001807809,0.0001142405,0.0001001235,0.00176279,0.001770391,0.001565,0.001551,0,0,1.524e-23,4.426e-24
step4,4,O,u,residual,2048,spike,1572864,0.0003606741,0.000306262,0.0009962718,0.0009820796,0.001107605,0.001792544,0.001868838,0.001565,0.001551,0,0,1.524e-23,4.426e-24
step4,4,O,u,residual,2048,32-64,1572864,0.0004324084,0.0004039692,0.001004537,0.0006363829,0.0007483877,0.001835959,0.00183269,0.001565,0.001551,0,0,1.524e-23,4.426e-24
step4,4,O,u,residual,2048,64-128,3145728,0.0003318329,0.0003618676,0.001174609,0.0008427759,0.0009772257,0.001735051,0.001835233,0.001565,0.001551,0,0,1.524e-23,4.426e-24
step4,4,O,u,residual,2048,128-256,6291456,0.0005753194,0.0004435391,0.0007751783,0.0003351615,0.0004522346,0.00175903,0.00181264,0.001565,0.001551,0,0,1.524e-23,4.426e-24
step4,4,O,u,residual,2048,256-512,1.258291e+07,0.0003448426,0.0002129595,0.0004249414,0.0001761669,0.0002412557,0.00174813,0.001758053,0.001565,0.001551,0,0,1.524e-23,4.426e-24
step4,4,O,u,residual,2048,512-1024,2.516582e+07,0.0002442085,0.0001466793,0.0001387596,0.0001605136,9.80976e-05,0.001763054,0.001758269,0.001565,0.001551,0,0,1.524e-23,4.426e-24
step4,4,O,u,residual,2048,1024-2048,5.033165e+07,0.0001871937,8.786482e-05,0.0001907746,5.311598e-05,0.0001675165,0.001755087,0.001771112,0.001565,0.001551,0,0,1.524e-23,4.426e-24
step4,4,O,v,head,2048,spike,1572864,0.0004429789,0.0005166807,0.00066185,0.0005128628,0.0006384332,0.001707894,0.00187447,0.001565,0.001551,0,0,1.524e-23,4.426e-24
step4,4,O,v,head,2048,32-64,1572864,0.0008609449,0.0007291646,0.001895269,0.001323235,0.001420764,0.001755669,0.001892816,0.001565,0.001551,0,0,1.524e-23,4.426e-24
step4,4,O,v,head,2048,64-128,3145728,0.0003559435,0.0004877239,0.0005194346,0.00039941,0.0004628774,0.001771246,0.001819701,0.001565,0.001551,0,0,1.524e-23,4.426e-24
step4,4,O,v,head,2048,128-256,6291456,0.0003575821,0.0002422053,0.0006717046,0.0003975846,0.000519967,0.001774152,0.00181482,0.001565,0.001551,0,0,1.524e-23,4.426e-24
step4,4,O,v,head,2048,256-512,1.258291e+07,0.0002690617,0.0001461961,0.0004669031,0.0003256616,0.0004480441,0.001747347,0.001779204,0.001565,0.001551,0,0,1.524e-23,4.426e-24
step4,4,O,v,head,2048,512-1024,2.516582e+07,0.0002296522,0.0001066583,0.0001415809,0.0002952877,0.000186924,0.001759592,0.001771359,0.001565,0.001551,0,0,1.524e-23,4.426e-24
step4,4,O,v,head,2048,1024-2048,5.033165e+07,0.000169748,4.971683e-05,0.0001855691,6.776644e-05,0.0001752537,0.001757622,0.001769798,0.001565,0.001551,0,0,1.524e-23,4.426e-24
step4,4,MLP_IN,u,hidden,8192,spike,6291456,0.0002876277,0.0002546892,0.0005842845,0.0003347854,0.0003683904,0.001767749,0.001830283,0.001565,0.001562,0,0,1.524e-23,1.127e-23
step4,4,MLP_IN,u,hidden,8192,32-64,6291456,0.0001534673,0.0001571209,0.0005555153,0.0004363517,0.0004699567,0.001775673,0.001828671,0.001565,0.001562,0,0,1.524e-23,1.127e-23
step4,4,MLP_IN,u,hidden,8192,64-128,1.258291e+07,0.0001810636,0.0002103271,0.0005702178,0.0005515235,0.0005821109,0.001782326,0.001820133,0.001565,0.001562,0,0,1.524e-23,1.127e-23
step4,4,MLP_IN,u,hidden,8192,128-256,2.516582e+07,0.0001928511,0.0001732102,0.0003724893,0.0003272142,0.0003564777,0.001761681,0.001808621,0.001565,0.001562,0,0,1.524e-23,1.127e-23
step4,4,MLP_IN,u,hidden,8192,256-512,5.033165e+07,6.670039e-05,9.373576e-05,0.0002906322,0.0002990523,0.0003259201,0.001778972,0.001802575,0.001565,0.001562,0,0,1.524e-23,1.127e-23
step4,4,MLP_IN,u,hidden,8192,512-1024,1.006633e+08,6.056461e-05,6.888793e-05,0.0001255075,9.251242e-05,0.0001261174,0.00176894,0.001784332,0.001565,0.001562,0,0,1.524e-23,1.127e-23
step4,4,MLP_IN,u,hidden,8192,1024-2048,2.013266e+08,7.655053e-05,4.596315e-05,9.551148e-05,3.045834e-05,4.954833e-05,0.001768934,0.001768967,0.001565,0.001562,0,0,1.524e-23,1.127e-23
step4,4,MLP_IN,v,residual,2048,spike,1572864,0.000628569,0.0005061865,0.001516342,0.0009426972,0.00107458,0.001740864,0.001882281,0.001565,0.001551,0,0,1.524e-23,4.426e-24
step4,4,MLP_IN,v,residual,2048,32-64,1572864,0.000882016,0.0008276039,0.001351674,0.0004806161,0.0005589661,0.001751037,0.001824606,0.001565,0.001551,0,0,1.524e-23,4.426e-24
step4,4,MLP_IN,v,residual,2048,64-128,3145728,0.0003014452,0.0004025262,0.0004374186,0.0005535981,0.0006854812,0.001786732,0.001805351,0.001565,0.001551,0,0,1.524e-23,4.426e-24
step4,4,MLP_IN,v,residual,2048,128-256,6291456,0.0002194199,0.0001714998,0.0004879634,0.0002896348,0.0003971221,0.001770042,0.001781645,0.001565,0.001551,0,0,1.524e-23,4.426e-24
step4,4,MLP_IN,v,residual,2048,256-512,1.258291e+07,0.000154275,8.447095e-05,0.000398159,0.0002967282,0.0003844382,0.001752604,0.001790387,0.001565,0.001551,0,0,1.524e-23,4.426e-24
step4,4,MLP_IN,v,residual,2048,512-1024,2.516582e+07,0.0002429425,0.0001139723,0.0001006126,0.0002228879,9.736247e-05,0.001764241,0.001759711,0.001565,0.001551,0,0,1.524e-23,4.426e-24
step4,4,MLP_IN,v,residual,2048,1024-2048,5.033165e+07,0.0001411677,0.0001013161,0.0002606312,0.0001194635,0.0002269508,0.0017644,0.001772475,0.001565,0.001551,0,0,1.524e-23,4.426e-24
step4,4,MLP_OUT,u,residual,2048,spike,1572864,0.0006603582,0.0005379757,0.001462936,0.0008481801,0.0009826299,0.001720156,0.001824061,0.001565,0.001551,0,0,1.524e-23,4.426e-24
step4,4,MLP_OUT,u,residual,2048,32-64,1572864,0.0003390411,0.0003087402,0.001102448,0.0007648925,0.0008993423,0.00179863,0.001826332,0.001565,0.001551,0,0,1.524e-23,4.426e-24
step4,4,MLP_OUT,u,residual,2048,64-128,3145728,0.0003113845,0.0002319595,0.000743866,0.0004324814,0.0005643645,0.001756169,0.001803126,0.001565,0.001551,0,0,1.524e-23,4.426e-24
step4,4,MLP_OUT,u,residual,2048,128-256,6291456,0.0001747171,0.0001944619,0.000448068,0.0003397645,0.0004541354,0.001763162,0.001807417,0.001565,0.001551,0,0,1.524e-23,4.426e-24
step4,4,MLP_OUT,u,residual,2048,256-512,1.258291e+07,0.0003841952,0.0002964853,0.0004345576,0.0002280689,0.0003504514,0.001757679,0.001781407,0.001565,0.001551,0,0,1.524e-23,4.426e-24
step4,4,MLP_OUT,u,residual,2048,512-1024,2.516582e+07,0.0001577321,9.190094e-05,0.0001477003,0.0001719335,9.894217e-05,0.001759716,0.001744605,0.001565,0.001551,0,0,1.524e-23,4.426e-24
step4,4,MLP_OUT,u,residual,2048,1024-2048,5.033165e+07,0.0001495345,0.0001148409,0.0002046426,0.0001160041,0.0002149025,0.001767246,0.00177894,0.001565,0.001551,0,0,1.524e-23,4.426e-24
step4,4,MLP_OUT,v,hidden,8192,spike,6291456,0.0002415618,0.0002200379,0.0004328092,0.0003511048,0.0003772625,0.00177279,0.001813911,0.001565,0.001562,0,0,1.524e-23,1.127e-23
step4,4,MLP_OUT,v,hidden,8192,32-64,6291456,0.0002345424,0.0002519483,0.0004833539,0.0005665955,0.0005979712,0.001784938,0.001820451,0.001565,0.001562,0,0,1.524e-23,1.127e-23
step4,4,MLP_OUT,v,hidden,8192,64-128,1.258291e+07,0.0001413144,0.0001656932,0.0004968643,0.0004446964,0.0004783014,0.001790024,0.001812106,0.001565,0.001562,0,0,1.524e-23,1.127e-23
step4,4,MLP_OUT,v,hidden,8192,128-256,2.516582e+07,9.882104e-05,9.38196e-05,0.0003203948,0.000372694,0.000406299,0.001779153,0.001812702,0.001565,0.001562,0,0,1.524e-23,1.127e-23
step4,4,MLP_OUT,v,hidden,8192,256-512,5.033165e+07,0.000151052,0.0001184127,0.0003543695,0.0002311713,0.0002604347,0.00176969,0.001798888,0.001565,0.001562,0,0,1.524e-23,1.127e-23
step4,4,MLP_OUT,v,hidden,8192,512-1024,1.006633e+08,4.608794e-05,7.224566e-05,9.520849e-05,0.0001000564,0.0001330191,0.00177441,0.001780984,0.001565,0.001562,0,0,1.524e-23,1.127e-23
step4,4,MLP_OUT,v,hidden,8192,1024-2048,2.013266e+08,7.895525e-05,4.535024e-05,0.0001197904,6.017756e-05,9.076494e-05,0.001771106,0.001775459,0.001565,0.001562,0,0,1.524e-23,1.127e-23
step8,8,Q,u,head,2048,spike,1572864,0.0005434995,0.0006752798,0.001043955,0.001186541,0.001284071,0.001739502,0.001868384,0.001565,0.001551,0,0,1.524e-23,4.426e-24
step8,8,Q,u,head,2048,32-64,1572864,0.0006238324,0.0005452493,0.001288096,0.0009189265,0.001047242,0.001694361,0.001842408,0.001565,0.001551,0,0,1.524e-23,4.426e-24
step8,8,Q,u,head,2048,64-128,3145728,0.0003714678,0.000468997,0.0006809235,0.0005997663,0.0007315466,0.001760392,0.001829147,0.001565,0.001551,0,0,1.524e-23,4.426e-24
step8,8,Q,u,head,2048,128-256,6291456,0.0002502935,0.0003758189,0.000389576,0.0003373957,0.0004629212,0.001745088,0.001793089,0.001565,0.001551,0,0,1.524e-23,4.426e-24
step8,8,Q,u,head,2048,256-512,1.258291e+07,0.0001567704,0.0001482446,0.0002315044,0.0001171248,0.0002395073,0.001744793,0.001766943,0.001565,0.001551,0,0,1.524e-23,4.426e-24
step8,8,Q,u,head,2048,512-1024,2.516582e+07,0.0002057195,9.823226e-05,0.0001227458,0.0002116823,0.000107022,0.001749726,0.00176373,0.001565,0.001551,0,0,1.524e-23,4.426e-24
step8,8,Q,u,head,2048,1024-2048,5.033165e+07,0.0001558247,4.09063e-05,0.0001117587,0.0001720849,9.114421e-05,0.001763645,0.001769015,0.001565,0.001551,0,0,1.524e-23,4.426e-24
step8,8,Q,v,residual,2048,spike,1572864,0.0004808207,0.000373411,0.001102448,0.0009184923,0.001035565,0.00172824,0.001863843,0.001565,0.001551,0,0,1.524e-23,4.426e-24
step8,8,Q,v,residual,2048,32-64,1572864,0.0005329154,0.0004543323,0.001146952,0.0007801513,0.0009146011,0.001739774,0.001848221,0.001565,0.001551,0,0,1.524e-23,4.426e-24
step8,8,Q,v,residual,2048,64-128,3145728,0.0006582041,0.000526321,0.00133578,0.0007589198,0.0008844452,0.001739502,0.001801536,0.001565,0.001551,0,0,1.524e-23,4.426e-24
step8,8,Q,v,residual,2048,128-256,6291456,0.0002774578,0.0003470899,0.0006416639,0.0005039037,0.0006383535,0.001746609,0.00180719,0.001565,0.001551,0,0,1.524e-23,4.426e-24
step8,8,Q,v,residual,2048,256-512,1.258291e+07,0.0002936277,0.0001895903,0.0004649957,0.000171368,0.000288441,0.00176902,0.001763821,0.001565,0.001551,0,0,1.524e-23,4.426e-24
step8,8,Q,v,residual,2048,512-1024,2.516582e+07,0.0001665417,9.857978e-05,0.0001059373,0.0001333618,0.0001464627,0.001755783,0.001758053,0.001565,0.001551,0,0,1.524e-23,4.426e-24
step8,8,Q,v,residual,2048,1024-2048,5.033165e+07,0.0001604262,8.184305e-05,0.0001908541,0.0001415709,0.000109011,0.001760591,0.00177663,0.001565,0.001551,0,0,1.524e-23,4.426e-24
step8,8,K,u,head,2048,spike,1572864,0.0003828173,0.0004037934,0.001520793,0.00128318,0.00138071,0.001782735,0.001896631,0.001565,0.001551,0,0,1.524e-23,4.426e-24
step8,8,K,u,head,2048,32-64,1572864,0.0003882431,0.0003396934,0.0008602142,0.0005156136,0.0006202739,0.001782735,0.001887639,0.001565,0.001551,0,0,1.524e-23,4.426e-24
step8,8,K,u,head,2048,64-128,3145728,0.0002758269,0.0003635368,0.0007473628,0.0006953992,0.0007929284,0.001742908,0.001808348,0.001565,0.001551,0,0,1.524e-23,4.426e-24
step8,8,K,u,head,2048,128-256,6291456,0.0002890462,0.0003174854,0.0007713636,0.0006359876,0.0007704373,0.001758212,0.001803489,0.001565,0.001551,0,0,1.524e-23,4.426e-24
step8,8,K,u,head,2048,256-512,1.258291e+07,0.0002377132,0.0001114071,0.0001909733,0.0002645806,0.0001339695,0.001763968,0.001761312,0.001565,0.001551,0,0,1.524e-23,4.426e-24
step8,8,K,u,head,2048,512-1024,2.516582e+07,0.0002617935,0.0001299104,0.0002626975,0.0001058642,0.0001327872,0.001771132,0.001760647,0.001565,0.001551,0,0,1.524e-23,4.426e-24
step8,8,K,u,head,2048,1024-2048,5.033165e+07,0.0001211464,0.000141595,0.0001499852,7.164545e-05,0.0001607219,0.001758601,0.00176417,0.001565,0.001551,0,0,1.524e-23,4.426e-24
step8,8,K,v,residual,2048,spike,1572864,0.0004656161,0.0004823223,0.001092275,0.0008435151,0.0009753982,0.001744861,0.001903261,0.001565,0.001551,0,0,1.524e-23,4.426e-24
step8,8,K,v,residual,2048,32-64,1572864,0.0004312225,0.000369578,0.0005391439,0.0005283293,0.0006329895,0.001781554,0.001866204,0.001565,0.001551,0,0,1.524e-23,4.426e-24
step8,8,K,v,residual,2048,64-128,3145728,0.0006572956,0.0005403083,0.001322746,0.0006994069,0.0008338567,0.001760937,0.001815614,0.001565,0.001551,0,0,1.524e-23,4.426e-24
step8,8,K,v,residual,2048,128-256,6291456,0.0004108134,0.0002884309,0.0008823077,0.0005283916,0.000659732,0.001741841,0.001829034,0.001565,0.001551,0,0,1.524e-23,4.426e-24
step8,8,K,v,residual,2048,256-512,1.258291e+07,0.0002239088,8.9459e-05,0.0002462864,0.0002455015,0.0001871009,0.001768668,0.001768771,0.001565,0.001551,0,0,1.524e-23,4.426e-24
step8,8,K,v,residual,2048,512-1024,2.516582e+07,0.0001120666,0.0001658914,0.0002296368,0.0002239727,0.0001015902,0.001764689,0.001758405,0.001565,0.001551,0,0,1.524e-23,4.426e-24
step8,8,K,v,residual,2048,1024-2048,5.033165e+07,0.0002498383,0.000118058,0.0003307263,0.0001260287,0.0002431017,0.001756353,0.00177403,0.001565,0.001551,0,0,1.524e-23,4.426e-24
step8,8,V,u,head,2048,spike,1572864,0.0005334576,0.0004551076,0.001111984,0.001085327,0.001219777,0.001758212,0.001898993,0.001565,0.001551,0,0,1.524e-23,4.426e-24
step8,8,V,u,head,2048,32-64,1572864,0.000652744,0.0007782695,0.0004762014,0.0004868047,0.0006123302,0.001786277,0.001893906,0.001565,0.001551,0,0,1.524e-23,4.426e-24
step8,8,V,u,head,2048,64-128,3145728,0.0004510523,0.000343565,0.0004749298,0.0003129669,0.000362146,0.001764297,0.00185358,0.001565,0.001551,0,0,1.524e-23,4.426e-24
step8,8,V,u,head,2048,128-256,6291456,0.0001963956,0.0001818613,0.0005458196,0.000349424,0.0004718065,0.001754897,0.001793634,0.001565,0.001551,0,0,1.524e-23,4.426e-24
step8,8,V,u,head,2048,256-512,1.258291e+07,0.0001687566,0.0001318,0.0002841949,0.0002013744,0.0003332574,0.001760517,0.001768986,0.001565,0.001551,0,0,1.524e-23,4.426e-24
step8,8,V,u,head,2048,512-1024,2.516582e+07,0.0001439294,0.0001371184,0.0002366304,0.0002757862,0.0001440059,0.001755839,0.001765592,0.001565,0.001551,0,0,1.524e-23,4.426e-24
step8,8,V,u,head,2048,1024-2048,5.033165e+07,0.0001151625,0.0001190267,0.0001326005,0.0001420839,6.122203e-05,0.001762478,0.001769619,0.001565,0.001551,0,0,1.524e-23,4.426e-24
step8,8,V,v,residual,2048,spike,1572864,0.0004804813,0.0003829521,0.00108846,0.0007303006,0.0008501489,0.001758939,0.00185694,0.001565,0.001551,0,0,1.524e-23,4.426e-24
step8,8,V,v,residual,2048,32-64,1572864,0.0006998281,0.0008317112,0.0008970896,0.0008419968,0.0009643793,0.001776196,0.001817976,0.001565,0.001551,0,0,1.524e-23,4.426e-24
step8,8,V,v,residual,2048,64-128,3145728,0.0003422364,0.0002878243,0.0006663005,0.0005825974,0.0007049798,0.00177615,0.00180962,0.001565,0.001551,0,0,1.524e-23,4.426e-24
step8,8,V,v,residual,2048,128-256,6291456,0.000477006,0.0003451229,0.0008676847,0.0005935674,0.0007253477,0.001762095,0.001807372,0.001565,0.001551,0,0,1.524e-23,4.426e-24
step8,8,V,v,residual,2048,256-512,1.258291e+07,0.0002570613,0.0001315358,0.0002791087,0.000127525,0.0001646159,0.00175425,0.001784313,0.001565,0.001551,0,0,1.524e-23,4.426e-24
step8,8,V,v,residual,2048,512-1024,2.516582e+07,0.0001741985,7.323044e-05,0.000133872,0.0001607222,0.0001012005,0.001759217,0.001767329,0.001565,0.001551,0,0,1.524e-23,4.426e-24
step8,8,V,v,residual,2048,1024-2048,5.033165e+07,0.0002103799,9.330689e-05,0.0001454552,9.794029e-05,0.0001157861,0.001762123,0.001765561,0.001565,0.001551,0,0,1.524e-23,4.426e-24
step8,8,O,u,residual,2048,spike,1572864,0.000347935,0.0002862904,0.0009492238,0.000725464,0.0008329512,0.001786641,0.001857485,0.001565,0.001551,0,0,1.524e-23,4.426e-24
step8,8,O,u,residual,2048,32-64,1572864,0.0003661399,0.0003443278,0.0008691152,0.0008767383,0.0009813985,0.001825968,0.001881645,0.001565,0.001551,0,0,1.524e-23,4.426e-24
step8,8,O,u,residual,2048,64-128,3145728,0.0003464559,0.0003170449,0.001151403,0.0008867121,0.001015742,0.001735279,0.001836958,0.001565,0.001551,0,0,1.524e-23,4.426e-24
step8,8,O,u,residual,2048,128-256,6291456,0.0005947108,0.0004629305,0.0008339882,0.0003972667,0.0005196491,0.001758212,0.001799016,0.001565,0.001551,0,0,1.524e-23,4.426e-24
step8,8,O,u,residual,2048,256-512,1.258291e+07,0.0003175039,0.0001856209,0.0003004869,0.0001146639,0.0002464443,0.001747801,0.001761834,0.001565,0.001551,0,0,1.524e-23,4.426e-24
step8,8,O,u,residual,2048,512-1024,2.516582e+07,0.0001850409,0.0001138924,0.000239412,0.0001867711,0.0001527971,0.001760398,0.001767556,0.001565,0.001551,0,0,1.524e-23,4.426e-24
step8,8,O,u,residual,2048,1024-2048,5.033165e+07,0.0002064944,9.900712e-05,0.0001706878,0.000134526,0.0001031674,0.001758885,0.001766983,0.001565,0.001551,0,0,1.524e-23,4.426e-24
step8,8,O,v,head,2048,spike,1572864,0.0004346705,0.000560196,0.0007794698,0.0009820796,0.001107605,0.001700265,0.001862571,0.001565,0.001551,0,0,1.524e-23,4.426e-24
step8,8,O,v,head,2048,32-64,1572864,0.0006911909,0.0005594105,0.001214981,0.0007284778,0.0008219639,0.001746223,0.001850582,0.001565,0.001551,0,0,1.524e-23,4.426e-24
step8,8,O,v,head,2048,64-128,3145728,0.00034981,0.0004095154,0.0008185705,0.0007446508,0.0008765339,0.001768294,0.001843725,0.001565,0.001551,0,0,1.524e-23,4.426e-24
step8,8,O,v,head,2048,128-256,6291456,0.0003351525,0.0002375959,0.0007414818,0.000477268,0.0006027934,0.001783689,0.001810619,0.001565,0.001551,0,0,1.524e-23,4.426e-24
step8,8,O,v,head,2048,256-512,1.258291e+07,0.0002598917,0.0001380357,0.0003737609,0.0001275102,0.0002450704,0.001746473,0.001762311,0.001565,0.001551,0,0,1.524e-23,4.426e-24
step8,8,O,v,head,2048,512-1024,2.516582e+07,0.0002547565,0.0001292311,0.0001554489,0.000172673,8.650385e-05,0.001754295,0.001764621,0.001565,0.001551,0,0,1.524e-23,4.426e-24
step8,8,O,v,head,2048,1024-2048,5.033165e+07,0.0002035597,7.167664e-05,0.0001329184,0.0001144563,0.000165212,0.001753759,0.001772543,0.001565,0.001551,0,0,1.524e-23,4.426e-24
step8,8,MLP_IN,u,hidden,8192,spike,6291456,0.0002937777,0.000262402,0.0006782214,0.0004310724,0.0004554513,0.001767817,0.001832485,0.001565,0.001562,0,0,1.524e-23,1.127e-23
step8,8,MLP_IN,u,hidden,8192,32-64,6291456,0.0001614737,0.0001662461,0.0004428228,0.0003819923,0.0004155973,0.001777399,0.001809847,0.001565,0.001562,0,0,1.524e-23,1.127e-23
step8,8,MLP_IN,u,hidden,8192,64-128,1.258291e+07,0.0001900441,0.0002193075,0.0003336271,0.0003582994,0.0003851671,0.001782474,0.001806657,0.001565,0.001562,0,0,1.524e-23,1.127e-23
step8,8,MLP_IN,u,hidden,8192,128-256,2.516582e+07,0.0001959903,0.0001763494,0.0004456043,0.0002862152,0.0003123729,0.001761629,0.001815819,0.001565,0.001562,0,0,1.524e-23,1.127e-23
step8,8,MLP_IN,u,hidden,8192,256-512,5.033165e+07,6.718801e-05,9.856374e-05,0.0002298554,0.0001980702,0.0002196453,0.001778361,0.001795925,0.001565,0.001562,0,0,1.524e-23,1.127e-23
step8,8,MLP_IN,u,hidden,8192,512-1024,1.006633e+08,5.958029e-05,6.794419e-05,9.964903e-05,8.431085e-05,0.0001172735,0.001768605,0.001783084,0.001565,0.001562,0,0,1.524e-23,1.127e-23
step8,8,MLP_IN,u,hidden,8192,1024-2048,2.013266e+08,7.142949e-05,4.084212e-05,6.578863e-05,6.19645e-05,5.219251e-05,0.00176926,0.001772346,0.001565,0.001562,0,0,1.524e-23,1.127e-23
step8,8,MLP_IN,v,residual,2048,spike,1572864,0.0006279332,0.0005055508,0.001391093,0.00104704,0.00117882,0.001743498,0.001893816,0.001565,0.001551,0,0,1.524e-23,4.426e-24
step8,8,MLP_IN,v,residual,2048,32-64,1572864,0.0009058931,0.000836261,0.00110817,0.0003864266,0.0004854879,0.001748403,0.00183932,0.001565,0.001551,0,0,1.524e-23,4.426e-24
step8,8,MLP_IN,v,residual,2048,64-128,3145728,0.0003316449,0.0004254144,0.0003919601,0.000323802,0.000437764,0.001787367,0.001812844,0.001565,0.001551,0,0,1.524e-23,4.426e-24
step8,8,MLP_IN,v,residual,2048,128-256,6291456,0.0002348376,0.0001869175,0.0006386439,0.0004509647,0.0005627462,0.001769974,0.00179779,0.001565,0.001551,0,0,1.524e-23,4.426e-24
step8,8,MLP_IN,v,residual,2048,256-512,1.258291e+07,0.0001725537,7.75078e-05,0.00025026,0.0001366835,0.0002695994,0.001750253,0.001769634,0.001565,0.001551,0,0,1.524e-23,4.426e-24
step8,8,MLP_IN,v,residual,2048,512-1024,2.516582e+07,0.0002456446,0.0001111948,0.0002316634,0.0002024753,0.0001940435,0.001763775,0.001761947,0.001565,0.001551,0,0,1.524e-23,4.426e-24
step8,8,MLP_IN,v,residual,2048,1024-2048,5.033165e+07,0.000134384,9.940874e-05,0.0001581311,5.391879e-05,0.0001544473,0.001765288,0.001771799,0.001565,0.001551,0,0,1.524e-23,4.426e-24
step8,8,MLP_OUT,u,residual,2048,spike,1572864,0.0005370163,0.0004146338,0.001216253,0.0007169943,0.0008488774,0.001723062,0.001874288,0.001565,0.001551,0,0,1.524e-23,4.426e-24
step8,8,MLP_OUT,u,residual,2048,32-64,1572864,0.0004852711,0.0003533881,0.0007915497,0.0005257567,0.0006041066,0.001815342,0.00176784,0.001565,0.001551,0,0,1.524e-23,4.426e-24
step8,8,MLP_OUT,u,residual,2048,64-128,3145728,0.0002528213,0.0002364804,0.0008659363,0.0007395194,0.0008565925,0.001763298,0.00182179,0.001565,0.001551,0,0,1.524e-23,4.426e-24
step8,8,MLP_OUT,u,residual,2048,128-256,6291456,0.0001851168,0.0003021898,0.0005381902,0.0003827056,0.0004610555,0.001762526,0.001822744,0.001565,0.001551,0,0,1.524e-23,4.426e-24
step8,8,MLP_OUT,u,residual,2048,256-512,1.258291e+07,0.000377222,0.0002746263,0.0004097621,0.000145727,0.000202445,0.001755828,0.001774958,0.001565,0.001551,0,0,1.524e-23,4.426e-24
step8,8,MLP_OUT,u,residual,2048,512-1024,2.516582e+07,0.000157928,7.27536e-05,8.46386e-05,0.0001629531,7.908949e-05,0.001761431,0.00175937,0.001565,0.001551,0,0,1.524e-23,4.426e-24
step8,8,MLP_OUT,u,residual,2048,1024-2048,5.033165e+07,0.0001200536,0.0001209008,0.0001309117,0.0001281255,9.887211e-05,0.001765597,0.001772364,0.001565,0.001551,0,0,1.524e-23,4.426e-24
step8,8,MLP_OUT,v,hidden,8192,spike,6291456,0.0002381297,0.0002473765,0.0006532669,0.000539134,0.0005720967,0.001772358,0.001827626,0.001565,0.001562,0,0,1.524e-23,1.127e-23
step8,8,MLP_OUT,v,hidden,8192,32-64,6291456,0.0002384746,0.0002603992,0.0004747709,0.0004365107,0.0004701157,0.001784325,0.001794951,0.001565,0.001562,0,0,1.524e-23,1.127e-23
step8,8,MLP_OUT,v,hidden,8192,64-128,1.258291e+07,0.0002204693,0.0002448482,0.0003450712,0.0002952235,0.0003258109,0.001791068,0.00180895,0.001565,0.001562,0,0,1.524e-23,1.127e-23
step8,8,MLP_OUT,v,hidden,8192,128-256,2.516582e+07,0.0001020694,0.0001071071,0.0003135999,0.0003628271,0.0003942028,0.001779204,0.001795746,0.001565,0.001562,0,0,1.524e-23,1.127e-23
step8,8,MLP_OUT,v,hidden,8192,256-512,5.033165e+07,0.0001554047,0.0001224662,0.0003495614,0.0002154824,0.0002398613,0.001772151,0.001792485,0.001565,0.001562,0,0,1.524e-23,1.127e-23
step8,8,MLP_OUT,v,hidden,8192,512-1024,1.006633e+08,5.62274e-05,4.811653e-05,5.464753e-05,4.447535e-05,6.411669e-05,0.001776548,0.001778556,0.001565,0.001562,0,0,1.524e-23,1.127e-23
step8,8,MLP_OUT,v,hidden,8192,1024-2048,2.013266e+08,7.457088e-05,4.163235e-05,6.834169e-05,7.32718e-05,5.905546e-05,0.001772571,0.001770851,0.001565,0.001562,0,0,1.524e-23,1.127e-23
step16,16,Q,u,head,2048,spike,1572864,0.0005478399,0.0006733653,0.001293182,0.001370579,0.001502462,0.001745042,0.001874288,0.001565,0.001551,0,0,1.524e-23,4.426e-24
step16,16,Q,u,head,2048,32-64,1572864,0.0005545321,0.000475949,0.001200994,0.0008869629,0.001021413,0.001694543,0.001852399,0.001565,0.001551,0,0,1.524e-23,4.426e-24
step16,16,Q,u,head,2048,64-128,3145728,0.0002919949,0.0003895241,0.0008856455,0.0006870091,0.0008214589,0.001765024,0.001827331,0.001565,0.001551,0,0,1.524e-23,4.426e-24
step16,16,Q,u,head,2048,128-256,6291456,0.0002762016,0.0004017271,0.0003145536,0.0003164726,0.0004140018,0.001745065,0.001802217,0.001565,0.001551,0,0,1.524e-23,4.426e-24
step16,16,Q,u,head,2048,256-512,1.258291e+07,0.0001574062,0.0001061303,0.0001924038,0.000101542,0.0002048571,0.001743351,0.001769531,0.001565,0.001551,0,0,1.524e-23,4.426e-24
step16,16,Q,u,head,2048,512-1024,2.516582e+07,0.0002025518,0.0001061663,0.000188748,9.338128e-05,0.0001374472,0.0017488,0.001770763,0.001565,0.001551,0,0,1.524e-23,4.426e-24
step16,16,Q,u,head,2048,1024-2048,5.033165e+07,0.0001713772,5.623886e-05,0.0001559655,0.000197136,0.0001225034,0.00176277,0.001770218,0.001565,0.001551,0,0,1.524e-23,4.426e-24
step16,16,Q,v,residual,2048,spike,1572864,0.0005838175,0.0004519344,0.00121816,0.000828966,0.0009607463,0.001729511,0.001866114,0.001565,0.001551,0,0,1.524e-23,4.426e-24
step16,16,Q,v,residual,2048,32-64,1572864,0.0005418164,0.0004632333,0.001178106,0.0009640671,0.00108645,0.001746314,0.0019108,0.001565,0.001551,0,0,1.524e-23,4.426e-24
step16,16,Q,v,residual,2048,64-128,3145728,0.0007252792,0.0005933961,0.001577377,0.00105594,0.001187721,0.001738185,0.001836595,0.001565,0.001551,0,0,1.524e-23,4.426e-24
step16,16,Q,v,residual,2048,128-256,6291456,0.0002474541,0.0003433984,0.0003735224,0.0002739275,0.0004057079,0.001746291,0.001794316,0.001565,0.001551,0,0,1.524e-23,4.426e-24
step16,16,Q,v,residual,2048,256-512,1.258291e+07,0.0002916297,0.0002061207,0.0005174478,0.00026143,0.0003397799,0.001767703,0.00178412,0.001565,0.001551,0,0,1.524e-23,4.426e-24
step16,16,Q,v,residual,2048,512-1024,2.516582e+07,0.0001704359,0.000134221,0.0002857447,0.0002237315,0.0001906734,0.001755028,0.001766239,0.001565,0.001551,0,0,1.524e-23,4.426e-24
step16,16,Q,v,residual,2048,1024-2048,5.033165e+07,0.0001602473,8.166424e-05,0.0001993577,7.650338e-05,0.0001739344,0.001761899,0.001771581,0.001565,0.001551,0,0,1.524e-23,4.426e-24
step16,16,K,u,head,2048,spike,1572864,0.0004082486,0.0003798095,0.0013237,0.001356089,0.001434439,0.001778194,0.001883098,0.001565,0.001551,0,0,1.524e-23,4.426e-24
step16,16,K,u,head,2048,32-64,1572864,0.0003507319,0.0003155337,0.001069387,0.0009801633,0.001105705,0.001785278,0.001868203,0.001565,0.001551,0,0,1.524e-23,4.426e-24
step16,16,K,u,head,2048,64-128,3145728,0.0002535156,0.0003151602,0.0006103516,0.0004128433,0.0005352258,0.001742953,0.001806532,0.001565,0.001551,0,0,1.524e-23,4.426e-24
step16,16,K,u,head,2048,128-256,6291456,0.0002467679,0.000294688,0.0002965927,0.000228879,0.0002905236,0.001758848,0.001783961,0.001565,0.001551,0,0,1.524e-23,4.426e-24
step16,16,K,u,head,2048,256-512,1.258291e+07,0.0002226216,0.0001305247,0.0002487501,0.0001642803,0.000225258,0.001763401,0.001764627,0.001565,0.001551,0,0,1.524e-23,4.426e-24
step16,16,K,u,head,2048,512-1024,2.516582e+07,0.0002365211,0.000104638,0.0002318223,0.0001219266,0.0001271843,0.00177032,0.001766744,0.001565,0.001551,0,0,1.524e-23,4.426e-24
step16,16,K,u,head,2048,1024-2048,5.033165e+07,0.0001155439,0.0001398287,0.0001014868,4.610946e-05,0.0001739141,0.001759969,0.001777524,0.001565,0.001551,0,0,1.524e-23,4.426e-24
step16,16,K,v,residual,2048,spike,1572864,0.0004172966,0.0004553334,0.001048406,0.0007832782,0.0008879385,0.001737504,0.001847494,0.001565,0.001551,0,0,1.524e-23,4.426e-24
step16,16,K,v,residual,2048,32-64,1572864,0.000406427,0.0003447825,0.000890096,0.0006536205,0.0007611078,0.001788094,0.001800537,0.001565,0.001551,0,0,1.524e-23,4.426e-24
step16,16,K,v,residual,2048,64-128,3145728,0.0006525272,0.0005354541,0.001244227,0.0006864405,0.000811966,0.001761436,0.001832599,0.001565,0.001551,0,0,1.524e-23,4.426e-24
step16,16,K,v,residual,2048,128-256,6291456,0.0004306816,0.0003082991,0.0006753604,0.000424926,0.0005567063,0.001739252,0.001820496,0.001565,0.001551,0,0,1.524e-23,4.426e-24
step16,16,K,v,residual,2048,256-512,1.258291e+07,0.0002268254,9.875667e-05,0.0001213551,0.000183785,0.0001249195,0.001768646,0.001765342,0.001565,0.001551,0,0,1.524e-23,4.426e-24
step16,16,K,v,residual,2048,512-1024,2.516582e+07,0.0001150071,0.0001391956,0.0001421372,0.0001771613,0.0002648712,0.001767403,0.00176365,0.001565,0.001551,0,0,1.524e-23,4.426e-24
step16,16,K,v,residual,2048,1024-2048,5.033165e+07,0.0002560372,0.0001242569,0.0001370907,0.0001747246,8.701471e-05,0.001757372,0.001762654,0.001565,0.001551,0,0,1.524e-23,4.426e-24
step16,16,V,u,head,2048,spike,1572864,0.0005068807,0.0004452362,0.001209259,0.001260803,0.001395253,0.001761028,0.001847767,0.001565,0.001551,0,0,1.524e-23,4.426e-24
step16,16,V,u,head,2048,32-64,1572864,0.0006320139,0.0007664637,0.0004692078,0.0007027603,0.0008251428,0.001784733,0.001848221,0.001565,0.001551,0,0,1.524e-23,4.426e-24
step16,16,V,u,head,2048,64-128,3145728,0.0004144947,0.0003070075,0.0007263819,0.000573907,0.0006994324,0.001762436,0.001793271,0.001565,0.001551,0,0,1.524e-23,4.426e-24
step16,16,V,u,head,2048,128-256,6291456,0.000192263,0.0002049085,0.0002296766,0.0002088937,0.0002549863,0.001757236,0.001800446,0.001565,0.001551,0,0,1.524e-23,4.426e-24
step16,16,V,u,head,2048,256-512,1.258291e+07,0.0001879596,0.0001365306,0.0003194014,0.0002163007,0.0002361021,0.001762254,0.001778035,0.001565,0.001551,0,0,1.524e-23,4.426e-24
step16,16,V,u,head,2048,512-1024,2.516582e+07,0.0001595061,0.0001429196,0.0001299779,0.0002081675,0.0001222848,0.001754812,0.001760909,0.001565,0.001551,0,0,1.524e-23,4.426e-24
step16,16,V,u,head,2048,1024-2048,5.033165e+07,0.0001440111,0.0001279435,0.0001632174,0.0001289078,0.0001183233,0.001762541,0.00177382,0.001565,0.001551,0,0,1.524e-23,4.426e-24
step16,16,V,v,residual,2048,spike,1572864,0.0004734877,0.0003759585,0.000937144,0.0009121633,0.0009665753,0.001767476,0.001834234,0.001565,0.001551,0,0,1.524e-23,4.426e-24
step16,16,V,v,residual,2048,32-64,1572864,0.0005440613,0.0006759444,0.0007667542,0.0009090007,0.001040884,0.001776922,0.00183278,0.001565,0.001551,0,0,1.524e-23,4.426e-24
step16,16,V,v,residual,2048,64-128,3145728,0.0004643067,0.0004098946,0.0005340576,0.0005108452,0.0006155055,0.001778693,0.001803989,0.001565,0.001551,0,0,1.524e-23,4.426e-24
step16,16,V,v,residual,2048,128-256,6291456,0.0004585683,0.0003266852,0.0009617805,0.0005032123,0.0006350954,0.001756237,0.001831532,0.001565,0.001551,0,0,1.524e-23,4.426e-24
step16,16,V,v,residual,2048,256-512,1.258291e+07,0.0002115211,0.0001040338,0.0001950264,0.0001959505,0.0001173674,0.001750923,0.001768544,0.001565,0.001551,0,0,1.524e-23,4.426e-24
step16,16,V,v,residual,2048,512-1024,2.516582e+07,0.0002200667,0.0001154064,0.0001360575,0.0002452317,0.0001351951,0.001759194,0.001745655,0.001565,0.001551,0,0,1.524e-23,4.426e-24
step16,16,V,v,residual,2048,1024-2048,5.033165e+07,0.0002069139,8.951206e-05,0.0002200007,0.000103462,0.0001804507,0.001762847,0.001771808,0.001565,0.001551,0,0,1.524e-23,4.426e-24
step16,16,O,u,residual,2048,spike,1572864,0.000445869,0.0003914569,0.0008201599,0.0007659044,0.0008829775,0.001785097,0.001811981,0.001565,0.001551,0,0,1.524e-23,4.426e-24
step16,16,O,u,residual,2048,32-64,1572864,0.0005450997,0.0004971795,0.000855128,0.0008220609,0.0009267212,0.001821427,0.001863116,0.001565,0.001551,0,0,1.524e-23,4.426e-24
step16,16,O,u,residual,2048,64-128,3145728,0.0004688441,0.0003343944,0.0007562637,0.0005107487,0.0006301392,0.001736414,0.001803035,0.001565,0.001551,0,0,1.524e-23,4.426e-24
step16,16,O,u,residual,2048,128-256,6291456,0.0004371956,0.0003054153,0.0006362597,0.0002896604,0.0004120429,0.001736732,0.001813571,0.001565,0.001551,0,0,1.524e-23,4.426e-24
step16,16,O,u,residual,2048,256-512,1.258291e+07,0.0002699756,0.0001828947,0.0003537337,0.000138338,0.0002697298,0.001750197,0.001757145,0.001565,0.001551,0,0,1.524e-23,4.426e-24
step16,16,O,u,residual,2048,512-1024,2.516582e+07,0.0002585486,0.0001708387,0.0002072255,0.000172768,6.567379e-05,0.001757361,0.001767755,0.001565,0.001551,0,0,1.524e-23,4.426e-24
step16,16,O,u,residual,2048,1024-2048,5.033165e+07,0.0002327403,0.000125253,0.0001221498,0.0002178291,8.465259e-05,0.00176134,0.001770326,0.001565,0.001551,0,0,1.524e-23,4.426e-24
step16,16,O,v,head,2048,spike,1572864,0.0004480652,0.0005097097,0.0009606679,0.00098148,0.001113363,0.001710347,0.00184259,0.001565,0.001551,0,0,1.524e-23,4.426e-24
step16,16,O,v,head,2048,32-64,1572864,0.0008194784,0.0006850286,0.001677195,0.0009331243,0.00105865,0.001738775,0.001832145,0.001565,0.001551,0,0,1.524e-23,4.426e-24
step16,16,O,v,head,2048,64-128,3145728,0.0002994894,0.0004200058,0.000667572,0.0005974309,0.0007229564,0.001762981,0.001810256,0.001565,0.001551,0,0,1.524e-23,4.426e-24
step16,16,O,v,head,2048,128-256,6291456,0.0003195359,0.0002042426,0.0003884633,0.0001986181,0.0003012698,0.001785846,0.00180685,0.001565,0.001551,0,0,1.524e-23,4.426e-24
step16,16,O,v,head,2048,256-512,1.258291e+07,0.000316507,0.0001909815,0.0002575715,9.379338e-05,0.000172484,0.001746564,0.001760369,0.001565,0.001551,0,0,1.524e-23,4.426e-24
step16,16,O,v,head,2048,512-1024,2.516582e+07,0.0001986577,8.475478e-05,0.0001906157,9.690552e-05,0.0001275817,0.001760687,0.001773777,0.001565,0.001551,0,0,1.524e-23,4.426e-24
step16,16,O,v,head,2048,1024-2048,5.033165e+07,0.0002648134,0.0001329304,0.0002725522,8.775344e-05,0.0001677036,0.001754988,0.001768864,0.001565,0.001551,0,0,1.524e-23,4.426e-24
step16,16,MLP_IN,u,hidden,8192,spike,6291456,0.0002971156,0.0002657398,0.0005745888,0.000382787,0.000416392,0.0017665,0.001828671,0.001565,0.001562,0,0,1.524e-23,1.127e-23
step16,16,MLP_IN,u,hidden,8192,32-64,6291456,0.0001642619,0.0001697144,0.0005459785,0.0004854815,0.0005175783,0.001775878,0.001819565,0.001565,0.001562,0,0,1.524e-23,1.127e-23
step16,16,MLP_IN,u,hidden,8192,64-128,1.258291e+07,0.0002353436,0.0002646071,0.0004169146,0.0004409,0.0004738386,0.001783348,0.001810585,0.001565,0.001562,0,0,1.524e-23,1.127e-23
step16,16,MLP_IN,u,hidden,8192,128-256,2.516582e+07,0.0001802944,0.0001606535,0.0004199346,0.0003556868,0.0003892918,0.001762294,0.001806798,0.001565,0.001562,0,0,1.524e-23,1.127e-23
step16,16,MLP_IN,u,hidden,8192,256-512,5.033165e+07,6.675999e-05,8.247049e-05,0.0001961986,0.0001794037,0.0002055614,0.001777711,0.001806055,0.001565,0.001562,0,0,1.524e-23,1.127e-23
step16,16,MLP_IN,u,hidden,8192,512-1024,1.006633e+08,7.16014e-05,5.714581e-05,0.0002128482,0.0001412468,0.0001726225,0.001769284,0.001784143,0.001565,0.001562,0,0,1.524e-23,1.127e-23
step16,16,MLP_IN,u,hidden,8192,1024-2048,2.013266e+08,7.950096e-05,4.891358e-05,9.66241e-05,2.803852e-05,6.097705e-05,0.001770247,0.001772758,0.001565,0.001562,0,0,1.524e-23,1.127e-23
step16,16,MLP_IN,v,residual,2048,spike,1572864,0.0006864253,0.0005640428,0.001446406,0.0007599808,0.0008823633,0.001752308,0.001870746,0.001565,0.001551,0,0,1.524e-23,4.426e-24
step16,16,MLP_IN,v,residual,2048,32-64,1572864,0.0009226827,0.0008610382,0.001721064,0.001116221,0.001233294,0.001743771,0.001856849,0.001565,0.001551,0,0,1.524e-23,4.426e-24
step16,16,MLP_IN,v,residual,2048,64-128,3145728,0.000295039,0.0004025262,0.0003528595,0.0005220907,0.0006476161,0.001782281,0.001807667,0.001565,0.001551,0,0,1.524e-23,4.426e-24
step16,16,MLP_IN,v,residual,2048,128-256,6291456,0.0002377471,0.0002298911,0.0003732045,0.0002041424,0.0002918523,0.001773766,0.001770133,0.001565,0.001551,0,0,1.524e-23,4.426e-24
step16,16,MLP_IN,v,residual,2048,256-512,1.258291e+07,0.0001805805,9.432043e-05,0.0004249414,0.0002692657,0.0003667949,0.001749425,0.001784268,0.001565,0.001551,0,0,1.524e-23,4.426e-24
step16,16,MLP_IN,v,residual,2048,512-1024,2.516582e+07,0.0002398156,0.0001225132,0.0002772013,0.0001725022,0.0001614409,0.001766,0.001772966,0.001565,0.001551,0,0,1.524e-23,4.426e-24
step16,16,MLP_IN,v,residual,2048,1024-2048,5.033165e+07,0.0001409605,0.0001195352,9.981791e-05,0.0001364052,9.215684e-05,0.001765251,0.001770888,0.001565,0.001551,0,0,1.524e-23,4.426e-24
step16,16,MLP_OUT,u,residual,2048,spike,1572864,0.0004630187,0.0003311357,0.001202901,0.001087004,0.001141416,0.00173705,0.001847948,0.001565,0.001551,0,0,1.524e-23,4.426e-24
step16,16,MLP_OUT,u,residual,2048,32-64,1572864,0.0003956187,0.0003514846,0.0006370544,0.0004283883,0.0005069714,0.001809983,0.001828784,0.001565,0.001551,0,0,1.524e-23,4.426e-24
step16,16,MLP_OUT,u,residual,2048,64-128,3145728,0.000289061,0.0002788282,0.0005938212,0.0004939084,0.0006256887,0.00175358,0.001808303,0.001565,0.001551,0,0,1.524e-23,4.426e-24
step16,16,MLP_OUT,u,residual,2048,128-256,6291456,0.0001635312,0.0002578655,0.0002152125,0.0002307829,0.0003354431,0.001762436,0.001811641,0.001565,0.001551,0,0,1.524e-23,4.426e-24
step16,16,MLP_OUT,u,residual,2048,256-512,1.258291e+07,0.0003823877,0.0002749004,0.0005161762,0.000211523,0.0003459728,0.001744849,0.001772052,0.001565,0.001551,0,0,1.524e-23,4.426e-24
step16,16,MLP_OUT,u,residual,2048,512-1024,2.516582e+07,0.0001907014,8.604118e-05,0.0001306931,0.0001312596,0.0001712629,0.001763355,0.001761539,0.001565,0.001551,0,0,1.524e-23,4.426e-24
step16,16,MLP_OUT,u,residual,2048,1024-2048,5.033165e+07,0.0001482705,9.85529e-05,0.0001486739,4.708318e-05,0.000131643,0.001765132,0.001770641,0.001565,0.001551,0,0,1.524e-23,4.426e-24
step16,16,MLP_OUT,v,hidden,8192,spike,6291456,0.0001865727,0.0001669319,0.0004816055,0.0003414715,0.000363396,0.00176843,0.001817408,0.001565,0.001562,0,0,1.524e-23,1.127e-23
step16,16,MLP_OUT,v,hidden,8192,32-64,6291456,0.0003801624,0.0003997474,0.000664711,0.0006372035,0.0006701662,0.00178982,0.001842431,0.001565,0.001562,0,0,1.524e-23,1.127e-23
step16,16,MLP_OUT,v,hidden,8192,64-128,1.258291e+07,0.000199215,0.0002211396,0.0004390081,0.000488871,0.0005202467,0.001781248,0.001800776,0.001565,0.001562,0,0,1.524e-23,1.127e-23
step16,16,MLP_OUT,v,hidden,8192,128-256,2.516582e+07,0.0001332697,0.0001646454,0.0003285805,0.0003151,0.0003480627,0.001777081,0.001800969,0.001565,0.001562,0,0,1.524e-23,1.127e-23
step16,16,MLP_OUT,v,hidden,8192,256-512,5.033165e+07,0.0001527766,0.0001198139,0.0002713601,0.0001216666,0.0001515462,0.001767902,0.001797798,0.001565,0.001562,0,0,1.524e-23,1.127e-23
step16,16,MLP_OUT,v,hidden,8192,512-1024,1.006633e+08,5.711942e-05,4.751319e-05,0.0001067321,8.5489e-05,0.000119094,0.001774117,0.001779561,0.001565,0.001562,0,0,1.524e-23,1.127e-23
step16,16,MLP_OUT,v,hidden,8192,1024-2048,2.013266e+08,5.929719e-05,3.307013e-05,5.043546e-05,4.412626e-05,2.278859e-05,0.001773513,0.001772366,0.001565,0.001562,0,0,1.524e-23,1.127e-23
step32,32,Q,u,head,2048,spike,1572864,0.0005789932,0.0007045187,0.0006796519,0.0008926849,0.001027135,0.001733871,0.001821245,0.001565,0.001551,0,0,1.524e-23,4.426e-24
step32,32,Q,u,head,2048,32-64,1572864,0.0006626152,0.0005840321,0.00140508,0.001069607,0.00119199,0.001682554,0.001875923,0.001565,0.001551,0,0,1.524e-23,4.426e-24
step32,32,Q,u,head,2048,64-128,3145728,0.0001985793,0.0002862892,0.0008926392,0.0007582168,0.0008926666,0.001767794,0.001849583,0.001565,0.001551,0,0,1.524e-23,4.426e-24
step32,32,Q,u,head,2048,128-256,6291456,0.0001830106,0.0003147909,0.0003259977,0.0002484258,0.0003530861,0.001744634,0.001804102,0.001565,0.001551,0,0,1.524e-23,4.426e-24
step32,32,Q,u,head,2048,256-512,1.258291e+07,0.0001469913,0.0001022298,0.0002101262,0.000104448,0.0001708548,0.00174108,0.001784007,0.001565,0.001551,0,0,1.524e-23,4.426e-24
step32,32,Q,u,head,2048,512-1024,2.516582e+07,0.0002130849,9.070242e-05,0.0001509587,0.0002035799,0.0001249968,0.001751162,0.001754221,0.001565,0.001551,0,0,1.524e-23,4.426e-24
step32,32,Q,u,head,2048,1024-2048,5.033165e+07,0.0001841766,6.179417e-05,0.0001518726,4.372824e-05,0.000116042,0.001761683,0.001769423,0.001565,0.001551,0,0,1.524e-23,4.426e-24
step32,32,Q,v,residual,2048,spike,1572864,0.0005952616,0.0004633785,0.001519521,0.001226004,0.001318054,0.001726786,0.00186575,0.001565,0.001551,0,0,1.524e-23,4.426e-24
step32,32,Q,v,residual,2048,32-64,1572864,0.0006435417,0.0005649586,0.001379649,0.001281138,0.001388625,0.001734052,0.00185476,0.001565,0.001551,0,0,1.524e-23,4.426e-24
step32,32,Q,v,residual,2048,64-128,3145728,0.0006529033,0.0005184535,0.001095136,0.0005498573,0.0006816376,0.001748358,0.001822835,0.001565,0.001551,0,0,1.524e-23,4.426e-24
step32,32,Q,v,residual,2048,128-256,6291456,0.0003116311,0.0003928261,0.0003918012,0.0002408485,0.0003752983,0.001742363,0.00179779,0.001565,0.001551,0,0,1.524e-23,4.426e-24
step32,32,Q,v,residual,2048,256-512,1.258291e+07,0.0002765475,0.0002069154,0.0003794034,0.0001512613,0.0002683344,0.001765376,0.001765501,0.001565,0.001551,0,0,1.524e-23,4.426e-24
step32,32,Q,v,residual,2048,512-1024,2.516582e+07,0.0001744095,9.684035e-05,0.0002883673,0.0002394471,0.0001915269,0.001757752,0.001762736,0.001565,0.001551,0,0,1.524e-23,4.426e-24
step32,32,Q,v,residual,2048,1024-2048,5.033165e+07,0.0001869383,6.861282e-05,0.000125885,8.620372e-05,0.0001007797,0.001760278,0.001773062,0.001565,0.001551,0,0,1.524e-23,4.426e-24
step32,32,K,u,head,2048,spike,1572864,0.0004083414,0.0004190522,0.001223246,0.0008149048,0.0009467879,0.001779011,0.001873107,0.001565,0.001551,0,0,1.524e-23,4.426e-24
step32,32,K,u,head,2048,32-64,1572864,0.0003049925,0.0002950816,0.0006815592,0.0006832616,0.0008087871,0.001781191,0.001836232,0.001565,0.001551,0,0,1.524e-23,4.426e-24
step32,32,K,u,head,2048,64-128,3145728,0.0003486812,0.0003345289,0.0008370082,0.0006026273,0.0007344076,0.001737504,0.001817885,0.001565,0.001551,0,0,1.524e-23,4.426e-24
step32,32,K,u,head,2048,128-256,6291456,0.0003526391,0.0004222712,0.0004494985,0.0003314476,0.0004658973,0.001757122,0.001797381,0.001565,0.001551,0,0,1.524e-23,4.426e-24
step32,32,K,u,head,2048,256-512,1.258291e+07,0.0002812726,0.0001588901,0.0002613862,0.0002172028,0.0002548721,0.001760301,0.001769304,0.001565,0.001551,0,0,1.524e-23,4.426e-24
step32,32,K,u,head,2048,512-1024,2.516582e+07,0.0002361635,0.0001042804,0.0001154741,0.0002169637,0.0001553192,0.001768089,0.001748556,0.001565,0.001551,0,0,1.524e-23,4.426e-24
step32,32,K,u,head,2048,1024-2048,5.033165e+07,0.000131001,0.00011853,8.004904e-05,0.000103106,0.0001073422,0.001757906,0.001765333,0.001565,0.001551,0,0,1.524e-23,4.426e-24
step32,32,K,v,residual,2048,spike,1572864,0.0003829101,0.0003904836,0.001448949,0.001134918,0.001269368,0.001732781,0.001896813,0.001565,0.001551,0,0,1.524e-23,4.426e-24
step32,32,K,v,residual,2048,32-64,1572864,0.0003275665,0.0002854362,0.001284281,0.001212343,0.001344123,0.001774379,0.00189318,0.001565,0.001551,0,0,1.524e-23,4.426e-24
step32,32,K,v,residual,2048,64-128,3145728,0.000679548,0.0005624749,0.001168887,0.0007089437,0.0008433934,0.001765251,0.001841182,0.001565,0.001551,0,0,1.524e-23,4.426e-24
step32,32,K,v,residual,2048,128-256,6291456,0.0003691696,0.0002559366,0.0007832845,0.0004728537,0.0006047367,0.001736641,0.001801877,0.001565,0.001551,0,0,1.524e-23,4.426e-24
step32,32,K,v,residual,2048,256-512,1.258291e+07,0.0002297103,0.0001188259,0.0002231598,0.0001554643,0.0001550793,0.001766727,0.001771688,0.001565,0.001551,0,0,1.524e-23,4.426e-24
step32,32,K,v,residual,2048,512-1024,2.516582e+07,0.0001060284,0.0002035576,0.0002855062,0.0002007822,8.220223e-05,0.001767028,0.001761312,0.001565,0.001551,0,0,1.524e-23,4.426e-24
step32,32,K,v,residual,2048,1024-2048,5.033165e+07,0.0002822939,0.0001567684,0.0001494884,0.0001449936,0.0001018206,0.001758882,0.001770011,0.001565,0.001551,0,0,1.524e-23,4.426e-24
step32,32,V,u,head,2048,spike,1572864,0.0005250592,0.000455427,0.001110713,0.001106093,0.001237976,0.001760301,0.00187565,0.001565,0.001551,0,0,1.524e-23,4.426e-24
step32,32,V,u,head,2048,32-64,1572864,0.0007311961,0.0008656458,0.001026154,0.001078281,0.001182942,0.001785006,0.001883552,0.001565,0.001551,0,0,1.524e-23,4.426e-24
step32,32,V,u,head,2048,64-128,3145728,0.0004362944,0.0003613312,0.0006370544,0.000269611,0.0003812591,0.0017613,0.001805533,0.001565,0.001551,0,0,1.524e-23,4.426e-24
step32,32,V,u,head,2048,128-256,6291456,0.0001962367,0.0002114762,0.000322183,0.0002177199,0.0003025521,0.001751219,0.001782803,0.001565,0.001551,0,0,1.524e-23,4.426e-24
step32,32,V,u,head,2048,256-512,1.258291e+07,0.0001691246,0.0001525424,0.0003843307,0.0002946516,0.0004291014,0.001766693,0.001780669,0.001565,0.001551,0,0,1.524e-23,4.426e-24
step32,32,V,u,head,2048,512-1024,2.516582e+07,0.0001337412,0.0001298071,0.0001326005,0.0001273039,0.0001253809,0.001756685,0.001766812,0.001565,0.001551,0,0,1.524e-23,4.426e-24
step32,32,V,u,head,2048,1024-2048,5.033165e+07,0.00014419,0.0001423103,0.0001433889,0.0001046597,0.00013178,0.0017635,0.001775239,0.001565,0.001551,0,0,1.524e-23,4.426e-24
step32,32,V,v,residual,2048,spike,1572864,0.0003685835,0.0003093358,0.001193364,0.001003696,0.001129222,0.00175576,0.001874651,0.001565,0.001551,0,0,1.524e-23,4.426e-24
step32,32,V,v,residual,2048,32-64,1572864,0.0006479085,0.0007823583,0.0006376902,0.000803214,0.0009349462,0.001774288,0.001857122,0.001565,0.001551,0,0,1.524e-23,4.426e-24
step32,32,V,v,residual,2048,64-128,3145728,0.000439829,0.0003854169,0.0008735657,0.0007392467,0.0008711298,0.00178546,0.001865478,0.001565,0.001551,0,0,1.524e-23,4.426e-24
step32,32,V,v,residual,2048,128-256,6291456,0.0003814796,0.0003009957,0.0004043579,0.0002365469,0.0003440342,0.00175878,0.001790001,0.001565,0.001551,0,0,1.524e-23,4.426e-24
step32,32,V,v,residual,2048,256-512,1.258291e+07,0.000275349,0.0001582759,0.0004754861,0.0002660073,0.0003635365,0.001751934,0.001779091,0.001565,0.001551,0,0,1.524e-23,4.426e-24
step32,32,V,v,residual,2048,512-1024,2.516582e+07,0.0001961492,0.0001331113,0.0001045863,0.0001776797,0.000123225,0.001754284,0.001752814,0.001565,0.001551,0,0,1.524e-23,4.426e-24
step32,32,V,v,residual,2048,1024-2048,5.033165e+07,0.0002081747,8.794879e-05,0.0002230406,6.042925e-05,0.0001923123,0.001762257,0.001763764,0.001565,0.001551,0,0,1.524e-23,4.426e-24
step32,32,O,u,residual,2048,spike,1572864,0.0002931316,0.0002147817,0.001335144,0.001208208,0.00133059,0.0017613,0.001899356,0.001565,0.001551,0,0,1.524e-23,4.426e-24
step32,32,O,u,residual,2048,32-64,1572864,0.0007328871,0.0006353579,0.00128301,0.0008678894,0.001002339,0.001824697,0.001857303,0.001565,0.001551,0,0,1.524e-23,4.426e-24
step32,32,O,u,residual,2048,64-128,3145728,0.0004097163,0.0002752665,0.001294772,0.0009106613,0.001033044,0.001745451,0.001837912,0.001565,0.001551,0,0,1.524e-23,4.426e-24
step32,32,O,u,residual,2048,128-256,6291456,0.0002857728,0.0001882436,0.0004102389,0.0002136132,0.0003454963,0.001757486,0.001803126,0.001565,0.001551,0,0,1.524e-23,4.426e-24
step32,32,O,u,residual,2048,256-512,1.258291e+07,0.0002826913,0.0002417884,0.0004251003,0.0002853513,0.0001833119,0.001752433,0.001793067,0.001565,0.001551,0,0,1.524e-23,4.426e-24
step32,32,O,u,residual,2048,512-1024,2.516582e+07,0.0002567126,0.000145916,0.0001364152,0.0002180798,0.0001010637,0.001758854,0.001771586,0.001565,0.001551,0,0,1.524e-23,4.426e-24
step32,32,O,u,residual,2048,1024-2048,5.033165e+07,0.0002363166,0.0001306456,0.0001597404,0.0001144762,9.938869e-05,0.001760727,0.001767896,0.001565,0.001551,0,0,1.524e-23,4.426e-24
step32,32,O,v,head,2048,spike,1572864,0.0003307365,0.0003756227,0.001048406,0.00094595,0.00107773,0.001721973,0.001831781,0.001565,0.001551,0,0,1.524e-23,4.426e-24
step32,32,O,v,head,2048,32-64,1572864,0.000904933,0.0007878599,0.001150131,0.0004591062,0.0004809184,0.00178655,0.001779829,0.001565,0.001551,0,0,1.524e-23,4.426e-24
step32,32,O,v,head,2048,64-128,3145728,0.0003288488,0.0004607319,0.0004752477,0.0005618633,0.0006937463,0.0017618,0.001816114,0.001565,0.001551,0,0,1.524e-23,4.426e-24
step32,32,O,v,head,2048,128-256,6291456,0.0003238523,0.0003012535,0.0004693667,0.0003287354,0.0004511663,0.001762935,0.001808621,0.001565,0.001551,0,0,1.524e-23,4.426e-24
step32,32,O,v,head,2048,256-512,1.258291e+07,0.000250315,0.000133242,0.0001699924,0.0002055505,0.0001239301,0.001748891,0.001751661,0.001565,0.001551,0,0,1.524e-23,4.426e-24
step32,32,O,v,head,2048,512-1024,2.516582e+07,0.0002132438,9.086137e-05,0.0001744827,0.0001706381,0.0001612494,0.001750418,0.001761505,0.001565,0.001551,0,0,1.524e-23,4.426e-24
step32,32,O,v,head,2048,1024-2048,5.033165e+07,0.0001855556,8.089531e-05,0.0001421372,0.0001132273,0.0001314868,0.001753932,0.001767962,0.001565,0.001551,0,0,1.524e-23,4.426e-24
step32,32,MLP_IN,u,hidden,8192,spike,6291456,0.0002940956,0.0002627199,0.0009032885,0.0007176301,0.0007505927,0.00176784,0.001830737,0.001565,0.001562,0,0,1.524e-23,1.127e-23
step32,32,MLP_IN,u,hidden,8192,32-64,6291456,0.000180806,0.0001844596,0.0004094442,0.0003351808,0.0003552061,0.001767635,0.001816159,0.001565,0.001562,0,0,1.524e-23,1.127e-23
step32,32,MLP_IN,u,hidden,8192,64-128,1.258291e+07,0.0002761132,0.0003053766,0.0002847513,0.0003193677,0.0003529727,0.001779806,0.001806532,0.001565,0.001562,0,0,1.524e-23,1.127e-23
step32,32,MLP_IN,u,hidden,8192,128-256,2.516582e+07,0.0001934074,0.0001737665,0.000348568,0.0002616545,0.0002946172,0.001762532,0.001802842,0.001565,0.001562,0,0,1.524e-23,1.127e-23
step32,32,MLP_IN,u,hidden,8192,256-512,5.033165e+07,5.367763e-05,8.505335e-05,0.0001920462,0.0001811048,0.0002147098,0.001779131,0.00178712,0.001565,0.001562,0,0,1.524e-23,1.127e-23
step32,32,MLP_IN,u,hidden,8192,512-1024,1.006633e+08,4.206646e-05,5.903329e-05,0.0001153946,0.0001050794,0.000127004,0.001768358,0.001778683,0.001565,0.001562,0,0,1.524e-23,1.127e-23
step32,32,MLP_IN,u,hidden,8192,1024-2048,2.013266e+08,8.612701e-05,5.553963e-05,4.506111e-05,6.388024e-05,3.027523e-05,0.001769624,0.001774171,0.001565,0.001562,0,0,1.524e-23,1.127e-23
step32,32,MLP_IN,v,residual,2048,spike,1572864,0.0006508214,0.0005284389,0.00135994,0.0007481476,0.0008800307,0.001759393,0.001793271,0.001565,0.001551,0,0,1.524e-23,4.426e-24
step32,32,MLP_IN,v,residual,2048,32-64,1572864,0.0008591278,0.0008047158,0.001298269,0.0007411179,0.0008666433,0.001746586,0.001859483,0.001565,0.001551,0,0,1.524e-23,4.426e-24
step32,32,MLP_IN,v,residual,2048,64-128,3145728,0.0003669442,0.0004372876,0.0003051758,0.0003695389,0.000501422,0.001787322,0.001828512,0.001565,0.001551,0,0,1.524e-23,4.426e-24
step32,32,MLP_IN,v,residual,2048,128-256,6291456,0.0002533478,0.0002909262,0.0005187988,0.0003948852,0.0005266656,0.001775038,0.001803807,0.001565,0.001551,0,0,1.524e-23,4.426e-24
step32,32,MLP_IN,v,residual,2048,256-512,1.258291e+07,0.000255708,0.0001482207,0.0002935727,0.0001448546,0.0001855216,0.00175257,0.001782463,0.001565,0.001551,0,0,1.524e-23,4.426e-24
step32,32,MLP_IN,v,residual,2048,512-1024,2.516582e+07,0.0002606068,0.0001435337,0.0001674891,0.0002572564,0.0001956119,0.001771666,0.001758621,0.001565,0.001551,0,0,1.524e-23,4.426e-24
step32,32,MLP_IN,v,residual,2048,1024-2048,5.033165e+07,0.0001524154,9.728284e-05,0.0001354814,8.290836e-05,0.0001298377,0.001769043,0.001767791,0.001565,0.001551,0,0,1.524e-23,4.426e-24
step32,32,MLP_OUT,u,residual,2048,spike,1572864,0.0003809633,0.0004699148,0.001183192,0.001163269,0.001280342,0.001729239,0.001805169,0.001565,0.001551,0,0,1.524e-23,4.426e-24
step32,32,MLP_OUT,u,residual,2048,32-64,1572864,0.0004608968,0.0004505198,0.0006459554,0.0004347049,0.0003939352,0.0018019,0.001763662,0.001565,0.001551,0,0,1.524e-23,4.426e-24
step32,32,MLP_OUT,u,residual,2048,64-128,3145728,0.0003604532,0.0004406688,0.000459671,0.0005242387,0.000631726,0.001740092,0.001825741,0.001565,0.001551,0,0,1.524e-23,4.426e-24
step32,32,MLP_OUT,u,residual,2048,128-256,6291456,0.0001803918,0.0002435604,0.0003945033,0.0003076639,0.0004247369,0.001774493,0.001813094,0.001565,0.001551,0,0,1.524e-23,4.426e-24
step32,32,MLP_OUT,u,residual,2048,256-512,1.258291e+07,0.0001855657,0.0001852852,0.0003035863,0.0002870804,0.0004103102,0.001750821,0.001779295,0.001565,0.001551,0,0,1.524e-23,4.426e-24
step32,32,MLP_OUT,u,residual,2048,512-1024,2.516582e+07,0.0002230243,0.0001353143,0.0001798868,0.0002110158,8.898231e-05,0.001763429,0.001764445,0.001565,0.001551,0,0,1.524e-23,4.426e-24
step32,32,MLP_OUT,u,residual,2048,1024-2048,5.033165e+07,0.0001321101,4.827401e-05,0.0001049439,0.0001478832,9.835932e-05,0.001758865,0.00176755,0.001565,0.001551,0,0,1.524e-23,4.426e-24
step32,32,MLP_OUT,v,hidden,8192,spike,6291456,0.0002941445,0.0002612059,0.000641346,0.0004173816,0.0004503443,0.00177615,0.001824947,0.001565,0.001562,0,0,1.524e-23,1.127e-23
step32,32,MLP_OUT,v,hidden,8192,32-64,6291456,0.0002031787,0.000219099,0.0005607605,0.0004678386,0.0004984259,0.001777513,0.001808121,0.001565,0.001562,0,0,1.524e-23,1.127e-23
step32,32,MLP_OUT,v,hidden,8192,64-128,1.258291e+07,0.0002053642,0.000189706,0.0004883607,0.0004268925,0.0004464775,0.001781986,0.001814876,0.001565,0.001562,0,0,1.524e-23,1.127e-23
step32,32,MLP_OUT,v,hidden,8192,128-256,2.516582e+07,0.0001185518,0.0001359577,0.0003120104,0.0003143509,0.0003412186,0.001779795,0.001804465,0.001565,0.001562,0,0,1.524e-23,1.127e-23
step32,32,MLP_OUT,v,hidden,8192,256-512,5.033165e+07,9.211728e-05,6.773843e-05,0.0003089706,0.0002632003,0.0002968053,0.001772319,0.001795766,0.001565,0.001562,0,0,1.524e-23,1.127e-23
step32,32,MLP_OUT,v,hidden,8192,512-1024,1.006633e+08,8.679833e-05,5.993058e-05,0.0001206299,7.850378e-05,0.0001114423,0.001773218,0.001784071,0.001565,0.001562,0,0,1.524e-23,1.127e-23
step32,32,MLP_OUT,v,hidden,8192,1024-2048,2.013266e+08,7.380537e-05,4.084272e-05,7.650753e-05,4.071129e-05,5.977493e-05,0.001772824,0.001773991,0.001565,0.001562,0,0,1.524e-23,1.127e-23
step64,64,Q,u,head,2048,spike,1572864,0.0004925268,0.0006180522,0.0009714762,0.0009685176,0.0010909,0.001716341,0.001880373,0.001565,0.001551,0,0,1.524e-23,4.426e-24
step64,64,Q,u,head,2048,32-64,1572864,0.0006904665,0.0005858063,0.001448313,0.001067525,0.001201975,0.001696723,0.001841409,0.001565,0.001551,0,0,1.524e-23,4.426e-24
step64,64,Q,u,head,2048,64-128,3145728,0.0003326184,0.0004496914,0.0009584427,0.0008229261,0.0009547064,0.001758803,0.001814434,0.001565,0.001551,0,0,1.524e-23,4.426e-24
step64,64,Q,u,head,2048,128-256,6291456,0.0002245546,0.0003225793,0.0004824003,0.0006161711,0.0007049955,0.001752172,0.001798471,0.001565,0.001551,0,0,1.524e-23,4.426e-24
step64,64,Q,u,head,2048,256-512,1.258291e+07,0.0002272744,0.0001576422,0.0001308123,0.0001694245,0.0001478113,0.001744656,0.001778205,0.001565,0.001551,0,0,1.524e-23,4.426e-24
step64,64,Q,u,head,2048,512-1024,2.516582e+07,0.0002283716,0.0001028461,0.0001957019,0.000177044,0.0001051766,0.001751548,0.001764842,0.001565,0.001551,0,0,1.524e-23,4.426e-24
step64,64,Q,u,head,2048,1024-2048,5.033165e+07,0.0002426405,0.0001107574,0.0002194643,8.903351e-05,0.000117753,0.001761104,0.001770885,0.001565,0.001551,0,0,1.524e-23,4.426e-24
step64,64,Q,v,residual,2048,spike,1572864,0.0004280507,0.0003362042,0.001712799,0.001284748,0.001416631,0.001732327,0.001829329,0.001565,0.001551,0,0,1.524e-23,4.426e-24
step64,64,Q,v,residual,2048,32-64,1572864,0.000399401,0.0003208179,0.001132329,0.0009604991,0.001092382,0.001727059,0.001838775,0.001565,0.001551,0,0,1.524e-23,4.426e-24
step64,64,Q,v,residual,2048,64-128,3145728,0.0006547073,0.0005228242,0.00122865,0.000689091,0.0008114735,0.00174309,0.001822108,0.001565,0.001551,0,0,1.524e-23,4.426e-24
step64,64,Q,v,residual,2048,128-256,6291456,0.0002622361,0.000377689,0.0005672773,0.000508088,0.0006059795,0.001743521,0.001807394,0.001565,0.001551,0,0,1.524e-23,4.426e-24
step64,64,Q,v,residual,2048,256-512,1.258291e+07,0.0002511406,0.0001570899,0.0003208319,0.0001589861,0.0002326927,0.001766364,0.001754829,0.001565,0.001551,0,0,1.524e-23,4.426e-24
step64,64,Q,v,residual,2048,512-1024,2.516582e+07,0.0001723471,9.376398e-05,0.0001094341,0.000159657,8.434247e-05,0.001754534,0.001766727,0.001565,0.001551,0,0,1.524e-23,4.426e-24
step64,64,Q,v,residual,2048,1024-2048,5.033165e+07,0.0001685858,6.109856e-05,0.0001026789,8.861628e-05,6.325637e-05,0.001760823,0.001766707,0.001565,0.001551,0,0,1.524e-23,4.426e-24
step64,64,K,u,head,2048,spike,1572864,0.0003464307,0.0003777307,0.001646042,0.001415298,0.001549748,0.0017712,0.001854488,0.001565,0.001551,0,0,1.524e-23,4.426e-24
step64,64,K,u,head,2048,32-64,1572864,0.000309443,0.0003911934,0.001054128,0.0008748309,0.0009794912,0.001788003,0.001837049,0.001565,0.001551,0,0,1.524e-23,4.426e-24
step64,64,K,u,head,2048,64-128,3145728,0.0001940114,0.0001953722,0.0006615321,0.0004675207,0.0005899031,0.001761618,0.00180199,0.001565,0.001551,0,0,1.524e-23,4.426e-24
step64,64,K,u,head,2048,128-256,6291456,0.0002910359,0.0002994245,0.0004789035,0.0003297563,0.0002518635,0.001758893,0.001812708,0.001565,0.001551,0,0,1.524e-23,4.426e-24
step64,64,K,u,head,2048,256-512,1.258291e+07,0.0002633912,0.0001495897,0.0004473527,0.0001858772,0.0003177602,0.001749992,0.001766625,0.001565,0.001551,0,0,1.524e-23,4.426e-24
step64,64,K,u,head,2048,512-1024,2.516582e+07,0.0001825432,8.479646e-05,0.0001183748,0.0001676579,8.053243e-05,0.00176075,0.001761414,0.001565,0.001551,0,0,1.524e-23,4.426e-24
step64,64,K,u,head,2048,1024-2048,5.033165e+07,0.00011403,0.0001476965,0.0001213153,0.000185962,5.41817e-05,0.001759799,0.001769089,0.001565,0.001551,0,0,1.524e-23,4.426e-24
step64,64,K,v,residual,2048,spike,1572864,0.0003712615,0.0004496114,0.001760483,0.001422292,0.001556742,0.001733871,0.00190635,0.001565,0.001551,0,0,1.524e-23,4.426e-24
step64,64,K,v,residual,2048,32-64,1572864,0.0003779439,0.0003584196,0.001048406,0.00106791,0.001193436,0.001767295,0.001832145,0.001565,0.001551,0,0,1.524e-23,4.426e-24
step64,64,K,v,residual,2048,64-128,3145728,0.0005511881,0.0004437008,0.001296043,0.0007448553,0.0008523426,0.001765614,0.00182447,0.001565,0.001551,0,0,1.524e-23,4.426e-24
step64,64,K,v,residual,2048,128-256,6291456,0.0002756182,0.000253068,0.0004156431,0.0002765298,0.0003822127,0.001750651,0.001780896,0.001565,0.001551,0,0,1.524e-23,4.426e-24
step64,64,K,v,residual,2048,256-512,1.258291e+07,0.0003148869,0.0001831065,0.0003376007,0.0002736204,0.0002257003,0.001771393,0.001772835,0.001565,0.001551,0,0,1.524e-23,4.426e-24
step64,64,K,v,residual,2048,512-1024,2.516582e+07,0.0001337266,0.0002063395,0.0002332131,0.0001614828,0.0001130841,0.001762106,0.001754074,0.001565,0.001551,0,0,1.524e-23,4.426e-24
step64,64,K,v,residual,2048,1024-2048,5.033165e+07,0.0002064063,9.411954e-05,0.000195384,0.0001182715,0.0001290321,0.001759058,0.001782153,0.001565,0.001551,0,0,1.524e-23,4.426e-24
step64,64,V,u,head,2048,spike,1572864,0.0004274798,0.0003799479,0.001576106,0.001434231,0.001566012,0.001755669,0.001864933,0.001565,0.001551,0,0,1.524e-23,4.426e-24
step64,64,V,u,head,2048,32-64,1572864,0.0005981768,0.0007299571,0.0004920959,0.0005981768,0.0007299571,0.001785732,0.00180635,0.001565,0.001551,0,0,1.524e-23,4.426e-24
step64,64,V,u,head,2048,64-128,3145728,0.0004068219,0.0003779022,0.0008061727,0.0005799831,0.0007118661,0.001756305,0.001812753,0.001565,0.001551,0,0,1.524e-23,4.426e-24
step64,64,V,u,head,2048,128-256,6291456,0.0001258913,0.0002105154,0.0005275408,0.000524426,0.0006562063,0.001750378,0.001801309,0.001565,0.001551,0,0,1.524e-23,4.426e-24
step64,64,V,u,head,2048,256-512,1.258291e+07,0.0001604739,0.000134661,0.0002787113,0.0001210709,0.0002250553,0.001766012,0.001775083,0.001565,0.001551,0,0,1.524e-23,4.426e-24
step64,64,V,u,head,2048,512-1024,2.516582e+07,0.000153188,9.412379e-05,0.0001206398,0.0001632312,7.904465e-05,0.001756197,0.001767068,0.001565,0.001551,0,0,1.524e-23,4.426e-24
step64,64,V,u,head,2048,1024-2048,5.033165e+07,0.0001372957,0.0001489045,0.0001556873,5.539604e-05,0.0001688162,0.001764828,0.001773695,0.001565,0.001551,0,0,1.524e-23,4.426e-24
step64,64,V,v,residual,2048,spike,1572864,0.000358411,0.0003824508,0.0008996328,0.0007235667,0.0008580164,0.001744588,0.001863116,0.001565,0.001551,0,0,1.524e-23,4.426e-24
step64,64,V,v,residual,2048,32-64,1572864,0.0006209911,0.0007528741,0.001716614,0.001606418,0.001731944,0.001775106,0.001876559,0.001565,0.001551,0,0,1.524e-23,4.426e-24
step64,64,V,v,residual,2048,64-128,3145728,0.0004471891,0.000399269,0.0003986359,0.0003173596,0.0004344326,0.001793316,0.00185031,0.001565,0.001551,0,0,1.524e-23,4.426e-24
step64,64,V,v,residual,2048,128-256,6291456,0.0002962108,0.0002789022,0.0002808571,0.0002557827,0.0003018753,0.001766568,0.001788162,0.001565,0.001551,0,0,1.524e-23,4.426e-24
step64,64,V,v,residual,2048,256-512,1.258291e+07,0.0002726469,0.0001613976,0.0002164046,0.0001212399,0.000153461,0.001754613,0.001784983,0.001565,0.001551,0,0,1.524e-23,4.426e-24
step64,64,V,v,residual,2048,512-1024,2.516582e+07,0.0002225701,0.0001179098,0.0001988014,0.0001173916,0.0001941004,0.001757088,0.001765115,0.001565,0.001551,0,0,1.524e-23,4.426e-24
step64,64,V,v,residual,2048,1024-2048,5.033165e+07,0.0002093652,7.491547e-05,0.0001474619,0.0001269363,0.0001071797,0.001761686,0.001762603,0.001565,0.001551,0,0,1.524e-23,4.426e-24
step64,64,O,u,residual,2048,spike,1572864,0.000488702,0.0004705577,0.0009021759,0.0005800046,0.0006775338,0.001795542,0.001820882,0.001565,0.001551,0,0,1.524e-23,4.426e-24
step64,64,O,u,residual,2048,32-64,1572864,0.0003907915,0.0003069798,0.0008716583,0.000946901,0.001069283,0.001827422,0.00190971,0.001565,0.001551,0,0,1.524e-23,4.426e-24
step64,64,O,u,residual,2048,64-128,3145728,0.0003669761,0.0003911934,0.0008363724,0.0004693963,0.0005493841,0.001775242,0.001842135,0.001565,0.001551,0,0,1.524e-23,4.426e-24
step64,64,O,u,residual,2048,128-256,6291456,0.0002288178,0.0001973072,0.0004313787,0.0003039399,0.0004114272,0.001753716,0.001788593,0.001565,0.001551,0,0,1.524e-23,4.426e-24
step64,64,O,u,residual,2048,256-512,1.258291e+07,0.0002193605,0.0001174092,0.0003829002,0.0001823442,0.0003078696,0.001754886,0.001768021,0.001565,0.001551,0,0,1.524e-23,4.426e-24
step64,64,O,u,residual,2048,512-1024,2.516582e+07,0.0002077205,0.0001239871,0.0001375675,0.0001456493,7.205614e-05,0.001752723,0.001766545,0.001565,0.001551,0,0,1.524e-23,4.426e-24
step64,64,O,u,residual,2048,1024-2048,5.033165e+07,0.0001288354,0.0001304625,0.0001332362,9.066498e-05,0.0001752564,0.001762575,0.00176614,0.001565,0.001551,0,0,1.524e-23,4.426e-24
step64,64,O,v,head,2048,spike,1572864,0.0004457195,0.0005532068,0.001249949,0.001500869,0.001617942,0.001733871,0.001871472,0.001565,0.001551,0,0,1.524e-23,4.426e-24
step64,64,O,v,head,2048,32-64,1572864,0.001208578,0.001074128,0.001688004,0.0007254219,0.0008300822,0.001770564,0.001846223,0.001565,0.001551,0,0,1.524e-23,4.426e-24
step64,64,O,v,head,2048,64-128,3145728,0.0003114297,0.0001943566,0.0008430481,0.0007245203,0.0008589701,0.001766568,0.001864797,0.001565,0.001551,0,0,1.524e-23,4.426e-24
step64,64,O,v,head,2048,128-256,6291456,0.0001903712,0.0001691152,0.0005542437,0.0004043119,0.0005298373,0.001774538,0.001777717,0.001565,0.001551,0,0,1.524e-23,4.426e-24
step64,64,O,v,head,2048,256-512,1.258291e+07,0.0002327029,0.0001280426,0.0002737045,0.0001171095,0.0001677991,0.001744304,0.00178546,0.001565,0.001551,0,0,1.524e-23,4.426e-24
step64,64,O,v,head,2048,512-1024,2.516582e+07,0.0002039029,0.000144848,0.0001890659,0.000169968,0.0001185361,0.001749697,0.00176306,0.001565,0.001551,0,0,1.524e-23,4.426e-24
step64,64,O,v,head,2048,1024-2048,5.033165e+07,0.0001384174,7.040066e-05,0.0001415213,0.0001554969,0.0001178464,0.001763545,0.001772355,0.001565,0.001551,0,0,1.524e-23,4.426e-24
step64,64,MLP_IN,u,hidden,8192,spike,6291456,0.0002990718,0.0002661332,0.0007058779,0.0005956671,0.000613073,0.001766931,0.001834302,0.001565,0.001562,0,0,1.524e-23,1.127e-23
step64,64,MLP_IN,u,hidden,8192,32-64,6291456,0.0001978234,0.0001648848,0.0006577174,0.0005734663,0.000606429,0.001760937,0.001831304,0.001565,0.001562,0,0,1.524e-23,1.127e-23
step64,64,MLP_IN,u,hidden,8192,64-128,1.258291e+07,0.0002062501,0.0002296145,0.0004014969,0.0004213588,0.0004475165,0.001788469,0.001816659,0.001565,0.001562,0,0,1.524e-23,1.127e-23
step64,64,MLP_IN,u,hidden,8192,128-256,2.516582e+07,0.0001622502,0.0001360924,0.0004425446,0.0002962169,0.0003268043,0.001759853,0.001811118,0.001565,0.001562,0,0,1.524e-23,1.127e-23
step64,64,MLP_IN,u,hidden,8192,256-512,5.033165e+07,9.051788e-05,8.147187e-05,0.0002715985,0.0001810806,0.000211668,0.001779579,0.001801445,0.001565,0.001562,0,0,1.524e-23,1.127e-23
step64,64,MLP_IN,u,hidden,8192,512-1024,1.006633e+08,6.120039e-05,5.822577e-05,0.000207593,0.0001650711,0.0001986761,0.001772512,0.001783463,0.001565,0.001562,0,0,1.524e-23,1.127e-23
step64,64,MLP_IN,u,hidden,8192,1024-2048,2.013266e+08,8.146103e-05,5.530332e-05,8.111199e-05,4.807257e-05,6.999712e-05,0.001769873,0.001775336,0.001565,0.001562,0,0,1.524e-23,1.127e-23
step64,64,MLP_IN,v,residual,2048,spike,1572864,0.0005535466,0.0004311642,0.0008500417,0.0004989921,0.0005526025,0.001763662,0.001873925,0.001565,0.001551,0,0,1.524e-23,4.426e-24
step64,64,MLP_IN,v,residual,2048,32-64,1572864,0.0008638584,0.0007663292,0.001102448,0.0004916804,0.0006140629,0.001740229,0.001803807,0.001565,0.001551,0,0,1.524e-23,4.426e-24
step64,64,MLP_IN,v,residual,2048,64-128,3145728,0.0004101157,0.0005176029,0.000483195,0.0004958158,0.0006275961,0.001784052,0.001813889,0.001565,0.001551,0,0,1.524e-23,4.426e-24
step64,64,MLP_IN,v,residual,2048,128-256,6291456,0.0001660626,0.0002567529,0.0003644625,0.0003003976,0.0004322806,0.001774811,0.001786232,0.001565,0.001551,0,0,1.524e-23,4.426e-24
step64,64,MLP_IN,v,residual,2048,256-512,1.258291e+07,0.0002155764,0.0001549926,0.0002036889,0.0001412186,0.0001398202,0.001759109,0.001773108,0.001565,0.001551,0,0,1.524e-23,4.426e-24
step64,64,MLP_IN,v,residual,2048,512-1024,2.516582e+07,0.0002004062,8.270204e-05,0.0001486937,8.036522e-05,0.0001095455,0.001770258,0.001763866,0.001565,0.001551,0,0,1.524e-23,4.426e-24
step64,64,MLP_IN,v,residual,2048,1024-2048,5.033165e+07,0.0001177489,7.938559e-05,0.0001441638,5.9787e-05,0.000167644,0.001767119,0.001768441,0.001565,0.001551,0,0,1.524e-23,4.426e-24
step64,64,MLP_OUT,u,residual,2048,spike,1572864,0.0005932211,0.0007007084,0.0008627574,0.0004884518,0.0006136017,0.001729511,0.001855033,0.001565,0.001551,0,0,1.524e-23,4.426e-24
step64,64,MLP_OUT,u,residual,2048,32-64,1572864,0.000526667,0.00049422,0.001135508,0.001188324,0.001322774,0.001778739,0.001852036,0.001565,0.001551,0,0,1.524e-23,4.426e-24
step64,64,MLP_OUT,u,residual,2048,64-128,3145728,0.0003318429,0.0004160165,0.0006402334,0.0006339112,0.0007413985,0.001805805,0.00181793,0.001565,0.001551,0,0,1.524e-23,4.426e-24
step64,64,MLP_OUT,u,residual,2048,128-256,6291456,0.0002080627,0.000212112,0.0006276766,0.0004385925,0.000560975,0.001758076,0.00178739,0.001565,0.001551,0,0,1.524e-23,4.426e-24
step64,64,MLP_OUT,u,residual,2048,256-512,1.258291e+07,0.0001714996,0.0002331442,0.0001955827,0.0001663251,0.0001980728,0.001759154,0.001758416,0.001565,0.001551,0,0,1.524e-23,4.426e-24
step64,64,MLP_OUT,u,residual,2048,512-1024,2.516582e+07,0.0002712349,0.0001367851,0.0001885096,0.0001427883,6.0113e-05,0.001772846,0.001760857,0.001565,0.001551,0,0,1.524e-23,4.426e-24
step64,64,MLP_OUT,u,residual,2048,1024-2048,5.033165e+07,0.0001380399,5.685503e-05,0.0001147787,0.0001255824,0.000145324,0.001764536,0.001770281,0.001565,0.001551,0,0,1.524e-23,4.426e-24
step64,64,MLP_OUT,v,hidden,8192,spike,6291456,0.0002505961,0.0002200087,0.0006281535,0.00040912,0.0004352777,0.00177665,0.00184293,0.001565,0.001562,0,0,1.524e-23,1.127e-23
step64,64,MLP_OUT,v,hidden,8192,32-64,6291456,0.000277396,0.000257811,0.0006217957,0.0004543282,0.0004849156,0.001768044,0.001807758,0.001565,0.001562,0,0,1.524e-23,1.127e-23
step64,64,MLP_OUT,v,hidden,8192,64-128,1.258291e+07,0.0001795264,0.0001949357,0.0003063679,0.0002601048,0.0002930675,0.001771723,0.001813185,0.001565,0.001562,0,0,1.524e-23,1.127e-23
step64,64,MLP_OUT,v,hidden,8192,128-256,2.516582e+07,0.0001262764,0.0001024414,0.0004240672,0.000355901,0.0003864884,0.001781044,0.001806651,0.001565,0.001562,0,0,1.524e-23,1.127e-23
step64,64,MLP_OUT,v,hidden,8192,256-512,5.033165e+07,5.311598e-05,3.450252e-05,0.0003159046,0.0002734508,0.0003027143,0.001775202,0.001793824,0.001565,0.001562,0,0,1.524e-23,1.127e-23
step64,64,MLP_OUT,v,hidden,8192,512-1024,1.006633e+08,0.0001148521,8.124714e-05,0.0001384318,5.821833e-05,9.115687e-05,0.001770644,0.001784018,0.001565,0.001562,0,0,1.524e-23,1.127e-23
step64,64,MLP_OUT,v,hidden,8192,1024-2048,2.013266e+08,5.327261e-05,3.453643e-05,6.614129e-05,3.782448e-05,5.802905e-05,0.001770884,0.001770349,0.001565,0.001562,0,0,1.524e-23,1.127e-23
step128,128,Q,u,head,2048,spike,1572864,0.000251731,0.0002934412,0.001451492,0.001453186,0.001570259,0.001750038,0.001883734,0.001565,0.001551,0,0,1.524e-23,4.426e-24
step128,128,Q,u,head,2048,32-64,1572864,0.0007563614,0.0006339789,0.001504898,0.0008473298,0.0009792128,0.001701718,0.001870837,0.001565,0.001551,0,0,1.524e-23,4.426e-24
step128,128,Q,u,head,2048,64-128,3145728,0.0004292511,0.0003068686,0.0009473165,0.0005789261,0.0007133758,0.001781191,0.001859438,0.001565,0.001551,0,0,1.524e-23,4.426e-24
step128,128,Q,u,head,2048,128-256,6291456,0.0002525711,0.0003158526,0.0006187757,0.000412023,0.0005292375,0.001760074,0.001833734,0.001565,0.001551,0,0,1.524e-23,4.426e-24
step128,128,Q,u,head,2048,256-512,1.258291e+07,0.0001741134,0.0001028584,0.00035278,0.0001985589,0.0003060462,0.001758598,0.001773369,0.001565,0.001551,0,0,1.524e-23,4.426e-24
step128,128,Q,u,head,2048,512-1024,2.516582e+07,0.0003265324,0.0002041499,0.0003150702,7.891376e-05,0.0001800773,0.001746058,0.001764082,0.001565,0.001551,0,0,1.524e-23,4.426e-24
step128,128,Q,u,head,2048,1024-2048,5.033165e+07,0.0002123415,8.045839e-05,0.0001909335,0.000110044,0.0001216491,0.001759529,0.001774541,0.001565,0.001551,0,0,1.524e-23,4.426e-24
step128,128,Q,v,residual,2048,spike,1572864,0.0005799957,0.0005183512,0.001530965,0.001335611,0.001467494,0.001735324,0.001835596,0.001565,0.001551,0,0,1.524e-23,4.426e-24
step128,128,Q,v,residual,2048,32-64,1572864,0.0004380187,0.0003440369,0.001419067,0.001141771,0.001273551,0.0017514,0.001891999,0.001565,0.001551,0,0,1.524e-23,4.426e-24
step128,128,Q,v,residual,2048,64-128,3145728,0.0005742068,0.0004424265,0.0008621216,0.0004625257,0.0005932926,0.001755442,0.001834052,0.001565,0.001551,0,0,1.524e-23,4.426e-24
step128,128,Q,v,residual,2048,128-256,6291456,0.0002880195,0.0003532845,0.0007616679,0.0005679744,0.0006903568,0.001745133,0.001806236,0.001565,0.001551,0,0,1.524e-23,4.426e-24
step128,128,Q,v,residual,2048,256-512,1.258291e+07,0.0002659046,0.0001683754,0.0004367034,0.000207855,0.0003333804,0.001762299,0.001783337,0.001565,0.001551,0,0,1.524e-23,4.426e-24
step128,128,Q,v,residual,2048,512-1024,2.516582e+07,0.0001830759,0.0001044928,0.0001357794,0.0001802882,7.623623e-05,0.001759807,0.001755834,0.001565,0.001551,0,0,1.524e-23,4.426e-24
step128,128,Q,v,residual,2048,1024-2048,5.033165e+07,0.0001652995,9.161126e-05,0.0002051393,9.410944e-05,0.0002214388,0.00176528,0.001770264,0.001565,0.001551,0,0,1.524e-23,4.426e-24
step128,128,K,u,head,2048,spike,1572864,0.000360394,0.0004921743,0.001050313,0.001014109,0.001121597,0.001761845,0.001884733,0.001565,0.001551,0,0,1.524e-23,4.426e-24
step128,128,K,u,head,2048,32-64,1572864,0.0004305199,0.0002987396,0.001334508,0.001124279,0.001211989,0.001786005,0.001826786,0.001565,0.001551,0,0,1.524e-23,4.426e-24
step128,128,K,u,head,2048,64-128,3145728,0.0003157611,0.0001839807,0.0007867813,0.0005307099,0.000662593,0.001759438,0.001812481,0.001565,0.001551,0,0,1.524e-23,4.426e-24
step128,128,K,u,head,2048,128-256,6291456,0.0002339797,0.0003315089,0.0004504522,0.0002929827,0.0004274325,0.001763889,0.001797358,0.001565,0.001551,0,0,1.524e-23,4.426e-24
step128,128,K,u,head,2048,256-512,1.258291e+07,0.0002888198,0.0001848565,0.0003314813,0.0001736839,0.0002811712,0.001755192,0.001765308,0.001565,0.001551,0,0,1.524e-23,4.426e-24
step128,128,K,u,head,2048,512-1024,2.516582e+07,0.0001473887,9.635263e-05,0.0001580318,0.0001882903,0.00014616,0.001775322,0.001767777,0.001565,0.001551,0,0,1.524e-23,4.426e-24
step128,128,K,u,head,2048,1024-2048,5.033165e+07,0.0001069768,0.0001097998,9.463231e-05,0.0001086377,9.268142e-05,0.001762308,0.001773312,0.001565,0.001551,0,0,1.524e-23,4.426e-24
step128,128,K,v,residual,2048,spike,1572864,0.0006045838,0.000545532,0.001509984,0.0009528697,0.001084753,0.00172942,0.001894724,0.001565,0.001551,0,0,1.524e-23,4.426e-24
step128,128,K,v,residual,2048,32-64,1572864,0.0006767067,0.0006287866,0.0008926392,0.0005736467,0.0006854452,0.001789365,0.001820065,0.001565,0.001551,0,0,1.524e-23,4.426e-24
step128,128,K,v,residual,2048,64-128,3145728,0.0004204213,0.0002885382,0.001010895,0.0007869519,0.0008844811,0.001745814,0.001814615,0.001565,0.001551,0,0,1.524e-23,4.426e-24
step128,128,K,v,residual,2048,128-256,6291456,0.0003120367,0.0002576246,0.0005736351,0.000418073,0.0005525228,0.001763821,0.001826173,0.001565,0.001551,0,0,1.524e-23,4.426e-24
step128,128,K,v,residual,2048,256-512,1.258291e+07,0.000311708,0.0001799276,0.0003319581,0.0002564688,0.0002347968,0.001770235,0.001773221,0.001565,0.001551,0,0,1.524e-23,4.426e-24
step128,128,K,v,residual,2048,512-1024,2.516582e+07,0.0001528445,0.0001636223,0.0001790126,0.0001687471,0.000114335,0.001767261,0.00176495,0.001565,0.001551,0,0,1.524e-23,4.426e-24
step128,128,K,v,residual,2048,1024-2048,5.033165e+07,0.0001757284,7.324358e-05,0.0001693169,0.0001228789,0.0001178862,0.001754034,0.001778299,0.001565,0.001551,0,0,1.524e-23,4.426e-24
step128,128,V,u,head,2048,spike,1572864,0.0004995103,0.0004118004,0.001164118,0.0009034932,0.001037943,0.001751491,0.001827331,0.001565,0.001551,0,0,1.524e-23,4.426e-24
step128,128,V,u,head,2048,32-64,1572864,0.0006298559,0.0007553813,0.001298269,0.001295512,0.001412585,0.001784915,0.001857394,0.001565,0.001551,0,0,1.524e-23,4.426e-24
step128,128,V,u,head,2048,64-128,3145728,0.0002314607,0.0002451656,0.0005617142,0.000473704,0.0006081538,0.001770292,0.001808303,0.001565,0.001551,0,0,1.524e-23,4.426e-24
step128,128,V,u,head,2048,128-256,6291456,0.0001612324,0.000223715,0.0003670057,0.0002731328,0.0004049131,0.001755873,0.001811255,0.001565,0.001551,0,0,1.524e-23,4.426e-24
step128,128,V,u,head,2048,256-512,1.258291e+07,0.0002062502,0.0002431787,0.0002642473,0.0001206282,0.0001569578,0.001763457,0.001764502,0.001565,0.001551,0,0,1.524e-23,4.426e-24
step128,128,V,u,head,2048,512-1024,2.516582e+07,0.0001387082,0.0001153028,0.0001482169,0.0001708153,8.214409e-05,0.001754358,0.001761743,0.001565,0.001551,0,0,1.524e-23,4.426e-24
step128,128,V,u,head,2048,1024-2048,5.033165e+07,9.121564e-05,0.0001112897,0.0001028379,9.305871e-05,0.0001247088,0.001762833,0.00176935,0.001565,0.001551,0,0,1.524e-23,4.426e-24
step128,128,V,v,residual,2048,spike,1572864,0.0003896992,0.0002822119,0.001184464,0.001258755,0.001390536,0.001749493,0.001883007,0.001565,0.001551,0,0,1.524e-23,4.426e-24
step128,128,V,v,residual,2048,32-64,1572864,0.0006082754,0.0007401585,0.001162211,0.0008879837,0.001013509,0.001786005,0.001840319,0.001565,0.001551,0,0,1.524e-23,4.426e-24
step128,128,V,v,residual,2048,64-128,3145728,0.0004945416,0.0004249094,0.000641187,0.0004722918,0.0006040721,0.001795996,0.001828648,0.001565,0.001551,0,0,1.524e-23,4.426e-24
step128,128,V,v,residual,2048,128-256,6291456,0.0003194352,0.0001849854,0.0005995433,0.0004581429,0.0005805254,0.001765433,0.001792113,0.001565,0.001551,0,0,1.524e-23,4.426e-24
step128,128,V,v,residual,2048,256-512,1.258291e+07,0.0002378288,0.0001990677,0.0003956159,0.0001577871,0.0002833125,0.001756691,0.001783337,0.001565,0.001551,0,0,1.524e-23,4.426e-24
step128,128,V,v,residual,2048,512-1024,2.516582e+07,0.0002481324,0.00012575,0.000133276,0.0002276284,0.000105246,0.001759001,0.001761607,0.001565,0.001551,0,0,1.524e-23,4.426e-24
step128,128,V,v,residual,2048,1024-2048,5.033165e+07,0.0002329885,9.853877e-05,0.0002028545,8.206558e-05,0.0001503743,0.001756691,0.001767564,0.001565,0.001551,0,0,1.524e-23,4.426e-24
step128,128,O,u,residual,2048,spike,1572864,0.0004134277,0.0003571386,0.002000809,0.001664525,0.001798975,0.001797994,0.001898266,0.001565,0.001551,0,0,1.524e-23,4.426e-24
step128,128,O,u,residual,2048,32-64,1572864,0.0004037679,0.0005382176,0.0006955465,0.0007318318,0.0008662816,0.001788911,0.001879465,0.001565,0.001551,0,0,1.524e-23,4.426e-24
step128,128,O,u,residual,2048,64-128,3145728,0.0002916093,0.0002134124,0.0006907781,0.0006747147,0.0008065978,0.001758076,0.00182229,0.001565,0.001551,0,0,1.524e-23,4.426e-24
step128,128,O,u,residual,2048,128-256,6291456,0.000274912,0.0003169933,0.0003296534,0.0003172852,0.0003958683,0.001780396,0.00177992,0.001565,0.001551,0,0,1.524e-23,4.426e-24
step128,128,O,u,residual,2048,256-512,1.258291e+07,0.0001300239,0.000205747,0.0003002485,0.0002154393,0.0001996119,0.001766193,0.001778989,0.001565,0.001551,0,0,1.524e-23,4.426e-24
step128,128,O,u,residual,2048,512-1024,2.516582e+07,0.0001335184,0.0001140594,0.0001806418,0.0002020537,6.760396e-05,0.001764797,0.001765228,0.001565,0.001551,0,0,1.524e-23,4.426e-24
step128,128,O,u,residual,2048,1024-2048,5.033165e+07,0.0001873513,9.519517e-05,0.0001526276,0.0001586758,7.885587e-05,0.001761138,0.00176323,0.001565,0.001551,0,0,1.524e-23,4.426e-24
step128,128,O,v,head,2048,spike,1572864,0.0003332886,0.0004069794,0.0007902781,0.001065477,0.001197258,0.001757031,0.001832145,0.001565,0.001551,0,0,1.524e-23,4.426e-24
step128,128,O,v,head,2048,32-64,1572864,0.001043355,0.0009650055,0.001609166,0.0009312169,0.001056742,0.001749674,0.001820337,0.001565,0.001551,0,0,1.524e-23,4.426e-24
step128,128,O,v,head,2048,64-128,3145728,0.0003235095,0.0002064365,0.0009558996,0.000741861,0.0008642435,0.001747358,0.001845314,0.001565,0.001551,0,0,1.524e-23,4.426e-24
step128,128,O,v,head,2048,128-256,6291456,0.0002374008,0.0001638076,0.0005523364,0.0005235609,0.0006282211,0.001782213,0.001812231,0.001565,0.001551,0,0,1.524e-23,4.426e-24
step128,128,O,v,head,2048,256-512,1.258291e+07,0.0001931528,9.57508e-05,0.000183026,7.761154e-05,0.0001215817,0.001747506,0.001781975,0.001565,0.001551,0,0,1.524e-23,4.426e-24
step128,128,O,v,head,2048,512-1024,2.516582e+07,0.000204931,0.0001263479,0.0001375278,0.0001400593,7.918649e-05,0.001755601,0.001759745,0.001565,0.001551,0,0,1.524e-23,4.426e-24
step128,128,O,v,head,2048,1024-2048,5.033165e+07,0.0001516639,5.598233e-05,9.747346e-05,0.0001146946,8.189276e-05,0.001762478,0.001768183,0.001565,0.001551,0,0,1.524e-23,4.426e-24
step128,128,MLP_IN,u,hidden,8192,spike,6291456,0.0002982372,0.0002689737,0.0005830129,0.0003743629,0.0004079679,0.001774515,0.001824379,0.001565,0.001562,0,0,1.524e-23,1.127e-23
step128,128,MLP_IN,u,hidden,8192,32-64,6291456,0.0002374387,0.0002510401,0.0004725456,0.0004632807,0.0004946565,0.001772018,0.001812276,0.001565,0.001562,0,0,1.524e-23,1.127e-23
step128,128,MLP_IN,u,hidden,8192,64-128,1.258291e+07,0.0001347181,0.0001653209,0.0003906091,0.0004291436,0.0004621062,0.001782883,0.001824958,0.001565,0.001562,0,0,1.524e-23,1.127e-23
step128,128,MLP_IN,u,hidden,8192,128-256,2.516582e+07,0.0001871876,0.0001964344,0.000447909,0.0003297663,0.0003611421,0.001762651,0.00180652,0.001565,0.001562,0,0,1.524e-23,1.127e-23
step128,128,MLP_IN,u,hidden,8192,256-512,5.033165e+07,0.0001619557,0.000128993,0.000438273,0.0002763173,0.0003092799,0.001775929,0.001791341,0.001565,0.001562,0,0,1.524e-23,1.127e-23
step128,128,MLP_IN,u,hidden,8192,512-1024,1.006633e+08,5.444715e-05,4.013467e-05,0.0001125534,8.20518e-05,0.0001156568,0.001770775,0.001779143,0.001565,0.001562,0,0,1.524e-23,1.127e-23
step128,128,MLP_IN,u,hidden,8192,1024-2048,2.013266e+08,6.685789e-05,4.070018e-05,8.13057e-05,2.277301e-05,4.060552e-05,0.001769633,0.001776651,0.001565,0.001562,0,0,1.524e-23,1.127e-23
step128,128,MLP_IN,v,residual,2048,spike,1572864,0.0007865583,0.000654778,0.002137502,0.00157848,0.001710363,0.001760029,0.001881554,0.001565,0.001551,0,0,1.524e-23,4.426e-24
step128,128,MLP_IN,v,residual,2048,32-64,1572864,0.0007121717,0.0006242259,0.0008926392,0.0002614773,0.0003590065,0.001768294,0.001820065,0.001565,0.001551,0,0,1.524e-23,4.426e-24
step128,128,MLP_IN,v,residual,2048,64-128,3145728,0.0003867445,0.0005090514,0.000638326,0.000700212,0.0008030614,0.001770655,0.001826468,0.001565,0.001551,0,0,1.524e-23,4.426e-24
step128,128,MLP_IN,v,residual,2048,128-256,6291456,0.0001707918,0.0002665002,0.0004811287,0.0003668007,0.0004923262,0.001767613,0.001786618,0.001565,0.001551,0,0,1.524e-23,4.426e-24
step128,128,MLP_IN,v,residual,2048,256-512,1.258291e+07,0.0002292974,0.0001468366,0.0002523263,0.0002042336,0.0001196743,0.001752694,0.001771268,0.001565,0.001551,0,0,1.524e-23,4.426e-24
step128,128,MLP_IN,v,residual,2048,512-1024,2.516582e+07,0.0002436736,0.0001117906,0.0001374483,0.0001835182,0.0001005073,0.001761964,0.001757293,0.001565,0.001551,0,0,1.524e-23,4.426e-24
step128,128,MLP_IN,v,residual,2048,1024-2048,5.033165e+07,0.000128486,0.0001199124,0.0001689196,0.0001620316,7.038906e-05,0.001768819,0.001766043,0.001565,0.001551,0,0,1.524e-23,4.426e-24
step128,128,MLP_OUT,u,residual,2048,spike,1572864,0.0007129176,0.0005873921,0.001761754,0.001117291,0.001239673,0.001727876,0.001860392,0.001565,0.001551,0,0,1.524e-23,4.426e-24
step128,128,MLP_OUT,u,residual,2048,32-64,1572864,0.000644589,0.0007763693,0.0004374186,0.0008619166,0.0009874421,0.00177892,0.001774198,0.001565,0.001551,0,0,1.524e-23,4.426e-24
step128,128,MLP_OUT,u,residual,2048,64-128,3145728,0.0001621637,0.0002591528,0.0006068548,0.0006135762,0.000748026,0.001781146,0.001829647,0.001565,0.001551,0,0,1.524e-23,4.426e-24
step128,128,MLP_OUT,u,residual,2048,128-256,6291456,0.000381434,0.0002739467,0.0004615784,0.0002065453,0.0002551791,0.00178521,0.001776173,0.001565,0.001551,0,0,1.524e-23,4.426e-24
step128,128,MLP_OUT,u,residual,2048,256-512,1.258291e+07,0.0001917067,0.0001775342,0.0003047784,0.0001895462,0.0002179854,0.001761936,0.001767352,0.001565,0.001551,0,0,1.524e-23,4.426e-24
step128,128,MLP_OUT,u,residual,2048,512-1024,2.516582e+07,0.0002396261,0.0001090859,0.000194033,0.0002710918,0.0001392087,0.001755328,0.001769758,0.001565,0.001551,0,0,1.524e-23,4.426e-24
step128,128,MLP_OUT,u,residual,2048,1024-2048,5.033165e+07,0.0001450121,9.795806e-05,8.724133e-05,0.0001178646,0.0001082898,0.001768336,0.001767085,0.001565,0.001551,0,0,1.524e-23,4.426e-24
step128,128,MLP_OUT,v,hidden,8192,spike,6291456,0.0002552767,0.000222314,0.0006887118,0.00059468,0.0006276185,0.001738707,0.001823425,0.001565,0.001562,0,0,1.524e-23,1.127e-23
step128,128,MLP_OUT,v,hidden,8192,32-64,6291456,0.0002966967,0.0003259601,0.0004083316,0.0005043988,0.0005373374,0.001765819,0.001807394,0.001565,0.001562,0,0,1.524e-23,1.127e-23
step128,128,MLP_OUT,v,hidden,8192,64-128,1.258291e+07,0.0001761867,0.000164208,0.0005505085,0.000435505,0.0004616627,0.001768351,0.001835641,0.001565,0.001562,0,0,1.524e-23,1.127e-23
step128,128,MLP_OUT,v,hidden,8192,128-256,2.516582e+07,0.0001811765,0.0001505892,0.0004696846,0.000297699,0.0003287508,0.001767403,0.001803676,0.001565,0.001562,0,0,1.524e-23,1.127e-23
step128,128,MLP_OUT,v,hidden,8192,256-512,5.033165e+07,7.12853e-05,8.86912e-05,0.0002699296,0.0002744839,0.0003074224,0.001767976,0.001800815,0.001565,0.001562,0,0,1.524e-23,1.127e-23
step128,128,MLP_OUT,v,hidden,8192,512-1024,1.006633e+08,9.325539e-05,5.965039e-05,0.0001577735,8.267526e-05,0.000108833,0.001768291,0.0017782,0.001565,0.001562,0,0,1.524e-23,1.127e-23
step128,128,MLP_OUT,v,hidden,8192,1024-2048,2.013266e+08,5.35303e-05,2.984739e-05,6.613135e-05,3.376774e-05,6.655251e-05,0.001771225,0.001775482,0.001565,0.001562,0,0,1.524e-23,1.127e-23
step256,256,Q,u,head,2048,spike,1572864,0.001293812,0.001398472,0.0008602142,0.0008625886,0.0009944716,0.001933961,0.001867476,0.001565,0.001551,0,0,1.524e-23,4.426e-24
step256,256,Q,u,head,2048,32-64,1572864,0.0004998547,0.0004212716,0.001034419,0.0009847328,0.001116513,0.001749311,0.001837685,0.001565,0.001551,0,0,1.524e-23,4.426e-24
step256,256,Q,u,head,2048,64-128,3145728,0.0003860151,0.0002580566,0.0007340113,0.000522198,0.0006445805,0.001766296,0.001850946,0.001565,0.001551,0,0,1.524e-23,4.426e-24
step256,256,Q,u,head,2048,128-256,6291456,0.0003579918,0.0002324663,0.0006403923,0.0002953825,0.0004177649,0.001766273,0.001802876,0.001565,0.001551,0,0,1.524e-23,4.426e-24
step256,256,Q,u,head,2048,256-512,1.258291e+07,0.0003928099,0.0002757368,0.0003171762,0.000188315,0.0001615028,0.001752763,0.001773357,0.001565,0.001551,0,0,1.524e-23,4.426e-24
step256,256,Q,u,head,2048,512-1024,2.516582e+07,0.000219559,0.000102486,0.0002603134,0.0001428309,0.0001578274,0.001764212,0.001756617,0.001565,0.001551,0,0,1.524e-23,4.426e-24
step256,256,Q,u,head,2048,1024-2048,5.033165e+07,0.0001515105,7.838945e-05,0.000171264,6.260033e-05,0.0001782519,0.00176212,0.001776301,0.001565,0.001551,0,0,1.524e-23,4.426e-24
step256,256,Q,v,residual,2048,spike,1572864,0.0008491857,0.0007268032,0.001955668,0.0014088,0.00154058,0.001780828,0.001880918,0.001565,0.001551,0,0,1.524e-23,4.426e-24
step256,256,Q,v,residual,2048,32-64,1572864,0.0007560407,0.0006242604,0.001663844,0.001095669,0.001202373,0.001778466,0.001834869,0.001565,0.001551,0,0,1.524e-23,4.426e-24
step256,256,Q,v,residual,2048,64-128,3145728,0.0006759348,0.0005535524,0.001111031,0.0005138617,0.0006457447,0.001748675,0.001851536,0.001565,0.001551,0,0,1.524e-23,4.426e-24
step256,256,Q,v,residual,2048,128-256,6291456,0.0002771373,0.0001453569,0.0006254514,0.0004230159,0.0005453983,0.001735596,0.001809483,0.001565,0.001551,0,0,1.524e-23,4.426e-24
step256,256,Q,v,residual,2048,256-512,1.258291e+07,0.0001857379,0.0001290557,0.0003557205,0.0003342474,0.0004660278,0.00177615,0.001774209,0.001565,0.001551,0,0,1.524e-23,4.426e-24
step256,256,Q,v,residual,2048,512-1024,2.516582e+07,0.0001659893,0.0001748392,0.0001519124,0.0001282476,0.0001046137,0.001759648,0.001759597,0.001565,0.001551,0,0,1.524e-23,4.426e-24
step256,256,Q,v,residual,2048,1024-2048,5.033165e+07,0.0001219097,0.0001326284,0.0001764894,0.0001842931,0.0001158854,0.001760193,0.001767476,0.001565,0.001551,0,0,1.524e-23,4.426e-24
step256,256,K,u,head,2048,spike,1572864,0.00118425,0.001301323,0.0008182526,0.001336247,0.00146813,0.001869747,0.001805533,0.001565,0.001551,0,0,1.524e-23,4.426e-24
step256,256,K,u,head,2048,32-64,1572864,0.0003326832,0.0002939171,0.0008424123,0.0006370481,0.0007417084,0.001767022,0.001851945,0.001565,0.001551,0,0,1.524e-23,4.426e-24
step256,256,K,u,head,2048,64-128,3145728,0.0002061554,0.0002992115,0.0005556742,0.00050295,0.0006373998,0.001732508,0.001818384,0.001565,0.001551,0,0,1.524e-23,4.426e-24
step256,256,K,u,head,2048,128-256,6291456,0.0003016853,0.000197025,0.0007963181,0.0005326884,0.0006550709,0.001773584,0.001806804,0.001565,0.001551,0,0,1.524e-23,4.426e-24
step256,256,K,u,head,2048,256-512,1.258291e+07,0.0001715362,0.0001104218,0.0001866023,0.0001137222,0.0002105792,0.001751128,0.001777172,0.001565,0.001551,0,0,1.524e-23,4.426e-24
step256,256,K,u,head,2048,512-1024,2.516582e+07,0.0001253107,0.0001495957,0.0002259413,0.0002121071,0.0001112106,0.001759211,0.001762521,0.001565,0.001551,0,0,1.524e-23,4.426e-24
step256,256,K,u,head,2048,1024-2048,5.033165e+07,0.0001699681,6.746082e-05,0.0001738667,4.708488e-05,0.0001671393,0.001760988,0.001774938,0.001565,0.001551,0,0,1.524e-23,4.426e-24
step256,256,K,v,residual,2048,spike,1572864,0.0004844208,0.000349971,0.001150131,0.0007902718,0.0008949321,0.00172279,0.001852944,0.001565,0.001551,0,0,1.524e-23,4.426e-24
step256,256,K,v,residual,2048,32-64,1572864,0.0005651135,0.0004954813,0.001302719,0.0009337962,0.001065679,0.001746677,0.001851036,0.001565,0.001551,0,0,1.524e-23,4.426e-24
step256,256,K,v,residual,2048,64-128,3145728,0.0004317423,0.0005661921,0.0005734762,0.0008184756,0.0009502559,0.001755124,0.001842953,0.001565,0.001551,0,0,1.524e-23,4.426e-24
step256,256,K,v,residual,2048,128-256,6291456,0.0003150919,0.0002454597,0.0006879171,0.0004310545,0.0005357147,0.001779488,0.001822653,0.001565,0.001551,0,0,1.524e-23,4.426e-24
step256,256,K,v,residual,2048,256-512,1.258291e+07,0.0001839184,9.44959e-05,0.0003181299,0.0003082004,0.0003561206,0.001760494,0.00177321,0.001565,0.001551,0,0,1.524e-23,4.426e-24
step256,256,K,v,residual,2048,512-1024,2.516582e+07,0.000368446,0.000236563,0.0002662341,0.0001541133,6.543379e-05,0.001772222,0.001750974,0.001565,0.001551,0,0,1.524e-23,4.426e-24
step256,256,K,v,residual,2048,1024-2048,5.033165e+07,0.0001361509,4.766277e-05,0.000103573,7.395968e-05,9.740187e-05,0.001755751,0.00176719,0.001565,0.001551,0,0,1.524e-23,4.426e-24
step256,256,V,u,head,2048,spike,1572864,0.0004200819,0.0003649367,0.001107534,0.0009632568,0.001097707,0.001735778,0.001898993,0.001565,0.001551,0,0,1.524e-23,4.426e-24
step256,256,V,u,head,2048,32-64,1572864,0.0002645214,0.0003720087,0.0008277893,0.0008034156,0.0009204886,0.001770837,0.001857485,0.001565,0.001551,0,0,1.524e-23,4.426e-24
step256,256,V,u,head,2048,64-128,3145728,0.0003249827,0.0002458598,0.0009953181,0.0006703354,0.0007927179,0.001780646,0.001838094,0.001565,0.001551,0,0,1.524e-23,4.426e-24
step256,256,V,u,head,2048,128-256,6291456,0.0002280073,0.0002604543,0.000284036,0.0002414287,0.0003733118,0.001773721,0.001779011,0.001565,0.001551,0,0,1.524e-23,4.426e-24
step256,256,V,u,head,2048,256-512,1.258291e+07,0.0002323552,0.0003295221,0.0002911091,0.000147309,0.0002817587,0.001766897,0.001766568,0.001565,0.001551,0,0,1.524e-23,4.426e-24
step256,256,V,u,head,2048,512-1024,2.516582e+07,0.0001954519,0.0001208146,0.0001888275,0.0001215005,0.0001571096,0.001763384,0.001763071,0.001565,0.001551,0,0,1.524e-23,4.426e-24
step256,256,V,u,head,2048,1024-2048,5.033165e+07,0.0001468201,6.089033e-05,0.0001090964,0.0001452306,8.48263e-05,0.001762027,0.001765932,0.001565,0.001551,0,0,1.524e-23,4.426e-24
step256,256,V,v,residual,2048,spike,1572864,0.0003151146,0.0003630347,0.001279195,0.001157796,0.001265284,0.001744225,0.001891636,0.001565,0.001551,0,0,1.524e-23,4.426e-24
step256,256,V,v,residual,2048,32-64,1572864,0.0003137878,0.0003507793,0.0009587606,0.0008299169,0.0009522994,0.001748857,0.001839229,0.001565,0.001551,0,0,1.524e-23,4.426e-24
step256,256,V,v,residual,2048,64-128,3145728,0.0004213038,0.0002989213,0.0008996328,0.0006720682,0.000806518,0.001794588,0.001820655,0.001565,0.001551,0,0,1.524e-23,4.426e-24
step256,256,V,v,residual,2048,128-256,6291456,0.0003997369,0.0003022077,0.0003759066,0.0003098465,0.000432229,0.001769179,0.001790228,0.001565,0.001551,0,0,1.524e-23,4.426e-24
step256,256,V,v,residual,2048,256-512,1.258291e+07,0.0001637702,0.0002514801,0.0002106031,0.0002106488,0.0003450986,0.001758382,0.001767965,0.001565,0.001551,0,0,1.524e-23,4.426e-24
step256,256,V,v,residual,2048,512-1024,2.516582e+07,0.0001821956,7.499664e-05,0.0002077421,0.0001565002,0.0001330338,0.001774862,0.001754687,0.001565,0.001551,0,0,1.524e-23,4.426e-24
step256,256,V,v,residual,2048,1024-2048,5.033165e+07,0.0001776317,5.341976e-05,0.0001832644,8.458341e-05,0.0001746604,0.001761874,0.001770536,0.001565,0.001551,0,0,1.524e-23,4.426e-24
step256,256,O,u,residual,2048,spike,1572864,0.0007833794,0.0006515991,0.00193723,0.001218582,0.001335655,0.001743771,0.001843225,0.001565,0.001551,0,0,1.524e-23,4.426e-24
step256,256,O,u,residual,2048,32-64,1572864,0.0005123953,0.0005716445,0.002051671,0.001867725,0.001993251,0.001799629,0.001851309,0.001565,0.001551,0,0,1.524e-23,4.426e-24
step256,256,O,u,residual,2048,64-128,3145728,0.0002602555,0.0003826379,0.0004952749,0.0006625315,0.0007969813,0.001774788,0.001836504,0.001565,0.001551,0,0,1.524e-23,4.426e-24
step256,256,O,u,residual,2048,128-256,6291456,0.000287805,0.0001533552,0.0007870992,0.0004992942,0.000633744,0.001755374,0.001796246,0.001565,0.001551,0,0,1.524e-23,4.426e-24
step256,256,O,u,residual,2048,256-512,1.258291e+07,0.0003385881,0.0002041383,0.0004398823,0.0001301584,0.0002525409,0.001762186,0.001763389,0.001565,0.001551,0,0,1.524e-23,4.426e-24
step256,256,O,u,residual,2048,512-1024,2.516582e+07,0.0003523492,0.0002268238,0.0002342065,0.000218147,0.0001196558,0.001765734,0.001748516,0.001565,0.001551,0,0,1.524e-23,4.426e-24
step256,256,O,u,residual,2048,1024-2048,5.033165e+07,0.0001813554,0.0001172937,0.0002168218,0.000105842,0.0001578489,0.001763188,0.001772869,0.001565,0.001551,0,0,1.524e-23,4.426e-24
step256,256,O,v,head,2048,spike,1572864,0.002184381,0.002316264,0.001712163,0.000918241,0.00101577,0.002024968,0.001905805,0.001565,0.001551,0,0,1.524e-23,4.426e-24
step256,256,O,v,head,2048,32-64,1572864,0.0004909627,0.0004488324,0.001426697,0.0009499054,0.001084355,0.001752036,0.001863116,0.001565,0.001551,0,0,1.524e-23,4.426e-24
step256,256,O,v,head,2048,64-128,3145728,0.0002353345,0.0002327642,0.0007317861,0.0005141344,0.0006312074,0.001758757,0.001810755,0.001565,0.001551,0,0,1.524e-23,4.426e-24
step256,256,O,v,head,2048,128-256,6291456,0.0001765915,0.0002924084,0.0005440712,0.0004810827,0.0006066081,0.001782031,0.00181298,0.001565,0.001551,0,0,1.524e-23,4.426e-24
step256,256,O,v,head,2048,256-512,1.258291e+07,0.0001632987,9.366656e-05,0.0001894633,0.0002680774,0.000136297,0.001765217,0.001770144,0.001565,0.001551,0,0,1.524e-23,4.426e-24
step256,256,O,v,head,2048,512-1024,2.516582e+07,0.0001921835,0.0001288614,0.0001911322,0.0001542234,0.0002082529,0.001758144,0.001763707,0.001565,0.001551,0,0,1.524e-23,4.426e-24
step256,256,O,v,head,2048,1024-2048,5.033165e+07,0.0001409351,5.520997e-05,0.0001293023,0.0001003209,9.319592e-05,0.001760219,0.001768424,0.001565,0.001551,0,0,1.524e-23,4.426e-24
step256,256,MLP_IN,u,hidden,8192,spike,6291456,0.0005081138,0.000481246,0.000936985,0.0005258899,0.0005432958,0.001774039,0.001832644,0.001565,0.001562,0,0,1.524e-23,1.127e-23
step256,256,MLP_IN,u,hidden,8192,32-64,6291456,0.0002171749,0.0001892292,0.0006494522,0.0005934057,0.0006239931,0.00176482,0.001828784,0.001565,0.001562,0,0,1.524e-23,1.127e-23
step256,256,MLP_IN,u,hidden,8192,64-128,1.258291e+07,0.0002705372,0.0002949161,0.0002493064,0.0002466656,0.000277253,0.001781146,0.001802274,0.001565,0.001562,0,0,1.524e-23,1.127e-23
step256,256,MLP_IN,u,hidden,8192,128-256,2.516582e+07,0.0001743733,0.0001414107,0.0004407962,0.0002915678,0.0003221551,0.001760097,0.0017988,0.001565,0.001562,0,0,1.524e-23,1.127e-23
step256,256,MLP_IN,u,hidden,8192,256-512,5.033165e+07,5.406551e-05,6.808731e-05,0.0002607505,0.0002525112,0.0002861162,0.001775693,0.001800943,0.001565,0.001562,0,0,1.524e-23,1.127e-23
step256,256,MLP_IN,u,hidden,8192,512-1024,1.006633e+08,5.524349e-05,2.678046e-05,0.0001425743,0.0001041338,0.0001370723,0.001766606,0.001782894,0.001565,0.001562,0,0,1.524e-23,1.127e-23
step256,256,MLP_IN,u,hidden,8192,1024-2048,2.013266e+08,6.099868e-05,3.041131e-05,6.80536e-05,4.035806e-05,5.088946e-05,0.00177086,0.001772225,0.001565,0.001562,0,0,1.524e-23,1.127e-23
step256,256,MLP_IN,v,residual,2048,spike,1572864,0.0005717738,0.0004462483,0.001285553,0.0007881568,0.0009052299,0.001741863,0.001864751,0.001565,0.001551,0,0,1.524e-23,4.426e-24
step256,256,MLP_IN,v,residual,2048,32-64,1572864,0.0009138339,0.0008028809,0.001434326,0.0007781034,0.0009098837,0.001762299,0.001837503,0.001565,0.001551,0,0,1.524e-23,4.426e-24
step256,256,MLP_IN,v,residual,2048,64-128,3145728,0.0004559603,0.0005730333,0.0006694794,0.0008864304,0.001018313,0.001783553,0.001809529,0.001565,0.001551,0,0,1.524e-23,4.426e-24
step256,256,MLP_IN,v,residual,2048,128-256,6291456,0.0001921297,0.0001507518,0.0003600121,0.0002765557,0.0004084388,0.001746427,0.001779284,0.001565,0.001551,0,0,1.524e-23,4.426e-24
step256,256,MLP_IN,v,residual,2048,256-512,1.258291e+07,0.0001235107,0.0002018156,0.0002745787,0.0002815109,0.000351143,0.001757474,0.001766012,0.001565,0.001551,0,0,1.524e-23,4.426e-24
step256,256,MLP_IN,v,residual,2048,512-1024,2.516582e+07,0.0002137575,9.668448e-05,0.0001452764,0.0002843182,0.0001768309,0.001762566,0.001759575,0.001565,0.001551,0,0,1.524e-23,4.426e-24
step256,256,MLP_IN,v,residual,2048,1024-2048,5.033165e+07,0.0001815115,9.828219e-05,0.0002678633,0.0001213071,0.0002380155,0.001766324,0.001772364,0.001565,0.001551,0,0,1.524e-23,4.426e-24
step256,256,MLP_OUT,u,residual,2048,spike,1572864,0.001147757,0.001015874,0.001511256,0.0004183388,0.0005229991,0.001693453,0.001797358,0.001565,0.001551,0,0,1.524e-23,4.426e-24
step256,256,MLP_OUT,u,residual,2048,32-64,1572864,0.00050643,0.0005434216,0.0007375081,0.0006961465,0.0007744965,0.001761391,0.00183823,0.001565,0.001551,0,0,1.524e-23,4.426e-24
step256,256,MLP_OUT,u,residual,2048,64-128,3145728,0.000401653,0.0004632976,0.0004380544,0.0002810551,0.0003914316,0.001764025,0.001821245,0.001565,0.001551,0,0,1.524e-23,4.426e-24
step256,256,MLP_OUT,u,residual,2048,128-256,6291456,0.0002952754,0.0001608256,0.000450929,0.0003177441,0.0004152733,0.001761368,0.0017665,0.001565,0.001551,0,0,1.524e-23,4.426e-24
step256,256,MLP_OUT,u,residual,2048,256-512,1.258291e+07,0.0002716564,0.0001492739,0.0002711614,8.234929e-05,0.0001509866,0.001752501,0.001778183,0.001565,0.001551,0,0,1.524e-23,4.426e-24
step256,256,MLP_OUT,u,residual,2048,512-1024,2.516582e+07,0.0001545929,8.570994e-05,0.0001800855,7.766937e-05,0.0001935439,0.001757077,0.001765529,0.001565,0.001551,0,0,1.524e-23,4.426e-24
step256,256,MLP_OUT,u,residual,2048,1024-2048,5.033165e+07,0.0001968606,0.0001059053,0.0001560052,9.252224e-05,0.0002000095,0.001753685,0.001774374,0.001565,0.001551,0,0,1.524e-23,4.426e-24
step256,256,MLP_OUT,v,hidden,8192,spike,6291456,0.0003500342,0.0003304492,0.0007484754,0.000561986,0.0005933618,0.001766341,0.001804147,0.001565,0.001562,0,0,1.524e-23,1.127e-23
step256,256,MLP_OUT,v,hidden,8192,32-64,6291456,0.0001235107,9.974327e-05,0.0009999275,0.0008963407,0.0009299457,0.001753739,0.001820632,0.001565,0.001562,0,0,1.524e-23,1.127e-23
step256,256,MLP_OUT,v,hidden,8192,64-128,1.258291e+07,0.000127936,0.0001321121,0.0004751682,0.0004261153,0.0004567027,0.001784506,0.001808246,0.001565,0.001562,0,0,1.524e-23,1.127e-23
step256,256,MLP_OUT,v,hidden,8192,128-256,2.516582e+07,0.0001524443,0.0001195058,0.0004060268,0.0003282922,0.0003479331,0.001776059,0.001811856,0.001565,0.001562,0,0,1.524e-23,1.127e-23
step256,256,MLP_OUT,v,hidden,8192,256-512,5.033165e+07,8.636112e-05,5.718501e-05,0.0002575715,0.00018244,0.0002154026,0.001773794,0.001792448,0.001565,0.001562,0,0,1.524e-23,1.127e-23
step256,256,MLP_OUT,v,hidden,8192,512-1024,1.006633e+08,9.413953e-05,6.682899e-05,0.0001632869,8.502964e-05,0.0001111874,0.001771623,0.001781326,0.001565,0.001562,0,0,1.524e-23,1.127e-23
step256,256,MLP_OUT,v,hidden,8192,1024-2048,2.013266e+08,6.142088e-05,3.083351e-05,3.485382e-05,7.723322e-05,4.57242e-05,0.001769455,0.001773155,0.001565,0.001562,0,0,1.524e-23,1.127e-23
step512,512,Q,u,head,2048,spike,1572864,0.006096568,0.006231018,0.005073547,0.001397992,0.001529772,0.002521969,0.001939774,0.001565,0.001551,0,0,1.524e-23,4.426e-24
step512,512,Q,u,head,2048,32-64,1572864,0.0003265693,0.0003098631,0.001288732,0.001224985,0.001356868,0.001758212,0.001893997,0.001565,0.001551,0,0,1.524e-23,4.426e-24
step512,512,Q,u,head,2048,64-128,3145728,0.0007973666,0.0006655863,0.001511892,0.001003414,0.001135298,0.001746132,0.001845314,0.001565,0.001551,0,0,1.524e-23,4.426e-24
step512,512,Q,u,head,2048,128-256,6291456,0.0004002713,0.0002747459,0.0008145968,0.000441973,0.0005590461,0.001763821,0.001839456,0.001565,0.001551,0,0,1.524e-23,4.426e-24
step512,512,Q,u,head,2048,256-512,1.258291e+07,0.0002469559,0.000115339,0.0002503395,7.686827e-05,0.0001616467,0.001749856,0.001767908,0.001565,0.001551,0,0,1.524e-23,4.426e-24
step512,512,Q,u,head,2048,512-1024,2.516582e+07,0.0002585007,0.0001414277,0.0001878341,0.0001689784,0.0001268481,0.001758456,0.001768992,0.001565,0.001551,0,0,1.524e-23,4.426e-24
step512,512,Q,u,head,2048,1024-2048,5.033165e+07,0.0002862874,0.0001607619,0.0003665686,0.0001221018,0.0002265733,0.001753308,0.001774379,0.001565,0.001551,0,0,1.524e-23,4.426e-24
step512,512,Q,v,residual,2048,spike,1572864,0.004000441,0.00386866,0.005013148,0.001019206,0.001153655,0.001661482,0.001886731,0.001565,0.001551,0,0,1.524e-23,4.426e-24
step512,512,Q,v,residual,2048,32-64,1572864,0.0002752388,0.000282366,0.0006949107,0.0006801189,0.000812002,0.001751854,0.001824061,0.001565,0.001551,0,0,1.524e-23,4.426e-24
step512,512,Q,v,residual,2048,64-128,3145728,0.0002166529,0.0001622003,0.000951767,0.0007351141,0.0008669972,0.001754443,0.001832508,0.001565,0.001551,0,0,1.524e-23,4.426e-24
step512,512,Q,v,residual,2048,128-256,6291456,0.0004920399,0.00040433,0.0007545153,0.0003784855,0.0004953088,0.001766659,0.00182229,0.001565,0.001551,0,0,1.524e-23,4.426e-24
step512,512,Q,v,residual,2048,256-512,1.258291e+07,0.0002154537,0.0001601114,0.0001737277,0.0002096057,0.0001499793,0.001769531,0.001781793,0.001565,0.001551,0,0,1.524e-23,4.426e-24
step512,512,Q,v,residual,2048,512-1024,2.516582e+07,0.0001194361,0.0001094218,0.0001050234,0.0001591507,0.0001034082,0.001768027,0.001775832,0.001565,0.001551,0,0,1.524e-23,4.426e-24
step512,512,Q,v,residual,2048,1024-2048,5.033165e+07,0.0001424848,8.78054e-05,0.0001294017,6.32696e-05,0.0001676754,0.001754684,0.001777218,0.001565,0.001551,0,0,1.524e-23,4.426e-24
step512,512,K,u,head,2048,spike,1572864,0.004202956,0.004328481,0.003187815,0.001063075,0.001197524,0.002352942,0.001889638,0.001565,0.001551,0,0,1.524e-23,4.426e-24
step512,512,K,u,head,2048,32-64,1572864,0.0004105306,0.0004649427,0.001356125,0.001371289,0.001503069,0.001788366,0.00187783,0.001565,0.001551,0,0,1.524e-23,4.426e-24
step512,512,K,u,head,2048,64-128,3145728,0.0002917786,0.0002172313,0.001063983,0.0007777827,0.0009001652,0.001784824,0.001838866,0.001565,0.001551,0,0,1.524e-23,4.426e-24
step512,512,K,u,head,2048,128-256,6291456,0.0002620555,0.0003875809,0.0001427333,0.0001841631,0.0003093358,0.001767386,0.001777831,0.001565,0.001551,0,0,1.524e-23,4.426e-24
step512,512,K,u,head,2048,256-512,1.258291e+07,0.0001550058,0.0001399793,0.000383695,0.0003412448,0.0002437156,0.001766216,0.001773914,0.001565,0.001551,0,0,1.524e-23,4.426e-24
step512,512,K,u,head,2048,512-1024,2.516582e+07,0.0001458878,0.0001041771,0.0001043479,0.0001575306,0.0001222652,0.00177061,0.001764104,0.001565,0.001551,0,0,1.524e-23,4.426e-24
step512,512,K,u,head,2048,1024-2048,5.033165e+07,0.0002196414,9.725893e-05,0.0002570947,0.0001531203,0.0002606076,0.001750855,0.001771615,0.001565,0.001551,0,0,1.524e-23,4.426e-24
step512,512,K,v,residual,2048,spike,1572864,0.001477654,0.001345874,0.00258255,0.001622688,0.001720218,0.001733417,0.001852944,0.001565,0.001551,0,0,1.524e-23,4.426e-24
step512,512,K,v,residual,2048,32-64,1572864,0.000441318,0.0004559339,0.0009117126,0.0008233846,0.0009578343,0.001747949,0.001805896,0.001565,0.001551,0,0,1.524e-23,4.426e-24
step512,512,K,v,residual,2048,64-128,3145728,0.0003179706,0.0003504176,0.0009797414,0.0007732611,0.0009051441,0.001751446,0.001867567,0.001565,0.001551,0,0,1.524e-23,4.426e-24
step512,512,K,v,residual,2048,128-256,6291456,0.0002782933,0.000236163,0.000737985,0.0005174324,0.0006492127,0.001744974,0.001772336,0.001565,0.001551,0,0,1.524e-23,4.426e-24
step512,512,K,v,residual,2048,256-512,1.258291e+07,0.0001848876,0.0001091439,0.0002933343,0.000165792,0.0002633212,0.00176096,0.001783439,0.001565,0.001551,0,0,1.524e-23,4.426e-24
step512,512,K,v,residual,2048,512-1024,2.516582e+07,0.0001491804,9.869708e-05,0.0001904567,0.0001500113,0.0002421925,0.001764615,0.001765995,0.001565,0.001551,0,0,1.524e-23,4.426e-24
step512,512,K,v,residual,2048,1024-2048,5.033165e+07,0.0002013345,6.94514e-05,0.0001667539,0.0001263041,0.0001125452,0.001747537,0.001768109,0.001565,0.001551,0,0,1.524e-23,4.426e-24
step512,512,V,u,head,2048,spike,1572864,0.0004228313,0.0005303186,0.001307805,0.001402442,0.001534222,0.001720156,0.001885369,0.001565,0.001551,0,0,1.524e-23,4.426e-24
step512,512,V,u,head,2048,32-64,1572864,0.0002822519,0.0004110611,0.001256943,0.001064521,0.001186903,0.001801627,0.00190417,0.001565,0.001551,0,0,1.524e-23,4.426e-24
step512,512,V,u,head,2048,64-128,3145728,0.0002588665,0.0001915873,0.0007521311,0.0006638031,0.0007982528,0.001771382,0.001830828,0.001565,0.001551,0,0,1.524e-23,4.426e-24
step512,512,V,u,head,2048,128-256,6291456,0.0001829008,0.0001367641,0.0005696615,0.0004159149,0.0005414404,0.001768475,0.001811731,0.001565,0.001551,0,0,1.524e-23,4.426e-24
step512,512,V,u,head,2048,256-512,1.258291e+07,0.000180583,0.0002227133,0.0002190272,0.000163818,0.0002808911,0.001759098,0.001769554,0.001565,0.001551,0,0,1.524e-23,4.426e-24
step512,512,V,u,head,2048,512-1024,2.516582e+07,0.0001364577,0.000115331,0.0001163085,0.0001127954,0.0001080989,0.001775089,0.001765007,0.001565,0.001551,0,0,1.524e-23,4.426e-24
step512,512,V,u,head,2048,1024-2048,5.033165e+07,0.0002677396,0.0001359593,0.0002660155,3.939418e-05,0.0001479744,0.001752246,0.001766389,0.001565,0.001551,0,0,1.524e-23,4.426e-24
step512,512,V,v,residual,2048,spike,1572864,0.0003861252,0.0003403307,0.001513163,0.001265428,0.001388021,0.001765751,0.001868021,0.001565,0.001551,0,0,1.524e-23,4.426e-24
step512,512,V,v,residual,2048,32-64,1572864,0.0003089353,0.0004034719,0.00112915,0.001124605,0.001256385,0.001748766,0.001870927,0.001565,0.001551,0,0,1.524e-23,4.426e-24
step512,512,V,v,residual,2048,64-128,3145728,0.0002786879,0.0003663978,0.0004192988,0.0004979309,0.0006285786,0.001771609,0.001838502,0.001565,0.001551,0,0,1.524e-23,4.426e-24
step512,512,V,v,residual,2048,128-256,6291456,0.0002672235,0.0001888736,0.000550429,0.0003827314,0.0005146145,0.001761618,0.001812413,0.001565,0.001551,0,0,1.524e-23,4.426e-24
step512,512,V,v,residual,2048,256-512,1.258291e+07,0.0001967928,0.000266425,0.0002601941,0.0001123845,0.0001774969,0.001761357,0.001786777,0.001565,0.001551,0,0,1.524e-23,4.426e-24
step512,512,V,v,residual,2048,512-1024,2.516582e+07,0.000160545,7.243171e-05,8.674463e-05,0.0001929144,0.0001217948,0.001768458,0.001759983,0.001565,0.001551,0,0,1.524e-23,4.426e-24
step512,512,V,v,residual,2048,1024-2048,5.033165e+07,0.0002016524,0.0001514298,0.0001466076,8.575476e-05,0.0001068274,0.001761567,0.001763982,0.001565,0.001551,0,0,1.524e-23,4.426e-24
step512,512,O,u,residual,2048,spike,1572864,0.001895999,0.001764219,0.00307401,0.001413767,0.00153084,0.001609257,0.001880282,0.001565,0.001551,0,0,1.524e-23,4.426e-24
step512,512,O,u,residual,2048,32-64,1572864,0.0003921092,0.0005239923,0.001042684,0.001154802,0.001277184,0.001767476,0.001891182,0.001565,0.001551,0,0,1.524e-23,4.426e-24
step512,512,O,u,residual,2048,64-128,3145728,0.0003997583,0.0003831349,0.00124677,0.001223995,0.00134952,0.001784643,0.001836232,0.001565,0.001551,0,0,1.524e-23,4.426e-24
step512,512,O,u,residual,2048,128-256,6291456,0.000267142,0.0001423845,0.0008444786,0.0005773366,0.0007117864,0.001758575,0.001822358,0.001565,0.001551,0,0,1.524e-23,4.426e-24
step512,512,O,u,residual,2048,256-512,1.258291e+07,0.0001313391,0.0001655409,0.0002280076,0.0001364369,0.0002217054,0.001763401,0.001771155,0.001565,0.001551,0,0,1.524e-23,4.426e-24
step512,512,O,u,residual,2048,512-1024,2.516582e+07,0.0001649522,6.545921e-05,0.0001187325,0.0001753721,0.0001247208,0.001757406,0.00176692,0.001565,0.001551,0,0,1.524e-23,4.426e-24
step512,512,O,u,residual,2048,1024-2048,5.033165e+07,0.0001155717,7.272574e-05,7.653236e-05,9.371666e-05,9.728266e-05,0.001761448,0.001778526,0.001565,0.001551,0,0,1.524e-23,4.426e-24
step512,512,O,v,head,2048,spike,1572864,0.02232097,0.02245275,0.01731173,0.005451884,0.005586334,0.004310154,0.002387819,0.001565,0.001551,0,3.633045e-06,1.524e-23,4.426e-24
step512,512,O,v,head,2048,32-64,1572864,0.00204578,0.002177664,0.001456579,0.003179345,0.003304871,0.001998175,0.002208619,0.001565,0.001551,0,0,1.524e-23,4.426e-24
step512,512,O,v,head,2048,64-128,3145728,0.0007781034,0.0009098837,0.001924515,0.00252746,0.00265924,0.001817431,0.002071517,0.001565,0.001551,0,0,1.524e-23,4.426e-24
step512,512,O,v,head,2048,128-256,6291456,0.0003505793,0.0004676523,0.000995636,0.001193887,0.001328337,0.001794452,0.001948447,0.001565,0.001551,0,0,1.524e-23,4.426e-24
step512,512,O,v,head,2048,256-512,1.258291e+07,0.0002035398,0.0001291808,0.0005095005,0.0003688949,0.0004912773,0.001763401,0.001818441,0.001565,0.001551,0,0,1.524e-23,4.426e-24
step512,512,O,v,head,2048,512-1024,2.516582e+07,0.0001511368,0.0001129865,0.0001688401,0.0001463136,0.0001484711,0.001769543,0.001767624,0.001565,0.001551,0,0,1.524e-23,4.426e-24
step512,512,O,v,head,2048,1024-2048,5.033165e+07,0.0001898562,7.141017e-05,0.0004609227,0.0002710665,0.0004028468,0.001757253,0.001788971,0.001565,0.001551,0,0,1.524e-23,4.426e-24
step512,512,MLP_IN,u,hidden,8192,spike,6291456,0.0003971014,0.0003678379,0.0008560816,0.0005365909,0.0005695535,0.001762322,0.001840977,0.001565,0.001562,0,0,1.524e-23,1.127e-23
step512,512,MLP_IN,u,hidden,8192,32-64,6291456,0.0002296151,0.000247021,0.0007395744,0.000586023,0.0006189857,0.001770383,0.001822086,0.001565,0.001562,0,0,1.524e-23,1.127e-23
step512,512,MLP_IN,u,hidden,8192,64-128,1.258291e+07,0.0002274156,0.0002005479,0.0006125768,0.0003851612,0.0004120289,0.001777445,0.001800287,0.001565,0.001562,0,0,1.524e-23,1.127e-23
step512,512,MLP_IN,u,hidden,8192,128-256,2.516582e+07,9.224343e-05,0.0001018861,0.0003179709,0.000310048,0.0003429865,0.001776207,0.001809251,0.001565,0.001562,0,0,1.524e-23,1.127e-23
step512,512,MLP_IN,u,hidden,8192,256-512,5.033165e+07,5.928274e-05,6.242601e-05,0.0003314614,0.0002836844,0.0003172894,0.001764368,0.001793824,0.001565,0.001562,0,0,1.524e-23,1.127e-23
step512,512,MLP_IN,u,hidden,8192,512-1024,1.006633e+08,5.918377e-05,3.074417e-05,0.0001011988,8.08789e-05,8.176851e-05,0.001765553,0.00178589,0.001565,0.001562,0,0,1.524e-23,1.127e-23
step512,512,MLP_IN,u,hidden,8192,1024-2048,2.013266e+08,7.463094e-05,5.504595e-05,0.0001331568,7.824817e-05,9.365747e-05,0.001765987,0.001776135,0.001565,0.001562,0,0,1.524e-23,1.127e-23
step512,512,MLP_IN,v,residual,2048,spike,1572864,0.0005355442,0.0006232541,0.0007692973,0.0005205768,0.0006070693,0.001735142,0.001855033,0.001565,0.001551,0,0,1.524e-23,4.426e-24
step512,512,MLP_IN,v,residual,2048,32-64,1572864,0.0004490767,0.0004426178,0.001238505,0.001098168,0.001195697,0.001780828,0.001853398,0.001565,0.001551,0,0,1.524e-23,4.426e-24
step512,512,MLP_IN,v,residual,2048,64-128,3145728,0.0003317296,0.0002729377,0.000600179,0.0003988064,0.0004963356,0.001745224,0.001812799,0.001565,0.001551,0,0,1.524e-23,4.426e-24
step512,512,MLP_IN,v,residual,2048,128-256,6291456,0.0002896966,0.0003593287,0.000442028,0.0002820672,0.0003598871,0.001774515,0.001787186,0.001565,0.001551,0,0,1.524e-23,4.426e-24
step512,512,MLP_IN,v,residual,2048,256-512,1.258291e+07,0.0002801879,0.0001546624,0.000228405,0.0001188182,0.0001414894,0.001766012,0.001773051,0.001565,0.001551,0,0,1.524e-23,4.426e-24
step512,512,MLP_IN,v,residual,2048,512-1024,2.516582e+07,9.907455e-05,0.0002109525,0.0002112389,0.0001121643,0.0001455028,0.001767459,0.001782735,0.001565,0.001551,0,0,1.524e-23,4.426e-24
step512,512,MLP_IN,v,residual,2048,1024-2048,5.033165e+07,8.82808e-05,0.000146264,0.0001411438,0.0001119528,0.0001259725,0.001770979,0.001767107,0.001565,0.001551,0,0,1.524e-23,4.426e-24
step512,512,MLP_OUT,u,residual,2048,spike,1572864,0.002027045,0.001895162,0.003471375,0.001450902,0.001585352,0.001629966,0.001885641,0.001565,0.001551,0,0,1.524e-23,4.426e-24
step512,512,MLP_OUT,u,residual,2048,32-64,1572864,0.0005092264,0.0004017391,0.001262029,0.0008485652,0.0009740906,0.001809075,0.001818157,0.001565,0.001551,0,0,1.524e-23,4.426e-24
step512,512,MLP_OUT,u,residual,2048,64-128,3145728,0.0002035482,0.0002314276,0.0006357829,0.0005577966,0.000660972,0.00176457,0.001814751,0.001565,0.001551,0,0,1.524e-23,4.426e-24
step512,512,MLP_OUT,u,residual,2048,128-256,6291456,0.0001940167,0.0001610676,0.0007419586,0.0006253538,0.0007477362,0.001778693,0.00180467,0.001565,0.001551,0,0,1.524e-23,4.426e-24
step512,512,MLP_OUT,u,residual,2048,256-512,1.258291e+07,0.0003284641,0.0002668196,0.0003656546,7.654222e-05,0.0001980453,0.00175987,0.001770485,0.001565,0.001551,0,0,1.524e-23,4.426e-24
step512,512,MLP_OUT,u,residual,2048,512-1024,2.516582e+07,0.0001163943,0.0001195947,0.0001607339,0.0001730223,8.370077e-05,0.001770559,0.001762538,0.001565,0.001551,0,0,1.524e-23,4.426e-24
step512,512,MLP_OUT,u,residual,2048,1024-2048,5.033165e+07,0.0001273109,0.0002191142,0.0001301964,7.552894e-05,0.0001439593,0.001767468,0.00177361,0.001565,0.001551,0,0,1.524e-23,4.426e-24
step512,512,MLP_OUT,v,hidden,8192,spike,6291456,0.004236903,0.004270508,0.003414631,0.0009494469,0.0009823854,0.002357801,0.001895064,0.001565,0.001562,0,0,1.524e-23,1.127e-23
step512,512,MLP_OUT,v,hidden,8192,32-64,6291456,0.001392037,0.001424999,0.000629425,0.0008550148,0.0008886198,0.001895405,0.001871291,0.001565,0.001562,0,0,1.524e-23,1.127e-23
step512,512,MLP_OUT,v,hidden,8192,64-128,1.258291e+07,0.0005436983,0.0005729618,0.0002937317,0.0007378106,0.0007707492,0.001824141,0.00184553,0.001565,0.001562,0,0,1.524e-23,1.127e-23
step512,512,MLP_OUT,v,hidden,8192,128-256,2.516582e+07,0.0002893964,0.0003162641,0.0004254977,0.0006093086,0.0006422712,0.001803801,0.001844469,0.001565,0.001562,0,0,1.524e-23,1.127e-23
step512,512,MLP_OUT,v,hidden,8192,256-512,5.033165e+07,9.454655e-05,0.0001269891,0.000279367,0.0003338755,0.0003668382,0.001780672,0.001825594,0.001565,0.001562,0,0,1.524e-23,1.127e-23
step512,512,MLP_OUT,v,hidden,8192,512-1024,1.006633e+08,5.103698e-05,4.514581e-05,0.0002071857,0.000185094,0.0002156814,0.001771955,0.001792279,0.001565,0.001562,0,0,1.524e-23,1.127e-23
step512,512,MLP_OUT,v,hidden,8192,1024-2048,2.013266e+08,2.596637e-05,4.276086e-05,8.323789e-05,6.177946e-05,6.071216e-05,0.001773992,0.00177724,0.001565,0.001562,0,0,1.524e-23,1.127e-23
step1000,1000,Q,u,head,2048,spike,1572864,0.02447324,0.02460769,0.02011808,0.004419158,0.004551041,0.00488036,0.002311343,0.001565,0.001551,0,1.271566e-06,1.524e-23,4.426e-24
step1000,1000,Q,u,head,2048,32-64,1572864,0.0007132535,0.0008450338,0.002944311,0.003288315,0.003422765,0.001869292,0.002136594,0.001565,0.001551,0,0,1.524e-23,4.426e-24
step1000,1000,Q,u,head,2048,64-128,3145728,0.0003213946,0.0003772061,0.002105395,0.002194946,0.002326726,0.001780737,0.002044269,0.001565,0.001551,0,0,1.524e-23,4.426e-24
step1000,1000,Q,u,head,2048,128-256,6291456,0.0003194746,0.0004241348,0.001202742,0.001060373,0.001194822,0.001773335,0.001903193,0.001565,0.001551,0,0,1.524e-23,4.426e-24
step1000,1000,Q,u,head,2048,256-512,1.258291e+07,0.0002270877,0.0001454673,0.0005051295,0.0002780418,0.0004124916,0.001754761,0.001797801,0.001565,0.001551,0,0,1.524e-23,4.426e-24
step1000,1000,Q,u,head,2048,512-1024,2.516582e+07,0.0002610965,0.0001635673,0.0001926422,0.0002022524,6.780264e-05,0.001763628,0.001764899,0.001565,0.001551,0,0,1.524e-23,4.426e-24
step1000,1000,Q,u,head,2048,1024-2048,5.033165e+07,7.460068e-05,0.000111409,0.0002827446,0.0002106591,0.0003359434,0.001761085,0.001784467,0.001565,0.001551,0,0,1.524e-23,4.426e-24
step1000,1000,Q,v,residual,2048,spike,1572864,0.00355741,0.003431885,0.004403432,0.001223713,0.001355596,0.00172824,0.001855305,0.001565,0.001551,0,0,1.524e-23,4.426e-24
step1000,1000,Q,v,residual,2048,32-64,1572864,0.000614328,0.0005526835,0.001346588,0.001149962,0.001281845,0.001752308,0.001862117,0.001565,0.001551,0,0,1.524e-23,4.426e-24
step1000,1000,Q,v,residual,2048,64-128,3145728,0.000315165,0.0003032993,0.0007829666,0.0007973175,0.0009317672,0.001732826,0.001824879,0.001565,0.001551,0,0,1.524e-23,4.426e-24
step1000,1000,Q,v,residual,2048,128-256,6291456,0.0002627471,0.0001630128,0.0007433891,0.0005044874,0.0006125251,0.001786573,0.00182036,0.001565,0.001551,0,0,1.524e-23,4.426e-24
step1000,1000,Q,v,residual,2048,256-512,1.258291e+07,0.0002649962,0.0001416682,0.0002101262,0.0002662096,0.0001491366,0.001755703,0.001765626,0.001565,0.001551,0,0,1.524e-23,4.426e-24
step1000,1000,Q,v,residual,2048,512-1024,2.516582e+07,0.0002235724,0.0001070975,0.0001508395,0.0001678621,7.846147e-05,0.001756032,0.001770406,0.001565,0.001551,0,0,1.524e-23,4.426e-24
step1000,1000,Q,v,residual,2048,1024-2048,5.033165e+07,0.0001760065,6.782233e-05,0.0002694726,0.0001311144,0.0002094643,0.001758107,0.001779156,0.001565,0.001551,0,0,1.524e-23,4.426e-24
step1000,1000,K,u,head,2048,spike,1572864,0.01631282,0.0164446,0.0139548,0.002358024,0.002489804,0.003876822,0.002030327,0.001565,0.001551,0,9.990874e-07,1.524e-23,4.426e-24
step1000,1000,K,u,head,2048,32-64,1572864,0.0006900447,0.0008124272,0.001623789,0.001679774,0.001787261,0.001825696,0.001942044,0.001565,0.001551,0,0,1.524e-23,4.426e-24
step1000,1000,K,u,head,2048,64-128,3145728,0.0004264397,0.0003417607,0.001286825,0.001116655,0.001239037,0.001764434,0.001907712,0.001565,0.001551,0,0,1.524e-23,4.426e-24
step1000,1000,K,u,head,2048,128-256,6291456,0.000333319,0.0002021665,0.001084963,0.0007657028,0.0008880853,0.001753512,0.001850968,0.001565,0.001551,0,0,1.524e-23,4.426e-24
step1000,1000,K,u,head,2048,256-512,1.258291e+07,0.0002176121,0.0001542051,0.00041008,0.0003733197,0.000480807,0.001762288,0.001803251,0.001565,0.001551,0,0,1.524e-23,4.426e-24
step1000,1000,K,u,head,2048,512-1024,2.516582e+07,0.0002672429,0.0001486513,0.0001862049,0.0002042289,0.000116519,0.001762765,0.001773443,0.001565,0.001551,0,0,1.524e-23,4.426e-24
step1000,1000,K,u,head,2048,1024-2048,5.033165e+07,8.042207e-05,0.000151809,0.0002904932,0.0002100711,0.0003418514,0.001761434,0.001778583,0.001565,0.001551,0,0,1.524e-23,4.426e-24
step1000,1000,K,v,residual,2048,spike,1572864,0.002259777,0.002134252,0.003915151,0.001655374,0.001780899,0.001676559,0.001906168,0.001565,0.001551,0,0,1.524e-23,4.426e-24
step1000,1000,K,v,residual,2048,32-64,1572864,0.0004248735,0.0005224027,0.001472473,0.001413776,0.001539302,0.00173814,0.001889002,0.001565,0.001551,0,0,1.524e-23,4.426e-24
step1000,1000,K,v,residual,2048,64-128,3145728,0.0002483492,0.0003227311,0.0008913676,0.0008247233,0.0009502488,0.001779738,0.001825015,0.001565,0.001551,0,0,1.524e-23,4.426e-24
step1000,1000,K,v,residual,2048,128-256,6291456,0.0003121792,0.0002253477,0.000714461,0.0004167494,0.0005341648,0.001727195,0.001821473,0.001565,0.001551,0,0,1.524e-23,4.426e-24
step1000,1000,K,v,residual,2048,256-512,1.258291e+07,0.0003235677,0.0002195501,0.0003834565,0.0001412821,0.0002366691,0.001750583,0.00176692,0.001565,0.001551,0,0,1.524e-23,4.426e-24
step1000,1000,K,v,residual,2048,512-1024,2.516582e+07,0.0001338107,9.627757e-05,9.612242e-05,0.0001998046,7.679841e-05,0.001766364,0.00176113,0.001565,0.001551,0,0,1.524e-23,4.426e-24
step1000,1000,K,v,residual,2048,1024-2048,5.033165e+07,0.0001916587,6.431038e-05,0.000151058,7.758091e-05,0.0001462859,0.001770735,0.001765983,0.001565,0.001551,0,0,1.524e-23,4.426e-24
step1000,1000,V,u,head,2048,spike,1572864,0.00183872,0.001946207,0.001361847,0.00194508,0.002067463,0.002059392,0.001917884,0.001565,0.001551,0,0,1.524e-23,4.426e-24
step1000,1000,V,u,head,2048,32-64,1572864,0.0007337392,0.000868189,0.001148224,0.001327936,0.00144501,0.001775651,0.001923607,0.001565,0.001551,0,0,1.524e-23,4.426e-24
step1000,1000,V,u,head,2048,64-128,3145728,0.0002560822,0.0002982125,0.0007088979,0.0006909272,0.0008228103,0.001788457,0.001844724,0.001565,0.001551,0,0,1.524e-23,4.426e-24
step1000,1000,V,u,head,2048,128-256,6291456,0.0001481276,0.0002800106,0.0004008611,0.0004206317,0.0005430142,0.001779693,0.001804216,0.001565,0.001551,0,0,1.524e-23,4.426e-24
step1000,1000,V,u,head,2048,256-512,1.258291e+07,0.0001810852,0.0001121918,0.000292937,0.0001911504,0.0002525927,0.001756271,0.001781486,0.001565,0.001551,0,0,1.524e-23,4.426e-24
step1000,1000,V,u,head,2048,512-1024,2.516582e+07,0.0002151086,9.803552e-05,0.0002679427,0.0001844505,0.0001751846,0.00176579,0.001752218,0.001565,0.001551,0,0,1.524e-23,4.426e-24
step1000,1000,V,u,head,2048,1024-2048,5.033165e+07,0.000231771,0.0001342418,0.0002366304,6.765313e-05,0.0001403252,0.001752368,0.001771907,0.001565,0.001551,0,0,1.524e-23,4.426e-24
step1000,1000,V,v,residual,2048,spike,1572864,0.0006336706,0.000759196,0.0006211599,0.000942661,0.001068186,0.001824969,0.001895632,0.001565,0.001551,0,0,1.524e-23,4.426e-24
step1000,1000,V,v,residual,2048,32-64,1572864,0.0006675363,0.0006048177,0.0008875529,0.0008125696,0.0008586622,0.001783371,0.00185585,0.001565,0.001551,0,0,1.524e-23,4.426e-24
step1000,1000,V,v,residual,2048,64-128,3145728,0.000496962,0.0005135244,0.0009765625,0.0006712918,0.0008030722,0.001729102,0.001836731,0.001565,0.001551,0,0,1.524e-23,4.426e-24
step1000,1000,V,v,residual,2048,128-256,6291456,0.0003946685,0.0002900083,0.000784874,0.0004303274,0.0005527098,0.001748585,0.001833552,0.001565,0.001551,0,0,1.524e-23,4.426e-24
step1000,1000,V,v,residual,2048,256-512,1.258291e+07,0.0001481963,0.0001505893,0.0003457069,0.0001975107,0.000239641,0.001767204,0.001768691,0.001565,0.001551,0,0,1.524e-23,4.426e-24
step1000,1000,V,v,residual,2048,512-1024,2.516582e+07,0.0001345975,0.0001150292,0.0001587868,0.0002088487,7.439889e-05,0.001762856,0.001755584,0.001565,0.001551,0,0,1.524e-23,4.426e-24
step1000,1000,V,v,residual,2048,1024-2048,5.033165e+07,0.0001531793,5.797437e-05,0.0001982053,7.386373e-05,0.0001993892,0.001758147,0.001763179,0.001565,0.001551,0,0,1.524e-23,4.426e-24
step1000,1000,O,u,residual,2048,spike,1572864,0.002034038,0.001902155,0.004249573,0.002344562,0.002470088,0.001618249,0.00204604,0.001565,0.001551,0,0,1.524e-23,4.426e-24
step1000,1000,O,u,residual,2048,32-64,1572864,0.000363237,0.0003251375,0.002279282,0.002127235,0.002259015,0.001769747,0.002020155,0.001565,0.001551,0,0,1.524e-23,4.426e-24
step1000,1000,O,u,residual,2048,64-128,3145728,0.0003701231,0.0004407104,0.001955986,0.002112538,0.002244421,0.001785914,0.001939229,0.001565,0.001551,0,0,1.524e-23,4.426e-24
step1000,1000,O,u,residual,2048,128-256,6291456,0.0002573268,0.0003789822,0.00107797,0.00121425,0.001346031,0.001801854,0.001881917,0.001565,0.001551,0,0,1.524e-23,4.426e-24
step1000,1000,O,u,residual,2048,256-512,1.258291e+07,0.0004214111,0.0002958857,0.00080959,0.0004006472,0.0005177202,0.001757724,0.001787458,0.001565,0.001551,0,0,1.524e-23,4.426e-24
step1000,1000,O,u,residual,2048,512-1024,2.516582e+07,7.357554e-05,0.000204074,0.00010554,9.968238e-05,0.0001648654,0.001760863,0.00177174,0.001565,0.001551,0,0,1.524e-23,4.426e-24
step1000,1000,O,u,residual,2048,1024-2048,5.033165e+07,0.000153063,0.0001182622,0.0003958344,0.0002489746,0.0003834244,0.001754854,0.001789215,0.001565,0.001551,0,0,1.524e-23,4.426e-24
step1000,1000,O,v,head,2048,spike,1572864,0.03945659,0.03958837,0.005379995,0.04277997,0.04291442,0.006241662,0.006006967,0.001565,0.001551,5.722046e-06,8.219764e-05,1.524e-23,4.426e-24
step1000,1000,O,v,head,2048,32-64,1572864,0.01780578,0.01794023,0.01306979,0.03087557,0.03101002,0.004067012,0.005246299,0.001565,0.001551,6.357829e-07,2.615792e-05,1.524e-23,4.426e-24
step1000,1000,O,v,head,2048,64-128,3145728,0.008992877,0.009127326,0.01112207,0.02003388,0.02016833,0.002923965,0.004166104,0.001565,0.001551,0,7.765634e-06,1.524e-23,4.426e-24
step1000,1000,O,v,head,2048,128-256,6291456,0.003304313,0.003436196,0.005087217,0.008284932,0.008419382,0.002146653,0.002821718,0.001565,0.001551,0,9.082613e-08,1.524e-23,4.426e-24
step1000,1000,O,v,head,2048,256-512,1.258291e+07,0.0006988506,0.0008333004,0.001714309,0.00237541,0.00250986,0.001843248,0.002021926,0.001565,0.001551,0,0,1.524e-23,4.426e-24
step1000,1000,O,v,head,2048,512-1024,2.516582e+07,9.095037e-05,0.0001956106,0.0007244746,0.0006754061,0.0008098559,0.001775452,0.001826474,0.001565,0.001551,0,0,1.524e-23,4.426e-24
step1000,1000,O,v,head,2048,1024-2048,5.033165e+07,0.0004517735,0.0005836566,0.001829207,0.002268281,0.00240273,0.001819142,0.001943506,0.001565,0.001551,0,0,1.524e-23,4.426e-24
step1000,1000,MLP_IN,u,hidden,8192,spike,6291456,0.01084655,0.01081361,0.01130549,0.0005466601,0.0005802651,0.001897471,0.001806395,0.001565,0.001562,0,0,1.524e-23,1.127e-23
step1000,1000,MLP_IN,u,hidden,8192,32-64,6291456,0.0001587272,0.0001728941,0.0007149378,0.0006160276,0.0006474033,0.001786005,0.001816999,0.001565,0.001562,0,0,1.524e-23,1.127e-23
step1000,1000,MLP_IN,u,hidden,8192,64-128,1.258291e+07,0.0001019574,0.0001281151,0.0005575021,0.0005376185,0.000570557,0.001780589,0.001821314,0.001565,0.001562,0,0,1.524e-23,1.127e-23
step1000,1000,MLP_IN,u,hidden,8192,128-256,2.516582e+07,0.0002361022,0.0002117234,0.0004719496,0.0003269757,0.0003599142,0.00176801,0.001803165,0.001565,0.001562,0,0,1.524e-23,1.127e-23
step1000,1000,MLP_IN,u,hidden,8192,256-512,5.033165e+07,8.365154e-05,7.00501e-05,0.0002284646,0.0001868741,0.0002182499,0.0017751,0.00178584,0.001565,0.001562,0,0,1.524e-23,1.127e-23
step1000,1000,MLP_IN,u,hidden,8192,512-1024,1.006633e+08,8.027306e-05,4.733453e-05,0.0001663864,0.0001096842,0.0001402716,0.00177515,0.001783253,0.001565,0.001562,0,0,1.524e-23,1.127e-23
step1000,1000,MLP_IN,u,hidden,8192,1024-2048,2.013266e+08,4.040833e-05,6.459803e-05,3.692508e-05,2.202221e-05,5.025914e-05,0.00177196,0.001774311,0.001565,0.001562,0,0,1.524e-23,1.127e-23
step1000,1000,MLP_IN,v,residual,2048,spike,1572864,0.004531179,0.004396729,0.005772273,0.001365493,0.001497376,0.001679648,0.001872471,0.001565,0.001551,0,0,1.524e-23,4.426e-24
step1000,1000,MLP_IN,v,residual,2048,32-64,1572864,0.0006815235,0.0005740363,0.001995087,0.001313563,0.00142105,0.001746677,0.001858938,0.001565,0.001551,0,0,1.524e-23,4.426e-24
step1000,1000,MLP_IN,v,residual,2048,64-128,3145728,0.0003100481,0.0004271211,0.0006243388,0.0004665698,0.0005983501,0.001754034,0.001808257,0.001565,0.001551,0,0,1.524e-23,4.426e-24
step1000,1000,MLP_IN,v,residual,2048,128-256,6291456,0.0003761788,0.000241729,0.0005523364,0.0002349831,0.0003573656,0.00172774,0.001784347,0.001565,0.001551,0,0,1.524e-23,4.426e-24
step1000,1000,MLP_IN,v,residual,2048,256-512,1.258291e+07,0.0001758003,0.0001593934,0.0002660751,0.0003637933,0.0002382678,0.001759018,0.001768021,0.001565,0.001551,0,0,1.524e-23,4.426e-24
step1000,1000,MLP_IN,v,residual,2048,512-1024,2.516582e+07,0.0001762861,8.543963e-05,0.0001240571,0.0002080698,7.618673e-05,0.001762299,0.001764945,0.001565,0.001551,0,0,1.524e-23,4.426e-24
step1000,1000,MLP_IN,v,residual,2048,1024-2048,5.033165e+07,0.000173716,7.618684e-05,0.0002582272,0.0001118029,0.0002435832,0.001754554,0.001774288,0.001565,0.001551,0,0,1.524e-23,4.426e-24
step1000,1000,MLP_OUT,u,residual,2048,spike,1572864,0.003911431,0.003779651,0.007058462,0.003451496,0.00358338,0.001539594,0.00219009,0.001565,0.001551,0,0,1.524e-23,4.426e-24
step1000,1000,MLP_OUT,u,residual,2048,32-64,1572864,0.000706575,0.0008289575,0.002361933,0.002669557,0.00280224,0.001843407,0.002075559,0.001565,0.001551,0,0,1.524e-23,4.426e-24
step1000,1000,MLP_OUT,u,residual,2048,64-128,3145728,0.001247626,0.001370009,0.001581828,0.002289677,0.002421457,0.001871836,0.002008347,0.001565,0.001551,0,0,1.524e-23,4.426e-24
step1000,1000,MLP_OUT,u,residual,2048,128-256,6291456,0.001127347,0.00124442,0.0004345576,0.001423985,0.001555868,0.001866772,0.001952716,0.001565,0.001551,0,0,1.524e-23,4.426e-24
step1000,1000,MLP_OUT,u,residual,2048,256-512,1.258291e+07,0.0002941625,0.000419688,0.0003956954,0.0005586843,0.0006905674,0.001782905,0.001818963,0.001565,0.001551,0,0,1.524e-23,4.426e-24
step1000,1000,MLP_OUT,u,residual,2048,512-1024,2.516582e+07,0.0001602723,8.491045e-05,0.0002325376,0.0001190463,0.0002201785,0.001758178,0.001779244,0.001565,0.001551,0,0,1.524e-23,4.426e-24
step1000,1000,MLP_OUT,u,residual,2048,1024-2048,5.033165e+07,0.00020257,0.0003280955,0.0002970894,0.0004068351,0.0005323606,0.001786504,0.001821819,0.001565,0.001551,0,0,1.524e-23,4.426e-24
step1000,1000,MLP_OUT,v,hidden,8192,spike,6291456,0.007479554,0.007513159,0.00380675,0.003672804,0.003706409,0.002654416,0.002173401,0.001565,0.001562,0,1.589457e-07,1.524e-23,1.127e-23
step1000,1000,MLP_OUT,v,hidden,8192,32-64,6291456,0.004527932,0.004561537,0.001533667,0.003019238,0.003052177,0.002233278,0.002116022,0.001565,0.001562,0,0,1.524e-23,1.127e-23
step1000,1000,MLP_OUT,v,hidden,8192,64-128,1.258291e+07,0.003317818,0.003350756,0.0007999738,0.002540873,0.002574478,0.002110697,0.002074435,0.001565,0.001562,0,0,1.524e-23,1.127e-23
step1000,1000,MLP_OUT,v,hidden,8192,128-256,2.516582e+07,0.002104249,0.002137854,0.0001941125,0.002163178,0.002196783,0.002004056,0.002027847,0.001565,0.001562,0,0,1.524e-23,1.127e-23
step1000,1000,MLP_OUT,v,hidden,8192,256-512,5.033165e+07,0.0009619241,0.0009948626,0.0005844434,0.001507272,0.001540235,0.001871975,0.001942501,0.001565,0.001562,0,0,1.524e-23,1.127e-23
step1000,1000,MLP_OUT,v,hidden,8192,512-1024,1.006633e+08,0.0002768199,0.0003104249,0.0004562338,0.0007012745,0.0007348795,0.001796304,0.001855082,0.001565,0.001562,0,0,1.524e-23,1.127e-23
step1000,1000,MLP_OUT,v,hidden,8192,1024-2048,2.013266e+08,5.698619e-05,7.401853e-05,9.27647e-05,0.0001036571,0.0001329205,0.00177103,0.001779372,0.001565,0.001562,0,0,1.524e-23,1.127e-23
step2000,2000,Q,u,head,2048,spike,1572864,0.03786777,0.03799955,0.01244863,0.02651007,0.02664195,0.006031309,0.005153656,0.001565,0.001551,3.633045e-07,2.098083e-05,1.524e-23,4.426e-24
step2000,2000,Q,u,head,2048,32-64,1572864,0.01264372,0.0127755,0.005233765,0.01752095,0.0176554,0.003394172,0.004108156,0.001565,0.001551,0,0,1.524e-23,4.426e-24
step2000,2000,Q,u,head,2048,64-128,3145728,0.002113565,0.002245346,0.01023388,0.01225985,0.0123943,0.002032961,0.003334454,0.001565,0.001551,0,0,1.524e-23,4.426e-24
step2000,2000,Q,u,head,2048,128-256,6291456,0.0006775396,0.000803065,0.006095092,0.006678468,0.006812918,0.001827376,0.002578758,0.001565,0.001551,0,0,1.524e-23,4.426e-24
step2000,2000,Q,u,head,2048,256-512,1.258291e+07,0.0001461244,0.0002005364,0.002265215,0.002166494,0.002298275,0.001763764,0.002001706,0.001565,0.001551,0,0,1.524e-23,4.426e-24
step2000,2000,Q,u,head,2048,512-1024,2.516582e+07,0.000114933,0.0001379188,0.0003264348,0.0002315605,0.0003654039,0.0017665,0.001797415,0.001565,0.001551,0,0,1.524e-23,4.426e-24
step2000,2000,Q,u,head,2048,1024-2048,5.033165e+07,7.312861e-05,0.0001986541,0.001604954,0.001633213,0.001767663,0.001775001,0.001926933,0.001565,0.001551,0,0,1.524e-23,4.426e-24
step2000,2000,Q,v,residual,2048,spike,1572864,0.001530375,0.001664825,0.005098343,0.006448156,0.006582605,0.002079918,0.002550852,0.001565,0.001551,0,0,1.524e-23,4.426e-24
step2000,2000,Q,v,residual,2048,32-64,1572864,0.003155931,0.003287712,0.00188446,0.004823516,0.004955399,0.002103079,0.002401715,0.001565,0.001551,0,0,1.524e-23,4.426e-24
step2000,2000,Q,v,residual,2048,64-128,3145728,0.0004746577,0.0006091074,0.003192584,0.003631741,0.003763624,0.001844951,0.002217792,0.001565,0.001551,0,0,1.524e-23,4.426e-24
step2000,2000,Q,v,residual,2048,128-256,6291456,0.0003745118,0.0004819991,0.002104759,0.002203351,0.002337801,0.001784415,0.002021835,0.001565,0.001551,0,0,1.524e-23,4.426e-24
step2000,2000,Q,v,residual,2048,256-512,1.258291e+07,0.0002872303,0.00015545,0.001070261,0.0007830307,0.000914811,0.00174922,0.001866216,0.001565,0.001551,0,0,1.524e-23,4.426e-24
step2000,2000,Q,v,residual,2048,512-1024,2.516582e+07,0.0002851585,0.0001532754,0.0003070831,9.353324e-05,0.0002173175,0.001756838,0.001759575,0.001565,0.001551,0,0,1.524e-23,4.426e-24
step2000,2000,Q,v,residual,2048,1024-2048,5.033165e+07,0.0002045587,7.277835e-05,0.0006003976,0.000439725,0.0005621075,0.001771138,0.001814953,0.001565,0.001551,0,0,1.524e-23,4.426e-24
step2000,2000,K,u,head,2048,spike,1572864,0.03419944,0.03433389,0.0237236,0.01048516,0.01061705,0.006231036,0.003023602,0.001565,0.001551,6.357829e-07,1.970927e-05,1.524e-23,4.426e-24
step2000,2000,K,u,head,2048,32-64,1572864,0.009937332,0.01007178,0.003837585,0.006210373,0.006344823,0.003181094,0.002675738,0.001565,0.001551,0,0,1.524e-23,4.426e-24
step2000,2000,K,u,head,2048,64-128,3145728,0.001697371,0.001829255,0.002738953,0.004203842,0.004338292,0.002001581,0.00231543,0.001565,0.001551,0,0,1.524e-23,4.426e-24
step2000,2000,K,u,head,2048,128-256,6291456,0.0005671796,0.0006895621,0.002235413,0.00239935,0.00253113,0.001818021,0.002053897,0.001565,0.001551,0,0,1.524e-23,4.426e-24
step2000,2000,K,u,head,2048,256-512,1.258291e+07,0.0001746965,0.0002281149,0.0008414586,0.0008662999,0.00100075,0.001782417,0.001853807,0.001565,0.001551,0,0,1.524e-23,4.426e-24
step2000,2000,K,u,head,2048,512-1024,2.516582e+07,0.0001058462,0.0001237672,0.000229001,0.000132527,0.0002669768,0.001765762,0.001778103,0.001565,0.001551,0,0,1.524e-23,4.426e-24
step2000,2000,K,u,head,2048,1024-2048,5.033165e+07,0.0001267557,0.0002326842,0.0005598068,0.000583917,0.0007158001,0.001780308,0.001826306,0.001565,0.001551,0,0,1.524e-23,4.426e-24
step2000,2000,K,v,residual,2048,spike,1572864,0.001480943,0.001355418,0.006980896,0.005660421,0.00579487,0.001698085,0.002602078,0.001565,0.001551,0,1.362392e-06,1.524e-23,4.426e-24
step2000,2000,K,v,residual,2048,32-64,1572864,0.000378756,0.0002812268,0.004083633,0.003889304,0.004011687,0.001783553,0.002318791,0.001565,0.001551,0,0,1.524e-23,4.426e-24
step2000,2000,K,v,residual,2048,64-128,3145728,0.0003099899,0.0004444397,0.002411207,0.002569666,0.002701549,0.001770519,0.00215871,0.001565,0.001551,0,0,1.524e-23,4.426e-24
step2000,2000,K,v,residual,2048,128-256,6291456,0.0004521548,0.0003177051,0.001974583,0.001572917,0.0017048,0.001751491,0.001976445,0.001565,0.001551,0,0,1.524e-23,4.426e-24
step2000,2000,K,v,residual,2048,256-512,1.258291e+07,0.0001499262,0.0001828945,0.0003979206,0.0004005334,0.0005324164,0.001754647,0.0018233,0.001565,0.001551,0,0,1.524e-23,4.426e-24
step2000,2000,K,v,residual,2048,512-1024,2.516582e+07,0.0001350028,8.642566e-05,0.0001216332,0.00010348,0.0001634236,0.001752785,0.001757321,0.001565,0.001551,0,0,1.524e-23,4.426e-24
step2000,2000,K,v,residual,2048,1024-2048,5.033165e+07,0.0001776372,7.403051e-05,0.0004781286,0.0003004913,0.0004322717,0.001760304,0.001803895,0.001565,0.001551,0,0,1.524e-23,4.426e-24
step2000,2000,V,u,head,2048,spike,1572864,0.01517873,0.01531318,0.01142629,0.004049768,0.004181651,0.003948757,0.00231643,0.001565,0.001551,0,0,1.524e-23,4.426e-24
step2000,2000,V,u,head,2048,32-64,1572864,0.004456033,0.004587916,0.001674016,0.003070241,0.003204691,0.002396175,0.002184641,0.001565,0.001551,0,0,1.524e-23,4.426e-24
step2000,2000,V,u,head,2048,64-128,3145728,0.001328935,0.001460818,0.001011531,0.001983866,0.002115646,0.001934052,0.002049673,0.001565,0.001551,0,0,1.524e-23,4.426e-24
step2000,2000,V,u,head,2048,128-256,6291456,0.0001883864,0.0002958737,0.0009153684,0.001074736,0.001191809,0.001805828,0.001884824,0.001565,0.001551,0,0,1.524e-23,4.426e-24
step2000,2000,V,u,head,2048,256-512,1.258291e+07,0.0001983706,0.0002052324,0.0003027121,0.0002772348,0.0004027602,0.001760619,0.001790864,0.001565,0.001551,0,0,1.524e-23,4.426e-24
step2000,2000,V,u,head,2048,512-1024,2.516582e+07,0.0001385058,0.0002702861,0.0002582868,0.0001618249,6.575326e-05,0.001769736,0.001766006,0.001565,0.001551,0,0,1.524e-23,4.426e-24
step2000,2000,V,u,head,2048,1024-2048,5.033165e+07,7.492936e-05,0.000166583,0.0002742807,0.0002307793,0.0003626624,0.001769131,0.001792343,0.001565,0.001551,0,0,1.524e-23,4.426e-24
step2000,2000,V,v,residual,2048,spike,1572864,0.004107588,0.004233114,0.002725601,0.001486365,0.001618146,0.002120063,0.001925241,0.001565,0.001551,0,0,1.524e-23,4.426e-24
step2000,2000,V,v,residual,2048,32-64,1572864,0.001167291,0.001271951,0.0006917318,0.00100648,0.001113967,0.00190535,0.001914887,0.001565,0.001551,0,0,1.524e-23,4.426e-24
step2000,2000,V,v,residual,2048,64-128,3145728,0.0008100913,0.0009271644,0.0005064011,0.00098473,0.001107113,0.001825696,0.001889002,0.001565,0.001551,0,0,1.524e-23,4.426e-24
step2000,2000,V,v,residual,2048,128-256,6291456,0.0003187901,0.0004358632,0.000524203,0.0004612055,0.0005926569,0.001767567,0.00182976,0.001565,0.001551,0,0,1.524e-23,4.426e-24
step2000,2000,V,v,residual,2048,256-512,1.258291e+07,0.0003222806,0.0001998981,0.0003918807,0.0002253413,0.000337513,0.00177363,0.001784313,0.001565,0.001551,0,0,1.524e-23,4.426e-24
step2000,2000,V,v,residual,2048,512-1024,2.516582e+07,0.0001801192,6.100172e-05,0.0002010266,0.0002946737,0.0002019523,0.001756674,0.001756015,0.001565,0.001551,0,0,1.524e-23,4.426e-24
step2000,2000,V,v,residual,2048,1024-2048,5.033165e+07,0.0002911045,0.0001778641,0.0002729893,5.55731e-05,0.0001779556,0.001762353,0.001767102,0.001565,0.001551,0,0,1.524e-23,4.426e-24
step2000,2000,O,u,residual,2048,spike,1572864,0.002693345,0.002561462,0.008071264,0.005597478,0.005731928,0.001633508,0.002409799,0.001565,0.001551,0,0,1.524e-23,4.426e-24
step2000,2000,O,u,residual,2048,32-64,1572864,0.0005383787,0.0006169618,0.005027135,0.004853472,0.004985252,0.001845678,0.002295267,0.001565,0.001551,0,0,1.524e-23,4.426e-24
step2000,2000,O,u,residual,2048,64-128,3145728,0.0009026429,0.001034526,0.002792358,0.003527687,0.003662137,0.001861845,0.002122425,0.001565,0.001551,0,0,1.524e-23,4.426e-24
step2000,2000,O,u,residual,2048,128-256,6291456,0.0008067986,0.0009386817,0.001558781,0.002262338,0.002394119,0.001863321,0.002021699,0.001565,0.001551,0,0,1.524e-23,4.426e-24
step2000,2000,O,u,residual,2048,256-512,1.258291e+07,0.0003176865,0.0004432119,0.0008930365,0.001121426,0.001253206,0.00182095,0.001871177,0.001565,0.001551,0,0,1.524e-23,4.426e-24
step2000,2000,O,u,residual,2048,512-1024,2.516582e+07,0.0001800213,7.887446e-05,0.0001835426,0.0001538696,0.0001205943,0.001776111,0.001769719,0.001565,0.001551,0,0,1.524e-23,4.426e-24
step2000,2000,O,u,residual,2048,1024-2048,5.033165e+07,0.0001714365,0.000296962,0.000400881,0.0005095462,0.000643996,0.001779888,0.001827717,0.001565,0.001551,0,0,1.524e-23,4.426e-24
step2000,2000,O,v,head,2048,spike,1572864,0.0291456,0.02928005,0.03897222,0.06775034,0.06788479,0.005762554,0.008768445,0.001565,0.001551,2.452305e-06,6.902786e-05,1.524e-23,4.426e-24
step2000,2000,O,v,head,2048,32-64,1572864,0.029007,0.02914145,0.02205276,0.05105977,0.05119422,0.005424227,0.00761241,0.001565,0.001551,1.725696e-06,1.444135e-05,1.524e-23,4.426e-24
step2000,2000,O,v,head,2048,64-128,3145728,0.02117702,0.02131147,0.01421134,0.03538836,0.03552281,0.004390853,0.005966414,0.001565,0.001551,3.633045e-07,2.270653e-06,1.524e-23,4.426e-24
step2000,2000,O,v,head,2048,128-256,6291456,0.01265546,0.01278991,0.005385876,0.01804134,0.01817579,0.003292765,0.003881454,0.001565,0.001551,0,0,1.524e-23,4.426e-24
step2000,2000,O,v,head,2048,256-512,1.258291e+07,0.005067712,0.005202162,0.0006609758,0.005728688,0.005863138,0.002331915,0.002399104,0.001565,0.001551,0,0,1.524e-23,4.426e-24
step2000,2000,O,v,head,2048,512-1024,2.516582e+07,0.000874724,0.001009174,0.0003027916,0.001146585,0.001278468,0.001857394,0.001869196,0.001565,0.001551,0,0,1.524e-23,4.426e-24
step2000,2000,O,v,head,2048,1024-2048,5.033165e+07,0.002787676,0.002922125,0.001868705,0.004614816,0.004749266,0.002035476,0.002173526,0.001565,0.001551,0,0,1.524e-23,4.426e-24
step2000,2000,MLP_IN,u,hidden,8192,spike,6291456,0.006384402,0.006404043,0.005976041,0.000859932,0.0008914684,0.002525511,0.001879601,0.001565,0.001562,0,0,1.524e-23,1.127e-23
step2000,2000,MLP_IN,u,hidden,8192,32-64,6291456,0.0015122,0.001545225,0.0009554227,0.001025582,0.00105852,0.001925151,0.0018556,0.001565,0.001562,0,0,1.524e-23,1.127e-23
step2000,2000,MLP_IN,u,hidden,8192,64-128,1.258291e+07,0.0004858633,0.0005194683,0.0002398491,0.0005775194,0.0006104821,0.001823323,0.001848016,0.001565,0.001562,0,0,1.524e-23,1.127e-23
step2000,2000,MLP_IN,u,hidden,8192,128-256,2.516582e+07,0.0002515673,0.0002784351,0.0005549987,0.0006904539,0.000723356,0.00178479,0.001833371,0.001565,0.001562,0,0,1.524e-23,1.127e-23
step2000,2000,MLP_IN,u,hidden,8192,256-512,5.033165e+07,6.520681e-05,9.269908e-05,0.0003721118,0.0004028381,0.0004358007,0.001786522,0.001813082,0.001565,0.001562,0,0,1.524e-23,1.127e-23
step2000,2000,MLP_IN,u,hidden,8192,512-1024,1.006633e+08,9.860238e-05,8.793473e-05,0.0002303521,0.0001862491,0.0002191876,0.001769367,0.001795496,0.001565,0.001562,0,0,1.524e-23,1.127e-23
step2000,2000,MLP_IN,u,hidden,8192,1024-2048,2.013266e+08,3.955855e-05,6.64263e-05,9.224315e-05,6.310472e-05,3.97549e-05,0.001771516,0.001774924,0.001565,0.001562,0,0,1.524e-23,1.127e-23
step2000,2000,MLP_IN,v,residual,2048,spike,1572864,0.001100709,0.0009688259,0.004355113,0.003264791,0.003399241,0.001903988,0.002122243,0.001565,0.001551,0,0,1.524e-23,4.426e-24
step2000,2000,MLP_IN,v,residual,2048,32-64,1572864,0.002539858,0.002671638,0.0008786519,0.002032818,0.002155201,0.002087003,0.002002898,0.001565,0.001551,0,0,1.524e-23,4.426e-24
step2000,2000,MLP_IN,v,residual,2048,64-128,3145728,0.002222602,0.002354382,0.0006217957,0.001734211,0.001859736,0.001980282,0.001959755,0.001565,0.001551,0,0,1.524e-23,4.426e-24
step2000,2000,MLP_IN,v,residual,2048,128-256,6291456,0.0009739245,0.001105705,0.0006027222,0.001377965,0.001509745,0.001861232,0.001893112,0.001565,0.001551,0,0,1.524e-23,4.426e-24
step2000,2000,MLP_IN,v,residual,2048,256-512,1.258291e+07,0.0002423677,0.0001542553,0.0007499059,0.0006292479,0.0007516304,0.001769066,0.001835233,0.001565,0.001551,0,0,1.524e-23,4.426e-24
step2000,2000,MLP_IN,v,residual,2048,512-1024,2.516582e+07,0.0001430074,0.0001834151,0.0002164046,9.665716e-05,0.0001802804,0.001776985,0.001763747,0.001565,0.001551,0,0,1.524e-23,4.426e-24
step2000,2000,MLP_IN,v,residual,2048,1024-2048,5.033165e+07,8.764838e-05,0.0001915772,0.000385801,0.0004013042,0.000535754,0.001784617,0.001809762,0.001565,0.001551,0,0,1.524e-23,4.426e-24
step2000,2000,MLP_OUT,u,residual,2048,spike,1572864,0.003538086,0.003403636,0.01402918,0.0104911,0.01062555,0.00151943,0.002899806,0.001565,0.001551,0,4.632132e-06,1.524e-23,4.426e-24
step2000,2000,MLP_OUT,u,residual,2048,32-64,1572864,0.0007766929,0.0008246131,0.008016586,0.008332476,0.008464256,0.001813616,0.00267165,0.001565,0.001551,0,0,1.524e-23,4.426e-24
step2000,2000,MLP_OUT,u,residual,2048,64-128,3145728,0.001732731,0.001864512,0.005035718,0.00676845,0.00690023,0.001941953,0.002468291,0.001565,0.001551,0,0,1.524e-23,4.426e-24
step2000,2000,MLP_OUT,u,residual,2048,128-256,6291456,0.001749029,0.001880912,0.003455321,0.005022113,0.005153893,0.001976853,0.002268065,0.001565,0.001551,0,0,1.524e-23,4.426e-24
step2000,2000,MLP_OUT,u,residual,2048,256-512,1.258291e+07,0.001174911,0.001306692,0.001151403,0.002302851,0.002437301,0.001905373,0.002007121,0.001565,0.001551,0,0,1.524e-23,4.426e-24
step2000,2000,MLP_OUT,u,residual,2048,512-1024,2.516582e+07,0.0002666752,0.0003450251,0.0001796087,0.0003184017,0.0004439272,0.00178223,0.001803131,0.001565,0.001551,0,0,1.524e-23,4.426e-24
step2000,2000,MLP_OUT,u,residual,2048,1024-2048,5.033165e+07,0.0006772579,0.0008091409,0.001116514,0.001785086,0.001919535,0.001857408,0.00196063,0.001565,0.001551,0,0,1.524e-23,4.426e-24
step2000,2000,MLP_OUT,v,hidden,8192,spike,6291456,0.005142838,0.0051758,0.001624743,0.00633292,0.006366525,0.002493881,0.002513658,0.001565,0.001562,2.497718e-07,0,1.524e-23,1.127e-23
step2000,2000,MLP_OUT,v,hidden,8192,32-64,6291456,0.003546125,0.00357973,0.002680302,0.00614902,0.006182625,0.002189455,0.00246241,0.001565,0.001562,9.082613e-08,0,1.524e-23,1.127e-23
step2000,2000,MLP_OUT,v,hidden,8192,64-128,1.258291e+07,0.003371284,0.003404889,0.001918952,0.005121038,0.005154643,0.002105281,0.00234261,0.001565,0.001562,0,0,1.524e-23,1.127e-23
step2000,2000,MLP_OUT,v,hidden,8192,128-256,2.516582e+07,0.003214842,0.003248447,0.0009237528,0.004096752,0.004130357,0.002089898,0.002212411,0.001565,0.001562,0,0,1.524e-23,1.127e-23
step2000,2000,MLP_OUT,v,hidden,8192,256-512,5.033165e+07,0.002710446,0.002743385,0.0002310077,0.002939349,0.002972954,0.002041292,0.002090133,0.001565,0.001562,0,0,1.524e-23,1.127e-23
step2000,2000,MLP_OUT,v,hidden,8192,512-1024,1.006633e+08,0.00177533,0.001808935,0.0003386935,0.001458649,0.001491588,0.001939329,0.001921698,0.001565,0.001562,0,0,1.524e-23,1.127e-23
step2000,2000,MLP_OUT,v,hidden,8192,1024-2048,2.013266e+08,0.0003888105,0.0004217491,0.000154684,0.0002689968,0.0003026018,0.001809848,0.001800737,0.001565,0.001562,0,0,1.524e-23,1.127e-23
step3000,3000,Q,u,head,2048,spike,1572864,0.04632495,0.04645673,0.01211103,0.05182144,0.05195589,0.006405512,0.007451739,0.001565,0.001551,1.725696e-06,5.395072e-05,1.524e-23,4.426e-24
step3000,3000,Q,u,head,2048,32-64,1572864,0.02517373,0.02530551,0.00936381,0.03446838,0.03460283,0.004724139,0.006042299,0.001565,0.001551,3.633045e-07,0,1.524e-23,4.426e-24
step3000,3000,Q,u,head,2048,64-128,3145728,0.008880343,0.009014793,0.01604017,0.02492051,0.02505496,0.002761069,0.004771596,0.001565,0.001551,0,0,1.524e-23,4.426e-24
step3000,3000,Q,u,head,2048,128-256,6291456,0.002402192,0.002536642,0.01188437,0.01428656,0.01442101,0.002027307,0.003364972,0.001565,0.001551,0,0,1.524e-23,4.426e-24
step3000,3000,Q,u,head,2048,256-512,1.258291e+07,0.0005677359,0.0006901184,0.00481542,0.005291985,0.005426434,0.001824016,0.002281882,0.001565,0.001551,0,0,1.524e-23,4.426e-24
step3000,3000,Q,u,head,2048,512-1024,2.516582e+07,0.0001463827,0.0002719082,0.0007578135,0.000727201,0.0008589813,0.001773891,0.001850486,0.001565,0.001551,0,0,1.524e-23,4.426e-24
step3000,3000,Q,u,head,2048,1024-2048,5.033165e+07,0.0002698438,0.0003953693,0.003545662,0.003774828,0.003909278,0.001805056,0.002119453,0.001565,0.001551,0,0,1.524e-23,4.426e-24
step3000,3000,Q,v,residual,2048,spike,1572864,0.004039174,0.004173624,0.01196353,0.01595099,0.01608287,0.002222061,0.003866196,0.001565,0.001551,0,2.089001e-06,1.524e-23,4.426e-24
step3000,3000,Q,v,residual,2048,32-64,1572864,0.006119951,0.006251731,0.006437302,0.01224254,0.01237432,0.002327419,0.003358387,0.001565,0.001551,0,0,1.524e-23,4.426e-24
step3000,3000,Q,v,residual,2048,64-128,3145728,0.003581411,0.00371586,0.006135305,0.009387557,0.009519338,0.002068974,0.002901531,0.001565,0.001551,0,0,1.524e-23,4.426e-24
step3000,3000,Q,v,residual,2048,128-256,6291456,0.0007746951,0.0008793554,0.004782677,0.005488759,0.005623209,0.001855351,0.002361911,0.001565,0.001551,0,0,1.524e-23,4.426e-24
step3000,3000,Q,v,residual,2048,256-512,1.258291e+07,0.0001128561,0.0002271612,0.001712322,0.001732731,0.001864512,0.001792442,0.001944678,0.001565,0.001551,0,0,1.524e-23,4.426e-24
step3000,3000,Q,v,residual,2048,512-1024,2.516582e+07,0.0001610855,0.0001287403,0.000238657,0.0001886136,0.0003127572,0.001758899,0.001769906,0.001565,0.001551,0,0,1.524e-23,4.426e-24
step3000,3000,Q,v,residual,2048,1024-2048,5.033165e+07,8.083925e-05,0.0001861532,0.001316984,0.001271317,0.001403201,0.001776494,0.001893606,0.001565,0.001551,0,0,1.524e-23,4.426e-24
step3000,3000,K,u,head,2048,spike,1572864,0.05384054,0.05397232,0.03343836,0.02126995,0.02140183,0.008109229,0.004189809,0.001565,0.001551,6.357829e-07,3.905523e-05,1.524e-23,4.426e-24
step3000,3000,K,u,head,2048,32-64,1572864,0.02606015,0.0261946,0.01291084,0.013183,0.01331745,0.005070005,0.003529322,0.001565,0.001551,0,0,1.524e-23,4.426e-24
step3000,3000,K,u,head,2048,64-128,3145728,0.007421539,0.007555989,0.001572609,0.008893059,0.009027509,0.002748762,0.002937226,0.001565,0.001551,0,0,1.524e-23,4.426e-24
step3000,3000,K,u,head,2048,128-256,6291456,0.002154817,0.0022867,0.002689521,0.004720416,0.004854865,0.002002943,0.002333891,0.001565,0.001551,0,0,1.524e-23,4.426e-24
step3000,3000,K,u,head,2048,256-512,1.258291e+07,0.0004101496,0.0005420326,0.001231909,0.001624948,0.001759398,0.001817692,0.00193169,0.001565,0.001551,0,0,1.524e-23,4.426e-24
step3000,3000,K,u,head,2048,512-1024,2.516582e+07,7.104142e-05,0.0001889228,0.0001224279,0.0001259582,0.0002504576,0.001782315,0.001778143,0.001565,0.001551,0,0,1.524e-23,4.426e-24
step3000,3000,K,u,head,2048,1024-2048,5.033165e+07,0.0004609685,0.0005954182,0.0008495053,0.00126736,0.001401809,0.001811794,0.001888289,0.001565,0.001551,0,0,1.524e-23,4.426e-24
step3000,3000,K,v,residual,2048,spike,1572864,0.001103254,0.001200783,0.02955055,0.02961587,0.02974775,0.001812072,0.004678181,0.001565,0.001551,0,9.718395e-05,1.524e-23,4.426e-24
step3000,3000,K,v,residual,2048,32-64,1572864,0.0008396642,0.0009651897,0.01227506,0.01288079,0.01301268,0.001853307,0.003843943,0.001565,0.001551,0,0,1.524e-23,4.426e-24
step3000,3000,K,v,residual,2048,64-128,3145728,0.0003257004,0.0004315716,0.007855733,0.007803112,0.007934995,0.001801309,0.002917517,0.001565,0.001551,0,0,1.524e-23,4.426e-24
step3000,3000,K,v,residual,2048,128-256,6291456,0.0003477634,0.0004796465,0.003526847,0.003704856,0.003836739,0.001767931,0.002230758,0.001565,0.001551,0,0,1.524e-23,4.426e-24
step3000,3000,K,v,residual,2048,256-512,1.258291e+07,0.0003236198,0.0002189595,0.001254082,0.0009884497,0.001122899,0.001748585,0.001883246,0.001565,0.001551,0,0,1.524e-23,4.426e-24
step3000,3000,K,v,residual,2048,512-1024,2.516582e+07,0.0001281999,0.0001956962,0.0002769232,0.0002168716,0.0003487547,0.001758462,0.001792283,0.001565,0.001551,0,0,1.524e-23,4.426e-24
step3000,3000,K,v,residual,2048,1024-2048,5.033165e+07,7.282686e-05,0.0001349331,0.001151681,0.001083201,0.001217651,0.001769546,0.001853631,0.001565,0.001551,0,0,1.524e-23,4.426e-24
step3000,3000,V,u,head,2048,spike,1572864,0.03225585,0.0323903,0.0228316,0.009424255,0.009558705,0.005591347,0.003011522,0.001565,0.001551,0,0,1.524e-23,4.426e-24
step3000,3000,V,u,head,2048,32-64,1572864,0.01409535,0.0142298,0.006478628,0.008066082,0.008197863,0.003470103,0.002706255,0.001565,0.001551,0,0,1.524e-23,4.426e-24
step3000,3000,V,u,head,2048,64-128,3145728,0.00481928,0.00495373,0.0009390513,0.005330627,0.005462407,0.00235603,0.0023989,0.001565,0.001551,0,0,1.524e-23,4.426e-24
step3000,3000,V,u,head,2048,128-256,6291456,0.001199553,0.001331437,0.001759052,0.002903293,0.003035176,0.001895541,0.002114523,0.001565,0.001551,0,0,1.524e-23,4.426e-24
step3000,3000,V,u,head,2048,256-512,1.258291e+07,0.0001423125,0.0002429825,0.0009299914,0.000937367,0.001069147,0.00177581,0.001864036,0.001565,0.001551,0,0,1.524e-23,4.426e-24
step3000,3000,V,u,head,2048,512-1024,2.516582e+07,0.0001235985,0.0001800375,0.0001080831,8.968109e-05,0.0001971684,0.001767346,0.001770945,0.001565,0.001551,0,0,1.524e-23,4.426e-24
step3000,3000,V,u,head,2048,1024-2048,5.033165e+07,0.0001575808,0.0002920306,0.0005360643,0.0006759227,0.0008103725,0.001784245,0.001839022,0.001565,0.001551,0,0,1.524e-23,4.426e-24
step3000,3000,V,v,residual,2048,spike,1572864,0.008625712,0.008760162,0.005081813,0.00384441,0.003976293,0.002637046,0.002165658,0.001565,0.001551,0,0,1.524e-23,4.426e-24
step3000,3000,V,v,residual,2048,32-64,1572864,0.003478799,0.003604324,0.00109609,0.002756586,0.002888469,0.002139954,0.002032053,0.001565,0.001551,0,0,1.524e-23,4.426e-24
step3000,3000,V,v,residual,2048,64-128,3145728,0.00150558,0.001640029,0.0007861455,0.002180638,0.00230302,0.001890455,0.001951853,0.001565,0.001551,0,0,1.524e-23,4.426e-24
step3000,3000,V,v,residual,2048,128-256,6291456,0.0004098234,0.0005322059,0.0009368261,0.001342092,0.001467617,0.001799038,0.001889683,0.001565,0.001551,0,0,1.524e-23,4.426e-24
step3000,3000,V,v,residual,2048,256-512,1.258291e+07,0.0001134482,0.0001677157,0.0005494754,0.0005218034,0.0006535837,0.001766988,0.001809427,0.001565,0.001551,0,0,1.524e-23,4.426e-24
step3000,3000,V,v,residual,2048,512-1024,2.516582e+07,8.830961e-05,0.0001244703,0.0002617439,0.0003016035,0.0001941163,0.001762617,0.001761641,0.001565,0.001551,0,0,1.524e-23,4.426e-24
step3000,3000,V,v,residual,2048,1024-2048,5.033165e+07,6.890926e-05,0.0001552379,0.0002547503,0.0002095149,0.000326588,0.001772861,0.001788897,0.001565,0.001551,0,0,1.524e-23,4.426e-24
step3000,3000,O,u,residual,2048,spike,1572864,0.0007453063,0.0006134233,0.006291707,0.005679494,0.005813944,0.001747767,0.002354849,0.001565,0.001551,0,0,1.524e-23,4.426e-24
step3000,3000,O,u,residual,2048,32-64,1572864,0.001268854,0.001400737,0.002353668,0.003580634,0.003712415,0.001857122,0.002150127,0.001565,0.001551,0,0,1.524e-23,4.426e-24
step3000,3000,O,u,residual,2048,64-128,3145728,0.0008106689,0.0009451187,0.002643903,0.003454572,0.003589022,0.001864161,0.002106076,0.001565,0.001551,0,0,1.524e-23,4.426e-24
step3000,3000,O,u,residual,2048,128-256,6291456,0.0006958183,0.0008213438,0.001531919,0.002142419,0.002274303,0.001858144,0.001977966,0.001565,0.001551,0,0,1.524e-23,4.426e-24
step3000,3000,O,u,residual,2048,256-512,1.258291e+07,0.0004122076,0.00053459,0.0005722046,0.0009283865,0.001060167,0.001827342,0.001833496,0.001565,0.001551,0,0,1.524e-23,4.426e-24
step3000,3000,O,u,residual,2048,512-1024,2.516582e+07,0.000164683,0.0001297768,0.0001270771,0.0002088984,0.0001014112,0.001772744,0.001768033,0.001565,0.001551,0,0,1.524e-23,4.426e-24
step3000,3000,O,u,residual,2048,1024-2048,5.033165e+07,0.0001640039,0.0002615331,0.0003420313,0.000420342,0.000552225,0.001787041,0.001818961,0.001565,0.001551,0,0,1.524e-23,4.426e-24
step3000,3000,O,v,head,2048,spike,1572864,0.06711505,0.06724683,0.02308528,0.09020033,0.09033211,0.008982159,0.01026353,0.001565,0.001551,4.087176e-06,6.866455e-05,1.524e-23,4.426e-24
step3000,3000,O,v,head,2048,32-64,1572864,0.05218814,0.05231992,0.01885986,0.07104801,0.07117979,0.007322675,0.009037563,0.001565,0.001551,3.633045e-07,7.992699e-06,1.524e-23,4.426e-24
step3000,3000,O,v,head,2048,64-128,3145728,0.03717586,0.03731031,0.01741568,0.05430021,0.05443199,0.005678631,0.007403646,0.001565,0.001551,0,3.633045e-07,1.524e-23,4.426e-24
step3000,3000,O,v,head,2048,128-256,6291456,0.02308945,0.0232239,0.01131105,0.03438241,0.03451419,0.004233474,0.00519262,0.001565,0.001551,0,0,1.524e-23,4.426e-24
step3000,3000,O,v,head,2048,256-512,1.258291e+07,0.008997743,0.009129523,0.005106688,0.01406627,0.01420071,0.00265361,0.00311646,0.001565,0.001551,0,0,1.524e-23,4.426e-24
step3000,3000,O,v,head,2048,512-1024,2.516582e+07,0.00227738,0.00241183,0.000547568,0.002648677,0.002783127,0.001972721,0.002001405,0.001565,0.001551,0,0,1.524e-23,4.426e-24
step3000,3000,O,v,head,2048,1024-2048,5.033165e+07,0.005019134,0.005153584,0.003610174,0.008554721,0.008686502,0.002285622,0.002532045,0.001565,0.001551,0,0,1.524e-23,4.426e-24
step3000,3000,MLP_IN,u,hidden,8192,spike,6291456,0.007055471,0.007075112,0.006388346,0.0009380028,0.0009709413,0.002569108,0.001872789,0.001565,0.001562,0,0,1.524e-23,1.127e-23
step3000,3000,MLP_IN,u,hidden,8192,32-64,6291456,0.002162129,0.002195091,0.001053969,0.00112469,0.001157653,0.002004737,0.00188446,0.001565,0.001562,0,0,1.524e-23,1.127e-23
step3000,3000,MLP_IN,u,hidden,8192,64-128,1.258291e+07,0.0007839816,0.0008167936,0.000243187,0.0009693206,0.001002283,0.001855862,0.001882065,0.001565,0.001562,0,0,1.524e-23,1.127e-23
step3000,3000,MLP_IN,u,hidden,8192,128-256,2.516582e+07,0.0005255784,0.0005585169,0.0005167723,0.0009432138,0.0009761764,0.001826865,0.001860091,0.001565,0.001562,0,0,1.524e-23,1.127e-23
step3000,3000,MLP_IN,u,hidden,8192,256-512,5.033165e+07,0.0002719423,0.0003055473,0.0003014406,0.0005339643,0.0005675693,0.001790467,0.001836669,0.001565,0.001562,0,0,1.524e-23,1.127e-23
step3000,3000,MLP_IN,u,hidden,8192,512-1024,1.006633e+08,3.57068e-05,6.186451e-05,0.0002699196,0.0002575434,0.0002881308,0.001776711,0.001803182,0.001565,0.001562,0,0,1.524e-23,1.127e-23
step3000,3000,MLP_IN,u,hidden,8192,1024-2048,2.013266e+08,4.845765e-05,2.582512e-05,4.509091e-05,4.909983e-05,4.865675e-05,0.001770059,0.001777449,0.001565,0.001562,0,0,1.524e-23,1.127e-23
step3000,3000,MLP_IN,v,residual,2048,spike,1572864,0.00173318,0.001840667,0.007944743,0.009234016,0.009365796,0.002079827,0.002621696,0.001565,0.001551,0,0,1.524e-23,4.426e-24
step3000,3000,MLP_IN,v,residual,2048,32-64,1572864,0.006705507,0.006837287,0.001295726,0.007624354,0.007758804,0.002319518,0.002534594,0.001565,0.001551,0,0,1.524e-23,4.426e-24
step3000,3000,MLP_IN,v,residual,2048,64-128,3145728,0.006377902,0.006512351,0.0009330114,0.006826129,0.006960578,0.002344676,0.002429281,0.001565,0.001551,0,0,1.524e-23,4.426e-24
step3000,3000,MLP_IN,v,residual,2048,128-256,6291456,0.004145668,0.004280118,0.0008502007,0.004675929,0.00480771,0.002144904,0.002224105,0.001565,0.001551,0,0,1.524e-23,4.426e-24
step3000,3000,MLP_IN,v,residual,2048,256-512,1.258291e+07,0.001156217,0.001290667,0.001090765,0.002224571,0.00235902,0.001887276,0.001981747,0.001565,0.001551,0,0,1.524e-23,4.426e-24
step3000,3000,MLP_IN,v,residual,2048,512-1024,2.516582e+07,0.0001342053,0.0001065613,0.0003455083,0.0002643909,0.000381464,0.001763599,0.001790064,0.001565,0.001551,0,0,1.524e-23,4.426e-24
step3000,3000,MLP_IN,v,residual,2048,1024-2048,5.033165e+07,0.0006026273,0.0007344076,0.001170297,0.001732276,0.001866726,0.001850003,0.001979311,0.001565,0.001551,2.270653e-08,0,1.524e-23,4.426e-24
step3000,3000,MLP_OUT,u,residual,2048,spike,1572864,0.0005310616,0.0005139496,0.01315053,0.01317601,0.01331046,0.001817249,0.003051304,0.001565,0.001551,3.633045e-07,8.174351e-06,1.524e-23,4.426e-24
step3000,3000,MLP_OUT,u,residual,2048,32-64,1572864,0.0007226712,0.0008397442,0.009747187,0.01036903,0.01050348,0.00179754,0.002854483,0.001565,0.001551,0,0,1.524e-23,4.426e-24
step3000,3000,MLP_OUT,u,residual,2048,64-128,3145728,0.001828933,0.001946006,0.005938848,0.007545517,0.007679967,0.00194327,0.002573604,0.001565,0.001551,0,0,1.524e-23,4.426e-24
step3000,3000,MLP_OUT,u,residual,2048,128-256,6291456,0.001857326,0.001991776,0.003493627,0.005207921,0.005339701,0.001976195,0.002301625,0.001565,0.001551,0,0,1.524e-23,4.426e-24
step3000,3000,MLP_OUT,u,residual,2048,256-512,1.258291e+07,0.001349672,0.001481452,0.001281182,0.002630854,0.002762634,0.00190199,0.001994644,0.001565,0.001551,0,0,1.524e-23,4.426e-24
step3000,3000,MLP_OUT,u,residual,2048,512-1024,2.516582e+07,0.0002754589,0.0004099087,0.0003384352,0.0004715368,0.0006033171,0.001809466,0.001818299,0.001565,0.001551,0,0,1.524e-23,4.426e-24
step3000,3000,MLP_OUT,u,residual,2048,1024-2048,5.033165e+07,0.0008405781,0.0009502331,0.001483579,0.002063001,0.002194781,0.001889059,0.00199373,0.001565,0.001551,0,0,1.524e-23,4.426e-24
step3000,3000,MLP_OUT,v,hidden,8192,spike,6291456,0.008704867,0.008738472,0.001892885,0.007017499,0.007051104,0.00297224,0.002579167,0.001565,0.001562,1.453218e-06,6.357829e-07,1.524e-23,1.127e-23
step3000,3000,MLP_OUT,v,hidden,8192,32-64,6291456,0.004006749,0.004040354,0.001888593,0.00587166,0.005905265,0.002255394,0.002474671,0.001565,0.001562,0,0,1.524e-23,1.127e-23
step3000,3000,MLP_OUT,v,hidden,8192,64-128,1.258291e+07,0.003330197,0.003363802,0.002074242,0.005365974,0.005399579,0.002126523,0.002395164,0.001565,0.001562,0,0,1.524e-23,1.127e-23
step3000,3000,MLP_OUT,v,hidden,8192,128-256,2.516582e+07,0.00326314,0.003296079,0.001145999,0.004312044,0.004345649,0.002089211,0.002241924,0.001565,0.001562,0,0,1.524e-23,1.127e-23
step3000,3000,MLP_OUT,v,hidden,8192,256-512,5.033165e+07,0.002953019,0.002986624,0.0001967549,0.002999034,0.003032639,0.002055815,0.002098566,0.001565,0.001562,0,0,1.524e-23,1.127e-23
step3000,3000,MLP_OUT,v,hidden,8192,512-1024,1.006633e+08,0.002182172,0.002215777,0.0007041395,0.001502093,0.001535698,0.001973585,0.001931491,0.001565,0.001562,0,0,1.524e-23,1.127e-23
step3000,3000,MLP_OUT,v,hidden,8192,1024-2048,2.013266e+08,0.0007263333,0.0007599383,0.0004468709,0.0002794624,0.0003130674,0.0018404,0.001802105,0.001565,0.001562,0,0,1.524e-23,1.127e-23
step4000,4000,Q,u,head,2048,spike,1572864,0.04615011,0.04628189,0.0204703,0.06219741,0.06233186,0.006112689,0.008137294,0.001565,0.001551,2.270653e-06,6.984529e-05,1.524e-23,4.426e-24
step4000,4000,Q,u,head,2048,32-64,1572864,0.02990713,0.03003891,0.01186562,0.04163365,0.0417681,0.005143393,0.00675819,0.001565,0.001551,3.633045e-07,0,1.524e-23,4.426e-24
step4000,4000,Q,u,head,2048,64-128,3145728,0.01435874,0.01449052,0.01641115,0.03075032,0.03088477,0.003341629,0.005342256,0.001565,0.001551,0,0,1.524e-23,4.426e-24
step4000,4000,Q,u,head,2048,128-256,6291456,0.005311058,0.005445508,0.01290909,0.01822015,0.0183546,0.002307846,0.003698871,0.001565,0.001551,0,0,1.524e-23,4.426e-24
step4000,4000,Q,u,head,2048,256-512,1.258291e+07,0.001616206,0.001750656,0.00562644,0.007127967,0.007262416,0.001916147,0.002445107,0.001565,0.001551,0,0,1.524e-23,4.426e-24
step4000,4000,Q,u,head,2048,512-1024,2.516582e+07,0.0002046669,0.0003364473,0.001178344,0.001367514,0.001499294,0.001787322,0.001869593,0.001565,0.001551,0,0,1.524e-23,4.426e-24
step4000,4000,Q,u,head,2048,1024-2048,5.033165e+07,0.0006929879,0.0008247683,0.004258891,0.004918025,0.005052475,0.001856018,0.002246672,0.001565,0.001551,0,0,1.524e-23,4.426e-24
step4000,4000,Q,v,residual,2048,spike,1572864,0.004617101,0.004751551,0.01672363,0.02134073,0.02147518,0.002189909,0.004303523,0.001565,0.001551,0,7.356916e-06,1.524e-23,4.426e-24
step4000,4000,Q,v,residual,2048,32-64,1572864,0.007885025,0.008019475,0.009102503,0.01698753,0.01712198,0.00232524,0.003862381,0.001565,0.001551,0,0,1.524e-23,4.426e-24
step4000,4000,Q,v,residual,2048,64-128,3145728,0.005270686,0.005405136,0.006884575,0.01215335,0.0122878,0.002206893,0.003217425,0.001565,0.001551,0,0,1.524e-23,4.426e-24
step4000,4000,Q,v,residual,2048,128-256,6291456,0.002002034,0.00212756,0.005401452,0.007301694,0.007436144,0.001933257,0.002588999,0.001565,0.001551,0,0,1.524e-23,4.426e-24
step4000,4000,Q,v,residual,2048,256-512,1.258291e+07,0.0003239558,0.0004410289,0.002553542,0.002794232,0.002928682,0.001781918,0.002058086,0.001565,0.001551,0,0,1.524e-23,4.426e-24
step4000,4000,Q,v,residual,2048,512-1024,2.516582e+07,0.0002020815,0.0001324493,0.0005039374,0.0003881392,0.0005136646,0.001758706,0.001806708,0.001565,0.001551,0,0,1.524e-23,4.426e-24
step4000,4000,Q,v,residual,2048,1024-2048,5.033165e+07,0.0001058198,0.0002282023,0.001870314,0.001898651,0.002030431,0.001782644,0.001964089,0.001565,0.001551,0,0,1.524e-23,4.426e-24
step4000,4000,K,u,head,2048,spike,1572864,0.06125886,0.06139064,0.03528023,0.02725669,0.02739114,0.008548373,0.004664921,0.001565,0.001551,6.357829e-07,4.904611e-05,1.524e-23,4.426e-24
step4000,4000,K,u,head,2048,32-64,1572864,0.03726392,0.03739837,0.01931508,0.01804293,0.01817738,0.006168093,0.004268919,0.001565,0.001551,0,0,1.524e-23,4.426e-24
step4000,4000,K,u,head,2048,64-128,3145728,0.01512691,0.01526136,0.002231916,0.0131172,0.01325165,0.003538767,0.003430457,0.001565,0.001551,0,0,1.524e-23,4.426e-24
step4000,4000,K,u,head,2048,128-256,6291456,0.004699435,0.004833885,0.002725124,0.007424559,0.007559009,0.002305553,0.002637273,0.001565,0.001551,0,0,1.524e-23,4.426e-24
step4000,4000,K,u,head,2048,256-512,1.258291e+07,0.001000826,0.001125999,0.001671712,0.002656188,0.002790637,0.00188395,0.002028465,0.001565,0.001551,0,0,1.524e-23,4.426e-24
step4000,4000,K,u,head,2048,512-1024,2.516582e+07,0.0002504944,0.0003579817,0.0001951853,0.0003314317,0.0004633148,0.001793316,0.001801093,0.001565,0.001551,0,0,1.524e-23,4.426e-24
step4000,4000,K,u,head,2048,1024-2048,5.033165e+07,0.0008703729,0.001004823,0.0009875894,0.001813398,0.001947848,0.001868364,0.001949237,0.001565,0.001551,0,0,1.524e-23,4.426e-24
step4000,4000,K,v,residual,2048,spike,1572864,0.001141445,0.001229155,0.05916723,0.06017181,0.06030626,0.001884915,0.005410331,0.001565,0.001551,0,0.0002565838,1.524e-23,4.426e-24
step4000,4000,K,v,residual,2048,32-64,1572864,0.001119834,0.001242216,0.02054278,0.02141554,0.02154742,0.001842317,0.004858744,0.001565,0.001551,0,3.633045e-07,1.524e-23,4.426e-24
step4000,4000,K,v,residual,2048,64-128,3145728,0.0005976716,0.0007051589,0.01020749,0.01052363,0.01065551,0.00180585,0.003448532,0.001565,0.001551,0,0,1.524e-23,4.426e-24
step4000,4000,K,v,residual,2048,128-256,6291456,0.0003159725,0.000256314,0.004827658,0.004742032,0.004876482,0.001772426,0.002394994,0.001565,0.001551,0,0,1.524e-23,4.426e-24
step4000,4000,K,v,residual,2048,256-512,1.258291e+07,0.0002235114,0.0001583613,0.001401663,0.001184607,0.001316387,0.001758416,0.001904238,0.001565,0.001551,0,0,1.524e-23,4.426e-24
step4000,4000,K,v,residual,2048,512-1024,2.516582e+07,0.0001346769,0.0001174598,0.0005273422,0.0004459863,0.0005777666,0.00176222,0.001793163,0.001565,0.001551,0,0,1.524e-23,4.426e-24
step4000,4000,K,v,residual,2048,1024-2048,5.033165e+07,0.0001297458,0.0001136739,0.001818438,0.001783018,0.001914798,0.001763327,0.001889425,0.001565,0.001551,0,0,1.524e-23,4.426e-24
step4000,4000,V,u,head,2048,spike,1572864,0.04323759,0.04336937,0.02829997,0.01519462,0.01532907,0.006551198,0.003672282,0.001565,0.001551,0,0,1.524e-23,4.426e-24
step4000,4000,V,u,head,2048,32-64,1572864,0.02371856,0.02385301,0.01204554,0.01197756,0.01211201,0.004357383,0.003264291,0.001565,0.001551,0,0,1.524e-23,4.426e-24
step4000,4000,V,u,head,2048,64-128,3145728,0.009719894,0.009854344,0.001511574,0.008418129,0.008552579,0.002840542,0.002772467,0.001565,0.001551,0,0,1.524e-23,4.426e-24
step4000,4000,V,u,head,2048,128-256,6291456,0.002159977,0.002291758,0.003108978,0.00526099,0.00539544,0.002017067,0.002323014,0.001565,0.001551,0,0,1.524e-23,4.426e-24
step4000,4000,V,u,head,2048,256-512,1.258291e+07,0.0005136665,0.000639192,0.001156648,0.001626561,0.001758444,0.001812152,0.001939853,0.001565,0.001551,0,0,1.524e-23,4.426e-24
step4000,4000,V,u,head,2048,512-1024,2.516582e+07,7.599146e-05,0.0001610395,0.0001479387,9.854356e-05,0.0002053894,0.001758746,0.001771984,0.001565,0.001551,0,0,1.524e-23,4.426e-24
step4000,4000,V,u,head,2048,1024-2048,5.033165e+07,0.0003167237,0.000448504,0.0008678039,0.001149124,0.001283574,0.001809086,0.001888721,0.001565,0.001551,0,0,1.524e-23,4.426e-24
step4000,4000,V,v,residual,2048,spike,1572864,0.01433109,0.01446287,0.008529027,0.006027267,0.006161717,0.002998625,0.002410253,0.001565,0.001551,0,0,1.524e-23,4.426e-24
step4000,4000,V,v,residual,2048,32-64,1572864,0.007769313,0.007903762,0.003015518,0.004973775,0.005108225,0.002467201,0.002336139,0.001565,0.001551,0,0,1.524e-23,4.426e-24
step4000,4000,V,v,residual,2048,64-128,3145728,0.004189322,0.004321206,0.0007235209,0.004094983,0.004226763,0.002153578,0.002158165,0.001565,0.001551,0,0,1.524e-23,4.426e-24
step4000,4000,V,v,residual,2048,128-256,6291456,0.001175131,0.001309581,0.001248042,0.002356416,0.002490866,0.001868044,0.001991454,0.001565,0.001551,0,0,1.524e-23,4.426e-24
step4000,4000,V,v,residual,2048,256-512,1.258291e+07,0.0001252197,0.0002343416,0.0009176731,0.0009389564,0.001070737,0.001775708,0.001868055,0.001565,0.001551,0,0,1.524e-23,4.426e-24
step4000,4000,V,v,residual,2048,512-1024,2.516582e+07,0.0001506412,0.0001619534,0.0002595186,0.000125095,0.0001998288,0.001762572,0.001771319,0.001565,0.001551,0,0,1.524e-23,4.426e-24
step4000,4000,V,v,residual,2048,1024-2048,5.033165e+07,0.000150631,0.000282514,0.0003451308,0.0004641911,0.0005960742,0.001785914,0.001826936,0.001565,0.001551,0,0,1.524e-23,4.426e-24
step4000,4000,O,u,residual,2048,spike,1572864,0.001582509,0.001716959,0.004056295,0.005260373,0.005392153,0.001900446,0.002353759,0.001565,0.001551,9.990874e-07,4.178002e-06,1.524e-23,4.426e-24
step4000,4000,O,u,residual,2048,32-64,1572864,0.0005969052,0.0007287144,0.003348033,0.003937308,0.004069089,0.001789093,0.002226693,0.001565,0.001551,0,0,1.524e-23,4.426e-24
step4000,4000,O,u,residual,2048,64-128,3145728,0.0009282887,0.001062739,0.002447446,0.003126826,0.003261276,0.001821518,0.002109028,0.001565,0.001551,0,0,1.524e-23,4.426e-24
step4000,4000,O,u,residual,2048,128-256,6291456,0.0005156101,0.0006474931,0.00135692,0.001764025,0.001898475,0.001855214,0.001965114,0.001565,0.001551,0,0,1.524e-23,4.426e-24
step4000,4000,O,u,residual,2048,256-512,1.258291e+07,0.0003948669,0.0005293167,0.0003445148,0.0006765371,0.0008083174,0.001801139,0.001841057,0.001565,0.001551,0,0,1.524e-23,4.426e-24
step4000,4000,O,u,residual,2048,512-1024,2.516582e+07,0.0001211504,0.0001417141,0.0001759529,0.0001173201,0.0001781092,0.001770241,0.001760131,0.001565,0.001551,0,0,1.524e-23,4.426e-24
step4000,4000,O,u,residual,2048,1024-2048,5.033165e+07,0.000187947,0.0003134725,0.0002727906,0.0003932533,0.0005156358,0.001790631,0.001810738,0.001565,0.001551,0,0,1.524e-23,4.426e-24
step4000,4000,O,v,head,2048,spike,1572864,0.0874404,0.08757218,0.005378723,0.09252602,0.0926578,0.01041603,0.01049559,0.001565,0.001551,5.722046e-06,3.687541e-05,1.524e-23,4.426e-24
step4000,4000,O,v,head,2048,32-64,1572864,0.05993071,0.06006249,0.01488431,0.07481502,0.0749468,0.007607778,0.009241195,0.001565,0.001551,9.990874e-07,3.088088e-06,1.524e-23,4.426e-24
step4000,4000,O,v,head,2048,64-128,3145728,0.04415566,0.04428744,0.0153052,0.05946086,0.05959264,0.006044206,0.007591429,0.001565,0.001551,0,0,1.524e-23,4.426e-24
step4000,4000,O,v,head,2048,128-256,6291456,0.02885777,0.02898955,0.01058769,0.03934167,0.03947345,0.004646165,0.0054193,0.001565,0.001551,0,0,1.524e-23,4.426e-24
step4000,4000,O,v,head,2048,256-512,1.258291e+07,0.01230318,0.01243496,0.005744934,0.01804811,0.01817989,0.002897603,0.003331366,0.001565,0.001551,0,0,1.524e-23,4.426e-24
step4000,4000,O,v,head,2048,512-1024,2.516582e+07,0.003237452,0.003371902,0.000671347,0.003875778,0.004010228,0.002039092,0.002087116,0.001565,0.001551,0,0,1.524e-23,4.426e-24
step4000,4000,O,v,head,2048,1024-2048,5.033165e+07,0.006647335,0.006781784,0.003560901,0.01011601,0.01025046,0.002473837,0.00275187,0.001565,0.001551,0,0,1.524e-23,4.426e-24
step4000,4000,MLP_IN,u,hidden,8192,spike,6291456,0.007323454,0.007343094,0.006285032,0.001813934,0.001847539,0.002611319,0.00195996,0.001565,0.001562,3.178914e-07,3.178914e-07,1.524e-23,1.127e-23
step4000,4000,MLP_IN,u,hidden,8192,32-64,6291456,0.002408232,0.002441837,0.001004696,0.001464272,0.001497211,0.00202901,0.001931304,0.001565,0.001562,0,0,1.524e-23,1.127e-23
step4000,4000,MLP_IN,u,hidden,8192,64-128,1.258291e+07,0.001387581,0.001420519,0.0002180735,0.001473332,0.00150627,0.001879862,0.001915444,0.001565,0.001562,0,0,1.524e-23,1.127e-23
step4000,4000,MLP_IN,u,hidden,8192,128-256,2.516582e+07,0.0008114025,0.000844341,0.0002915462,0.0009597044,0.0009926671,0.001852405,0.001884392,0.001565,0.001562,0,0,1.524e-23,1.127e-23
step4000,4000,MLP_IN,u,hidden,8192,256-512,5.033165e+07,0.0005175531,0.0005511581,0.0002151926,0.0005860627,0.0006190254,0.00182386,0.001853154,0.001565,0.001562,0,0,1.524e-23,1.127e-23
step4000,4000,MLP_IN,u,hidden,8192,512-1024,1.006633e+08,0.0001106199,0.0001409788,0.0002323886,0.0003244325,0.0003573711,0.001794473,0.001812028,0.001565,0.001562,0,0,1.524e-23,1.127e-23
step4000,4000,MLP_IN,u,hidden,8192,1024-2048,2.013266e+08,2.668265e-05,5.594611e-05,7.321934e-05,8.687837e-05,0.0001161418,0.001771645,0.001780196,0.001565,0.001562,0,0,1.524e-23,1.127e-23
step4000,4000,MLP_IN,v,residual,2048,spike,1572864,0.002752099,0.002877625,0.01134682,0.01361202,0.0137438,0.002095268,0.002956754,0.001565,0.001551,0,0,1.524e-23,4.426e-24
step4000,4000,MLP_IN,v,residual,2048,32-64,1572864,0.007585431,0.007717211,0.004598618,0.01198773,0.01212218,0.002354213,0.00282442,0.001565,0.001551,0,0,1.524e-23,4.426e-24
step4000,4000,MLP_IN,v,residual,2048,64-128,3145728,0.008048916,0.008180697,0.002066294,0.009829744,0.009961525,0.002420425,0.002640997,0.001565,0.001551,0,0,1.524e-23,4.426e-24
step4000,4000,MLP_IN,v,residual,2048,128-256,6291456,0.006310668,0.006445117,0.000989596,0.007080601,0.00721505,0.002266543,0.0023536,0.001565,0.001551,0,0,1.524e-23,4.426e-24
step4000,4000,MLP_IN,v,residual,2048,256-512,1.258291e+07,0.00255607,0.002687851,0.001584848,0.004015015,0.004149464,0.001991306,0.002097107,0.001565,0.001551,0,0,1.524e-23,4.426e-24
step4000,4000,MLP_IN,v,residual,2048,512-1024,2.516582e+07,0.0002071397,0.0003272175,0.0008470615,0.001026994,0.001161444,0.001792306,0.001839876,0.001565,0.001551,0,0,1.524e-23,4.426e-24
step4000,4000,MLP_IN,v,residual,2048,1024-2048,5.033165e+07,0.001284248,0.001418697,0.001552741,0.002829224,0.002961107,0.00193513,0.002156706,0.001565,0.001551,2.15712e-07,0,1.524e-23,4.426e-24
step4000,4000,MLP_OUT,u,residual,2048,spike,1572864,0.002219423,0.002351203,0.01660856,0.01875183,0.01888628,0.002068474,0.003065291,0.001565,0.001551,3.99635e-06,3.514971e-05,1.524e-23,4.426e-24
step4000,4000,MLP_OUT,u,residual,2048,32-64,1572864,0.001195813,0.001327593,0.009199142,0.01033788,0.01047233,0.001874197,0.002848216,0.001565,0.001551,0,3.633045e-07,1.524e-23,4.426e-24
step4000,4000,MLP_OUT,u,residual,2048,64-128,3145728,0.001799629,0.001934079,0.006279945,0.008057817,0.008189598,0.001939774,0.002637046,0.001565,0.001551,0,0,1.524e-23,4.426e-24
step4000,4000,MLP_OUT,u,residual,2048,128-256,6291456,0.002302637,0.00243452,0.003417333,0.005597973,0.005729754,0.001987707,0.002308936,0.001565,0.001551,0,0,1.524e-23,4.426e-24
step4000,4000,MLP_OUT,u,residual,2048,256-512,1.258291e+07,0.001508985,0.00163451,0.00133276,0.002792979,0.002924759,0.001924265,0.002003454,0.001565,0.001551,0,0,1.524e-23,4.426e-24
step4000,4000,MLP_OUT,u,residual,2048,512-1024,2.516582e+07,0.0004595022,0.0005913853,0.0004249414,0.0007314528,0.0008632331,0.001811544,0.00182103,0.001565,0.001551,0,0,1.524e-23,4.426e-24
step4000,4000,MLP_OUT,u,residual,2048,1024-2048,5.033165e+07,0.0008640226,0.0009686829,0.001499454,0.002184337,0.002318787,0.001903608,0.002003786,0.001565,0.001551,1.135327e-08,1.986821e-08,1.524e-23,4.426e-24
step4000,4000,MLP_OUT,v,hidden,8192,spike,6291456,0.01121239,0.011246,0.004737377,0.006674494,0.006708099,0.003312633,0.002504826,0.001565,0.001562,3.633045e-06,9.082613e-07,1.524e-23,1.127e-23
step4000,4000,MLP_OUT,v,hidden,8192,32-64,6291456,0.004494713,0.004528318,0.001499176,0.005744503,0.005778108,0.002343042,0.002440362,0.001565,0.001562,9.082613e-08,0,1.524e-23,1.127e-23
step4000,4000,MLP_OUT,v,hidden,8192,64-128,1.258291e+07,0.003282831,0.003316436,0.001781543,0.005055632,0.005089237,0.00213891,0.002335605,0.001565,0.001562,0,0,1.524e-23,1.127e-23
step4000,4000,MLP_OUT,v,hidden,8192,128-256,2.516582e+07,0.003029132,0.003062071,0.001114289,0.0040562,0.004089138,0.002073413,0.002223361,0.001565,0.001562,0,0,1.524e-23,1.127e-23
step4000,4000,MLP_OUT,v,hidden,8192,256-512,5.033165e+07,0.003023212,0.00305615,0.0002425313,0.002824491,0.002858096,0.002028244,0.002063149,0.001565,0.001562,0,0,1.524e-23,1.127e-23
step4000,4000,MLP_OUT,v,hidden,8192,512-1024,1.006633e+08,0.00225464,0.002287578,0.0008122424,0.001457538,0.001491143,0.001960527,0.001919272,0.001565,0.001562,0,0,1.524e-23,1.127e-23
step4000,4000,MLP_OUT,v,hidden,8192,1024-2048,2.013266e+08,0.0008952727,0.0009288777,0.0005895644,0.0003126755,0.0003456141,0.001847271,0.001801433,0.001565,0.001562,0,0,1.524e-23,1.127e-23
step6000,6000,Q,u,head,2048,spike,1572864,0.04494074,0.04506627,0.02246412,0.06362538,0.06375983,0.005725225,0.008019039,0.001565,0.001551,2.997262e-06,7.011777e-05,1.524e-23,4.426e-24
step6000,6000,Q,u,head,2048,32-64,1572864,0.03313896,0.03327341,0.011247,0.04438596,0.04452041,0.005225772,0.006826401,0.001565,0.001551,0,0,1.524e-23,4.426e-24
step6000,6000,Q,u,head,2048,64-128,3145728,0.02105908,0.02119353,0.01221879,0.03325199,0.03338377,0.003891809,0.005338306,0.001565,0.001551,0,0,1.524e-23,4.426e-24
step6000,6000,Q,u,head,2048,128-256,6291456,0.01164141,0.01177319,0.009243965,0.02088537,0.02101715,0.002893425,0.003756137,0.001565,0.001551,0,0,1.524e-23,4.426e-24
step6000,6000,Q,u,head,2048,256-512,1.258291e+07,0.004231101,0.004365551,0.004926443,0.009096907,0.009231356,0.002153805,0.002541077,0.001565,0.001551,0,0,1.524e-23,4.426e-24
step6000,6000,Q,u,head,2048,512-1024,2.516582e+07,0.000723426,0.0008560693,0.001074711,0.001796331,0.001930781,0.001838525,0.001914365,0.001565,0.001551,0,0,1.524e-23,4.426e-24
step6000,6000,Q,u,head,2048,1024-2048,5.033165e+07,0.00173913,0.00187358,0.003978173,0.005636698,0.005771148,0.001981375,0.002364635,0.001565,0.001551,0,0,1.524e-23,4.426e-24
step6000,6000,Q,v,residual,2048,spike,1572864,0.00524144,0.00537589,0.01961581,0.02485725,0.0249917,0.002206984,0.004549208,0.001565,0.001551,0,1.280648e-05,1.524e-23,4.426e-24
step6000,6000,Q,v,residual,2048,32-64,1572864,0.00759295,0.007718475,0.01112366,0.01859606,0.01873051,0.00235385,0.003913153,0.001565,0.001551,0,0,1.524e-23,4.426e-24
step6000,6000,Q,v,residual,2048,64-128,3145728,0.006607597,0.006739377,0.008134206,0.01441038,0.01454483,0.002258346,0.003348805,0.001565,0.001551,0,0,1.524e-23,4.426e-24
step6000,6000,Q,v,residual,2048,128-256,6291456,0.003651665,0.003786114,0.005203565,0.008846029,0.008977809,0.002049855,0.002662545,0.001565,0.001551,0,0,1.524e-23,4.426e-24
step6000,6000,Q,v,residual,2048,256-512,1.258291e+07,0.0008621857,0.000993966,0.00314943,0.003938323,0.004072773,0.001839899,0.002126989,0.001565,0.001551,0,0,1.524e-23,4.426e-24
step6000,6000,Q,v,residual,2048,512-1024,2.516582e+07,0.0001771549,0.0001508103,0.0007069906,0.0005473753,0.0006818251,0.001769282,0.001827456,0.001565,0.001551,0,0,1.524e-23,4.426e-24
step6000,6000,Q,v,residual,2048,1024-2048,5.033165e+07,0.0002447427,0.0003791925,0.002113501,0.002358244,0.002492694,0.001816392,0.002030148,0.001565,0.001551,0,0,1.524e-23,4.426e-24
step6000,6000,K,u,head,2048,spike,1572864,0.06185649,0.06198827,0.02655347,0.03657473,0.03670918,0.008354278,0.005047208,0.001565,0.001551,9.990874e-07,8.528573e-05,1.524e-23,4.426e-24
step6000,6000,K,u,head,2048,32-64,1572864,0.04683485,0.04696663,0.02118683,0.02611928,0.02625373,0.006896791,0.005000069,0.001565,0.001551,0,0,1.524e-23,4.426e-24
step6000,6000,K,u,head,2048,64-128,3145728,0.02661282,0.0267446,0.006880442,0.02018679,0.02032124,0.004671324,0.004135268,0.001565,0.001551,0,0,1.524e-23,4.426e-24
step6000,6000,K,u,head,2048,128-256,6291456,0.0115918,0.01172625,0.0002800624,0.01164187,0.01177632,0.002987839,0.003027076,0.001565,0.001551,0,0,1.524e-23,4.426e-24
step6000,6000,K,u,head,2048,256-512,1.258291e+07,0.003275599,0.003410049,0.001404126,0.004571563,0.004706013,0.002107393,0.002183721,0.001565,0.001551,0,0,1.524e-23,4.426e-24
step6000,6000,K,u,head,2048,512-1024,2.516582e+07,0.0005636061,0.0006953864,0.000349323,0.0007997414,0.0009341912,0.001815586,0.001829584,0.001565,0.001551,0,0,1.524e-23,4.426e-24
step6000,6000,K,u,head,2048,1024-2048,5.033165e+07,0.001800468,0.001932351,0.001215498,0.003003266,0.003137715,0.00197397,0.002080052,0.001565,0.001551,0,0,1.524e-23,4.426e-24
step6000,6000,K,v,residual,2048,spike,1572864,0.002733912,0.002868362,0.09446653,0.09706883,0.09720328,0.00202842,0.004901977,0.001565,0.001551,0,0.0004313333,1.524e-23,4.426e-24
step6000,6000,K,v,residual,2048,32-64,1572864,0.001771973,0.001906422,0.02652486,0.02829471,0.0284266,0.001897449,0.005434036,0.001565,0.001551,0,2.506801e-05,1.524e-23,4.426e-24
step6000,6000,K,v,residual,2048,64-128,3145728,0.001041879,0.001173762,0.01191362,0.01287338,0.01300783,0.001873334,0.003714698,0.001565,0.001551,0,0,1.524e-23,4.426e-24
step6000,6000,K,v,residual,2048,128-256,6291456,0.0005192658,0.0006511489,0.004986763,0.005371084,0.005502967,0.001813866,0.002489658,0.001565,0.001551,0,0,1.524e-23,4.426e-24
step6000,6000,K,v,residual,2048,256-512,1.258291e+07,0.0001656775,0.0002533874,0.001689672,0.001595213,0.001720738,0.001769645,0.001926263,0.001565,0.001551,0,0,1.524e-23,4.426e-24
step6000,6000,K,v,residual,2048,512-1024,2.516582e+07,8.529239e-05,0.000167636,0.0009694497,0.0009343584,0.001058054,0.001767539,0.001815841,0.001565,0.001551,0,0,1.524e-23,4.426e-24
step6000,6000,K,v,residual,2048,1024-2048,5.033165e+07,9.266089e-05,0.0001328693,0.002420068,0.002335264,0.002460789,0.001766528,0.001909318,0.001565,0.001551,0,0,1.524e-23,4.426e-24
step6000,6000,V,u,head,2048,spike,1572864,0.05399059,0.05412237,0.03019015,0.02427233,0.02440678,0.007463909,0.004723322,0.001565,0.001551,7.26609e-07,0,1.524e-23,4.426e-24
step6000,6000,V,u,head,2048,32-64,1572864,0.03343763,0.03356941,0.01440748,0.01926285,0.01939464,0.005283628,0.004040219,0.001565,0.001551,0,0,1.524e-23,4.426e-24
step6000,6000,V,u,head,2048,64-128,3145728,0.01708911,0.01722089,0.003094037,0.01412682,0.01426127,0.003644217,0.003447487,0.001565,0.001551,0,0,1.524e-23,4.426e-24
step6000,6000,V,u,head,2048,128-256,6291456,0.006047612,0.006182062,0.002831777,0.00865162,0.00878607,0.002417088,0.002750124,0.001565,0.001551,0,0,1.524e-23,4.426e-24
step6000,6000,V,u,head,2048,256-512,1.258291e+07,0.0009808442,0.001112727,0.00231274,0.003138527,0.003270307,0.001887753,0.002080827,0.001565,0.001551,0,0,1.524e-23,4.426e-24
step6000,6000,V,u,head,2048,512-1024,2.516582e+07,0.0001764994,0.0003083824,0.000297308,0.000426436,0.0005582163,0.001794219,0.001803409,0.001565,0.001551,0,0,1.524e-23,4.426e-24
step6000,6000,V,u,head,2048,1024-2048,5.033165e+07,0.0006922941,0.0008267439,0.001359761,0.002052055,0.002186505,0.001849507,0.001971557,0.001565,0.001551,0,0,1.524e-23,4.426e-24
step6000,6000,V,v,residual,2048,spike,1572864,0.01963415,0.01976593,0.00671196,0.0133553,0.01348975,0.003287542,0.00304758,0.001565,0.001551,0,0,1.524e-23,4.426e-24
step6000,6000,V,v,residual,2048,32-64,1572864,0.01491615,0.0150506,0.004012426,0.01095826,0.01109004,0.002944946,0.002796718,0.001565,0.001551,0,0,1.524e-23,4.426e-24
step6000,6000,V,v,residual,2048,64-128,3145728,0.0102678,0.01039958,0.001383781,0.008991287,0.009125737,0.002593585,0.002578372,0.001565,0.001551,0,0,1.524e-23,4.426e-24
step6000,6000,V,v,residual,2048,128-256,6291456,0.004591529,0.004723309,0.001579126,0.005747205,0.005881655,0.002156734,0.002307642,0.001565,0.001551,0,0,1.524e-23,4.426e-24
step6000,6000,V,v,residual,2048,256-512,1.258291e+07,0.0009074057,0.001039186,0.001889467,0.002704587,0.002839036,0.001831849,0.002010527,0.001565,0.001551,0,0,1.524e-23,4.426e-24
step6000,6000,V,v,residual,2048,512-1024,2.516582e+07,0.0001999975,0.000101024,0.0004268885,0.000259411,0.0003841995,0.001772722,0.001797148,0.001565,0.001551,0,0,1.524e-23,4.426e-24
step6000,6000,V,v,residual,2048,1024-2048,5.033165e+07,0.0006232362,0.0007551193,0.0008821289,0.001367698,0.001500078,0.001849507,0.001939118,0.001565,0.001551,1.021794e-07,0,1.524e-23,4.426e-24
step6000,6000,O,u,residual,2048,spike,1572864,0.002609084,0.002740967,0.005681356,0.008066009,0.008197892,0.002034505,0.002428872,0.001565,0.001551,7.811047e-06,1.562209e-05,1.524e-23,4.426e-24
step6000,6000,O,u,residual,2048,32-64,1572864,0.0009966936,0.001114599,0.0035731,0.004301753,0.004436202,0.001835868,0.002208074,0.001565,0.001551,0,0,1.524e-23,4.426e-24
step6000,6000,O,u,residual,2048,64-128,3145728,0.0009157504,0.001047531,0.00242583,0.002864883,0.002999333,0.001856486,0.0021296,0.001565,0.001551,0,0,1.524e-23,4.426e-24
step6000,6000,O,u,residual,2048,128-256,6291456,0.0006655698,0.0007973501,0.001202901,0.001711573,0.001846023,0.001846972,0.001965159,0.001565,0.001551,0,0,1.524e-23,4.426e-24
step6000,6000,O,u,residual,2048,256-512,1.258291e+07,0.0002621472,0.000396597,0.0004717509,0.0005618633,0.0006937463,0.00179066,0.001840296,0.001565,0.001551,0,0,1.524e-23,4.426e-24
step6000,6000,O,u,residual,2048,512-1024,2.516582e+07,0.0001481655,0.0001148662,0.0003032287,0.0002290707,0.0003609537,0.001765001,0.001781254,0.001565,0.001551,0,0,1.524e-23,4.426e-24
step6000,6000,O,u,residual,2048,1024-2048,5.033165e+07,0.000138654,0.0002641794,0.000311176,0.0003866201,0.0005184004,0.001785403,0.001800432,0.001565,0.001551,0,0,1.524e-23,4.426e-24
step6000,6000,O,v,head,2048,spike,1572864,0.08898726,0.08911904,0.009790421,0.08084288,0.08097466,0.01040795,0.009758268,0.001565,0.001551,3.269741e-06,1.834688e-05,1.524e-23,4.426e-24
step6000,6000,O,v,head,2048,32-64,1572864,0.05817785,0.05830963,0.008488337,0.06653204,0.06666382,0.007474899,0.008530299,0.001565,0.001551,6.357829e-07,0,1.524e-23,4.426e-24
step6000,6000,O,v,head,2048,64-128,3145728,0.04334885,0.04348063,0.009143829,0.05249268,0.05262446,0.005841528,0.006907963,0.001565,0.001551,0,0,1.524e-23,4.426e-24
step6000,6000,O,v,head,2048,128-256,6291456,0.02988679,0.03001857,0.00662899,0.03615592,0.0362877,0.004560221,0.005038943,0.001565,0.001551,0,0,1.524e-23,4.426e-24
step6000,6000,O,v,head,2048,256-512,1.258291e+07,0.01525528,0.01538706,0.002114693,0.01726387,0.01739565,0.003065995,0.00314188,0.001565,0.001551,0,0,1.524e-23,4.426e-24
step6000,6000,O,v,head,2048,512-1024,2.516582e+07,0.004559223,0.004691004,0.0002781947,0.004466717,0.004598497,0.002112604,0.002075536,0.001565,0.001551,0,0,1.524e-23,4.426e-24
step6000,6000,O,v,head,2048,1024-2048,5.033165e+07,0.00789488,0.008029329,0.002169569,0.01006445,0.0101989,0.002685308,0.00283558,0.001565,0.001551,1.135327e-08,0,1.524e-23,4.426e-24
step6000,6000,MLP_IN,u,hidden,8192,spike,6291456,0.0083628,0.00838244,0.006663799,0.002502344,0.002532931,0.002726509,0.002037571,0.001565,0.001562,2.338773e-06,1.952762e-06,1.524e-23,1.127e-23
step6000,6000,MLP_IN,u,hidden,8192,32-64,6291456,0.002379408,0.00241237,0.0003410975,0.002238796,0.002272401,0.002043406,0.00201055,0.001565,0.001562,0,3.40598e-07,1.524e-23,1.127e-23
step6000,6000,MLP_IN,u,hidden,8192,64-128,1.258291e+07,0.001314307,0.001347245,0.000544707,0.001853451,0.001886389,0.00191466,0.001984835,0.001565,0.001562,0,0,1.524e-23,1.127e-23
step6000,6000,MLP_IN,u,hidden,8192,128-256,2.516582e+07,0.001063808,0.001096747,0.0003801982,0.00138019,0.001413128,0.001892907,0.001931128,0.001565,0.001562,0,0,1.524e-23,1.127e-23
step6000,6000,MLP_IN,u,hidden,8192,256-512,5.033165e+07,0.0009452149,0.0009781535,0.0001449386,0.0009995148,0.001032453,0.001855339,0.001882337,0.001565,0.001562,0,0,1.524e-23,1.127e-23
step6000,6000,MLP_IN,u,hidden,8192,512-1024,1.006633e+08,0.0003701847,0.0004031473,0.0001904269,0.0004923877,0.0005237634,0.001807272,0.00181883,0.001565,0.001562,0,0,1.524e-23,1.127e-23
step6000,6000,MLP_IN,u,hidden,8192,1024-2048,2.013266e+08,3.478082e-05,4.877796e-05,5.270541e-05,4.805989e-05,7.943562e-05,0.001774716,0.001774261,0.001565,0.001562,7.80537e-09,0,1.524e-23,1.127e-23
step6000,6000,MLP_IN,v,residual,2048,spike,1572864,0.002424671,0.002550196,0.01554426,0.01778593,0.01791771,0.00201416,0.003090359,0.001565,0.001551,0,0,1.524e-23,4.426e-24
step6000,6000,MLP_IN,v,residual,2048,32-64,1572864,0.007857546,0.007989326,0.007369995,0.01520847,0.01534025,0.002352669,0.002929778,0.001565,0.001551,0,0,1.524e-23,4.426e-24
step6000,6000,MLP_IN,v,residual,2048,64-128,3145728,0.008791829,0.008923609,0.004172007,0.01296384,0.01309562,0.002358573,0.002758526,0.001565,0.001551,0,0,1.524e-23,4.426e-24
step6000,6000,MLP_IN,v,residual,2048,128-256,6291456,0.007872804,0.008004585,0.002092203,0.009772524,0.009904304,0.002359322,0.002488613,0.001565,0.001551,0,0,1.524e-23,4.426e-24
step6000,6000,MLP_IN,v,residual,2048,256-512,1.258291e+07,0.004899884,0.005031664,0.001068274,0.005968158,0.006099938,0.002102227,0.002180633,0.001565,0.001551,0,0,1.524e-23,4.426e-24
step6000,6000,MLP_IN,v,residual,2048,512-1024,2.516582e+07,0.0009476404,0.00108209,0.0008920034,0.001715645,0.001847425,0.001853977,0.001874436,0.001565,0.001551,0,0,1.524e-23,4.426e-24
step6000,6000,MLP_IN,v,residual,2048,1024-2048,5.033165e+07,0.002459135,0.002593584,0.001862347,0.004253497,0.00438538,0.002093383,0.002369943,0.001565,0.001551,1.243183e-06,2.838316e-07,1.524e-23,4.426e-24
step6000,6000,MLP_OUT,u,residual,2048,spike,1572864,0.005893538,0.006025422,0.02631632,0.03215208,0.03228386,0.00233514,0.002806346,0.001565,0.001551,2.043588e-05,7.375081e-05,1.524e-23,4.426e-24
step6000,6000,MLP_OUT,u,residual,2048,32-64,1572864,0.00171666,0.001851109,0.007647196,0.009157862,0.009292312,0.001938684,0.002782912,0.001565,0.001551,0,3.633045e-07,1.524e-23,4.426e-24
step6000,6000,MLP_OUT,u,residual,2048,64-128,3145728,0.002158211,0.00229266,0.004766146,0.006735389,0.006867169,0.001944269,0.002502805,0.001565,0.001551,0,0,1.524e-23,4.426e-24
step6000,6000,MLP_OUT,u,residual,2048,128-256,6291456,0.002018656,0.002153106,0.002818425,0.004772091,0.004903872,0.001960323,0.002257756,0.001565,0.001551,0,0,1.524e-23,4.426e-24
step6000,6000,MLP_OUT,u,residual,2048,256-512,1.258291e+07,0.001290367,0.001424817,0.001302083,0.002520069,0.002651849,0.001873414,0.001985243,0.001565,0.001551,0,0,1.524e-23,4.426e-24
step6000,6000,MLP_OUT,u,residual,2048,512-1024,2.516582e+07,0.0004426698,0.0005771196,0.0004059076,0.000764315,0.000881388,0.001814065,0.001811958,0.001565,0.001551,0,0,1.524e-23,4.426e-24
step6000,6000,MLP_OUT,u,residual,2048,1024-2048,5.033165e+07,0.0009129382,0.001017598,0.001533548,0.002071466,0.002205916,0.001923533,0.001997641,0.001565,0.001551,5.676633e-08,7.095791e-08,1.524e-23,4.426e-24
step6000,6000,MLP_OUT,v,hidden,8192,spike,6291456,0.01447936,0.01451297,0.008042812,0.006436553,0.006470158,0.003742536,0.002535911,0.001565,0.001562,7.356916e-06,5.313328e-06,1.524e-23,1.127e-23
step6000,6000,MLP_OUT,v,hidden,8192,32-64,6291456,0.005672342,0.005705947,0.0007141431,0.005659785,0.00569339,0.002534389,0.002430802,0.001565,0.001562,1.089914e-06,2.497718e-07,1.524e-23,1.127e-23
step6000,6000,MLP_OUT,v,hidden,8192,64-128,1.258291e+07,0.003715243,0.003748848,0.001073281,0.004737105,0.00477071,0.002226557,0.002335548,0.001565,0.001562,1.816523e-07,0,1.524e-23,1.127e-23
step6000,6000,MLP_OUT,v,hidden,8192,128-256,2.516582e+07,0.003180886,0.003213824,0.0008934736,0.003903196,0.003936801,0.002082439,0.002221107,0.001565,0.001562,0,0,1.524e-23,1.127e-23
step6000,6000,MLP_OUT,v,hidden,8192,256-512,5.033165e+07,0.002709234,0.002742173,0.000390927,0.002581203,0.002614142,0.002013998,0.002059573,0.001565,0.001562,0,0,1.524e-23,1.127e-23
step6000,6000,MLP_OUT,v,hidden,8192,512-1024,1.006633e+08,0.002178514,0.002211453,0.0009476145,0.001312172,0.001345777,0.001947007,0.001905675,0.001565,0.001562,0,0,1.524e-23,1.127e-23
step6000,6000,MLP_OUT,v,hidden,8192,1024-2048,2.013266e+08,0.000966843,0.001000448,0.0007244249,0.0002754326,0.0003083711,0.001841696,0.001799418,0.001565,0.001562,0,0,1.524e-23,1.127e-23
step8000,8000,Q,u,head,2048,spike,1572864,0.04216428,0.04228981,0.02040863,0.06002621,0.06016066,0.005404245,0.007539749,0.001565,0.001551,3.814697e-06,4.886446e-05,1.524e-23,4.426e-24
step8000,8000,Q,u,head,2048,32-64,1572864,0.03294109,0.03307287,0.01075427,0.04313219,0.04326664,0.005078997,0.006455376,0.001565,0.001551,0,0,1.524e-23,4.426e-24
step8000,8000,Q,u,head,2048,64-128,3145728,0.02390788,0.02403966,0.009647051,0.03355494,0.03368672,0.004070918,0.005109696,0.001565,0.001551,0,0,1.524e-23,4.426e-24
step8000,8000,Q,u,head,2048,128-256,6291456,0.01653789,0.01666967,0.005198797,0.02173669,0.02186847,0.003218969,0.003691878,0.001565,0.001551,0,0,1.524e-23,4.426e-24
step8000,8000,Q,u,head,2048,256-512,1.258291e+07,0.007758205,0.007889985,0.002187093,0.009945298,0.01007708,0.002429917,0.002545221,0.001565,0.001551,0,0,1.524e-23,4.426e-24
step8000,8000,Q,u,head,2048,512-1024,2.516582e+07,0.001523699,0.001658149,0.0005618334,0.001992589,0.002127039,0.00189381,0.001918009,0.001565,0.001551,0,0,1.524e-23,4.426e-24
step8000,8000,Q,u,head,2048,1024-2048,5.033165e+07,0.002865696,0.002999532,0.002997677,0.005862759,0.005997208,0.002137882,0.002430283,0.001565,0.001551,0,0,1.524e-23,4.426e-24
step8000,8000,Q,v,residual,2048,spike,1572864,0.004877631,0.005009412,0.01821772,0.02309535,0.02322713,0.002092271,0.004229682,0.001565,0.001551,0,8.991786e-06,1.524e-23,4.426e-24
step8000,8000,Q,v,residual,2048,32-64,1572864,0.007649645,0.007781425,0.01052221,0.01817185,0.01830363,0.00228791,0.003714334,0.001565,0.001551,0,0,1.524e-23,4.426e-24
step8000,8000,Q,v,residual,2048,64-128,3145728,0.006198788,0.006330569,0.008223216,0.014422,0.01455378,0.002189137,0.003151667,0.001565,0.001551,0,0,1.524e-23,4.426e-24
step8000,8000,Q,v,residual,2048,128-256,6291456,0.004312738,0.004444519,0.004610062,0.008845234,0.008977015,0.002078034,0.002576397,0.001565,0.001551,0,0,1.524e-23,4.426e-24
step8000,8000,Q,v,residual,2048,256-512,1.258291e+07,0.001488493,0.001622943,0.002586126,0.004020657,0.004155107,0.001881463,0.002091283,0.001565,0.001551,0,0,1.524e-23,4.426e-24
step8000,8000,Q,v,residual,2048,512-1024,2.516582e+07,0.0001374943,0.0001518885,0.0007405678,0.0006030735,0.0007329662,0.001782133,0.001834648,0.001565,0.001551,0,0,1.524e-23,4.426e-24
step8000,8000,Q,v,residual,2048,1024-2048,5.033165e+07,0.0004846514,0.0006191012,0.001881162,0.002365814,0.002500263,0.001837702,0.002046982,0.001565,0.001551,0,0,1.524e-23,4.426e-24
step8000,8000,K,u,head,2048,spike,1572864,0.05779893,0.05793071,0.01423899,0.04645734,0.04659179,0.007973626,0.005645752,0.001565,0.001551,1.998175e-06,9.999956e-05,1.524e-23,4.426e-24
step8000,8000,K,u,head,2048,32-64,1572864,0.04843639,0.04856817,0.01583481,0.03301738,0.03314916,0.006872631,0.005595707,0.001565,0.001551,6.357829e-07,0,1.524e-23,4.426e-24
step8000,8000,K,u,head,2048,64-128,3145728,0.03098651,0.03112096,0.00607268,0.02505434,0.02518879,0.004913875,0.004512287,0.001565,0.001551,0,0,1.524e-23,4.426e-24
step8000,8000,K,u,head,2048,128-256,6291456,0.01788001,0.01801446,0.00242885,0.01553922,0.01567366,0.00348795,0.00326395,0.001565,0.001551,0,0,1.524e-23,4.426e-24
step8000,8000,K,u,head,2048,256-512,1.258291e+07,0.006460792,0.006595242,0.0002358754,0.006605928,0.006737708,0.00239085,0.002326716,0.001565,0.001551,0,0,1.524e-23,4.426e-24
step8000,8000,K,u,head,2048,512-1024,2.516582e+07,0.001086736,0.001218517,0.0001314878,0.001010244,0.001143761,0.001872557,0.001857258,0.001565,0.001551,0,0,1.524e-23,4.426e-24
step8000,8000,K,u,head,2048,1024-2048,5.033165e+07,0.002806117,0.002940225,0.001262009,0.004067785,0.004202234,0.002099804,0.002193374,0.001565,0.001551,0,0,1.524e-23,4.426e-24
step8000,8000,K,v,residual,2048,spike,1572864,0.003328155,0.003460038,0.09106,0.09413024,0.09426469,0.002084005,0.004437401,0.001565,0.001551,0,0.000388645,1.524e-23,4.426e-24
step8000,8000,K,v,residual,2048,32-64,1572864,0.002271447,0.002396973,0.02261225,0.02441389,0.02454578,0.001859756,0.005043938,0.001565,0.001551,0,8.356004e-06,1.524e-23,4.426e-24
step8000,8000,K,v,residual,2048,64-128,3145728,0.002016291,0.002148071,0.009307861,0.01097938,0.01111383,0.00189318,0.003425235,0.001565,0.001551,0,0,1.524e-23,4.426e-24
step8000,8000,K,v,residual,2048,128-256,6291456,0.000865982,0.001000432,0.004031658,0.00489764,0.00503209,0.001855532,0.002394109,0.001565,0.001551,0,0,1.524e-23,4.426e-24
step8000,8000,K,v,residual,2048,256-512,1.258291e+07,0.0003596878,0.0004643481,0.001454035,0.001640366,0.001774815,0.001808643,0.001907303,0.001565,0.001551,0,0,1.524e-23,4.426e-24
step8000,8000,K,v,residual,2048,512-1024,2.516582e+07,0.0001555291,0.0001349355,0.00105087,0.0009669003,0.001092426,0.00175316,0.001808269,0.001565,0.001551,0,0,1.524e-23,4.426e-24
step8000,8000,K,v,residual,2048,1024-2048,5.033165e+07,4.570136e-05,0.0001774817,0.002104878,0.00214752,0.0022793,0.001780289,0.001901507,0.001565,0.001551,0,0,1.524e-23,4.426e-24
step8000,8000,V,u,head,2048,spike,1572864,0.05867885,0.05881063,0.02964973,0.02985895,0.0299934,0.00759706,0.005185445,0.001565,0.001551,6.357829e-07,1.271566e-06,1.524e-23,4.426e-24
step8000,8000,V,u,head,2048,32-64,1572864,0.0369923,0.03712408,0.01336797,0.02390485,0.0240393,0.005467097,0.004502796,0.001565,0.001551,0,0,1.524e-23,4.426e-24
step8000,8000,V,u,head,2048,64-128,3145728,0.02123074,0.02136519,0.003338178,0.01817899,0.01831344,0.003970646,0.003776732,0.001565,0.001551,0,0,1.524e-23,4.426e-24
step8000,8000,V,u,head,2048,128-256,6291456,0.009098258,0.009232707,0.002326171,0.01135847,0.01149292,0.002742177,0.002965587,0.001565,0.001551,0,0,1.524e-23,4.426e-24
step8000,8000,V,u,head,2048,256-512,1.258291e+07,0.002319302,0.002453752,0.001749992,0.00399467,0.004129119,0.002031077,0.002192599,0.001565,0.001551,0,0,1.524e-23,4.426e-24
step8000,8000,V,u,head,2048,512-1024,2.516582e+07,0.000237251,0.000354324,0.0002717972,0.0003820992,0.0005076247,0.001800202,0.001813718,0.001565,0.001551,0,0,1.524e-23,4.426e-24
step8000,8000,V,u,head,2048,1024-2048,5.033165e+07,0.00109238,0.00122683,0.001667937,0.002670215,0.002804664,0.001897954,0.002038873,0.001565,0.001551,0,0,1.524e-23,4.426e-24
step8000,8000,V,v,residual,2048,spike,1572864,0.02134186,0.02147365,0.002443314,0.01932135,0.01945313,0.003336316,0.003410249,0.001565,0.001551,0,0,1.524e-23,4.426e-24
step8000,8000,V,v,residual,2048,32-64,1572864,0.0182615,0.01839328,0.002488454,0.0163853,0.01651708,0.003119332,0.003193992,0.001565,0.001551,0,0,1.524e-23,4.426e-24
step8000,8000,V,v,residual,2048,64-128,3145728,0.0137948,0.01392658,0.0006504059,0.01322959,0.01336137,0.0027662,0.002873784,0.001565,0.001551,0,0,1.524e-23,4.426e-24
step8000,8000,V,v,residual,2048,128-256,6291456,0.007981047,0.008112827,0.001663685,0.009532834,0.009664614,0.002390294,0.002557891,0.001565,0.001551,0,0,1.524e-23,4.426e-24
step8000,8000,V,v,residual,2048,256-512,1.258291e+07,0.002354429,0.002488879,0.00235637,0.004702235,0.004834015,0.001951286,0.002137559,0.001565,0.001551,0,0,1.524e-23,4.426e-24
step8000,8000,V,v,residual,2048,512-1024,2.516582e+07,0.0001842241,0.0003186739,0.0004897515,0.0005987784,0.0007306615,0.001782724,0.001825458,0.001565,0.001551,0,0,1.524e-23,4.426e-24
step8000,8000,V,v,residual,2048,1024-2048,5.033165e+07,0.001116441,0.001250891,0.001158913,0.002236595,0.002368478,0.001922207,0.002061858,0.001565,0.001551,2.071971e-07,0,1.524e-23,4.426e-24
step8000,8000,O,u,residual,2048,spike,1572864,0.004484858,0.004619308,0.007202784,0.01168764,0.01182209,0.002171562,0.002384367,0.001565,0.001551,1.653035e-05,2.942766e-05,1.524e-23,4.426e-24
step8000,8000,O,u,residual,2048,32-64,1572864,0.00101938,0.001141763,0.003291448,0.00393413,0.00406591,0.00187565,0.00224504,0.001565,0.001551,0,0,1.524e-23,4.426e-24
step8000,8000,O,u,residual,2048,64-128,3145728,0.001095603,0.001227486,0.001439412,0.002279009,0.002413459,0.001866931,0.002073333,0.001565,0.001551,0,0,1.524e-23,4.426e-24
step8000,8000,O,u,residual,2048,128-256,6291456,0.0004834669,0.0006089923,0.001213392,0.001582687,0.001714467,0.001829624,0.001940387,0.001565,0.001551,0,0,1.524e-23,4.426e-24
step8000,8000,O,u,residual,2048,256-512,1.258291e+07,0.0003630655,0.0004885909,0.0004560153,0.0006119256,0.0007437059,0.00179989,0.001826275,0.001565,0.001551,0,0,1.524e-23,4.426e-24
step8000,8000,O,u,residual,2048,512-1024,2.516582e+07,0.0001265271,0.0002033231,0.000117143,0.0001044517,0.000236232,0.001768731,0.001767567,0.001565,0.001551,0,0,1.524e-23,4.426e-24
step8000,8000,O,u,residual,2048,1024-2048,5.033165e+07,0.0001300435,0.0002644933,0.0003138383,0.0004193048,0.0005537546,0.001788537,0.001813664,0.001565,0.001551,0,0,1.524e-23,4.426e-24
step8000,8000,O,v,head,2048,spike,1572864,0.08431171,0.08444349,0.01749039,0.0673185,0.06745028,0.009929839,0.008793785,0.001565,0.001551,2.81561e-06,4.722959e-06,1.524e-23,4.426e-24
step8000,8000,O,v,head,2048,32-64,1572864,0.05034628,0.05047806,0.005639394,0.05574726,0.05587904,0.006777718,0.007478714,0.001565,0.001551,0,0,1.524e-23,4.426e-24
step8000,8000,O,v,head,2048,64-128,3145728,0.03816118,0.03829296,0.005749702,0.04376815,0.04389993,0.005499522,0.006132171,0.001565,0.001551,0,0,1.524e-23,4.426e-24
step8000,8000,O,v,head,2048,128-256,6291456,0.02671502,0.02684681,0.003122012,0.02940121,0.02953299,0.004269327,0.004407701,0.001565,0.001551,0,0,1.524e-23,4.426e-24
step8000,8000,O,v,head,2048,256-512,1.258291e+07,0.01556323,0.01569501,0.001256386,0.01470752,0.01483304,0.003082502,0.002855062,0.001565,0.001551,0,0,1.524e-23,4.426e-24
step8000,8000,O,v,head,2048,512-1024,2.516582e+07,0.00520053,0.00533231,0.001049002,0.004366065,0.004497845,0.002146272,0.002015216,0.001565,0.001551,0,0,1.524e-23,4.426e-24
step8000,8000,O,v,head,2048,1024-2048,5.033165e+07,0.007996863,0.008131313,0.0007639527,0.008753961,0.008888411,0.002718366,0.002740485,0.001565,0.001551,2.270653e-08,0,1.524e-23,4.426e-24
step8000,8000,MLP_IN,u,hidden,8192,spike,6291456,0.008846154,0.008865794,0.006888231,0.004655987,0.00468895,0.002779438,0.002116885,0.001565,0.001562,4.5186e-06,3.882817e-06,1.524e-23,1.127e-23
step8000,8000,MLP_IN,u,hidden,8192,32-64,6291456,0.002732164,0.002765769,0.0003360113,0.002889856,0.002922795,0.002048674,0.002073946,0.001565,0.001562,1.816523e-07,0,1.524e-23,1.127e-23
step8000,8000,MLP_IN,u,hidden,8192,64-128,1.258291e+07,0.001808133,0.001841738,0.0006096363,0.0023619,0.002395505,0.001941726,0.002043122,0.001565,0.001562,0,0,1.524e-23,1.127e-23
step8000,8000,MLP_IN,u,hidden,8192,128-256,2.516582e+07,0.001421357,0.001454295,0.0002909501,0.001685387,0.001718992,0.001930061,0.001968668,0.001565,0.001562,0,0,1.524e-23,1.127e-23
step8000,8000,MLP_IN,u,hidden,8192,256-512,5.033165e+07,0.001276875,0.001309814,0.0001800656,0.00115719,0.001190795,0.001900511,0.001897463,0.001565,0.001562,0,0,1.524e-23,1.127e-23
step8000,8000,MLP_IN,u,hidden,8192,512-1024,1.006633e+08,0.0006453256,0.0006789306,0.0001205901,0.0005607948,0.0005937333,0.001838456,0.001835382,0.001565,0.001562,0,0,1.524e-23,1.127e-23
step8000,8000,MLP_IN,u,hidden,8192,1024-2048,2.013266e+08,7.948644e-05,0.0001108622,0.0001109391,0.0001354724,0.0001623401,0.001783053,0.001783834,0.001565,0.001562,3.760769e-08,0,1.524e-23,1.127e-23
step8000,8000,MLP_IN,v,residual,2048,spike,1572864,0.001817874,0.001922683,0.01487287,0.01638784,0.01651962,0.00196357,0.003076735,0.001565,0.001551,0,0,1.524e-23,4.426e-24
step8000,8000,MLP_IN,v,residual,2048,32-64,1572864,0.007382616,0.007514396,0.007606506,0.0148715,0.01500328,0.00226702,0.002856482,0.001565,0.001551,0,0,1.524e-23,4.426e-24
step8000,8000,MLP_IN,v,residual,2048,64-128,3145728,0.008583928,0.008715708,0.00390021,0.01248414,0.01261592,0.002347992,0.002672922,0.001565,0.001551,0,0,1.524e-23,4.426e-24
step8000,8000,MLP_IN,v,residual,2048,128-256,6291456,0.007995877,0.008121403,0.002232552,0.01015495,0.01028673,0.002305417,0.002457868,0.001565,0.001551,0,0,1.524e-23,4.426e-24
step8000,8000,MLP_IN,v,residual,2048,256-512,1.258291e+07,0.00551103,0.00564281,0.0008261998,0.006287162,0.006418942,0.002146744,0.002171687,0.001565,0.001551,0,0,1.524e-23,4.426e-24
step8000,8000,MLP_IN,v,residual,2048,512-1024,2.516582e+07,0.00164396,0.00177574,0.0005982717,0.002233609,0.002365389,0.001886266,0.001897784,0.001565,0.001551,0,0,1.524e-23,4.426e-24
step8000,8000,MLP_IN,v,residual,2048,1024-2048,5.033165e+07,0.003101434,0.003235884,0.001614292,0.004715727,0.004850177,0.002202897,0.002412501,0.001565,0.001551,1.532691e-06,1.827876e-06,1.524e-23,4.426e-24
step8000,8000,MLP_OUT,u,residual,2048,spike,1572864,0.008715217,0.008846997,0.03208224,0.04079746,0.04092924,0.0023583,0.002650942,0.001565,0.001551,4.350571e-05,8.791969e-05,1.524e-23,4.426e-24
step8000,8000,MLP_OUT,u,residual,2048,32-64,1572864,0.001954302,0.002086082,0.006223679,0.008095469,0.008229919,0.00200644,0.002660933,0.001565,0.001551,0,0,1.524e-23,4.426e-24
step8000,8000,MLP_OUT,u,residual,2048,64-128,3145728,0.002292679,0.002427129,0.004372279,0.006411458,0.006543238,0.001958983,0.002418881,0.001565,0.001551,0,0,1.524e-23,4.426e-24
step8000,8000,MLP_OUT,u,residual,2048,128-256,6291456,0.001782725,0.001914608,0.002493223,0.004114833,0.004249282,0.001923607,0.002160731,0.001565,0.001551,0,0,1.524e-23,4.426e-24
step8000,8000,MLP_OUT,u,residual,2048,256-512,1.258291e+07,0.001319693,0.001454142,0.001009862,0.002255583,0.002387364,0.001881089,0.001949151,0.001565,0.001551,0,0,1.524e-23,4.426e-24
step8000,8000,MLP_OUT,u,residual,2048,512-1024,2.516582e+07,0.0005086506,0.000640431,0.00020202,0.0006209855,0.0007527658,0.001812912,0.001806815,0.001565,0.001551,0,0,1.524e-23,4.426e-24
step8000,8000,MLP_OUT,u,residual,2048,1024-2048,5.033165e+07,0.0008843677,0.0009890279,0.00155588,0.001934155,0.002065936,0.001894057,0.00196357,0.001565,0.001551,2.497718e-07,7.379623e-08,1.524e-23,4.426e-24
step8000,8000,MLP_OUT,v,hidden,8192,spike,6291456,0.01759073,0.01762433,0.009476503,0.008237884,0.008271489,0.004086449,0.002650306,0.001565,0.001562,1.246589e-05,1.400993e-05,1.524e-23,1.127e-23
step8000,8000,MLP_OUT,v,hidden,8192,32-64,6291456,0.006887482,0.006921087,0.0008056959,0.006358669,0.006392274,0.002758639,0.002596378,0.001565,0.001562,1.70299e-06,3.633045e-07,1.524e-23,1.127e-23
step8000,8000,MLP_OUT,v,hidden,8192,64-128,1.258291e+07,0.004381067,0.004414672,0.0008331935,0.00512835,0.005161955,0.00233439,0.002434731,0.001565,0.001562,2.043588e-07,0,1.524e-23,1.127e-23
step8000,8000,MLP_OUT,v,hidden,8192,128-256,2.516582e+07,0.003342674,0.003376279,0.000720938,0.003951436,0.003985041,0.002120461,0.002245585,0.001565,0.001562,0,0,1.524e-23,1.127e-23
step8000,8000,MLP_OUT,v,hidden,8192,256-512,5.033165e+07,0.002770627,0.002803566,0.0002848705,0.002655874,0.002688836,0.002018165,0.002069987,0.001565,0.001562,0,0,1.524e-23,1.127e-23
step8000,8000,MLP_OUT,v,hidden,8192,512-1024,1.006633e+08,0.002152894,0.002185833,0.0009035965,0.00129421,0.001327149,0.001941811,0.001902116,0.001565,0.001562,0,0,1.524e-23,1.127e-23
step8000,8000,MLP_OUT,v,hidden,8192,1024-2048,2.013266e+08,0.001046791,0.00107973,0.000783811,0.0002629802,0.0002959187,0.001841742,0.001792474,0.001565,0.001562,0,0,1.524e-23,1.127e-23
step12000,12000,Q,u,head,2048,spike,1572864,0.04223612,0.04236165,0.02367846,0.06483514,0.06496692,0.005523863,0.007863908,0.001565,0.001551,3.814697e-06,4.286993e-05,1.524e-23,4.426e-24
step12000,12000,Q,u,head,2048,32-64,1572864,0.03495143,0.03508321,0.01335017,0.04818589,0.04831767,0.004976363,0.006637846,0.001565,0.001551,6.357829e-07,0,1.524e-23,4.426e-24
step12000,12000,Q,u,head,2048,64-128,3145728,0.02901068,0.02914246,0.008998235,0.03775778,0.03788956,0.004340898,0.005412783,0.001565,0.001551,0,0,1.524e-23,4.426e-24
step12000,12000,Q,u,head,2048,128-256,6291456,0.0232295,0.02336128,0.002401034,0.02563054,0.02576232,0.003661133,0.003860156,0.001565,0.001551,0,0,1.524e-23,4.426e-24
step12000,12000,Q,u,head,2048,256-512,1.258291e+07,0.01436455,0.01449633,0.001647234,0.01289247,0.01302425,0.002914542,0.002706085,0.001565,0.001551,0,0,1.524e-23,4.426e-24
step12000,12000,Q,u,head,2048,512-1024,2.516582e+07,0.003449684,0.003584134,0.0005176862,0.002977356,0.003109136,0.002059346,0.001978766,0.001565,0.001551,0,0,1.524e-23,4.426e-24
step12000,12000,Q,u,head,2048,1024-2048,5.033165e+07,0.005583908,0.005718358,0.001444379,0.006963577,0.007098027,0.002469781,0.002595819,0.001565,0.001551,0,0,1.524e-23,4.426e-24
step12000,12000,Q,v,residual,2048,spike,1572864,0.003174369,0.003306149,0.0155042,0.01867857,0.01881035,0.002052943,0.003747123,0.001565,0.001551,0,1.453218e-06,1.524e-23,4.426e-24
step12000,12000,Q,v,residual,2048,32-64,1572864,0.006115501,0.006247281,0.009202957,0.01508463,0.01521908,0.002132961,0.003292084,0.001565,0.001551,0,0,1.524e-23,4.426e-24
step12000,12000,Q,v,residual,2048,64-128,3145728,0.004900409,0.005025935,0.007356962,0.01220898,0.01234343,0.002084777,0.002922467,0.001565,0.001551,0,0,1.524e-23,4.426e-24
step12000,12000,Q,v,residual,2048,128-256,6291456,0.004297479,0.00442926,0.003795306,0.008030619,0.008165069,0.002036299,0.002465316,0.001565,0.001551,0,0,1.524e-23,4.426e-24
step12000,12000,Q,v,residual,2048,256-512,1.258291e+07,0.002272401,0.002397926,0.001547257,0.003746555,0.003881005,0.001914626,0.002073753,0.001565,0.001551,0,0,1.524e-23,4.426e-24
step12000,12000,Q,v,residual,2048,512-1024,2.516582e+07,0.0003396119,0.0004713922,0.0004379749,0.0007703241,0.0008958496,0.001793152,0.001813145,0.001565,0.001551,0,0,1.524e-23,4.426e-24
step12000,12000,Q,v,residual,2048,1024-2048,5.033165e+07,0.0007314742,0.000865924,0.001351873,0.002083347,0.002217797,0.001868123,0.002030923,0.001565,0.001551,0,0,1.524e-23,4.426e-24
step12000,12000,K,u,head,2048,spike,1572864,0.05559721,0.05572899,0.008637746,0.05988811,0.06001989,0.007570993,0.006281626,0.001565,0.001551,3.905523e-06,0.0001420521,1.524e-23,4.426e-24
step12000,12000,K,u,head,2048,32-64,1572864,0.04852476,0.04865654,0.005723953,0.04304304,0.04317482,0.006609508,0.006294614,0.001565,0.001551,3.633045e-07,3.633045e-07,1.524e-23,4.426e-24
step12000,12000,K,u,head,2048,64-128,3145728,0.03520734,0.03533912,0.001988411,0.03359118,0.03372296,0.005038988,0.00500184,0.001565,0.001551,0,0,1.524e-23,4.426e-24
step12000,12000,K,u,head,2048,128-256,6291456,0.02556346,0.02569524,0.003562291,0.02200117,0.02213295,0.003914856,0.003639516,0.001565,0.001551,0,0,1.524e-23,4.426e-24
step12000,12000,K,u,head,2048,256-512,1.258291e+07,0.01355414,0.01368859,0.003060897,0.01065753,0.01078931,0.002906833,0.002564907,0.001565,0.001551,0,0,1.524e-23,4.426e-24
step12000,12000,K,u,head,2048,512-1024,2.516582e+07,0.00246438,0.00259883,0.0003064076,0.002314393,0.002446174,0.001987304,0.001945433,0.001565,0.001551,0,0,1.524e-23,4.426e-24
step12000,12000,K,u,head,2048,1024-2048,5.033165e+07,0.005350854,0.005485304,0.0006882548,0.005863553,0.005998003,0.002402975,0.00245415,0.001565,0.001551,0,0,1.524e-23,4.426e-24
step12000,12000,K,v,residual,2048,spike,1572864,0.004076686,0.004211135,0.07927259,0.08332815,0.08345993,0.002135413,0.003792899,0.001565,0.001551,2.724784e-06,0.0003218878,1.524e-23,4.426e-24
step12000,12000,K,v,residual,2048,32-64,1572864,0.00190358,0.002038029,0.01439476,0.01614194,0.01627639,0.001875923,0.004081363,0.001565,0.001551,0,3.451393e-06,1.524e-23,4.426e-24
step12000,12000,K,v,residual,2048,64-128,3145728,0.00163185,0.001757375,0.006410599,0.00787676,0.00801121,0.001868793,0.00296461,0.001565,0.001551,0,0,1.524e-23,4.426e-24
step12000,12000,K,v,residual,2048,128-256,6291456,0.001452174,0.001586624,0.002472242,0.003863221,0.003997671,0.001891681,0.002240544,0.001565,0.001551,0,0,1.524e-23,4.426e-24
step12000,12000,K,v,residual,2048,256-512,1.258291e+07,0.0007304991,0.0008622794,0.0008522669,0.001404667,0.001536448,0.001818521,0.001874833,0.001565,0.001551,0,0,1.524e-23,4.426e-24
step12000,12000,K,v,residual,2048,512-1024,2.516582e+07,8.905952e-05,0.0001966148,0.0009494623,0.0009382811,0.001055354,0.0017558,0.001796314,0.001565,0.001551,0,0,1.524e-23,4.426e-24
step12000,12000,K,v,residual,2048,1024-2048,5.033165e+07,0.0001276792,0.0002621289,0.001676401,0.001738056,0.001869836,0.001786922,0.001874166,0.001565,0.001551,0,0,1.524e-23,4.426e-24
step12000,12000,V,u,head,2048,spike,1572864,0.06109737,0.06122915,0.02687391,0.03485621,0.03499066,0.007687796,0.00564003,0.001565,0.001551,4.995437e-06,2.543132e-06,1.524e-23,4.426e-24
step12000,12000,V,u,head,2048,32-64,1572864,0.03742081,0.03755259,0.009993871,0.02755106,0.02768551,0.005457197,0.004821323,0.001565,0.001551,0,0,1.524e-23,4.426e-24
step12000,12000,V,u,head,2048,64-128,3145728,0.02284295,0.02297473,0.001456896,0.0219282,0.02206265,0.004056431,0.004053797,0.001565,0.001551,0,0,1.524e-23,4.426e-24
step12000,12000,V,u,head,2048,128-256,6291456,0.01276577,0.01290022,0.000808239,0.01341349,0.01354527,0.00306084,0.003145036,0.001565,0.001551,0,0,1.524e-23,4.426e-24
step12000,12000,V,u,head,2048,256-512,1.258291e+07,0.005454268,0.005588718,0.0001672109,0.005335297,0.005469747,0.002295823,0.002282915,0.001565,0.001551,0,0,1.524e-23,4.426e-24
step12000,12000,V,u,head,2048,512-1024,2.516582e+07,0.0009754956,0.001109945,0.0003946225,0.0007163621,0.0008418875,0.001864939,0.001840313,0.001565,0.001551,0,0,1.524e-23,4.426e-24
step12000,12000,V,u,head,2048,1024-2048,5.033165e+07,0.001974175,0.002106059,0.001344124,0.003302401,0.003436851,0.001999986,0.002130418,0.001565,0.001551,0,0,1.524e-23,4.426e-24
step12000,12000,V,v,residual,2048,spike,1572864,0.02020191,0.02033369,0.004693985,0.02489589,0.02502767,0.003151122,0.003614062,0.001565,0.001551,0,0,1.524e-23,4.426e-24
step12000,12000,V,v,residual,2048,32-64,1572864,0.01942625,0.01955803,0.003283183,0.02191343,0.02204521,0.003049578,0.003416879,0.001565,0.001551,0,0,1.524e-23,4.426e-24
step12000,12000,V,v,residual,2048,64-128,3145728,0.01610333,0.01623511,0.002532641,0.01823003,0.01836181,0.002877235,0.003116744,0.001565,0.001551,0,0,1.524e-23,4.426e-24
step12000,12000,V,v,residual,2048,128-256,6291456,0.0116991,0.01183089,0.002033869,0.01346451,0.0135963,0.002544085,0.00272467,0.001565,0.001551,0,0,1.524e-23,4.426e-24
step12000,12000,V,v,residual,2048,256-512,1.258291e+07,0.005246624,0.005378404,0.002023458,0.007254188,0.007385968,0.002122107,0.002257393,0.001565,0.001551,0,0,1.524e-23,4.426e-24
step12000,12000,V,v,residual,2048,512-1024,2.516582e+07,0.000685597,0.0008173773,0.0009944042,0.001633112,0.001764892,0.00183135,0.001872403,0.001565,0.001551,0,0,1.524e-23,4.426e-24
step12000,12000,V,v,residual,2048,1024-2048,5.033165e+07,0.002074506,0.002208956,0.001673182,0.003679782,0.003811665,0.002061336,0.002263765,0.001565,0.001551,3.803344e-07,0,1.524e-23,4.426e-24
step12000,12000,O,u,residual,2048,spike,1572864,0.006873494,0.007007944,0.009329478,0.01620297,0.01633742,0.002204623,0.002286729,0.001565,0.001551,3.451393e-05,4.841032e-05,1.524e-23,4.426e-24
step12000,12000,O,u,residual,2048,32-64,1572864,0.0009605731,0.001092353,0.003068924,0.003707931,0.003842381,0.001854851,0.002195449,0.001565,0.001551,0,0,1.524e-23,4.426e-24
step12000,12000,O,u,residual,2048,64-128,3145728,0.001029873,0.001161654,0.00166448,0.002439227,0.002573677,0.001843407,0.002034006,0.001565,0.001551,0,0,1.524e-23,4.426e-24
step12000,12000,O,u,residual,2048,128-256,6291456,0.0007600686,0.0008919516,0.0009447734,0.001377488,0.001509268,0.00182313,0.001890796,0.001565,0.001551,0,0,1.524e-23,4.426e-24
step12000,12000,O,u,residual,2048,256-512,1.258291e+07,0.0003511548,0.0004334368,0.0002702077,0.0004865969,0.0006183772,0.00179964,0.001836538,0.001565,0.001551,0,0,1.524e-23,4.426e-24
step12000,12000,O,u,residual,2048,512-1024,2.516582e+07,9.949535e-05,0.0001290917,9.242694e-05,0.0001109792,0.0002070583,0.001779335,0.001771371,0.001565,0.001551,0,0,1.524e-23,4.426e-24
step12000,12000,O,u,residual,2048,1024-2048,5.033165e+07,0.0001174272,0.0002518769,0.0003917615,0.0004235765,0.0005580263,0.001781367,0.00181111,0.001565,0.001551,0,0,1.524e-23,4.426e-24
step12000,12000,O,v,head,2048,spike,1572864,0.0724124,0.07254418,0.02192052,0.05101957,0.05115135,0.008982976,0.007129488,0.001565,0.001551,5.086263e-06,3.633045e-07,1.524e-23,4.426e-24
step12000,12000,O,v,head,2048,32-64,1572864,0.04064932,0.0407811,0.002562205,0.04280081,0.04293259,0.005929493,0.006237666,0.001565,0.001551,3.633045e-07,0,1.524e-23,4.426e-24
step12000,12000,O,v,head,2048,64-128,3145728,0.03000949,0.03014127,0.003719966,0.0334637,0.03359548,0.004770733,0.005135627,0.001565,0.001551,0,0,1.524e-23,4.426e-24
step12000,12000,O,v,head,2048,128-256,6291456,0.02218364,0.02231542,0.0008214315,0.02239472,0.0225265,0.003807726,0.003782023,0.001565,0.001551,0,0,1.524e-23,4.426e-24
step12000,12000,O,v,head,2048,256-512,1.258291e+07,0.01441557,0.01454735,0.003577391,0.01102681,0.01115234,0.003004846,0.002573638,0.001565,0.001551,0,0,1.524e-23,4.426e-24
step12000,12000,O,v,head,2048,512-1024,2.516582e+07,0.005469029,0.005600809,0.002208511,0.003346468,0.003478248,0.002170801,0.001955475,0.001565,0.001551,0,0,1.524e-23,4.426e-24
step12000,12000,O,v,head,2048,1024-2048,5.033165e+07,0.007636811,0.007771261,0.001110653,0.006573186,0.006707636,0.002697207,0.002551133,0.001565,0.001551,2.696401e-07,0,1.524e-23,4.426e-24
step12000,12000,MLP_IN,u,hidden,8192,spike,6291456,0.009348581,0.009368222,0.00803264,0.007736093,0.007769698,0.00292065,0.002251898,0.001565,0.001562,7.402329e-06,9.037199e-06,1.524e-23,1.127e-23
step12000,12000,MLP_IN,u,hidden,8192,32-64,6291456,0.003182139,0.003215744,0.0003364881,0.003379073,0.003412678,0.002131417,0.002189954,0.001565,0.001562,9.082613e-08,0,1.524e-23,1.127e-23
step12000,12000,MLP_IN,u,hidden,8192,64-128,1.258291e+07,0.002020264,0.002053203,0.001152118,0.003007219,0.003040824,0.002008029,0.002131803,0.001565,0.001562,0,0,1.524e-23,1.127e-23
step12000,12000,MLP_IN,u,hidden,8192,128-256,2.516582e+07,0.001800641,0.001833579,0.0006030798,0.002383039,0.002416644,0.001969968,0.002048844,0.001565,0.001562,0,0,1.524e-23,1.127e-23
step12000,12000,MLP_IN,u,hidden,8192,256-512,5.033165e+07,0.001705235,0.00173884,0.0001980662,0.001531551,0.001564514,0.001951958,0.001946236,0.001565,0.001562,0,0,1.524e-23,1.127e-23
step12000,12000,MLP_IN,u,hidden,8192,512-1024,1.006633e+08,0.0009853602,0.001018965,0.0002161364,0.000774628,0.000808233,0.001879114,0.001860746,0.001565,0.001562,0,0,1.524e-23,1.127e-23
step12000,12000,MLP_IN,u,hidden,8192,1024-2048,2.013266e+08,0.0002253553,0.000258318,7.804235e-05,0.0001596918,0.0001932968,0.00180058,0.001789917,0.001565,0.001562,7.379623e-08,0,1.524e-23,1.127e-23
step12000,12000,MLP_IN,v,residual,2048,spike,1572864,0.001213745,0.001321232,0.01374817,0.01434253,0.01447431,0.001920791,0.00285076,0.001565,0.001551,0,0,1.524e-23,4.426e-24
step12000,12000,MLP_IN,v,residual,2048,32-64,1572864,0.006468996,0.006600776,0.00758934,0.01377149,0.01389701,0.00216584,0.002735774,0.001565,0.001551,0,0,1.524e-23,4.426e-24
step12000,12000,MLP_IN,v,residual,2048,64-128,3145728,0.007872059,0.007997584,0.004197756,0.0119806,0.01211238,0.002312206,0.002559798,0.001565,0.001551,0,0,1.524e-23,4.426e-24
step12000,12000,MLP_IN,v,residual,2048,128-256,6291456,0.007357979,0.00748976,0.001899719,0.009257699,0.009389479,0.002256916,0.002389772,0.001565,0.001551,0,0,1.524e-23,4.426e-24
step12000,12000,MLP_IN,v,residual,2048,256-512,1.258291e+07,0.005495582,0.005621107,0.0003247261,0.005751674,0.005883454,0.002113115,0.002144575,0.001565,0.001551,0,0,1.524e-23,4.426e-24
step12000,12000,MLP_IN,v,residual,2048,512-1024,2.516582e+07,0.00220175,0.002327275,0.000149409,0.002347662,0.002473187,0.001896756,0.001893407,0.001565,0.001551,0,0,1.524e-23,4.426e-24
step12000,12000,MLP_IN,v,residual,2048,1024-2048,5.033165e+07,0.003969258,0.004103708,0.0009341637,0.004859732,0.004994181,0.002285452,0.002331027,0.001565,0.001551,4.427774e-06,7.203647e-06,1.524e-23,4.426e-24
step12000,12000,MLP_OUT,u,residual,2048,spike,1572864,0.01129854,0.01143299,0.03576851,0.04667007,0.0467956,0.002370289,0.002411161,0.001565,0.001551,6.666638e-05,9.436834e-05,1.524e-23,4.426e-24
step12000,12000,MLP_OUT,u,residual,2048,32-64,1572864,0.002508209,0.002642659,0.004220327,0.006564504,0.006698954,0.002056303,0.002468472,0.001565,0.001551,0,0,1.524e-23,4.426e-24
step12000,12000,MLP_OUT,u,residual,2048,64-128,3145728,0.002064433,0.002198883,0.003163656,0.005131309,0.005263089,0.0019509,0.002298628,0.001565,0.001551,0,0,1.524e-23,4.426e-24
step12000,12000,MLP_OUT,u,residual,2048,128-256,6291456,0.001318834,0.001441216,0.002539953,0.003774548,0.003906328,0.001910664,0.002088002,0.001565,0.001551,0,0,1.524e-23,4.426e-24
step12000,12000,MLP_OUT,u,residual,2048,256-512,1.258291e+07,0.0010815,0.001207026,0.0009022554,0.001822358,0.001956808,0.001851309,0.001925957,0.001565,0.001551,0,0,1.524e-23,4.426e-24
step12000,12000,MLP_OUT,u,residual,2048,512-1024,2.516582e+07,0.0003074706,0.0004393537,0.0004390875,0.000662996,0.0007885215,0.001791682,0.001804675,0.001565,0.001551,0,0,1.524e-23,4.426e-24
step12000,12000,MLP_OUT,u,residual,2048,1024-2048,5.033165e+07,0.0007572508,0.0008619111,0.001419226,0.001695399,0.001827179,0.001874577,0.001930123,0.001565,0.001551,6.584894e-07,2.355803e-07,1.524e-23,4.426e-24
step12000,12000,MLP_OUT,v,hidden,8192,spike,6291456,0.0222561,0.02228971,0.009848118,0.01254701,0.01257997,0.004622777,0.002937816,0.001565,0.001562,2.163932e-05,3.285635e-05,1.524e-23,1.127e-23
step12000,12000,MLP_OUT,v,hidden,8192,32-64,6291456,0.009760108,0.009793713,0.001825174,0.00812249,0.008156095,0.003197034,0.002886386,0.001565,0.001562,5.426861e-06,4.314241e-07,1.524e-23,1.127e-23
step12000,12000,MLP_OUT,v,hidden,8192,64-128,1.258291e+07,0.006377743,0.006411348,0.0003486474,0.006435678,0.006469283,0.002651294,0.002645947,0.001565,0.001562,4.541306e-07,4.541306e-08,1.524e-23,1.127e-23
step12000,12000,MLP_OUT,v,hidden,8192,128-256,2.516582e+07,0.003975477,0.004009082,0.0007352034,0.004670904,0.004704509,0.00224575,0.002397219,0.001565,0.001562,2.270653e-08,2.270653e-08,1.524e-23,1.127e-23
step12000,12000,MLP_OUT,v,hidden,8192,256-512,5.033165e+07,0.003031656,0.003064594,0.0003272295,0.003017332,0.003050937,0.002060697,0.00213138,0.001565,0.001562,0,0,1.524e-23,1.127e-23
step12000,12000,MLP_OUT,v,hidden,8192,512-1024,1.006633e+08,0.002216274,0.002249213,0.0008528431,0.001368428,0.001401366,0.001944319,0.001921343,0.001565,0.001562,0,0,1.524e-23,1.127e-23
step12000,12000,MLP_OUT,v,hidden,8192,1024-2048,2.013266e+08,0.001062562,0.0010955,0.0008567025,0.0002206673,0.000247535,0.001844735,0.00179422,0.001565,0.001562,4.967054e-09,0,1.524e-23,1.127e-23
step16000,16000,Q,u,head,2048,spike,1572864,0.04445702,0.0445888,0.02626737,0.0702927,0.07042448,0.005819684,0.008452824,0.001565,0.001551,4.268828e-06,4.732041e-05,1.524e-23,4.426e-24
step16000,16000,Q,u,head,2048,32-64,1572864,0.03568195,0.03581373,0.01808103,0.05376298,0.05389476,0.00504085,0.007088616,0.001565,0.001551,0,0,1.524e-23,4.426e-24
step16000,16000,Q,u,head,2048,64-128,3145728,0.03113133,0.03126311,0.0118618,0.04284881,0.04298059,0.004519236,0.005653336,0.001565,0.001551,0,0,1.524e-23,4.426e-24
step16000,16000,Q,u,head,2048,128-256,6291456,0.02709967,0.02723145,0.00240008,0.02943967,0.02957145,0.003860587,0.00408797,0.001565,0.001551,0,0,1.524e-23,4.426e-24
step16000,16000,Q,u,head,2048,256-512,1.258291e+07,0.01902499,0.01915677,0.00385054,0.01517445,0.01530623,0.003180969,0.002787181,0.001565,0.001551,0,0,1.524e-23,4.426e-24
step16000,16000,Q,u,head,2048,512-1024,2.516582e+07,0.005672877,0.005804657,0.001834234,0.003838643,0.003970423,0.002193332,0.002039188,0.001565,0.001551,0,0,1.524e-23,4.426e-24
step16000,16000,Q,u,head,2048,1024-2048,5.033165e+07,0.008011248,0.008145698,0.0003438592,0.008201963,0.008336413,0.002811591,0.002765074,0.001565,0.001551,0,0,1.524e-23,4.426e-24
step16000,16000,Q,v,residual,2048,spike,1572864,0.002002511,0.002128037,0.01479467,0.01643553,0.01656731,0.001916431,0.003476188,0.001565,0.001551,0,1.725696e-06,1.524e-23,4.426e-24
step16000,16000,Q,v,residual,2048,32-64,1572864,0.005325223,0.005457003,0.007804871,0.01276593,0.01290038,0.002068928,0.00308718,0.001565,0.001551,0,0,1.524e-23,4.426e-24
step16000,16000,Q,v,residual,2048,64-128,3145728,0.004729057,0.00484613,0.005671183,0.01023506,0.01036933,0.002062253,0.002769152,0.001565,0.001551,0,0,1.524e-23,4.426e-24
step16000,16000,Q,v,residual,2048,128-256,6291456,0.003981178,0.004112958,0.003076235,0.006660348,0.006794798,0.00199293,0.002360367,0.001565,0.001551,0,0,1.524e-23,4.426e-24
step16000,16000,Q,v,residual,2048,256-512,1.258291e+07,0.002349649,0.002475174,0.001164277,0.003172382,0.003304163,0.001915251,0.00201542,0.001565,0.001551,0,0,1.524e-23,4.426e-24
step16000,16000,Q,v,residual,2048,512-1024,2.516582e+07,0.0004355412,0.0005674242,0.0002178748,0.0005874593,0.0006949466,0.001790904,0.001809001,0.001565,0.001551,0,0,1.524e-23,4.426e-24
step16000,16000,Q,v,residual,2048,1024-2048,5.033165e+07,0.0007906656,0.0009225487,0.001168052,0.001888718,0.002023168,0.001893359,0.002008589,0.001565,0.001551,0,0,1.524e-23,4.426e-24
step16000,16000,K,u,head,2048,spike,1572864,0.0560607,0.05619248,0.01422819,0.06853603,0.06866781,0.00750905,0.006549472,0.001565,0.001551,4.995437e-06,0.000171843,1.524e-23,4.426e-24
step16000,16000,K,u,head,2048,32-64,1572864,0.0487155,0.04884728,0.0008366903,0.04892022,0.049052,0.006548382,0.006654467,0.001565,0.001551,0,7.26609e-07,1.524e-23,4.426e-24
step16000,16000,K,u,head,2048,64-128,3145728,0.03715601,0.03728779,0.001484235,0.03830296,0.03843474,0.005039578,0.005206926,0.001565,0.001551,0,0,1.524e-23,4.426e-24
step16000,16000,K,u,head,2048,128-256,6291456,0.02984832,0.0299801,0.003175577,0.02667275,0.02680453,0.004134292,0.003860201,0.001565,0.001551,0,0,1.524e-23,4.426e-24
step16000,16000,K,u,head,2048,256-512,1.258291e+07,0.0191775,0.01930928,0.005217314,0.01396019,0.01409197,0.003244071,0.002726226,0.001565,0.001551,0,0,1.524e-23,4.426e-24
step16000,16000,K,u,head,2048,512-1024,2.516582e+07,0.004816914,0.004948694,0.001245101,0.003610635,0.003742416,0.002148197,0.002014484,0.001565,0.001551,0,0,1.524e-23,4.426e-24
step16000,16000,K,u,head,2048,1024-2048,5.033165e+07,0.00777875,0.0079132,0.0005251765,0.007344391,0.007478841,0.002719399,0.002662048,0.001565,0.001551,0,0,1.524e-23,4.426e-24
step16000,16000,K,v,residual,2048,spike,1572864,0.004683222,0.004817672,0.0703373,0.07447742,0.0746092,0.002209345,0.003402892,0.001565,0.001551,1.280648e-05,0.000266393,1.524e-23,4.426e-24
step16000,16000,K,v,residual,2048,32-64,1572864,0.001811251,0.001943031,0.01045863,0.01183133,0.01196578,0.001848766,0.003511338,0.001565,0.001551,0,1.362392e-06,1.524e-23,4.426e-24
step16000,16000,K,v,residual,2048,64-128,3145728,0.001427696,0.001562146,0.005307833,0.006712323,0.006846773,0.001845905,0.002650079,0.001565,0.001551,0,0,1.524e-23,4.426e-24
step16000,16000,K,v,residual,2048,128-256,6291456,0.001675652,0.001810101,0.001438777,0.002950714,0.003085164,0.001868634,0.002141226,0.001565,0.001551,0,0,1.524e-23,4.426e-24
step16000,16000,K,v,residual,2048,256-512,1.258291e+07,0.0008381665,0.0009726163,0.0006406307,0.001404649,0.001539099,0.001840251,0.001860641,0.001565,0.001551,0,0,1.524e-23,4.426e-24
step16000,16000,K,v,residual,2048,512-1024,2.516582e+07,0.0001852676,0.0003055323,0.0004881223,0.0006196833,0.0007452088,0.001776037,0.001794758,0.001565,0.001551,0,0,1.524e-23,4.426e-24
step16000,16000,K,v,residual,2048,1024-2048,5.033165e+07,0.0002761302,0.0003985126,0.001307746,0.00149768,0.001623205,0.001804193,0.001863238,0.001565,0.001551,0,0,1.524e-23,4.426e-24
step16000,16000,V,u,head,2048,spike,1572864,0.0602664,0.06039818,0.02406883,0.03752459,0.03765904,0.007475626,0.005786896,0.001565,0.001551,7.356916e-06,6.448655e-06,1.524e-23,4.426e-24
step16000,16000,V,u,head,2048,32-64,1572864,0.03671001,0.03684179,0.007558823,0.02952771,0.02966216,0.005378905,0.004981268,0.001565,0.001551,0,0,1.524e-23,4.426e-24
step16000,16000,V,u,head,2048,64-128,3145728,0.02313255,0.02326433,0.0008223852,0.02323791,0.02337236,0.004034315,0.004162743,0.001565,0.001551,0,0,1.524e-23,4.426e-24
step16000,16000,V,u,head,2048,128-256,6291456,0.01402957,0.01416135,0.0007564227,0.0147054,0.01483718,0.003157184,0.003218197,0.001565,0.001551,0,0,1.524e-23,4.426e-24
step16000,16000,V,u,head,2048,256-512,1.258291e+07,0.007286295,0.007418075,0.00115029,0.006207115,0.006341564,0.002497673,0.002321266,0.001565,0.001551,0,0,1.524e-23,4.426e-24
step16000,16000,V,u,head,2048,512-1024,2.516582e+07,0.001679802,0.001811583,0.0008484125,0.0008496504,0.0009841001,0.001955066,0.00185627,0.001565,0.001551,0,0,1.524e-23,4.426e-24
step16000,16000,V,u,head,2048,1024-2048,5.033165e+07,0.002899772,0.003034222,0.0008315841,0.003669685,0.003804135,0.002087849,0.002173165,0.001565,0.001551,0,0,1.524e-23,4.426e-24
step16000,16000,V,v,residual,2048,spike,1572864,0.01906385,0.01919564,0.006854375,0.02589015,0.02601567,0.003025782,0.003685815,0.001565,0.001551,0,0,1.524e-23,4.426e-24
step16000,16000,V,v,residual,2048,32-64,1572864,0.01842807,0.01855985,0.004713058,0.02312969,0.02326147,0.002957208,0.003478186,0.001565,0.001551,0,0,1.524e-23,4.426e-24
step16000,16000,V,v,residual,2048,64-128,3145728,0.01573955,0.01586508,0.004057884,0.01957343,0.01970522,0.002689452,0.003079369,0.001565,0.001551,0,0,1.524e-23,4.426e-24
step16000,16000,V,v,residual,2048,128-256,6291456,0.01211496,0.01224048,0.002750874,0.01482895,0.01495448,0.002516451,0.002724806,0.001565,0.001551,0,0,1.524e-23,4.426e-24
step16000,16000,V,v,residual,2048,256-512,1.258291e+07,0.006761743,0.006887269,0.002131065,0.0088535,0.00898528,0.002167611,0.002312989,0.001565,0.001551,0,0,1.524e-23,4.426e-24
step16000,16000,V,v,residual,2048,512-1024,2.516582e+07,0.00147361,0.00160539,0.0008249283,0.00219445,0.0023289,0.001869667,0.001915375,0.001565,0.001551,0,0,1.524e-23,4.426e-24
step16000,16000,V,v,residual,2048,1024-2048,5.033165e+07,0.00272517,0.00285962,0.001525482,0.004241119,0.004373002,0.00215934,0.002379153,0.001565,0.001551,5.534717e-07,0,1.524e-23,4.426e-24
step16000,16000,O,u,residual,2048,spike,1572864,0.007848571,0.007980454,0.01122856,0.01903539,0.01916983,0.002155304,0.002256212,0.001565,0.001551,4.341489e-05,5.131676e-05,1.524e-23,4.426e-24
step16000,16000,O,u,residual,2048,32-64,1572864,0.001323284,0.001445667,0.002350489,0.003250168,0.003384618,0.001868112,0.002192179,0.001565,0.001551,0,0,1.524e-23,4.426e-24
step16000,16000,O,u,residual,2048,64-128,3145728,0.0008510411,0.0009854909,0.001690547,0.002420471,0.002554921,0.001857213,0.002000128,0.001565,0.001551,0,0,1.524e-23,4.426e-24
step16000,16000,O,u,residual,2048,128-256,6291456,0.0004432933,0.000554033,0.0009765625,0.001322792,0.001457242,0.001793453,0.001896268,0.001565,0.001551,0,0,1.524e-23,4.426e-24
step16000,16000,O,u,residual,2048,256-512,1.258291e+07,0.0002487938,0.0003271437,0.000368913,0.0003902731,0.0005126555,0.001778796,0.001810301,0.001565,0.001551,0,0,1.524e-23,4.426e-24
step16000,16000,O,u,residual,2048,512-1024,2.516582e+07,0.0001528303,0.0002381684,0.0001214743,7.630557e-05,0.0001966076,0.001769736,0.001761851,0.001565,0.001551,0,0,1.524e-23,4.426e-24
step16000,16000,O,u,residual,2048,1024-2048,5.033165e+07,0.0001248817,0.0002567648,0.0003300707,0.0004188066,0.0005505869,0.001783811,0.001798482,0.001565,0.001551,0,0,1.524e-23,4.426e-24
step16000,16000,O,v,head,2048,spike,1572864,0.06749716,0.06762894,0.02542496,0.04215358,0.04228536,0.008591425,0.006291889,0.001565,0.001551,3.905523e-06,3.633045e-07,1.524e-23,4.426e-24
step16000,16000,O,v,head,2048,32-64,1572864,0.03511229,0.03524407,0.001079559,0.0356864,0.03581818,0.005427497,0.005479994,0.001565,0.001551,0,0,1.524e-23,4.426e-24
step16000,16000,O,v,head,2048,64-128,3145728,0.025724,0.02585578,0.002474149,0.02805573,0.02818751,0.004311562,0.004513513,0.001565,0.001551,0,0,1.524e-23,4.426e-24
step16000,16000,O,v,head,2048,128-256,6291456,0.01938159,0.01951337,0.0009648005,0.01881018,0.01894196,0.003530548,0.003403686,0.001565,0.001551,0,0,1.524e-23,4.426e-24
step16000,16000,O,v,head,2048,256-512,1.258291e+07,0.01389208,0.01402386,0.004937728,0.009000445,0.009132225,0.002930573,0.002435048,0.001565,0.001551,0,0,1.524e-23,4.426e-24
step16000,16000,O,v,head,2048,512-1024,2.516582e+07,0.005276029,0.005407809,0.002653917,0.002782369,0.002914149,0.002178913,0.001910987,0.001565,0.001551,0,0,1.524e-23,4.426e-24
step16000,16000,O,v,head,2048,1024-2048,5.033165e+07,0.007377372,0.007511822,0.001977126,0.005400246,0.005534696,0.002680719,0.002430195,0.001565,0.001551,4.683222e-07,1.135327e-08,1.524e-23,4.426e-24
step16000,16000,MLP_IN,u,hidden,8192,spike,6291456,0.01000439,0.01002403,0.009768486,0.01045057,0.01048417,0.00301075,0.002358028,0.001565,0.001562,8.469536e-06,1.219341e-05,1.524e-23,1.127e-23
step16000,16000,MLP_IN,u,hidden,8192,32-64,6291456,0.003399736,0.003433341,0.001221021,0.004551456,0.004585061,0.002154487,0.002298832,0.001565,0.001562,0,0,1.524e-23,1.127e-23
step16000,16000,MLP_IN,u,hidden,8192,64-128,1.258291e+07,0.002474054,0.002506993,0.001260281,0.003734335,0.003767273,0.002026683,0.00221341,0.001565,0.001562,0,4.541306e-08,1.524e-23,1.127e-23
step16000,16000,MLP_IN,u,hidden,8192,128-256,2.516582e+07,0.002207683,0.002241288,0.0008260012,0.002926991,0.002960596,0.002030469,0.002118105,0.001565,0.001562,2.270653e-08,0,1.524e-23,1.127e-23
step16000,16000,MLP_IN,u,hidden,8192,256-512,5.033165e+07,0.002138819,0.002172424,0.0002827446,0.00193523,0.001968835,0.002018213,0.001984148,0.001565,0.001562,0,0,1.524e-23,1.127e-23
step16000,16000,MLP_IN,u,hidden,8192,512-1024,1.006633e+08,0.00134724,0.001380845,0.0004154841,0.000941213,0.000974818,0.001910428,0.001876066,0.001565,0.001562,0,0,1.524e-23,1.127e-23
step16000,16000,MLP_IN,u,hidden,8192,1024-2048,2.013266e+08,0.0003827563,0.0004157189,0.0001673947,0.000217702,0.000251307,0.001813626,0.001788068,0.001565,0.001562,9.721234e-08,0,1.524e-23,1.127e-23
step16000,16000,MLP_IN,v,residual,2048,spike,1572864,0.000936043,0.001033572,0.01283391,0.01344215,0.01356768,0.001854306,0.002687908,0.001565,0.001551,0,0,1.524e-23,4.426e-24
step16000,16000,MLP_IN,v,residual,2048,32-64,1572864,0.005721315,0.005853096,0.005085627,0.01065361,0.01077913,0.002103896,0.002564476,0.001565,0.001551,0,0,1.524e-23,4.426e-24
step16000,16000,MLP_IN,v,residual,2048,64-128,3145728,0.006294791,0.006426572,0.004091263,0.01038605,0.01051783,0.002202897,0.002503577,0.001565,0.001551,0,0,1.524e-23,4.426e-24
step16000,16000,MLP_IN,v,residual,2048,128-256,6291456,0.006563141,0.006688666,0.001471043,0.008007114,0.008138894,0.002214477,0.002306757,0.001565,0.001551,0,0,1.524e-23,4.426e-24
step16000,16000,MLP_IN,v,residual,2048,256-512,1.258291e+07,0.005180313,0.005305838,0.0002382596,0.005313748,0.005439273,0.00208136,0.002084777,0.001565,0.001551,0,0,1.524e-23,4.426e-24
step16000,16000,MLP_IN,v,residual,2048,512-1024,2.516582e+07,0.002335184,0.00246071,0.0003457467,0.002142781,0.002268306,0.001889308,0.001865898,0.001565,0.001551,0,0,1.524e-23,4.426e-24
step16000,16000,MLP_IN,v,residual,2048,1024-2048,5.033165e+07,0.004374033,0.004508483,0.0004978379,0.004871871,0.005006321,0.002229523,0.00224313,0.001565,0.001551,1.173076e-05,8.534817e-06,1.524e-23,4.426e-24
step16000,16000,MLP_OUT,u,residual,2048,spike,1572864,0.01321034,0.01334479,0.03590329,0.04850812,0.04863365,0.002334413,0.002318791,0.001565,0.001551,7.774716e-05,8.592151e-05,1.524e-23,4.426e-24
step16000,16000,MLP_OUT,u,residual,2048,32-64,1572864,0.002762907,0.002888433,0.003205617,0.005916501,0.006048281,0.002062661,0.002361207,0.001565,0.001551,0,0,1.524e-23,4.426e-24
step16000,16000,MLP_OUT,u,residual,2048,64-128,3145728,0.002073719,0.002199244,0.002285322,0.004249368,0.004374893,0.001967203,0.002183687,0.001565,0.001551,0,0,1.524e-23,4.426e-24
step16000,16000,MLP_OUT,u,residual,2048,128-256,6291456,0.001439299,0.001573749,0.00166146,0.003063089,0.003197538,0.001888502,0.002040522,0.001565,0.001551,0,0,1.524e-23,4.426e-24
step16000,16000,MLP_OUT,u,residual,2048,256-512,1.258291e+07,0.0009027963,0.001034577,0.001021624,0.001814001,0.001940408,0.001850889,0.001906452,0.001565,0.001551,0,0,1.524e-23,4.426e-24
step16000,16000,MLP_OUT,u,residual,2048,512-1024,2.516582e+07,0.0003873751,0.0005191554,0.0004490217,0.0007075428,0.0008181276,0.001789882,0.001798528,0.001565,0.001551,0,0,1.524e-23,4.426e-24
step16000,16000,MLP_OUT,u,residual,2048,1024-2048,5.033165e+07,0.0006933745,0.0007980348,0.00129662,0.001489375,0.0016149,0.001855765,0.001907735,0.001565,0.001551,8.96908e-07,3.264064e-07,1.524e-23,4.426e-24
step16000,16000,MLP_OUT,v,hidden,8192,spike,6291456,0.02564006,0.02567366,0.00886027,0.01706933,0.01710229,0.005033039,0.003274736,0.001565,0.001562,3.206162e-05,5.024955e-05,1.524e-23,1.127e-23
step16000,16000,MLP_OUT,v,hidden,8192,32-64,6291456,0.012681,0.01271396,0.002683004,0.01012579,0.01015875,0.003575552,0.003202211,0.001565,0.001562,8.673895e-06,1.952762e-06,1.524e-23,1.127e-23
step16000,16000,MLP_OUT,v,hidden,8192,64-128,1.258291e+07,0.00814816,0.008181765,0.0005458991,0.007712887,0.007746492,0.00293743,0.002893368,0.001565,0.001562,9.309678e-07,9.082613e-08,1.524e-23,1.127e-23
step16000,16000,MLP_OUT,v,hidden,8192,128-256,2.516582e+07,0.004963285,0.00499689,0.0007595619,0.005553172,0.005586777,0.002416685,0.002549609,0.001565,0.001562,1.816523e-07,0,1.524e-23,1.127e-23
step16000,16000,MLP_OUT,v,hidden,8192,256-512,5.033165e+07,0.003284201,0.003317139,0.0004334251,0.003387398,0.003421003,0.002103973,0.002199644,0.001565,0.001562,0,0,1.524e-23,1.127e-23
step16000,16000,MLP_OUT,v,hidden,8192,512-1024,1.006633e+08,0.002306527,0.002340132,0.0008012752,0.001505252,0.001538857,0.001955877,0.001935134,0.001565,0.001562,0,0,1.524e-23,1.127e-23
step16000,16000,MLP_OUT,v,hidden,8192,1024-2048,2.013266e+08,0.001043627,0.001076566,0.0007894735,0.0002541537,0.0002870922,0.001848112,0.001801675,0.001565,0.001562,4.825138e-08,0,1.524e-23,1.127e-23
step24000,24000,Q,u,head,2048,spike,1572864,0.04983119,0.04995671,0.03119024,0.08096368,0.08109546,0.006209691,0.009098598,0.001565,0.001551,7.084438e-06,4.750206e-05,1.524e-23,4.426e-24
step24000,24000,Q,u,head,2048,32-64,1572864,0.03706859,0.03720037,0.0248909,0.06195949,0.06209127,0.005254473,0.007852009,0.001565,0.001551,0,3.633045e-07,1.524e-23,4.426e-24
step24000,24000,Q,u,head,2048,64-128,3145728,0.03418214,0.03431392,0.01573213,0.0498882,0.05001998,0.004696846,0.006223497,0.001565,0.001551,0,0,1.524e-23,4.426e-24
step24000,24000,Q,u,head,2048,128-256,6291456,0.03125467,0.03138645,0.003944397,0.03504871,0.03518049,0.004150663,0.004515421,0.001565,0.001551,0,0,1.524e-23,4.426e-24
step24000,24000,Q,u,head,2048,256-512,1.258291e+07,0.02427306,0.02440484,0.005671342,0.01860172,0.0187335,0.003486054,0.002984353,0.001565,0.001551,0,0,1.524e-23,4.426e-24
step24000,24000,Q,u,head,2048,512-1024,2.516582e+07,0.009622161,0.009753941,0.004435976,0.005186185,0.005317965,0.002420863,0.002123776,0.001565,0.001551,0,0,1.524e-23,4.426e-24
step24000,24000,Q,u,head,2048,1024-2048,5.033165e+07,0.01225122,0.01238567,0.00222677,0.01013256,0.01026701,0.003351325,0.00298493,0.001565,0.001551,0,0,1.524e-23,4.426e-24
step24000,24000,Q,v,residual,2048,spike,1572864,0.001544988,0.001652475,0.01111857,0.01254072,0.0126725,0.001937503,0.003158751,0.001565,0.001551,0,1.362392e-06,1.524e-23,4.426e-24
step24000,24000,Q,v,residual,2048,32-64,1572864,0.003607973,0.003739753,0.007118225,0.01065308,0.01078486,0.001969655,0.00289263,0.001565,0.001551,0,0,1.524e-23,4.426e-24
step24000,24000,Q,v,residual,2048,64-128,3145728,0.003576392,0.003701917,0.005014102,0.008396372,0.008528152,0.00198505,0.002555438,0.001565,0.001551,0,0,1.524e-23,4.426e-24
step24000,24000,Q,v,residual,2048,128-256,6291456,0.003377343,0.003509123,0.002324263,0.005371207,0.005496732,0.001931667,0.002251512,0.001565,0.001551,0,0,1.524e-23,4.426e-24
step24000,24000,Q,v,residual,2048,256-512,1.258291e+07,0.002366249,0.002483322,0.0005847613,0.002802338,0.002936788,0.001904136,0.00197095,0.001565,0.001551,0,0,1.524e-23,4.426e-24
step24000,24000,Q,v,residual,2048,512-1024,2.516582e+07,0.0006655912,0.000800041,0.0002408425,0.0005006112,0.0006072908,0.001802921,0.001813253,0.001565,0.001551,0,0,1.524e-23,4.426e-24
step24000,24000,Q,v,residual,2048,1024-2048,5.033165e+07,0.000944084,0.001078534,0.0005319317,0.001450306,0.001584756,0.001913894,0.001975096,0.001565,0.001551,0,0,1.524e-23,4.426e-24
step24000,24000,K,u,head,2048,spike,1572864,0.05930446,0.05943624,0.01955605,0.07833662,0.0784684,0.007602782,0.006934302,0.001565,0.001551,9.264265e-06,0.0002043588,1.524e-23,4.426e-24
step24000,24000,K,u,head,2048,32-64,1572864,0.0501085,0.05024028,0.006110509,0.05543,0.05556178,0.006639662,0.006790979,0.001565,0.001551,3.633045e-07,0,1.524e-23,4.426e-24
step24000,24000,K,u,head,2048,64-128,3145728,0.03878997,0.03892175,0.005560875,0.04419878,0.04432431,0.005074229,0.005414372,0.001565,0.001551,0,0,1.524e-23,4.426e-24
step24000,24000,K,u,head,2048,128-256,6291456,0.03445664,0.03458842,0.002862771,0.03173378,0.03186409,0.004364195,0.004056295,0.001565,0.001551,0,0,1.524e-23,4.426e-24
step24000,24000,K,u,head,2048,256-512,1.258291e+07,0.02547612,0.0256079,0.00752449,0.01795163,0.01808341,0.003546317,0.002888577,0.001565,0.001551,0,0,1.524e-23,4.426e-24
step24000,24000,K,u,head,2048,512-1024,2.516582e+07,0.009090368,0.009222149,0.003785332,0.005305036,0.005436817,0.002388903,0.002104498,0.001565,0.001551,0,0,1.524e-23,4.426e-24
step24000,24000,K,u,head,2048,1024-2048,5.033165e+07,0.0119207,0.01205515,0.002571841,0.009348855,0.009483305,0.003279865,0.002954205,0.001565,0.001551,1.135327e-08,0,1.524e-23,4.426e-24
step24000,24000,K,v,residual,2048,spike,1572864,0.005421152,0.005553035,0.05871964,0.06338353,0.06350906,0.002240499,0.002983911,0.001565,0.001551,2.497718e-05,0.0002043588,1.524e-23,4.426e-24
step24000,24000,K,v,residual,2048,32-64,1572864,0.001137956,0.001269737,0.007727305,0.008673396,0.008807846,0.0018514,0.002927508,0.001565,0.001551,0,0,1.524e-23,4.426e-24
step24000,24000,K,v,residual,2048,64-128,3145728,0.001627081,0.001752607,0.002917608,0.004334178,0.004468627,0.001877512,0.002398854,0.001565,0.001551,0,0,1.524e-23,4.426e-24
step24000,24000,K,v,residual,2048,128-256,6291456,0.001713022,0.001844802,0.0009330114,0.00241459,0.00254904,0.001855873,0.002019655,0.001565,0.001551,0,0,1.524e-23,4.426e-24
step24000,24000,K,v,residual,2048,256-512,1.258291e+07,0.001207734,0.001339514,0.0002847513,0.001100883,0.001217956,0.001831577,0.001854249,0.001565,0.001551,0,0,1.524e-23,4.426e-24
step24000,24000,K,v,residual,2048,512-1024,2.516582e+07,0.0002729432,0.0003984687,0.0004539887,0.0006262578,0.000723787,0.001788344,0.001795434,0.001565,0.001551,0,0,1.524e-23,4.426e-24
step24000,24000,K,v,residual,2048,1024-2048,5.033165e+07,0.0003544152,0.000488865,0.0009045005,0.001177523,0.001303049,0.001817925,0.001841608,0.001565,0.001551,0,0,1.524e-23,4.426e-24
step24000,24000,V,u,head,2048,spike,1572864,0.05975714,0.05988892,0.02308718,0.03716601,0.03730046,0.007409323,0.00581378,0.001565,0.001551,8.991786e-06,6.176177e-06,1.524e-23,4.426e-24
step24000,24000,V,u,head,2048,32-64,1572864,0.03544544,0.03557722,0.00650533,0.02972353,0.02985798,0.005215327,0.004859652,0.001565,0.001551,0,0,1.524e-23,4.426e-24
step24000,24000,V,u,head,2048,64-128,3145728,0.02255112,0.0226829,0.001163165,0.02301016,0.02314194,0.00392387,0.004131544,0.001565,0.001551,0,0,1.524e-23,4.426e-24
step24000,24000,V,u,head,2048,128-256,6291456,0.01498291,0.01511735,0.0002671878,0.01484687,0.01497865,0.003211612,0.003143856,0.001565,0.001551,0,0,1.524e-23,4.426e-24
step24000,24000,V,u,head,2048,256-512,1.258291e+07,0.009355909,0.009490358,0.00295647,0.00650905,0.006640831,0.00267072,0.002320097,0.001565,0.001551,0,0,1.524e-23,4.426e-24
step24000,24000,V,u,head,2048,512-1024,2.516582e+07,0.002778179,0.002912628,0.001918793,0.0008988441,0.001033294,0.002057263,0.001854522,0.001565,0.001551,0,0,1.524e-23,4.426e-24
step24000,24000,V,u,head,2048,1024-2048,5.033165e+07,0.003847168,0.003981618,0.0001928012,0.003789073,0.003923523,0.002218261,0.002186528,0.001565,0.001551,0,0,1.524e-23,4.426e-24
step24000,24000,V,v,residual,2048,spike,1572864,0.01690728,0.01703906,0.007739385,0.02464592,0.02477144,0.002794811,0.003520602,0.001565,0.001551,0,0,1.524e-23,4.426e-24
step24000,24000,V,v,residual,2048,32-64,1572864,0.01549128,0.01561681,0.005502065,0.02099335,0.02111887,0.00270571,0.003181548,0.001565,0.001551,0,0,1.524e-23,4.426e-24
step24000,24000,V,v,residual,2048,64-128,3145728,0.01429156,0.01441708,0.004451434,0.01856211,0.01868764,0.002622423,0.003011431,0.001565,0.001551,0,0,1.524e-23,4.426e-24
step24000,24000,V,v,residual,2048,128-256,6291456,0.01113871,0.01126424,0.003247102,0.01438581,0.01451134,0.002381961,0.002662477,0.001565,0.001551,0,0,1.524e-23,4.426e-24
step24000,24000,V,v,residual,2048,256-512,1.258291e+07,0.007125888,0.007251413,0.001869122,0.00899501,0.009120536,0.002163876,0.00224571,0.001565,0.001551,0,0,1.524e-23,4.426e-24
step24000,24000,V,v,residual,2048,512-1024,2.516582e+07,0.002400034,0.00252556,0.0008038282,0.003127211,0.003252736,0.001903193,0.001924787,0.001565,0.001551,0,0,1.524e-23,4.426e-24
step24000,24000,V,v,residual,2048,1024-2048,5.033165e+07,0.003403133,0.003537583,0.001053472,0.004412582,0.004544465,0.002270415,0.002435151,0.001565,0.001551,7.748604e-07,6.244296e-08,1.524e-23,4.426e-24
step24000,24000,O,u,residual,2048,spike,1572864,0.01042357,0.01055535,0.01142947,0.02178832,0.02192277,0.002164023,0.002178919,0.001565,0.001551,4.895528e-05,4.959106e-05,1.524e-23,4.426e-24
step24000,24000,O,u,residual,2048,32-64,1572864,0.001580387,0.001712271,0.001906077,0.002911791,0.003043571,0.001921881,0.002092725,0.001565,0.001551,0,0,1.524e-23,4.426e-24
step24000,24000,O,u,residual,2048,64-128,3145728,0.0006594559,0.000791339,0.001771927,0.001912221,0.002035848,0.001853353,0.001978602,0.001565,0.001551,0,0,1.524e-23,4.426e-24
step24000,24000,O,u,residual,2048,128-256,6291456,0.0003976723,0.0005295554,0.001262506,0.001505103,0.001639553,0.001820632,0.001904556,0.001565,0.001551,0,0,1.524e-23,4.426e-24
step24000,24000,O,u,residual,2048,256-512,1.258291e+07,0.0002257364,0.0003512618,0.0003012021,0.0003538489,0.0004613361,0.001782361,0.001800004,0.001565,0.001551,0,0,1.524e-23,4.426e-24
step24000,24000,O,u,residual,2048,512-1024,2.516582e+07,9.525898e-05,0.0001753531,0.0001734893,0.000170128,0.0002578379,0.001770968,0.001768101,0.001565,0.001551,0,0,1.524e-23,4.426e-24
step24000,24000,O,u,residual,2048,1024-2048,5.033165e+07,0.0001054522,0.0002029814,0.0003210902,0.0003749447,0.0004964261,0.001778378,0.001794781,0.001565,0.001551,0,0,1.524e-23,4.426e-24
step24000,24000,O,v,head,2048,spike,1572864,0.0623168,0.06244858,0.02713013,0.03518667,0.03531845,0.0082501,0.005447569,0.001565,0.001551,5.358741e-06,0,1.524e-23,4.426e-24
step24000,24000,O,v,head,2048,32-64,1572864,0.0304094,0.03054118,0.001557668,0.02918425,0.02931603,0.004963103,0.004788172,0.001565,0.001551,0,0,1.524e-23,4.426e-24
step24000,24000,O,v,head,2048,64-128,3145728,0.02121153,0.02134331,0.001595497,0.02264522,0.022777,0.00387714,0.003997303,0.001565,0.001551,0,0,1.524e-23,4.426e-24
step24000,24000,O,v,head,2048,128-256,6291456,0.01667951,0.01681129,0.001542886,0.01519416,0.01532594,0.003249804,0.003094787,0.001565,0.001551,0,0,1.524e-23,4.426e-24
step24000,24000,O,v,head,2048,256-512,1.258291e+07,0.01260963,0.01274141,0.005223989,0.007469003,0.007600783,0.002840542,0.002300047,0.001565,0.001551,0,0,1.524e-23,4.426e-24
step24000,24000,O,v,head,2048,512-1024,2.516582e+07,0.005049531,0.005181311,0.00316147,0.001989875,0.0021154,0.002169836,0.001893719,0.001565,0.001551,0,0,1.524e-23,4.426e-24
step24000,24000,O,v,head,2048,1024-2048,5.033165e+07,0.006642983,0.006777433,0.00233833,0.004304653,0.004439103,0.002589896,0.002308928,0.001565,0.001551,1.308464e-06,0,1.524e-23,4.426e-24
step24000,24000,MLP_IN,u,hidden,8192,spike,6291456,0.0103129,0.01033255,0.01233196,0.01495002,0.01498296,0.003141676,0.002548195,0.001565,0.001562,9.218852e-06,1.489548e-05,1.524e-23,1.127e-23
step24000,24000,MLP_IN,u,hidden,8192,32-64,6291456,0.004276957,0.004310562,0.001556396,0.005692528,0.005726133,0.002238909,0.002501556,0.001565,0.001562,0,9.082613e-08,1.524e-23,1.127e-23
step24000,24000,MLP_IN,u,hidden,8192,64-128,1.258291e+07,0.003002769,0.003036374,0.001956145,0.004942542,0.004976147,0.002111446,0.002373003,0.001565,0.001562,0,0,1.524e-23,1.127e-23
step24000,24000,MLP_IN,u,hidden,8192,128-256,2.516582e+07,0.002970185,0.00300379,0.0007591248,0.003518428,0.003552033,0.002105622,0.002209879,0.001565,0.001562,0,0,1.524e-23,1.127e-23
step24000,24000,MLP_IN,u,hidden,8192,256-512,5.033165e+07,0.002836571,0.002870176,0.0004241864,0.002440657,0.002474262,0.002101856,0.002045844,0.001565,0.001562,1.135327e-08,0,1.524e-23,1.127e-23
step24000,24000,MLP_IN,u,hidden,8192,512-1024,1.006633e+08,0.001835134,0.001868739,0.0005974372,0.00124161,0.001275215,0.001974876,0.001899583,0.001565,0.001562,0,0,1.524e-23,1.127e-23
step24000,24000,MLP_IN,u,hidden,8192,1024-2048,2.013266e+08,0.0005693238,0.0006022864,0.0003242393,0.0002671616,0.0002985373,0.001842732,0.001792619,0.001565,0.001562,1.610745e-07,0,1.524e-23,1.127e-23
step24000,24000,MLP_IN,v,residual,2048,spike,1572864,0.000796169,0.0006642859,0.01060931,0.01028115,0.01041293,0.001747404,0.002574194,0.001565,0.001551,0,0,1.524e-23,4.426e-24
step24000,24000,MLP_IN,v,residual,2048,32-64,1572864,0.004650547,0.004776072,0.004903793,0.009540989,0.009666514,0.002068747,0.002431143,0.001565,0.001551,0,0,1.524e-23,4.426e-24
step24000,24000,MLP_IN,v,residual,2048,64-128,3145728,0.005288665,0.005420445,0.002949715,0.008159543,0.008291323,0.002162843,0.002311434,0.001565,0.001551,0,0,1.524e-23,4.426e-24
step24000,24000,MLP_IN,v,residual,2048,128-256,6291456,0.005965028,0.006090553,0.000409921,0.006359323,0.006491104,0.002170154,0.002198514,0.001565,0.001551,0,0,1.524e-23,4.426e-24
step24000,24000,MLP_IN,v,residual,2048,256-512,1.258291e+07,0.004748537,0.004874062,0.00076437,0.004040862,0.004172642,0.002062048,0.002015273,0.001565,0.001551,0,0,1.524e-23,4.426e-24
step24000,24000,MLP_IN,v,residual,2048,512-1024,2.516582e+07,0.002387032,0.002504105,0.0005736351,0.001813396,0.001930469,0.001881054,0.001838497,0.001565,0.001551,0,0,1.524e-23,4.426e-24
step24000,24000,MLP_IN,v,residual,2048,1024-2048,5.033165e+07,0.004833963,0.004968412,0.0003817479,0.004522427,0.004654208,0.002155463,0.002111832,0.001565,0.001551,1.503456e-05,8.710793e-06,1.524e-23,4.426e-24
step24000,24000,MLP_OUT,u,residual,2048,spike,1572864,0.0154305,0.01556495,0.03449186,0.04862573,0.04874281,0.002350126,0.002131508,0.001565,0.001551,8.910043e-05,7.89279e-05,1.524e-23,4.426e-24
step24000,24000,MLP_OUT,u,residual,2048,32-64,1572864,0.002361839,0.002493619,0.002358119,0.004594213,0.004728663,0.002111072,0.00226375,0.001565,0.001551,0,0,1.524e-23,4.426e-24
step24000,24000,MLP_OUT,u,residual,2048,64-128,3145728,0.001600311,0.001734761,0.002386093,0.003986404,0.004120854,0.001927285,0.002128465,0.001565,0.001551,0,0,1.524e-23,4.426e-24
step24000,24000,MLP_OUT,u,residual,2048,128-256,6291456,0.001469676,0.001601457,0.001574834,0.002918925,0.003053375,0.001907598,0.001994451,0.001565,0.001551,0,0,1.524e-23,4.426e-24
step24000,24000,MLP_OUT,u,residual,2048,256-512,1.258291e+07,0.0007806282,0.0009150779,0.0008299351,0.001525029,0.001642102,0.001856565,0.001879476,0.001565,0.001551,0,0,1.524e-23,4.426e-24
step24000,24000,MLP_OUT,u,residual,2048,512-1024,2.516582e+07,0.0004276372,0.0005531626,0.000514547,0.0007111986,0.0008186859,0.001799754,0.001788361,0.001565,0.001551,0,0,1.524e-23,4.426e-24
step24000,24000,MLP_OUT,u,residual,2048,1024-2048,5.033165e+07,0.0007776356,0.0008822959,0.00105389,0.001278672,0.001404198,0.001845243,0.00190088,0.001565,0.001551,1.60081e-06,4.910287e-07,1.524e-23,4.426e-24
step24000,24000,MLP_OUT,v,hidden,8192,spike,6291456,0.03179761,0.03183122,0.007516225,0.02492745,0.02496041,0.005629721,0.003766559,0.001565,0.001562,4.802431e-05,9.684336e-05,1.524e-23,1.127e-23
step24000,24000,MLP_OUT,v,hidden,8192,32-64,6291456,0.01729456,0.01732752,0.00289917,0.01455672,0.01458968,0.004145214,0.003827004,0.001565,0.001562,1.628058e-05,1.010441e-05,1.524e-23,1.127e-23
step24000,24000,MLP_OUT,v,hidden,8192,64-128,1.258291e+07,0.01123809,0.01127105,0.0009562174,0.01031453,0.0103475,0.003398316,0.00335103,0.001565,0.001562,5.188442e-06,4.427774e-07,1.524e-23,1.127e-23
step24000,24000,MLP_OUT,v,hidden,8192,128-256,2.516582e+07,0.006680137,0.006713742,0.0005373557,0.007094532,0.007127495,0.002699835,0.002817194,0.001565,0.001562,3.40598e-07,0,1.524e-23,1.127e-23
step24000,24000,MLP_OUT,v,hidden,8192,256-512,5.033165e+07,0.00396298,0.003996585,0.0003974636,0.004130509,0.004164114,0.002227766,0.002319225,0.001565,0.001562,0,0,1.524e-23,1.127e-23
step24000,24000,MLP_OUT,v,hidden,8192,512-1024,1.006633e+08,0.002467418,0.002500357,0.0007993182,0.001740789,0.001774394,0.001995769,0.001975522,0.001565,0.001562,0,0,1.524e-23,1.127e-23
step24000,24000,MLP_OUT,v,hidden,8192,1024-2048,2.013266e+08,0.0010944,0.001127339,0.0008009921,0.0003247894,0.000356323,0.00185694,0.001801312,0.001565,0.001562,9.15357e-08,0,1.524e-23,1.127e-23
step32000,32000,Q,u,head,2048,spike,1572864,0.05528493,0.05541301,0.03269132,0.08787273,0.08800451,0.006760098,0.009541103,0.001565,0.001551,7.720221e-06,6.457738e-05,1.524e-23,4.426e-24
step32000,32000,Q,u,head,2048,32-64,1572864,0.0384991,0.03863088,0.03005028,0.06854938,0.06868116,0.005386443,0.008478982,0.001565,0.001551,0,3.633045e-07,1.524e-23,4.426e-24
step32000,32000,Q,u,head,2048,64-128,3145728,0.03612541,0.03625719,0.01877975,0.05449349,0.05462527,0.004907199,0.006652287,0.001565,0.001551,0,0,1.524e-23,4.426e-24
step32000,32000,Q,u,head,2048,128-256,6291456,0.03412778,0.03425956,0.004623254,0.03858609,0.03871162,0.004336244,0.004755815,0.001565,0.001551,0,0,1.524e-23,4.426e-24
step32000,32000,Q,u,head,2048,256-512,1.258291e+07,0.02763119,0.02776297,0.006730556,0.0210111,0.02114288,0.003651755,0.003127802,0.001565,0.001551,0,0,1.524e-23,4.426e-24
step32000,32000,Q,u,head,2048,512-1024,2.516582e+07,0.01218735,0.01231913,0.00597771,0.006209636,0.006341417,0.00254165,0.002163632,0.001565,0.001551,0,0,1.524e-23,4.426e-24
step32000,32000,Q,u,head,2048,1024-2048,5.033165e+07,0.01500695,0.0151414,0.003650804,0.01142226,0.01155671,0.003711709,0.003138548,0.001565,0.001551,5.392801e-08,0,1.524e-23,4.426e-24
step32000,32000,Q,v,residual,2048,spike,1572864,0.001329217,0.001454742,0.00991567,0.01098192,0.01111637,0.001876922,0.0029959,0.001565,0.001551,0,7.26609e-07,1.524e-23,4.426e-24
step32000,32000,Q,v,residual,2048,32-64,1572864,0.002762382,0.002894162,0.007034302,0.009477025,0.009611475,0.001952398,0.002784093,0.001565,0.001551,0,0,1.524e-23,4.426e-24
step32000,32000,Q,v,residual,2048,64-128,3145728,0.002568349,0.002685422,0.005066236,0.007349873,0.007481653,0.001930237,0.002542768,0.001565,0.001551,0,0,1.524e-23,4.426e-24
step32000,32000,Q,v,residual,2048,128-256,6291456,0.002615238,0.002732311,0.002396266,0.004659558,0.004791338,0.001907371,0.002231325,0.001565,0.001551,0,0,1.524e-23,4.426e-24
step32000,32000,Q,v,residual,2048,256-512,1.258291e+07,0.001991782,0.002117308,0.0006949107,0.002244518,0.002378968,0.001879408,0.001946869,0.001565,0.001551,0,0,1.524e-23,4.426e-24
step32000,32000,Q,v,residual,2048,512-1024,2.516582e+07,0.0006547218,0.0007865021,0.0003389915,0.0004409612,0.0005754109,0.001798828,0.001790898,0.001565,0.001551,0,0,1.524e-23,4.426e-24
step32000,32000,Q,v,residual,2048,1024-2048,5.033165e+07,0.0009408693,0.001072752,0.0005506674,0.001434908,0.001569358,0.00193192,0.001941882,0.001565,0.001551,0,0,1.524e-23,4.426e-24
step32000,32000,K,u,head,2048,spike,1572864,0.06319799,0.06332978,0.01908811,0.08151299,0.08164477,0.007924943,0.00704838,0.001565,0.001551,1.135327e-05,0.0002364204,1.524e-23,4.426e-24
step32000,32000,K,u,head,2048,32-64,1572864,0.05157652,0.0517083,0.007279714,0.05775315,0.05788493,0.00666473,0.006927944,0.001565,0.001551,0,6.357829e-07,1.524e-23,4.426e-24
step32000,32000,K,u,head,2048,64-128,3145728,0.04075952,0.04088504,0.006901423,0.04739105,0.04751658,0.005164646,0.005560466,0.001565,0.001551,0,0,1.524e-23,4.426e-24
step32000,32000,K,u,head,2048,128-256,6291456,0.03668542,0.03681095,0.00243028,0.03443014,0.03455567,0.004443736,0.004178365,0.001565,0.001551,0,0,1.524e-23,4.426e-24
step32000,32000,K,u,head,2048,256-512,1.258291e+07,0.02860216,0.02872768,0.008671284,0.02000009,0.02012562,0.003689868,0.002955686,0.001565,0.001551,0,0,1.524e-23,4.426e-24
step32000,32000,K,u,head,2048,512-1024,2.516582e+07,0.01202753,0.01215931,0.005446315,0.006581212,0.006712992,0.002523666,0.002144904,0.001565,0.001551,0,0,1.524e-23,4.426e-24
step32000,32000,K,u,head,2048,1024-2048,5.033165e+07,0.01484621,0.01498066,0.00432837,0.01051784,0.01065229,0.003680326,0.003127626,0.001565,0.001551,7.947286e-08,0,1.524e-23,4.426e-24
step32000,32000,K,v,residual,2048,spike,1572864,0.005868322,0.006002771,0.05281385,0.05833605,0.05846158,0.002213069,0.002826146,0.001565,0.001551,3.751119e-05,0.0001643045,1.524e-23,4.426e-24
step32000,32000,K,v,residual,2048,32-64,1572864,0.0006552782,0.0007723512,0.006233215,0.006404922,0.006539372,0.001807258,0.002670106,0.001565,0.001551,0,3.633045e-07,1.524e-23,4.426e-24
step32000,32000,K,v,residual,2048,64-128,3145728,0.001264608,0.001381431,0.002857208,0.003972277,0.004104057,0.001871427,0.002240453,0.001565,0.001551,0,0,1.524e-23,4.426e-24
step32000,32000,K,v,residual,2048,128-256,6291456,0.001562024,0.001693804,0.000989596,0.002146149,0.002277929,0.001859438,0.00201575,0.001565,0.001551,0,0,1.524e-23,4.426e-24
step32000,32000,K,v,residual,2048,256-512,1.258291e+07,0.001121885,0.001256334,0.0002469222,0.00107093,0.001196456,0.001844463,0.001827989,0.001565,0.001551,0,0,1.524e-23,4.426e-24
step32000,32000,K,v,residual,2048,512-1024,2.516582e+07,0.0003113168,0.0004341085,0.0003012816,0.000543142,0.000660215,0.00178961,0.001786652,0.001565,0.001551,0,0,1.524e-23,4.426e-24
step32000,32000,K,v,residual,2048,1024-2048,5.033165e+07,0.0004505774,0.0005850272,0.000757436,0.001081324,0.001188811,0.001841775,0.001816764,0.001565,0.001551,0,0,1.524e-23,4.426e-24
step32000,32000,V,u,head,2048,spike,1572864,0.05948566,0.05961744,0.02372615,0.03590525,0.0360397,0.007530031,0.005606969,0.001565,0.001551,7.720221e-06,3.269741e-06,1.524e-23,4.426e-24
step32000,32000,V,u,head,2048,32-64,1572864,0.03446379,0.03459557,0.006757736,0.02834756,0.02847934,0.005100523,0.004799525,0.001565,0.001551,0,0,1.524e-23,4.426e-24
step32000,32000,V,u,head,2048,64-128,3145728,0.02151035,0.02164213,0.0008230209,0.02233337,0.02246515,0.003836087,0.003980546,0.001565,0.001551,0,0,1.524e-23,4.426e-24
step32000,32000,V,u,head,2048,128-256,6291456,0.01492473,0.01505918,0.0006496112,0.01427512,0.01440957,0.003182184,0.003106662,0.001565,0.001551,0,0,1.524e-23,4.426e-24
step32000,32000,V,u,head,2048,256-512,1.258291e+07,0.01005672,0.0101885,0.003718297,0.006338422,0.006470202,0.002747797,0.002294495,0.001565,0.001551,0,0,1.524e-23,4.426e-24
step32000,32000,V,u,head,2048,512-1024,2.516582e+07,0.003389961,0.00352441,0.002324581,0.001137837,0.001269618,0.002114199,0.001845229,0.001565,0.001551,0,0,1.524e-23,4.426e-24
step32000,32000,V,u,head,2048,1024-2048,5.033165e+07,0.004464314,0.004598764,0.0008266767,0.003637638,0.003772088,0.00228791,0.002185251,0.001565,0.001551,0,0,1.524e-23,4.426e-24
step32000,32000,V,v,residual,2048,spike,1572864,0.01470227,0.0148278,0.007050832,0.02175311,0.02187863,0.002709616,0.003289541,0.001565,0.001551,0,0,1.524e-23,4.426e-24
step32000,32000,V,v,residual,2048,32-64,1572864,0.01356688,0.01369866,0.00527064,0.01869626,0.01882179,0.002614702,0.003101894,0.001565,0.001551,0,0,1.524e-23,4.426e-24
step32000,32000,V,v,residual,2048,64-128,3145728,0.0122367,0.01235377,0.00444444,0.01657783,0.01670336,0.002531506,0.002856028,0.001565,0.001551,0,0,1.524e-23,4.426e-24
step32000,32000,V,v,residual,2048,128-256,6291456,0.009951228,0.01007675,0.003163497,0.01308993,0.01321545,0.002327283,0.002562977,0.001565,0.001551,0,0,1.524e-23,4.426e-24
step32000,32000,V,v,residual,2048,256-512,1.258291e+07,0.00663418,0.006751253,0.001569271,0.008135193,0.008260719,0.002102273,0.002186151,0.001565,0.001551,0,0,1.524e-23,4.426e-24
step32000,32000,V,v,residual,2048,512-1024,2.516582e+07,0.002584681,0.002701754,0.0006723801,0.00323763,0.003354703,0.00187523,0.001896586,0.001565,0.001551,0,0,1.524e-23,4.426e-24
step32000,32000,V,v,residual,2048,1024-2048,5.033165e+07,0.00350822,0.003640103,0.0008947452,0.004345542,0.004479992,0.002285029,0.00240119,0.001565,0.001551,1.172225e-06,2.554485e-07,1.524e-23,4.426e-24
step32000,32000,O,u,residual,2048,spike,1572864,0.01172056,0.01185234,0.01171811,0.02343868,0.02357046,0.002185549,0.002111162,0.001565,0.001551,4.841032e-05,4.841032e-05,1.524e-23,4.426e-24
step32000,32000,O,u,residual,2048,32-64,1572864,0.0007818441,0.0009137272,0.001913071,0.002199219,0.002333668,0.00193387,0.002033234,0.001565,0.001551,0,0,1.524e-23,4.426e-24
step32000,32000,O,u,residual,2048,64-128,3145728,0.0006174943,0.0007493773,0.001440684,0.002012616,0.002147066,0.001829692,0.001958575,0.001565,0.001551,0,0,1.524e-23,4.426e-24
step32000,32000,O,u,residual,2048,128-256,6291456,0.0005091003,0.000609946,0.0007635752,0.00117022,0.001292602,0.00179788,0.001857985,0.001565,0.001551,0,0,1.524e-23,4.426e-24
step32000,32000,O,u,residual,2048,256-512,1.258291e+07,0.0002496088,0.0003813892,0.0004392465,0.0005403817,0.0006748315,0.001799629,0.001821836,0.001565,0.001551,0,0,1.524e-23,4.426e-24
step32000,32000,O,u,residual,2048,512-1024,2.516582e+07,0.0001856729,0.0003174533,0.0001448393,0.0001853026,0.0002828318,0.001782275,0.001774311,0.001565,0.001551,0,0,1.524e-23,4.426e-24
step32000,32000,O,u,residual,2048,1024-2048,5.033165e+07,0.0001089311,0.0002289205,0.0003436804,0.0004407326,0.0005482199,0.001782942,0.001803654,0.001565,0.001551,0,0,1.524e-23,4.426e-24
step32000,32000,O,v,head,2048,spike,1572864,0.05954733,0.05967911,0.02912013,0.0304272,0.03055898,0.007950465,0.005035945,0.001565,0.001551,6.267003e-06,7.26609e-07,1.524e-23,4.426e-24
step32000,32000,O,v,head,2048,32-64,1572864,0.02789869,0.02803047,0.002786636,0.0253047,0.02543648,0.004685992,0.004366557,0.001565,0.001551,3.633045e-07,0,1.524e-23,4.426e-24
step32000,32000,O,v,head,2048,64-128,3145728,0.01929878,0.01943056,0.001447042,0.02029473,0.02042651,0.003695397,0.003709475,0.001565,0.001551,0,0,1.524e-23,4.426e-24
step32000,32000,O,v,head,2048,128-256,6291456,0.01468188,0.01481366,0.0010403,0.01364158,0.01377336,0.003066199,0.002924942,0.001565,0.001551,0,0,1.524e-23,4.426e-24
step32000,32000,O,v,head,2048,256-512,1.258291e+07,0.01191225,0.01204403,0.005280097,0.006659016,0.006790796,0.002798852,0.002226375,0.001565,0.001551,0,0,1.524e-23,4.426e-24
step32000,32000,O,v,head,2048,512-1024,2.516582e+07,0.004801995,0.004936444,0.003196597,0.001691803,0.001823583,0.002163365,0.001872852,0.001565,0.001551,0,0,1.524e-23,4.426e-24
step32000,32000,O,v,head,2048,1024-2048,5.033165e+07,0.006258613,0.006393063,0.002669573,0.003614988,0.003749438,0.002528951,0.002231958,0.001565,0.001551,1.72002e-06,0,1.524e-23,4.426e-24
step32000,32000,MLP_IN,u,hidden,8192,spike,6291456,0.01076682,0.01079298,0.01384751,0.01765083,0.01768377,0.003224032,0.002683481,0.001565,0.001562,8.37871e-06,1.866477e-05,1.524e-23,1.127e-23
step32000,32000,MLP_IN,u,hidden,8192,32-64,6291456,0.004758086,0.004791691,0.001917203,0.006675289,0.006708894,0.002322674,0.002612,0.001565,0.001562,9.082613e-08,2.724784e-07,1.524e-23,1.127e-23
step32000,32000,MLP_IN,u,hidden,8192,64-128,1.258291e+07,0.003621544,0.003655149,0.00191474,0.005528178,0.005561783,0.002188603,0.002479122,0.001565,0.001562,0,0,1.524e-23,1.127e-23
step32000,32000,MLP_IN,u,hidden,8192,128-256,2.516582e+07,0.003340727,0.003374332,0.0008256833,0.004160172,0.004193777,0.002167424,0.002282018,0.001565,0.001562,0,0,1.524e-23,1.127e-23
step32000,32000,MLP_IN,u,hidden,8192,256-512,5.033165e+07,0.003363198,0.003396803,0.0005892515,0.002832498,0.002866103,0.002169078,0.002095623,0.001565,0.001562,1.135327e-08,0,1.524e-23,1.127e-23
step32000,32000,MLP_IN,u,hidden,8192,512-1024,1.006633e+08,0.002170936,0.002204541,0.000837028,0.001361714,0.001395319,0.002022711,0.0019157,0.001565,0.001562,0,0,1.524e-23,1.127e-23
step32000,32000,MLP_IN,u,hidden,8192,1024-2048,2.013266e+08,0.0007518143,0.0007854193,0.0004697839,0.00028797,0.0003209326,0.001867328,0.001799818,0.001565,0.001562,2.944753e-07,0,1.524e-23,1.127e-23
step32000,32000,MLP_IN,v,residual,2048,spike,1572864,0.0009010731,0.0007691901,0.009394964,0.008534019,0.008665799,0.001745496,0.002338137,0.001565,0.001551,0,0,1.524e-23,4.426e-24
step32000,32000,MLP_IN,v,residual,2048,32-64,1572864,0.00399569,0.004121216,0.004049937,0.00800303,0.008128555,0.002019791,0.002291089,0.001565,0.001551,0,0,1.524e-23,4.426e-24
step32000,32000,MLP_IN,v,residual,2048,64-128,3145728,0.005325112,0.005450638,0.001963933,0.006853645,0.006985425,0.002125468,0.00223069,0.001565,0.001551,0,0,1.524e-23,4.426e-24
step32000,32000,MLP_IN,v,residual,2048,128-256,6291456,0.005466256,0.005591782,0.0002894402,0.005573545,0.00569907,0.002098311,0.002124014,0.001565,0.001551,0,0,1.524e-23,4.426e-24
step32000,32000,MLP_IN,v,residual,2048,256-512,1.258291e+07,0.0043259,0.004451751,0.0008118153,0.003601982,0.003727507,0.002011492,0.001977886,0.001565,0.001551,0,0,1.524e-23,4.426e-24
step32000,32000,MLP_IN,v,residual,2048,512-1024,2.516582e+07,0.002462741,0.002570228,0.0007312298,0.001756693,0.001873766,0.001861646,0.001836527,0.001565,0.001551,0,0,1.524e-23,4.426e-24
step32000,32000,MLP_IN,v,residual,2048,1024-2048,5.033165e+07,0.004824028,0.004958478,0.0005943974,0.004304195,0.004435975,0.002108861,0.002053309,0.001565,0.001551,1.461733e-05,7.495994e-06,1.524e-23,4.426e-24
step32000,32000,MLP_OUT,u,residual,2048,spike,1572864,0.01645269,0.01658447,0.0326074,0.0478914,0.04800848,0.002313977,0.002076376,0.001565,0.001551,9.781974e-05,7.665725e-05,1.524e-23,4.426e-24
step32000,32000,MLP_OUT,u,residual,2048,32-64,1572864,0.002600819,0.002732702,0.002228419,0.004552887,0.004687337,0.002073833,0.002170109,0.001565,0.001551,0,6.357829e-07,1.524e-23,4.426e-24
step32000,32000,MLP_OUT,u,residual,2048,64-128,3145728,0.002084142,0.002218592,0.001418749,0.003344367,0.00347625,0.002003397,0.002099718,0.001565,0.001551,0,0,1.524e-23,4.426e-24
step32000,32000,MLP_OUT,u,residual,2048,128-256,6291456,0.001562867,0.001688393,0.001266162,0.002627596,0.002759376,0.001888025,0.001968815,0.001565,0.001551,0,0,1.524e-23,4.426e-24
step32000,32000,MLP_OUT,u,residual,2048,256-512,1.258291e+07,0.001071963,0.001198132,0.0006357829,0.001619721,0.001751501,0.001838196,0.001878364,0.001565,0.001551,0,0,1.524e-23,4.426e-24
step32000,32000,MLP_OUT,u,residual,2048,512-1024,2.516582e+07,0.000398324,0.0005327738,0.0004556576,0.0007652955,0.0008628247,0.001806049,0.001800923,0.001565,0.001551,0,0,1.524e-23,4.426e-24
step32000,32000,MLP_OUT,u,residual,2048,1024-2048,5.033165e+07,0.0008313394,0.0009359997,0.000894467,0.001354251,0.001479776,0.001851933,0.001876862,0.001565,0.001551,2.089001e-06,7.862136e-07,1.524e-23,4.426e-24
step32000,32000,MLP_OUT,v,hidden,8192,spike,6291456,0.03643772,0.03647132,0.006076972,0.03155755,0.03159051,0.006053925,0.004184768,0.001565,0.001562,6.035396e-05,0.0001264981,1.524e-23,1.127e-23
step32000,32000,MLP_OUT,v,hidden,8192,32-64,6291456,0.02099227,0.02102523,0.00310119,0.01820373,0.01823669,0.004582496,0.004267624,0.001565,0.001562,2.581733e-05,1.680283e-05,1.524e-23,1.127e-23
step32000,32000,MLP_OUT,v,hidden,8192,64-128,1.258291e+07,0.01371674,0.01375035,0.001327435,0.01248947,0.01252243,0.003771521,0.003698463,0.001565,0.001562,7.89052e-06,3.40598e-07,1.524e-23,1.127e-23
step32000,32000,MLP_OUT,v,hidden,8192,128-256,2.516582e+07,0.008169856,0.008203461,0.000270764,0.008212254,0.008245859,0.002940768,0.003012271,0.001565,0.001562,4.48454e-07,0,1.524e-23,1.127e-23
step32000,32000,MLP_OUT,v,hidden,8192,256-512,5.033165e+07,0.004629916,0.004663521,0.0003707608,0.004881249,0.004914854,0.002328836,0.002430975,0.001565,0.001562,0,0,1.524e-23,1.127e-23
step32000,32000,MLP_OUT,v,hidden,8192,512-1024,1.006633e+08,0.002757524,0.002790462,0.000852565,0.001972552,0.002006157,0.002046391,0.002006173,0.001565,0.001562,0,0,1.524e-23,1.127e-23
step32000,32000,MLP_OUT,v,hidden,8192,1024-2048,2.013266e+08,0.001146713,0.001179769,0.000878796,0.0003064772,0.0003394399,0.001867658,0.001804121,0.001565,0.001562,1.334009e-07,0,1.524e-23,1.127e-23
step48000,48000,Q,u,head,2048,spike,1572864,0.0618958,0.06202133,0.03658867,0.09809039,0.09822218,0.00734302,0.0102431,0.001565,0.001551,5.903698e-06,7.393247e-05,1.524e-23,4.426e-24
step48000,48000,Q,u,head,2048,32-64,1572864,0.04082988,0.04096166,0.03640938,0.07711517,0.0772407,0.005728222,0.009108861,0.001565,0.001551,0,2.724784e-06,1.524e-23,4.426e-24
step48000,48000,Q,u,head,2048,64-128,3145728,0.03872163,0.03885341,0.02307288,0.06144058,0.06156611,0.005124637,0.007292838,0.001565,0.001551,0,0,1.524e-23,4.426e-24
step48000,48000,Q,u,head,2048,128-256,6291456,0.03708183,0.03720736,0.006803513,0.04388534,0.04401087,0.0045634,0.00513179,0.001565,0.001551,0,0,1.524e-23,4.426e-24
step48000,48000,Q,u,head,2048,256-512,1.258291e+07,0.03105278,0.03117831,0.006475369,0.02457741,0.02470294,0.003841514,0.003299952,0.001565,0.001551,0,0,1.524e-23,4.426e-24
step48000,48000,Q,u,head,2048,512-1024,2.516582e+07,0.01515685,0.01528863,0.007296403,0.00790817,0.00803995,0.00266804,0.00225754,0.001565,0.001551,0,0,1.524e-23,4.426e-24
step48000,48000,Q,u,head,2048,1024-2048,5.033165e+07,0.01900294,0.01913739,0.00570339,0.01329955,0.013434,0.004165439,0.003354004,0.001565,0.001551,2.270653e-07,1.986821e-08,1.524e-23,4.426e-24
step48000,48000,Q,v,residual,2048,spike,1572864,0.00139672,0.0015285,0.009179433,0.01001108,0.01014553,0.001908529,0.002974192,0.001565,0.001551,0,1.362392e-06,1.524e-23,4.426e-24
step48000,48000,Q,v,residual,2048,32-64,1572864,0.002514952,0.002640478,0.006408691,0.008618578,0.008750358,0.001912707,0.002746128,0.001565,0.001551,0,0,1.524e-23,4.426e-24
step48000,48000,Q,v,residual,2048,64-128,3145728,0.002375071,0.00249234,0.004568736,0.006676897,0.006808677,0.001888729,0.002502714,0.001565,0.001551,0,0,1.524e-23,4.426e-24
step48000,48000,Q,v,residual,2048,128-256,6291456,0.002283955,0.002415735,0.002191861,0.004210218,0.004341999,0.00190308,0.002174605,0.001565,0.001551,0,0,1.524e-23,4.426e-24
step48000,48000,Q,v,residual,2048,256-512,1.258291e+07,0.00196054,0.002077613,0.0004940828,0.001920495,0.002046021,0.00186474,0.001938423,0.001565,0.001551,0,0,1.524e-23,4.426e-24
step48000,48000,Q,v,residual,2048,512-1024,2.516582e+07,0.0009995659,0.001108362,0.0007352432,0.0003139512,0.0004479762,0.001793788,0.001787021,0.001565,0.001551,0,0,1.524e-23,4.426e-24
step48000,48000,Q,v,residual,2048,1024-2048,5.033165e+07,0.0009625058,0.001094389,0.0002834201,0.001179506,0.00131139,0.001920396,0.001918759,0.001565,0.001551,3.40598e-08,0,1.524e-23,4.426e-24
step48000,48000,K,u,head,2048,spike,1572864,0.06874711,0.06887889,0.01813698,0.08654331,0.08667509,0.008346285,0.007317588,0.001565,0.001551,1.59854e-05,0.0002462296,1.524e-23,4.426e-24
step48000,48000,K,u,head,2048,32-64,1572864,0.05421629,0.05434807,0.00878334,0.06199943,0.06212496,0.006903785,0.007278352,0.001565,0.001551,0,7.26609e-07,1.524e-23,4.426e-24
step48000,48000,K,u,head,2048,64-128,3145728,0.04285283,0.04297836,0.007356008,0.05012555,0.05025108,0.005394118,0.005703154,0.001565,0.001551,0,0,1.524e-23,4.426e-24
step48000,48000,K,u,head,2048,128-256,6291456,0.03989517,0.0400207,0.00267458,0.03738542,0.03751094,0.004675502,0.004243692,0.001565,0.001551,0,0,1.524e-23,4.426e-24
step48000,48000,K,u,head,2048,256-512,1.258291e+07,0.03171344,0.03183897,0.009371042,0.0223424,0.02246792,0.003870169,0.00303139,0.001565,0.001551,0,0,1.524e-23,4.426e-24
step48000,48000,K,u,head,2048,512-1024,2.516582e+07,0.01504655,0.01517208,0.007182876,0.007889057,0.008020837,0.002648632,0.002201137,0.001565,0.001551,0,0,1.524e-23,4.426e-24
step48000,48000,K,u,head,2048,1024-2048,5.033165e+07,0.0186084,0.01874285,0.006677409,0.01193099,0.01206544,0.004105139,0.003311393,0.001565,0.001551,1.532691e-07,3.973643e-08,1.524e-23,4.426e-24
step48000,48000,K,v,residual,2048,spike,1572864,0.007059143,0.007193593,0.04497401,0.05117777,0.0513033,0.00229118,0.002574921,0.001565,0.001551,3.732954e-05,0.0001262483,1.524e-23,4.426e-24
step48000,48000,K,v,residual,2048,32-64,1572864,0.0004419148,0.0005763646,0.004480998,0.004836941,0.004968722,0.001820973,0.002487637,0.001565,0.001551,0,0,1.524e-23,4.426e-24
step48000,48000,K,v,residual,2048,64-128,3145728,0.001118696,0.001226183,0.002698263,0.00340657,0.00354102,0.001835641,0.002197674,0.001565,0.001551,0,0,1.524e-23,4.426e-24
step48000,48000,K,v,residual,2048,128-256,6291456,0.001310712,0.001445162,0.0007313093,0.002018247,0.002143772,0.001855214,0.001964115,0.001565,0.001551,0,0,1.524e-23,4.426e-24
step48000,48000,K,v,residual,2048,256-512,1.258291e+07,0.001108839,0.001234364,0.0003253619,0.000873204,0.0009956349,0.001818668,0.001816909,0.001565,0.001551,0,0,1.524e-23,4.426e-24
step48000,48000,K,v,residual,2048,512-1024,2.516582e+07,0.0003825089,0.0005169587,0.0003364881,0.0005913535,0.0006988408,0.001786374,0.001787657,0.001565,0.001551,0,0,1.524e-23,4.426e-24
step48000,48000,K,v,residual,2048,1024-2048,5.033165e+07,0.0003494124,0.0004812955,0.0005952716,0.000884211,0.0009916983,0.001835641,0.001818714,0.001565,0.001551,0,0,1.524e-23,4.426e-24
step48000,48000,V,u,head,2048,spike,1572864,0.06039292,0.0605247,0.02754784,0.03303264,0.03316442,0.007637296,0.005287443,0.001565,0.001551,7.538568e-06,1.63487e-06,1.524e-23,4.426e-24
step48000,48000,V,u,head,2048,32-64,1572864,0.03406515,0.03419693,0.00794665,0.02660756,0.02674201,0.005075273,0.004456475,0.001565,0.001551,0,0,1.524e-23,4.426e-24
step48000,48000,V,u,head,2048,64-128,3145728,0.02081081,0.02094526,0.0008414586,0.02002484,0.02015662,0.00375675,0.003813289,0.001565,0.001551,0,0,1.524e-23,4.426e-24
step48000,48000,V,u,head,2048,128-256,6291456,0.01378366,0.01391811,0.0006626447,0.01323848,0.01337293,0.003159182,0.002951327,0.001565,0.001551,0,0,1.524e-23,4.426e-24
step48000,48000,V,u,head,2048,256-512,1.258291e+07,0.01058583,0.01072028,0.004617055,0.006159052,0.006290832,0.002804064,0.002270403,0.001565,0.001551,0,0,1.524e-23,4.426e-24
step48000,48000,V,u,head,2048,512-1024,2.516582e+07,0.003763324,0.003897774,0.002707124,0.0010562,0.00119065,0.002163853,0.001861243,0.001565,0.001551,0,0,1.524e-23,4.426e-24
step48000,48000,V,u,head,2048,1024-2048,5.033165e+07,0.00465497,0.00478942,0.00127691,0.003409749,0.003544199,0.002312379,0.002161852,0.001565,0.001551,1.135327e-08,0,1.524e-23,4.426e-24
step48000,48000,V,v,residual,2048,spike,1572864,0.0124942,0.01261973,0.00596873,0.01846293,0.01858846,0.002518699,0.003067652,0.001565,0.001551,0,0,1.524e-23,4.426e-24
step48000,48000,V,v,residual,2048,32-64,1572864,0.0117694,0.01188647,0.004271825,0.01604122,0.0161583,0.002447946,0.002828961,0.001565,0.001551,0,0,1.524e-23,4.426e-24
step48000,48000,V,v,residual,2048,64-128,3145728,0.01073404,0.01085956,0.003163338,0.0136262,0.01374328,0.002394267,0.002646582,0.001565,0.001551,0,0,1.524e-23,4.426e-24
step48000,48000,V,v,residual,2048,128-256,6291456,0.008843058,0.008968583,0.002214591,0.01068349,0.01080902,0.002228328,0.002398309,0.001565,0.001551,0,0,1.524e-23,4.426e-24
step48000,48000,V,v,residual,2048,256-512,1.258291e+07,0.005896842,0.006005162,0.00138998,0.00722379,0.007340863,0.002038297,0.002150354,0.001565,0.001551,0,0,1.524e-23,4.426e-24
step48000,48000,V,v,residual,2048,512-1024,2.516582e+07,0.002866769,0.002983843,0.0004370213,0.003184156,0.003291643,0.001866539,0.001885187,0.001565,0.001551,0,0,1.524e-23,4.426e-24
step48000,48000,V,v,residual,2048,1024-2048,5.033165e+07,0.003478358,0.003610241,0.0006095767,0.004059281,0.004193731,0.002253425,0.002316532,0.001565,0.001551,1.637709e-06,1.881804e-06,1.524e-23,4.426e-24
step48000,48000,O,u,residual,2048,spike,1572864,0.01357451,0.01370629,0.01160494,0.025049,0.02517453,0.002189182,0.002050854,0.001565,0.001551,4.950024e-05,5.07718e-05,1.524e-23,4.426e-24
step48000,48000,O,u,residual,2048,32-64,1572864,0.001333068,0.001464951,0.001906077,0.00303188,0.003163763,0.001873289,0.002031599,0.001565,0.001551,0,0,1.524e-23,4.426e-24
step48000,48000,O,u,residual,2048,64-128,3145728,0.0008946594,0.001020185,0.001226743,0.002055214,0.002189664,0.001855759,0.002003761,0.001565,0.001551,0,0,1.524e-23,4.426e-24
step48000,48000,O,u,residual,2048,128-256,6291456,0.0003291882,0.0004267174,0.001377583,0.001565838,0.001697619,0.001807849,0.001907326,0.001565,0.001551,0,0,1.524e-23,4.426e-24
step48000,48000,O,u,residual,2048,256-512,1.258291e+07,0.0003507472,0.0004762726,0.0003727277,0.000598782,0.0007243074,0.001787027,0.001812379,0.001565,0.001551,0,0,1.524e-23,4.426e-24
step48000,48000,O,u,residual,2048,512-1024,2.516582e+07,0.0001591781,0.0001393038,0.0002996922,0.0002208667,0.0003423211,0.00177615,0.001786175,0.001565,0.001551,0,0,1.524e-23,4.426e-24
step48000,48000,O,u,residual,2048,1024-2048,5.033165e+07,0.0002885398,0.0004140653,0.0002225041,0.0004179636,0.0005254509,0.0017915,0.001792817,0.001565,0.001551,0,0,1.524e-23,4.426e-24
step48000,48000,O,v,head,2048,spike,1572864,0.05770865,0.05784043,0.03141403,0.02629461,0.02642639,0.007703509,0.00458354,0.001565,0.001551,7.720221e-06,0,1.524e-23,4.426e-24
step48000,48000,O,v,head,2048,32-64,1572864,0.02570715,0.02583893,0.003344854,0.02288237,0.02301415,0.004494531,0.004118329,0.001565,0.001551,0,0,1.524e-23,4.426e-24
step48000,48000,O,v,head,2048,64-128,3145728,0.01691618,0.01704796,0.0009037654,0.01763938,0.01777116,0.00342805,0.003404027,0.001565,0.001551,0,0,1.524e-23,4.426e-24
step48000,48000,O,v,head,2048,128-256,6291456,0.01265723,0.01278901,0.001176993,0.01151187,0.01164365,0.002914747,0.00276427,0.001565,0.001551,0,0,1.524e-23,4.426e-24
step48000,48000,O,v,head,2048,256-512,1.258291e+07,0.01031928,0.01045373,0.00464805,0.005768681,0.005900461,0.002682913,0.002177874,0.001565,0.001551,0,0,1.524e-23,4.426e-24
step48000,48000,O,v,head,2048,512-1024,2.516582e+07,0.004428411,0.004560191,0.003485918,0.00095674,0.00109119,0.002158926,0.001837452,0.001565,0.001551,0,0,1.524e-23,4.426e-24
step48000,48000,O,v,head,2048,1024-2048,5.033165e+07,0.005658374,0.005792824,0.002707779,0.002950595,0.003085045,0.002428313,0.002132651,0.001565,0.001551,2.086163e-06,0,1.524e-23,4.426e-24
step48000,48000,MLP_IN,u,hidden,8192,spike,6291456,0.01177914,0.0118053,0.01589108,0.02133503,0.02136797,0.003326302,0.002900078,0.001565,0.001562,1.114891e-05,1.861936e-05,1.524e-23,1.127e-23
step48000,48000,MLP_IN,u,hidden,8192,32-64,6291456,0.006113575,0.00614718,0.001908302,0.008021877,0.008055482,0.002422401,0.00279724,0.001565,0.001562,9.082613e-08,2.497718e-07,1.524e-23,1.127e-23
step48000,48000,MLP_IN,u,hidden,8192,64-128,1.258291e+07,0.004734641,0.004768246,0.002043645,0.006597747,0.00663071,0.002297821,0.002604541,0.001565,0.001562,5.222502e-07,0,1.524e-23,1.127e-23
step48000,48000,MLP_IN,u,hidden,8192,128-256,2.516582e+07,0.004416353,0.004449958,0.0008407831,0.005121396,0.005155001,0.002285202,0.002417956,0.001565,0.001562,2.270653e-08,0,1.524e-23,1.127e-23
step48000,48000,MLP_IN,u,hidden,8192,256-512,5.033165e+07,0.00422079,0.004254395,0.0008329749,0.003387815,0.00342142,0.002280511,0.002164537,0.001565,0.001562,3.40598e-08,0,1.524e-23,1.127e-23
step48000,48000,MLP_IN,u,hidden,8192,512-1024,1.006633e+08,0.002651529,0.002685134,0.001021683,0.001689907,0.001723512,0.002077071,0.001954723,0.001565,0.001562,0,0,1.524e-23,1.127e-23
step48000,48000,MLP_IN,u,hidden,8192,1024-2048,2.013266e+08,0.001122426,0.001156031,0.0008205672,0.0003104707,0.0003434334,0.001901236,0.001802776,0.001565,0.001562,6.428787e-07,0,1.524e-23,1.127e-23
step48000,48000,MLP_IN,v,residual,2048,spike,1572864,0.00157691,0.001445027,0.008588791,0.00721911,0.007344635,0.001768748,0.002225331,0.001565,0.001551,0,0,1.524e-23,4.426e-24
step48000,48000,MLP_IN,v,residual,2048,32-64,1572864,0.003364358,0.003489883,0.003822962,0.006752555,0.006884335,0.001950309,0.002228873,0.001565,0.001551,0,0,1.524e-23,4.426e-24
step48000,48000,MLP_IN,v,residual,2048,64-128,3145728,0.004623,0.004754781,0.001043955,0.005397274,0.005522799,0.002092679,0.002146221,0.001565,0.001551,0,0,1.524e-23,4.426e-24
step48000,48000,MLP_IN,v,residual,2048,128-256,6291456,0.004916145,0.005041671,0.000670592,0.004627818,0.004753343,0.002078919,0.002063774,0.001565,0.001551,0,0,1.524e-23,4.426e-24
step48000,48000,MLP_IN,v,residual,2048,256-512,1.258291e+07,0.003971372,0.004096897,0.0008547306,0.003166153,0.003291678,0.002018633,0.001950434,0.001565,0.001551,0,0,1.524e-23,4.426e-24
step48000,48000,MLP_IN,v,residual,2048,512-1024,2.516582e+07,0.002241528,0.002350166,0.0009547472,0.00138151,0.001507036,0.00186617,0.001828313,0.001565,0.001551,0,0,1.524e-23,4.426e-24
step48000,48000,MLP_IN,v,residual,2048,1024-2048,5.033165e+07,0.004566417,0.004700867,0.0009958744,0.003602012,0.003733793,0.002079924,0.002000576,0.001565,0.001551,1.466274e-05,6.116572e-06,1.524e-23,4.426e-24
step48000,48000,MLP_OUT,u,residual,2048,spike,1572864,0.01720864,0.01734042,0.02989515,0.04553583,0.0456529,0.002331234,0.002099264,0.001565,0.001551,9.182521e-05,7.26609e-05,1.524e-23,4.426e-24
step48000,48000,MLP_OUT,u,residual,2048,32-64,1572864,0.002963851,0.003095734,0.001103719,0.003742685,0.003874568,0.002048492,0.002227692,0.001565,0.001551,9.990874e-07,3.633045e-07,1.524e-23,4.426e-24
step48000,48000,MLP_OUT,u,residual,2048,64-128,3145728,0.001922017,0.002056467,0.00159804,0.003211244,0.003343025,0.001965523,0.002127557,0.001565,0.001551,0,1.816523e-07,1.524e-23,4.426e-24
step48000,48000,MLP_OUT,u,residual,2048,128-256,6291456,0.001312723,0.001444606,0.001561483,0.002698217,0.002823742,0.00189545,0.00196718,0.001565,0.001551,0,0,1.524e-23,4.426e-24
step48000,48000,MLP_OUT,u,residual,2048,256-512,1.258291e+07,0.001133427,0.001265207,0.0004793008,0.00155373,0.001661217,0.001851298,0.001868941,0.001565,0.001551,0,0,1.524e-23,4.426e-24
step48000,48000,MLP_OUT,u,residual,2048,512-1024,2.516582e+07,0.0006434082,0.0007538341,0.0002991756,0.0007462746,0.0008633477,0.001802314,0.001794208,0.001565,0.001551,0,0,1.524e-23,4.426e-24
step48000,48000,MLP_OUT,u,residual,2048,1024-2048,5.033165e+07,0.0008655723,0.0009702326,0.001051505,0.00142984,0.001561621,0.001836535,0.001875642,0.001565,0.001551,2.682209e-06,1.064369e-06,1.524e-23,4.426e-24
step48000,48000,MLP_OUT,v,hidden,8192,spike,6291456,0.04298103,0.04301464,0.005670071,0.03987232,0.03990528,0.006577356,0.004678749,0.001565,0.001562,7.654372e-05,0.0001673244,1.524e-23,1.127e-23
step48000,48000,MLP_OUT,v,hidden,8192,32-64,6291456,0.02590814,0.02594111,0.002129396,0.02380593,0.02383889,0.005052703,0.004923752,0.001565,0.001562,4.10307e-05,3.383273e-05,1.524e-23,1.127e-23
step48000,48000,MLP_OUT,v,hidden,8192,64-128,1.258291e+07,0.0173939,0.01742686,0.001597246,0.01584203,0.01587499,0.004245247,0.004209212,0.001565,0.001562,1.060395e-05,1.407805e-06,1.524e-23,1.127e-23
step48000,48000,MLP_OUT,v,hidden,8192,128-256,2.516582e+07,0.01046197,0.01049558,0.0001820326,0.01035945,0.01039306,0.0032939,0.00338241,0.001565,0.001562,1.0445e-06,4.541306e-08,1.524e-23,1.127e-23
step48000,48000,MLP_OUT,v,hidden,8192,256-512,5.033165e+07,0.005689508,0.005723113,0.0002360543,0.00568623,0.005719835,0.002511731,0.00256795,0.001565,0.001562,0,0,1.524e-23,1.127e-23
step48000,48000,MLP_OUT,v,hidden,8192,512-1024,1.006633e+08,0.003189749,0.003223354,0.001033823,0.002258386,0.002291991,0.002102059,0.002049995,0.001565,0.001562,1.135327e-08,0,1.524e-23,1.127e-23
step48000,48000,MLP_OUT,v,hidden,8192,1024-2048,2.013266e+08,0.001311724,0.001344662,0.0009521544,0.0003792803,0.0004128853,0.001899677,0.001811186,0.001565,0.001562,2.632538e-07,0,1.524e-23,1.127e-23
step64000,64000,Q,u,head,2048,spike,1572864,0.06855245,0.06867797,0.04040845,0.108238,0.1083635,0.007784253,0.01085336,0.001565,0.001551,4.087176e-06,0.0001036326,1.524e-23,4.426e-24
step64000,64000,Q,u,head,2048,32-64,1572864,0.04367819,0.04380997,0.04157257,0.08495183,0.08507736,0.005919411,0.009772074,0.001565,0.001551,0,2.089001e-06,1.524e-23,4.426e-24
step64000,64000,Q,u,head,2048,64-128,3145728,0.04086294,0.04099472,0.02722836,0.06802284,0.06814837,0.005391666,0.007806823,0.001565,0.001551,0,3.633045e-07,1.524e-23,4.426e-24
step64000,64000,Q,u,head,2048,128-256,6291456,0.0393236,0.03944913,0.009481271,0.04880487,0.0489304,0.004734834,0.00546335,0.001565,0.001551,0,0,1.524e-23,4.426e-24
step64000,64000,Q,u,head,2048,256-512,1.258291e+07,0.03336735,0.03349287,0.005382299,0.02798505,0.02811058,0.003966127,0.003504594,0.001565,0.001551,0,0,1.524e-23,4.426e-24
step64000,64000,Q,u,head,2048,512-1024,2.516582e+07,0.01696356,0.01708908,0.007683913,0.009357358,0.009489138,0.002728303,0.002337666,0.001565,0.001551,0,0,1.524e-23,4.426e-24
step64000,64000,Q,u,head,2048,1024-2048,5.033165e+07,0.02152378,0.02165823,0.006209632,0.01531415,0.0154486,0.004430385,0.003550413,0.001565,0.001551,3.916877e-07,1.135327e-08,1.524e-23,4.426e-24
step64000,64000,Q,v,residual,2048,spike,1572864,0.001485656,0.001617539,0.00944519,0.01060872,0.01074317,0.001894905,0.003093629,0.001565,0.001551,0,2.997262e-06,1.524e-23,4.426e-24
step64000,64000,Q,v,residual,2048,32-64,1572864,0.002110845,0.002245295,0.007208506,0.009132926,0.009264706,0.001865841,0.002880551,0.001565,0.001551,0,0,1.524e-23,4.426e-24
step64000,64000,Q,v,residual,2048,64-128,3145728,0.001936072,0.002061597,0.005257289,0.006948199,0.007082649,0.001882099,0.002573604,0.001565,0.001551,0,0,1.524e-23,4.426e-24
step64000,64000,Q,v,residual,2048,128-256,6291456,0.002003893,0.002135673,0.00224479,0.004248683,0.004380463,0.001875877,0.002208869,0.001565,0.001551,0,0,1.524e-23,4.426e-24
step64000,64000,Q,v,residual,2048,256-512,1.258291e+07,0.001756225,0.001883108,0.0007521311,0.001762992,0.001897442,0.001851808,0.001935573,0.001565,0.001551,0,0,1.524e-23,4.426e-24
step64000,64000,Q,v,residual,2048,512-1024,2.516582e+07,0.0007376121,0.0008546851,0.0005136331,0.0003456732,0.000480123,0.001791682,0.001792499,0.001565,0.001551,0,0,1.524e-23,4.426e-24
step64000,64000,Q,v,residual,2048,1024-2048,5.033165e+07,0.0008972387,0.001029122,0.000424703,0.001276857,0.001411306,0.001915824,0.001924012,0.001565,0.001551,1.901672e-07,0,1.524e-23,4.426e-24
step64000,64000,K,u,head,2048,spike,1572864,0.07345497,0.0735805,0.01797549,0.08985383,0.08998561,0.008694058,0.007592519,0.001565,0.001551,1.734779e-05,0.0002607618,1.524e-23,4.426e-24
step64000,64000,K,u,head,2048,32-64,1572864,0.05696224,0.05709402,0.009117762,0.06448662,0.06461214,0.007301149,0.007517769,0.001565,0.001551,0,0,1.524e-23,4.426e-24
step64000,64000,K,u,head,2048,64-128,3145728,0.04524656,0.04537208,0.00777626,0.05236033,0.05248586,0.005619322,0.005966459,0.001565,0.001551,0,0,1.524e-23,4.426e-24
step64000,64000,K,u,head,2048,128-256,6291456,0.0415676,0.04169312,0.002848625,0.03895707,0.0390826,0.004887944,0.004418441,0.001565,0.001551,0,0,1.524e-23,4.426e-24
step64000,64000,K,u,head,2048,256-512,1.258291e+07,0.03360752,0.03373304,0.01001294,0.02359457,0.0237201,0.004024437,0.003088474,0.001565,0.001551,0,0,1.524e-23,4.426e-24
step64000,64000,K,u,head,2048,512-1024,2.516582e+07,0.01659285,0.01671838,0.00789237,0.008700484,0.008826009,0.002694448,0.002233863,0.001565,0.001551,0,0,1.524e-23,4.426e-24
step64000,64000,K,u,head,2048,1024-2048,5.033165e+07,0.02076652,0.02090097,0.007959227,0.0128073,0.01294175,0.004306995,0.003422076,0.001565,0.001551,5.137353e-07,1.135327e-08,1.524e-23,4.426e-24
step64000,64000,K,v,residual,2048,spike,1572864,0.007779485,0.007913935,0.04224014,0.04923864,0.04936416,0.002314613,0.002475012,0.001565,0.001551,3.678458e-05,0.0001166207,1.524e-23,4.426e-24
step64000,64000,K,v,residual,2048,32-64,1572864,0.0005346871,0.0006393473,0.00551796,0.005383079,0.005514859,0.001807077,0.002487909,0.001565,0.001551,0,0,1.524e-23,4.426e-24
step64000,64000,K,v,residual,2048,64-128,3145728,0.001105532,0.001237312,0.001907984,0.002773649,0.002908098,0.001844906,0.002114341,0.001565,0.001551,0,0,1.524e-23,4.426e-24
step64000,64000,K,v,residual,2048,128-256,6291456,0.001305308,0.001439758,0.0005232493,0.001828557,0.001963007,0.001852944,0.001944224,0.001565,0.001551,0,0,1.524e-23,4.426e-24
step64000,64000,K,v,residual,2048,256-512,1.258291e+07,0.00104847,0.00118025,0.0003031095,0.0007677413,0.0008932667,0.00184318,0.001810392,0.001565,0.001551,0,0,1.524e-23,4.426e-24
step64000,64000,K,v,residual,2048,512-1024,2.516582e+07,0.0004674951,0.0005749823,0.0001933177,0.0005302195,0.0006394726,0.001778648,0.001775952,0.001565,0.001551,0,0,1.524e-23,4.426e-24
step64000,64000,K,v,residual,2048,1024-2048,5.033165e+07,0.0003644841,0.0004868666,0.0005449851,0.000846181,0.0009717064,0.001834265,0.001813415,0.001565,0.001551,0,0,1.524e-23,4.426e-24
step64000,64000,V,u,head,2048,spike,1572864,0.06105859,0.06119037,0.02881495,0.03295698,0.03308876,0.007697332,0.0052948,0.001565,0.001551,7.629395e-06,9.990874e-07,1.524e-23,4.426e-24
step64000,64000,V,u,head,2048,32-64,1572864,0.03433472,0.0344665,0.008823395,0.02577899,0.02591077,0.005175818,0.00448781,0.001565,0.001551,0,0,1.524e-23,4.426e-24
step64000,64000,V,u,head,2048,64-128,3145728,0.02137651,0.0215083,0.001557668,0.02021176,0.02034354,0.003730865,0.003749484,0.001565,0.001551,0,0,1.524e-23,4.426e-24
step64000,64000,V,u,head,2048,128-256,6291456,0.01417691,0.01430869,0.001195272,0.01301279,0.01314457,0.003084887,0.002943516,0.001565,0.001551,0,0,1.524e-23,4.426e-24
step64000,64000,V,u,head,2048,256-512,1.258291e+07,0.01052106,0.01065551,0.004651467,0.005935892,0.006067672,0.002807674,0.002253294,0.001565,0.001551,0,0,1.524e-23,4.426e-24
step64000,64000,V,u,head,2048,512-1024,2.516582e+07,0.003970192,0.004104642,0.003072858,0.0009867287,0.00111691,0.002170795,0.001852711,0.001565,0.001551,0,0,1.524e-23,4.426e-24
step64000,64000,V,u,head,2048,1024-2048,5.033165e+07,0.004614439,0.004748888,0.001266976,0.00337649,0.00351094,0.002297268,0.00216672,0.001565,0.001551,0,0,1.524e-23,4.426e-24
step64000,64000,V,v,residual,2048,spike,1572864,0.0114051,0.01153063,0.004695257,0.01585749,0.01598302,0.002506347,0.002878643,0.001565,0.001551,0,0,1.524e-23,4.426e-24
step64000,64000,V,v,residual,2048,32-64,1572864,0.01071274,0.01083826,0.004182816,0.01457893,0.01470446,0.002438227,0.002722786,0.001565,0.001551,0,0,1.524e-23,4.426e-24
step64000,64000,V,v,residual,2048,64-128,3145728,0.009504036,0.009611523,0.003206889,0.01256158,0.01267866,0.002304032,0.002524467,0.001565,0.001551,0,0,1.524e-23,4.426e-24
step64000,64000,V,v,residual,2048,128-256,6291456,0.007598504,0.007715577,0.002136707,0.009632373,0.009749447,0.002181802,0.002290408,0.001565,0.001551,0,0,1.524e-23,4.426e-24
step64000,64000,V,v,residual,2048,256-512,1.258291e+07,0.005174514,0.005282277,0.001208146,0.006318832,0.006435905,0.002006701,0.002079805,0.001565,0.001551,0,0,1.524e-23,4.426e-24
step64000,64000,V,v,residual,2048,512-1024,2.516582e+07,0.002731955,0.002841785,0.0001815557,0.002913511,0.003020998,0.001855845,0.001861691,0.001565,0.001551,0,0,1.524e-23,4.426e-24
step64000,64000,V,v,residual,2048,1024-2048,5.033165e+07,0.003414001,0.003548451,0.0004353126,0.00369822,0.003830103,0.002213058,0.002259995,0.001565,0.001551,2.673694e-06,3.465584e-06,1.524e-23,4.426e-24
step64000,64000,O,u,residual,2048,spike,1572864,0.01409458,0.01422636,0.0114549,0.02554948,0.02568126,0.002193451,0.002073742,0.001565,0.001551,4.904611e-05,4.650298e-05,1.524e-23,4.426e-24
step64000,64000,O,u,residual,2048,32-64,1572864,0.0007138154,0.0008456984,0.001881282,0.002491538,0.002623319,0.001922517,0.002046585,0.001565,0.001551,0,0,1.524e-23,4.426e-24
step64000,64000,O,u,residual,2048,64-128,3145728,0.0006065826,0.0007410324,0.001216571,0.001775854,0.00190138,0.001846177,0.001970791,0.001565,0.001551,0,0,1.524e-23,4.426e-24
step64000,64000,O,u,residual,2048,128-256,6291456,0.0003010823,0.0003827753,0.0011549,0.001244591,0.001379041,0.001823675,0.00189872,0.001565,0.001551,0,0,1.524e-23,4.426e-24
step64000,64000,O,u,residual,2048,256-512,1.258291e+07,0.0001281075,0.0002022066,0.0004529953,0.0004568434,0.0005876501,0.001770916,0.001807894,0.001565,0.001551,0,0,1.524e-23,4.426e-24
step64000,64000,O,u,residual,2048,512-1024,2.516582e+07,0.0001334991,0.0002505722,0.0001767874,0.0002340015,0.000359527,0.001771541,0.001765819,0.001565,0.001551,0,0,1.524e-23,4.426e-24
step64000,64000,O,u,residual,2048,1024-2048,5.033165e+07,0.000214164,0.0003459443,0.0002394716,0.0004125197,0.000520007,0.001787648,0.001800866,0.001565,0.001551,0,0,1.524e-23,4.426e-24
step64000,64000,O,v,head,2048,spike,1572864,0.0563398,0.05647159,0.0306352,0.02582809,0.02596254,0.007602873,0.004567737,0.001565,0.001551,5.358741e-06,0,1.524e-23,4.426e-24
step64000,64000,O,v,head,2048,32-64,1572864,0.02593794,0.02606972,0.004267375,0.02200753,0.02213931,0.004478636,0.004051753,0.001565,0.001551,0,0,1.524e-23,4.426e-24
step64000,64000,O,v,head,2048,64-128,3145728,0.0160507,0.01618515,0.001104037,0.017112,0.01724378,0.003440857,0.003431956,0.001565,0.001551,0,0,1.524e-23,4.426e-24
step64000,64000,O,v,head,2048,128-256,6291456,0.01213271,0.01226449,0.001120249,0.01136848,0.01150293,0.002878462,0.002746968,0.001565,0.001551,0,0,1.524e-23,4.426e-24
step64000,64000,O,v,head,2048,256-512,1.258291e+07,0.01018219,0.01031664,0.005004088,0.005224689,0.00535647,0.002672559,0.002184346,0.001565,0.001551,0,0,1.524e-23,4.426e-24
step64000,64000,O,v,head,2048,512-1024,2.516582e+07,0.004162039,0.004296489,0.003292004,0.000984574,0.001101647,0.002166294,0.001834875,0.001565,0.001551,0,0,1.524e-23,4.426e-24
step64000,64000,O,v,head,2048,1024-2048,5.033165e+07,0.005388703,0.005523153,0.002508918,0.002908156,0.003042606,0.002390524,0.002127772,0.001565,0.001551,2.330258e-06,0,1.524e-23,4.426e-24
step64000,64000,MLP_IN,u,hidden,8192,spike,6291456,0.01246531,0.01249147,0.01664925,0.02327835,0.02330973,0.00339415,0.003090813,0.001565,0.001562,1.223882e-05,1.857394e-05,1.524e-23,1.127e-23
step64000,64000,MLP_IN,u,hidden,8192,32-64,6291456,0.00724956,0.007283165,0.001989683,0.009125278,0.009158883,0.002499558,0.0029407,0.001565,0.001562,2.316066e-06,1.816523e-07,1.524e-23,1.127e-23
step64000,64000,MLP_IN,u,hidden,8192,64-128,1.258291e+07,0.005688175,0.005721114,0.002147357,0.007730371,0.007763976,0.002372549,0.002746764,0.001565,0.001562,4.541306e-08,0,1.524e-23,1.127e-23
step64000,64000,MLP_IN,u,hidden,8192,128-256,2.516582e+07,0.005274183,0.005307788,0.0006335576,0.005904124,0.005937729,0.002399223,0.002504576,0.001565,0.001562,7.947286e-08,0,1.524e-23,1.127e-23
step64000,64000,MLP_IN,u,hidden,8192,256-512,5.033165e+07,0.004910574,0.004944179,0.001029094,0.003882474,0.003916079,0.002364962,0.002220182,0.001565,0.001562,6.528128e-08,0,1.524e-23,1.127e-23
step64000,64000,MLP_IN,u,hidden,8192,512-1024,1.006633e+08,0.003015107,0.003048712,0.001164764,0.001850343,0.001883948,0.002131153,0.001971404,0.001565,0.001562,0,0,1.524e-23,1.127e-23
step64000,64000,MLP_IN,u,hidden,8192,1024-2048,2.013266e+08,0.001302387,0.001335992,0.0009254316,0.0003769557,0.0004105607,0.001935263,0.001809756,0.001565,0.001562,9.919916e-07,0,1.524e-23,1.127e-23
step64000,64000,MLP_IN,v,residual,2048,spike,1572864,0.001323654,0.001189443,0.007208506,0.005995338,0.006127118,0.001804079,0.002171653,0.001565,0.001551,0,0,1.524e-23,4.426e-24
step64000,64000,MLP_IN,v,residual,2048,32-64,1572864,0.003117674,0.0032432,0.003164291,0.005883321,0.006000394,0.0019405,0.002184096,0.001565,0.001551,0,0,1.524e-23,4.426e-24
step64000,64000,MLP_IN,v,residual,2048,64-128,3145728,0.004465962,0.004597742,0.00110817,0.005344296,0.005476076,0.002034869,0.002133778,0.001565,0.001551,0,0,1.524e-23,4.426e-24
step64000,64000,MLP_IN,v,residual,2048,128-256,6291456,0.004435175,0.004560701,0.0008083979,0.003906522,0.004032047,0.002062253,0.002036344,0.001565,0.001551,0,0,1.524e-23,4.426e-24
step64000,64000,MLP_IN,v,residual,2048,256-512,1.258291e+07,0.003855571,0.003972644,0.001036326,0.002894832,0.003020358,0.002012798,0.001920734,0.001565,0.001551,0,0,1.524e-23,4.426e-24
step64000,64000,MLP_IN,v,residual,2048,512-1024,2.516582e+07,0.002257093,0.002374166,0.001120488,0.001144354,0.001261427,0.001867442,0.001818305,0.001565,0.001551,0,0,1.524e-23,4.426e-24
step64000,64000,MLP_IN,v,residual,2048,1024-2048,5.033165e+07,0.004331257,0.004465707,0.001259625,0.003071632,0.003206082,0.002061725,0.001966919,0.001565,0.001551,1.428808e-05,5.424023e-06,1.524e-23,4.426e-24
step64000,64000,MLP_OUT,u,residual,2048,spike,1572864,0.0185991,0.01873088,0.02760061,0.04392157,0.04403865,0.002314613,0.002047947,0.001565,0.001551,8.601234e-05,7.039025e-05,1.524e-23,4.426e-24
step64000,64000,MLP_OUT,u,residual,2048,32-64,1572864,0.003092279,0.003224162,0.001148224,0.003415856,0.003541382,0.002110527,0.002127602,0.001565,0.001551,2.361479e-06,1.089914e-06,1.524e-23,4.426e-24
step64000,64000,MLP_OUT,u,residual,2048,64-128,3145728,0.001272033,0.001403916,0.001720111,0.002908752,0.003043202,0.001901082,0.002086412,0.001565,0.001551,0,0,1.524e-23,4.426e-24
step64000,64000,MLP_OUT,u,residual,2048,128-256,6291456,0.001080559,0.001215009,0.001707554,0.002617423,0.002749204,0.001857349,0.001942249,0.001565,0.001551,0,0,1.524e-23,4.426e-24
step64000,64000,MLP_OUT,u,residual,2048,256-512,1.258291e+07,0.001112574,0.001238099,0.0005072753,0.001522168,0.001639241,0.001814218,0.001846745,0.001565,0.001551,0,0,1.524e-23,4.426e-24
step64000,64000,MLP_OUT,u,residual,2048,512-1024,2.516582e+07,0.0006579893,0.0007835147,0.0003139178,0.0008905576,0.001007631,0.001795826,0.001792936,0.001565,0.001551,0,0,1.524e-23,4.426e-24
step64000,64000,MLP_OUT,u,residual,2048,1024-2048,5.033165e+07,0.0009250578,0.001029718,0.0009335677,0.001432185,0.001552752,0.001843333,0.001863979,0.001565,0.001551,2.78155e-06,1.311302e-06,1.524e-23,4.426e-24
step64000,64000,MLP_OUT,v,hidden,8192,spike,6291456,0.04736364,0.04739725,0.006624063,0.04550345,0.04553641,0.006899697,0.005028634,0.001565,0.001562,8.903231e-05,0.0001922789,1.524e-23,1.127e-23
step64000,64000,MLP_OUT,v,hidden,8192,32-64,6291456,0.0290079,0.02904086,0.002271175,0.02719592,0.02722888,0.005412692,0.005306176,0.001565,0.001562,5.024955e-05,3.639857e-05,1.524e-23,1.127e-23
step64000,64000,MLP_OUT,v,hidden,8192,64-128,1.258291e+07,0.01987011,0.01990308,0.001722654,0.01822884,0.0182618,0.004588945,0.00456449,0.001565,0.001562,1.331738e-05,2.543132e-06,1.524e-23,1.127e-23
step64000,64000,MLP_OUT,v,hidden,8192,128-256,2.516582e+07,0.0120041,0.01203771,0.000381271,0.01178325,0.01181685,0.003545052,0.003578617,0.001565,0.001562,1.339685e-06,2.270653e-08,1.524e-23,1.127e-23
step64000,64000,MLP_OUT,v,hidden,8192,256-512,5.033165e+07,0.00648966,0.006523265,0.0002974073,0.006413327,0.006446932,0.002650116,0.002678883,0.001565,0.001562,8.514949e-08,0,1.524e-23,1.127e-23
step64000,64000,MLP_OUT,v,hidden,8192,512-1024,1.006633e+08,0.003445641,0.003479246,0.0009237826,0.002543068,0.002576673,0.002154882,0.002085981,0.001565,0.001562,2.696401e-08,0,1.524e-23,1.127e-23
step64000,64000,MLP_OUT,v,hidden,8192,1024-2048,2.013266e+08,0.001540503,0.001574108,0.001174589,0.0003757388,0.0004093438,0.001931446,0.001815125,0.001565,0.001562,3.81044e-07,0,1.524e-23,1.127e-23
step96000,96000,Q,u,head,2048,spike,1572864,0.08025975,0.08038528,0.05371348,0.1329801,0.1331057,0.008570898,0.01194736,0.001565,0.001551,4.904611e-06,0.0001950037,1.524e-23,4.426e-24
step96000,96000,Q,u,head,2048,32-64,1572864,0.05027062,0.0504024,0.05330531,0.1032325,0.103358,0.006545839,0.0112915,0.001565,0.001551,7.26609e-07,8.991786e-06,1.524e-23,4.426e-24
step96000,96000,Q,u,head,2048,64-128,3145728,0.04474853,0.04488031,0.0383803,0.08292368,0.08304921,0.005804516,0.009112994,0.001565,0.001551,0,1.816523e-07,1.524e-23,4.426e-24
step96000,96000,Q,u,head,2048,128-256,6291456,0.04242082,0.04254634,0.017344,0.05953705,0.05966257,0.004938375,0.006335009,0.001565,0.001551,0,0,1.524e-23,4.426e-24
step96000,96000,Q,u,head,2048,256-512,1.258291e+07,0.03651034,0.03663587,0.001747211,0.03498573,0.03511126,0.004155761,0.003934417,0.001565,0.001551,0,0,1.524e-23,4.426e-24
step96000,96000,Q,u,head,2048,512-1024,2.516582e+07,0.01919301,0.01931853,0.006191651,0.01300136,0.01312688,0.002852979,0.002539754,0.001565,0.001551,0,0,1.524e-23,4.426e-24
step96000,96000,Q,u,head,2048,1024-2048,5.033165e+07,0.02494445,0.0250789,0.005224009,0.01972044,0.01985489,0.004750581,0.003961802,0.001565,0.001551,8.855547e-07,9.366444e-08,1.524e-23,4.426e-24
step96000,96000,Q,v,residual,2048,spike,1572864,0.002201511,0.002327037,0.01210658,0.01404513,0.01417958,0.001949583,0.003481093,0.001565,0.001551,0,7.992699e-06,1.524e-23,4.426e-24
step96000,96000,Q,v,residual,2048,32-64,1572864,0.001748198,0.001873723,0.009990692,0.01114214,0.01127659,0.001865478,0.003226235,0.001565,0.001551,0,0,1.524e-23,4.426e-24
step96000,96000,Q,v,residual,2048,64-128,3145728,0.001988264,0.002085793,0.006929398,0.008845234,0.008977015,0.001848039,0.002888452,0.001565,0.001551,0,0,1.524e-23,4.426e-24
step96000,96000,Q,v,residual,2048,128-256,6291456,0.002314998,0.002440524,0.0031991,0.005419477,0.005551258,0.001906963,0.002392542,0.001565,0.001551,0,0,1.524e-23,4.426e-24
step96000,96000,Q,v,residual,2048,256-512,1.258291e+07,0.001433724,0.001559249,0.0009597143,0.002270405,0.002390781,0.001845201,0.001968622,0.001565,0.001551,0,0,1.524e-23,4.426e-24
step96000,96000,Q,v,residual,2048,512-1024,2.516582e+07,0.0008584903,0.0009755633,0.0006680489,0.0002407965,0.0003663219,0.001793674,0.001796189,0.001565,0.001551,0,0,1.524e-23,4.426e-24
step96000,96000,Q,v,residual,2048,1024-2048,5.033165e+07,0.0008242588,0.0009587085,0.0007182558,0.0015294,0.00166118,0.001892308,0.001927804,0.001565,0.001551,2.24227e-07,0,1.524e-23,4.426e-24
step96000,96000,K,u,head,2048,spike,1572864,0.08034813,0.08047365,0.018809,0.09773436,0.09786614,0.009266354,0.008128212,0.001565,0.001551,1.898266e-05,0.0002873739,1.524e-23,4.426e-24
step96000,96000,K,u,head,2048,32-64,1572864,0.06245465,0.06258018,0.01028887,0.07232137,0.07244689,0.007931119,0.008302598,0.001565,0.001551,3.633045e-07,3.723871e-06,1.524e-23,4.426e-24
step96000,96000,K,u,head,2048,64-128,3145728,0.04991098,0.0500365,0.008373578,0.05811703,0.05824255,0.00623376,0.006551152,0.001565,0.001551,0,0,1.524e-23,4.426e-24
step96000,96000,K,u,head,2048,128-256,6291456,0.0446575,0.04478303,0.002446493,0.04253081,0.04265633,0.005243528,0.004768145,0.001565,0.001551,0,0,1.524e-23,4.426e-24
step96000,96000,K,u,head,2048,256-512,1.258291e+07,0.03573397,0.0358595,0.01005379,0.02568018,0.0258057,0.004190933,0.00320656,0.001565,0.001551,0,0,1.524e-23,4.426e-24
step96000,96000,K,u,head,2048,512-1024,2.516582e+07,0.01778515,0.01791067,0.008118391,0.009702358,0.009827884,0.002790235,0.002268553,0.001565,0.001551,0,0,1.524e-23,4.426e-24
step96000,96000,K,u,head,2048,1024-2048,5.033165e+07,0.02330061,0.02343506,0.009184539,0.01414033,0.01427478,0.004497619,0.003562743,0.001565,0.001551,9.451594e-07,9.082613e-08,1.524e-23,4.426e-24
step96000,96000,K,v,residual,2048,spike,1572864,0.008420354,0.008554804,0.04283905,0.05063226,0.05074934,0.002367837,0.002522605,0.001565,0.001551,3.306071e-05,0.0001251584,1.524e-23,4.426e-24
step96000,96000,K,v,residual,2048,32-64,1572864,0.001100335,0.001225861,0.004942576,0.005465021,0.005596904,0.001810619,0.002496265,0.001565,0.001551,0,0,1.524e-23,4.426e-24
step96000,96000,K,v,residual,2048,64-128,3145728,0.001171971,0.001303751,0.002090772,0.003015246,0.003149696,0.00185031,0.002162388,0.001565,0.001551,0,0,1.524e-23,4.426e-24
step96000,96000,K,v,residual,2048,128-256,6291456,0.001202012,0.001333792,0.001024882,0.002226894,0.002358674,0.0018415,0.001986844,0.001565,0.001551,0,0,1.524e-23,4.426e-24
step96000,96000,K,v,residual,2048,256-512,1.258291e+07,0.001332396,0.001457921,0.0005368392,0.0009521206,0.001059608,0.001844452,0.00183697,0.001565,0.001551,0,0,1.524e-23,4.426e-24
step96000,96000,K,v,residual,2048,512-1024,2.516582e+07,0.0003671095,0.0004988898,0.0003333886,0.0006132639,0.0007107931,0.00179758,0.001769702,0.001565,0.001551,0,0,1.524e-23,4.426e-24
step96000,96000,K,v,residual,2048,1024-2048,5.033165e+07,0.0003991144,0.0005214969,0.0006050865,0.0009134349,0.00103896,0.00183485,0.001829434,0.001565,0.001551,0,0,1.524e-23,4.426e-24
step96000,96000,V,u,head,2048,spike,1572864,0.06302379,0.06315557,0.02875328,0.03451274,0.03464452,0.007991246,0.005541302,0.001565,0.001551,7.720221e-06,1.453218e-06,1.524e-23,4.426e-24
step96000,96000,V,u,head,2048,32-64,1572864,0.03687213,0.03700391,0.0100867,0.02753566,0.02766744,0.005434309,0.004581451,0.001565,0.001551,0,0,1.524e-23,4.426e-24
step96000,96000,V,u,head,2048,64-128,3145728,0.02340148,0.02353326,0.002762794,0.02094577,0.02107755,0.003999619,0.0038419,0.001565,0.001551,0,0,1.524e-23,4.426e-24
step96000,96000,V,u,head,2048,128-256,6291456,0.01471717,0.01484895,0.0009899139,0.01372725,0.01385903,0.003152234,0.002979778,0.001565,0.001551,0,0,1.524e-23,4.426e-24
step96000,96000,V,u,head,2048,256-512,1.258291e+07,0.01066922,0.010801,0.004465739,0.006316011,0.006447791,0.002805619,0.002264386,0.001565,0.001551,0,0,1.524e-23,4.426e-24
step96000,96000,V,u,head,2048,512-1024,2.516582e+07,0.004154847,0.004289297,0.003160636,0.001029873,0.001161654,0.002193474,0.001857116,0.001565,0.001551,0,0,1.524e-23,4.426e-24
step96000,96000,V,u,head,2048,1024-2048,5.033165e+07,0.004824644,0.004959094,0.001407286,0.003501282,0.003635732,0.002316517,0.002185518,0.001565,0.001551,4.257475e-08,0,1.524e-23,4.426e-24
step96000,96000,V,v,residual,2048,spike,1572864,0.01046859,0.01058566,0.003973643,0.0143119,0.01443743,0.002460843,0.002756573,0.001565,0.001551,0,0,1.524e-23,4.426e-24
step96000,96000,V,v,residual,2048,32-64,1572864,0.01071781,0.01083489,0.002158483,0.01272181,0.01284734,0.002412978,0.002612432,0.001565,0.001551,0,0,1.524e-23,4.426e-24
step96000,96000,V,v,residual,2048,64-128,3145728,0.008899166,0.009024691,0.00256602,0.01136251,0.01148803,0.002280553,0.002542496,0.001565,0.001551,0,0,1.524e-23,4.426e-24
step96000,96000,V,v,residual,2048,128-256,6291456,0.006934111,0.007051184,0.001746178,0.008546297,0.00866337,0.002149695,0.002292224,0.001565,0.001551,0,0,1.524e-23,4.426e-24
step96000,96000,V,v,residual,2048,256-512,1.258291e+07,0.004771109,0.004889877,0.0009464423,0.00569354,0.005810613,0.001989138,0.002047993,0.001565,0.001551,0,0,1.524e-23,4.426e-24
step96000,96000,V,v,residual,2048,512-1024,2.516582e+07,0.002625556,0.002723086,0.0002400478,0.002779718,0.002887205,0.001854494,0.001851632,0.001565,0.001551,0,0,1.524e-23,4.426e-24
step96000,96000,V,v,residual,2048,1024-2048,5.033165e+07,0.003026193,0.003160643,0.0004989306,0.003525124,0.003659574,0.002156959,0.002210186,0.001565,0.001551,3.618853e-06,4.291534e-06,1.524e-23,4.426e-24
step96000,96000,O,u,residual,2048,spike,1572864,0.01404131,0.01417576,0.01278305,0.02641276,0.02653828,0.002179645,0.002092634,0.001565,0.001551,5.049933e-05,4.686628e-05,1.524e-23,4.426e-24
step96000,96000,O,u,residual,2048,32-64,1572864,0.0009499054,0.001084355,0.001192093,0.001822199,0.001956649,0.001871291,0.002086549,0.001565,0.001551,0,0,1.524e-23,4.426e-24
step96000,96000,O,u,residual,2048,64-128,3145728,0.0006784933,0.0008040187,0.001291593,0.001793767,0.001925547,0.001844815,0.001992498,0.001565,0.001551,0,0,1.524e-23,4.426e-24
step96000,96000,O,u,residual,2048,128-256,6291456,0.0005632576,0.0006887831,0.0008511543,0.001202947,0.001337397,0.001815387,0.001865001,0.001565,0.001551,0,0,1.524e-23,4.426e-24
step96000,96000,O,u,residual,2048,256-512,1.258291e+07,0.0003332063,0.0004209162,0.0003983974,0.0004454788,0.0005710043,0.001791182,0.001808121,0.001565,0.001551,0,0,1.524e-23,4.426e-24
step96000,96000,O,u,residual,2048,512-1024,2.516582e+07,0.0001810508,0.00027858,0.0001588265,0.0001374126,0.0002237501,0.001767499,0.001767624,0.001565,0.001551,0,0,1.524e-23,4.426e-24
step96000,96000,O,u,residual,2048,1024-2048,5.033165e+07,0.0002588793,0.0003728586,0.0003286203,0.0004873718,0.0006191521,0.001796038,0.001805226,0.001565,0.001551,0,0,1.524e-23,4.426e-24
step96000,96000,O,v,head,2048,spike,1572864,0.05730619,0.05743798,0.02851232,0.02879388,0.02892566,0.007674263,0.004966373,0.001565,0.001551,5.994524e-06,3.633045e-07,1.524e-23,4.426e-24
step96000,96000,O,v,head,2048,32-64,1572864,0.0282026,0.02833438,0.004257838,0.02406047,0.02419225,0.004663467,0.00428445,0.001565,0.001551,0,0,1.524e-23,4.426e-24
step96000,96000,O,v,head,2048,64-128,3145728,0.01864692,0.01878137,0.0006802877,0.01877521,0.01890699,0.003601165,0.003633272,0.001565,0.001551,0,0,1.524e-23,4.426e-24
step96000,96000,O,v,head,2048,128-256,6291456,0.01313566,0.01326744,0.001050949,0.01210901,0.01224346,0.002970491,0.002876759,0.001565,0.001551,0,0,1.524e-23,4.426e-24
step96000,96000,O,v,head,2048,256-512,1.258291e+07,0.01022224,0.01035669,0.004539092,0.005720203,0.005851983,0.002701589,0.002226012,0.001565,0.001551,0,0,1.524e-23,4.426e-24
step96000,96000,O,v,head,2048,512-1024,2.516582e+07,0.004322455,0.004456905,0.003247539,0.001074916,0.001209366,0.002167429,0.001856378,0.001565,0.001551,0,0,1.524e-23,4.426e-24
step96000,96000,O,v,head,2048,1024-2048,5.033165e+07,0.005699104,0.005833554,0.002567073,0.003132031,0.003266481,0.002391668,0.002147195,0.001565,0.001551,2.083324e-06,0,1.524e-23,4.426e-24
step96000,96000,MLP_IN,u,hidden,8192,spike,6291456,0.01344235,0.01346851,0.01808643,0.02687179,0.02690317,0.003485453,0.003323759,0.001565,0.001562,1.357851e-05,2.279736e-05,1.524e-23,1.127e-23
step96000,96000,MLP_IN,u,hidden,8192,32-64,6291456,0.008350895,0.0083845,0.002691428,0.01060633,0.01063994,0.002631028,0.003157502,0.001565,0.001562,2.633958e-06,4.541306e-07,1.524e-23,1.127e-23
step96000,96000,MLP_IN,u,hidden,8192,64-128,1.258291e+07,0.006736263,0.006769202,0.002298594,0.008979048,0.009012653,0.002517905,0.002903337,0.001565,0.001562,4.541306e-08,4.541306e-08,1.524e-23,1.127e-23
step96000,96000,MLP_IN,u,hidden,8192,128-256,2.516582e+07,0.006446964,0.006480569,0.0005032619,0.006934172,0.006967777,0.002522957,0.002626232,0.001565,0.001562,3.973643e-08,0,1.524e-23,1.127e-23
step96000,96000,MLP_IN,u,hidden,8192,256-512,5.033165e+07,0.005826738,0.005860343,0.001298428,0.004534847,0.004568452,0.002472673,0.002308843,0.001565,0.001562,3.122148e-08,0,1.524e-23,1.127e-23
step96000,96000,MLP_IN,u,hidden,8192,512-1024,1.006633e+08,0.003475384,0.003508989,0.001277785,0.002197599,0.002231204,0.002188542,0.00201183,0.001565,0.001562,0,0,1.524e-23,1.127e-23
step96000,96000,MLP_IN,u,hidden,8192,1024-2048,2.013266e+08,0.001721521,0.001754484,0.001313711,0.0004410292,0.0004739677,0.001991002,0.001815753,0.001565,0.001562,1.941408e-06,0,1.524e-23,1.127e-23
step96000,96000,MLP_IN,v,residual,2048,spike,1572864,0.0012143,0.00107985,0.006771723,0.005625312,0.005757092,0.001856849,0.00215594,0.001565,0.001551,0,0,1.524e-23,4.426e-24
step96000,96000,MLP_IN,v,residual,2048,32-64,1572864,0.002692962,0.002810035,0.003255208,0.005905573,0.006022646,0.001868748,0.002194359,0.001565,0.001551,0,0,1.524e-23,4.426e-24
step96000,96000,MLP_IN,v,residual,2048,64-128,3145728,0.003850723,0.003967796,0.001162529,0.004881336,0.005006861,0.002026422,0.002083097,0.001565,0.001551,0,0,1.524e-23,4.426e-24
step96000,96000,MLP_IN,v,residual,2048,128-256,6291456,0.004516189,0.004647969,0.001087348,0.00343504,0.00356682,0.002062888,0.002022289,0.001565,0.001551,0,0,1.524e-23,4.426e-24
step96000,96000,MLP_IN,v,residual,2048,256-512,1.258291e+07,0.003773396,0.003890469,0.001466831,0.002551986,0.002677512,0.001995859,0.001914989,0.001565,0.001551,0,0,1.524e-23,4.426e-24
step96000,96000,MLP_IN,v,residual,2048,512-1024,2.516582e+07,0.002050435,0.002165828,0.0008829037,0.001216683,0.001342209,0.001862702,0.001814882,0.001565,0.001551,0,0,1.524e-23,4.426e-24
step96000,96000,MLP_IN,v,residual,2048,1024-2048,5.033165e+07,0.003881262,0.004015712,0.001107693,0.002827293,0.002961743,0.002049616,0.001953094,0.001565,0.001551,1.383112e-05,4.785401e-06,1.524e-23,4.426e-24
step96000,96000,MLP_OUT,u,residual,2048,spike,1572864,0.01817058,0.01830236,0.02572695,0.041964,0.04208107,0.002365657,0.002073742,0.001565,0.001551,7.347834e-05,7.47499e-05,1.524e-23,4.426e-24
step96000,96000,MLP_OUT,u,residual,2048,32-64,1572864,0.003244867,0.00337675,0.0009733836,0.004187697,0.004313222,0.002096812,0.002159391,0.001565,0.001551,7.26609e-07,3.633045e-07,1.524e-23,4.426e-24
step96000,96000,MLP_OUT,u,residual,2048,64-128,3145728,0.001519106,0.001641488,0.001977285,0.003114168,0.003231242,0.001932598,0.002083551,0.001565,0.001551,0,0,1.524e-23,4.426e-24
step96000,96000,MLP_OUT,u,residual,2048,128-256,6291456,0.001665815,0.001797596,0.001033942,0.002471324,0.002578811,0.001888457,0.001952807,0.001565,0.001551,0,0,1.524e-23,4.426e-24
step96000,96000,MLP_OUT,u,residual,2048,256-512,1.258291e+07,0.001163039,0.001288565,0.0004567305,0.001349085,0.001474611,0.001817646,0.001863298,0.001565,0.001551,0,0,1.524e-23,4.426e-24
step96000,96000,MLP_OUT,u,residual,2048,512-1024,2.516582e+07,0.0006791597,0.00081094,0.0002775192,0.000785265,0.0009107905,0.001791017,0.001796172,0.001565,0.001551,0,0,1.524e-23,4.426e-24
step96000,96000,MLP_OUT,u,residual,2048,1024-2048,5.033165e+07,0.00103175,0.00113641,0.001002947,0.001682613,0.001808138,0.00186325,0.001863999,0.001565,0.001551,3.176076e-06,1.538367e-06,1.524e-23,4.426e-24
step96000,96000,MLP_OUT,v,hidden,8192,spike,6291456,0.05212089,0.0521545,0.007249991,0.05066759,0.05070056,0.007229623,0.005370776,0.001565,0.001562,0.0001050404,0.0002141453,1.524e-23,1.127e-23
step96000,96000,MLP_OUT,v,hidden,8192,32-64,6291456,0.03203699,0.03207059,0.001385689,0.03128337,0.03131633,0.00571478,0.005757309,0.001565,0.001562,5.38826e-05,4.838762e-05,1.524e-23,1.127e-23
step96000,96000,MLP_OUT,v,hidden,8192,64-128,1.258291e+07,0.02264801,0.02268097,0.001603762,0.02104424,0.02107721,0.00491492,0.004964783,0.001565,0.001562,1.872154e-05,3.826051e-06,1.524e-23,1.127e-23
step96000,96000,MLP_OUT,v,hidden,8192,128-256,2.516582e+07,0.01381925,0.01385221,0.000538071,0.01332244,0.01335604,0.003826402,0.003850562,0.001565,0.001562,2.162797e-06,2.270653e-08,1.524e-23,1.127e-23
step96000,96000,MLP_OUT,v,hidden,8192,256-512,5.033165e+07,0.007449375,0.00748298,0.0004410148,0.007228539,0.007262144,0.002798861,0.002809207,0.001565,0.001562,4.541306e-08,0,1.524e-23,1.127e-23
step96000,96000,MLP_OUT,v,hidden,8192,512-1024,1.006633e+08,0.003742699,0.003775638,0.001049628,0.002765155,0.00279876,0.002214002,0.002119777,0.001565,0.001562,5.676633e-09,0,1.524e-23,1.127e-23
step96000,96000,MLP_OUT,v,hidden,8192,1024-2048,2.013266e+08,0.001776463,0.001810068,0.001390075,0.0003915529,0.0004245156,0.001969557,0.00182038,0.001565,0.001562,6.400404e-07,0,1.524e-23,1.127e-23
step128000,128000,Q,u,head,2048,spike,1572864,0.08618843,0.08631395,0.07169787,0.1570502,0.1571758,0.009008135,0.01265707,0.001565,0.001551,4.632132e-06,0.0003136226,1.524e-23,4.426e-24
step128000,128000,Q,u,head,2048,32-64,1572864,0.05394672,0.0540785,0.06720861,0.1207871,0.1209126,0.006881714,0.01244509,0.001565,0.001551,3.633045e-07,4.078093e-05,1.524e-23,4.426e-24
step128000,128000,Q,u,head,2048,64-128,3145728,0.04729548,0.04742726,0.04757404,0.0941373,0.09426283,0.006056559,0.0101906,0.001565,0.001551,0,2.179827e-06,1.524e-23,4.426e-24
step128000,128000,Q,u,head,2048,128-256,6291456,0.04456754,0.04469306,0.02218978,0.06646056,0.06658609,0.005164737,0.006960892,0.001565,0.001551,0,0,1.524e-23,4.426e-24
step128000,128000,Q,u,head,2048,256-512,1.258291e+07,0.0380727,0.03819822,0.001532873,0.03926972,0.03939524,0.004256237,0.004202196,0.001565,0.001551,0,0,1.524e-23,4.426e-24
step128000,128000,Q,u,head,2048,512-1024,2.516582e+07,0.02010861,0.02023414,0.004830678,0.01527794,0.01540346,0.002917704,0.002692955,0.001565,0.001551,0,0,1.524e-23,4.426e-24
step128000,128000,Q,u,head,2048,1024-2048,5.033165e+07,0.02662222,0.02675667,0.00414151,0.02263914,0.02277092,0.00491018,0.004211565,0.001565,0.001551,1.282919e-06,1.248859e-07,1.524e-23,4.426e-24
step128000,128000,Q,v,residual,2048,spike,1572864,0.002136652,0.002260279,0.01506805,0.01674593,0.01688038,0.001980282,0.003825415,0.001565,0.001551,0,1.135327e-05,1.524e-23,4.426e-24
step128000,128000,Q,v,residual,2048,32-64,1572864,0.001777554,0.001909334,0.01201375,0.0134672,0.01360165,0.001812254,0.00354449,0.001565,0.001551,0,3.633045e-07,1.524e-23,4.426e-24
step128000,128000,Q,v,residual,2048,64-128,3145728,0.002183324,0.002317774,0.008810043,0.01099337,0.01112782,0.001918157,0.003146262,0.001565,0.001551,0,0,1.524e-23,4.426e-24
step128000,128000,Q,v,residual,2048,128-256,6291456,0.001932893,0.002058418,0.004867554,0.00654543,0.00667988,0.001870995,0.002531301,0.001565,0.001551,0,0,1.524e-23,4.426e-24
step128000,128000,Q,v,residual,2048,256-512,1.258291e+07,0.001622701,0.001739774,0.001369079,0.002564794,0.002699244,0.001848913,0.002017589,0.001565,0.001551,0,0,1.524e-23,4.426e-24
step128000,128000,Q,v,residual,2048,512-1024,2.516582e+07,0.0008208599,0.0009379329,0.0005955299,0.000303412,0.0004351923,0.001808325,0.001802456,0.001565,0.001551,0,0,1.524e-23,4.426e-24
step128000,128000,Q,v,residual,2048,1024-2048,5.033165e+07,0.000914087,0.00104597,0.001076778,0.001934753,0.002069203,0.001901593,0.001956071,0.001565,0.001551,3.207298e-07,0,1.524e-23,4.426e-24
step128000,128000,K,u,head,2048,spike,1572864,0.08500015,0.08512568,0.01893361,0.101324,0.1014558,0.009494327,0.008365177,0.001565,0.001551,1.871018e-05,0.000300907,1.524e-23,4.426e-24
step128000,128000,K,u,head,2048,32-64,1572864,0.06671832,0.0668501,0.01071803,0.07659129,0.07671681,0.008268447,0.008766174,0.001565,0.001551,1.816523e-06,8.083525e-06,1.524e-23,4.426e-24
step128000,128000,K,u,head,2048,64-128,3145728,0.05219693,0.05232246,0.009349505,0.06126828,0.06139381,0.006505103,0.006983394,0.001565,0.001551,0,0,1.524e-23,4.426e-24
step128000,128000,K,u,head,2048,128-256,6291456,0.04673397,0.04685949,0.003008684,0.04425966,0.04438519,0.005476906,0.004909811,0.001565,0.001551,0,0,1.524e-23,4.426e-24
step128000,128000,K,u,head,2048,256-512,1.258291e+07,0.03680225,0.03692777,0.01026861,0.02653364,0.02665916,0.004320111,0.00327351,0.001565,0.001551,0,0,1.524e-23,4.426e-24
step128000,128000,K,u,head,2048,512-1024,2.516582e+07,0.01823206,0.01835759,0.008253694,0.009978368,0.01010389,0.00283742,0.00228753,0.001565,0.001551,0,0,1.524e-23,4.426e-24
step128000,128000,K,u,head,2048,1024-2048,5.033165e+07,0.02430998,0.02444443,0.009436786,0.01487319,0.01500764,0.004593985,0.003587422,0.001565,0.001551,1.101267e-06,7.663454e-08,1.524e-23,4.426e-24
step128000,128000,K,v,residual,2048,spike,1572864,0.008605116,0.00873192,0.04253769,0.05087896,0.05100448,0.00240998,0.002537773,0.001565,0.001551,3.333319e-05,0.0001182556,1.524e-23,4.426e-24
step128000,128000,K,v,residual,2048,32-64,1572864,0.0009706717,0.001102555,0.004917781,0.005549794,0.005684244,0.001846768,0.002558027,0.001565,0.001551,0,3.633045e-07,1.524e-23,4.426e-24
step128000,128000,K,v,residual,2048,64-128,3145728,0.001296397,0.001403884,0.002656301,0.003727818,0.003859598,0.001850582,0.002184868,0.001565,0.001551,0,0,1.524e-23,4.426e-24
step128000,128000,K,v,residual,2048,128-256,6291456,0.001237774,0.001369555,0.001200517,0.002317474,0.002451924,0.001855464,0.001961118,0.001565,0.001551,0,0,1.524e-23,4.426e-24
step128000,128000,K,v,residual,2048,256-512,1.258291e+07,0.001119739,0.001254189,0.0002644857,0.0009738054,0.001107561,0.00182942,0.001851684,0.001565,0.001551,0,0,1.524e-23,4.426e-24
step128000,128000,K,v,residual,2048,512-1024,2.516582e+07,0.000445213,0.0005796627,0.000352184,0.000700843,0.0008034668,0.001790995,0.001784864,0.001565,0.001551,0,0,1.524e-23,4.426e-24
step128000,128000,K,v,residual,2048,1024-2048,5.033165e+07,0.0003138798,0.0004362622,0.0005565087,0.0008240279,0.0009517063,0.001828702,0.001826556,0.001565,0.001551,0,0,1.524e-23,4.426e-24
step128000,128000,V,u,head,2048,spike,1572864,0.06399717,0.06412895,0.02845701,0.03584231,0.03597676,0.008015951,0.005669276,0.001565,0.001551,8.083525e-06,6.357829e-07,1.524e-23,4.426e-24
step128000,128000,V,u,head,2048,32-64,1572864,0.03850991,0.03864169,0.01033084,0.02836027,0.02849205,0.005530312,0.004788898,0.001565,0.001551,0,0,1.524e-23,4.426e-24
step128000,128000,V,u,head,2048,64-128,3145728,0.02424326,0.02437504,0.002253532,0.0226875,0.02281928,0.004121099,0.004005069,0.001565,0.001551,0,0,1.524e-23,4.426e-24
step128000,128000,V,u,head,2048,128-256,6291456,0.01520799,0.01533977,0.001067321,0.01432616,0.01445794,0.003185681,0.00304481,0.001565,0.001551,0,0,1.524e-23,4.426e-24
step128000,128000,V,u,head,2048,256-512,1.258291e+07,0.01078819,0.01091997,0.004314502,0.006542349,0.00667413,0.002829506,0.002305394,0.001565,0.001551,0,0,1.524e-23,4.426e-24
step128000,128000,V,u,head,2048,512-1024,2.516582e+07,0.004208094,0.004342544,0.0031298,0.001126512,0.001258293,0.00219017,0.001853177,0.001565,0.001551,0,0,1.524e-23,4.426e-24
step128000,128000,V,u,head,2048,1024-2048,5.033165e+07,0.004867758,0.005002208,0.001282354,0.003625339,0.003759789,0.002337583,0.002207231,0.001565,0.001551,1.135327e-08,0,1.524e-23,4.426e-24
step128000,128000,V,v,residual,2048,spike,1572864,0.01084752,0.01097305,0.002958298,0.01360045,0.01371753,0.002476193,0.002800624,0.001565,0.001551,0,0,1.524e-23,4.426e-24
step128000,128000,V,v,residual,2048,32-64,1572864,0.009581043,0.009706568,0.003579458,0.0131605,0.01328603,0.002399081,0.002593903,0.001565,0.001551,0,0,1.524e-23,4.426e-24
step128000,128000,V,v,residual,2048,64-128,3145728,0.008565053,0.008682126,0.002429962,0.01088058,0.01100611,0.002286184,0.002474194,0.001565,0.001551,0,0,1.524e-23,4.426e-24
step128000,128000,V,v,residual,2048,128-256,6291456,0.006887072,0.007012597,0.001809279,0.008543754,0.008660827,0.00213455,0.002304418,0.001565,0.001551,0,0,1.524e-23,4.426e-24
step128000,128000,V,v,residual,2048,256-512,1.258291e+07,0.004831827,0.004939314,0.0007810593,0.005409345,0.005526418,0.00198505,0.002034959,0.001565,0.001551,0,0,1.524e-23,4.426e-24
step128000,128000,V,v,residual,2048,512-1024,2.516582e+07,0.002399655,0.002497184,0.0002758106,0.002651608,0.002759095,0.001844889,0.001841102,0.001565,0.001551,0,0,1.524e-23,4.426e-24
step128000,128000,V,v,residual,2048,1024-2048,5.033165e+07,0.002969925,0.003101705,0.0004392266,0.003359781,0.003494231,0.002145918,0.002181615,0.001565,0.001551,3.505321e-06,4.46751e-06,1.524e-23,4.426e-24
step128000,128000,O,u,residual,2048,spike,1572864,0.01413859,0.01427304,0.01232783,0.02598054,0.02611232,0.002176103,0.002076285,0.001565,0.001551,5.231585e-05,5.258833e-05,1.524e-23,4.426e-24
step128000,128000,O,u,residual,2048,32-64,1572864,0.0008982663,0.001030047,0.002303441,0.002787813,0.002919593,0.001919519,0.002067657,0.001565,0.001551,0,0,1.524e-23,4.426e-24
step128000,128000,O,u,residual,2048,64-128,3145728,0.0006241184,0.0006937505,0.001878103,0.002355725,0.002487608,0.00181575,0.001996903,0.001565,0.001551,0,0,1.524e-23,4.426e-24
step128000,128000,O,u,residual,2048,128-256,6291456,0.0003939907,0.0004929663,0.0007692973,0.0009625654,0.001094448,0.001808621,0.00189075,0.001565,0.001551,0,0,1.524e-23,4.426e-24
step128000,128000,O,u,residual,2048,256-512,1.258291e+07,0.0004288472,0.0005263764,0.0003879865,0.0006872375,0.000815152,0.001756782,0.001812731,0.001565,0.001551,0,0,1.524e-23,4.426e-24
step128000,128000,O,u,residual,2048,512-1024,2.516582e+07,0.0001139304,0.0002483801,0.0003115336,0.0002261166,0.0003143428,0.001773102,0.001770332,0.001565,0.001551,0,0,1.524e-23,4.426e-24
step128000,128000,O,u,residual,2048,1024-2048,5.033165e+07,0.0001705534,0.0002919552,0.0002053579,0.0003668007,0.0004923262,0.001787152,0.00179295,0.001565,0.001551,0,0,1.524e-23,4.426e-24
step128000,128000,O,v,head,2048,spike,1572864,0.0588378,0.05896958,0.02895864,0.03009151,0.03022329,0.007787341,0.005165282,0.001565,0.001551,5.994524e-06,6.357829e-07,1.524e-23,4.426e-24
step128000,128000,O,v,head,2048,32-64,1572864,0.02932921,0.02946099,0.003440221,0.02609561,0.02622739,0.004803885,0.004561924,0.001565,0.001551,0,0,1.524e-23,4.426e-24
step128000,128000,O,v,head,2048,64-128,3145728,0.01965545,0.01978723,0.0007375081,0.02013483,0.02026661,0.003744352,0.003784543,0.001565,0.001551,0,0,1.524e-23,4.426e-24
step128000,128000,O,v,head,2048,128-256,6291456,0.01371883,0.01385061,0.0007952054,0.01296032,0.01309477,0.003093402,0.002921604,0.001565,0.001551,0,0,1.524e-23,4.426e-24
step128000,128000,O,v,head,2048,256-512,1.258291e+07,0.01022661,0.01036106,0.004439672,0.005888606,0.006020386,0.002717086,0.002249139,0.001565,0.001551,0,0,1.524e-23,4.426e-24
step128000,128000,O,v,head,2048,512-1024,2.516582e+07,0.004315162,0.004446943,0.003336231,0.001011922,0.001137447,0.002165681,0.001841908,0.001565,0.001551,0,0,1.524e-23,4.426e-24
step128000,128000,O,v,head,2048,1024-2048,5.033165e+07,0.005760795,0.005895245,0.002420962,0.003339833,0.003474283,0.002408839,0.002165309,0.001565,0.001551,1.629194e-06,0,1.524e-23,4.426e-24
step128000,128000,MLP_IN,u,hidden,8192,spike,6291456,0.01394812,0.01397427,0.01897812,0.02847889,0.02851099,0.00353132,0.003434386,0.001565,0.001562,1.612164e-05,2.427328e-05,1.524e-23,1.127e-23
step128000,128000,MLP_IN,u,hidden,8192,32-64,6291456,0.008925961,0.008959566,0.00336202,0.01190476,0.01193837,0.002674716,0.003312361,0.001565,0.001562,1.203446e-06,6.130763e-07,1.524e-23,1.127e-23
step128000,128000,MLP_IN,u,hidden,8192,64-128,1.258291e+07,0.007435765,0.00746937,0.002479394,0.009815898,0.009849503,0.002576521,0.00304473,0.001565,0.001562,9.082613e-08,0,1.524e-23,1.127e-23
step128000,128000,MLP_IN,u,hidden,8192,128-256,2.516582e+07,0.007197823,0.007231428,0.0004123847,0.007509555,0.00754316,0.002601635,0.00270961,0.001565,0.001562,8.514949e-08,0,1.524e-23,1.127e-23
step128000,128000,MLP_IN,u,hidden,8192,256-512,5.033165e+07,0.006439096,0.006472701,0.001505693,0.00496406,0.004997665,0.002546018,0.002353489,0.001565,0.001562,1.986821e-08,0,1.524e-23,1.127e-23
step128000,128000,MLP_IN,u,hidden,8192,512-1024,1.006633e+08,0.003746804,0.003780409,0.001439989,0.002318001,0.002351606,0.002222977,0.002021083,0.001565,0.001562,1.135327e-08,0,1.524e-23,1.127e-23
step128000,128000,MLP_IN,u,hidden,8192,1024-2048,2.013266e+08,0.002008791,0.002041754,0.001593128,0.0004355461,0.0004685088,0.002010678,0.001817519,0.001565,0.001562,2.846122e-06,0,1.524e-23,1.127e-23
step128000,128000,MLP_IN,v,residual,2048,spike,1572864,0.001447137,0.001315356,0.00703303,0.00560295,0.005728475,0.001869111,0.002176285,0.001565,0.001551,0,0,1.524e-23,4.426e-24
step128000,128000,MLP_IN,v,residual,2048,32-64,1572864,0.00294358,0.00307536,0.002847672,0.005588318,0.005705391,0.001897449,0.002152579,0.001565,0.001551,0,0,1.524e-23,4.426e-24
step128000,128000,MLP_IN,v,residual,2048,64-128,3145728,0.003626093,0.003757873,0.000904719,0.004368369,0.00450015,0.002001399,0.002111662,0.001565,0.001551,0,0,1.524e-23,4.426e-24
step128000,128000,MLP_IN,v,residual,2048,128-256,6291456,0.004382515,0.004514296,0.0008775393,0.003690506,0.003807579,0.002030055,0.001998765,0.001565,0.001551,0,0,1.524e-23,4.426e-24
step128000,128000,MLP_IN,v,residual,2048,256-512,1.258291e+07,0.003760839,0.003877912,0.00159351,0.002447987,0.002579767,0.001990931,0.001902921,0.001565,0.001551,0,0,1.524e-23,4.426e-24
step128000,128000,MLP_IN,v,residual,2048,512-1024,2.516582e+07,0.002042687,0.002150174,0.001239578,0.000949456,0.001075783,0.001864706,0.001807321,0.001565,0.001551,0,0,1.524e-23,4.426e-24
step128000,128000,MLP_IN,v,residual,2048,1024-2048,5.033165e+07,0.003703819,0.003838269,0.001140813,0.002687121,0.002818901,0.002041371,0.001947559,0.001565,0.001551,1.312438e-05,4.319918e-06,1.524e-23,4.426e-24
step128000,128000,MLP_OUT,u,residual,2048,spike,1572864,0.0181674,0.01829918,0.02461815,0.04092068,0.04103775,0.002395539,0.00211525,0.001565,0.001551,7.838295e-05,6.412324e-05,1.524e-23,4.426e-24
step128000,128000,MLP_OUT,u,residual,2048,32-64,1572864,0.003066922,0.003198702,0.001564662,0.004159832,0.004291613,0.002073106,0.002221153,0.001565,0.001551,7.26609e-07,9.990874e-07,1.524e-23,4.426e-24
step128000,128000,MLP_OUT,u,residual,2048,64-128,3145728,0.001734565,0.001866448,0.001346906,0.002849056,0.002974581,0.001964978,0.00211475,0.001565,0.001551,0,0,1.524e-23,4.426e-24
step128000,128000,MLP_OUT,u,residual,2048,128-256,6291456,0.001249903,0.001375429,0.001217047,0.002195312,0.002320838,0.001850673,0.001954079,0.001565,0.001551,0,0,1.524e-23,4.426e-24
step128000,128000,MLP_OUT,u,residual,2048,256-512,1.258291e+07,0.001116578,0.001248359,0.0004357497,0.001421754,0.001553534,0.001851638,0.001863763,0.001565,0.001551,0,0,1.524e-23,4.426e-24
step128000,128000,MLP_OUT,u,residual,2048,512-1024,2.516582e+07,0.0006898181,0.0008163839,0.0003460248,0.0009519991,0.001077525,0.001798221,0.001813701,0.001565,0.001551,0,0,1.524e-23,4.426e-24
step128000,128000,MLP_OUT,u,residual,2048,1024-2048,5.033165e+07,0.00108148,0.00118614,0.001070718,0.001735522,0.001861047,0.001855041,0.001863596,0.001565,0.001551,3.471261e-06,1.762594e-06,1.524e-23,4.426e-24
step128000,128000,MLP_OUT,v,hidden,8192,spike,6291456,0.05360878,0.05364239,0.007791678,0.05296881,0.05300177,0.007315727,0.005459059,0.001565,0.001562,0.0001093319,0.0002260662,1.524e-23,1.127e-23
step128000,128000,MLP_OUT,v,hidden,8192,32-64,6291456,0.03284946,0.03288242,0.001568,0.03254524,0.0325782,0.005808558,0.00593912,0.001565,0.001562,5.603972e-05,4.877363e-05,1.524e-23,1.127e-23
step128000,128000,MLP_OUT,v,hidden,8192,64-128,1.258291e+07,0.02340967,0.02344264,0.001373291,0.02221138,0.02224435,0.004984685,0.005092462,0.001565,0.001562,1.952762e-05,4.336947e-06,1.524e-23,1.127e-23
step128000,128000,MLP_OUT,v,hidden,8192,128-256,2.516582e+07,0.01446989,0.01450285,0.0005207459,0.01407912,0.01411209,0.003911274,0.003940259,0.001565,0.001562,2.83264e-06,2.270653e-08,1.524e-23,1.127e-23
step128000,128000,MLP_OUT,v,hidden,8192,256-512,5.033165e+07,0.007706887,0.007740492,0.0004573663,0.007384644,0.007418249,0.002855003,0.002834436,0.001565,0.001562,1.135327e-08,0,1.524e-23,1.127e-23
step128000,128000,MLP_OUT,v,hidden,8192,512-1024,1.006633e+08,0.003904597,0.003938202,0.001114925,0.002809153,0.002842758,0.002229215,0.002122873,0.001565,0.001562,1.135327e-08,0,1.524e-23,1.127e-23
step128000,128000,MLP_OUT,v,hidden,8192,1024-2048,2.013266e+08,0.001971658,0.002005263,0.001549279,0.0004458528,0.0004788154,0.001998095,0.001821952,0.001565,0.001562,7.798274e-07,0,1.524e-23,1.127e-23
step143000,143000,Q,u,head,2048,spike,1572864,0.08800358,0.08812065,0.07964579,0.1675833,0.1677088,0.009132749,0.01291956,0.001565,0.001551,4.813785e-06,0.0003704798,1.524e-23,4.426e-24
step143000,143000,Q,u,head,2048,32-64,1572864,0.05507269,0.05520447,0.07625008,0.1308738,0.1309993,0.007007871,0.0127143,0.001565,0.001551,6.357829e-07,9.400504e-05,1.524e-23,4.426e-24
step143000,143000,Q,u,head,2048,64-128,3145728,0.04789947,0.04803125,0.05215772,0.09977829,0.09990381,0.006110509,0.01059064,0.001565,0.001551,0,1.366933e-05,1.524e-23,4.426e-24
step143000,143000,Q,u,head,2048,128-256,6291456,0.0448751,0.04500062,0.02557007,0.07017973,0.07030526,0.005207266,0.007221903,0.001565,0.001551,0,0,1.524e-23,4.426e-24
step143000,143000,Q,u,head,2048,256-512,1.258291e+07,0.03812428,0.0382498,0.002987941,0.040849,0.04097453,0.004267193,0.004358473,0.001565,0.001551,0,0,1.524e-23,4.426e-24
step143000,143000,Q,u,head,2048,512-1024,2.516582e+07,0.0202043,0.02032982,0.003724575,0.01647972,0.01660525,0.002912538,0.002753019,0.001565,0.001551,0,0,1.524e-23,4.426e-24
step143000,143000,Q,u,head,2048,1024-2048,5.033165e+07,0.02714011,0.02727456,0.00368915,0.02400891,0.02414069,0.004959197,0.004313333,0.001565,0.001551,1.393613e-06,1.390775e-07,1.524e-23,4.426e-24
step143000,143000,Q,v,residual,2048,spike,1572864,0.001918579,0.002035652,0.0166804,0.01796791,0.01810236,0.001992998,0.003993988,0.001565,0.001551,0,1.289731e-05,1.524e-23,4.426e-24
step143000,143000,Q,v,residual,2048,32-64,1572864,0.001541183,0.001675633,0.01391856,0.01530503,0.01543692,0.001793089,0.003730229,0.001565,0.001551,0,0,1.524e-23,4.426e-24
step143000,143000,Q,v,residual,2048,64-128,3145728,0.002030726,0.002138213,0.009874026,0.01159037,0.01172482,0.001905169,0.003312293,0.001565,0.001551,0,0,1.524e-23,4.426e-24
step143000,143000,Q,v,residual,2048,128-256,6291456,0.002235208,0.002360733,0.005482197,0.007187253,0.007321703,0.001882031,0.002644062,0.001565,0.001551,0,0,1.524e-23,4.426e-24
step143000,143000,Q,v,residual,2048,256-512,1.258291e+07,0.001651947,0.00176902,0.001586994,0.002785355,0.002917238,0.001857928,0.002049628,0.001565,0.001551,0,0,1.524e-23,4.426e-24
step143000,143000,Q,v,residual,2048,512-1024,2.516582e+07,0.001108523,0.00121601,0.0007598797,0.0004690946,0.0006035443,0.00179968,0.001804755,0.001565,0.001551,0,0,1.524e-23,4.426e-24
step143000,143000,Q,v,residual,2048,1024-2048,5.033165e+07,0.0009570023,0.001088885,0.001274923,0.002099936,0.002231716,0.001903239,0.001976757,0.001565,0.001551,2.639634e-07,0,1.524e-23,4.426e-24
step143000,143000,K,u,head,2048,spike,1572864,0.08655337,0.08667889,0.01942889,0.1039822,0.104114,0.009643101,0.008489155,0.001565,0.001551,1.861936e-05,0.0003223419,1.524e-23,4.426e-24
step143000,143000,K,u,head,2048,32-64,1572864,0.0678284,0.06796018,0.01117134,0.07807965,0.07820518,0.008431662,0.009013221,0.001565,0.001551,2.543132e-06,9.173439e-06,1.524e-23,4.426e-24
step143000,143000,K,u,head,2048,64-128,3145728,0.05266455,0.05279008,0.009994507,0.06261837,0.06274389,0.006613868,0.007026264,0.001565,0.001551,1.816523e-07,0,1.524e-23,4.426e-24
step143000,143000,K,u,head,2048,128-256,6291456,0.04726087,0.0473864,0.002901713,0.0451426,0.04526813,0.00553038,0.004993416,0.001565,0.001551,0,0,1.524e-23,4.426e-24
step143000,143000,K,u,head,2048,256-512,1.258291e+07,0.03714851,0.03727403,0.01034387,0.02680464,0.02693017,0.004338639,0.003284999,0.001565,0.001551,0,0,1.524e-23,4.426e-24
step143000,143000,K,u,head,2048,512-1024,2.516582e+07,0.01847421,0.01859974,0.008380373,0.01009384,0.01021937,0.002840082,0.002308613,0.001565,0.001551,0,0,1.524e-23,4.426e-24
step143000,143000,K,u,head,2048,1024-2048,5.033165e+07,0.02458593,0.02472038,0.009680688,0.01492137,0.01505582,0.00461565,0.003618646,0.001565,0.001551,1.175063e-06,6.811959e-08,1.524e-23,4.426e-24
step143000,143000,K,v,residual,2048,spike,1572864,0.008865787,0.008991313,0.04274623,0.05128586,0.05141138,0.002389545,0.002548127,0.001565,0.001551,3.260658e-05,0.0001227969,1.524e-23,4.426e-24
step143000,143000,K,v,residual,2048,32-64,1572864,0.0009221054,0.001044488,0.005141576,0.005857935,0.005989818,0.001863843,0.002565747,0.001565,0.001551,0,2.089001e-06,1.524e-23,4.426e-24
step143000,143000,K,v,residual,2048,64-128,3145728,0.001581305,0.00170683,0.002337456,0.003517515,0.003651964,0.001840274,0.002238183,0.001565,0.001551,0,0,1.524e-23,4.426e-24
step143000,143000,K,v,residual,2048,128-256,6291456,0.001382256,0.001514036,0.001505693,0.002687567,0.002813093,0.001856736,0.00202129,0.001565,0.001551,0,0,1.524e-23,4.426e-24
step143000,143000,K,v,residual,2048,256-512,1.258291e+07,0.0009252871,0.001057067,0.0002593994,0.0009812871,0.001104347,0.001823618,0.001846416,0.001565,0.001551,0,0,1.524e-23,4.426e-24
step143000,143000,K,v,residual,2048,512-1024,2.516582e+07,0.0003458378,0.0004567692,0.0002639691,0.0005558577,0.0006792861,0.001784064,0.001796808,0.001565,0.001551,0,0,1.524e-23,4.426e-24
step143000,143000,K,v,residual,2048,1024-2048,5.033165e+07,0.0003332556,0.0004677054,0.0007947683,0.001010105,0.001127178,0.001837029,0.001833235,0.001565,0.001551,0,0,1.524e-23,4.426e-24
step143000,143000,V,u,head,2048,spike,1572864,0.06412815,0.06425993,0.02902412,0.03561265,0.03574443,0.008019129,0.005750747,0.001565,0.001551,8.356004e-06,3.633045e-07,1.524e-23,4.426e-24
step143000,143000,V,u,head,2048,32-64,1572864,0.03828993,0.03842171,0.009543737,0.02909842,0.0292302,0.005532128,0.00483086,0.001565,0.001551,0,0,1.524e-23,4.426e-24
step143000,143000,V,u,head,2048,64-128,3145728,0.02466288,0.02479466,0.002586365,0.02288618,0.02301796,0.004145032,0.004027912,0.001565,0.001551,0,0,1.524e-23,4.426e-24
step143000,143000,V,u,head,2048,128-256,6291456,0.01539348,0.01552526,0.0007492701,0.01478949,0.01492127,0.003199509,0.003046081,0.001565,0.001551,0,0,1.524e-23,4.426e-24
step143000,143000,V,u,head,2048,256-512,1.258291e+07,0.01078888,0.01092333,0.004173199,0.006722594,0.006854374,0.002830176,0.002311025,0.001565,0.001551,0,0,1.524e-23,4.426e-24
step143000,143000,V,u,head,2048,512-1024,2.516582e+07,0.004181688,0.004313468,0.003037453,0.001177256,0.001309036,0.002193116,0.001865455,0.001565,0.001551,0,0,1.524e-23,4.426e-24
step143000,143000,V,u,head,2048,1024-2048,5.033165e+07,0.00493082,0.00506527,0.001135349,0.003843055,0.003977505,0.002332134,0.002215831,0.001565,0.001551,4.257475e-08,0,1.524e-23,4.426e-24
step143000,143000,V,v,residual,2048,spike,1572864,0.01074718,0.01087896,0.003166835,0.01380836,0.01393389,0.002472469,0.002826509,0.001565,0.001551,0,0,1.524e-23,4.426e-24
step143000,143000,V,v,residual,2048,32-64,1572864,0.009827727,0.009953252,0.002587636,0.01241536,0.01254089,0.002414976,0.002588726,0.001565,0.001551,0,0,1.524e-23,4.426e-24
step143000,143000,V,v,residual,2048,64-128,3145728,0.00837559,0.008492663,0.002671242,0.01090061,0.01102614,0.002282869,0.002490452,0.001565,0.001551,0,0,1.524e-23,4.426e-24
step143000,143000,V,v,residual,2048,128-256,6291456,0.006832386,0.006949459,0.001695951,0.008370821,0.008487894,0.00216911,0.002296629,0.001565,0.001551,0,0,1.524e-23,4.426e-24
step143000,143000,V,v,residual,2048,256-512,1.258291e+07,0.004772834,0.004870363,0.0008289814,0.005494301,0.005611374,0.001977898,0.002019349,0.001565,0.001551,0,0,1.524e-23,4.426e-24
step143000,143000,V,v,residual,2048,512-1024,2.516582e+07,0.002515034,0.002622521,0.0002013445,0.002519818,0.002627131,0.001833598,0.001841863,0.001565,0.001551,0,0,1.524e-23,4.426e-24
step143000,143000,V,v,residual,2048,1024-2048,5.033165e+07,0.00292723,0.00306168,0.0004726847,0.0033695,0.003501383,0.002141788,0.00218103,0.001565,0.001551,3.377597e-06,3.905523e-06,1.524e-23,4.426e-24
step143000,143000,O,u,residual,2048,spike,1572864,0.01408073,0.01421518,0.01279449,0.0263334,0.02646518,0.002199355,0.002066476,0.001565,0.001551,5.095346e-05,4.859198e-05,1.524e-23,4.426e-24
step143000,143000,O,u,residual,2048,32-64,1572864,0.001329468,0.001463918,0.002778371,0.003683631,0.003815411,0.001883825,0.002173106,0.001565,0.001551,0,0,1.524e-23,4.426e-24
step143000,143000,O,u,residual,2048,64-128,3145728,0.0006218414,0.0007562912,0.001619339,0.002122784,0.002254564,0.001853716,0.001989501,0.001565,0.001551,0,0,1.524e-23,4.426e-24
step143000,143000,O,u,residual,2048,128-256,6291456,0.0004798021,0.0006087895,0.000802358,0.001276698,0.001411148,0.001819134,0.001875537,0.001565,0.001551,0,0,1.524e-23,4.426e-24
step143000,143000,O,u,residual,2048,256-512,1.258291e+07,0.0003248513,0.0004593011,0.0002059937,0.0003318237,0.0004488967,0.00178521,0.001805294,0.001565,0.001551,0,0,1.524e-23,4.426e-24
step143000,143000,O,u,residual,2048,512-1024,2.516582e+07,0.0001472478,0.0002790281,8.789698e-05,0.0001795139,0.000296587,0.001778455,0.00176184,0.001565,0.001551,0,0,1.524e-23,4.426e-24
step143000,143000,O,u,residual,2048,1024-2048,5.033165e+07,0.0001845063,0.0003163893,0.0004044771,0.0004320985,0.0005491716,0.001782545,0.00179144,0.001565,0.001551,0,0,1.524e-23,4.426e-24
step143000,143000,O,v,head,2048,spike,1572864,0.05916141,0.05929319,0.02845891,0.0307025,0.03083428,0.007737114,0.005177634,0.001565,0.001551,5.63122e-06,0,1.524e-23,4.426e-24
step143000,143000,O,v,head,2048,32-64,1572864,0.02928216,0.02941394,0.003383001,0.02599134,0.02612313,0.004862467,0.004634766,0.001565,0.001551,0,0,1.524e-23,4.426e-24
step143000,143000,O,v,head,2048,64-128,3145728,0.01987271,0.02000716,0.0003884633,0.02024673,0.02037851,0.003818285,0.003816695,0.001565,0.001551,0,0,1.524e-23,4.426e-24
step143000,143000,O,v,head,2048,128-256,6291456,0.01384249,0.01397427,0.0008039474,0.01316872,0.0133005,0.003095967,0.003011476,0.001565,0.001551,0,0,1.524e-23,4.426e-24
step143000,143000,O,v,head,2048,256-512,1.258291e+07,0.01033185,0.01046363,0.004347245,0.005984609,0.006116389,0.002731982,0.002228555,0.001565,0.001551,0,0,1.524e-23,4.426e-24
step143000,143000,O,v,head,2048,512-1024,2.516582e+07,0.00431091,0.004442691,0.003295541,0.001023237,0.001155018,0.002170109,0.001846853,0.001565,0.001551,0,0,1.524e-23,4.426e-24
step143000,143000,O,v,head,2048,1024-2048,5.033165e+07,0.005716231,0.00585068,0.002335469,0.003401246,0.003535695,0.002417471,0.002166209,0.001565,0.001551,1.475925e-06,0,1.524e-23,4.426e-24
step143000,143000,MLP_IN,u,hidden,8192,spike,6291456,0.01399596,0.01402212,0.01891677,0.02900718,0.02904012,0.003536065,0.003464381,0.001565,0.001562,1.628058e-05,2.356938e-05,1.524e-23,1.127e-23
step143000,143000,MLP_IN,u,hidden,8192,32-64,6291456,0.008842214,0.008875153,0.003168424,0.01166698,0.01170058,0.002692609,0.003304186,0.001565,0.001562,1.203446e-06,3.40598e-07,1.524e-23,1.127e-23
step143000,143000,MLP_IN,u,hidden,8192,64-128,1.258291e+07,0.0074574,0.007490338,0.002945344,0.01023623,0.01026983,0.002583572,0.003079528,0.001565,0.001562,4.541306e-08,0,1.524e-23,1.127e-23
step143000,143000,MLP_IN,u,hidden,8192,128-256,2.516582e+07,0.007452375,0.00748598,0.0004576047,0.007702237,0.007735842,0.00264119,0.002709094,0.001565,0.001562,8.514949e-08,0,1.524e-23,1.127e-23
step143000,143000,MLP_IN,u,hidden,8192,256-512,5.033165e+07,0.006525344,0.006558949,0.001386305,0.005159781,0.005193386,0.00257565,0.002371331,0.001565,0.001562,3.122148e-08,0,1.524e-23,1.127e-23
step143000,143000,MLP_IN,u,hidden,8192,512-1024,1.006633e+08,0.003753817,0.003787422,0.001310964,0.002442853,0.002476458,0.002221867,0.002036228,0.001565,0.001562,0,0,1.524e-23,1.127e-23
step143000,143000,MLP_IN,u,hidden,8192,1024-2048,2.013266e+08,0.002096991,0.002129953,0.001641378,0.0005250618,0.0005580003,0.002017428,0.001818954,0.001565,0.001562,2.978104e-06,0,1.524e-23,1.127e-23
step143000,143000,MLP_IN,v,residual,2048,spike,1572864,0.001563344,0.00143044,0.007107417,0.00555474,0.00568652,0.001885641,0.002128238,0.001565,0.001551,0,0,1.524e-23,4.426e-24
step143000,143000,MLP_IN,v,residual,2048,32-64,1572864,0.002787813,0.002919593,0.002621333,0.005301588,0.005427114,0.001919247,0.002218791,0.001565,0.001551,0,0,1.524e-23,4.426e-24
step143000,143000,MLP_IN,v,residual,2048,64-128,3145728,0.003688289,0.003813815,0.001034101,0.004686786,0.004812312,0.002002625,0.00212465,0.001565,0.001551,0,0,1.524e-23,4.426e-24
step143000,143000,MLP_IN,v,residual,2048,128-256,6291456,0.004219278,0.004351059,0.0007751783,0.003646597,0.003778377,0.002044769,0.002034982,0.001565,0.001551,0,0,1.524e-23,4.426e-24
step143000,143000,MLP_IN,v,residual,2048,256-512,1.258291e+07,0.003654107,0.00377118,0.001581192,0.002269849,0.002386922,0.001989308,0.001893645,0.001565,0.001551,0,0,1.524e-23,4.426e-24
step143000,143000,MLP_IN,v,residual,2048,512-1024,2.516582e+07,0.002157752,0.002274825,0.001197855,0.00100174,0.001118813,0.001864978,0.001808161,0.001565,0.001551,0,0,1.524e-23,4.426e-24
step143000,143000,MLP_IN,v,residual,2048,1024-2048,5.033165e+07,0.00370056,0.00383501,0.001141886,0.002591497,0.002725947,0.002051107,0.001942555,0.001565,0.001551,1.268444e-05,4.192193e-06,1.524e-23,4.426e-24
step143000,143000,MLP_OUT,u,residual,2048,spike,1572864,0.0179506,0.01808238,0.0249958,0.04086537,0.04098244,0.002371016,0.002133142,0.001565,0.001551,7.901873e-05,6.312416e-05,1.524e-23,4.426e-24
step143000,143000,MLP_OUT,u,residual,2048,32-64,1572864,0.002717382,0.002851832,0.001534144,0.004163788,0.004298238,0.00206693,0.002246221,0.001565,0.001551,3.633045e-07,9.990874e-07,1.524e-23,4.426e-24
step143000,143000,MLP_OUT,u,residual,2048,64-128,3145728,0.001829688,0.001961469,0.001266162,0.002967947,0.003093473,0.00195585,0.002097039,0.001565,0.001551,0,1.816523e-07,1.524e-23,4.426e-24
step143000,143000,MLP_OUT,u,residual,2048,128-256,6291456,0.001106962,0.001238742,0.001481215,0.002588177,0.002719958,0.001869588,0.001964342,0.001565,0.001551,0,0,1.524e-23,4.426e-24
step143000,143000,MLP_OUT,u,residual,2048,256-512,1.258291e+07,0.001108234,0.001240014,0.0004722277,0.001418147,0.001543673,0.001828375,0.001835119,0.001565,0.001551,0,0,1.524e-23,4.426e-24
step143000,143000,MLP_OUT,u,residual,2048,512-1024,2.516582e+07,0.000717267,0.0008343401,0.0003165801,0.0007965412,0.0009136142,0.001798743,0.00179163,0.001565,0.001551,0,0,1.524e-23,4.426e-24
step143000,143000,MLP_OUT,u,residual,2048,1024-2048,5.033165e+07,0.0010302,0.001134861,0.001010756,0.001697724,0.001829504,0.001854423,0.00186185,0.001565,0.001551,3.513836e-06,1.890319e-06,1.524e-23,4.426e-24
step143000,143000,MLP_OUT,v,hidden,8192,spike,6291456,0.05399804,0.05403164,0.00766325,0.0537246,0.05375756,0.007315931,0.005489803,0.001565,0.001562,0.0001122157,0.0002290408,1.524e-23,1.127e-23
step143000,143000,MLP_OUT,v,hidden,8192,32-64,6291456,0.03311353,0.03314713,0.001822631,0.03291956,0.03295252,0.005844411,0.005990914,0.001565,0.001562,5.519958e-05,4.97273e-05,1.524e-23,1.127e-23
step143000,143000,MLP_OUT,v,hidden,8192,64-128,1.258291e+07,0.02358491,0.02361787,0.001347939,0.02232352,0.02235648,0.005010083,0.005146242,0.001565,0.001562,2.027693e-05,5.381448e-06,1.524e-23,1.127e-23
step143000,143000,MLP_OUT,v,hidden,8192,128-256,2.516582e+07,0.01468983,0.0147228,0.0006619294,0.01412132,0.01415429,0.00394954,0.00397064,0.001565,0.001562,2.940496e-06,6.244296e-08,1.524e-23,1.127e-23
step143000,143000,MLP_OUT,v,hidden,8192,256-512,5.033165e+07,0.007824566,0.007858171,0.0003949404,0.007476793,0.007510398,0.002856936,0.002861168,0.001565,0.001562,2.270653e-08,0,1.524e-23,1.127e-23
step143000,143000,MLP_OUT,v,hidden,8192,512-1024,1.006633e+08,0.003886735,0.00392034,0.001105994,0.002832667,0.002866272,0.002233185,0.002136152,0.001565,0.001562,0,0,1.524e-23,1.127e-23
step143000,143000,MLP_OUT,v,hidden,8192,1024-2048,2.013266e+08,0.001976705,0.00201031,0.001560907,0.0004272164,0.000460179,0.002003749,0.001825583,0.001565,0.001562,8.373033e-07,0,1.524e-23,1.127e-23
