rev,step,M,side,class,n,band,count,ks_pt_trained,ks_exact_trained,ks_trained_vs_null,ks_pt_null,ks_exact_null,tail10_trained,tail10_null,tail10_pt,tail10_exact,tail100_trained,tail100_null,tail100_pt,tail100_exact
step0,0,Q,u,head,1024,spike,786432,0.0006987317,0.0005466073,0.002285004,0.001586272,0.001795671,0.001756577,0.002023061,0.001565,0.001536,0,0,1.524e-23,1.178e-24
step0,0,Q,u,head,1024,32-64,786432,0.0008138478,0.001082827,0.001118978,0.001498335,0.001749446,0.001735324,0.00188991,0.001565,0.001536,0,0,1.524e-23,1.178e-24
step0,0,Q,u,head,1024,64-128,1572864,0.0007514496,0.0004824707,0.001437505,0.000945831,0.001180028,0.001727695,0.001796995,0.001565,0.001536,0,0,1.524e-23,1.178e-24
step0,0,Q,u,head,1024,128-256,3145728,0.0004245178,0.0005333588,0.0005585353,0.0004471704,0.0006226214,0.001731827,0.001787685,0.001565,0.001536,0,0,1.524e-23,1.178e-24
step0,0,Q,u,head,1024,256-512,6291456,0.0003883142,0.0001538807,0.0002638499,0.0004220107,0.0002090288,0.001751605,0.001749629,0.001565,0.001536,0,0,1.524e-23,1.178e-24
step0,0,Q,u,head,1024,512-1024,1.258291e+07,0.0004129294,0.0002178342,0.0005045732,0.0001731868,0.0003473911,0.001728205,0.001760505,0.001565,0.001536,0,0,1.524e-23,1.178e-24
step0,0,Q,v,residual,1024,spike,786432,0.0006226002,0.0006149611,0.002019246,0.001654848,0.001918478,0.001712617,0.001949674,0.001565,0.001536,0,0,1.524e-23,1.178e-24
step0,0,Q,v,residual,1024,32-64,786432,0.0005805673,0.0007588966,0.001321157,0.001329458,0.001544476,0.001756577,0.001877558,0.001565,0.001536,0,0,1.524e-23,1.178e-24
step0,0,Q,v,residual,1024,64-128,1572864,0.0004045917,0.000661684,0.000904719,0.0006752472,0.0009442261,0.001718158,0.001851036,0.001565,0.001536,0,0,1.524e-23,1.178e-24
step0,0,Q,v,residual,1024,128-256,3145728,0.0005734304,0.0003044515,0.0005175273,0.0001960933,0.0002899207,0.001737685,0.001775832,0.001565,0.001536,0,0,1.524e-23,1.178e-24
step0,0,Q,v,residual,1024,256-512,6291456,0.0003442307,0.0002023271,0.0002690951,0.0003329617,0.0002089073,0.001748744,0.001734665,0.001565,0.001536,0,0,1.524e-23,1.178e-24
step0,0,Q,v,residual,1024,512-1024,1.258291e+07,0.0002790047,9.813376e-05,0.0004066626,0.0001733008,0.0003618551,0.001749584,0.001743589,0.001565,0.001536,0,0,1.524e-23,1.178e-24
step0,0,K,u,head,1024,spike,786432,0.0003774721,0.0004118014,0.002343496,0.002275372,0.002539003,0.001745133,0.00191298,0.001565,0.001536,0,0,1.524e-23,1.178e-24
step0,0,K,u,head,1024,32-64,786432,0.0003649851,0.0006339641,0.0008506775,0.0009146866,0.001165798,0.001823062,0.001918248,0.001565,0.001536,0,0,1.524e-23,1.178e-24
step0,0,K,u,head,1024,64-128,1572864,0.0006485934,0.0004052138,0.001347224,0.0006986305,0.000962261,0.001780465,0.001788911,0.001565,0.001536,0,0,1.524e-23,1.178e-24
step0,0,K,u,head,1024,128-256,3145728,0.0005956828,0.0004288653,0.0008548101,0.0004028042,0.0006178221,0.001762799,0.001767794,0.001565,0.001536,0,0,1.524e-23,1.178e-24
step0,0,K,u,head,1024,256-512,6291456,0.0002850447,0.0001639342,0.0002972285,0.0004893481,0.0002203692,0.001755805,0.001744043,0.001565,0.001536,0,0,1.524e-23,1.178e-24
step0,0,K,u,head,1024,512-1024,1.258291e+07,0.000217138,0.0002700488,0.0002861023,0.000267885,0.0001285979,0.001749141,0.001755658,0.001565,0.001536,0,0,1.524e-23,1.178e-24
step0,0,K,v,residual,1024,spike,786432,0.001229838,0.001133983,0.00182724,0.001232614,0.001496467,0.001752581,0.00189536,0.001565,0.001536,0,0,1.524e-23,1.178e-24
step0,0,K,v,residual,1024,32-64,786432,0.0006626709,0.0005538299,0.00243632,0.001830324,0.002093955,0.001737504,0.001833053,0.001565,0.001536,0,0,1.524e-23,1.178e-24
step0,0,K,v,residual,1024,64-128,1572864,0.0004520026,0.0003598102,0.0009295146,0.0008009176,0.00106477,0.001682191,0.001829057,0.001565,0.001536,0,0,1.524e-23,1.178e-24
step0,0,K,v,residual,1024,128-256,3145728,0.0002636161,0.000490595,0.0004552205,0.0002073998,0.0004638921,0.001748176,0.001727967,0.001565,0.001536,0,0,1.524e-23,1.178e-24
step0,0,K,v,residual,1024,256-512,6291456,0.0002255538,0.0002384855,0.0003072421,0.0004125773,0.000213719,0.001734756,0.001740524,0.001565,0.001536,0,0,1.524e-23,1.178e-24
step0,0,K,v,residual,1024,512-1024,1.258291e+07,0.0002413928,0.0002094835,0.0002462069,0.000127663,0.0002908859,0.001745042,0.00176893,0.001565,0.001536,0,0,1.524e-23,1.178e-24
step0,0,V,u,head,1024,spike,786432,0.0008057057,0.000541853,0.002352397,0.001642447,0.0018873,0.001766386,0.002000536,0.001565,0.001536,0,0,1.524e-23,1.178e-24
step0,0,V,u,head,1024,32-64,786432,0.0006852122,0.0008085208,0.001209259,0.001007752,0.001222769,0.001749674,0.001900809,0.001565,0.001536,0,0,1.524e-23,1.178e-24
step0,0,V,u,head,1024,64-128,1572864,0.0008139638,0.0006906552,0.001403173,0.0009268026,0.001190655,0.00175031,0.001839865,0.001565,0.001536,0,0,1.524e-23,1.178e-24
step0,0,V,u,head,1024,128-256,3145728,0.0003103597,0.0003527006,0.0002269745,0.0002948542,0.0002871788,0.001786595,0.001761255,0.001565,0.001536,0,0,1.524e-23,1.178e-24
step0,0,V,u,head,1024,256-512,6291456,0.0006739759,0.0004228648,0.0002854665,0.000553067,0.0002947363,0.001735687,0.001740978,0.001565,0.001536,0,0,1.524e-23,1.178e-24
step0,0,V,u,head,1024,512-1024,1.258291e+07,0.0004910862,0.0003156352,0.0004045169,0.0002528213,0.0001708024,0.001743339,0.001761777,0.001565,0.001536,0,0,1.524e-23,1.178e-24
step0,0,V,v,residual,1024,spike,786432,0.0009322283,0.001127323,0.001132965,0.001067473,0.001276872,0.001792181,0.001923516,0.001565,0.001536,0,0,1.524e-23,1.178e-24
step0,0,V,v,residual,1024,32-64,786432,0.001205022,0.0009708252,0.001731873,0.001423512,0.001632911,0.001693726,0.001884824,0.001565,0.001536,0,0,1.524e-23,1.178e-24
step0,0,V,v,residual,1024,64-128,1572864,0.0004124379,0.0005761078,0.00096639,0.0008019425,0.001046795,0.001741591,0.001805442,0.001565,0.001536,0,0,1.524e-23,1.178e-24
step0,0,V,v,residual,1024,128-256,3145728,0.0003923729,0.0003080071,0.0003169378,0.0002865496,0.0002737197,0.001751355,0.001741727,0.001565,0.001536,0,0,1.524e-23,1.178e-24
step0,0,V,v,residual,1024,256-512,6291456,0.0002549194,0.0002811046,0.0004760424,0.0004708329,0.0003141065,0.001747177,0.001711505,0.001565,0.001536,0,0,1.524e-23,1.178e-24
step0,0,V,v,residual,1024,512-1024,1.258291e+07,0.0002367934,0.0001779549,0.0003046195,0.0003747606,0.0001266645,0.001754806,0.001761664,0.001565,0.001536,0,0,1.524e-23,1.178e-24
step0,0,O,u,residual,1024,spike,786432,0.0007107595,0.0004417806,0.002010345,0.001358888,0.001617266,0.001705533,0.001942044,0.001565,0.001536,0,0,1.524e-23,1.178e-24
step0,0,O,u,residual,1024,32-64,786432,0.00103971,0.0007885989,0.002983093,0.002249867,0.00251372,0.001701173,0.001837231,0.001565,0.001536,0,0,1.524e-23,1.178e-24
step0,0,O,u,residual,1024,64-128,1572864,0.0004201765,0.0005513123,0.0008595785,0.0006585417,0.0008337314,0.001765297,0.001837594,0.001565,0.001536,0,0,1.524e-23,1.178e-24
step0,0,O,u,residual,1024,128-256,3145728,0.0005305671,0.0004199048,0.0006478628,0.0002746225,0.0004148272,0.001737867,0.001766023,0.001565,0.001536,0,0,1.524e-23,1.178e-24
step0,0,O,u,residual,1024,256-512,6291456,0.0002428077,0.0001525093,0.0003441175,0.0004299545,0.0002712906,0.00174318,0.001746723,0.001565,0.001536,0,0,1.524e-23,1.178e-24
step0,0,O,u,residual,1024,512-1024,1.258291e+07,0.0002066632,0.000137425,0.0002257824,0.0002526941,0.0002592507,0.001746132,0.001764127,0.001565,0.001536,0,0,1.524e-23,1.178e-24
step0,0,O,v,head,1024,spike,786432,0.000796422,0.001051038,0.001166026,0.0009899076,0.001199307,0.001754579,0.001858847,0.001565,0.001536,0,0,1.524e-23,1.178e-24
step0,0,O,v,head,1024,32-64,786432,0.0009478548,0.0008364366,0.002015432,0.001762857,0.00202671,0.001686459,0.001913343,0.001565,0.001536,0,0,1.524e-23,1.178e-24
step0,0,O,v,head,1024,64-128,1572864,0.00110114,0.0008861223,0.001224518,0.0004705184,0.0005627108,0.001742772,0.001794543,0.001565,0.001536,0,0,1.524e-23,1.178e-24
step0,0,O,v,head,1024,128-256,3145728,0.0005480091,0.000441004,0.0006914139,0.0003689102,0.0004922188,0.001749311,0.001771654,0.001565,0.001536,0,0,1.524e-23,1.178e-24
step0,0,O,v,head,1024,256-512,6291456,0.0003210246,0.0002767175,0.0002261798,0.0004043463,0.0002092511,0.001739207,0.001744066,0.001565,0.001536,0,0,1.524e-23,1.178e-24
step0,0,O,v,head,1024,512-1024,1.258291e+07,0.0002891837,0.0001740456,0.0002167225,0.0001516957,0.0002154546,0.001740762,0.001780975,0.001565,0.001536,0,0,1.524e-23,1.178e-24
step0,0,MLP_IN,u,hidden,4096,spike,3145728,0.0003965724,0.0003657525,0.001094818,0.000981236,0.001047117,0.001759484,0.001876831,0.001565,0.001558,0,0,1.524e-23,8.299e-24
step0,0,MLP_IN,u,hidden,4096,32-64,3145728,0.0003048936,0.0003292033,0.0009991328,0.0006942392,0.0007334108,0.001791636,0.001851354,0.001565,0.001558,0,0,1.524e-23,8.299e-24
step0,0,MLP_IN,u,hidden,4096,64-128,6291456,0.0002547259,0.0001888445,0.0008713404,0.0006306506,0.0006934058,0.001745496,0.001823857,0.001565,0.001558,0,0,1.524e-23,8.299e-24
step0,0,MLP_IN,u,hidden,4096,128-256,1.258291e+07,0.0002570613,0.000194306,0.0006350676,0.0003995558,0.0004667708,0.001770224,0.001793782,0.001565,0.001558,0,0,1.524e-23,8.299e-24
step0,0,MLP_IN,u,hidden,4096,256-512,2.516582e+07,9.776147e-05,0.000109353,0.000177145,9.686201e-05,0.0001627434,0.001779,0.001775026,0.001565,0.001558,0,0,1.524e-23,8.299e-24
step0,0,MLP_IN,u,hidden,4096,512-1024,5.033165e+07,0.0001423819,9.006162e-05,0.000138859,4.583762e-05,6.830529e-05,0.001773576,0.001772265,0.001565,0.001558,0,0,1.524e-23,8.299e-24
step0,0,MLP_IN,v,residual,1024,spike,786432,0.0006294608,0.0005029552,0.001440684,0.0009235786,0.001161897,0.00178328,0.001879193,0.001565,0.001536,0,0,1.524e-23,1.178e-24
step0,0,MLP_IN,v,residual,1024,32-64,786432,0.001582678,0.00134848,0.002990723,0.00142864,0.001643658,0.001771109,0.00187447,0.001565,0.001536,0,0,1.524e-23,1.178e-24
step0,0,MLP_IN,v,residual,1024,64-128,1572864,0.0003940471,0.0005262001,0.0008557638,0.0006784261,0.000947405,0.001696087,0.001877648,0.001565,0.001536,0,0,1.524e-23,1.178e-24
step0,0,MLP_IN,v,residual,1024,128-256,3145728,0.0002156992,0.000341737,0.0006059011,0.0004757362,0.0006708313,0.001761119,0.001779375,0.001565,0.001536,0,0,1.524e-23,1.178e-24
step0,0,MLP_IN,v,residual,1024,256-512,6291456,0.0003253682,0.000195593,0.0002560616,0.0004122595,0.0001541621,0.001737209,0.001744157,0.001565,0.001536,0,0,1.524e-23,1.178e-24
step0,0,MLP_IN,v,residual,1024,512-1024,1.258291e+07,0.0003627295,0.0001464374,0.000390927,0.0001516097,0.000308325,0.001744248,0.001768623,0.001565,0.001536,0,0,1.524e-23,1.178e-24
step0,0,MLP_OUT,u,residual,1024,spike,786432,0.001187781,0.001103508,0.00194931,0.001152895,0.0014011,0.001813798,0.001885732,0.001565,0.001536,0,0,1.524e-23,1.178e-24
step0,0,MLP_OUT,u,residual,1024,32-64,786432,0.001043525,0.0007924136,0.002000173,0.00116148,0.001425111,0.001755487,0.001906985,0.001565,0.001536,0,0,1.524e-23,1.178e-24
step0,0,MLP_OUT,u,residual,1024,64-128,1572864,0.0005209201,0.0003149662,0.0008742015,0.0003532813,0.0005874786,0.001738321,0.001795632,0.001565,0.001536,0,0,1.524e-23,1.178e-24
step0,0,MLP_OUT,u,residual,1024,128-256,3145728,0.0005699336,0.0003228973,0.0007940928,0.0002995667,0.0005506777,0.001730147,0.001757122,0.001565,0.001536,0,0,1.524e-23,1.178e-24
step0,0,MLP_OUT,u,residual,1024,256-512,6291456,0.0004153712,0.0002302813,0.0003369649,0.0006081362,0.0003679283,0.001768362,0.001735256,0.001565,0.001536,0,0,1.524e-23,1.178e-24
step0,0,MLP_OUT,u,residual,1024,512-1024,1.258291e+07,0.0004542552,0.0002591601,0.0004096826,0.0001875741,0.0001868408,0.001749277,0.001770723,0.001565,0.001536,0,0,1.524e-23,1.178e-24
step0,0,MLP_OUT,v,hidden,4096,spike,3145728,0.0004893298,0.0004948396,0.0012242,0.0008597275,0.0009256583,0.001756123,0.001889819,0.001565,0.001558,0,0,1.524e-23,8.299e-24
step0,0,MLP_OUT,v,hidden,4096,32-64,3145728,0.0006925527,0.0006653488,0.001330058,0.0008832515,0.0009491822,0.00176843,0.001855078,0.001565,0.001558,0,0,1.524e-23,8.299e-24
step0,0,MLP_OUT,v,hidden,4096,64-128,6291456,0.0001675748,0.0002130347,0.0008751551,0.000767017,0.0008255472,0.001766636,0.00186818,0.001565,0.001558,0,0,1.524e-23,8.299e-24
step0,0,MLP_OUT,v,hidden,4096,128-256,1.258291e+07,0.0002470839,0.0002204566,0.0005412102,0.0004668082,0.0005326896,0.001745349,0.001812912,0.001565,0.001558,0,0,1.524e-23,8.299e-24
step0,0,MLP_OUT,v,hidden,4096,256-512,2.516582e+07,0.0001608232,9.489247e-05,0.0002476772,0.0001571394,0.0002183197,0.001773465,0.00179016,0.001565,0.001558,0,0,1.524e-23,8.299e-24
step0,0,MLP_OUT,v,hidden,4096,512-1024,5.033165e+07,9.156349e-05,8.356384e-05,0.0001131495,0.0001534207,9.22404e-05,0.001765509,0.001763999,0.001565,0.001558,0,0,1.524e-23,8.299e-24
step1,1,Q,u,head,1024,spike,786432,0.0006987317,0.0005466073,0.001750946,0.001480273,0.001675368,0.001756577,0.001964206,0.001565,0.001536,0,0,1.524e-23,1.178e-24
step1,1,Q,u,head,1024,32-64,786432,0.0008138478,0.001082827,0.001296997,0.001186417,0.001455396,0.001735324,0.001960936,0.001565,0.001536,0,0,1.524e-23,1.178e-24
step1,1,Q,u,head,1024,64-128,1572864,0.0007514496,0.0004824707,0.001166662,0.0005720358,0.0008358885,0.001727695,0.001810256,0.001565,0.001536,0,0,1.524e-23,1.178e-24
step1,1,Q,u,head,1024,128-256,3145728,0.0004245178,0.0005333588,0.0004555384,0.0002195501,0.0002569448,0.001731827,0.001767658,0.001565,0.001536,0,0,1.524e-23,1.178e-24
step1,1,Q,u,head,1024,256-512,6291456,0.0003883142,0.0001538807,0.0003023148,0.0002454672,0.0002032212,0.001751605,0.001746268,0.001565,0.001536,0,0,1.524e-23,1.178e-24
step1,1,Q,u,head,1024,512-1024,1.258291e+07,0.0004129294,0.0002178342,0.0005036195,0.0001591869,0.0004152494,0.001728205,0.001772086,0.001565,0.001536,0,0,1.524e-23,1.178e-24
step1,1,Q,v,residual,1024,spike,786432,0.0006226002,0.0006149611,0.001857758,0.001278553,0.00149901,0.001712617,0.001873016,0.001565,0.001536,0,0,1.524e-23,1.178e-24
step1,1,Q,v,residual,1024,32-64,786432,0.0005805673,0.0007588966,0.001052856,0.000726531,0.0009903838,0.001756577,0.001875196,0.001565,0.001536,0,0,1.524e-23,1.178e-24
step1,1,Q,v,residual,1024,64-128,1572864,0.0004045917,0.000661684,0.0007998149,0.0006432435,0.0009070962,0.001718158,0.001796904,0.001565,0.001536,0,0,1.524e-23,1.178e-24
step1,1,Q,v,residual,1024,128-256,3145728,0.0005734304,0.0003044515,0.000620842,0.0003252387,0.0003932354,0.001737685,0.001741546,0.001565,0.001536,0,0,1.524e-23,1.178e-24
step1,1,Q,v,residual,1024,256-512,6291456,0.0003442307,0.0002023271,0.0002586047,0.0004410131,0.0001961601,0.001748744,0.001750469,0.001565,0.001536,0,0,1.524e-23,1.178e-24
step1,1,Q,v,residual,1024,512-1024,1.258291e+07,0.0002790047,9.813376e-05,0.000270764,0.0001685006,0.0002157391,0.001749584,0.001779363,0.001565,0.001536,0,0,1.524e-23,1.178e-24
step1,1,K,u,head,1024,spike,786432,0.0003774721,0.0004118014,0.001809438,0.001745019,0.00199613,0.001745133,0.001907167,0.001565,0.001536,0,0,1.524e-23,1.178e-24
step1,1,K,u,head,1024,32-64,786432,0.0003649851,0.0006339641,0.001019796,0.001056029,0.001265428,0.001823062,0.001926604,0.001565,0.001536,0,0,1.524e-23,1.178e-24
step1,1,K,u,head,1024,64-128,1572864,0.0006485934,0.0004052138,0.00164032,0.001079595,0.001324108,0.001780465,0.001843225,0.001565,0.001536,0,0,1.524e-23,1.178e-24
step1,1,K,u,head,1024,128-256,3145728,0.0005956828,0.0004288653,0.0007139842,0.0001605904,0.000420574,0.001762799,0.001768612,0.001565,0.001536,0,0,1.524e-23,1.178e-24
step1,1,K,u,head,1024,256-512,6291456,0.0002850447,0.0001639342,0.0002074242,0.0003028865,0.0002611987,0.001755805,0.001753535,0.001565,0.001536,0,0,1.524e-23,1.178e-24
step1,1,K,u,head,1024,512-1024,1.258291e+07,0.000217138,0.0002700488,0.0001150767,0.0001701612,0.0002771321,0.001749141,0.001776593,0.001565,0.001536,0,0,1.524e-23,1.178e-24
step1,1,K,v,residual,1024,spike,786432,0.001229838,0.001133983,0.002206167,0.001786596,0.002055575,0.001752581,0.001946404,0.001565,0.001536,0,0,1.524e-23,1.178e-24
step1,1,K,v,residual,1024,32-64,786432,0.0006626709,0.0005538299,0.001942952,0.00150189,0.001696985,0.001737504,0.001865205,0.001565,0.001536,0,0,1.524e-23,1.178e-24
step1,1,K,v,residual,1024,64-128,1572864,0.0004520026,0.0003598102,0.001471837,0.001198496,0.001467475,0.001682191,0.001822971,0.001565,0.001536,0,0,1.524e-23,1.178e-24
step1,1,K,v,residual,1024,128-256,3145728,0.0002636161,0.000490595,0.0004673004,0.0003231465,0.0003685259,0.001748176,0.001759529,0.001565,0.001536,0,0,1.524e-23,1.178e-24
step1,1,K,v,residual,1024,256-512,6291456,0.0002255538,0.0002384855,0.0002417564,0.0003112514,0.0002800554,0.001734756,0.001749652,0.001565,0.001536,0,0,1.524e-23,1.178e-24
step1,1,K,v,residual,1024,512-1024,1.258291e+07,0.0002413928,0.0002094835,0.0002131462,0.0001481402,0.0002668007,0.001745042,0.001768782,0.001565,0.001536,0,0,1.524e-23,1.178e-24
step1,1,V,u,head,1024,spike,786432,0.0008057057,0.000541853,0.002114614,0.001535202,0.001769399,0.001766386,0.001825787,0.001565,0.001536,0,0,1.524e-23,1.178e-24
step1,1,V,u,head,1024,32-64,786432,0.0006852122,0.0008085208,0.001824697,0.001263096,0.001525332,0.001749674,0.001885369,0.001565,0.001536,0,0,1.524e-23,1.178e-24
step1,1,V,u,head,1024,64-128,1572864,0.0008139638,0.0006906552,0.001261393,0.0006992663,0.0009628968,0.00175031,0.001803534,0.001565,0.001536,0,0,1.524e-23,1.178e-24
step1,1,V,u,head,1024,128-256,3145728,0.0003103597,0.0003527006,0.0005079905,0.0004026391,0.0005598577,0.001786595,0.001795678,0.001565,0.001536,0,0,1.524e-23,1.178e-24
step1,1,V,u,head,1024,256-512,6291456,0.0006739759,0.0004228648,0.0002290408,0.00056597,0.0003509521,0.001735687,0.001729375,0.001565,0.001536,0,0,1.524e-23,1.178e-24
step1,1,V,u,head,1024,512-1024,1.258291e+07,0.0004910862,0.0003156352,0.0004639626,0.0002284908,0.0002141896,0.001743339,0.001761664,0.001565,0.001536,0,0,1.524e-23,1.178e-24
step1,1,V,v,residual,1024,spike,786432,0.0009322283,0.001127323,0.001569112,0.001589998,0.001853629,0.001792181,0.001924061,0.001565,0.001536,0,0,1.524e-23,1.178e-24
step1,1,V,v,residual,1024,32-64,786432,0.001205022,0.0009708252,0.002905528,0.001766375,0.001961471,0.001693726,0.001926785,0.001565,0.001536,0,0,1.524e-23,1.178e-24
step1,1,V,v,residual,1024,64-128,1572864,0.0004124379,0.0005761078,0.0008163452,0.0006518977,0.0008967506,0.001741591,0.001823062,0.001565,0.001536,0,0,1.524e-23,1.178e-24
step1,1,V,v,residual,1024,128-256,3145728,0.0003923729,0.0003080071,0.0005238851,0.000211873,0.0004336925,0.001751355,0.001754352,0.001565,0.001536,0,0,1.524e-23,1.178e-24
step1,1,V,v,residual,1024,256-512,6291456,0.0002549194,0.0002811046,0.0003018379,0.0003915293,0.0001404183,0.001747177,0.001741296,0.001565,0.001536,0,0,1.524e-23,1.178e-24
step1,1,V,v,residual,1024,512-1024,1.258291e+07,0.0002367934,0.0001779549,0.0002516111,0.0001086132,0.0002835682,0.001754806,0.001775571,0.001565,0.001536,0,0,1.524e-23,1.178e-24
step1,1,O,u,residual,1024,spike,786432,0.0007107595,0.0004417806,0.002339681,0.001682748,0.001946601,0.001705533,0.001907167,0.001565,0.001536,0,0,1.524e-23,1.178e-24
step1,1,O,u,residual,1024,32-64,786432,0.00103971,0.0007885989,0.002352397,0.00146908,0.001703278,0.001701173,0.001860119,0.001565,0.001536,0,0,1.524e-23,1.178e-24
step1,1,O,u,residual,1024,64-128,1572864,0.0004201765,0.0005513123,0.0008977254,0.000971522,0.001240501,0.001765297,0.001798357,0.001565,0.001536,0,0,1.524e-23,1.178e-24
step1,1,O,u,residual,1024,128-256,3145728,0.0005305671,0.0004199048,0.0005315145,0.000237361,0.0003642825,0.001737867,0.001784188,0.001565,0.001536,0,0,1.524e-23,1.178e-24
step1,1,O,u,residual,1024,256-512,6291456,0.0002428077,0.0001525093,0.0002706846,0.0004558106,0.0001868316,0.00174318,0.001749561,0.001565,0.001536,0,0,1.524e-23,1.178e-24
step1,1,O,u,residual,1024,512-1024,1.258291e+07,0.0002066632,0.000137425,0.00010101,0.0001981412,0.0001799877,0.001746132,0.001767306,0.001565,0.001536,0,0,1.524e-23,1.178e-24
step1,1,O,v,head,1024,spike,786432,0.000796422,0.001051038,0.001172384,0.000936043,0.001184871,0.001754579,0.001884824,0.001565,0.001536,0,0,1.524e-23,1.178e-24
step1,1,O,v,head,1024,32-64,786432,0.0009478548,0.0008364366,0.001210531,0.0007951956,0.001059048,0.001686459,0.001862662,0.001565,0.001536,0,0,1.524e-23,1.178e-24
step1,1,O,v,head,1024,64-128,1572864,0.00110114,0.0008861223,0.00132815,0.0007748505,0.001038703,0.001742772,0.00187347,0.001565,0.001536,0,0,1.524e-23,1.178e-24
step1,1,O,v,head,1024,128-256,3145728,0.0005480091,0.000441004,0.0003442764,0.0003075039,0.0004312127,0.001749311,0.001794497,0.001565,0.001536,0,0,1.524e-23,1.178e-24
step1,1,O,v,head,1024,256-512,6291456,0.0003210246,0.0002767175,0.0004881223,0.0004892412,0.0002798423,0.001739207,0.001728308,0.001565,0.001536,0,0,1.524e-23,1.178e-24
step1,1,O,v,head,1024,512-1024,1.258291e+07,0.0002891837,0.0001740456,0.0003345807,0.0001281201,0.0002509856,0.001740762,0.001756452,0.001565,0.001536,0,0,1.524e-23,1.178e-24
step1,1,MLP_IN,u,hidden,4096,spike,3145728,0.0003965724,0.0003657525,0.001333237,0.0010375,0.00109868,0.001759484,0.001855714,0.001565,0.001558,0,0,1.524e-23,8.299e-24
step1,1,MLP_IN,u,hidden,4096,32-64,3145728,0.0003048936,0.0003292033,0.001226425,0.001064413,0.001127169,0.001791636,0.001835914,0.001565,0.001558,0,0,1.524e-23,8.299e-24
step1,1,MLP_IN,u,hidden,4096,64-128,6291456,0.0002547259,0.0001888445,0.001027425,0.000773579,0.0008395097,0.001745496,0.001849492,0.001565,0.001558,0,0,1.524e-23,8.299e-24
step1,1,MLP_IN,u,hidden,4096,128-256,1.258291e+07,0.0002570613,0.000194306,0.000840346,0.0006295503,0.0006967652,0.001770224,0.001829443,0.001565,0.001558,0,0,1.524e-23,8.299e-24
step1,1,MLP_IN,u,hidden,4096,256-512,2.516582e+07,9.776147e-05,0.000109353,0.0004130999,0.0003219506,0.0003891655,0.001779,0.001795002,0.001565,0.001558,0,0,1.524e-23,8.299e-24
step1,1,MLP_IN,u,hidden,4096,512-1024,5.033165e+07,0.0001423819,9.006162e-05,0.0002124111,0.0001043722,0.0001702536,0.001773576,0.001773457,0.001565,0.001558,0,0,1.524e-23,8.299e-24
step1,1,MLP_IN,v,residual,1024,spike,786432,0.0006294608,0.0005029552,0.001692454,0.001260663,0.001526603,0.00178328,0.001866295,0.001565,0.001536,0,0,1.524e-23,1.178e-24
step1,1,MLP_IN,v,residual,1024,32-64,786432,0.001582678,0.00134848,0.002217611,0.0008444902,0.001039585,0.001771109,0.001879374,0.001565,0.001536,0,0,1.524e-23,1.178e-24
step1,1,MLP_IN,v,residual,1024,64-128,1572864,0.0003940471,0.0005262001,0.0007699331,0.000907693,0.001158804,0.001696087,0.001812163,0.001565,0.001536,0,0,1.524e-23,1.178e-24
step1,1,MLP_IN,v,residual,1024,128-256,3145728,0.0002156992,0.000341737,0.0004485448,0.0003478022,0.0004217962,0.001761119,0.001763889,0.001565,0.001536,0,0,1.524e-23,1.178e-24
step1,1,MLP_IN,v,residual,1024,256-512,6291456,0.0003253682,0.000195593,0.0001928012,0.0002574308,0.0002860331,0.001737209,0.001729897,0.001565,0.001536,0,0,1.524e-23,1.178e-24
step1,1,MLP_IN,v,residual,1024,512-1024,1.258291e+07,0.0003627295,0.0001464374,0.000464201,0.0001198514,0.0003736904,0.001744248,0.001779897,0.001565,0.001536,0,0,1.524e-23,1.178e-24
step1,1,MLP_OUT,u,residual,1024,spike,786432,0.001187781,0.001103508,0.00149409,0.001013022,0.001267585,0.001813798,0.001826332,0.001565,0.001536,0,0,1.524e-23,1.178e-24
step1,1,MLP_OUT,u,residual,1024,32-64,786432,0.001043525,0.0007924136,0.001595815,0.001291781,0.001449,0.001755487,0.001870473,0.001565,0.001536,0,0,1.524e-23,1.178e-24
step1,1,MLP_OUT,u,residual,1024,64-128,1572864,0.0005209201,0.0003149662,0.0008207957,0.0004959564,0.0007649353,0.001738321,0.001834779,0.001565,0.001536,0,0,1.524e-23,1.178e-24
step1,1,MLP_OUT,u,residual,1024,128-256,3145728,0.0005699336,0.0003228973,0.0005766551,0.0002287842,0.0004736371,0.001730147,0.001794815,0.001565,0.001536,0,0,1.524e-23,1.178e-24
step1,1,MLP_OUT,u,residual,1024,256-512,6291456,0.0004153712,0.0002302813,0.000371774,0.0004472796,0.0002378806,0.001768362,0.001740615,0.001565,0.001536,0,0,1.524e-23,1.178e-24
step1,1,MLP_OUT,u,residual,1024,512-1024,1.258291e+07,0.0004542552,0.0002591601,0.000449578,0.0001157462,0.0002638316,0.001749277,0.001764343,0.001565,0.001536,0,0,1.524e-23,1.178e-24
step1,1,MLP_OUT,v,hidden,4096,spike,3145728,0.0004893298,0.0004948396,0.001155535,0.0007198553,0.000785786,0.001756123,0.001890637,0.001565,0.001558,0,0,1.524e-23,8.299e-24
step1,1,MLP_OUT,v,hidden,4096,32-64,3145728,0.0006925527,0.0006653488,0.001156807,0.0007850231,0.0008509538,0.00176843,0.001822608,0.001565,0.001558,0,0,1.524e-23,8.299e-24
step1,1,MLP_OUT,v,hidden,4096,64-128,6291456,0.0001675748,0.0002130347,0.0008033117,0.0007326266,0.0007998415,0.001766636,0.001843452,0.001565,0.001558,0,0,1.524e-23,8.299e-24
step1,1,MLP_OUT,v,hidden,4096,128-256,1.258291e+07,0.0002470839,0.0002204566,0.0005431175,0.0004771452,0.0005430759,0.001745349,0.001808076,0.001565,0.001558,0,0,1.524e-23,8.299e-24
step1,1,MLP_OUT,v,hidden,4096,256-512,2.516582e+07,0.0001608232,9.489247e-05,0.0003633102,0.0002175785,0.0002787588,0.001773465,0.001796206,0.001565,0.001558,0,0,1.524e-23,8.299e-24
step1,1,MLP_OUT,v,hidden,4096,512-1024,5.033165e+07,9.156349e-05,8.356384e-05,0.0001049042,9.407786e-05,0.0001065402,0.001765509,0.001776028,0.001565,0.001558,0,0,1.524e-23,8.299e-24
step2,2,Q,u,head,1024,spike,786432,0.0007000033,0.0005466073,0.002385457,0.002649138,0.002912991,0.001756577,0.001931145,0.001565,0.001536,0,0,1.524e-23,1.178e-24
step2,2,Q,u,head,1024,32-64,786432,0.0008049469,0.001073926,0.00129954,0.001678898,0.001930009,0.001735324,0.001888275,0.001565,0.001536,0,0,1.524e-23,1.178e-24
step2,2,Q,u,head,1024,64-128,1572864,0.0007501781,0.0004811991,0.001993815,0.001397282,0.001661135,0.001727785,0.001820156,0.001565,0.001536,0,0,1.524e-23,1.178e-24
step2,2,Q,u,head,1024,128-256,3145728,0.000426743,0.000535584,0.0009155273,0.0006183446,0.0008873235,0.001731782,0.001751037,0.001565,0.001536,0,0,1.524e-23,1.178e-24
step2,2,Q,u,head,1024,256-512,6291456,0.0003897448,0.0001543575,0.0004072189,0.0001775781,0.0003403064,0.001751491,0.001755783,0.001565,0.001536,0,0,1.524e-23,1.178e-24
step2,2,Q,u,head,1024,512-1024,1.258291e+07,0.000411022,0.0002159269,0.0005592505,0.000214415,0.000383695,0.001728126,0.001759041,0.001565,0.001536,0,0,1.524e-23,1.178e-24
step2,2,Q,v,residual,1024,spike,786432,0.0006200571,0.0006175042,0.002381643,0.001960339,0.002205192,0.001712436,0.001966022,0.001565,0.001536,0,0,1.524e-23,1.178e-24
step2,2,Q,v,residual,1024,32-64,786432,0.0005831104,0.0007550819,0.001219432,0.001350834,0.001601945,0.001756577,0.001893361,0.001565,0.001536,0,0,1.524e-23,1.178e-24
step2,2,Q,v,residual,1024,64-128,1572864,0.0004014127,0.0006623198,0.00114886,0.00115703,0.001420661,0.001718158,0.00182279,0.001565,0.001536,0,0,1.524e-23,1.178e-24
step2,2,Q,v,residual,1024,128-256,3145728,0.0005724767,0.0003034978,0.0004688899,0.0003287061,0.0002403296,0.00173764,0.001766614,0.001565,0.001536,0,0,1.524e-23,1.178e-24
step2,2,Q,v,residual,1024,256-512,6291456,0.0003470917,0.000205506,0.0002207756,0.0003664159,0.0001415995,0.001748902,0.001757395,0.001565,0.001536,0,0,1.524e-23,1.178e-24
step2,2,Q,v,residual,1024,512-1024,1.258291e+07,0.0002789253,0.0001000411,0.0002126694,0.0002060397,0.0002237886,0.001749606,0.00175601,0.001565,0.001536,0,0,1.524e-23,1.178e-24
step2,2,K,u,head,1024,spike,786432,0.0003774721,0.0004118014,0.001857758,0.00172471,0.001988563,0.001745133,0.001896449,0.001565,0.001536,0,0,1.524e-23,1.178e-24
step2,2,K,u,head,1024,32-64,786432,0.0003649851,0.0006339641,0.0009994507,0.001350449,0.001619428,0.001823062,0.001865387,0.001565,0.001536,0,0,1.524e-23,1.178e-24
step2,2,K,u,head,1024,64-128,1572864,0.0006441429,0.000404578,0.001080195,0.00082076,0.0009774864,0.00177992,0.001820973,0.001565,0.001536,0,0,1.524e-23,1.178e-24
step2,2,K,u,head,1024,128-256,3145728,0.0005931397,0.0004314084,0.0008058548,0.0004010751,0.0004165897,0.001762799,0.001753716,0.001565,0.001536,0,0,1.524e-23,1.178e-24
step2,2,K,u,head,1024,256-512,6291456,0.0002832963,0.0001640931,0.0004220009,0.0005999844,0.0003849665,0.001755851,0.001747835,0.001565,0.001536,0,0,1.524e-23,1.178e-24
step2,2,K,u,head,1024,512-1024,1.258291e+07,0.0002168996,0.000271082,0.0001927217,0.0002255538,0.0003174155,0.001749039,0.001768521,0.001565,0.001536,0,0,1.524e-23,1.178e-24
step2,2,K,v,residual,1024,spike,786432,0.001236196,0.001140341,0.002202352,0.001538179,0.001783032,0.001752581,0.001908984,0.001565,0.001536,0,0,1.524e-23,1.178e-24
step2,2,K,v,residual,1024,32-64,786432,0.00065377,0.000544929,0.002221425,0.001827671,0.002078782,0.001737504,0.001925514,0.001565,0.001536,0,0,1.524e-23,1.178e-24
step2,2,K,v,residual,1024,64-128,1572864,0.0004532741,0.0003610817,0.001003265,0.0007195012,0.0009706123,0.001682281,0.001848402,0.001565,0.001536,0,0,1.524e-23,1.178e-24
step2,2,K,v,residual,1024,128-256,3145728,0.0002645698,0.0004915487,0.000565211,0.0004057768,0.0002339978,0.001748448,0.001753308,0.001565,0.001536,0,0,1.524e-23,1.178e-24
step2,2,K,v,residual,1024,256-512,6291456,0.000227938,0.0002376907,0.0005567869,0.00062348,0.0003598494,0.001734779,0.001755941,0.001565,0.001536,0,0,1.524e-23,1.178e-24
step2,2,K,v,residual,1024,512-1024,1.258291e+07,0.0002418696,0.0002114703,0.0001138051,0.0001857036,0.000219165,0.001745235,0.001762367,0.001565,0.001536,0,0,1.524e-23,1.178e-24
step2,2,V,u,head,1024,spike,786432,0.0008069773,0.0005431245,0.002499898,0.001925196,0.002194175,0.001766386,0.002005441,0.001565,0.001536,0,0,1.524e-23,1.178e-24
step2,2,V,u,head,1024,32-64,786432,0.0006839406,0.0008072492,0.001433055,0.0009020071,0.00116586,0.001751128,0.001863752,0.001565,0.001536,0,0,1.524e-23,1.178e-24
step2,2,V,u,head,1024,64-128,1572864,0.000813328,0.0006900194,0.001370748,0.001102493,0.001371472,0.001749765,0.001799175,0.001565,0.001536,0,0,1.524e-23,1.178e-24
step2,2,V,u,head,1024,128-256,3145728,0.0003081344,0.0003501575,0.0003312429,0.000427097,0.0003860531,0.001786595,0.001768248,0.001565,0.001536,0,0,1.524e-23,1.178e-24
step2,2,V,u,head,1024,256-512,6291456,0.0006728633,0.0004217522,0.0003801982,0.0004469617,0.0002375627,0.001735574,0.00175333,0.001565,0.001536,0,0,1.524e-23,1.178e-24
step2,2,V,u,head,1024,512-1024,1.258291e+07,0.0004890994,0.0003136483,0.0004916191,0.0001151227,0.0002537498,0.001743328,0.001772642,0.001565,0.001536,0,0,1.524e-23,1.178e-24
step2,2,V,v,residual,1024,spike,786432,0.0009334998,0.001128595,0.002016703,0.002040909,0.002309888,0.001792181,0.001950219,0.001565,0.001536,0,0,1.524e-23,1.178e-24
step2,2,V,v,residual,1024,32-64,786432,0.001202479,0.0009682821,0.001850128,0.0008410459,0.001104676,0.001693726,0.001807803,0.001565,0.001536,0,0,1.524e-23,1.178e-24
step2,2,V,v,residual,1024,64-128,1572864,0.0004162526,0.0005716573,0.0008881887,0.000855595,0.001119448,0.001742136,0.001879283,0.001565,0.001536,0,0,1.524e-23,1.178e-24
step2,2,V,v,residual,1024,128-256,3145728,0.0003968234,0.0003048281,0.0003938675,0.000380721,0.0004911212,0.001751309,0.001748221,0.001565,0.001536,0,0,1.524e-23,1.178e-24
step2,2,V,v,residual,1024,256-512,6291456,0.0002528531,0.0002818993,0.0004347165,0.000401769,0.0001857272,0.001747222,0.001755079,0.001565,0.001536,0,0,1.524e-23,1.178e-24
step2,2,V,v,residual,1024,512-1024,1.258291e+07,0.0002367934,0.0001773192,0.0001893044,0.0004237377,0.0002286425,0.001754704,0.001758939,0.001565,0.001536,0,0,1.524e-23,1.178e-24
step2,2,O,u,residual,1024,spike,786432,0.0006942292,0.0004252502,0.001443227,0.001221125,0.001459529,0.001706805,0.001876468,0.001565,0.001536,0,0,1.524e-23,1.178e-24
step2,2,O,u,residual,1024,32-64,786432,0.001053697,0.0008025861,0.001752218,0.0008316497,0.001100629,0.001702627,0.001870837,0.001565,0.001536,0,0,1.524e-23,1.178e-24
step2,2,O,u,residual,1024,64-128,1572864,0.0004290774,0.0005525838,0.0007514954,0.0006019176,0.0008657703,0.001765206,0.001826332,0.001565,0.001536,0,0,1.524e-23,1.178e-24
step2,2,O,u,residual,1024,128-256,3145728,0.0005378786,0.00042817,0.0003767014,0.0003351551,0.0005459093,0.00173714,0.001751582,0.001565,0.001536,0,0,1.524e-23,1.178e-24
step2,2,O,u,residual,1024,256-512,6291456,0.0002429667,0.0001480732,0.0002379417,0.0002967874,0.0001818376,0.001742567,0.001727581,0.001565,0.001536,0,0,1.524e-23,1.178e-24
step2,2,O,u,residual,1024,512-1024,1.258291e+07,0.0001972059,0.0001341666,0.0001563231,0.0001257442,0.0002467943,0.001746359,0.001757951,0.001565,0.001536,0,0,1.524e-23,1.178e-24
step2,2,O,v,head,1024,spike,786432,0.0007938789,0.001034507,0.0009600321,0.0008159297,0.001060783,0.001754397,0.001893725,0.001565,0.001536,0,0,1.524e-23,1.178e-24
step2,2,O,v,head,1024,32-64,786432,0.0009453117,0.0008173631,0.001984914,0.001551741,0.001802852,0.001684461,0.001924424,0.001565,0.001536,0,0,1.524e-23,1.178e-24
step2,2,O,v,head,1024,64-128,1572864,0.001073802,0.0008587837,0.001702627,0.0007723074,0.00103616,0.001743952,0.001868838,0.001565,0.001536,0,0,1.524e-23,1.178e-24
step2,2,O,v,head,1024,128-256,3145728,0.0005461018,0.0004575343,0.0007448196,0.00025927,0.0004164887,0.001750583,0.001767249,0.001565,0.001536,0,0,1.524e-23,1.178e-24
step2,2,O,v,head,1024,256-512,6291456,0.0003281772,0.0002725849,0.0003167788,0.0003758609,0.0003160738,0.001738639,0.00175744,0.001565,0.001536,0,0,1.524e-23,1.178e-24
step2,2,O,v,head,1024,512-1024,1.258291e+07,0.0002874353,0.0001741251,0.0003182093,0.000223178,0.0002186307,0.001740104,0.001768055,0.001565,0.001536,0,0,1.524e-23,1.178e-24
step2,2,MLP_IN,u,hidden,4096,spike,3145728,0.000397526,0.0003667062,0.001268705,0.001068161,0.001135376,0.001759756,0.001908211,0.001565,0.001558,0,0,1.524e-23,8.299e-24
step2,2,MLP_IN,u,hidden,4096,32-64,3145728,0.0003013968,0.0003292033,0.0009044011,0.0009961741,0.001057354,0.001791636,0.001872608,0.001565,0.001558,0,0,1.524e-23,8.299e-24
step2,2,MLP_IN,u,hidden,4096,64-128,6291456,0.0002552028,0.0001893213,0.0008589427,0.0007489062,0.0008116614,0.001745474,0.001837299,0.001565,0.001558,0,0,1.524e-23,8.299e-24
step2,2,MLP_IN,u,hidden,4096,128-256,1.258291e+07,0.0002570613,0.000194306,0.0006315708,0.0004226824,0.0004898974,0.001770144,0.00182724,0.001565,0.001558,0,0,1.524e-23,8.299e-24
step2,2,MLP_IN,u,hidden,4096,256-512,2.516582e+07,9.89933e-05,0.0001104259,0.0003200372,0.0002627332,0.0003164715,0.001779011,0.001792692,0.001565,0.001558,0,0,1.524e-23,8.299e-24
step2,2,MLP_IN,u,hidden,4096,512-1024,5.033165e+07,0.0001422031,8.98828e-05,0.000104785,6.470631e-05,6.170621e-05,0.001773567,0.001768881,0.001565,0.001558,0,0,1.524e-23,8.299e-24
step2,2,MLP_IN,v,residual,1024,spike,786432,0.0006218314,0.0005016836,0.001135508,0.0008532664,0.001122245,0.00178328,0.001943134,0.001565,0.001536,0,0,1.524e-23,1.178e-24
step2,2,MLP_IN,v,residual,1024,32-64,786432,0.00157632,0.001342122,0.002878825,0.001302505,0.001536702,0.001771109,0.001847948,0.001565,0.001536,0,0,1.524e-23,1.178e-24
step2,2,MLP_IN,v,residual,1024,64-128,1572864,0.0003895966,0.0005281074,0.0005512238,0.0005358701,0.0007995006,0.001696087,0.001808802,0.001565,0.001536,0,0,1.524e-23,1.178e-24
step2,2,MLP_IN,v,residual,1024,128-256,3145728,0.0002160171,0.0003423727,0.0005009969,0.0005067647,0.0007757436,0.001761073,0.001799311,0.001565,0.001536,0,0,1.524e-23,1.178e-24
step2,2,MLP_IN,v,residual,1024,256-512,6291456,0.0003236198,0.0001963877,0.0002851486,0.0002775807,0.0002107657,0.001737254,0.001722177,0.001565,0.001536,0,0,1.524e-23,1.178e-24
step2,2,MLP_IN,v,residual,1024,512-1024,1.258291e+07,0.000362809,0.0001460401,0.0003885428,0.0002385338,0.00027745,0.001744225,0.001763957,0.001565,0.001536,0,0,1.524e-23,1.178e-24
step2,2,MLP_OUT,u,residual,1024,spike,786432,0.001213212,0.001128939,0.001756032,0.0009840625,0.001141281,0.001812526,0.001882281,0.001565,0.001536,0,0,1.524e-23,1.178e-24
step2,2,MLP_OUT,u,residual,1024,32-64,786432,0.001026994,0.0007758833,0.002298991,0.001271997,0.001523108,0.001755669,0.001874833,0.001565,0.001536,0,0,1.524e-23,1.178e-24
step2,2,MLP_OUT,u,residual,1024,64-128,1572864,0.000503754,0.0003047936,0.0009752909,0.0005478399,0.0007989509,0.001738775,0.001823153,0.001565,0.001536,0,0,1.524e-23,1.178e-24
step2,2,MLP_OUT,u,residual,1024,128-256,3145728,0.0005858282,0.0003343414,0.0009218852,0.0004086034,0.0006597145,0.001730873,0.001785869,0.001565,0.001536,0,0,1.524e-23,1.178e-24
step2,2,MLP_OUT,u,residual,1024,256-512,6291456,0.0004109207,0.0002304403,0.0003148715,0.0002830886,0.0001874007,0.00176709,0.001757395,0.001565,0.001536,0,0,1.524e-23,1.178e-24
step2,2,MLP_OUT,u,residual,1024,512-1024,1.258291e+07,0.0004455132,0.0002504181,0.0006340345,0.0002049167,0.0004285279,0.001750617,0.001780692,0.001565,0.001536,0,0,1.524e-23,1.178e-24
step2,2,MLP_OUT,v,hidden,4096,spike,3145728,0.0004836078,0.0004843492,0.00144132,0.0009781977,0.001045413,0.001756804,0.001901808,0.001565,0.001558,0,0,1.524e-23,8.299e-24
step2,2,MLP_OUT,v,hidden,4096,32-64,3145728,0.0006957316,0.0006685277,0.001712481,0.001089836,0.001148467,0.001769565,0.001870292,0.001565,0.001558,0,0,1.524e-23,8.299e-24
step2,2,MLP_OUT,v,hidden,4096,64-128,6291456,0.0001594686,0.0002117632,0.0008686384,0.0007332807,0.0007991621,0.001767272,0.00185224,0.001565,0.001558,0,0,1.524e-23,8.299e-24
step2,2,MLP_OUT,v,hidden,4096,128-256,1.258291e+07,0.000246766,0.0002205361,0.0004459222,0.0004033184,0.0004556388,0.001745156,0.001808246,0.001565,0.001558,0,0,1.524e-23,8.299e-24
step2,2,MLP_OUT,v,hidden,4096,256-512,2.516582e+07,0.0001601874,9.425669e-05,0.0003270308,0.0001678924,0.0002351074,0.001773022,0.001797466,0.001565,0.001558,0,0,1.524e-23,8.299e-24
step2,2,MLP_OUT,v,hidden,4096,512-1024,5.033165e+07,8.782826e-05,8.348436e-05,9.316206e-05,0.0001107157,0.0001766464,0.001765183,0.001776312,0.001565,0.001558,0,0,1.524e-23,8.299e-24
step4,4,Q,u,head,1024,spike,786432,0.0007228914,0.0005427926,0.001230876,0.001271988,0.001506185,0.001756577,0.001927149,0.001565,0.001536,0,0,1.524e-23,1.178e-24
step4,4,Q,u,head,1024,32-64,786432,0.000845637,0.001114616,0.001338959,0.002184596,0.002453575,0.001736232,0.001895541,0.001565,0.001536,0,0,1.524e-23,1.178e-24
step4,4,Q,u,head,1024,64-128,1572864,0.0007654368,0.0004964579,0.001094818,0.0005707191,0.0008049163,0.001729874,0.001820337,0.001565,0.001536,0,0,1.524e-23,1.178e-24
step4,4,Q,u,head,1024,128-256,3145728,0.0004229283,0.0005317694,0.0005985896,0.0003411038,0.0003878428,0.001731464,0.00176507,0.001565,0.001536,0,0,1.524e-23,1.178e-24
step4,4,Q,u,head,1024,256-512,6291456,0.0003926058,0.0001599206,0.0002462069,0.0003115435,0.0001562589,0.001752286,0.001728421,0.001565,0.001536,0,0,1.524e-23,1.178e-24
step4,4,Q,u,head,1024,512-1024,1.258291e+07,0.0004093531,0.0002142579,0.0004558563,0.0001354717,0.0003174249,0.001728705,0.001761618,0.001565,0.001536,0,0,1.524e-23,1.178e-24
step4,4,Q,v,residual,1024,spike,786432,0.0006238718,0.0006009738,0.002141317,0.002052738,0.002303849,0.001713707,0.001923879,0.001565,0.001536,0,0,1.524e-23,1.178e-24
step4,4,Q,v,residual,1024,32-64,786432,0.0005821919,0.0007525388,0.001059214,0.0007444954,0.000966224,0.001756577,0.001838502,0.001565,0.001536,0,0,1.524e-23,1.178e-24
step4,4,Q,v,residual,1024,64-128,1572864,0.0004014127,0.0006489684,0.001085281,0.0007507302,0.0009079489,0.001720428,0.00182179,0.001565,0.001536,0,0,1.524e-23,1.178e-24
step4,4,Q,v,residual,1024,128-256,3145728,0.0005642116,0.0002952326,0.0008811951,0.0004200475,0.0006711586,0.00173814,0.001801672,0.001565,0.001536,0,0,1.524e-23,1.178e-24
step4,4,Q,v,residual,1024,256-512,6291456,0.0003361245,0.0001932672,0.0002193451,0.0002308868,0.0002298247,0.001749152,0.001734438,0.001565,0.001536,0,0,1.524e-23,1.178e-24
step4,4,Q,v,residual,1024,512-1024,1.258291e+07,0.0002728059,9.922509e-05,0.0002670288,0.000218904,0.0002926227,0.001748925,0.00175811,0.001565,0.001536,0,0,1.524e-23,1.178e-24
step4,4,K,u,head,1024,spike,786432,0.000374929,0.0004092582,0.001928965,0.001799733,0.002063585,0.001745133,0.001966749,0.001565,0.001536,0,0,1.524e-23,1.178e-24
step4,4,K,u,head,1024,32-64,786432,0.0003637136,0.0006326925,0.001561483,0.001626763,0.001877874,0.001823244,0.001922789,0.001565,0.001536,0,0,1.524e-23,1.178e-24
step4,4,K,u,head,1024,64-128,1572864,0.0006492292,0.0004166579,0.0008589427,0.0005694997,0.0007447218,0.001780374,0.001820246,0.001565,0.001536,0,0,1.524e-23,1.178e-24
step4,4,K,u,head,1024,128-256,3145728,0.0006150742,0.0004431704,0.000784874,0.0002809212,0.0005445517,0.001761573,0.001776741,0.001565,0.001536,0,0,1.524e-23,1.178e-24
step4,4,K,u,head,1024,256-512,6291456,0.0003038003,0.0001605141,0.0001870791,0.0003346165,0.0002326018,0.00175492,0.001728921,0.001565,0.001536,0,0,1.524e-23,1.178e-24
step4,4,K,u,head,1024,512-1024,1.258291e+07,0.0002207938,0.0002717972,0.0002291203,0.0002009822,0.0002531794,0.001749368,0.00177808,0.001565,0.001536,0,0,1.524e-23,1.178e-24
step4,4,K,v,residual,1024,spike,786432,0.001248911,0.001153056,0.002497355,0.001809023,0.002053875,0.001752944,0.001920791,0.001565,0.001536,0,0,1.524e-23,1.178e-24
step4,4,K,v,residual,1024,32-64,786432,0.0006995463,0.0005907053,0.00155894,0.001058614,0.001273632,0.001737322,0.001883915,0.001565,0.001536,0,0,1.524e-23,1.178e-24
step4,4,K,v,residual,1024,64-128,1572864,0.0004609035,0.0003756847,0.001145045,0.0009564377,0.001201291,0.001682372,0.001826968,0.001565,0.001536,0,0,1.524e-23,1.178e-24
step4,4,K,v,residual,1024,128-256,3145728,0.0002677487,0.000496635,0.0005121231,0.0003906596,0.0005102194,0.001749357,0.001752354,0.001565,0.001536,0,0,1.524e-23,1.178e-24
step4,4,K,v,residual,1024,256-512,6291456,0.0002312365,0.0002224454,0.0002698898,0.0003165903,0.0001951783,0.001734007,0.001746155,0.001565,0.001536,0,0,1.524e-23,1.178e-24
step4,4,K,v,residual,1024,512-1024,1.258291e+07,0.0002417902,0.0002123445,0.0002878507,0.0001366476,0.000318846,0.001745928,0.001766443,0.001565,0.001536,0,0,1.524e-23,1.178e-24
step4,4,V,u,head,1024,spike,786432,0.0008235076,0.0005596549,0.003217061,0.002393554,0.002657406,0.001764752,0.001944769,0.001565,0.001536,0,0,1.524e-23,1.178e-24
step4,4,V,u,head,1024,32-64,786432,0.0007398895,0.0008631981,0.001436869,0.001168784,0.001351119,0.00174913,0.001916976,0.001565,0.001536,0,0,1.524e-23,1.178e-24
step4,4,V,u,head,1024,64-128,1572864,0.000813328,0.0006914781,0.0008818309,0.000595313,0.000840166,0.0017514,0.001812435,0.001565,0.001536,0,0,1.524e-23,1.178e-24
step4,4,V,u,head,1024,128-256,3145728,0.0003129028,0.0003507933,0.0004542669,0.0003727483,0.0005402875,0.001786686,0.001763753,0.001565,0.001536,0,0,1.524e-23,1.178e-24
step4,4,V,u,head,1024,256-512,6291456,0.0006722275,0.0004211164,0.0003108978,0.0003971413,0.0002271595,0.001736664,0.001726605,0.001565,0.001536,0,0,1.524e-23,1.178e-24
step4,4,V,u,head,1024,512-1024,1.258291e+07,0.0004979129,0.0003095158,0.0003830592,0.0002227267,0.0001506101,0.00174385,0.001760823,0.001565,0.001536,0,0,1.524e-23,1.178e-24
step4,4,V,v,residual,1024,spike,786432,0.0009322283,0.001127323,0.001791636,0.001837458,0.002106437,0.001792363,0.001944769,0.001565,0.001536,0,0,1.524e-23,1.178e-24
step4,4,V,v,residual,1024,32-64,786432,0.001174505,0.0009403077,0.002435048,0.001260544,0.001494741,0.001694271,0.001863389,0.001565,0.001536,0,0,1.524e-23,1.178e-24
step4,4,V,v,residual,1024,64-128,1572864,0.0003997223,0.0005869161,0.0006694794,0.0004895465,0.0006989455,0.001740501,0.001817067,0.001565,0.001536,0,0,1.524e-23,1.178e-24
step4,4,V,v,residual,1024,128-256,3145728,0.0003729815,0.0002860726,0.0005426407,0.0004132946,0.000330658,0.001752354,0.001775696,0.001565,0.001536,0,0,1.524e-23,1.178e-24
step4,4,V,v,residual,1024,256-512,6291456,0.0002449058,0.0002755415,0.0002670288,0.0003167175,0.0002076635,0.001747063,0.001750447,0.001565,0.001536,0,0,1.524e-23,1.178e-24
step4,4,V,v,residual,1024,512-1024,1.258291e+07,0.0002340913,0.000168895,0.000341018,0.0001277958,0.0003254344,0.001754783,0.001766386,0.001565,0.001536,0,0,1.524e-23,1.178e-24
step4,4,O,u,residual,1024,spike,786432,0.0006942292,0.0004252502,0.00273641,0.00204218,0.002311159,0.001704988,0.001939501,0.001565,0.001536,0,0,1.524e-23,1.178e-24
step4,4,O,u,residual,1024,32-64,786432,0.001085486,0.0008343753,0.001969655,0.001025992,0.001259501,0.001703898,0.001787458,0.001565,0.001536,0,0,1.524e-23,1.178e-24
step4,4,O,u,residual,1024,64-128,1572864,0.000421448,0.0004991781,0.0006713867,0.0007491672,0.0009400086,0.001770474,0.001858666,0.001565,0.001536,0,0,1.524e-23,1.178e-24
step4,4,O,u,residual,1024,128-256,3145728,0.0005512301,0.0004580518,0.001051585,0.0005003548,0.0007097538,0.001737004,0.001810256,0.001565,0.001536,0,0,1.524e-23,1.178e-24
step4,4,O,u,residual,1024,256-512,6291456,0.0002433002,0.000170564,0.0001805623,0.0002023442,0.0001896223,0.001741932,0.001757486,0.001565,0.001536,0,0,1.524e-23,1.178e-24
step4,4,O,u,residual,1024,512-1024,1.258291e+07,0.0002019504,0.0001460876,0.0003493627,0.000216866,0.0004804966,0.001749357,0.001770564,0.001565,0.001536,0,0,1.524e-23,1.178e-24
step4,4,O,v,head,1024,spike,786432,0.0008040514,0.001072654,0.001228333,0.001118247,0.001381878,0.001752399,0.001972198,0.001565,0.001536,0,0,1.524e-23,1.178e-24
step4,4,O,v,head,1024,32-64,786432,0.0009364107,0.0008621673,0.001270294,0.0009837764,0.001228629,0.001681555,0.001794361,0.001565,0.001536,0,0,1.524e-23,1.178e-24
step4,4,O,v,head,1024,64-128,1572864,0.001045692,0.0008505971,0.001696269,0.0007868853,0.001021083,0.001740955,0.001859392,0.001565,0.001536,0,0,1.524e-23,1.178e-24
step4,4,O,v,head,1024,128-256,3145728,0.0005024158,0.0004371893,0.000415802,0.0002933163,0.0002476526,0.001750628,0.001790773,0.001565,0.001536,0,0,1.524e-23,1.178e-24
step4,4,O,v,head,1024,256-512,6291456,0.0003261109,0.0002646235,0.0002007484,0.0003706257,0.0002647058,0.001741137,0.001755692,0.001565,0.001536,0,0,1.524e-23,1.178e-24
step4,4,O,v,head,1024,512-1024,1.258291e+07,0.0002940316,0.0001552257,0.0002567768,0.0003095928,0.0002014454,0.001744702,0.00175341,0.001565,0.001536,0,0,1.524e-23,1.178e-24
step4,4,MLP_IN,u,hidden,4096,spike,3145728,0.0004010228,0.000370203,0.001222928,0.001002983,0.001060989,0.001758893,0.001897948,0.001565,0.001558,0,0,1.524e-23,8.299e-24
step4,4,MLP_IN,u,hidden,4096,32-64,3145728,0.0002788937,0.000341601,0.001401583,0.001228754,0.001287284,0.001791,0.00185031,0.001565,0.001558,0,0,1.524e-23,8.299e-24
step4,4,MLP_IN,u,hidden,4096,64-128,6291456,0.0002566333,0.0001907518,0.0007530848,0.0006154991,0.0006766794,0.001745633,0.001837208,0.001565,0.001558,0,0,1.524e-23,8.299e-24
step4,4,MLP_IN,u,hidden,4096,128-256,1.258291e+07,0.0002496703,0.0001869151,0.0006410281,0.0003913578,0.000454113,0.001770746,0.001807928,0.001565,0.001558,0,0,1.524e-23,8.299e-24
step4,4,MLP_IN,u,hidden,4096,256-512,2.516582e+07,0.0001001457,0.0001093133,0.0002677838,0.0001676381,0.0002335689,0.001779045,0.001784665,0.001565,0.001558,0,0,1.524e-23,8.299e-24
step4,4,MLP_IN,u,hidden,4096,512-1024,5.033165e+07,0.0001420958,8.473693e-05,0.0001449188,0.0001062942,8.908005e-05,0.001773465,0.00176117,0.001565,0.001558,0,0,1.524e-23,8.299e-24
step4,4,MLP_IN,v,residual,1024,spike,786432,0.0006129304,0.000488968,0.002727509,0.002454589,0.002718442,0.001785642,0.001972198,0.001565,0.001536,0,0,1.524e-23,1.178e-24
step4,4,MLP_IN,v,residual,1024,32-64,786432,0.001550888,0.001316691,0.002015432,0.0009914058,0.001236259,0.001769111,0.001841046,0.001565,0.001536,0,0,1.524e-23,1.178e-24
step4,4,MLP_IN,v,residual,1024,64-128,1572864,0.0003698873,0.0005649828,0.0007445017,0.0005701589,0.00075436,0.001696087,0.00185249,0.001565,0.001536,0,0,1.524e-23,1.178e-24
step4,4,MLP_IN,v,residual,1024,128-256,3145728,0.0002004404,0.0003337897,0.0003458659,0.0002757068,0.0003556994,0.001760029,0.001784325,0.001565,0.001536,0,0,1.524e-23,1.178e-24
step4,4,MLP_IN,v,residual,1024,256-512,6291456,0.0003275934,0.0002009971,0.0002381007,0.0003285958,0.0001264995,0.001737617,0.001743884,0.001565,0.001536,0,0,1.524e-23,1.178e-24
step4,4,MLP_IN,v,residual,1024,512-1024,1.258291e+07,0.0003633254,0.0001524774,0.0004185041,0.0001043088,0.0002893759,0.0017441,0.0017665,0.001565,0.001536,0,0,1.524e-23,1.178e-24
step4,4,MLP_OUT,u,residual,1024,spike,786432,0.001245097,0.001149242,0.002178192,0.001657391,0.001921022,0.001819792,0.001833779,0.001565,0.001536,0,0,1.524e-23,1.178e-24
step4,4,MLP_OUT,u,residual,1024,32-64,786432,0.0009189112,0.0006694642,0.001861572,0.0009579109,0.001192108,0.001763117,0.00180853,0.001565,0.001536,0,0,1.524e-23,1.178e-24
step4,4,MLP_OUT,u,residual,1024,64-128,1572864,0.0004433456,0.000328654,0.00091362,0.0006718373,0.0008293824,0.001738775,0.00185476,0.001565,0.001536,0,0,1.524e-23,1.178e-24
step4,4,MLP_OUT,u,residual,1024,128-256,3145728,0.0005530854,0.0003269203,0.0003560384,0.0006467529,0.0005234443,0.001731873,0.001773471,0.001565,0.001536,0,0,1.524e-23,1.178e-24
step4,4,MLP_OUT,u,residual,1024,256-512,6291456,0.0004221038,0.0002466527,0.0005332629,0.0002587699,0.0003435621,0.001768475,0.001747949,0.001565,0.001536,0,0,1.524e-23,1.178e-24
step4,4,MLP_OUT,u,residual,1024,512-1024,1.258291e+07,0.0004455927,0.0002504975,0.0004434586,0.0001144019,0.0003220277,0.001751128,0.001769111,0.001565,0.001536,0,0,1.524e-23,1.178e-24
step4,4,MLP_OUT,v,hidden,4096,spike,3145728,0.0004642164,0.0004655936,0.001608213,0.00116741,0.001230165,0.001755805,0.001876513,0.001565,0.001558,0,0,1.524e-23,8.299e-24
step4,4,MLP_OUT,v,hidden,4096,32-64,3145728,0.0006175303,0.0005903264,0.001529058,0.0009429789,0.001005734,0.001767522,0.001857031,0.001565,0.001558,0,0,1.524e-23,8.299e-24
step4,4,MLP_OUT,v,hidden,4096,64-128,6291456,0.0001650317,0.0001882392,0.0005892118,0.000542543,0.0006037233,0.001764547,0.001829215,0.001565,0.001558,0,0,1.524e-23,8.299e-24
step4,4,MLP_OUT,v,hidden,4096,128-256,1.258291e+07,0.0002353939,0.0002114357,0.0003755887,0.0003972511,0.0004644661,0.001747075,0.001817612,0.001565,0.001558,0,0,1.524e-23,8.299e-24
step4,4,MLP_OUT,v,hidden,4096,256-512,2.516582e+07,0.0001682142,0.0001022834,0.0005379915,0.0003697774,0.0004357081,0.001772671,0.001795195,0.001565,0.001558,0,0,1.524e-23,8.299e-24
step4,4,MLP_OUT,v,hidden,4096,512-1024,5.033165e+07,8.646682e-05,7.138462e-05,0.0001198451,0.0001143912,6.669077e-05,0.001763364,0.001776196,0.001565,0.001558,0,0,1.524e-23,8.299e-24
step8,8,Q,u,head,1024,spike,786432,0.000724163,0.000588569,0.002326965,0.001873872,0.002118725,0.001759302,0.002043043,0.001565,0.001536,0,0,1.524e-23,1.178e-24
step8,8,Q,u,head,1024,32-64,786432,0.0007653443,0.001023063,0.0005429586,0.001244909,0.001513888,0.001736959,0.001771654,0.001565,0.001536,0,0,1.524e-23,1.178e-24
step8,8,Q,u,head,1024,64-128,1572864,0.0007845103,0.0005155314,0.0009504954,0.0005078611,0.0006650798,0.001728512,0.001792181,0.001565,0.001536,0,0,1.524e-23,1.178e-24
step8,8,Q,u,head,1024,128-256,3145728,0.0004270609,0.0005359019,0.0004316966,0.0001886073,0.0002837111,0.00172942,0.001773562,0.001565,0.001536,0,0,1.524e-23,1.178e-24
step8,8,Q,u,head,1024,256-512,6291456,0.0003930826,0.0001558177,0.0004417102,0.0002364722,0.0003647841,0.001755487,0.001763049,0.001565,0.001536,0,0,1.524e-23,1.178e-24
step8,8,Q,u,head,1024,512-1024,1.258291e+07,0.0004558447,0.0002607495,0.0004571279,0.0001386506,0.0003171058,0.001729545,0.001772029,0.001565,0.001536,0,0,1.524e-23,1.178e-24
step8,8,Q,v,residual,1024,spike,786432,0.0006276865,0.0005768141,0.002109528,0.001688039,0.001903057,0.001713162,0.00193387,0.001565,0.001536,0,0,1.524e-23,1.178e-24
step8,8,Q,v,residual,1024,32-64,786432,0.0005551359,0.0007855995,0.001698812,0.00149426,0.001689355,0.001755306,0.001864297,0.001565,0.001536,0,0,1.524e-23,1.178e-24
step8,8,Q,v,residual,1024,64-128,1572864,0.0003774411,0.0006116383,0.0006281535,0.0007818441,0.001045697,0.001724243,0.001886731,0.001565,0.001536,0,0,1.524e-23,1.178e-24
step8,8,Q,v,residual,1024,128-256,3145728,0.0006188889,0.0003499099,0.0007708867,0.0003060346,0.0005696651,0.001737231,0.001804125,0.001565,0.001536,0,0,1.524e-23,1.178e-24
step8,8,Q,v,residual,1024,256-512,6291456,0.000343277,0.0002117049,0.0003275871,0.0002558413,0.0004034846,0.001750628,0.001766523,0.001565,0.001536,0,0,1.524e-23,1.178e-24
step8,8,Q,v,residual,1024,512-1024,1.258291e+07,0.0002904399,9.413882e-05,0.0001290639,0.0003589544,0.0001524106,0.001750526,0.001747903,0.001565,0.001536,0,0,1.524e-23,1.178e-24
step8,8,K,u,head,1024,spike,786432,0.0003520408,0.00038637,0.002101898,0.002170994,0.002422105,0.0017415,0.001974015,0.001565,0.001536,0,0,1.524e-23,1.178e-24
step8,8,K,u,head,1024,32-64,786432,0.0003967743,0.0006657532,0.001351674,0.001678513,0.001947491,0.001820882,0.001844315,0.001565,0.001536,0,0,1.524e-23,1.178e-24
step8,8,K,u,head,1024,64-128,1572864,0.0006377851,0.0004096643,0.0009485881,0.0004506991,0.0007100035,0.001779193,0.001814343,0.001565,0.001536,0,0,1.524e-23,1.178e-24
step8,8,K,u,head,1024,128-256,3145728,0.0006107052,0.0004539787,0.0008862813,0.0002855123,0.0005544912,0.001761164,0.00177061,0.001565,0.001536,0,0,1.524e-23,1.178e-24
step8,8,K,u,head,1024,256-512,6291456,0.0002991908,0.0001703687,0.0002301534,0.0002869919,0.0001447017,0.001755283,0.001734121,0.001565,0.001536,0,0,1.524e-23,1.178e-24
step8,8,K,u,head,1024,512-1024,1.258291e+07,0.0002079903,0.000269096,0.0002537568,0.0001270039,0.0003096193,0.001746189,0.001766886,0.001565,0.001536,0,0,1.524e-23,1.178e-24
step8,8,K,v,residual,1024,spike,786432,0.001236196,0.001140341,0.002023061,0.001513704,0.001777335,0.001752036,0.001908439,0.001565,0.001536,0,0,1.524e-23,1.178e-24
step8,8,K,v,residual,1024,32-64,786432,0.0007465943,0.0006377533,0.001197815,0.001033822,0.001126014,0.001740955,0.001891363,0.001565,0.001536,0,0,1.524e-23,1.178e-24
step8,8,K,v,residual,1024,64-128,1572864,0.0005015936,0.0004094012,0.0008366903,0.0004564564,0.0006844239,0.001688004,0.00181952,0.001565,0.001536,0,0,1.524e-23,1.178e-24
step8,8,K,v,residual,1024,128-256,3145728,0.0002929107,0.0004791509,0.0004103978,0.0003001844,0.0004820824,0.001748085,0.001767976,0.001565,0.001536,0,0,1.524e-23,1.178e-24
step8,8,K,v,residual,1024,256-512,6291456,0.0002422431,0.0002781319,0.0002786318,0.0002791185,0.0001117026,0.001732849,0.001743498,0.001565,0.001536,0,0,1.524e-23,1.178e-24
step8,8,K,v,residual,1024,512-1024,1.258291e+07,0.0002290745,0.0002140929,0.000166893,0.0002183301,0.000161637,0.001744543,0.001747268,0.001565,0.001536,0,0,1.524e-23,1.178e-24
step8,8,V,u,head,1024,spike,786432,0.0008425811,0.0005787284,0.002288818,0.001558524,0.001803377,0.001765297,0.001920791,0.001565,0.001536,0,0,1.524e-23,1.178e-24
step8,8,V,u,head,1024,32-64,786432,0.000788209,0.0009115176,0.001066844,0.0005163014,0.0007852804,0.001750764,0.00178655,0.001565,0.001536,0,0,1.524e-23,1.178e-24
step8,8,V,u,head,1024,64-128,1572864,0.0007936188,0.0006883413,0.001176198,0.0004349146,0.0006877511,0.001750674,0.001831055,0.001565,0.001536,0,0,1.524e-23,1.178e-24
step8,8,V,u,head,1024,128-256,3145728,0.0003011408,0.0003072421,0.0004482269,0.0003872866,0.0002647825,0.001784143,0.001770655,0.001565,0.001536,0,0,1.524e-23,1.178e-24
step8,8,V,u,head,1024,256-512,6291456,0.0006857379,0.0004346268,0.0005041758,0.0003177209,0.0003065993,0.001735687,0.001753807,0.001565,0.001536,0,0,1.524e-23,1.178e-24
step8,8,V,u,head,1024,512-1024,1.258291e+07,0.0004748657,0.0003090202,0.0004424254,0.000226697,0.0002261888,0.001744225,0.001754023,0.001565,0.001536,0,0,1.524e-23,1.178e-24
step8,8,V,v,residual,1024,spike,786432,0.0008635637,0.001065095,0.001528422,0.001751377,0.002002488,0.001793816,0.001910255,0.001565,0.001536,0,0,1.524e-23,1.178e-24
step8,8,V,v,residual,1024,32-64,786432,0.001094396,0.0009335243,0.002101898,0.001580602,0.001849581,0.001688821,0.001907712,0.001565,0.001536,0,0,1.524e-23,1.178e-24
step8,8,V,v,residual,1024,64-128,1572864,0.0004086232,0.0005977244,0.001236598,0.001126017,0.001394996,0.001742136,0.001828421,0.001565,0.001536,0,0,1.524e-23,1.178e-24
step8,8,V,v,residual,1024,128-256,3145728,0.0003799751,0.0002619128,0.000328064,0.0002228776,0.000348142,0.001753625,0.001738003,0.001565,0.001536,0,0,1.524e-23,1.178e-24
step8,8,V,v,residual,1024,256-512,6291456,0.0002496742,0.0002752236,0.0002091726,0.0001543913,0.0002819627,0.001744793,0.001738344,0.001565,0.001536,0,0,1.524e-23,1.178e-24
step8,8,V,v,residual,1024,512-1024,1.258291e+07,0.0002213553,0.000161822,0.0001248519,0.0002029176,0.0002253887,0.00175308,0.001768044,0.001565,0.001536,0,0,1.524e-23,1.178e-24
step8,8,O,u,residual,1024,spike,786432,0.0006908757,0.0004460228,0.002260844,0.001654774,0.001918627,0.001706805,0.001917884,0.001565,0.001536,0,0,1.524e-23,1.178e-24
step8,8,O,u,residual,1024,32-64,786432,0.001094387,0.0008432762,0.002516429,0.001628026,0.001862223,0.001710438,0.001874833,0.001565,0.001536,0,0,1.524e-23,1.178e-24
step8,8,O,u,residual,1024,64-128,1572864,0.0004957723,0.0005800455,0.0008481344,0.0006612079,0.0008706069,0.001782281,0.001808167,0.001565,0.001536,0,0,1.524e-23,1.178e-24
step8,8,O,u,residual,1024,128-256,3145728,0.0005099042,0.0004512779,0.0008042653,0.0002943612,0.0005037601,0.001739638,0.00176675,0.001565,0.001536,0,0,1.524e-23,1.178e-24
step8,8,O,u,residual,1024,256-512,6291456,0.00026315,0.0001618679,0.0002085368,0.0002217177,0.0003119744,0.001742249,0.001772812,0.001565,0.001536,0,0,1.524e-23,1.178e-24
step8,8,O,u,residual,1024,512-1024,1.258291e+07,0.0002310375,0.0001708703,0.0001800855,0.0002728457,0.0002157477,0.001746643,0.00176306,0.001565,0.001536,0,0,1.524e-23,1.178e-24
step8,8,O,v,head,1024,spike,786432,0.0007900642,0.001053581,0.001506805,0.001834915,0.002103894,0.00175803,0.00193823,0.001565,0.001536,0,0,1.524e-23,1.178e-24
step8,8,O,v,head,1024,32-64,786432,0.0009971463,0.0009322427,0.001674652,0.001102988,0.001366619,0.00167665,0.001857213,0.001565,0.001536,0,0,1.524e-23,1.178e-24
step8,8,O,v,head,1024,64-128,1572864,0.001054092,0.0008390744,0.001521428,0.000621065,0.0008846955,0.001752127,0.001743862,0.001565,0.001536,0,0,1.524e-23,1.178e-24
step8,8,O,v,head,1024,128-256,3145728,0.0005273462,0.0005188874,0.0005992254,0.0001833843,0.0004452,0.001751673,0.001757576,0.001565,0.001536,0,0,1.524e-23,1.178e-24
step8,8,O,v,head,1024,256-512,6291456,0.0003060938,0.0002412726,0.0003832181,0.0004034305,0.0002945894,0.001744157,0.001752785,0.001565,0.001536,0,0,1.524e-23,1.178e-24
step8,8,O,v,head,1024,512-1024,1.258291e+07,0.0003041608,0.0001577573,0.0001660983,0.0002435486,0.0001248609,0.001751219,0.001747983,0.001565,0.001536,0,0,1.524e-23,1.178e-24
step8,8,MLP_IN,u,hidden,4096,spike,3145728,0.0003921219,0.0003613021,0.001157125,0.0009564405,0.001022322,0.001758303,0.001879102,0.001565,0.001558,0,0,1.524e-23,8.299e-24
step8,8,MLP_IN,u,hidden,4096,32-64,3145728,0.0003226955,0.0003479589,0.0007263819,0.0007723786,0.0008335588,0.001790138,0.001833552,0.001565,0.001558,0,0,1.524e-23,8.299e-24
step8,8,MLP_IN,u,hidden,4096,64-128,6291456,0.0002289767,0.0001630953,0.0005345345,0.0004652278,0.0005175481,0.001746041,0.001842431,0.001565,0.001558,0,0,1.524e-23,8.299e-24
step8,8,MLP_IN,u,hidden,4096,128-256,1.258291e+07,0.0002363983,0.0001736431,0.0005634626,0.0003369495,0.000402831,0.001770326,0.001819508,0.001565,0.001558,0,0,1.524e-23,8.299e-24
step8,8,MLP_IN,u,hidden,4096,256-512,2.516582e+07,0.0001196006,9.832296e-05,0.0002157291,0.0001366781,0.0002001354,0.001778716,0.001797012,0.001565,0.001558,0,0,1.524e-23,8.299e-24
step8,8,MLP_IN,u,hidden,4096,512-1024,5.033165e+07,0.0001414799,8.195538e-05,0.0001518528,9.706609e-05,0.0001144166,0.001775367,0.001771234,0.001565,0.001558,0,0,1.524e-23,8.299e-24
step8,8,MLP_IN,v,residual,1024,spike,786432,0.0006243745,0.0004940542,0.000986735,0.0004978117,0.0007212746,0.00178982,0.001831418,0.001565,0.001536,0,0,1.524e-23,1.178e-24
step8,8,MLP_IN,v,residual,1024,32-64,786432,0.001548345,0.001314148,0.001819611,0.0005835193,0.000740738,0.001769475,0.001869747,0.001565,0.001536,0,0,1.524e-23,1.178e-24
step8,8,MLP_IN,v,residual,1024,64-128,1572864,0.0004131205,0.0005427304,0.0005722046,0.0003668925,0.0006358714,0.00169536,0.001793453,0.001565,0.001536,0,0,1.524e-23,1.178e-24
step8,8,MLP_IN,v,residual,1024,128-256,3145728,0.0001819633,0.0003687577,0.000328064,0.0002942635,0.0002136267,0.001758893,0.001754125,0.001565,0.001536,0,0,1.524e-23,1.178e-24
step8,8,MLP_IN,v,residual,1024,256-512,6291456,0.0003348373,0.000215938,0.0003312429,0.0003700614,0.0002133349,0.001734938,0.001752717,0.001565,0.001536,0,0,1.524e-23,1.178e-24
step8,8,MLP_IN,v,residual,1024,512-1024,1.258291e+07,0.0003730793,0.000136996,0.0003678004,0.0001296663,0.0002531935,0.001744872,0.001765149,0.001565,0.001536,0,0,1.524e-23,1.178e-24
step8,8,MLP_OUT,u,residual,1024,spike,786432,0.001223431,0.00111459,0.001355489,0.001405511,0.001656622,0.001814888,0.001879556,0.001565,0.001536,0,0,1.524e-23,1.178e-24
step8,8,MLP_OUT,u,residual,1024,32-64,786432,0.001037167,0.0007860558,0.001948039,0.001033954,0.001257413,0.001754761,0.001840682,0.001565,0.001536,0,0,1.524e-23,1.178e-24
step8,8,MLP_OUT,u,residual,1024,64-128,1572864,0.0004662338,0.0004179209,0.0009352366,0.000514342,0.000734015,0.001739411,0.001820246,0.001565,0.001536,0,0,1.524e-23,1.178e-24
step8,8,MLP_OUT,u,residual,1024,128-256,3145728,0.0005225678,0.0003444043,0.0006516774,0.0002163223,0.0003980886,0.001720519,0.001760846,0.001565,0.001536,0,0,1.524e-23,1.178e-24
step8,8,MLP_OUT,u,residual,1024,256-512,6291456,0.0003388082,0.0001972729,0.0003751119,0.0002525746,0.0002127004,0.00175878,0.001762367,0.001565,0.001536,0,0,1.524e-23,1.178e-24
step8,8,MLP_OUT,u,residual,1024,512-1024,1.258291e+07,0.0003590146,0.0002022882,0.0003510316,0.0001298614,0.0002888929,0.001753818,0.001766159,0.001565,0.001536,0,0,1.524e-23,1.178e-24
step8,8,MLP_OUT,v,hidden,4096,spike,3145728,0.000462309,0.0004411777,0.001366615,0.001023124,0.001089054,0.00174695,0.001872426,0.001565,0.001558,0,0,1.524e-23,8.299e-24
step8,8,MLP_OUT,v,hidden,4096,32-64,3145728,0.0006068191,0.0005530808,0.001091957,0.0007873222,0.0008532036,0.001759802,0.001873743,0.001565,0.001558,0,0,1.524e-23,8.299e-24
step8,8,MLP_OUT,v,hidden,4096,64-128,6291456,0.0001816292,0.0001941761,0.0007392565,0.0005576273,0.0006248423,0.001763707,0.001789661,0.001565,0.001558,0,0,1.524e-23,8.299e-24
step8,8,MLP_OUT,v,hidden,4096,128-256,1.258291e+07,0.0002316428,0.0002105792,0.0003724893,0.0003429867,0.0004041669,0.001742919,0.001802887,0.001565,0.001558,0,0,1.524e-23,8.299e-24
step8,8,MLP_OUT,v,hidden,4096,256-512,2.516582e+07,0.0001710593,0.0001038444,0.0004498561,0.0003709355,0.0004288804,0.001776616,0.001798136,0.001565,0.001558,0,0,1.524e-23,8.299e-24
step8,8,MLP_OUT,v,hidden,4096,512-1024,5.033165e+07,6.51785e-05,9.328637e-05,0.000123481,0.0001275877,6.885858e-05,0.001763591,0.001769475,0.001565,0.001558,0,0,1.524e-23,8.299e-24
step16,16,Q,u,head,1024,spike,786432,0.0007152621,0.0006546904,0.001407623,0.0009331999,0.001198539,0.001755851,0.001897721,0.001565,0.001536,0,0,1.524e-23,1.178e-24
step16,16,Q,u,head,1024,32-64,786432,0.0007945903,0.0008835722,0.0007387797,0.001247621,0.001427421,0.001735324,0.001853035,0.001565,0.001536,0,0,1.524e-23,1.178e-24
step16,16,Q,u,head,1024,64-128,1572864,0.0006776988,0.0004087199,0.00111262,0.0007561608,0.0009369158,0.001731782,0.001840319,0.001565,0.001536,0,0,1.524e-23,1.178e-24
step16,16,Q,u,head,1024,128-256,3145728,0.0004543996,0.0005632406,0.000483195,0.0002379301,0.0003619805,0.001733507,0.001785324,0.001565,0.001536,0,0,1.524e-23,1.178e-24
step16,16,Q,u,head,1024,256-512,6291456,0.0003639956,0.000179471,0.0003940264,0.0004565471,0.0002770213,0.001750833,0.001749538,0.001565,0.001536,0,0,1.524e-23,1.178e-24
step16,16,Q,u,head,1024,512-1024,1.258291e+07,0.0004202409,0.0002251457,0.0004384518,0.0001014573,0.0003530909,0.001727944,0.001764831,0.001565,0.001536,0,0,1.524e-23,1.178e-24
step16,16,Q,v,residual,1024,spike,786432,0.0005844533,0.0007281304,0.002557119,0.001972665,0.002236518,0.001714071,0.001953307,0.001565,0.001536,0,0,1.524e-23,1.178e-24
step16,16,Q,v,residual,1024,32-64,786432,0.0005624629,0.0008135739,0.000919342,0.001238927,0.001473124,0.001758575,0.001850855,0.001565,0.001536,0,0,1.524e-23,1.178e-24
step16,16,Q,v,residual,1024,64-128,1572864,0.0003879659,0.0005783965,0.0009104411,0.0007377284,0.0009825813,0.001724606,0.001829874,0.001565,0.001536,0,0,1.524e-23,1.178e-24
step16,16,Q,v,residual,1024,128-256,3145728,0.0006417771,0.0003727981,0.0006243388,0.0002617574,0.0003705984,0.001740637,0.001757667,0.001565,0.001536,0,0,1.524e-23,1.178e-24
step16,16,Q,v,residual,1024,256-512,6291456,0.0003631452,0.0001589767,0.0004369418,0.000600384,0.0003609505,0.001755056,0.001750833,0.001565,0.001536,0,0,1.524e-23,1.178e-24
step16,16,Q,v,residual,1024,512-1024,1.258291e+07,0.0003001355,0.0001254967,0.0001949469,0.0001914167,0.0002490609,0.001747415,0.001750322,0.001565,0.001536,0,0,1.524e-23,1.178e-24
step16,16,K,u,head,1024,spike,786432,0.0003202517,0.0003545809,0.002441406,0.002170608,0.002439587,0.001734961,0.001938411,0.001565,0.001536,0,0,1.524e-23,1.178e-24
step16,16,K,u,head,1024,32-64,786432,0.0003336172,0.00059747,0.001232147,0.00138019,0.00164382,0.001816886,0.001811618,0.001565,0.001536,0,0,1.524e-23,1.178e-24
step16,16,K,u,head,1024,64-128,1572864,0.0007109001,0.0004548048,0.0009791056,0.0006925878,0.0009374407,0.001778466,0.001818248,0.001565,0.001536,0,0,1.524e-23,1.178e-24
step16,16,K,u,head,1024,128-256,3145728,0.0006504416,0.0004937151,0.0007492701,0.0002547259,0.0003587335,0.00175685,0.001752081,0.001565,0.001536,0,0,1.524e-23,1.178e-24
step16,16,K,u,head,1024,256-512,6291456,0.0003592723,0.0002031938,0.0003727277,0.0004181566,0.0002609379,0.001758053,0.001751968,0.001565,0.001536,0,0,1.524e-23,1.178e-24
step16,16,K,u,head,1024,512-1024,1.258291e+07,0.0001819232,0.0002538372,0.0004146099,0.0003766657,0.0001820413,0.001745905,0.001746757,0.001565,0.001536,0,0,1.524e-23,1.178e-24
step16,16,K,v,residual,1024,spike,786432,0.001153544,0.001057689,0.002786001,0.002169337,0.002438316,0.001756396,0.002011254,0.001565,0.001536,0,0,1.524e-23,1.178e-24
step16,16,K,v,residual,1024,32-64,786432,0.0007008665,0.0006050117,0.002480825,0.002037589,0.00230122,0.00174368,0.001900083,0.001565,0.001536,0,0,1.524e-23,1.178e-24
step16,16,K,v,residual,1024,64-128,1572864,0.000567715,0.0004755226,0.0008125305,0.00051134,0.0007064352,0.001688639,0.001793543,0.001565,0.001536,0,0,1.524e-23,1.178e-24
step16,16,K,v,residual,1024,128-256,3145728,0.0002919571,0.0004400503,0.0006774267,0.0004515442,0.0003892581,0.00174813,0.001778058,0.001565,0.001536,0,0,1.524e-23,1.178e-24
step16,16,K,v,residual,1024,256-512,6291456,0.0002191566,0.0002675725,0.0003433228,0.0003426309,0.0001838932,0.00173378,0.001754375,0.001565,0.001536,0,0,1.524e-23,1.178e-24
step16,16,K,v,residual,1024,512-1024,1.258291e+07,0.0002178708,0.0002066224,0.000203371,0.000365293,0.0002496333,0.001744021,0.001758927,0.001565,0.001536,0,0,1.524e-23,1.178e-24
step16,16,V,u,head,1024,spike,786432,0.0008438527,0.0005799999,0.002730052,0.001886199,0.002150052,0.001767658,0.001895541,0.001565,0.001536,0,0,1.524e-23,1.178e-24
step16,16,V,u,head,1024,32-64,786432,0.0007793081,0.0009026167,0.002147675,0.001804893,0.002068523,0.001755487,0.001891363,0.001565,0.001536,0,0,1.524e-23,1.178e-24
step16,16,V,u,head,1024,64-128,1572864,0.0008330607,0.0007242197,0.0009053548,0.0004115665,0.0005870176,0.001753035,0.001826968,0.001565,0.001536,0,0,1.524e-23,1.178e-24
step16,16,V,u,head,1024,128-256,3145728,0.0002532104,0.0003463428,0.0009117126,0.0006849584,0.0009298113,0.001785914,0.001841954,0.001565,0.001536,0,0,1.524e-23,1.178e-24
step16,16,V,u,head,1024,256-512,6291456,0.0007215006,0.0004703896,0.0006426175,0.0001974222,0.0003925174,0.001732576,0.00174838,0.001565,0.001536,0,0,1.524e-23,1.178e-24
step16,16,V,u,head,1024,512-1024,1.258291e+07,0.0004921114,0.0002982914,0.0004789829,0.0002123077,0.00026105,0.0017467,0.001756259,0.001565,0.001536,0,0,1.524e-23,1.178e-24
step16,16,V,v,residual,1024,spike,786432,0.0008330461,0.001028141,0.00163269,0.002298391,0.002513409,0.001788911,0.00196802,0.001565,0.001536,0,0,1.524e-23,1.178e-24
step16,16,V,v,residual,1024,32-64,786432,0.00119485,0.0009606527,0.002986908,0.001842669,0.002037765,0.001689184,0.001954578,0.001565,0.001536,0,0,1.524e-23,1.178e-24
step16,16,V,v,residual,1024,64-128,1572864,0.0003889139,0.000497755,0.0009034475,0.0006342974,0.0008684946,0.001740955,0.001785551,0.001565,0.001536,0,0,1.524e-23,1.178e-24
step16,16,V,v,residual,1024,128-256,3145728,0.0003533247,0.0001582296,0.0005216599,0.0003759272,0.0004602005,0.001754488,0.001793543,0.001565,0.001536,0,0,1.524e-23,1.178e-24
step16,16,V,v,residual,1024,256-512,6291456,0.0002070767,0.000303357,0.0004723867,0.0004608297,0.0002097186,0.001739116,0.001746859,0.001565,0.001536,0,0,1.524e-23,1.178e-24
step16,16,V,v,residual,1024,512-1024,1.258291e+07,0.0002448443,0.0002196666,0.0001578331,0.000201797,0.0002008096,0.001754954,0.001743896,0.001565,0.001536,0,0,1.524e-23,1.178e-24
step16,16,O,u,residual,1024,spike,786432,0.0005039556,0.0003773408,0.001879374,0.001375419,0.001629981,0.001734052,0.001901172,0.001565,0.001536,0,0,1.524e-23,1.178e-24
step16,16,O,u,residual,1024,32-64,786432,0.0008972946,0.0006461836,0.00155894,0.0009602027,0.001155298,0.00169754,0.001837413,0.001565,0.001536,0,0,1.524e-23,1.178e-24
step16,16,O,u,residual,1024,64-128,1572864,0.0004001305,0.0005748363,0.0006961823,0.0006028927,0.0008071052,0.001783189,0.001868384,0.001565,0.001536,0,0,1.524e-23,1.178e-24
step16,16,O,u,residual,1024,128-256,3145728,0.000481294,0.0004667875,0.0003595352,0.000355532,0.0004918678,0.001747722,0.001764979,0.001565,0.001536,0,0,1.524e-23,1.178e-24
step16,16,O,u,residual,1024,256-512,6291456,0.0002755478,0.0002476884,0.0002905528,0.0002000831,0.0002785039,0.001746087,0.001745769,0.001565,0.001536,0,0,1.524e-23,1.178e-24
step16,16,O,u,residual,1024,512-1024,1.258291e+07,0.0003461481,0.0001626598,0.0002713203,0.0001724898,0.0001949286,0.001744736,0.001751536,0.001565,0.001536,0,0,1.524e-23,1.178e-24
step16,16,O,v,head,1024,spike,786432,0.0008765306,0.001110728,0.001346588,0.001600947,0.001869926,0.001756577,0.001931508,0.001565,0.001536,0,0,1.524e-23,1.178e-24
step16,16,O,v,head,1024,32-64,786432,0.001170681,0.0009195702,0.002066294,0.0009282887,0.001197268,0.001673199,0.001828693,0.001565,0.001536,0,0,1.524e-23,1.178e-24
step16,16,O,v,head,1024,64-128,1572864,0.001220032,0.001005014,0.001540502,0.0006117937,0.0008068888,0.001737867,0.001780646,0.001565,0.001536,0,0,1.524e-23,1.178e-24
step16,16,O,v,head,1024,128-256,3145728,0.0004972179,0.0004038107,0.0004078547,0.0006583175,0.0004432995,0.001744815,0.001779556,0.001565,0.001536,0,0,1.524e-23,1.178e-24
step16,16,O,v,head,1024,256-512,6291456,0.0002099216,0.0001906428,0.0001556079,0.0002297898,0.0003181308,0.001756123,0.001758757,0.001565,0.001536,0,0,1.524e-23,1.178e-24
step16,16,O,v,head,1024,512-1024,1.258291e+07,0.000370918,0.0001424154,0.0003832976,0.000102788,0.0003621669,0.001744259,0.001768816,0.001565,0.001536,0,0,1.524e-23,1.178e-24
step16,16,MLP_IN,u,hidden,4096,spike,3145728,0.0003714589,0.0003406391,0.001142184,0.0008606812,0.0009266119,0.001760664,0.001864479,0.001565,0.001558,0,0,1.524e-23,8.299e-24
step16,16,MLP_IN,u,hidden,4096,32-64,3145728,0.0003684719,0.0003293003,0.001031876,0.0008372284,0.0008984087,0.001787821,0.001886867,0.001565,0.001558,0,0,1.524e-23,8.299e-24
step16,16,MLP_IN,u,hidden,4096,64-128,6291456,0.0002319967,0.0001698556,0.0007901192,0.0006743038,0.0007181549,0.00174922,0.001823334,0.001565,0.001558,0,0,1.524e-23,8.299e-24
step16,16,MLP_IN,u,hidden,4096,128-256,1.258291e+07,0.000266329,0.0002004475,0.0006399949,0.0004346828,0.0005018978,0.001772392,0.001806259,0.001565,0.001558,0,0,1.524e-23,8.299e-24
step16,16,MLP_IN,u,hidden,4096,256-512,2.516582e+07,0.0001293917,8.969565e-05,0.0002382596,0.0001429932,0.0002041735,0.001779375,0.001792613,0.001565,0.001558,0,0,1.524e-23,8.299e-24
step16,16,MLP_IN,u,hidden,4096,512-1024,5.033165e+07,0.0001382096,8.588929e-05,0.0002006888,6.775465e-05,0.0001147995,0.001776301,0.001787694,0.001565,0.001558,0,0,1.524e-23,8.299e-24
step16,16,MLP_IN,v,residual,1024,spike,786432,0.0006753866,0.0005665456,0.001435598,0.001093977,0.001345088,0.00178764,0.001896813,0.001565,0.001536,0,0,1.524e-23,1.178e-24
step16,16,MLP_IN,v,residual,1024,32-64,786432,0.001383042,0.001148844,0.002147675,0.001027389,0.001184116,0.001763117,0.001900627,0.001565,0.001536,0,0,1.524e-23,1.178e-24
step16,16,MLP_IN,v,residual,1024,64-128,1572864,0.0003927755,0.0006101234,0.001169205,0.0008578914,0.001102744,0.001691909,0.001801173,0.001565,0.001536,0,0,1.524e-23,1.178e-24
step16,16,MLP_IN,v,residual,1024,128-256,3145728,0.0001969042,0.0003967322,0.0002819697,0.0002259817,0.0004467272,0.001758757,0.001787276,0.001565,0.001536,0,0,1.524e-23,1.178e-24
step16,16,MLP_IN,v,residual,1024,256-512,6291456,0.0003889465,0.0002161364,0.0005715688,0.0005775971,0.0004003532,0.001734575,0.001752513,0.001565,0.001536,0,0,1.524e-23,1.178e-24
step16,16,MLP_IN,v,residual,1024,512-1024,1.258291e+07,0.00036416,0.0001413822,0.0001619657,0.0002648496,0.0001180681,0.001744236,0.001766875,0.001565,0.001536,0,0,1.524e-23,1.178e-24
step16,16,MLP_OUT,u,residual,1024,spike,786432,0.0009577228,0.0008618679,0.001650492,0.001366129,0.001629981,0.001817431,0.001844679,0.001565,0.001536,0,0,1.524e-23,1.178e-24
step16,16,MLP_OUT,u,residual,1024,32-64,786432,0.0009524385,0.000795712,0.002197266,0.001321624,0.001585477,0.001740955,0.001820337,0.001565,0.001536,0,0,1.524e-23,1.178e-24
step16,16,MLP_OUT,u,residual,1024,64-128,1572864,0.0004405618,0.0003109864,0.001101176,0.0007580682,0.0009335192,0.001749856,0.001820428,0.001565,0.001536,0,0,1.524e-23,1.178e-24
step16,16,MLP_OUT,u,residual,1024,128-256,3145728,0.0006412819,0.0003805458,0.0003903707,0.0003689745,0.0003934518,0.001724516,0.001764888,0.001565,0.001536,0,0,1.524e-23,1.178e-24
step16,16,MLP_OUT,u,residual,1024,256-512,6291456,0.0002994636,0.0002021522,0.0002390544,0.0002340141,0.0002373945,0.001745769,0.00175442,0.001565,0.001536,0,0,1.524e-23,1.178e-24
step16,16,MLP_OUT,u,residual,1024,512-1024,1.258291e+07,0.0003790124,0.0001696134,0.0003623168,0.0001591201,0.0002096424,0.001754886,0.001757009,0.001565,0.001536,0,0,1.524e-23,1.178e-24
step16,16,MLP_OUT,v,hidden,4096,spike,3145728,0.0004146253,0.0003714377,0.001455307,0.00108787,0.001155085,0.001750855,0.001897766,0.001565,0.001558,0,0,1.524e-23,8.299e-24
step16,16,MLP_OUT,v,hidden,4096,32-64,3145728,0.0004995548,0.0004507948,0.001216888,0.000849201,0.0009119562,0.00175308,0.001853534,0.001565,0.001558,0,0,1.524e-23,8.299e-24
step16,16,MLP_OUT,v,hidden,4096,64-128,6291456,0.0001671349,0.0001813534,0.0007543564,0.0007651548,0.0008310856,0.001757327,0.00184754,0.001565,0.001558,0,0,1.524e-23,8.299e-24
step16,16,MLP_OUT,v,hidden,4096,128-256,1.258291e+07,0.0002040096,0.0001771034,0.000581344,0.0005365114,0.0006024421,0.001742647,0.001819622,0.001565,0.001558,0,0,1.524e-23,8.299e-24
step16,16,MLP_OUT,v,hidden,4096,256-512,2.516582e+07,0.0001582642,9.501932e-05,0.0002982616,0.0002133806,0.0002671188,0.001779437,0.001785182,0.001565,0.001558,0,0,1.524e-23,8.299e-24
step16,16,MLP_OUT,v,hidden,4096,512-1024,5.033165e+07,8.95921e-05,0.0001158499,0.0001045863,5.532297e-05,9.025196e-05,0.001767624,0.001775236,0.001565,0.001558,0,0,1.524e-23,8.299e-24
step32,32,Q,u,head,1024,spike,786432,0.0007343355,0.0007831186,0.002652486,0.002568733,0.002763829,0.001754034,0.001922607,0.001565,0.001536,0,0,1.524e-23,1.178e-24
step32,32,Q,u,head,1024,32-64,786432,0.0007697643,0.001033617,0.0007514954,0.001138097,0.001407076,0.001724062,0.001881554,0.001565,0.001536,0,0,1.524e-23,1.178e-24
step32,32,Q,u,head,1024,64-128,1572864,0.0006217499,0.0004421572,0.001297633,0.0007415431,0.000986396,0.001723335,0.001815433,0.001565,0.001536,0,0,1.524e-23,1.178e-24
step32,32,Q,u,head,1024,128-256,3145728,0.0003911753,0.0003663338,0.000371933,0.0003767805,0.0004892052,0.001740001,0.001797222,0.001565,0.001536,0,0,1.524e-23,1.178e-24
step32,32,Q,u,head,1024,256-512,6291456,0.0003874484,0.0001724871,0.0002641678,0.0003169838,0.0001649626,0.001747971,0.00174511,0.001565,0.001536,0,0,1.524e-23,1.178e-24
step32,32,Q,u,head,1024,512-1024,1.258291e+07,0.0004828655,0.0002877703,0.0004445712,0.0001437727,0.0002593236,0.001738185,0.001755737,0.001565,0.001536,0,0,1.524e-23,1.178e-24
step32,32,Q,v,residual,1024,spike,786432,0.0005487163,0.0007637342,0.00206248,0.001788288,0.002052141,0.001705351,0.001948765,0.001565,0.001536,0,0,1.524e-23,1.178e-24
step32,32,Q,v,residual,1024,32-64,786432,0.0004944053,0.0007321937,0.0006103516,0.0004173123,0.0005936553,0.001748221,0.001810891,0.001565,0.001536,0,0,1.524e-23,1.178e-24
step32,32,Q,v,residual,1024,64-128,1572864,0.0003908377,0.0006546904,0.0006465912,0.0004641672,0.0007331462,0.001716341,0.001775469,0.001565,0.001536,0,0,1.524e-23,1.178e-24
step32,32,Q,v,residual,1024,128-256,3145728,0.0005243006,0.0002914555,0.0006418228,0.0002687656,0.0003623751,0.001745996,0.001798857,0.001565,0.001536,0,0,1.524e-23,1.178e-24
step32,32,Q,v,residual,1024,256-512,6291456,0.0003893713,0.0001334618,0.0001951853,0.0002981526,0.0001409339,0.001747971,0.001726151,0.001565,0.001536,0,0,1.524e-23,1.178e-24
step32,32,Q,v,residual,1024,512-1024,1.258291e+07,0.0003343178,0.0001188644,0.0005317529,0.0002168931,0.0004316323,0.001749833,0.001768589,0.001565,0.001536,0,0,1.524e-23,1.178e-24
step32,32,K,u,head,1024,spike,786432,0.0003651245,0.0004321042,0.001658122,0.001775537,0.002026648,0.001744225,0.001952035,0.001565,0.001536,0,0,1.524e-23,1.178e-24
step32,32,K,u,head,1024,32-64,786432,0.0005074005,0.0007763794,0.001473745,0.001549189,0.001783386,0.001805078,0.001876468,0.001565,0.001536,0,0,1.524e-23,1.178e-24
step32,32,K,u,head,1024,64-128,1572864,0.0005874176,0.0003450451,0.0009860992,0.0007465797,0.0009416748,0.001779102,0.001823516,0.001565,0.001536,0,0,1.524e-23,1.178e-24
step32,32,K,u,head,1024,128-256,3145728,0.000647817,0.0004121823,0.001318296,0.0007844532,0.0009599042,0.001752717,0.0018316,0.001565,0.001536,0,0,1.524e-23,1.178e-24
step32,32,K,u,head,1024,256-512,6291456,0.0003226482,0.0002910085,0.0001792908,0.000415428,0.000239977,0.001755192,0.001754761,0.001565,0.001536,0,0,1.524e-23,1.178e-24
step32,32,K,u,head,1024,512-1024,1.258291e+07,0.0002045241,0.0002540748,0.0002553463,0.0002383146,0.0002570736,0.001748993,0.001758712,0.001565,0.001536,0,0,1.524e-23,1.178e-24
step32,32,K,v,residual,1024,spike,786432,0.001290873,0.001195018,0.002295176,0.00183402,0.002068217,0.001750401,0.00190862,0.001565,0.001536,0,0,1.524e-23,1.178e-24
step32,32,K,v,residual,1024,32-64,786432,0.0007571817,0.0005421638,0.001372019,0.001057301,0.0012667,0.001751673,0.001849765,0.001565,0.001536,0,0,1.524e-23,1.178e-24
step32,32,K,v,residual,1024,64-128,1572864,0.0005124019,0.0004202095,0.001366297,0.001068787,0.001283805,0.001695542,0.001839592,0.001565,0.001536,0,0,1.524e-23,1.178e-24
step32,32,K,v,residual,1024,128-256,3145728,0.000273033,0.0004494774,0.0005366007,0.0004705251,0.000739504,0.001746268,0.001770428,0.001565,0.001536,0,0,1.524e-23,1.178e-24
step32,32,K,v,residual,1024,256-512,6291456,0.0002587735,0.0001672635,0.0002835592,0.0001742144,0.0002578609,0.001737004,0.001766863,0.001565,0.001536,0,0,1.524e-23,1.178e-24
step32,32,K,v,residual,1024,512-1024,1.258291e+07,0.0002393388,0.0001571108,0.0003279845,0.0001490677,0.0003337066,0.001747971,0.00178689,0.001565,0.001536,0,0,1.524e-23,1.178e-24
step32,32,V,u,head,1024,spike,786432,0.0008794565,0.0006156038,0.002132416,0.001338109,0.001583824,0.001757667,0.001876468,0.001565,0.001536,0,0,1.524e-23,1.178e-24
step32,32,V,u,head,1024,32-64,786432,0.0006641729,0.0007110934,0.001879374,0.00142941,0.001624506,0.00174586,0.001904442,0.001565,0.001536,0,0,1.524e-23,1.178e-24
step32,32,V,u,head,1024,64-128,1572864,0.0007815623,0.0006727213,0.001394272,0.0009452042,0.001196315,0.001756668,0.001847767,0.001565,0.001536,0,0,1.524e-23,1.178e-24
step32,32,V,u,head,1024,128-256,3145728,0.0002300495,0.0002470053,0.0002702077,0.0003429591,0.0002984789,0.001786459,0.001762663,0.001565,0.001536,0,0,1.524e-23,1.178e-24
step32,32,V,u,head,1024,256-512,6291456,0.0006754064,0.0004242953,0.0002360344,0.000491714,0.000377877,0.00173328,0.001745088,0.001565,0.001536,0,0,1.524e-23,1.178e-24
step32,32,V,u,head,1024,512-1024,1.258291e+07,0.0004914485,0.0002963534,0.0004694462,0.0001741404,0.000231425,0.001742079,0.001771178,0.001565,0.001536,0,0,1.524e-23,1.178e-24
step32,32,V,v,residual,1024,spike,786432,0.0008773446,0.001034071,0.001196543,0.001214886,0.001478517,0.001795814,0.001930963,0.001565,0.001536,0,0,1.524e-23,1.178e-24
step32,32,V,v,residual,1024,32-64,786432,0.001320735,0.001086538,0.002857208,0.002190103,0.002453956,0.001708258,0.001960936,0.001565,0.001536,0,0,1.524e-23,1.178e-24
step32,32,V,v,residual,1024,64-128,1572864,0.0003437734,0.0004526144,0.0006275177,0.0004323781,0.000701357,0.001745496,0.001816704,0.001565,0.001536,0,0,1.524e-23,1.178e-24
step32,32,V,v,residual,1024,128-256,3145728,0.000347553,0.0002143098,0.0008967717,0.0005761232,0.0008103205,0.001754443,0.001783189,0.001565,0.001536,0,0,1.524e-23,1.178e-24
step32,32,V,v,residual,1024,256-512,6291456,0.0002177313,0.0003260862,0.0002376239,0.0002850846,0.0001813008,0.001739048,0.00172086,0.001565,0.001536,0,0,1.524e-23,1.178e-24
step32,32,V,v,residual,1024,512-1024,1.258291e+07,0.000233525,0.0001465182,0.0003325939,0.0001670547,0.0003748092,0.001753432,0.001761936,0.001565,0.001536,0,0,1.524e-23,1.178e-24
step32,32,O,u,residual,1024,spike,786432,0.0006302296,0.0007255086,0.001836141,0.002022461,0.002237479,0.001701173,0.002005441,0.001565,0.001536,0,0,1.524e-23,1.178e-24
step32,32,O,u,residual,1024,32-64,786432,0.0006670311,0.0005262332,0.001359304,0.0007815974,0.00102645,0.001754761,0.001850128,0.001565,0.001536,0,0,1.524e-23,1.178e-24
step32,32,O,u,residual,1024,64-128,1572864,0.0004250498,0.0005214901,0.0008061727,0.000914087,0.00117794,0.001768839,0.001859756,0.001565,0.001536,0,0,1.524e-23,1.178e-24
step32,32,O,u,residual,1024,128-256,3145728,0.0004523138,0.0003120773,0.0005512238,0.0002464953,0.0004269071,0.001749584,0.001765433,0.001565,0.001536,0,0,1.524e-23,1.178e-24
step32,32,O,u,residual,1024,256-512,6291456,0.0001901054,0.0003411012,0.0001853307,0.0002756217,0.0003479322,0.001743884,0.001749902,0.001565,0.001536,0,0,1.524e-23,1.178e-24
step32,32,O,u,residual,1024,512-1024,1.258291e+07,0.0003075937,0.0001583251,0.0002199014,0.0001552998,0.0003507933,0.001753296,0.001771598,0.001565,0.001536,0,0,1.524e-23,1.178e-24
step32,32,O,v,head,1024,spike,786432,0.0004782939,0.000392619,0.002344767,0.002006998,0.00227085,0.001766568,0.001994723,0.001565,0.001536,0,0,1.524e-23,1.178e-24
step32,32,O,v,head,1024,32-64,786432,0.001155182,0.0009401639,0.002492269,0.001841768,0.002105399,0.001697359,0.001867203,0.001565,0.001536,0,0,1.524e-23,1.178e-24
step32,32,O,v,head,1024,64-128,1572864,0.0009644469,0.000749429,0.001219432,0.0004904089,0.0007352618,0.001750674,0.00186902,0.001565,0.001536,0,0,1.524e-23,1.178e-24
step32,32,O,v,head,1024,128-256,3145728,0.0003697141,0.0003510407,0.0005197525,0.0003933808,0.0006572335,0.001735051,0.001732145,0.001565,0.001536,0,0,1.524e-23,1.178e-24
step32,32,O,v,head,1024,256-512,6291456,0.000381617,0.0001865219,0.000275294,0.0002393821,0.0002304865,0.001750583,0.001741001,0.001565,0.001536,0,0,1.524e-23,1.178e-24
step32,32,O,v,head,1024,512-1024,1.258291e+07,0.0003051821,0.0001893847,0.0002278487,0.000309125,0.0001789518,0.001747029,0.001752899,0.001565,0.001536,0,0,1.524e-23,1.178e-24
step32,32,MLP_IN,u,hidden,4096,spike,3145728,0.0003654777,0.0003306644,0.001117071,0.000919446,0.0009779761,0.001757349,0.001873016,0.001565,0.001558,0,0,1.524e-23,8.299e-24
step32,32,MLP_IN,u,hidden,4096,32-64,3145728,0.0002476732,0.0002087142,0.0007228851,0.0006403824,0.0007063132,0.001793226,0.00184872,0.001565,0.001558,0,0,1.524e-23,8.299e-24
step32,32,MLP_IN,u,hidden,4096,64-128,6291456,0.0002798393,0.0002139579,0.0006098747,0.0003984671,0.0004643978,0.001752785,0.00181818,0.001565,0.001558,0,0,1.524e-23,8.299e-24
step32,32,MLP_IN,u,hidden,4096,128-256,1.258291e+07,0.0002799371,0.0002127222,0.0006496112,0.0003924983,0.0004536785,0.001772597,0.001813957,0.001565,0.001558,0,0,1.524e-23,8.299e-24
step32,32,MLP_IN,u,hidden,4096,256-512,2.516582e+07,0.0001554032,9.441212e-05,0.0002943277,0.0001967993,0.0002553294,0.001777689,0.001799209,0.001565,0.001558,0,0,1.524e-23,8.299e-24
step32,32,MLP_IN,u,hidden,4096,512-1024,5.033165e+07,0.0001644591,9.852835e-05,0.0001483758,6.643856e-05,8.259897e-05,0.001776201,0.001775759,0.001565,0.001558,0,0,1.524e-23,8.299e-24
step32,32,MLP_IN,v,residual,1024,spike,786432,0.0008896742,0.0006554769,0.002288818,0.001726056,0.001989686,0.001799447,0.001877194,0.001565,0.001536,0,0,1.524e-23,1.178e-24
step32,32,MLP_IN,v,residual,1024,32-64,786432,0.001354172,0.001085193,0.00254186,0.001187688,0.001456667,0.00176239,0.001870837,0.001565,0.001536,0,0,1.524e-23,1.178e-24
step32,32,MLP_IN,v,residual,1024,64-128,1572864,0.0005160354,0.0006578071,0.00060908,0.0005300379,0.000781149,0.001698449,0.001813071,0.001565,0.001536,0,0,1.524e-23,1.178e-24
step32,32,MLP_IN,v,residual,1024,128-256,3145728,0.0002083535,0.0004301108,0.0003328323,0.0001978758,0.0003044422,0.001762254,0.001735415,0.001565,0.001536,0,0,1.524e-23,1.178e-24
step32,32,MLP_IN,v,residual,1024,256-512,6291456,0.0004162852,0.0003129533,0.0002086957,0.0003393554,0.0002721151,0.001727763,0.001735528,0.001565,0.001536,0,0,1.524e-23,1.178e-24
step32,32,MLP_IN,v,residual,1024,512-1024,1.258291e+07,0.0003778294,0.0001141988,0.0004034837,0.0002023585,0.0003185281,0.001737856,0.001770542,0.001565,0.001536,0,0,1.524e-23,1.178e-24
step32,32,MLP_OUT,u,residual,1024,spike,786432,0.0005838104,0.00059747,0.001714071,0.001330228,0.001571427,0.001782917,0.001838502,0.001565,0.001536,0,0,1.524e-23,1.178e-24
step32,32,MLP_OUT,u,residual,1024,32-64,786432,0.0008036653,0.0006469388,0.0006535848,0.0005908625,0.0008357155,0.001740774,0.001809983,0.001565,0.001536,0,0,1.524e-23,1.178e-24
step32,32,MLP_OUT,u,residual,1024,64-128,1572864,0.000640964,0.0004024048,0.001187007,0.0006938594,0.0009387123,0.001742227,0.001825333,0.001565,0.001536,0,0,1.524e-23,1.178e-24
step32,32,MLP_OUT,u,residual,1024,128-256,3145728,0.0007023171,0.0004386865,0.001026154,0.0003238365,0.000587467,0.001726695,0.001798403,0.001565,0.001536,0,0,1.524e-23,1.178e-24
step32,32,MLP_OUT,u,residual,1024,256-512,6291456,0.0003056986,0.0002778983,0.0004490217,0.0005261202,0.0002622674,0.00174041,0.001754738,0.001565,0.001536,0,0,1.524e-23,1.178e-24
step32,32,MLP_OUT,u,residual,1024,512-1024,1.258291e+07,0.0003095805,0.0001118174,0.0003303687,0.0001039801,0.0002897671,0.001752036,0.001776275,0.001565,0.001536,0,0,1.524e-23,1.178e-24
step32,32,MLP_OUT,v,hidden,4096,spike,3145728,0.0002340975,0.0002257504,0.001165708,0.0009623703,0.001025126,0.001728875,0.001876468,0.001565,0.001558,0,0,1.524e-23,8.299e-24
step32,32,MLP_OUT,v,hidden,4096,32-64,3145728,0.0003989181,0.0003451798,0.001083374,0.0008484459,0.0009007663,0.001760392,0.001840274,0.001565,0.001558,0,0,1.524e-23,8.299e-24
step32,32,MLP_OUT,v,hidden,4096,64-128,6291456,0.0001547183,0.0002205997,0.0006268819,0.0005968349,0.0006491552,0.001776037,0.001836164,0.001565,0.001558,0,0,1.524e-23,8.299e-24
step32,32,MLP_OUT,v,hidden,4096,128-256,1.258291e+07,0.0001272542,8.623315e-05,0.0004444917,0.0003685614,0.0004357764,0.0017613,0.001796393,0.001565,0.001558,0,0,1.524e-23,8.299e-24
step32,32,MLP_OUT,v,hidden,4096,256-512,2.516582e+07,0.0001970628,0.0001311321,0.0003889004,0.0002185166,0.0002857316,0.001760625,0.001800866,0.001565,0.001558,0,0,1.524e-23,8.299e-24
step32,32,MLP_OUT,v,hidden,4096,512-1024,5.033165e+07,7.34767e-05,9.909051e-05,0.000154376,9.689097e-05,0.0001492113,0.001762668,0.001772969,0.001565,0.001558,0,0,1.524e-23,8.299e-24
step64,64,Q,u,head,1024,spike,786432,0.0008360608,0.0006343454,0.001948039,0.0014657,0.001710553,0.001748766,0.002003261,0.001565,0.001536,0,0,1.524e-23,1.178e-24
step64,64,Q,u,head,1024,32-64,786432,0.0006400646,0.0009039173,0.001232147,0.001394953,0.001663932,0.001730964,0.001871563,0.001565,0.001536,0,0,1.524e-23,1.178e-24
step64,64,Q,u,head,1024,64-128,1572864,0.0005332016,0.0004513428,0.001508077,0.0009748754,0.001219728,0.001705987,0.001821518,0.001565,0.001536,0,0,1.524e-23,1.178e-24
step64,64,Q,u,head,1024,128-256,3145728,0.000318342,0.0004271831,0.0005989075,0.0003594058,0.0005281074,0.001749947,0.001776059,0.001565,0.001536,0,0,1.524e-23,1.178e-24
step64,64,Q,u,head,1024,256-512,6291456,0.0003453954,0.0001359964,0.0004746119,0.00061874,0.0004125427,0.001763957,0.001775129,0.001565,0.001536,0,0,1.524e-23,1.178e-24
step64,64,Q,u,head,1024,512-1024,1.258291e+07,0.0004513601,0.0002048658,0.0004371802,0.0001213705,0.000299038,0.001735199,0.001756078,0.001565,0.001536,0,0,1.524e-23,1.178e-24
step64,64,Q,v,residual,1024,spike,786432,0.0004858675,0.0006177528,0.002365112,0.002329554,0.002598533,0.001712436,0.0020009,0.001565,0.001536,0,0,1.524e-23,1.178e-24
step64,64,Q,v,residual,1024,32-64,786432,0.0004932292,0.0006644735,0.001118978,0.001297669,0.001515086,0.00174913,0.001818339,0.001565,0.001536,0,0,1.524e-23,1.178e-24
step64,64,Q,v,residual,1024,64-128,1572864,0.0004225906,0.0006737017,0.0007712046,0.0008059875,0.0009148285,0.001738412,0.001818702,0.001565,0.001536,0,0,1.524e-23,1.178e-24
step64,64,Q,v,residual,1024,128-256,3145728,0.0006218905,0.00035826,0.000846227,0.0004902925,0.0007244898,0.001750855,0.001793271,0.001565,0.001536,0,0,1.524e-23,1.178e-24
step64,64,Q,v,residual,1024,256-512,6291456,0.0004828834,0.0002734844,0.0003910065,0.0006680372,0.0004729421,0.001739275,0.001728784,0.001565,0.001536,0,0,1.524e-23,1.178e-24
step64,64,Q,v,residual,1024,512-1024,1.258291e+07,0.0002260545,0.0001609937,0.000228405,0.0001284619,0.0002233799,0.001747256,0.001761629,0.001565,0.001536,0,0,1.524e-23,1.178e-24
step64,64,K,u,head,1024,spike,786432,0.0004147454,0.0005901965,0.002455393,0.002137548,0.002406527,0.001776922,0.001994542,0.001565,0.001536,0,0,1.524e-23,1.178e-24
step64,64,K,u,head,1024,32-64,786432,0.0004969485,0.0007156634,0.001393636,0.001626378,0.001895357,0.001816704,0.001899719,0.001565,0.001536,0,0,1.524e-23,1.178e-24
step64,64,K,u,head,1024,64-128,1572864,0.0004560613,0.0002829663,0.001106262,0.0008295279,0.001093381,0.001779829,0.001831781,0.001565,0.001536,0,0,1.524e-23,1.178e-24
step64,64,K,u,head,1024,128-256,3145728,0.0005332727,0.0003552698,0.0009012222,0.0003850705,0.0006192677,0.001744316,0.001783871,0.001565,0.001536,0,0,1.524e-23,1.178e-24
step64,64,K,u,head,1024,256-512,6291456,0.0002662955,0.0002396197,0.0005132357,0.0006021324,0.0003523674,0.001754897,0.001722654,0.001565,0.001536,0,0,1.524e-23,1.178e-24
step64,64,K,u,head,1024,512-1024,1.258291e+07,0.0003101094,0.0002166439,0.0004206498,0.0001966616,0.0004656405,0.001746972,0.001763957,0.001565,0.001536,0,0,1.524e-23,1.178e-24
step64,64,K,v,residual,1024,spike,786432,0.001186605,0.00109075,0.002370199,0.001649762,0.001913392,0.001754579,0.001832871,0.001565,0.001536,0,0,1.524e-23,1.178e-24
step64,64,K,v,residual,1024,32-64,786432,0.0007597248,0.0005447069,0.001889547,0.001129822,0.00134484,0.001753671,0.001828693,0.001565,0.001536,0,0,1.524e-23,1.178e-24
step64,64,K,v,residual,1024,64-128,1572864,0.0006134914,0.000521299,0.001036962,0.000776196,0.001039827,0.001692363,0.001838048,0.001565,0.001536,0,0,1.524e-23,1.178e-24
step64,64,K,v,residual,1024,128-256,3145728,0.0002020102,0.0004658629,0.0005537669,0.0003559355,0.0005313866,0.001759075,0.001778421,0.001565,0.001536,0,0,1.524e-23,1.178e-24
step64,64,K,v,residual,1024,256-512,6291456,0.0003055035,0.0001908246,0.0002032916,0.0003015299,0.0002026988,0.001720633,0.001778466,0.001565,0.001536,0,0,1.524e-23,1.178e-24
step64,64,K,v,residual,1024,512-1024,1.258291e+07,0.0002522288,0.0001843807,0.000171423,0.0002506728,0.0001304024,0.001746246,0.001736289,0.001565,0.001536,0,0,1.524e-23,1.178e-24
step64,64,V,u,head,1024,spike,786432,0.0008273223,0.0005634696,0.0022494,0.001600061,0.001852357,0.001765478,0.001899174,0.001565,0.001536,0,0,1.524e-23,1.178e-24
step64,64,V,u,head,1024,32-64,786432,0.0008860962,0.001002142,0.00177002,0.001667694,0.001882712,0.00174913,0.001932053,0.001565,0.001536,0,0,1.524e-23,1.178e-24
step64,64,V,u,head,1024,64-128,1572864,0.0008947803,0.0007989254,0.00132815,0.0008409719,0.001104825,0.001742681,0.001856032,0.001565,0.001536,0,0,1.524e-23,1.178e-24
step64,64,V,u,head,1024,128-256,3145728,0.0002494408,0.0002383623,0.0004924138,0.0005522751,0.0003074221,0.001783462,0.001751945,0.001565,0.001536,0,0,1.524e-23,1.178e-24
step64,64,V,u,head,1024,256-512,6291456,0.0007529357,0.000489083,0.0004154841,0.000524249,0.000273138,0.001734552,0.001720746,0.001565,0.001536,0,0,1.524e-23,1.178e-24
step64,64,V,u,head,1024,512-1024,1.258291e+07,0.0004318198,0.0002245099,0.0004971027,0.0002420286,0.0002756429,0.001745156,0.001761811,0.001565,0.001536,0,0,1.524e-23,1.178e-24
step64,64,V,v,residual,1024,spike,786432,0.0006789804,0.0008357068,0.002152761,0.002316062,0.002579693,0.001788911,0.001972017,0.001565,0.001536,0,0,1.524e-23,1.178e-24
step64,64,V,v,residual,1024,32-64,786432,0.001404409,0.001189391,0.002475739,0.001422467,0.001667319,0.001720247,0.001864115,0.001565,0.001536,0,0,1.524e-23,1.178e-24
step64,64,V,v,residual,1024,64-128,1572864,0.000419383,0.0005152378,0.001330694,0.001007511,0.001258622,0.001735687,0.001870837,0.001565,0.001536,0,0,1.524e-23,1.178e-24
step64,64,V,v,residual,1024,128-256,3145728,0.000439916,0.0002038114,0.0005381902,0.0002938808,0.0005577335,0.001756668,0.001763889,0.001565,0.001536,0,0,1.524e-23,1.178e-24
step64,64,V,v,residual,1024,256-512,6291456,0.0001772705,0.0002238841,0.0004973412,0.0006134664,0.0003498359,0.001738889,0.001739593,0.001565,0.001536,0,0,1.524e-23,1.178e-24
step64,64,V,v,residual,1024,512-1024,1.258291e+07,0.0002933804,0.0001700952,0.0002757708,0.000163281,0.0002724941,0.001755351,0.00175685,0.001565,0.001536,0,0,1.524e-23,1.178e-24
step64,64,O,u,residual,1024,spike,786432,0.0005403697,0.0003558103,0.001904806,0.001446237,0.00171009,0.00168537,0.00199109,0.001565,0.001536,0,0,1.524e-23,1.178e-24
step64,64,O,u,residual,1024,32-64,786432,0.0007636701,0.0005736962,0.00149409,0.001214975,0.001424374,0.001766386,0.001929692,0.001565,0.001536,0,0,1.524e-23,1.178e-24
step64,64,O,u,residual,1024,64-128,1572864,0.0006976688,0.0008731199,0.0007692973,0.0007657028,0.001010556,0.001789093,0.001835051,0.001565,0.001536,0,0,1.524e-23,1.178e-24
step64,64,O,u,residual,1024,128-256,3145728,0.0002261184,0.0002832565,0.0003182093,0.0002280899,0.0004099822,0.001733871,0.001791591,0.001565,0.001536,0,0,1.524e-23,1.178e-24
step64,64,O,u,residual,1024,256-512,6291456,0.0003551979,0.0003625862,0.0002298355,0.0003942986,0.0002778074,0.001752876,0.001758416,0.001565,0.001536,0,0,1.524e-23,1.178e-24
step64,64,O,u,residual,1024,512-1024,1.258291e+07,0.0003360573,0.0001408189,0.0002119541,0.000286589,0.0001773192,0.001757758,0.001764922,0.001565,0.001536,0,0,1.524e-23,1.178e-24
step64,64,O,v,head,1024,spike,786432,0.0006565498,0.000890747,0.00263087,0.002046416,0.002310269,0.001749674,0.001953307,0.001565,0.001536,0,0,1.524e-23,1.178e-24
step64,64,O,v,head,1024,32-64,786432,0.0007516805,0.0006428395,0.0008646647,0.0008220609,0.00103146,0.001761664,0.001838866,0.001565,0.001536,0,0,1.524e-23,1.178e-24
step64,64,O,v,head,1024,64-128,1572864,0.0008774752,0.0006138447,0.001406988,0.0005295123,0.0007931428,0.001755124,0.001811527,0.001565,0.001536,0,0,1.524e-23,1.178e-24
step64,64,O,v,head,1024,128-256,3145728,0.000333319,0.0004422767,0.0005782445,0.0003513058,0.0004733192,0.001738503,0.001789002,0.001565,0.001536,0,0,1.524e-23,1.178e-24
step64,64,O,v,head,1024,256-512,6291456,0.0002869069,0.0001857097,0.0003670057,0.0003452761,0.0002998945,0.001726923,0.001760006,0.001565,0.001536,0,0,1.524e-23,1.178e-24
step64,64,O,v,head,1024,512-1024,1.258291e+07,0.0004551565,0.0002040177,0.0004154046,0.0002872587,0.0002431239,0.001754863,0.001766421,0.001565,0.001536,0,0,1.524e-23,1.178e-24
step64,64,MLP_IN,u,hidden,4096,spike,3145728,0.0003378829,0.0002841447,0.001208305,0.0009008067,0.0009619869,0.001761709,0.00187892,0.001565,0.001558,0,0,1.524e-23,8.299e-24
step64,64,MLP_IN,u,hidden,4096,32-64,3145728,0.0001850485,0.0001458769,0.001119614,0.001180059,0.001247274,0.001787549,0.001877104,0.001565,0.001558,0,0,1.524e-23,8.299e-24
step64,64,MLP_IN,u,hidden,4096,64-128,6291456,0.0002171297,0.0001562621,0.0007239978,0.0006103452,0.0006626656,0.001744747,0.001824969,0.001565,0.001558,0,0,1.524e-23,8.299e-24
step64,64,MLP_IN,u,hidden,4096,128-256,1.258291e+07,0.0002123852,0.0001451702,0.0005967617,0.0004106264,0.0004765571,0.001772688,0.001792238,0.001565,0.001558,0,0,1.524e-23,8.299e-24
step64,64,MLP_IN,u,hidden,4096,256-512,2.516582e+07,0.0001331272,9.384223e-05,0.0003554821,0.0002823731,0.000349588,0.001777762,0.001793759,0.001565,0.001558,0,0,1.524e-23,8.299e-24
step64,64,MLP_IN,u,hidden,4096,512-1024,5.033165e+07,0.0001484933,0.0001183568,0.0001586874,7.445087e-05,9.840912e-05,0.001770641,0.001773204,0.001565,0.001558,0,0,1.524e-23,8.299e-24
step64,64,MLP_IN,v,residual,1024,spike,786432,0.0008125662,0.0006558398,0.002534231,0.001971358,0.002222469,0.001777286,0.001888457,0.001565,0.001536,0,0,1.524e-23,1.178e-24
step64,64,MLP_IN,v,residual,1024,32-64,786432,0.001288946,0.001054749,0.002023061,0.0007882324,0.001033555,0.001741863,0.001823062,0.001565,0.001536,0,0,1.524e-23,1.178e-24
step64,64,MLP_IN,v,residual,1024,64-128,1572864,0.0004988693,0.0007190856,0.0008157094,0.001030568,0.001187295,0.001707894,0.00177447,0.001565,0.001536,0,0,1.524e-23,1.178e-24
step64,64,MLP_IN,v,residual,1024,128-256,3145728,0.0001800559,0.0004041298,0.0004339218,0.000417562,0.0006126572,0.001751673,0.001771109,0.001565,0.001536,0,0,1.524e-23,1.178e-24
step64,64,MLP_IN,v,residual,1024,256-512,6291456,0.0004277292,0.000255555,0.0002791087,0.0003713035,0.000242078,0.001731963,0.001739343,0.001565,0.001536,0,0,1.524e-23,1.178e-24
step64,64,MLP_IN,v,residual,1024,512-1024,1.258291e+07,0.0003606577,9.680495e-05,0.000289917,0.0002206699,0.0003295109,0.001733485,0.001762129,0.001565,0.001536,0,0,1.524e-23,1.178e-24
step64,64,MLP_OUT,u,residual,1024,spike,786432,0.0003670607,0.0005647953,0.001097361,0.00110562,0.001321454,0.001798357,0.001829965,0.001565,0.001536,0,0,1.524e-23,1.178e-24
step64,64,MLP_OUT,u,residual,1024,32-64,786432,0.0006336553,0.0007449425,0.001312256,0.0008213021,0.0009785208,0.00176675,0.00180635,0.001565,0.001536,0,0,1.524e-23,1.178e-24
step64,64,MLP_OUT,u,residual,1024,64-128,1572864,0.0005906486,0.0003812496,0.001188278,0.0009418094,0.001134558,0.001713707,0.001826968,0.001565,0.001536,0,0,1.524e-23,1.178e-24
step64,64,MLP_OUT,u,residual,1024,128-256,3145728,0.0005820135,0.0003423539,0.0005480448,0.0002200838,0.0002809097,0.001718339,0.001760846,0.001565,0.001536,0,0,1.524e-23,1.178e-24
step64,64,MLP_OUT,u,residual,1024,256-512,6291456,0.0003783265,0.0002216001,0.0004075368,0.000321557,0.0002342402,0.001751695,0.001745928,0.001565,0.001536,0,0,1.524e-23,1.178e-24
step64,64,MLP_OUT,u,residual,1024,512-1024,1.258291e+07,0.0003924808,0.0001849023,0.0004689693,0.0001147979,0.0003406359,0.001748108,0.001777161,0.001565,0.001536,0,0,1.524e-23,1.178e-24
step64,64,MLP_OUT,v,hidden,4096,spike,3145728,0.0002260565,0.0002060411,0.001283646,0.001216084,0.001282015,0.001746178,0.001889955,0.001565,0.001558,0,0,1.524e-23,8.299e-24
step64,64,MLP_OUT,v,hidden,4096,32-64,3145728,0.0005281153,0.0004669351,0.001187007,0.0008096338,0.0008488054,0.001735914,0.001841681,0.001565,0.001558,0,0,1.524e-23,8.299e-24
step64,64,MLP_OUT,v,hidden,4096,64-128,6291456,0.0002300705,0.0002427474,0.0007193883,0.000609034,0.0006717892,0.001788775,0.001846064,0.001565,0.001558,0,0,1.524e-23,8.299e-24
step64,64,MLP_OUT,v,hidden,4096,128-256,1.258291e+07,0.0001611097,0.0001516892,0.0004785061,0.0003173964,0.0003785767,0.00176625,0.001823607,0.001565,0.001558,0,0,1.524e-23,8.299e-24
step64,64,MLP_OUT,v,hidden,4096,256-512,2.516582e+07,0.0002095456,0.0001436642,0.0003603697,0.0001777868,0.0002450018,0.001756634,0.001787509,0.001565,0.001558,0,0,1.524e-23,8.299e-24
step64,64,MLP_OUT,v,hidden,4096,512-1024,5.033165e+07,0.0001191238,7.877605e-05,0.0001714826,0.0001009071,0.0001447582,0.001770144,0.001771674,0.001565,0.001558,0,0,1.524e-23,8.299e-24
step128,128,Q,u,head,1024,spike,786432,0.0006035629,0.0004341967,0.002353668,0.002029841,0.002264038,0.00174041,0.001886822,0.001565,0.001536,0,0,1.524e-23,1.178e-24
step128,128,Q,u,head,1024,32-64,786432,0.000714835,0.000890286,0.001626333,0.001724289,0.001993268,0.001730783,0.001870473,0.001565,0.001536,0,0,1.524e-23,1.178e-24
step128,128,Q,u,head,1024,64-128,1572864,0.0005295681,0.0004373757,0.0008296967,0.0005517647,0.0008153952,0.001709257,0.001769565,0.001565,0.001536,0,0,1.524e-23,1.178e-24
step128,128,Q,u,head,1024,128-256,3145728,0.0002709729,0.0004399654,0.000392278,0.0002770452,0.0003322002,0.001743135,0.001756941,0.001565,0.001536,0,0,1.524e-23,1.178e-24
step128,128,Q,u,head,1024,256-512,6291456,0.0004326601,0.0001688074,0.0003148715,0.0003466149,0.0001945726,0.00176205,0.001741636,0.001565,0.001536,0,0,1.524e-23,1.178e-24
step128,128,Q,u,head,1024,512-1024,1.258291e+07,0.0004282891,0.0001644364,0.0004157225,0.0002028031,0.0002997024,0.001734314,0.001762379,0.001565,0.001536,0,0,1.524e-23,1.178e-24
step128,128,Q,v,residual,1024,spike,786432,0.0006758435,0.0008987688,0.002156576,0.002328283,0.002597262,0.001748585,0.001908439,0.001565,0.001536,0,0,1.524e-23,1.178e-24
step128,128,Q,v,residual,1024,32-64,786432,0.0003691696,0.0005258077,0.00108846,0.0009872759,0.001250906,0.001733689,0.001862299,0.001565,0.001536,0,0,1.524e-23,1.178e-24
step128,128,Q,v,residual,1024,64-128,1572864,0.0004665029,0.0005914262,0.00129954,0.001493359,0.00175699,0.001729239,0.00188882,0.001565,0.001536,0,0,1.524e-23,1.178e-24
step128,128,Q,v,residual,1024,128-256,3145728,0.0002348089,0.0002545031,0.0003261566,0.0002472805,0.0004094594,0.001742227,0.001764388,0.001565,0.001536,0,0,1.524e-23,1.178e-24
step128,128,Q,v,residual,1024,256-512,6291456,0.0003550006,0.0002680888,0.0003471375,0.0003308609,0.0001709564,0.001729216,0.001736437,0.001565,0.001536,0,0,1.524e-23,1.178e-24
step128,128,Q,v,residual,1024,512-1024,1.258291e+07,0.0003484189,8.545444e-05,0.0003782908,0.0001396776,0.0003445239,0.00174737,0.001763083,0.001565,0.001536,0,0,1.524e-23,1.178e-24
step128,128,K,u,head,1024,spike,786432,0.0005679229,0.0004584147,0.002852122,0.002284199,0.002548052,0.001746041,0.001929147,0.001565,0.001536,0,0,1.524e-23,1.178e-24
step128,128,K,u,head,1024,32-64,786432,0.0004609489,0.0006341971,0.001043955,0.001064972,0.00127999,0.001778557,0.001808711,0.001565,0.001536,0,0,1.524e-23,1.178e-24
step128,128,K,u,head,1024,64-128,1572864,0.0004840357,0.0002560305,0.0009148916,0.0005438146,0.0007886675,0.001771745,0.001846041,0.001565,0.001536,0,0,1.524e-23,1.178e-24
step128,128,K,u,head,1024,128-256,3145728,0.0006352447,0.0003903918,0.0007346471,0.0002837153,0.0004070239,0.001759075,0.001753217,0.001565,0.001536,0,0,1.524e-23,1.178e-24
step128,128,K,u,head,1024,256-512,6291456,0.0002864559,0.0002261834,0.0002826055,0.0001977925,0.0004614231,0.00173269,0.001747767,0.001565,0.001536,0,0,1.524e-23,1.178e-24
step128,128,K,u,head,1024,512-1024,1.258291e+07,0.0003330094,0.0001122467,0.0001671314,0.0002391222,0.0001562539,0.001742817,0.001760119,0.001565,0.001536,0,0,1.524e-23,1.178e-24
step128,128,K,v,residual,1024,spike,786432,0.0009494288,0.0008584919,0.00275294,0.001997214,0.002242067,0.001760755,0.001956213,0.001565,0.001536,0,0,1.524e-23,1.178e-24
step128,128,K,v,residual,1024,32-64,786432,0.0006546858,0.0004595906,0.00134786,0.001013869,0.00126498,0.001753489,0.001834688,0.001565,0.001536,0,0,1.524e-23,1.178e-24
step128,128,K,v,residual,1024,64-128,1572864,0.0007343355,0.0005249366,0.0009708405,0.0008184231,0.001013518,0.001702808,0.001828693,0.001565,0.001536,0,0,1.524e-23,1.178e-24
step128,128,K,v,residual,1024,128-256,3145728,0.0001825054,0.0004448821,0.0003706614,0.0002752877,0.0005000221,0.00174309,0.001786141,0.001565,0.001536,0,0,1.524e-23,1.178e-24
step128,128,K,v,residual,1024,256-512,6291456,0.0004143778,0.0002049788,0.000418663,0.0004804572,0.0002777567,0.001724834,0.001744838,0.001565,0.001536,0,0,1.524e-23,1.178e-24
step128,128,K,v,residual,1024,512-1024,1.258291e+07,0.0001508945,0.000225046,0.000136137,0.0001557211,0.0002357749,0.001752342,0.001789831,0.001565,0.001536,0,0,1.524e-23,1.178e-24
step128,128,V,u,head,1024,spike,786432,0.0007534976,0.000489867,0.001730601,0.001342173,0.001557191,0.001752218,0.001902081,0.001565,0.001536,0,0,1.524e-23,1.178e-24
step128,128,V,u,head,1024,32-64,786432,0.0007840891,0.0008571834,0.001920064,0.001135975,0.001399828,0.001757667,0.001863207,0.001565,0.001536,0,0,1.524e-23,1.178e-24
step128,128,V,u,head,1024,64-128,1572864,0.0008489085,0.0007735219,0.001948039,0.001467182,0.001718293,0.001744316,0.001829511,0.001565,0.001536,0,0,1.524e-23,1.178e-24
step128,128,V,u,head,1024,128-256,3145728,0.0002561848,0.0002784087,0.0005639394,0.0003925896,0.0006268608,0.001782917,0.001781918,0.001565,0.001536,0,0,1.524e-23,1.178e-24
step128,128,V,u,head,1024,256-512,6291456,0.0004661237,0.0002309329,0.0002557437,0.0003721896,0.0001949702,0.001730011,0.001745928,0.001565,0.001536,0,0,1.524e-23,1.178e-24
step128,128,V,u,head,1024,512-1024,1.258291e+07,0.0004327451,0.0002321763,0.0003634294,0.0001668317,0.0002168172,0.001752899,0.001762776,0.001565,0.001536,0,0,1.524e-23,1.178e-24
step128,128,V,v,residual,1024,spike,786432,0.0008697153,0.00105993,0.001944224,0.002340103,0.002577236,0.001786913,0.001918248,0.001565,0.001536,0,0,1.524e-23,1.178e-24
step128,128,V,v,residual,1024,32-64,786432,0.001217738,0.0009835409,0.001794179,0.0007509571,0.0008902441,0.001710801,0.001853035,0.001565,0.001536,0,0,1.524e-23,1.178e-24
step128,128,V,v,residual,1024,64-128,1572864,0.0004389041,0.0003266264,0.0007317861,0.0003797774,0.0005552284,0.001733235,0.001781554,0.001565,0.001536,0,0,1.524e-23,1.178e-24
step128,128,V,v,residual,1024,128-256,3145728,0.0005020455,0.0002479983,0.0006615321,0.0002069931,0.000475972,0.00175417,0.001764388,0.001565,0.001536,0,0,1.524e-23,1.178e-24
step128,128,V,v,residual,1024,256-512,6291456,0.0002062758,0.000238825,0.0001842181,0.0003275258,0.0001761922,0.00174695,0.001752081,0.001565,0.001536,0,0,1.524e-23,1.178e-24
step128,128,V,v,residual,1024,512-1024,1.258291e+07,0.0002537632,9.346374e-05,0.0002121131,0.0002252699,0.0002241718,0.001753648,0.001762719,0.001565,0.001536,0,0,1.524e-23,1.178e-24
step128,128,O,u,residual,1024,spike,786432,0.0006681129,0.0009317435,0.001117706,0.001297538,0.001561169,0.001747676,0.001924969,0.001565,0.001536,0,0,1.524e-23,1.178e-24
step128,128,O,u,residual,1024,32-64,786432,0.001215581,0.001372308,0.00216802,0.001687538,0.001882633,0.001731146,0.001916613,0.001565,0.001536,0,0,1.524e-23,1.178e-24
step128,128,O,u,residual,1024,64-128,1572864,0.0005974921,0.0005593033,0.001305262,0.0008428793,0.001106732,0.001757304,0.001837957,0.001565,0.001536,0,0,1.524e-23,1.178e-24
step128,128,O,u,residual,1024,128-256,3145728,0.0002852959,0.0001899331,0.0003608068,0.0004265646,0.0003193746,0.001783507,0.001762027,0.001565,0.001536,0,0,1.524e-23,1.178e-24
step128,128,O,u,residual,1024,256-512,6291456,0.0005200063,0.0002563758,0.0002346039,0.0004141668,0.0001451879,0.001755215,0.001757758,0.001565,0.001536,0,0,1.524e-23,1.178e-24
step128,128,O,u,residual,1024,512-1024,1.258291e+07,0.000284531,0.0001655757,0.0003787676,0.0001628515,0.0003756834,0.001753659,0.001758223,0.001565,0.001536,0,0,1.524e-23,1.178e-24
step128,128,O,v,head,1024,spike,786432,0.001118942,0.001275669,0.001825968,0.001395764,0.001640617,0.001747313,0.001941136,0.001565,0.001536,0,0,1.524e-23,1.178e-24
step128,128,O,v,head,1024,32-64,786432,0.0006190375,0.0004435865,0.0009854635,0.0008925098,0.001049728,0.001775287,0.001854488,0.001565,0.001536,0,0,1.524e-23,1.178e-24
step128,128,O,v,head,1024,64-128,1572864,0.0005785167,0.0003095377,0.001224518,0.0007256485,0.0009705014,0.001748675,0.001850855,0.001565,0.001536,0,0,1.524e-23,1.178e-24
step128,128,O,v,head,1024,128-256,3145728,0.0004715892,0.0005948978,0.0004409154,0.000164622,0.0003372617,0.001747222,0.001819792,0.001565,0.001536,0,0,1.524e-23,1.178e-24
step128,128,O,v,head,1024,256-512,6291456,0.0003341988,0.0001761049,0.0002959569,0.0003369292,0.0001888784,0.001761891,0.001761005,0.001565,0.001536,0,0,1.524e-23,1.178e-24
step128,128,O,v,head,1024,512-1024,1.258291e+07,0.0003298461,9.030817e-05,0.0001986821,0.000347942,0.0001573715,0.00176289,0.001755124,0.001565,0.001536,0,0,1.524e-23,1.178e-24
step128,128,MLP_IN,u,hidden,4096,spike,3145728,0.0002590878,0.0002891038,0.0009940465,0.0007493741,0.0008095951,0.001776514,0.001852308,0.001565,0.001558,0,0,1.524e-23,8.299e-24
step128,128,MLP_IN,u,hidden,4096,32-64,3145728,0.0002347168,0.000297472,0.0007988612,0.000665567,0.0007267473,0.001767658,0.001795405,0.001565,0.001558,0,0,1.524e-23,8.299e-24
step128,128,MLP_IN,u,hidden,4096,64-128,6291456,0.0002298996,0.000295781,0.0008188883,0.0006547587,0.000715939,0.001734416,0.001824243,0.001565,0.001558,0,0,1.524e-23,8.299e-24
step128,128,MLP_IN,u,hidden,4096,128-256,1.258291e+07,0.0002054016,0.0001516634,0.000563701,0.0004378006,0.000503682,0.00175803,0.001809972,0.001565,0.001558,0,0,1.524e-23,8.299e-24
step128,128,MLP_IN,u,hidden,4096,256-512,2.516582e+07,0.0001750056,0.0001226852,0.0005184809,0.0003691972,0.0004364121,0.001771632,0.001794968,0.001565,0.001558,0,0,1.524e-23,8.299e-24
step128,128,MLP_IN,u,hidden,4096,512-1024,5.033165e+07,0.0001320143,7.84377e-05,0.0001436472,5.584131e-05,0.0001082724,0.00177317,0.001777331,0.001565,0.001558,0,0,1.524e-23,8.299e-24
step128,128,MLP_IN,v,residual,1024,spike,786432,0.0008110439,0.0006736762,0.001819611,0.001356119,0.001565518,0.001763117,0.001919883,0.001565,0.001536,0,0,1.524e-23,1.178e-24
step128,128,MLP_IN,v,residual,1024,32-64,786432,0.0008553419,0.0006317782,0.002170563,0.001474416,0.001689434,0.001736232,0.001835233,0.001565,0.001536,0,0,1.524e-23,1.178e-24
step128,128,MLP_IN,v,residual,1024,64-128,1572864,0.0004518277,0.0006860249,0.0003973643,0.0003325081,0.0005419071,0.001725333,0.001809529,0.001565,0.001536,0,0,1.524e-23,1.178e-24
step128,128,MLP_IN,v,residual,1024,128-256,3145728,0.0004135377,0.0003213453,0.0004208883,0.0003877434,0.0006222021,0.001738775,0.001790274,0.001565,0.001536,0,0,1.524e-23,1.178e-24
step128,128,MLP_IN,v,residual,1024,256-512,6291456,0.0003853821,0.0002318232,0.0003376007,0.0003537092,0.0001893341,0.001729852,0.001758439,0.001565,0.001536,0,0,1.524e-23,1.178e-24
step128,128,MLP_IN,v,residual,1024,512-1024,1.258291e+07,0.0003392362,8.922194e-05,0.0003802776,0.0001917633,0.000360005,0.001735971,0.001761346,0.001565,0.001536,0,0,1.524e-23,1.178e-24
step128,128,MLP_OUT,u,residual,1024,spike,786432,0.0008844689,0.0007067024,0.001684825,0.001056717,0.001325696,0.001789275,0.001840682,0.001565,0.001536,0,0,1.524e-23,1.178e-24
step128,128,MLP_OUT,u,residual,1024,32-64,786432,0.0008027735,0.0005579206,0.002235413,0.001513704,0.001777335,0.001803625,0.001854669,0.001565,0.001536,0,0,1.524e-23,1.178e-24
step128,128,MLP_OUT,u,residual,1024,64-128,1572864,0.000362565,0.0003683441,0.0004641215,0.0003045791,0.0004209768,0.001766568,0.001795632,0.001565,0.001536,0,0,1.524e-23,1.178e-24
step128,128,MLP_OUT,u,residual,1024,128-256,3145728,0.0005175336,0.0003081346,0.001042048,0.0005789932,0.0008301043,0.001753308,0.001821155,0.001565,0.001536,0,0,1.524e-23,1.178e-24
step128,128,MLP_OUT,u,residual,1024,256-512,6291456,0.0003163634,0.000383529,0.0005402565,0.0005074679,0.000238489,0.001739002,0.001756714,0.001565,0.001536,0,0,1.524e-23,1.178e-24
step128,128,MLP_OUT,u,residual,1024,512-1024,1.258291e+07,0.0002664879,0.0001586736,0.0002156893,0.0001058642,0.0002416127,0.001745042,0.001768407,0.001565,0.001536,0,0,1.524e-23,1.178e-24
step128,128,MLP_OUT,v,hidden,4096,spike,3145728,0.0005716717,0.0005278206,0.001105309,0.0009966354,0.00106385,0.001750991,0.001854079,0.001565,0.001558,0,0,1.524e-23,8.299e-24
step128,128,MLP_OUT,v,hidden,4096,32-64,3145728,0.0004411294,0.0003825992,0.001144091,0.0009755139,0.001041395,0.001762526,0.001864524,0.001565,0.001558,0,0,1.524e-23,8.299e-24
step128,128,MLP_OUT,v,hidden,4096,64-128,6291456,0.0005289256,0.0004617106,0.001233737,0.0007291969,0.0007919521,0.001785142,0.00183882,0.001565,0.001558,0,0,1.524e-23,8.299e-24
step128,128,MLP_OUT,v,hidden,4096,128-256,1.258291e+07,0.0001342395,7.084234e-05,0.0006440481,0.0005320158,0.0005905459,0.001778376,0.001811232,0.001565,0.001558,0,0,1.524e-23,8.299e-24
step128,128,MLP_OUT,v,hidden,4096,256-512,2.516582e+07,0.0001664712,0.000107941,0.000368158,0.000211312,0.0002740673,0.001765671,0.001782406,0.001565,0.001558,0,0,1.524e-23,8.299e-24
step128,128,MLP_OUT,v,hidden,4096,512-1024,5.033165e+07,9.689128e-05,6.37998e-05,0.0001364152,0.0001081742,0.0001569342,0.001768728,0.001774972,0.001565,0.001558,0,0,1.524e-23,8.299e-24
step256,256,Q,u,head,1024,spike,786432,0.0005930905,0.0008567211,0.001244863,0.001461885,0.001706738,0.001878466,0.001924242,0.001565,0.001536,0,0,1.524e-23,1.178e-24
step256,256,Q,u,head,1024,32-64,786432,0.001334973,0.001139878,0.002515157,0.00128241,0.001497428,0.001723153,0.001891363,0.001565,0.001536,0,0,1.524e-23,1.178e-24
step256,256,Q,u,head,1024,64-128,1572864,0.0005908573,0.0007663083,0.0008150736,0.0008019425,0.001046795,0.001780101,0.001844224,0.001565,0.001536,0,0,1.524e-23,1.178e-24
step256,256,Q,u,head,1024,128-256,3145728,0.000863488,0.0005998575,0.0007836024,0.000216335,0.0003563715,0.001748085,0.001777694,0.001565,0.001536,0,0,1.524e-23,1.178e-24
step256,256,Q,u,head,1024,256-512,6291456,0.0002257092,0.0002967669,0.000128905,0.0002505961,0.0002052875,0.001762572,0.001760301,0.001565,0.001536,0,0,1.524e-23,1.178e-24
step256,256,Q,u,head,1024,512-1024,1.258291e+07,0.0004193142,0.0001677089,0.0003509521,0.0001860215,0.0001952685,0.001725458,0.001748653,0.001565,0.001536,0,0,1.524e-23,1.178e-24
step256,256,Q,v,residual,1024,spike,786432,0.001532191,0.001263212,0.002843221,0.001575054,0.001819907,0.001759302,0.002012162,0.001565,0.001536,0,0,1.524e-23,1.178e-24
step256,256,Q,v,residual,1024,32-64,786432,0.0005060441,0.0007245643,0.001655579,0.001628071,0.001891924,0.001755306,0.001934052,0.001565,0.001536,0,0,1.524e-23,1.178e-24
step256,256,Q,v,residual,1024,64-128,1572864,0.0002636296,0.000447363,0.0008621216,0.0006731253,0.000936978,0.001778103,0.001792635,0.001565,0.001536,0,0,1.524e-23,1.178e-24
step256,256,Q,v,residual,1024,128-256,3145728,0.0003507319,0.0004318866,0.0005162557,0.0003958725,0.0003916575,0.001762753,0.001705033,0.001565,0.001536,0,0,1.524e-23,1.178e-24
step256,256,Q,v,residual,1024,256-512,6291456,0.000301212,0.0002259847,0.000322183,0.0004070142,0.0001922717,0.001770837,0.001728603,0.001565,0.001536,0,0,1.524e-23,1.178e-24
step256,256,Q,v,residual,1024,512-1024,1.258291e+07,0.0002841336,0.0001411669,0.0002703667,9.37896e-05,0.0002888848,0.001736119,0.001762015,0.001565,0.001536,0,0,1.524e-23,1.178e-24
step256,256,K,u,head,1024,spike,786432,0.000435505,0.0006661345,0.00216802,0.002236084,0.002451102,0.001838321,0.0019306,0.001565,0.001536,0,0,1.524e-23,1.178e-24
step256,256,K,u,head,1024,32-64,786432,0.0007817792,0.000877634,0.001633962,0.001283477,0.00154733,0.001778557,0.001922062,0.001565,0.001536,0,0,1.524e-23,1.178e-24
step256,256,K,u,head,1024,64-128,1572864,0.001008557,0.0007574456,0.001569112,0.0007477264,0.001016705,0.001763934,0.00185367,0.001565,0.001536,0,0,1.524e-23,1.178e-24
step256,256,K,u,head,1024,128-256,3145728,0.0003580434,0.0002346785,0.0003474553,0.0004433546,0.0003716581,0.00174972,0.001775424,0.001565,0.001536,0,0,1.524e-23,1.178e-24
step256,256,K,u,head,1024,256-512,6291456,0.0003877635,0.0001644008,0.0004998843,0.0001990977,0.0003757513,0.001759143,0.001751741,0.001565,0.001536,0,0,1.524e-23,1.178e-24
step256,256,K,u,head,1024,512-1024,1.258291e+07,0.0003622527,0.0001347056,0.0004442533,0.0001849038,0.0003456311,0.001743351,0.001759223,0.001565,0.001536,0,0,1.524e-23,1.178e-24
step256,256,K,v,residual,1024,spike,786432,0.0008233451,0.000712365,0.001869202,0.001556863,0.001820716,0.001753126,0.001932598,0.001565,0.001536,0,0,1.524e-23,1.178e-24
step256,256,K,v,residual,1024,32-64,786432,0.0005923346,0.0005825972,0.001505534,0.001488588,0.001733441,0.00176675,0.001847948,0.001565,0.001536,0,0,1.524e-23,1.178e-24
step256,256,K,v,residual,1024,64-128,1572864,0.0003869715,0.0004630399,0.0009689331,0.0008138996,0.0009856534,0.001756305,0.001815069,0.001565,0.001536,0,0,1.524e-23,1.178e-24
step256,256,K,v,residual,1024,128-256,3145728,0.0002855614,0.0003727278,0.0003639857,0.0002188069,0.0002343745,0.001755442,0.001759211,0.001565,0.001536,0,0,1.524e-23,1.178e-24
step256,256,K,v,residual,1024,256-512,6291456,0.0003166262,0.0002735492,0.0003414154,0.0003726148,0.0002156894,0.001758053,0.001766863,0.001565,0.001536,0,0,1.524e-23,1.178e-24
step256,256,K,v,residual,1024,512-1024,1.258291e+07,0.0002363188,0.0001940657,0.000218153,0.0002414743,0.00034807,0.001736198,0.001769055,0.001565,0.001536,0,0,1.524e-23,1.178e-24
step256,256,V,u,head,1024,spike,786432,0.0008718633,0.0006207522,0.002045949,0.001450052,0.001713905,0.001754942,0.001944587,0.001565,0.001536,0,0,1.524e-23,1.178e-24
step256,256,V,u,head,1024,32-64,786432,0.001099366,0.001238653,0.00174586,0.002267624,0.002501821,0.001793998,0.001893543,0.001565,0.001536,0,0,1.524e-23,1.178e-24
step256,256,V,u,head,1024,64-128,1572864,0.0007682307,0.0005377133,0.001277288,0.0006468062,0.0008222572,0.001718158,0.001840501,0.001565,0.001536,0,0,1.524e-23,1.178e-24
step256,256,V,u,head,1024,128-256,3145728,0.0002058052,0.0002746619,0.0003957748,0.0002786932,0.0005235461,0.001779465,0.001789093,0.001565,0.001536,0,0,1.524e-23,1.178e-24
step256,256,V,u,head,1024,256-512,6291456,0.0002922451,0.0001935889,0.0003204346,0.0005237811,0.0002895839,0.001739048,0.001734189,0.001565,0.001536,0,0,1.524e-23,1.178e-24
step256,256,V,u,head,1024,512-1024,1.258291e+07,0.0003834128,0.0002266863,0.0005125205,0.0002092855,0.0004603965,0.001747767,0.001775912,0.001565,0.001536,0,0,1.524e-23,1.178e-24
step256,256,V,v,residual,1024,spike,786432,0.0008148885,0.0009776059,0.001205444,0.001668761,0.001932614,0.001786913,0.001941136,0.001565,0.001536,0,0,1.524e-23,1.178e-24
step256,256,V,v,residual,1024,32-64,786432,0.001172169,0.0009967176,0.002576192,0.00168402,0.001947873,0.001678467,0.001855214,0.001565,0.001536,0,0,1.524e-23,1.178e-24
step256,256,V,v,residual,1024,64-128,1572864,0.000857766,0.0005941354,0.001421611,0.0006928345,0.0009566873,0.001738321,0.00185367,0.001565,0.001536,0,0,1.524e-23,1.178e-24
step256,256,V,v,residual,1024,128-256,3145728,0.0005042707,0.0002530925,0.0003325144,0.000352091,0.00024325,0.00174586,0.001778148,0.001565,0.001536,0,0,1.524e-23,1.178e-24
step256,256,V,v,residual,1024,256-512,6291456,0.0002331438,0.0002854817,0.0005645752,0.0005132907,0.0002790935,0.00175492,0.001747631,0.001565,0.001536,0,0,1.524e-23,1.178e-24
step256,256,V,v,residual,1024,512-1024,1.258291e+07,0.00042459,0.000173479,0.0004196962,0.0001233918,0.0002713356,0.001738526,0.001763219,0.001565,0.001536,0,0,1.524e-23,1.178e-24
step256,256,O,u,residual,1024,spike,786432,0.000889629,0.0006948598,0.001955668,0.001087818,0.001297217,0.001722427,0.001874833,0.001565,0.001536,0,0,1.524e-23,1.178e-24
step256,256,O,u,residual,1024,32-64,786432,0.000990504,0.000721525,0.002277374,0.001648579,0.001857978,0.001774016,0.001956213,0.001565,0.001536,0,0,1.524e-23,1.178e-24
step256,256,O,u,residual,1024,64-128,1572864,0.0006698949,0.000425042,0.001370112,0.0009585918,0.001222445,0.001728603,0.001839229,0.001565,0.001536,0,0,1.524e-23,1.178e-24
step256,256,O,u,residual,1024,128-256,3145728,0.0004504585,0.0003085245,0.0008614858,0.0004929023,0.0006896655,0.001753308,0.001768021,0.001565,0.001536,0,0,1.524e-23,1.178e-24
step256,256,O,u,residual,1024,256-512,6291456,0.0001716712,0.0002390435,0.0001807213,0.000232526,0.0002464556,0.001768975,0.001763071,0.001565,0.001536,0,0,1.524e-23,1.178e-24
step256,256,O,u,residual,1024,512-1024,1.258291e+07,0.0003869096,0.0002301831,0.0004009406,8.732266e-05,0.000326563,0.001739059,0.001771518,0.001565,0.001536,0,0,1.524e-23,1.178e-24
step256,256,O,v,head,1024,spike,786432,0.0007394092,0.0009488081,0.00197347,0.001923148,0.002186779,0.001876468,0.001960573,0.001565,0.001536,0,0,1.524e-23,1.178e-24
step256,256,O,v,head,1024,32-64,786432,0.001145214,0.0009020169,0.002328237,0.001183023,0.001446876,0.001750401,0.001901354,0.001565,0.001536,0,0,1.524e-23,1.178e-24
step256,256,O,v,head,1024,64-128,1572864,0.0006482846,0.0008824818,0.000869751,0.0009941505,0.001243913,0.00172942,0.001796087,0.001565,0.001536,0,0,1.524e-23,1.178e-24
step256,256,O,v,head,1024,128-256,3145728,0.0003329617,0.0003892891,0.0004835129,0.0002233748,0.0003988258,0.001713117,0.001779511,0.001565,0.001536,0,0,1.524e-23,1.178e-24
step256,256,O,v,head,1024,256-512,6291456,0.000393186,0.000139857,0.0002457301,0.0005762731,0.0003126426,0.001760642,0.001735256,0.001565,0.001536,0,0,1.524e-23,1.178e-24
step256,256,O,v,head,1024,512-1024,1.258291e+07,0.0003503601,0.0001353422,0.0002325376,0.0002078653,0.0002132981,0.001751071,0.001756271,0.001565,0.001536,0,0,1.524e-23,1.178e-24
step256,256,MLP_IN,u,hidden,4096,spike,3145728,0.0003831049,0.0004503199,0.0006777445,0.0008543973,0.0009202787,0.001769429,0.001906667,0.001565,0.001558,0,0,1.524e-23,8.299e-24
step256,256,MLP_IN,u,hidden,4096,32-64,3145728,0.000324488,0.000379748,0.0008560816,0.001071835,0.001137716,0.001801763,0.001838593,0.001565,0.001558,0,0,1.524e-23,8.299e-24
step256,256,MLP_IN,u,hidden,4096,64-128,6291456,0.0003062323,0.0002623813,0.001004696,0.0007934687,0.0008422287,0.001753716,0.001828057,0.001565,0.001558,0,0,1.524e-23,8.299e-24
step256,256,MLP_IN,u,hidden,4096,128-256,1.258291e+07,0.0001971081,0.0001312267,0.0006156762,0.0005097634,0.0005682935,0.001771779,0.001799686,0.001565,0.001558,0,0,1.524e-23,8.299e-24
step256,256,MLP_IN,u,hidden,4096,256-512,2.516582e+07,0.0001646618,9.744679e-05,0.0004479488,0.000349001,0.0004027392,0.0017618,0.001791585,0.001565,0.001558,0,0,1.524e-23,8.299e-24
step256,256,MLP_IN,u,hidden,4096,512-1024,5.033165e+07,0.0001593331,0.000101868,0.0001718998,8.35376e-05,0.0001322976,0.001768305,0.001772634,0.001565,0.001558,0,0,1.524e-23,8.299e-24
step256,256,MLP_IN,v,residual,1024,spike,786432,0.0005393291,0.0005033119,0.001791636,0.001793449,0.002057079,0.001725696,0.001962026,0.001565,0.001536,0,0,1.524e-23,1.178e-24
step256,256,MLP_IN,v,residual,1024,32-64,786432,0.0006982513,0.0006036989,0.002254486,0.001695212,0.001870663,0.001754579,0.001881554,0.001565,0.001536,0,0,1.524e-23,1.178e-24
step256,256,MLP_IN,v,residual,1024,64-128,1572864,0.0002814685,0.0004140846,0.0006885529,0.0005822083,0.0008460611,0.001712981,0.001804533,0.001565,0.001536,0,0,1.524e-23,1.178e-24
step256,256,MLP_IN,v,residual,1024,128-256,3145728,0.0006071369,0.000392119,0.0009613037,0.0004429357,0.0006940468,0.001769611,0.001769702,0.001565,0.001536,0,0,1.524e-23,1.178e-24
step256,256,MLP_IN,v,residual,1024,256-512,6291456,0.0005584223,0.0003073113,0.0005566279,0.0002323173,0.0002961311,0.00172279,0.001759438,0.001565,0.001536,0,0,1.524e-23,1.178e-24
step256,256,MLP_IN,v,residual,1024,512-1024,1.258291e+07,0.0004307766,0.0001647436,0.0004659494,0.0001399874,0.0003035652,0.001737118,0.001760301,0.001565,0.001536,0,0,1.524e-23,1.178e-24
step256,256,MLP_OUT,u,residual,1024,spike,786432,0.001648799,0.001414602,0.003355662,0.001719698,0.001983328,0.001720792,0.001855759,0.001565,0.001536,0,0,1.524e-23,1.178e-24
step256,256,MLP_OUT,u,residual,1024,32-64,786432,0.0008493602,0.0005803812,0.001621246,0.0009121345,0.001146332,0.001747676,0.001814343,0.001565,0.001536,0,0,1.524e-23,1.178e-24
step256,256,MLP_OUT,u,residual,1024,64-128,1572864,0.0003899037,0.0005132668,0.00108401,0.0006941061,0.0009579588,0.001776468,0.001837957,0.001565,0.001536,0,0,1.524e-23,1.178e-24
step256,256,MLP_OUT,u,residual,1024,128-256,3145728,0.0004001278,0.0002624805,0.0004774729,0.0004378982,0.0004044464,0.001758621,0.001768612,0.001565,0.001536,0,0,1.524e-23,1.178e-24
step256,256,MLP_OUT,u,residual,1024,256-512,6291456,0.0003376956,0.0001119925,0.0003439585,0.0003938114,0.0002698935,0.001722018,0.001736573,0.001565,0.001536,0,0,1.524e-23,1.178e-24
step256,256,MLP_OUT,u,residual,1024,512-1024,1.258291e+07,0.0001937214,0.0001414406,0.0003522237,0.0001845817,0.0004535607,0.001740399,0.001769702,0.001565,0.001536,0,0,1.524e-23,1.178e-24
step256,256,MLP_OUT,v,hidden,4096,spike,3145728,0.0003526392,0.000291459,0.0009301503,0.00066089,0.0007132103,0.001790773,0.001869065,0.001565,0.001558,0,0,1.524e-23,8.299e-24
step256,256,MLP_OUT,v,hidden,4096,32-64,3145728,0.0006646753,0.0007038469,0.001137098,0.0009431776,0.0009954979,0.001787821,0.001893134,0.001565,0.001558,0,0,1.524e-23,8.299e-24
step256,256,MLP_OUT,v,hidden,4096,64-128,6291456,0.0003661549,0.0003223038,0.000787576,0.0006030858,0.0006703008,0.001768544,0.001843793,0.001565,0.001558,0,0,1.524e-23,8.299e-24
step256,256,MLP_OUT,v,hidden,4096,128-256,1.258291e+07,0.0001287103,0.0001678819,0.0004766782,0.0004349451,0.0005008758,0.001770099,0.001817317,0.001565,0.001558,0,0,1.524e-23,8.299e-24
step256,256,MLP_OUT,v,hidden,4096,256-512,2.516582e+07,5.563567e-05,9.374596e-05,0.000156045,0.0001257954,0.0001743446,0.001775367,0.001793362,0.001565,0.001558,0,0,1.524e-23,8.299e-24
step256,256,MLP_OUT,v,hidden,4096,512-1024,5.033165e+07,0.0002072949,0.0001413642,0.0002742608,7.734067e-05,0.0001400959,0.001762543,0.001777692,0.001565,0.001558,0,0,1.524e-23,8.299e-24
step512,512,Q,u,head,1024,spike,786432,0.004030059,0.004293912,0.002713521,0.00140085,0.001645703,0.00243632,0.001993088,0.001565,0.001536,0,0,1.524e-23,1.178e-24
step512,512,Q,u,head,1024,32-64,786432,0.0007729737,0.0008572469,0.003267924,0.003034002,0.003302981,0.001723335,0.001952398,0.001565,0.001536,0,0,1.524e-23,1.178e-24
step512,512,Q,u,head,1024,64-128,1572864,0.0009085695,0.000751843,0.001114527,0.0009446785,0.001208309,0.001740955,0.00184486,0.001565,0.001536,0,0,1.524e-23,1.178e-24
step512,512,Q,u,head,1024,128-256,3145728,0.0007983283,0.0006228772,0.00139459,0.0006765769,0.0009107742,0.001730919,0.001794452,0.001565,0.001536,0,0,1.524e-23,1.178e-24
step512,512,Q,u,head,1024,256-512,6291456,0.0003649656,0.0002561246,0.0003814697,0.0003768146,0.0001345207,0.001753239,0.001749765,0.001565,0.001536,0,0,1.524e-23,1.178e-24
step512,512,Q,u,head,1024,512-1024,1.258291e+07,0.0004154995,0.000151869,0.0005145868,0.0002095944,0.0004437917,0.001744055,0.001770973,0.001565,0.001536,0,0,1.524e-23,1.178e-24
step512,512,Q,v,residual,1024,spike,786432,0.003599262,0.003345718,0.004660288,0.001344674,0.001554073,0.001651219,0.001960754,0.001565,0.001536,0,0,1.524e-23,1.178e-24
step512,512,Q,v,residual,1024,32-64,786432,0.0007565359,0.0004875569,0.002443949,0.001898915,0.002162767,0.001742045,0.001846495,0.001565,0.001536,0,0,1.524e-23,1.178e-24
step512,512,Q,v,residual,1024,64-128,1572864,0.001003301,0.0008465746,0.001475016,0.0005380873,0.0007306031,0.001719429,0.001841136,0.001565,0.001536,0,0,1.524e-23,1.178e-24
step512,512,Q,v,residual,1024,128-256,3145728,0.0007812732,0.000547076,0.0007266998,0.0002052449,0.0002773603,0.001756941,0.00178714,0.001565,0.001536,0,0,1.524e-23,1.178e-24
step512,512,Q,v,residual,1024,256-512,6291456,0.0002818658,0.0001158084,0.0001586278,0.0004225237,0.0001714127,0.001766091,0.001742931,0.001565,0.001536,0,0,1.524e-23,1.178e-24
step512,512,Q,v,residual,1024,512-1024,1.258291e+07,0.0002746535,0.0002082984,0.0002823671,0.0002890866,0.0001004467,0.001761754,0.001754227,0.001565,0.001536,0,0,1.524e-23,1.178e-24
step512,512,K,u,head,1024,spike,786432,0.002308314,0.002556891,0.0007845561,0.001890864,0.002159843,0.002089183,0.001938956,0.001565,0.001536,0,0,1.524e-23,1.178e-24
step512,512,K,u,head,1024,32-64,786432,0.0004030406,0.0006259071,0.001912435,0.001547926,0.001799037,0.001754397,0.001921881,0.001565,0.001536,0,0,1.524e-23,1.178e-24
step512,512,K,u,head,1024,64-128,1572864,0.0004211022,0.0002589117,0.001742681,0.001459027,0.001722657,0.001760664,0.001837957,0.001565,0.001536,0,0,1.524e-23,1.178e-24
step512,512,K,u,head,1024,128-256,3145728,0.00072298,0.0004631889,0.00110658,0.0004129347,0.0006433912,0.001745814,0.001747585,0.001565,0.001536,0,0,1.524e-23,1.178e-24
step512,512,K,u,head,1024,256-512,6291456,0.0002637886,0.0001991742,0.0001859665,0.0002582255,0.0002210972,0.001762935,0.001753625,0.001565,0.001536,0,0,1.524e-23,1.178e-24
step512,512,K,u,head,1024,512-1024,1.258291e+07,0.0001993517,0.0001993763,0.0001653035,0.0001633717,0.0002349308,0.001735381,0.001755283,0.001565,0.001536,0,0,1.524e-23,1.178e-24
step512,512,K,v,residual,1024,spike,786432,0.001390671,0.001156474,0.00289917,0.001799806,0.002063437,0.001703898,0.002026876,0.001565,0.001536,0,0,1.524e-23,1.178e-24
step512,512,K,v,residual,1024,32-64,786432,0.0006295544,0.0004851909,0.001447042,0.001221244,0.001484875,0.001744043,0.001840319,0.001565,0.001536,0,0,1.524e-23,1.178e-24
step512,512,K,v,residual,1024,64-128,1572864,0.0005844984,0.0003503012,0.0009803772,0.0006368856,0.0009007384,0.001720519,0.001857303,0.001565,0.001536,0,0,1.524e-23,1.178e-24
step512,512,K,v,residual,1024,128-256,3145728,0.000566312,0.0003712168,0.0006586711,0.0001056376,0.0003407833,0.001732327,0.001790592,0.001565,0.001536,0,0,1.524e-23,1.178e-24
step512,512,K,v,residual,1024,256-512,6291456,0.0005122363,0.0002432574,0.0004091263,0.0002074125,0.0002199117,0.001747767,0.001750492,0.001565,0.001536,0,0,1.524e-23,1.178e-24
step512,512,K,v,residual,1024,512-1024,1.258291e+07,0.0002433002,0.000184219,0.0001690388,0.0002395811,9.130731e-05,0.001751287,0.001747699,0.001565,0.001536,0,0,1.524e-23,1.178e-24
step512,512,V,u,head,1024,spike,786432,0.001450185,0.001235772,0.003078461,0.002273144,0.002517997,0.001719884,0.001926785,0.001565,0.001536,0,0,1.524e-23,1.178e-24
step512,512,V,u,head,1024,32-64,786432,0.0007975105,0.0007326069,0.00180308,0.001054669,0.001318299,0.001720247,0.001887004,0.001565,0.001536,0,0,1.524e-23,1.178e-24
step512,512,V,u,head,1024,64-128,1572864,0.0006724731,0.0008013832,0.000743866,0.001001189,0.001265042,0.001794906,0.001824334,0.001565,0.001536,0,0,1.524e-23,1.178e-24
step512,512,V,u,head,1024,128-256,3145728,0.0004021684,0.0002454419,0.0004536311,0.0003297483,0.0004151451,0.001734824,0.001783326,0.001565,0.001536,0,0,1.524e-23,1.178e-24
step512,512,V,u,head,1024,256-512,6291456,0.0003285868,0.0001257491,0.000237306,0.0004802983,0.0002652803,0.00176323,0.001731873,0.001565,0.001536,0,0,1.524e-23,1.178e-24
step512,512,V,u,head,1024,512-1024,1.258291e+07,0.0003963067,0.0001694352,0.0002859433,0.0002078765,0.0003265329,0.001745939,0.001779806,0.001565,0.001536,0,0,1.524e-23,1.178e-24
step512,512,V,v,residual,1024,spike,786432,0.0006718537,0.0009357064,0.001116435,0.001324842,0.001576576,0.001782372,0.001963298,0.001565,0.001536,0,0,1.524e-23,1.178e-24
step512,512,V,v,residual,1024,32-64,786432,0.00103628,0.0007673014,0.001852671,0.0008816621,0.001145515,0.001762572,0.001829965,0.001565,0.001536,0,0,1.524e-23,1.178e-24
step512,512,V,v,residual,1024,64-128,1572864,0.0004244827,0.0002771556,0.0008939107,0.000489384,0.0007532368,0.001768748,0.001777013,0.001565,0.001536,0,0,1.524e-23,1.178e-24
step512,512,V,v,residual,1024,128-256,3145728,0.0003282328,0.0004223188,0.0005791982,0.0004671298,0.0004923927,0.001751763,0.001772881,0.001565,0.001536,0,0,1.524e-23,1.178e-24
step512,512,V,v,residual,1024,256-512,6291456,0.0003149847,0.0002049708,0.0003471375,0.0002700694,0.000413433,0.001759552,0.00175224,0.001565,0.001536,0,0,1.524e-23,1.178e-24
step512,512,V,v,residual,1024,512-1024,1.258291e+07,0.0004318892,0.0001629103,0.0001938343,0.0003180169,0.0001885622,0.001719963,0.001749084,0.001565,0.001536,0,0,1.524e-23,1.178e-24
step512,512,O,u,residual,1024,spike,786432,0.0008975548,0.0007024597,0.002888997,0.002184972,0.002419169,0.001671201,0.002008892,0.001565,0.001536,0,0,1.524e-23,1.178e-24
step512,512,O,u,residual,1024,32-64,786432,0.0004053907,0.000579668,0.001743317,0.001458532,0.001727511,0.001741682,0.001931327,0.001565,0.001536,0,0,1.524e-23,1.178e-24
step512,512,O,u,residual,1024,64-128,1572864,0.0007900631,0.0006146121,0.001923879,0.001249995,0.001518974,0.001713526,0.001880192,0.001565,0.001536,0,0,1.524e-23,1.178e-24
step512,512,O,u,residual,1024,128-256,3145728,0.0003414091,0.0005508081,0.0004123052,0.0002783754,0.0002310428,0.001774016,0.001768703,0.001565,0.001536,0,0,1.524e-23,1.178e-24
step512,512,O,u,residual,1024,256-512,6291456,0.0003764967,0.0002513995,0.0004472733,0.0002372764,0.0002686493,0.001730715,0.001748789,0.001565,0.001536,0,0,1.524e-23,1.178e-24
step512,512,O,u,residual,1024,512-1024,1.258291e+07,0.0003477398,0.0001737168,0.0003008842,0.000117545,0.0002558161,0.001749833,0.001765773,0.001565,0.001536,0,0,1.524e-23,1.178e-24
step512,512,O,v,head,1024,spike,786432,0.01553133,0.01578245,0.009457906,0.007164047,0.007433026,0.003545852,0.002630688,0.001565,0.001536,0,2.543132e-06,1.524e-23,1.178e-24
step512,512,O,v,head,1024,32-64,786432,0.001019666,0.001196377,0.003527323,0.003991986,0.004255616,0.001923697,0.002274286,0.001565,0.001536,0,0,1.524e-23,1.178e-24
step512,512,O,v,head,1024,64-128,1572864,0.0003412004,0.0004181792,0.002202988,0.001998097,0.002265383,0.00177447,0.002023152,0.001565,0.001536,0,0,1.524e-23,1.178e-24
step512,512,O,v,head,1024,128-256,3145728,0.000412736,0.0006638471,0.001203537,0.000998292,0.001249403,0.00176893,0.001830782,0.001565,0.001536,0,0,1.524e-23,1.178e-24
step512,512,O,v,head,1024,256-512,6291456,0.0003307724,0.0002617766,0.0004700025,0.0004261218,0.0003486291,0.00174913,0.001760982,0.001565,0.001536,0,0,1.524e-23,1.178e-24
step512,512,O,v,head,1024,512-1024,1.258291e+07,0.0002612772,0.0001552909,0.0004492601,0.0002199746,0.0004363644,0.001750628,0.001783485,0.001565,0.001536,0,0,1.524e-23,1.178e-24
step512,512,MLP_IN,u,hidden,4096,spike,3145728,0.0002858201,0.0003395583,0.0007343292,0.0007017355,0.0007676662,0.001763662,0.001848175,0.001565,0.001558,0,0,1.524e-23,8.299e-24
step512,512,MLP_IN,u,hidden,4096,32-64,3145728,0.0005738889,0.0005080075,0.001113256,0.0005815364,0.0006442916,0.001767068,0.001839547,0.001565,0.001558,0,0,1.524e-23,8.299e-24
step512,512,MLP_IN,u,hidden,4096,64-128,6291456,0.0002977116,0.0002453913,0.00103569,0.0008130714,0.0008789529,0.001749379,0.001854511,0.001565,0.001558,0,0,1.524e-23,8.299e-24
step512,512,MLP_IN,u,hidden,4096,128-256,1.258291e+07,0.000266375,0.0002315618,0.0005119642,0.0003848013,0.0004371216,0.001762265,0.001806168,0.001565,0.001558,0,0,1.524e-23,8.299e-24
step512,512,MLP_IN,u,hidden,4096,256-512,2.516582e+07,0.0001618619,9.598045e-05,0.0004255772,0.0002904295,0.0003446966,0.001776531,0.00179649,0.001565,0.001558,0,0,1.524e-23,8.299e-24
step512,512,MLP_IN,u,hidden,4096,512-1024,5.033165e+07,0.000125029,6.874868e-05,0.0001421372,7.645119e-05,0.0001199694,0.001770939,0.001765995,0.001565,0.001558,0,0,1.524e-23,8.299e-24
step512,512,MLP_IN,v,residual,1024,spike,786432,0.0005506237,0.0003938972,0.001934052,0.001560257,0.001829236,0.001774016,0.001829057,0.001565,0.001536,0,0,1.524e-23,1.178e-24
step512,512,MLP_IN,v,residual,1024,32-64,786432,0.0009186088,0.0007793217,0.001523336,0.0008329213,0.0011019,0.001713889,0.001820519,0.001565,0.001536,0,0,1.524e-23,1.178e-24
step512,512,MLP_IN,v,residual,1024,64-128,1572864,0.0005454068,0.0008090374,0.0006999969,0.0006294708,0.0008984497,0.001751673,0.001759756,0.001565,0.001536,0,0,1.524e-23,1.178e-24
step512,512,MLP_IN,v,residual,1024,128-256,3145728,0.0006951157,0.0004440046,0.000611941,0.0003589786,0.0004238822,0.001701809,0.001778421,0.001565,0.001536,0,0,1.524e-23,1.178e-24
step512,512,MLP_IN,v,residual,1024,256-512,6291456,0.000377432,0.0001864943,0.0002435048,0.0003844256,0.0001994981,0.001743566,0.001764593,0.001565,0.001536,0,0,1.524e-23,1.178e-24
step512,512,MLP_IN,v,residual,1024,512-1024,1.258291e+07,0.0004169484,0.0001479694,0.0004602273,0.0002029492,0.0003244807,0.001736891,0.001765478,0.001565,0.001536,0,0,1.524e-23,1.178e-24
step512,512,MLP_OUT,u,residual,1024,spike,786432,0.002577033,0.002325922,0.004090627,0.001513594,0.001764705,0.001613254,0.001981099,0.001565,0.001536,0,0,1.524e-23,1.178e-24
step512,512,MLP_OUT,u,residual,1024,32-64,786432,0.0007862495,0.001020447,0.0009498596,0.001123333,0.001386964,0.001729511,0.001896268,0.001565,0.001536,0,0,1.524e-23,1.178e-24
step512,512,MLP_OUT,u,residual,1024,64-128,1572864,0.0002847332,0.0004116483,0.0005836487,0.0005758053,0.0008100026,0.001763843,0.001796268,0.001565,0.001536,0,0,1.524e-23,1.178e-24
step512,512,MLP_OUT,u,residual,1024,128-256,3145728,0.0004411204,0.0003307971,0.000313441,0.0003371699,0.0001947697,0.001724289,0.001763162,0.001565,0.001536,0,0,1.524e-23,1.178e-24
step512,512,MLP_OUT,u,residual,1024,256-512,6291456,0.0002810044,0.0001643429,0.0002476374,0.0004111285,0.0002087916,0.001744066,0.001757826,0.001565,0.001536,0,0,1.524e-23,1.178e-24
step512,512,MLP_OUT,u,residual,1024,512-1024,1.258291e+07,0.0003353142,0.0001428959,0.0004285971,0.0001763065,0.0003913244,0.001741682,0.001784132,0.001565,0.001536,0,0,1.524e-23,1.178e-24
step512,512,MLP_OUT,v,hidden,4096,spike,3145728,0.002963215,0.003029146,0.00188446,0.001537228,0.00160311,0.002238364,0.001926513,0.001565,0.001558,0,0,1.524e-23,8.299e-24
step512,512,MLP_OUT,v,hidden,4096,32-64,3145728,0.0008323889,0.0008983196,0.00107797,0.001425328,0.001486508,0.001819838,0.001962162,0.001565,0.001558,0,0,1.524e-23,8.299e-24
step512,512,MLP_OUT,v,hidden,4096,64-128,6291456,0.0003660977,0.0004333127,0.0006097158,0.0009433886,0.001010604,0.001818225,0.001875923,0.001565,0.001558,0,0,1.524e-23,8.299e-24
step512,512,MLP_OUT,v,hidden,4096,128-256,1.258291e+07,0.0002484759,0.0002918624,0.000833114,0.0009554562,0.001018211,0.001780158,0.001858813,0.001565,0.001558,0,0,1.524e-23,8.299e-24
step512,512,MLP_OUT,v,hidden,4096,256-512,2.516582e+07,0.0001066292,0.0001639576,0.0002523661,0.0002992452,0.0003651759,0.001779954,0.00180576,0.001565,0.001558,0,0,1.524e-23,8.299e-24
step512,512,MLP_OUT,v,hidden,4096,512-1024,5.033165e+07,0.0001064778,5.990024e-05,0.0001785556,9.994113e-05,0.0001504252,0.001769282,0.001775395,0.001565,0.001558,0,0,1.524e-23,8.299e-24
step1000,1000,Q,u,head,1024,spike,786432,0.01650292,0.01676655,0.008553823,0.007998194,0.008267173,0.003857567,0.002899897,0.001565,0.001536,0,7.26609e-07,1.524e-23,1.178e-24
step1000,1000,Q,u,head,1024,32-64,786432,0.0005789932,0.0008301043,0.005055745,0.00528644,0.00555007,0.001773289,0.002431779,0.001565,0.001536,0,0,1.524e-23,1.178e-24
step1000,1000,Q,u,head,1024,64-128,1572864,0.0005374217,0.0004285807,0.003145854,0.002814195,0.003059048,0.001799266,0.002093179,0.001565,0.001536,0,0,1.524e-23,1.178e-24
step1000,1000,Q,u,head,1024,128-256,3145728,0.0007671669,0.0005035364,0.001491865,0.0007246976,0.0009883281,0.001738003,0.001847176,0.001565,0.001536,0,0,1.524e-23,1.178e-24
step1000,1000,Q,u,head,1024,256-512,6291456,0.0004677871,0.0002358062,0.0003787676,0.0003686501,0.0002958591,0.001751332,0.001783189,0.001565,0.001536,0,0,1.524e-23,1.178e-24
step1000,1000,Q,u,head,1024,512-1024,1.258291e+07,0.0002955933,0.0001872197,0.00076437,0.0004941957,0.000746561,0.001757009,0.001801059,0.001565,0.001536,0,0,1.524e-23,1.178e-24
step1000,1000,Q,v,residual,1024,spike,786432,0.003518377,0.003249398,0.004732768,0.001921506,0.002116602,0.001615615,0.00192733,0.001565,0.001536,0,0,1.524e-23,1.178e-24
step1000,1000,Q,v,residual,1024,32-64,786432,0.000677574,0.0004824788,0.001965841,0.001631003,0.001875856,0.001739684,0.001944224,0.001565,0.001536,0,0,1.524e-23,1.178e-24
step1000,1000,Q,v,residual,1024,64-128,1572864,0.0003994334,0.0004738783,0.0008602142,0.0006880146,0.0008320738,0.001796177,0.001814252,0.001565,0.001536,0,0,1.524e-23,1.178e-24
step1000,1000,Q,v,residual,1024,128-256,3145728,0.0006493393,0.0003982282,0.001126289,0.000492696,0.0007280611,0.001732508,0.001796177,0.001565,0.001536,0,0,1.524e-23,1.178e-24
step1000,1000,Q,v,residual,1024,256-512,6291456,0.0004098853,0.0001948674,0.0002514521,0.0003588537,0.0001402331,0.00176541,0.001774947,0.001565,0.001536,0,0,1.524e-23,1.178e-24
step1000,1000,Q,v,residual,1024,512-1024,1.258291e+07,0.0002578163,9.796696e-05,0.0002389749,0.000152765,0.0002591126,0.00174024,0.0017639,0.001565,0.001536,0,0,1.524e-23,1.178e-24
step1000,1000,K,u,head,1024,spike,786432,0.01192097,0.01218995,0.007846832,0.00468149,0.004926343,0.003145127,0.002391089,0.001565,0.001536,7.26609e-07,3.269741e-06,1.524e-23,1.178e-24
step1000,1000,K,u,head,1024,32-64,786432,0.0008613883,0.0007221012,0.003008525,0.002558436,0.002827415,0.001730964,0.002061208,0.001565,0.001536,0,0,1.524e-23,1.178e-24
step1000,1000,K,u,head,1024,64-128,1572864,0.0008864863,0.0006353752,0.002003988,0.001117501,0.001368612,0.001771291,0.001969474,0.001565,0.001536,0,0,1.524e-23,1.178e-24
step1000,1000,K,u,head,1024,128-256,3145728,0.0006989393,0.0004647421,0.0009361903,0.0003880506,0.0006516811,0.001698676,0.001767022,0.001565,0.001536,0,0,1.524e-23,1.178e-24
step1000,1000,K,u,head,1024,256-512,6291456,0.0003520291,0.0001410634,0.000234286,0.0004182811,0.000175294,0.00174804,0.001752899,0.001565,0.001536,0,0,1.524e-23,1.178e-24
step1000,1000,K,u,head,1024,512-1024,1.258291e+07,0.0003271201,0.0001469605,0.0003813108,0.000178637,0.0003408682,0.001756714,0.001784245,0.001565,0.001536,0,0,1.524e-23,1.178e-24
step1000,1000,K,v,residual,1024,spike,786432,0.002401316,0.002186298,0.004001617,0.001635655,0.001869853,0.001565661,0.001918974,0.001565,0.001536,0,0,1.524e-23,1.178e-24
step1000,1000,K,v,residual,1024,32-64,786432,0.0004812519,0.0004332897,0.001276652,0.001101222,0.001370201,0.001714979,0.00187338,0.001565,0.001536,0,0,1.524e-23,1.178e-24
step1000,1000,K,v,residual,1024,64-128,1572864,0.0006347163,0.0005067699,0.0009778341,0.0003986816,0.0006676606,0.001759847,0.00179536,0.001565,0.001536,0,0,1.524e-23,1.178e-24
step1000,1000,K,v,residual,1024,128-256,3145728,0.0005420998,0.0002784692,0.000465711,0.0005190615,0.0004692308,0.001753989,0.001786959,0.001565,0.001536,0,0,1.524e-23,1.178e-24
step1000,1000,K,v,residual,1024,256-512,6291456,0.0003504296,0.000144228,0.0003123283,0.0002708498,0.0002465285,0.001714116,0.001729352,0.001565,0.001536,0,0,1.524e-23,1.178e-24
step1000,1000,K,v,residual,1024,512-1024,1.258291e+07,0.0003770256,0.0002109374,0.000322024,0.0001965007,0.0002568493,0.001746427,0.001759347,0.001565,0.001536,0,0,1.524e-23,1.178e-24
step1000,1000,V,u,head,1024,spike,786432,0.001186417,0.001455396,0.001228333,0.002245631,0.00251461,0.001918611,0.002004351,0.001565,0.001536,0,0,1.524e-23,1.178e-24
step1000,1000,V,u,head,1024,32-64,786432,0.0009844069,0.001159858,0.00176239,0.002035177,0.002255137,0.001815433,0.00188882,0.001565,0.001536,0,0,1.524e-23,1.178e-24
step1000,1000,V,u,head,1024,64-128,1572864,0.0003555732,0.0005506684,0.0007165273,0.000660749,0.0008558441,0.001800446,0.001814161,0.001565,0.001536,0,0,1.524e-23,1.178e-24
step1000,1000,V,u,head,1024,128-256,3145728,0.0003542605,0.0003997415,0.0004142125,0.0003518019,0.0003434747,0.001756396,0.001804761,0.001565,0.001536,0,0,1.524e-23,1.178e-24
step1000,1000,V,u,head,1024,256-512,6291456,0.0003708754,0.0001856416,0.000345548,0.0003442307,0.0002088699,0.001750265,0.00175719,0.001565,0.001536,0,0,1.524e-23,1.178e-24
step1000,1000,V,u,head,1024,512-1024,1.258291e+07,0.0003102719,9.415409e-05,0.0002975464,0.0001733269,0.0003046195,0.001725095,0.001746586,0.001565,0.001536,0,0,1.524e-23,1.178e-24
step1000,1000,V,v,residual,1024,spike,786432,0.0006898181,0.0008992171,0.001472473,0.001407669,0.001676648,0.001793998,0.001930055,0.001565,0.001536,0,0,1.524e-23,1.178e-24
step1000,1000,V,v,residual,1024,32-64,786432,0.0006292545,0.0005088464,0.001700083,0.001421072,0.001560359,0.001749856,0.001876104,0.001565,0.001536,0,0,1.524e-23,1.178e-24
step1000,1000,V,v,residual,1024,64-128,1572864,0.0005293921,0.0003962787,0.0007082621,0.0004935878,0.0007384407,0.001778466,0.001788185,0.001565,0.001536,0,0,1.524e-23,1.178e-24
step1000,1000,V,v,residual,1024,128-256,3145728,0.001021806,0.0008463549,0.001057943,0.0003032747,0.0002937019,0.001748539,0.001745724,0.001565,0.001536,0,0,1.524e-23,1.178e-24
step1000,1000,V,v,residual,1024,256-512,6291456,0.0007293378,0.0004657073,0.0005550385,0.0002145866,0.0002161662,0.001743271,0.001745814,0.001565,0.001536,0,0,1.524e-23,1.178e-24
step1000,1000,V,v,residual,1024,512-1024,1.258291e+07,0.0003613968,0.0001817018,0.0004321734,0.0002141892,0.0002709664,0.001736902,0.001773948,0.001565,0.001536,0,0,1.524e-23,1.178e-24
step1000,1000,O,u,residual,1024,spike,786432,0.001673335,0.001404356,0.005781809,0.004625106,0.004859304,0.001675197,0.002126421,0.001565,0.001536,0,0,1.524e-23,1.178e-24
step1000,1000,O,u,residual,1024,32-64,786432,0.0006745593,0.0008839583,0.002590179,0.002582596,0.002851575,0.001793998,0.002126603,0.001565,0.001536,0,0,1.524e-23,1.178e-24
step1000,1000,O,u,residual,1024,64-128,1572864,0.0003788291,0.0004330191,0.001771927,0.001697445,0.001961076,0.001782917,0.001934687,0.001565,0.001536,0,0,1.524e-23,1.178e-24
step1000,1000,O,u,residual,1024,128-256,3145728,0.0004099958,0.000314141,0.001163165,0.0008898821,0.001124079,0.001748494,0.00181516,0.001565,0.001536,0,0,1.524e-23,1.178e-24
step1000,1000,O,u,residual,1024,256-512,6291456,0.0002798739,0.0003008057,0.0002891223,0.0003834321,0.0001738655,0.00174888,0.001761346,0.001565,0.001536,0,0,1.524e-23,1.178e-24
step1000,1000,O,u,residual,1024,512-1024,1.258291e+07,0.0002898813,0.0002002259,0.0002847513,0.0001728355,0.0003963895,0.001754477,0.001782735,0.001565,0.001536,0,0,1.524e-23,1.178e-24
step1000,1000,O,v,head,1024,spike,786432,0.04981922,0.05008285,0.004399618,0.05315453,0.05341816,0.00712204,0.006993248,0.001565,0.001536,8.174351e-06,6.612142e-05,1.524e-23,1.178e-24
step1000,1000,O,v,head,1024,32-64,786432,0.01859669,0.01886567,0.0120608,0.0302193,0.03048293,0.003944034,0.005171276,0.001565,0.001536,0,3.99635e-06,1.524e-23,1.178e-24
step1000,1000,O,v,head,1024,64-128,1572864,0.004834924,0.005099703,0.009689967,0.01452069,0.01478967,0.002315885,0.003414971,0.001565,0.001536,0,0,1.524e-23,1.178e-24
step1000,1000,O,v,head,1024,128-256,3145728,0.0009488083,0.001193661,0.002719243,0.003625915,0.003894894,0.001893543,0.002194132,0.001565,0.001536,0,0,1.524e-23,1.178e-24
step1000,1000,O,v,head,1024,256-512,6291456,0.0001901551,0.0003656062,0.001199881,0.001121793,0.001372904,0.001761391,0.001852126,0.001565,0.001536,0,0,1.524e-23,1.178e-24
step1000,1000,O,v,head,1024,512-1024,1.258291e+07,0.0009044346,0.001155546,0.002530257,0.003421181,0.00368063,0.00184385,0.002010187,0.001565,0.001536,0,0,1.524e-23,1.178e-24
step1000,1000,MLP_IN,u,hidden,4096,spike,3145728,0.009383614,0.009317733,0.0103852,0.001096453,0.001163668,0.001757077,0.001883507,0.001565,0.001558,0,0,1.524e-23,8.299e-24
step1000,1000,MLP_IN,u,hidden,4096,32-64,3145728,0.0003344575,0.0003881957,0.001051585,0.000998292,0.001061047,0.001763525,0.001855759,0.001565,0.001558,0,0,1.524e-23,8.299e-24
step1000,1000,MLP_IN,u,hidden,4096,64-128,6291456,0.0001659943,0.000200637,0.0009001096,0.000799805,0.0008657357,0.001779397,0.001857576,0.001565,0.001558,0,0,1.524e-23,8.299e-24
step1000,1000,MLP_IN,u,hidden,4096,128-256,1.258291e+07,0.0001378463,0.000114801,0.0004367034,0.0003283637,0.0003895439,0.00175794,0.001808087,0.001565,0.001558,0,0,1.524e-23,8.299e-24
step1000,1000,MLP_IN,u,hidden,4096,256-512,2.516582e+07,0.0001770198,0.0001126451,0.0004361868,0.0002693634,0.0003352941,0.001767828,0.001784081,0.001565,0.001558,0,0,1.524e-23,8.299e-24
step1000,1000,MLP_IN,u,hidden,4096,512-1024,5.033165e+07,6.90519e-05,8.590082e-05,8.664529e-05,5.645918e-05,0.0001192144,0.001766784,0.001769653,0.001565,0.001558,0,0,1.524e-23,8.299e-24
step1000,1000,MLP_IN,v,residual,1024,spike,786432,0.003383206,0.003132095,0.005232493,0.001956524,0.002218716,0.001651219,0.001943134,0.001565,0.001536,0,0,1.524e-23,1.178e-24
step1000,1000,MLP_IN,v,residual,1024,32-64,786432,0.0008983969,0.001113415,0.001043955,0.0008100331,0.001079012,0.001782917,0.001834869,0.001565,0.001536,0,0,1.524e-23,1.178e-24
step1000,1000,MLP_IN,v,residual,1024,64-128,1572864,0.0004138489,0.0002538673,0.0009930929,0.0009392716,0.001184124,0.001746768,0.001809438,0.001565,0.001536,0,0,1.524e-23,1.178e-24
step1000,1000,MLP_IN,v,residual,1024,128-256,3145728,0.0004185139,0.0001851357,0.0005114873,0.0002184889,0.0004155726,0.001751763,0.001770247,0.001565,0.001536,0,0,1.524e-23,1.178e-24
step1000,1000,MLP_IN,v,residual,1024,256-512,6291456,0.000535591,0.00036014,0.0004477501,0.0003870427,0.0001684133,0.00174997,0.001752127,0.001565,0.001536,0,0,1.524e-23,1.178e-24
step1000,1000,MLP_IN,v,residual,1024,512-1024,1.258291e+07,0.0002318322,0.0002423923,0.0003233751,0.0002971518,0.000200503,0.001748834,0.001768158,0.001565,0.001536,0,0,1.524e-23,1.178e-24
step1000,1000,MLP_OUT,u,residual,1024,spike,786432,0.002501974,0.002238122,0.006937663,0.004618868,0.004882498,0.001560938,0.002289363,0.001565,0.001536,0,0,1.524e-23,1.178e-24
step1000,1000,MLP_OUT,u,residual,1024,32-64,786432,0.001710723,0.001974576,0.0023791,0.003429954,0.003693584,0.001923697,0.002109346,0.001565,0.001536,0,0,1.524e-23,1.178e-24
step1000,1000,MLP_OUT,u,residual,1024,64-128,1572864,0.001148905,0.001417884,0.001335144,0.002129704,0.002393557,0.001908439,0.001993452,0.001565,0.001536,0,0,1.524e-23,1.178e-24
step1000,1000,MLP_OUT,u,residual,1024,128-256,3145728,0.0005834347,0.000817632,0.000986735,0.001043222,0.001302808,0.00181734,0.001907122,0.001565,0.001536,0,0,1.524e-23,1.178e-24
step1000,1000,MLP_OUT,u,residual,1024,256-512,6291456,0.0002285738,0.0004372749,0.0004529953,0.0003171324,0.0003873544,0.00175115,0.001754216,0.001565,0.001536,0,0,1.524e-23,1.178e-24
step1000,1000,MLP_OUT,u,residual,1024,512-1024,1.258291e+07,0.0002470454,0.0004575355,0.0006040732,0.000573299,0.000818152,0.001782792,0.001846779,0.001565,0.001536,0,0,1.524e-23,1.178e-24
step1000,1000,MLP_OUT,v,hidden,4096,spike,3145728,0.008975075,0.00904229,0.002758662,0.006294156,0.006360037,0.002801804,0.002465748,0.001565,0.001558,3.633045e-07,1.816523e-07,1.524e-23,8.299e-24
step1000,1000,MLP_OUT,v,hidden,4096,32-64,3145728,0.006094343,0.006161557,0.001074791,0.005349308,0.005415239,0.002392406,0.002372015,0.001565,0.001558,0,0,1.524e-23,8.299e-24
step1000,1000,MLP_OUT,v,hidden,4096,64-128,6291456,0.004027321,0.004090076,0.0004167557,0.004033556,0.004099486,0.002165794,0.002238455,0.001565,0.001558,0,0,1.524e-23,8.299e-24
step1000,1000,MLP_OUT,v,hidden,4096,128-256,1.258291e+07,0.002075638,0.002142853,0.0008409818,0.002908538,0.002974469,0.001974435,0.002094519,0.001565,0.001558,0,0,1.524e-23,8.299e-24
step1000,1000,MLP_OUT,v,hidden,4096,256-512,2.516582e+07,0.0005905291,0.0006577441,0.0008078019,0.001381403,0.001448618,0.001845048,0.00192477,0.001565,0.001558,0,0,1.524e-23,8.299e-24
step1000,1000,MLP_OUT,v,hidden,4096,512-1024,5.033165e+07,6.455462e-05,0.0001069782,0.0002171993,0.000243708,0.0003095894,0.001777768,0.001796376,0.001565,0.001558,0,0,1.524e-23,8.299e-24
step2000,2000,Q,u,head,1024,spike,786432,0.03251525,0.03278423,0.00747172,0.0265478,0.02681677,0.005518414,0.004742759,0.001565,0.001536,7.26609e-07,4.377819e-05,1.524e-23,1.178e-24
step2000,2000,Q,u,head,1024,32-64,786432,0.007292475,0.007561454,0.00435257,0.01116354,0.0114274,0.002678826,0.003230322,0.001565,0.001536,0,0,1.524e-23,1.178e-24
step2000,2000,Q,u,head,1024,64-128,1572864,0.001711573,0.001980552,0.004412969,0.005949702,0.006218681,0.00191625,0.002452669,0.001565,0.001536,0,0,1.524e-23,1.178e-24
step2000,2000,Q,u,head,1024,128-256,3145728,0.0003909088,0.0006357618,0.001644135,0.001670107,0.001933737,0.001818702,0.001932326,0.001565,0.001536,0,0,1.524e-23,1.178e-24
step2000,2000,Q,u,head,1024,256-512,6291456,0.0002066231,0.0004160221,0.0002943675,0.000278817,0.0003923666,0.001772971,0.00175962,0.001565,0.001536,0,0,1.524e-23,1.178e-24
step2000,2000,Q,u,head,1024,512-1024,1.258291e+07,0.0003207641,0.0005481968,0.001273314,0.001476095,0.001745074,0.001795564,0.001900537,0.001565,0.001536,0,0,1.524e-23,1.178e-24
step2000,2000,Q,v,residual,1024,spike,786432,0.0008436776,0.001053077,0.003629049,0.003693944,0.003962923,0.002001081,0.002110981,0.001565,0.001536,0,0,1.524e-23,1.178e-24
step2000,2000,Q,v,residual,1024,32-64,786432,0.001195943,0.001410961,0.002026876,0.00252919,0.002798169,0.001905895,0.002021063,0.001565,0.001536,0,0,1.524e-23,1.178e-24
step2000,2000,Q,v,residual,1024,64-128,1572864,0.0005908129,0.000785908,0.001225154,0.00134808,0.001592933,0.001783734,0.001911527,0.001565,0.001536,0,0,1.524e-23,1.178e-24
step2000,2000,Q,v,residual,1024,128-256,3145728,0.0005750199,0.0003060409,0.0005753835,0.000377432,0.0004226297,0.001731918,0.001771518,0.001565,0.001536,0,0,1.524e-23,1.178e-24
step2000,2000,Q,v,residual,1024,256-512,6291456,0.000438952,0.0002872258,0.0003736814,0.0003731588,0.0002169761,0.001726173,0.001745428,0.001565,0.001536,0,0,1.524e-23,1.178e-24
step2000,2000,Q,v,residual,1024,512-1024,1.258291e+07,0.000213828,0.0001997839,0.0002309481,0.0001704513,0.0002648072,0.001753058,0.001783927,0.001565,0.001536,0,0,1.524e-23,1.178e-24
step2000,2000,K,u,head,1024,spike,786432,0.025072,0.02533563,0.004437764,0.02261993,0.02288891,0.004708608,0.003712245,0.001565,0.001536,4.722959e-06,6.248837e-05,1.524e-23,1.178e-24
step2000,2000,K,u,head,1024,32-64,786432,0.004810379,0.005079358,0.003659566,0.00775829,0.008022142,0.002351125,0.00277383,0.001565,0.001536,0,0,1.524e-23,1.178e-24
step2000,2000,K,u,head,1024,64-128,1572864,0.001325705,0.001548782,0.003320694,0.004059519,0.004328498,0.00188773,0.002234958,0.001565,0.001536,0,0,1.524e-23,1.178e-24
step2000,2000,K,u,head,1024,128-256,3145728,0.0003416384,0.000605269,0.001067479,0.001272941,0.001507139,0.001779874,0.001867521,0.001565,0.001536,0,0,1.524e-23,1.178e-24
step2000,2000,K,u,head,1024,256-512,6291456,0.0004084292,0.0001635763,0.0006235441,0.0003299615,0.0005938142,0.001769111,0.001798494,0.001565,0.001536,0,0,1.524e-23,1.178e-24
step2000,2000,K,u,head,1024,512-1024,1.258291e+07,0.0001471127,0.0003750361,0.0009953976,0.001054357,0.001318209,0.001776377,0.001875276,0.001565,0.001536,0,0,1.524e-23,1.178e-24
step2000,2000,K,v,residual,1024,spike,786432,0.002265463,0.00200161,0.004998525,0.002733062,0.002996915,0.001623245,0.002086276,0.001565,0.001536,0,0,1.524e-23,1.178e-24
step2000,2000,K,v,residual,1024,32-64,786432,0.0004145856,0.0004882355,0.002490997,0.002323692,0.002587322,0.001760029,0.00192842,0.001565,0.001536,0,0,1.524e-23,1.178e-24
step2000,2000,K,v,residual,1024,64-128,1572864,0.00066244,0.0005007688,0.002138774,0.001586745,0.001850598,0.001699357,0.001838957,0.001565,0.001536,0,0,1.524e-23,1.178e-24
step2000,2000,K,v,residual,1024,128-256,3145728,0.0001838008,0.00041748,0.0006631215,0.0006289022,0.0008939993,0.00175744,0.00180081,0.001565,0.001536,0,0,1.524e-23,1.178e-24
step2000,2000,K,v,residual,1024,256-512,6291456,0.0004895988,0.0002384878,0.0002802213,0.0003117902,0.0001750253,0.001749902,0.001727059,0.001565,0.001536,0,0,1.524e-23,1.178e-24
step2000,2000,K,v,residual,1024,512-1024,1.258291e+07,0.0003024096,8.559318e-05,0.0003673236,0.0001792551,0.0003579388,0.001753398,0.001763718,0.001565,0.001536,0,0,1.524e-23,1.178e-24
step2000,2000,V,u,head,1024,spike,786432,0.01133401,0.01159764,0.005184174,0.006446884,0.006715863,0.003335135,0.002521878,0.001565,0.001536,0,0,1.524e-23,1.178e-24
step2000,2000,V,u,head,1024,32-64,786432,0.003785882,0.004036993,0.00129954,0.004268692,0.004537671,0.002143678,0.002282642,0.001565,0.001536,0,0,1.524e-23,1.178e-24
step2000,2000,V,u,head,1024,64-128,1572864,0.0008081258,0.001077105,0.001639684,0.002152171,0.00242115,0.001841318,0.002028602,0.001565,0.001536,0,0,1.524e-23,1.178e-24
step2000,2000,V,u,head,1024,128-256,3145728,0.0003044848,0.0004800197,0.000969251,0.0009532615,0.001216892,0.001753398,0.001815433,0.001565,0.001536,0,0,1.524e-23,1.178e-24
step2000,2000,V,u,head,1024,256-512,6291456,0.0004381676,0.0001886325,0.0003805161,0.0003953337,0.0002386073,0.001745315,0.001747744,0.001565,0.001536,0,0,1.524e-23,1.178e-24
step2000,2000,V,u,head,1024,512-1024,1.258291e+07,0.0001702553,0.0004051629,0.0003055731,0.0002691683,0.0004785672,0.001772983,0.001802887,0.001565,0.001536,0,0,1.524e-23,1.178e-24
step2000,2000,V,v,residual,1024,spike,786432,0.002754678,0.003018531,0.001541138,0.00202646,0.00227937,0.00210426,0.001988729,0.001565,0.001536,0,0,1.524e-23,1.178e-24
step2000,2000,V,v,residual,1024,32-64,786432,0.001164925,0.00136002,0.0009587606,0.001760269,0.001994466,0.001797267,0.001910982,0.001565,0.001536,0,0,1.524e-23,1.178e-24
step2000,2000,V,v,residual,1024,64-128,1572864,0.000284837,0.0003829003,0.0009822845,0.0008371211,0.001088232,0.001763208,0.001848584,0.001565,0.001536,0,0,1.524e-23,1.178e-24
step2000,2000,V,v,residual,1024,128-256,3145728,0.0004550715,0.0002769132,0.0006488164,0.0003127989,0.0005221978,0.00173269,0.001782508,0.001565,0.001536,0,0,1.524e-23,1.178e-24
step2000,2000,V,v,residual,1024,256-512,6291456,0.0004500214,0.0001989103,0.0001893044,0.0003548218,0.0001206246,0.001747813,0.001773925,0.001565,0.001536,0,0,1.524e-23,1.178e-24
step2000,2000,V,v,residual,1024,512-1024,1.258291e+07,0.0003210885,0.0001573572,0.0001937548,0.0002087418,0.0002571038,0.001746609,0.001767363,0.001565,0.001536,0,0,1.524e-23,1.178e-24
step2000,2000,O,u,residual,1024,spike,786432,0.001028651,0.000759672,0.006186167,0.005157516,0.005426495,0.001709348,0.00241543,0.001565,0.001536,0,0,1.524e-23,1.178e-24
step2000,2000,O,u,residual,1024,32-64,786432,0.0009054006,0.00117438,0.003458659,0.003988097,0.00425195,0.001830328,0.002201625,0.001565,0.001536,0,0,1.524e-23,1.178e-24
step2000,2000,O,u,residual,1024,64-128,1572864,0.0009710607,0.001215914,0.002087275,0.00254127,0.002810249,0.001843952,0.00201089,0.001565,0.001536,0,0,1.524e-23,1.178e-24
step2000,2000,O,u,residual,1024,128-256,3145728,0.0006083493,0.0008719799,0.0006392797,0.0009766082,0.001245587,0.001803035,0.001873698,0.001565,0.001536,0,0,1.524e-23,1.178e-24
step2000,2000,O,u,residual,1024,256-512,6291456,0.0002649688,0.0001627175,0.000319322,0.0002133602,0.0002637521,0.001742749,0.0017967,0.001565,0.001536,0,0,1.524e-23,1.178e-24
step2000,2000,O,u,residual,1024,512-1024,1.258291e+07,0.0001751245,0.0004441034,0.0004839897,0.0004976492,0.0007664453,0.001759393,0.001820383,0.001565,0.001536,0,0,1.524e-23,1.178e-24
step2000,2000,O,v,head,1024,spike,786432,0.05747609,0.05774507,0.03019842,0.08706465,0.08732828,0.008447556,0.01065863,0.001565,0.001536,5.63122e-06,5.740211e-05,1.524e-23,1.178e-24
step2000,2000,O,v,head,1024,32-64,786432,0.03767145,0.03794043,0.01469803,0.05224028,0.05250391,0.006203969,0.007831573,0.001565,0.001536,0,1.453218e-06,1.524e-23,1.178e-24
step2000,2000,O,v,head,1024,64-128,1572864,0.019757,0.02002598,0.008170446,0.02792744,0.02819642,0.003941491,0.004897345,0.001565,0.001536,0,0,1.524e-23,1.178e-24
step2000,2000,O,v,head,1024,128-256,3145728,0.007418678,0.007687657,0.002607981,0.00983211,0.01010109,0.002529053,0.002764611,0.001565,0.001536,0,0,1.524e-23,1.178e-24
step2000,2000,O,v,head,1024,256-512,6291456,0.001620974,0.001889953,0.0005451838,0.002166158,0.002435137,0.001894111,0.001928897,0.001565,0.001536,0,0,1.524e-23,1.178e-24
step2000,2000,O,v,head,1024,512-1024,1.258291e+07,0.004649764,0.004918743,0.002444744,0.007067188,0.007330819,0.002172686,0.002340714,0.001565,0.001536,0,0,1.524e-23,1.178e-24
step2000,2000,MLP_IN,u,hidden,4096,spike,3145728,0.008802827,0.008736945,0.01010831,0.001409644,0.001472399,0.002218246,0.001889456,0.001565,0.001558,0,0,1.524e-23,8.299e-24
step2000,2000,MLP_IN,u,hidden,4096,32-64,3145728,0.0005295095,0.0005906897,0.0007190704,0.001173804,0.001239735,0.0018118,0.001875287,0.001565,0.001558,0,0,1.524e-23,8.299e-24
step2000,2000,MLP_IN,u,hidden,4096,64-128,6291456,0.0002371407,0.000289461,0.0008603732,0.001039972,0.001105903,0.001760006,0.001867748,0.001565,0.001558,0,0,1.524e-23,8.299e-24
step2000,2000,MLP_IN,u,hidden,4096,128-256,1.258291e+07,0.0002256389,0.0001602122,0.0008108616,0.0005852227,0.0006511042,0.001762015,0.001830544,0.001565,0.001558,0,0,1.524e-23,8.299e-24
step2000,2000,MLP_IN,u,hidden,4096,256-512,2.516582e+07,9.262963e-05,0.0001318013,0.0004599492,0.0004212122,0.0004884271,0.001762498,0.001802524,0.001565,0.001558,0,0,1.524e-23,8.299e-24
step2000,2000,MLP_IN,u,hidden,4096,512-1024,5.033165e+07,8.792039e-05,7.484169e-05,0.0001446009,9.062894e-05,0.0001565597,0.001763381,0.00177636,0.001565,0.001558,0,0,1.524e-23,8.299e-24
step2000,2000,MLP_IN,v,residual,1024,spike,786432,0.003119992,0.00286888,0.006243388,0.003148938,0.003412568,0.001843044,0.002104441,0.001565,0.001536,0,0,1.524e-23,1.178e-24
step2000,2000,MLP_IN,v,residual,1024,32-64,786432,0.001854614,0.002069632,0.001089732,0.002597078,0.002860709,0.001877376,0.001988002,0.001565,0.001536,0,0,1.524e-23,1.178e-24
step2000,2000,MLP_IN,v,residual,1024,64-128,1572864,0.001345112,0.001596223,0.0009714762,0.0008137958,0.001023195,0.001885369,0.00186239,0.001565,0.001536,0,0,1.524e-23,1.178e-24
step2000,2000,MLP_IN,v,residual,1024,128-256,3145728,0.0002957419,0.000432336,0.0005280177,0.0005171145,0.0007811478,0.001778739,0.001795133,0.001565,0.001536,0,0,1.524e-23,1.178e-24
step2000,2000,MLP_IN,v,residual,1024,256-512,6291456,0.0002770686,0.0001682276,0.000275294,0.0002940559,0.000254085,0.001765183,0.00175467,0.001565,0.001536,0,0,1.524e-23,1.178e-24
step2000,2000,MLP_IN,v,residual,1024,512-1024,1.258291e+07,0.0002248107,0.000204874,0.0005706946,0.0004183808,0.0006571701,0.001766489,0.001797926,0.001565,0.001536,0,0,1.524e-23,1.178e-24
step2000,2000,MLP_OUT,u,residual,1024,spike,786432,0.001431912,0.001274694,0.0119311,0.01109495,0.01135858,0.001682463,0.002993992,0.001565,0.001536,0,0,1.524e-23,1.178e-24
step2000,2000,MLP_OUT,u,residual,1024,32-64,786432,0.002555117,0.002818747,0.005996704,0.007513728,0.007782707,0.001932598,0.002613249,0.001565,0.001536,0,0,1.524e-23,1.178e-24
step2000,2000,MLP_OUT,u,residual,1024,64-128,1572864,0.002075877,0.002344856,0.003174464,0.005231267,0.005500246,0.002031508,0.002323423,0.001565,0.001536,0,0,1.524e-23,1.178e-24
step2000,2000,MLP_OUT,u,residual,1024,128-256,3145728,0.001548352,0.001793204,0.001239777,0.002541373,0.002805226,0.001960891,0.001998493,0.001565,0.001536,0,0,1.524e-23,1.178e-24
step2000,2000,MLP_OUT,u,residual,1024,256-512,6291456,0.0005684256,0.0008018848,0.0006130536,0.0002182938,0.0004710447,0.001782145,0.001796813,0.001565,0.001536,0,0,1.524e-23,1.178e-24
step2000,2000,MLP_OUT,u,residual,1024,512-1024,1.258291e+07,0.000514501,0.0007580705,0.001202822,0.001629704,0.001883977,0.001868146,0.001953568,0.001565,0.001536,0,0,1.524e-23,1.178e-24
step2000,2000,MLP_OUT,v,hidden,4096,spike,3145728,0.005122334,0.005188265,0.001520157,0.006240114,0.006305995,0.002465838,0.002461978,0.001565,0.001558,6.811959e-07,6.357829e-07,1.524e-23,8.299e-24
step2000,2000,MLP_OUT,v,hidden,4096,32-64,3145728,0.003252888,0.00331877,0.001930555,0.005178497,0.005245712,0.002112888,0.002322651,0.001565,0.001558,0,0,1.524e-23,8.299e-24
step2000,2000,MLP_OUT,v,hidden,4096,64-128,6291456,0.002756482,0.002823697,0.001630147,0.004372166,0.004439381,0.002054918,0.002228147,0.001565,0.001558,0,0,1.524e-23,8.299e-24
step2000,2000,MLP_OUT,v,hidden,4096,128-256,1.258291e+07,0.002302839,0.002365594,0.0005963643,0.00287277,0.002938651,0.002001206,0.002080429,0.001565,0.001558,0,0,1.524e-23,8.299e-24
step2000,2000,MLP_OUT,v,hidden,4096,256-512,2.516582e+07,0.001756237,0.001823452,0.0003813108,0.001401653,0.001467584,0.001931486,0.001921983,0.001565,0.001558,0,0,1.524e-23,8.299e-24
step2000,2000,MLP_OUT,v,hidden,4096,512-1024,5.033165e+07,0.0004006272,0.0004665086,0.0002375046,0.0002202011,0.0002820672,0.001816026,0.001788676,0.001565,0.001558,0,0,1.524e-23,8.299e-24
step3000,3000,Q,u,head,1024,spike,786432,0.03676405,0.03702768,0.007043203,0.03841532,0.0386843,0.005762009,0.005421956,0.001565,0.001536,0,9.227934e-05,1.524e-23,1.178e-24
step3000,3000,Q,u,head,1024,32-64,786432,0.01573694,0.01600592,0.001539866,0.01657286,0.01683649,0.003456116,0.003823235,0.001565,0.001536,0,0,1.524e-23,1.178e-24
step3000,3000,Q,u,head,1024,64-128,1572864,0.005275631,0.005539262,0.003442128,0.008567856,0.008836835,0.002295176,0.002764838,0.001565,0.001536,0,0,1.524e-23,1.178e-24
step3000,3000,Q,u,head,1024,128-256,3145728,0.001897325,0.002161178,0.001239459,0.003057947,0.0033218,0.001936867,0.002089864,0.001565,0.001536,0,0,1.524e-23,1.178e-24
step3000,3000,Q,u,head,1024,256-512,6291456,0.0005823673,0.00084622,0.0005494754,0.0006714996,0.0009226107,0.00181868,0.001820564,0.001565,0.001536,0,0,1.524e-23,1.178e-24
step3000,3000,Q,u,head,1024,512-1024,1.258291e+07,0.0008351466,0.001104125,0.001485507,0.002298022,0.002561652,0.001878534,0.001977421,0.001565,0.001536,0,0,1.524e-23,1.178e-24
step3000,3000,Q,v,residual,1024,spike,786432,0.00226508,0.002499278,0.004332225,0.006059478,0.006323331,0.002089183,0.002386729,0.001565,0.001536,0,0,1.524e-23,1.178e-24
step3000,3000,Q,v,residual,1024,32-64,786432,0.002776259,0.00302737,0.001346588,0.003695216,0.003964195,0.002078828,0.002146766,0.001565,0.001536,0,0,1.524e-23,1.178e-24
step3000,3000,Q,v,residual,1024,64-128,1572864,0.001058793,0.001234245,0.00161616,0.002423509,0.00268714,0.001812254,0.002050854,0.001565,0.001536,0,0,1.524e-23,1.178e-24
step3000,3000,Q,v,residual,1024,128-256,3145728,0.0003905757,0.0002314679,0.00135994,0.001115704,0.001379335,0.00174645,0.001856986,0.001565,0.001536,0,0,1.524e-23,1.178e-24
step3000,3000,Q,v,residual,1024,256-512,6291456,0.0004338179,0.0001996206,0.0004782677,0.0001957821,0.0003122591,0.001738321,0.001765864,0.001565,0.001536,0,0,1.524e-23,1.178e-24
step3000,3000,Q,v,residual,1024,512-1024,1.258291e+07,0.0001554155,0.0002249913,0.0005686283,0.0004284228,0.0006920533,0.001760244,0.001802297,0.001565,0.001536,0,0,1.524e-23,1.178e-24
step3000,3000,K,u,head,1024,spike,786432,0.03488468,0.03514831,0.009162903,0.04027816,0.04054714,0.0054641,0.004748027,0.001565,0.001536,6.721133e-06,0.0001177107,1.524e-23,1.178e-24
step3000,3000,K,u,head,1024,32-64,786432,0.01296797,0.0132316,0.00138092,0.01314217,0.0134058,0.003198896,0.00342578,0.001565,0.001536,0,0,1.524e-23,1.178e-24
step3000,3000,K,u,head,1024,64-128,1572864,0.004353251,0.00462223,0.003769557,0.008012182,0.008281161,0.002248128,0.002587001,0.001565,0.001536,0,0,1.524e-23,1.178e-24
step3000,3000,K,u,head,1024,128-256,3145728,0.001200789,0.0014519,0.001635551,0.002488603,0.002752456,0.001852263,0.002037866,0.001565,0.001536,0,0,1.524e-23,1.178e-24
step3000,3000,K,u,head,1024,256-512,6291456,0.0003380712,0.0005712298,0.0003242493,0.0005092161,0.0007603271,0.001799447,0.001801627,0.001565,0.001536,0,0,1.524e-23,1.178e-24
step3000,3000,K,u,head,1024,512-1024,1.258291e+07,0.0005781895,0.0008405086,0.001505295,0.002034459,0.002287074,0.001842544,0.001965716,0.001565,0.001536,0,0,1.524e-23,1.178e-24
step3000,3000,K,v,residual,1024,spike,786432,0.002102629,0.001838998,0.005938212,0.004243682,0.004507535,0.001710074,0.002225967,0.001565,0.001536,0,0,1.524e-23,1.178e-24
step3000,3000,K,v,residual,1024,32-64,786432,0.0004492845,0.0006834818,0.003027598,0.002982289,0.003246141,0.001797812,0.002081553,0.001565,0.001536,0,0,1.524e-23,1.178e-24
step3000,3000,K,v,residual,1024,64-128,1572864,0.0006594686,0.00053616,0.002011617,0.002066126,0.002329978,0.001822971,0.001922335,0.001565,0.001536,0,0,1.524e-23,1.178e-24
step3000,3000,K,v,residual,1024,128-256,3145728,0.0007174352,0.0004484563,0.001098315,0.0005436233,0.000670585,0.001750628,0.00182288,0.001565,0.001536,0,0,1.524e-23,1.178e-24
step3000,3000,K,v,residual,1024,256-512,6291456,0.0004142009,0.0002191058,0.0003108978,0.0002834979,0.0001028649,0.001739752,0.001743044,0.001565,0.001536,0,0,1.524e-23,1.178e-24
step3000,3000,K,v,residual,1024,512-1024,1.258291e+07,0.0003333273,0.0001816641,0.0008010864,0.0005316274,0.000792507,0.001747029,0.001804363,0.001565,0.001536,0,0,1.524e-23,1.178e-24
step3000,3000,V,u,head,1024,spike,786432,0.0245082,0.02477718,0.01144918,0.01335276,0.01362174,0.00504194,0.003519331,0.001565,0.001536,0,0,1.524e-23,1.178e-24
step3000,3000,V,u,head,1024,32-64,786432,0.009107421,0.009371274,0.001771291,0.008231312,0.008495165,0.002988724,0.00277165,0.001565,0.001536,0,0,1.524e-23,1.178e-24
step3000,3000,V,u,head,1024,64-128,1572864,0.003528641,0.00379762,0.001150767,0.004668459,0.004932089,0.002117702,0.002284822,0.001565,0.001536,0,0,1.524e-23,1.178e-24
step3000,3000,V,u,head,1024,128-256,3145728,0.0002249325,0.0003213919,0.001764297,0.00157919,0.00184282,0.001797949,0.001924651,0.001565,0.001536,0,0,1.524e-23,1.178e-24
step3000,3000,V,u,head,1024,256-512,6291456,0.0002285738,0.0003601711,0.0004585584,0.0004544718,0.0002261586,0.001756759,0.001771859,0.001565,0.001536,0,0,1.524e-23,1.178e-24
step3000,3000,V,u,head,1024,512-1024,1.258291e+07,0.000448535,0.0007123877,0.0004427433,0.0008060834,0.001069936,0.001825946,0.00185031,0.001565,0.001536,0,0,1.524e-23,1.178e-24
step3000,3000,V,v,residual,1024,spike,786432,0.007715907,0.007984886,0.002632141,0.005236849,0.005500479,0.002631778,0.002333142,0.001565,0.001536,0,0,1.524e-23,1.178e-24
step3000,3000,V,v,residual,1024,32-64,786432,0.002983139,0.003252118,0.001434326,0.003441279,0.003691127,0.002018883,0.002082643,0.001565,0.001536,0,0,1.524e-23,1.178e-24
step3000,3000,V,v,residual,1024,64-128,1572864,0.0008403756,0.0009975943,0.001458486,0.002050867,0.00231472,0.001854125,0.001959664,0.001565,0.001536,0,0,1.524e-23,1.178e-24
step3000,3000,V,v,residual,1024,128-256,3145728,0.0004881773,0.000277965,0.001362801,0.0009645183,0.001179536,0.001763253,0.001855487,0.001565,0.001536,0,0,1.524e-23,1.178e-24
step3000,3000,V,v,residual,1024,256-512,6291456,0.0002963725,0.000451247,0.0003113747,0.0003970007,0.0002826316,0.001749198,0.001766386,0.001565,0.001536,0,0,1.524e-23,1.178e-24
step3000,3000,V,v,residual,1024,512-1024,1.258291e+07,0.000238065,0.0002936452,0.0003817876,0.0002387183,0.0004886094,0.001765319,0.00180937,0.001565,0.001536,0,0,1.524e-23,1.178e-24
step3000,3000,O,u,residual,1024,spike,786432,0.001135041,0.0008711885,0.005971273,0.004924044,0.005187674,0.001746041,0.002349127,0.001565,0.001536,1.271566e-06,1.271566e-06,1.524e-23,1.178e-24
step3000,3000,O,u,residual,1024,32-64,786432,0.0004562771,0.0005588684,0.003298442,0.003508681,0.003759792,0.001791091,0.002239954,0.001565,0.001536,0,0,1.524e-23,1.178e-24
step3000,3000,O,u,residual,1024,64-128,1572864,0.0007938878,0.001044999,0.001673381,0.001934592,0.002198223,0.001791273,0.002010709,0.001565,0.001536,0,0,1.524e-23,1.178e-24
step3000,3000,O,u,residual,1024,128-256,3145728,0.0002325671,0.0004758624,0.0008010864,0.0008369133,0.001100544,0.001773244,0.001867976,0.001565,0.001536,0,0,1.524e-23,1.178e-24
step3000,3000,O,u,residual,1024,256-512,6291456,0.0005259974,0.0002748864,0.0002902349,0.0002728741,0.0002687561,0.001767885,0.001782894,0.001565,0.001536,0,0,1.524e-23,1.178e-24
step3000,3000,O,u,residual,1024,512-1024,1.258291e+07,0.0002078314,0.0002176914,0.000427564,0.0002755937,0.0005204466,0.001768351,0.001794895,0.001565,0.001536,0,0,1.524e-23,1.178e-24
step3000,3000,O,v,head,1024,spike,786432,0.06570234,0.06596597,0.02750524,0.09320758,0.09347121,0.009339832,0.01153546,0.001565,0.001536,2.724784e-06,3.923689e-05,1.524e-23,1.178e-24
step3000,3000,O,v,head,1024,32-64,786432,0.04876586,0.04903484,0.01085281,0.05912962,0.05939325,0.007374173,0.008437929,0.001565,0.001536,0,7.26609e-07,1.524e-23,1.178e-24
step3000,3000,O,v,head,1024,64-128,1572864,0.03103769,0.03130667,0.004223506,0.03445679,0.03472042,0.005221685,0.005422501,0.001565,0.001536,0,0,1.524e-23,1.178e-24
step3000,3000,O,v,head,1024,128-256,3145728,0.01191048,0.01217946,0.001119932,0.01259413,0.01285776,0.002951804,0.003039542,0.001565,0.001536,0,0,1.524e-23,1.178e-24
step3000,3000,O,v,head,1024,256-512,6291456,0.002994527,0.00325838,0.0006721814,0.002516652,0.002780282,0.002002126,0.001988252,0.001565,0.001536,0,0,1.524e-23,1.178e-24
step3000,3000,O,v,head,1024,512-1024,1.258291e+07,0.006521925,0.006785555,0.002087831,0.008511528,0.008780488,0.002378225,0.00251854,0.001565,0.001536,0,0,1.524e-23,1.178e-24
step3000,3000,MLP_IN,u,hidden,4096,spike,3145728,0.007777403,0.007816688,0.008636157,0.001443058,0.001508989,0.002403713,0.001956803,0.001565,0.001558,1.18074e-06,6.811959e-07,1.524e-23,8.299e-24
step3000,3000,MLP_IN,u,hidden,4096,32-64,3145728,0.0009556274,0.001022842,0.0008656184,0.001531078,0.001593833,0.001854624,0.001943861,0.001565,0.001558,0,0,1.524e-23,8.299e-24
step3000,3000,MLP_IN,u,hidden,4096,64-128,6291456,0.0004551073,0.0005223223,0.0006634394,0.001072397,0.001138328,0.001787413,0.001888525,0.001565,0.001558,0,0,1.524e-23,8.299e-24
step3000,3000,MLP_IN,u,hidden,4096,128-256,1.258291e+07,0.000196898,0.0002556322,0.0005878607,0.0006130871,0.0006758423,0.00177892,0.001853682,0.001565,0.001558,0,0,1.524e-23,8.299e-24
step3000,3000,MLP_IN,u,hidden,4096,256-512,2.516582e+07,0.0001280245,0.0001854727,0.000267148,0.0003657586,0.0004242887,0.001782695,0.001808223,0.001565,0.001558,0,0,1.524e-23,8.299e-24
step3000,3000,MLP_IN,u,hidden,4096,512-1024,5.033165e+07,0.0001247191,0.000102516,0.0001969934,8.566989e-05,0.0001204831,0.00176732,0.001784699,0.001565,0.001558,0,0,1.524e-23,8.299e-24
step3000,3000,MLP_IN,v,residual,1024,spike,786432,0.001727591,0.001463738,0.006093343,0.004365752,0.004629605,0.001868293,0.002262115,0.001565,0.001536,0,0,1.524e-23,1.178e-24
step3000,3000,MLP_IN,v,residual,1024,32-64,786432,0.003765573,0.004029426,0.0008621216,0.003277247,0.003511444,0.002083006,0.002174559,0.001565,0.001536,0,0,1.524e-23,1.178e-24
step3000,3000,MLP_IN,v,residual,1024,64-128,1572864,0.002047643,0.00228184,0.0006885529,0.002273355,0.002524466,0.00198882,0.002058847,0.001565,0.001536,0,0,1.524e-23,1.178e-24
step3000,3000,MLP_IN,v,residual,1024,128-256,3145728,0.0003949703,0.000658823,0.0006020864,0.0008709277,0.001134558,0.001837322,0.001837231,0.001565,0.001536,0,0,1.524e-23,1.178e-24
step3000,3000,MLP_IN,v,residual,1024,256-512,6291456,0.0003673334,0.0002125317,0.0005682309,0.0002566359,0.0003959229,0.001746541,0.001774584,0.001565,0.001536,0,0,1.524e-23,1.178e-24
step3000,3000,MLP_IN,v,residual,1024,512-1024,1.258291e+07,0.0003094969,0.0004667156,0.000464201,0.0005990566,0.0008629093,0.001794826,0.001829193,0.001565,0.001536,0,0,1.524e-23,1.178e-24
step3000,3000,MLP_OUT,u,residual,1024,spike,786432,0.0009757128,0.00120991,0.01083883,0.01093933,0.0112083,0.001813434,0.002879551,0.001565,0.001536,7.26609e-07,9.082613e-06,1.524e-23,1.178e-24
step3000,3000,MLP_OUT,u,residual,1024,32-64,786432,0.002595697,0.002846808,0.005163829,0.007469718,0.007733349,0.001975832,0.002538772,0.001565,0.001536,0,0,1.524e-23,1.178e-24
step3000,3000,MLP_OUT,u,residual,1024,64-128,1572864,0.002047267,0.002316246,0.002815247,0.004631088,0.004900067,0.002007984,0.002252034,0.001565,0.001536,0,0,1.524e-23,1.178e-24
step3000,3000,MLP_OUT,u,residual,1024,128-256,3145728,0.001582894,0.001834005,0.0008242925,0.002214019,0.00247765,0.001893816,0.001980872,0.001565,0.001536,0,0,1.524e-23,1.178e-24
step3000,3000,MLP_OUT,u,residual,1024,256-512,6291456,0.0002964695,0.0005114874,0.0002160072,0.000421628,0.0006558252,0.00177749,0.001801355,0.001565,0.001536,0,0,1.524e-23,1.178e-24
step3000,3000,MLP_OUT,u,residual,1024,512-1024,1.258291e+07,0.000805487,0.0009627057,0.001369238,0.001628781,0.001892411,0.001898482,0.001940307,0.001565,0.001536,0,0,1.524e-23,1.178e-24
step3000,3000,MLP_OUT,v,hidden,4096,spike,3145728,0.007336204,0.007402085,0.00234127,0.00512827,0.005195485,0.002696037,0.002357619,0.001565,0.001558,1.63487e-06,1.453218e-06,1.524e-23,8.299e-24
step3000,3000,MLP_OUT,v,hidden,4096,32-64,3145728,0.002391861,0.002459076,0.001811345,0.004064391,0.004130322,0.00201743,0.002222016,0.001565,0.001558,0,0,1.524e-23,8.299e-24
step3000,3000,MLP_OUT,v,hidden,4096,64-128,6291456,0.002339109,0.002404991,0.0009131432,0.003143936,0.003209867,0.001994973,0.002140159,0.001565,0.001558,0,0,1.524e-23,8.299e-24
step3000,3000,MLP_OUT,v,hidden,4096,128-256,1.258291e+07,0.002008025,0.002075143,0.0003730456,0.002352045,0.00241926,0.001965818,0.002027285,0.001565,0.001558,0,0,1.524e-23,8.299e-24
step3000,3000,MLP_OUT,v,hidden,4096,256-512,2.516582e+07,0.001613106,0.001680321,0.0005046129,0.001144876,0.001210807,0.001905992,0.001906372,0.001565,0.001558,0,0,1.524e-23,8.299e-24
step3000,3000,MLP_OUT,v,hidden,4096,512-1024,5.033165e+07,0.0004817307,0.0005489457,0.0002942085,0.0001875222,0.0002547372,0.001825676,0.001787626,0.001565,0.001558,0,0,1.524e-23,8.299e-24
step4000,4000,Q,u,head,1024,spike,786432,0.03886595,0.03912958,0.01158905,0.04691955,0.04718853,0.005833035,0.005730947,0.001565,0.001536,7.26609e-07,0.0001200721,1.524e-23,1.178e-24
step4000,4000,Q,u,head,1024,32-64,786432,0.02009841,0.02036739,0.001794179,0.01883956,0.01910854,0.003863743,0.003964742,0.001565,0.001536,0,0,1.524e-23,1.178e-24
step4000,4000,Q,u,head,1024,64-128,1572864,0.0106054,0.01086903,0.001700083,0.01168065,0.01194963,0.00280135,0.002982548,0.001565,0.001536,0,0,1.524e-23,1.178e-24
step4000,4000,Q,u,head,1024,128-256,3145728,0.004578,0.004846979,0.0005404154,0.004370277,0.004633907,0.002126194,0.002191589,0.001565,0.001536,0,0,1.524e-23,1.178e-24
step4000,4000,Q,u,head,1024,256-512,6291456,0.000965482,0.001234461,0.0002821287,0.000895218,0.001132333,0.001859302,0.001817453,0.001565,0.001536,0,0,1.524e-23,1.178e-24
step4000,4000,Q,u,head,1024,512-1024,1.258291e+07,0.001736039,0.001998905,0.001402617,0.003102049,0.003365679,0.001977455,0.002086957,0.001565,0.001536,0,0,1.524e-23,1.178e-24
step4000,4000,Q,v,residual,1024,spike,786432,0.003194714,0.003458345,0.005129496,0.007947332,0.008216311,0.00211534,0.002585638,0.001565,0.001536,0,0,1.524e-23,1.178e-24
step4000,4000,Q,v,residual,1024,32-64,786432,0.003846071,0.004090924,0.001368205,0.005154123,0.005417976,0.002108438,0.002238137,0.001565,0.001536,0,0,1.524e-23,1.178e-24
step4000,4000,Q,v,residual,1024,64-128,1572864,0.001506851,0.00177583,0.002001444,0.003222193,0.003491172,0.0019603,0.002172107,0.001565,0.001536,0,0,1.524e-23,1.178e-24
step4000,4000,Q,v,residual,1024,128-256,3145728,0.0002421875,0.0003841026,0.001231511,0.001052334,0.001303445,0.001796949,0.00188714,0.001565,0.001536,0,0,1.524e-23,1.178e-24
step4000,4000,Q,v,residual,1024,256-512,6291456,0.0002252721,0.0002493895,0.0005165736,0.0006933762,0.000459179,0.001763866,0.001771087,0.001565,0.001536,0,0,1.524e-23,1.178e-24
step4000,4000,Q,v,residual,1024,512-1024,1.258291e+07,0.000244129,0.000240176,0.0008570353,0.000805686,0.001069539,0.001752445,0.001851945,0.001565,0.001536,0,0,1.524e-23,1.178e-24
step4000,4000,K,u,head,1024,spike,786432,0.03996458,0.04022821,0.01605097,0.05356602,0.053835,0.005758013,0.005511148,0.001565,0.001536,6.176177e-06,0.0001627604,1.524e-23,1.178e-24
step4000,4000,K,u,head,1024,32-64,786432,0.01978102,0.02004465,0.002173106,0.01824701,0.01851599,0.003767831,0.00403486,0.001565,0.001536,0,0,1.524e-23,1.178e-24
step4000,4000,K,u,head,1024,64-128,1572864,0.009040878,0.009309857,0.002768834,0.01136339,0.01163237,0.002697627,0.002949669,0.001565,0.001536,0,0,1.524e-23,1.178e-24
step4000,4000,K,u,head,1024,128-256,3145728,0.003568377,0.003837356,0.001097361,0.004205927,0.004469557,0.002060618,0.002142997,0.001565,0.001536,0,0,1.524e-23,1.178e-24
step4000,4000,K,u,head,1024,256-512,6291456,0.0005429036,0.0007990238,0.0002242724,0.0005392568,0.0007973603,0.00180333,0.001803375,0.001565,0.001536,0,0,1.524e-23,1.178e-24
step4000,4000,K,u,head,1024,512-1024,1.258291e+07,0.001448903,0.001709709,0.001723846,0.003145025,0.003414004,0.001938627,0.002043758,0.001565,0.001536,0,0,1.524e-23,1.178e-24
step4000,4000,K,v,residual,1024,spike,786432,0.0009494378,0.0007152405,0.006099701,0.005508469,0.005777448,0.001813434,0.002387637,0.001565,0.001536,0,0,1.524e-23,1.178e-24
step4000,4000,K,v,residual,1024,32-64,786432,0.002028688,0.002292319,0.002506256,0.00419367,0.004462649,0.001924424,0.002196902,0.001565,0.001536,0,0,1.524e-23,1.178e-24
step4000,4000,K,v,residual,1024,64-128,1572864,0.000722243,0.000931642,0.001866659,0.002317896,0.002581748,0.001761482,0.002031417,0.001565,0.001536,0,0,1.524e-23,1.178e-24
step4000,4000,K,v,residual,1024,128-256,3145728,0.000310467,0.0005151361,0.0008770625,0.0007355059,0.0009991365,0.001791818,0.001852626,0.001565,0.001536,0,0,1.524e-23,1.178e-24
step4000,4000,K,v,residual,1024,256-512,6291456,0.0002869947,0.0002859744,0.0002888044,0.000266448,0.0002783069,0.001723653,0.001782781,0.001565,0.001536,0,0,1.524e-23,1.178e-24
step4000,4000,K,v,residual,1024,512-1024,1.258291e+07,0.0003700594,0.0001619075,0.0004923344,0.0002234278,0.0004495882,0.001764967,0.001820224,0.001565,0.001536,0,0,1.524e-23,1.178e-24
step4000,4000,V,u,head,1024,spike,786432,0.03435521,0.03462419,0.01515706,0.01999965,0.02026351,0.00589843,0.004356203,0.001565,0.001536,0,0,1.524e-23,1.178e-24
step4000,4000,V,u,head,1024,32-64,786432,0.01479853,0.01506751,0.002427419,0.0125148,0.01278377,0.003650302,0.00336202,0.001565,0.001536,0,0,1.524e-23,1.178e-24
step4000,4000,V,u,head,1024,64-128,1572864,0.005306925,0.005575904,0.001986821,0.007263089,0.007526719,0.002454667,0.002690088,0.001565,0.001536,0,0,1.524e-23,1.178e-24
step4000,4000,V,u,head,1024,128-256,3145728,0.0008073466,0.0010522,0.002053897,0.002791133,0.003060112,0.001834097,0.002048129,0.001565,0.001536,0,0,1.524e-23,1.178e-24
step4000,4000,V,u,head,1024,256-512,6291456,0.0002980116,0.0001986129,0.0004712741,0.0003946162,0.0006457273,0.001768158,0.001774334,0.001565,0.001536,0,0,1.524e-23,1.178e-24
step4000,4000,V,u,head,1024,512-1024,1.258291e+07,0.0005661548,0.0008300075,0.001044035,0.001463318,0.001726949,0.001846688,0.001932383,0.001565,0.001536,0,0,1.524e-23,1.178e-24
step4000,4000,V,v,residual,1024,spike,786432,0.01339218,0.01366116,0.004132589,0.009595281,0.00986426,0.003032139,0.002768199,0.001565,0.001536,0,0,1.524e-23,1.178e-24
step4000,4000,V,v,residual,1024,32-64,786432,0.005844162,0.006113141,0.0007998149,0.005959874,0.006228853,0.002422696,0.002402351,0.001565,0.001536,0,0,1.524e-23,1.178e-24
step4000,4000,V,v,residual,1024,64-128,1572864,0.002132321,0.002395951,0.001704534,0.003387918,0.003651771,0.002036049,0.002149309,0.001565,0.001536,0,0,1.524e-23,1.178e-24
step4000,4000,V,v,residual,1024,128-256,3145728,0.0002698608,0.0004397324,0.001243591,0.001129935,0.001398175,0.001749811,0.001886322,0.001565,0.001536,0,0,1.524e-23,1.178e-24
step4000,4000,V,v,residual,1024,256-512,6291456,0.0002435311,0.0002574709,0.0001937548,0.0003574232,0.0002740836,0.00175987,0.001764615,0.001565,0.001536,0,0,1.524e-23,1.178e-24
step4000,4000,V,v,residual,1024,512-1024,1.258291e+07,0.0002176663,0.0004815191,0.0006755988,0.0006626904,0.0009316694,0.001803523,0.001842022,0.001565,0.001536,0,0,1.524e-23,1.178e-24
step4000,4000,O,u,residual,1024,spike,786432,0.0009879608,0.0008034815,0.006914775,0.005926814,0.006195793,0.001826332,0.002356211,0.001565,0.001536,1.271566e-06,3.814697e-06,1.524e-23,1.178e-24
step4000,4000,O,u,residual,1024,32-64,786432,0.000550627,0.0006698009,0.003276825,0.003339177,0.003608156,0.001825242,0.002107166,0.001565,0.001536,0,0,1.524e-23,1.178e-24
step4000,4000,O,u,residual,1024,64-128,1572864,0.0005484757,0.0007995867,0.001914978,0.002087957,0.002356936,0.001813798,0.002017884,0.001565,0.001536,0,0,1.524e-23,1.178e-24
step4000,4000,O,u,residual,1024,128-256,3145728,0.0003005636,0.0004273346,0.0008713404,0.0008286401,0.001004091,0.001771019,0.001874379,0.001565,0.001536,0,0,1.524e-23,1.178e-24
step4000,4000,O,u,residual,1024,256-512,6291456,0.0004119312,0.0002364802,0.0004787445,0.0002105481,0.0004447453,0.001750946,0.001765047,0.001565,0.001536,0,0,1.524e-23,1.178e-24
step4000,4000,O,u,residual,1024,512-1024,1.258291e+07,0.0001230338,0.0002204668,0.0003701051,0.0003006793,0.0005663327,0.001775265,0.001800117,0.001565,0.001536,0,0,1.524e-23,1.178e-24
step4000,4000,O,v,head,1024,spike,786432,0.05319854,0.05346752,0.03239695,0.08541034,0.08567397,0.007991064,0.01089005,0.001565,0.001536,7.26609e-07,2.361479e-05,1.524e-23,1.178e-24
step4000,4000,O,v,head,1024,32-64,786432,0.04571283,0.04598181,0.009958903,0.05528313,0.05554676,0.006948199,0.007977804,0.001565,0.001536,0,0,1.524e-23,1.178e-24
step4000,4000,O,v,head,1024,64-128,1572864,0.03310512,0.03336875,0.0009924571,0.03343191,0.03369554,0.005489259,0.005311784,0.001565,0.001536,0,0,1.524e-23,1.178e-24
step4000,4000,O,v,head,1024,128-256,3145728,0.01466438,0.01493336,0.001824061,0.01284032,0.0131093,0.003260022,0.00295085,0.001565,0.001536,0,0,1.524e-23,1.178e-24
step4000,4000,O,v,head,1024,256-512,6291456,0.003515467,0.003779097,0.001400948,0.002323355,0.002592334,0.002051603,0.001952921,0.001565,0.001536,0,0,1.524e-23,1.178e-24
step4000,4000,O,v,head,1024,512-1024,1.258291e+07,0.007523026,0.007792005,0.0008536975,0.008216586,0.008485565,0.002478634,0.002517961,0.001565,0.001536,0,0,1.524e-23,1.178e-24
step4000,4000,MLP_IN,u,hidden,4096,spike,3145728,0.008225947,0.008265232,0.00816981,0.002498458,0.00256557,0.00253037,0.002038002,0.001565,0.001558,3.769284e-06,2.906436e-06,1.524e-23,8.299e-24
step4000,4000,MLP_IN,u,hidden,4096,32-64,3145728,0.001455102,0.001517857,0.0005283356,0.001757022,0.00181076,0.001917249,0.001975014,0.001565,0.001558,0,0,1.524e-23,8.299e-24
step4000,4000,MLP_IN,u,hidden,4096,64-128,6291456,0.0006649157,0.0007321307,0.001127561,0.001543194,0.001609125,0.001846858,0.001946994,0.001565,0.001558,0,0,1.524e-23,8.299e-24
step4000,4000,MLP_IN,u,hidden,4096,128-256,1.258291e+07,0.0005409619,0.0006068926,0.0005760193,0.001004757,0.001065937,0.001814672,0.001875832,0.001565,0.001558,0,0,1.524e-23,8.299e-24
step4000,4000,MLP_IN,u,hidden,4096,256-512,2.516582e+07,0.00019689,0.0002590071,0.0003370444,0.0004530991,0.0005189805,0.001786482,0.001807429,0.001565,0.001558,0,0,1.524e-23,8.299e-24
step4000,4000,MLP_IN,u,hidden,4096,512-1024,5.033165e+07,0.0001353441,0.0001005309,0.000145634,5.144802e-05,0.0001038182,0.001776948,0.001779539,0.001565,0.001558,0,0,1.524e-23,8.299e-24
step4000,4000,MLP_IN,v,residual,1024,spike,786432,0.0009080812,0.0009317611,0.006868998,0.006203165,0.006467017,0.001912617,0.002425603,0.001565,0.001536,0,0,1.524e-23,1.178e-24
step4000,4000,MLP_IN,v,residual,1024,32-64,786432,0.005154197,0.005417827,0.0007909139,0.004709149,0.004972779,0.00223069,0.00223069,0.001565,0.001536,0,0,1.524e-23,1.178e-24
step4000,4000,MLP_IN,v,residual,1024,64-128,1572864,0.003388518,0.003639629,0.0004444122,0.003566537,0.003817648,0.002104078,0.002094905,0.001565,0.001536,0,0,1.524e-23,1.178e-24
step4000,4000,MLP_IN,v,residual,1024,128-256,3145728,0.001533022,0.001796874,0.0003951391,0.001593067,0.001844178,0.001883507,0.001906395,0.001565,0.001536,0,0,1.524e-23,1.178e-24
step4000,4000,MLP_IN,v,residual,1024,256-512,6291456,0.0002805276,0.0003407585,0.0003708204,0.0002100471,0.0004390117,0.001771586,0.001784234,0.001565,0.001536,0,0,1.524e-23,1.178e-24
step4000,4000,MLP_IN,v,residual,1024,512-1024,1.258291e+07,0.0006609604,0.0009245909,0.0004863739,0.001070163,0.001325044,0.001854272,0.001906395,0.001565,0.001536,0,0,1.524e-23,1.178e-24
step4000,4000,MLP_OUT,u,residual,1024,spike,786432,0.001621117,0.001778336,0.01279195,0.01427464,0.01454362,0.001924424,0.002817971,0.001565,0.001536,1.053583e-05,2.706619e-05,1.524e-23,1.178e-24
step4000,4000,MLP_OUT,u,residual,1024,32-64,786432,0.001332647,0.001601626,0.005420685,0.006680852,0.006949831,0.00187011,0.002487728,0.001565,0.001536,0,0,1.524e-23,1.178e-24
step4000,4000,MLP_OUT,u,residual,1024,64-128,1572864,0.001764343,0.002033322,0.002946218,0.004710561,0.00497954,0.001952035,0.002216067,0.001565,0.001536,0,0,1.524e-23,1.178e-24
step4000,4000,MLP_OUT,u,residual,1024,128-256,3145728,0.001423246,0.001692225,0.0007553101,0.001549198,0.001800309,0.001914433,0.001953307,0.001565,0.001536,0,0,1.524e-23,1.178e-24
step4000,4000,MLP_OUT,u,residual,1024,256-512,6291456,0.0002636811,0.0005275338,0.0003499985,0.0004659738,0.0007116897,0.001785574,0.001806713,0.001565,0.001536,0,0,1.524e-23,1.178e-24
step4000,4000,MLP_OUT,u,residual,1024,512-1024,1.258291e+07,0.0006700652,0.0008272839,0.001756668,0.001512891,0.00178187,0.001870689,0.001925503,0.001565,0.001536,0,0,1.524e-23,1.178e-24
step4000,4000,MLP_OUT,v,hidden,4096,spike,3145728,0.008110831,0.008176762,0.003142675,0.005203929,0.005271144,0.002883139,0.002327192,0.001565,0.001558,1.907349e-06,2.588545e-06,1.524e-23,8.299e-24
step4000,4000,MLP_OUT,v,hidden,4096,32-64,3145728,0.003007935,0.00307515,0.001215299,0.00407965,0.004145581,0.002074877,0.002237956,0.001565,0.001558,0,0,1.524e-23,8.299e-24
step4000,4000,MLP_OUT,v,hidden,4096,64-128,6291456,0.002281143,0.002343898,0.0008074443,0.002828588,0.002894519,0.001991613,0.00212406,0.001565,0.001558,0,0,1.524e-23,8.299e-24
step4000,4000,MLP_OUT,v,hidden,4096,128-256,1.258291e+07,0.001999424,0.002066639,0.0003257593,0.002084221,0.002151436,0.001942521,0.001982485,0.001565,0.001558,0,0,1.524e-23,8.299e-24
step4000,4000,MLP_OUT,v,hidden,4096,256-512,2.516582e+07,0.001623337,0.001689218,0.0006626447,0.0009695988,0.001035529,0.001891715,0.001876962,0.001565,0.001558,0,0,1.524e-23,8.299e-24
step4000,4000,MLP_OUT,v,hidden,4096,512-1024,5.033165e+07,0.000490894,0.0005568247,0.0003695687,0.0001599351,0.0002136733,0.001810826,0.001795553,0.001565,0.001558,0,0,1.524e-23,8.299e-24
step6000,6000,Q,u,head,1024,spike,786432,0.04190499,0.04216862,0.01700083,0.05641688,0.05668585,0.005807967,0.00600288,0.001565,0.001536,7.26609e-07,0.0001445952,1.524e-23,1.178e-24
step6000,6000,Q,u,head,1024,32-64,786432,0.02619734,0.02646097,0.001202901,0.02553612,0.02579975,0.004189264,0.004421779,0.001565,0.001536,0,0,1.524e-23,1.178e-24
step6000,6000,Q,u,head,1024,64-128,1572864,0.0175367,0.01780033,0.001810074,0.01626132,0.01652495,0.003387996,0.003263474,0.001565,0.001536,0,0,1.524e-23,1.178e-24
step6000,6000,Q,u,head,1024,128-256,3145728,0.00948515,0.00974878,0.002334595,0.007339701,0.007603331,0.002610706,0.00233732,0.001565,0.001536,0,0,1.524e-23,1.178e-24
step6000,6000,Q,u,head,1024,256-512,6291456,0.003004279,0.003273258,0.001316865,0.001865023,0.002116134,0.001994292,0.001877126,0.001565,0.001536,0,0,1.524e-23,1.178e-24
step6000,6000,Q,u,head,1024,512-1024,1.258291e+07,0.003946032,0.004215011,0.000529925,0.004475957,0.004744936,0.002295721,0.002259913,0.001565,0.001536,0,0,1.524e-23,1.178e-24
step6000,6000,Q,v,residual,1024,spike,786432,0.003751541,0.003985738,0.006909688,0.01017384,0.01044282,0.002098083,0.002794902,0.001565,0.001536,0,0,1.524e-23,1.178e-24
step6000,6000,Q,v,residual,1024,32-64,786432,0.006242657,0.006506288,0.001729329,0.007132258,0.007401237,0.002246857,0.002519698,0.001565,0.001536,0,0,1.524e-23,1.178e-24
step6000,6000,Q,v,residual,1024,64-128,1572864,0.00355266,0.00381629,0.001077016,0.004504567,0.004773546,0.002064659,0.002196267,0.001565,0.001536,0,0,1.524e-23,1.178e-24
step6000,6000,Q,v,residual,1024,128-256,3145728,0.0008835332,0.001134644,0.001325289,0.002084955,0.002348586,0.001822472,0.001967476,0.001565,0.001536,0,0,1.524e-23,1.178e-24
step6000,6000,Q,v,residual,1024,256-512,6291456,0.0002806524,0.0002005109,0.0004925728,0.0003490805,0.0005769038,0.001747222,0.001782054,0.001565,0.001536,0,0,1.524e-23,1.178e-24
step6000,6000,Q,v,residual,1024,512-1024,1.258291e+07,0.0004395978,0.0006907089,0.0006883939,0.0009577732,0.001226752,0.001806395,0.001886595,0.001565,0.001536,0,0,1.524e-23,1.178e-24
step6000,6000,K,u,head,1024,spike,786432,0.0463453,0.04660893,0.02817154,0.07234451,0.07261349,0.006101881,0.006354196,0.001565,0.001536,4.178002e-06,0.0002245222,1.524e-23,1.178e-24
step6000,6000,K,u,head,1024,32-64,786432,0.02710142,0.02736505,0.001224518,0.02760447,0.02787345,0.004393986,0.004677545,0.001565,0.001536,0,0,1.524e-23,1.178e-24
step6000,6000,K,u,head,1024,64-128,1572864,0.01740142,0.0176704,0.0009860992,0.01725392,0.0175229,0.003492628,0.003379095,0.001565,0.001536,0,0,1.524e-23,1.178e-24
step6000,6000,K,u,head,1024,128-256,3145728,0.00832594,0.008594919,0.0007200241,0.007821129,0.008090108,0.002594403,0.002381098,0.001565,0.001536,0,0,1.524e-23,1.178e-24
step6000,6000,K,u,head,1024,256-512,6291456,0.001811073,0.002080052,0.0004620552,0.001965954,0.002217065,0.001927898,0.00188253,0.001565,0.001536,0,0,1.524e-23,1.178e-24
step6000,6000,K,u,head,1024,512-1024,1.258291e+07,0.003368129,0.003631982,0.001778682,0.004786555,0.005050186,0.002174071,0.002256723,0.001565,0.001536,0,0,1.524e-23,1.178e-24
step6000,6000,K,v,residual,1024,spike,786432,0.00122201,0.001065284,0.007110596,0.006701197,0.006970176,0.001813253,0.002638499,0.001565,0.001536,0,0,1.524e-23,1.178e-24
step6000,6000,K,v,residual,1024,32-64,786432,0.002691305,0.002906323,0.002947489,0.0050512,0.005314831,0.001946586,0.002375285,0.001565,0.001536,0,0,1.524e-23,1.178e-24
step6000,6000,K,v,residual,1024,64-128,1572864,0.00142533,0.001688961,0.002092361,0.003517692,0.003781322,0.00183823,0.002114523,0.001565,0.001536,0,0,1.524e-23,1.178e-24
step6000,6000,K,v,residual,1024,128-256,3145728,0.0004481912,0.0003490957,0.001514117,0.001183556,0.001452535,0.00177883,0.001830782,0.001565,0.001536,0,0,1.524e-23,1.178e-24
step6000,6000,K,v,residual,1024,256-512,6291456,0.0003954633,0.0002698935,0.0003061295,0.000422442,0.000212589,0.00178244,0.001750537,0.001565,0.001536,0,0,1.524e-23,1.178e-24
step6000,6000,K,v,residual,1024,512-1024,1.258291e+07,0.0001290793,0.0002034596,0.0005987485,0.0004696692,0.0007332997,0.001768237,0.00182372,0.001565,0.001536,0,0,1.524e-23,1.178e-24
step6000,6000,V,u,head,1024,spike,786432,0.04734093,0.04760456,0.01541773,0.03243387,0.03270285,0.00719797,0.005868821,0.001565,0.001536,0,7.26609e-07,1.524e-23,1.178e-24
step6000,6000,V,u,head,1024,32-64,786432,0.02526147,0.0255251,0.005072276,0.0204748,0.02074378,0.004810333,0.004249391,0.001565,0.001536,0,0,1.524e-23,1.178e-24
step6000,6000,V,u,head,1024,64-128,1572864,0.01121398,0.01148296,0.0008519491,0.01199854,0.01226752,0.003089814,0.003122239,0.001565,0.001536,0,0,1.524e-23,1.178e-24
step6000,6000,V,u,head,1024,128-256,3145728,0.002924115,0.003187967,0.001504898,0.00418159,0.004450569,0.002051671,0.002214977,0.001565,0.001536,0,0,1.524e-23,1.178e-24
step6000,6000,V,u,head,1024,256-512,6291456,0.0007855555,0.001054534,0.000793457,0.0001767378,0.0004405905,0.001830078,0.001767386,0.001565,0.001536,0,0,1.524e-23,1.178e-24
step6000,6000,V,u,head,1024,512-1024,1.258291e+07,0.00136086,0.001629838,0.001555363,0.002811973,0.003075603,0.001894099,0.00203144,0.001565,0.001536,0,0,1.524e-23,1.178e-24
step6000,6000,V,v,residual,1024,spike,786432,0.02070417,0.02096781,0.003295898,0.01740828,0.01767191,0.003411429,0.003485725,0.001565,0.001536,0,0,1.524e-23,1.178e-24
step6000,6000,V,v,residual,1024,32-64,786432,0.01229482,0.01256379,0.001359304,0.01348168,0.01374531,0.002847944,0.002998715,0.001565,0.001536,0,0,1.524e-23,1.178e-24
step6000,6000,V,v,residual,1024,64-128,1572864,0.006926014,0.007177125,0.002167384,0.008637577,0.00890143,0.002356847,0.002547854,0.001565,0.001536,0,0,1.524e-23,1.178e-24
step6000,6000,V,v,residual,1024,128-256,3145728,0.001707618,0.001971248,0.002362251,0.003926426,0.004190279,0.001935596,0.00210535,0.001565,0.001536,0,0,1.524e-23,1.178e-24
step6000,6000,V,v,residual,1024,256-512,6291456,0.000269208,0.0005203191,0.0003183683,0.0002520816,0.0004614806,0.001766659,0.001806781,0.001565,0.001536,0,0,1.524e-23,1.178e-24
step6000,6000,V,v,residual,1024,512-1024,1.258291e+07,0.001022956,0.00128429,0.0009784698,0.001993781,0.00226276,0.001906304,0.001982587,0.001565,0.001536,9.082613e-08,0,1.524e-23,1.178e-24
step6000,6000,O,u,residual,1024,spike,786432,0.002313519,0.00257715,0.004877726,0.006992386,0.007261365,0.001906259,0.002360571,0.001565,0.001536,3.814697e-06,1.398722e-05,1.524e-23,1.178e-24
step6000,6000,O,u,residual,1024,32-64,786432,0.0006343819,0.0007916006,0.003625234,0.003544321,0.003808173,0.00185249,0.002097175,0.001565,0.001536,0,0,1.524e-23,1.178e-24
step6000,6000,O,u,residual,1024,64-128,1572864,0.0009731696,0.001207367,0.001326243,0.002051576,0.002315207,0.001804715,0.001990818,0.001565,0.001536,0,0,1.524e-23,1.178e-24
step6000,6000,O,u,residual,1024,128-256,3145728,0.0003838423,0.0003633288,0.0007734299,0.0007190641,0.0009284631,0.001733008,0.001832735,0.001565,0.001536,0,0,1.524e-23,1.178e-24
step6000,6000,O,u,residual,1024,256-512,6291456,0.0002621043,0.0002996057,0.0004913012,0.0005026812,0.0003043513,0.001747835,0.001762617,0.001565,0.001536,0,0,1.524e-23,1.178e-24
step6000,6000,O,u,residual,1024,512-1024,1.258291e+07,0.0001551865,0.0003285511,0.0004772345,0.0004225235,0.0006915024,0.001750833,0.001806804,0.001565,0.001536,0,0,1.524e-23,1.178e-24
step6000,6000,O,v,head,1024,spike,786432,0.0533974,0.05366103,0.0185674,0.07187784,0.07214682,0.007725489,0.00979251,0.001565,0.001536,7.26609e-07,7.629395e-06,1.524e-23,1.178e-24
step6000,6000,O,v,head,1024,32-64,786432,0.03896386,0.03922749,0.009462992,0.04767486,0.04794384,0.006336939,0.007169633,0.001565,0.001536,0,0,1.524e-23,1.178e-24
step6000,6000,O,v,head,1024,64-128,1572864,0.02991299,0.03018197,0.001404444,0.0294991,0.02976808,0.005049569,0.004811786,0.001565,0.001536,0,0,1.524e-23,1.178e-24
step6000,6000,O,v,head,1024,128-256,3145728,0.01562854,0.01589752,0.005092621,0.01065531,0.01092347,0.003398396,0.002817199,0.001565,0.001536,0,0,1.524e-23,1.178e-24
step6000,6000,O,v,head,1024,256-512,6291456,0.003613377,0.003877008,0.001798153,0.001840814,0.002104445,0.002104532,0.001923493,0.001565,0.001536,0,0,1.524e-23,1.178e-24
step6000,6000,O,v,head,1024,512-1024,1.258291e+07,0.007667428,0.007936407,0.0005548795,0.007155703,0.007424682,0.002523831,0.002448468,0.001565,0.001536,0,0,1.524e-23,1.178e-24
step6000,6000,MLP_IN,u,hidden,4096,spike,3145728,0.009355098,0.009394383,0.008804957,0.004925774,0.004992989,0.002711069,0.002158846,0.001565,0.001558,6.494068e-06,7.674808e-06,1.524e-23,8.299e-24
step6000,6000,MLP_IN,u,hidden,4096,32-64,3145728,0.002124832,0.002192047,0.0008176168,0.002633,0.002698881,0.001969973,0.002078874,0.001565,0.001558,0,0,1.524e-23,8.299e-24
step6000,6000,MLP_IN,u,hidden,4096,64-128,6291456,0.001086917,0.001154132,0.001091639,0.002138819,0.002206034,0.001907848,0.001998947,0.001565,0.001558,0,0,1.524e-23,8.299e-24
step6000,6000,MLP_IN,u,hidden,4096,128-256,1.258291e+07,0.001010861,0.001078076,0.0005838871,0.001343076,0.001408957,0.001883495,0.0019254,0.001565,0.001558,0,0,1.524e-23,8.299e-24
step6000,6000,MLP_IN,u,hidden,4096,256-512,2.516582e+07,0.0005720394,0.0006347946,0.0001626015,0.0006783863,0.0007456013,0.001824055,0.001844979,0.001565,0.001558,0,0,1.524e-23,8.299e-24
step6000,6000,MLP_IN,u,hidden,4096,512-1024,5.033165e+07,0.0001655664,0.0002279509,0.0001432498,0.0001601196,0.0002212999,0.001795022,0.001783612,0.001565,0.001558,7.095791e-08,0,1.524e-23,8.299e-24
step6000,6000,MLP_IN,v,residual,1024,spike,786432,0.0009901279,0.0007559306,0.01059087,0.01027938,0.01054836,0.001951308,0.002718971,0.001565,0.001536,0,0,1.524e-23,1.178e-24
step6000,6000,MLP_IN,v,residual,1024,32-64,786432,0.007143702,0.007412681,0.002206167,0.008085932,0.008354911,0.002343496,0.002554757,0.001565,0.001536,0,0,1.524e-23,1.178e-24
step6000,6000,MLP_IN,v,residual,1024,64-128,1572864,0.005652577,0.00591643,0.0004418691,0.005735192,0.005986303,0.00222197,0.002276738,0.001565,0.001536,0,0,1.524e-23,1.178e-24
step6000,6000,MLP_IN,v,residual,1024,128-256,3145728,0.003444259,0.003707889,0.000770251,0.003109519,0.00337315,0.002029328,0.0019806,0.001565,0.001536,0,0,1.524e-23,1.178e-24
step6000,6000,MLP_IN,v,residual,1024,256-512,6291456,0.0006595219,0.0008786671,0.0003080368,0.0005842295,0.0008184267,0.001798675,0.001819883,0.001565,0.001536,0,0,1.524e-23,1.178e-24
step6000,6000,MLP_IN,v,residual,1024,512-1024,1.258291e+07,0.001694407,0.001963386,0.0004078547,0.001867022,0.002136001,0.001973254,0.002033415,0.001565,0.001536,3.292447e-07,1.248859e-07,1.524e-23,1.178e-24
step6000,6000,MLP_OUT,u,residual,1024,spike,786432,0.006014937,0.006266048,0.01418813,0.01988656,0.02015019,0.002158937,0.002846491,0.001565,0.001536,3.378732e-05,4.523141e-05,1.524e-23,1.178e-24
step6000,6000,MLP_OUT,u,residual,1024,32-64,786432,0.002490193,0.002754045,0.00405248,0.006031577,0.006295208,0.002015068,0.002469744,0.001565,0.001536,0,0,1.524e-23,1.178e-24
step6000,6000,MLP_OUT,u,residual,1024,64-128,1572864,0.001940241,0.002204093,0.001720428,0.003541142,0.003804995,0.001967476,0.002185186,0.001565,0.001536,0,0,1.524e-23,1.178e-24
step6000,6000,MLP_OUT,u,residual,1024,128-256,3145728,0.001351469,0.001605038,0.0003789266,0.001494771,0.00176375,0.001879828,0.001911436,0.001565,0.001536,0,0,1.524e-23,1.178e-24
step6000,6000,MLP_OUT,u,residual,1024,256-512,6291456,0.0003951748,0.0006101927,0.0002760887,0.0003980358,0.0006130537,0.0017769,0.001781963,0.001565,0.001536,0,0,1.524e-23,1.178e-24
step6000,6000,MLP_OUT,u,residual,1024,512-1024,1.258291e+07,0.0008420445,0.001016678,0.001753807,0.001558191,0.00182717,0.001859529,0.001917578,0.001565,0.001536,0,0,1.524e-23,1.178e-24
step6000,6000,MLP_OUT,v,hidden,4096,spike,3145728,0.01158433,0.01165154,0.006494204,0.005301307,0.005367237,0.003320921,0.002405893,0.001565,0.001558,4.677545e-06,4.722959e-06,1.524e-23,8.299e-24
step6000,6000,MLP_OUT,v,hidden,4096,32-64,3145728,0.00333727,0.003404485,0.0006999969,0.003975914,0.004043129,0.002209663,0.002235685,0.001565,0.001558,1.816523e-07,0,1.524e-23,8.299e-24
step6000,6000,MLP_OUT,v,hidden,4096,64-128,6291456,0.002364541,0.002430422,0.0009671847,0.00309283,0.003158711,0.002008892,0.002108846,0.001565,0.001558,0,0,1.524e-23,8.299e-24
step6000,6000,MLP_OUT,v,hidden,4096,128-256,1.258291e+07,0.001997614,0.002063496,0.0003046195,0.002242868,0.002308749,0.001959846,0.001999514,0.001565,0.001558,0,0,1.524e-23,8.299e-24
step6000,6000,MLP_OUT,v,hidden,4096,256-512,2.516582e+07,0.001554871,0.001620753,0.0005277395,0.001122401,0.001189616,0.001898885,0.001880402,0.001565,0.001558,0,0,1.524e-23,8.299e-24
step6000,6000,MLP_OUT,v,hidden,4096,512-1024,5.033165e+07,0.0006976571,0.0007561872,0.0005619725,0.0001841828,0.0002500642,0.001813687,0.00178737,0.001565,0.001558,0,0,1.524e-23,8.299e-24
step8000,8000,Q,u,head,1024,spike,786432,0.04314477,0.0434084,0.02124914,0.06378991,0.06405354,0.005837758,0.006209237,0.001565,0.001536,7.26609e-07,0.0001696632,1.524e-23,1.178e-24
step8000,8000,Q,u,head,1024,32-64,786432,0.02761132,0.02787495,0.001799266,0.02921476,0.02947839,0.004247393,0.004505157,0.001565,0.001536,0,0,1.524e-23,1.178e-24
step8000,8000,Q,u,head,1024,64-128,1572864,0.02284422,0.02310785,0.003427505,0.01985858,0.02012221,0.003902889,0.003428595,0.001565,0.001536,0,0,1.524e-23,1.178e-24
step8000,8000,Q,u,head,1024,128-256,3145728,0.0146423,0.01490593,0.005044937,0.009597366,0.009860996,0.00296729,0.002462977,0.001565,0.001536,0,0,1.524e-23,1.178e-24
step8000,8000,Q,u,head,1024,256-512,6291456,0.004583246,0.004852225,0.00230964,0.002436225,0.002699856,0.002143269,0.001919292,0.001565,0.001536,0,0,1.524e-23,1.178e-24
step8000,8000,Q,u,head,1024,512-1024,1.258291e+07,0.00649123,0.006760209,0.0008763472,0.005755629,0.006024608,0.00259178,0.002425478,0.001565,0.001536,0,0,1.524e-23,1.178e-24
step8000,8000,Q,v,residual,1024,spike,786432,0.002912316,0.003163427,0.007678986,0.01005481,0.01031844,0.002032144,0.002796718,0.001565,0.001536,0,0,1.524e-23,1.178e-24
step8000,8000,Q,v,residual,1024,32-64,786432,0.005886619,0.006150249,0.002816518,0.008287335,0.008550965,0.002143497,0.002585638,0.001565,0.001536,0,0,1.524e-23,1.178e-24
step8000,8000,Q,v,residual,1024,64-128,1572864,0.004426787,0.00469064,0.001332601,0.005216644,0.005485623,0.002164477,0.002291634,0.001565,0.001536,0,0,1.524e-23,1.178e-24
step8000,8000,Q,v,residual,1024,128-256,3145728,0.001802985,0.002066616,0.0005019506,0.002197171,0.002460801,0.001930827,0.001957757,0.001565,0.001536,0,0,1.524e-23,1.178e-24
step8000,8000,Q,v,residual,1024,256-512,6291456,0.0002684387,0.0002678387,0.000465552,0.0002031298,0.0003722439,0.001758189,0.001776082,0.001565,0.001536,0,0,1.524e-23,1.178e-24
step8000,8000,Q,v,residual,1024,512-1024,1.258291e+07,0.0005133765,0.0007587204,0.0006586711,0.001115288,0.001384267,0.001837061,0.001906656,0.001565,0.001536,0,0,1.524e-23,1.178e-24
step8000,8000,K,u,head,1024,spike,786432,0.04991204,0.05017567,0.03805415,0.08702523,0.08728886,0.006227947,0.006659735,0.001565,0.001536,2.906436e-06,0.0003249759,1.524e-23,1.178e-24
step8000,8000,K,u,head,1024,32-64,786432,0.0311272,0.03139083,0.00415802,0.03462909,0.03489272,0.004582723,0.005162375,0.001565,0.001536,0,0,1.524e-23,1.178e-24
step8000,8000,K,u,head,1024,64-128,1572864,0.02423722,0.02450085,0.001796722,0.02254159,0.02280522,0.003966104,0.003681546,0.001565,0.001536,0,0,1.524e-23,1.178e-24
step8000,8000,K,u,head,1024,128-256,3145728,0.0146968,0.01496578,0.003640811,0.01131938,0.01158301,0.003040087,0.002599307,0.001565,0.001536,0,0,1.524e-23,1.178e-24
step8000,8000,K,u,head,1024,256-512,6291456,0.003239696,0.003503326,0.0006205241,0.002855206,0.003118837,0.002054124,0.001950514,0.001565,0.001536,0,0,1.524e-23,1.178e-24
step8000,8000,K,u,head,1024,512-1024,1.258291e+07,0.006156967,0.006425946,0.0006925265,0.006602272,0.006865902,0.002501068,0.00247575,0.001565,0.001536,0,0,1.524e-23,1.178e-24
step8000,8000,K,v,residual,1024,spike,786432,0.0007510645,0.0005286832,0.007640839,0.00696745,0.00723108,0.001752036,0.002594357,0.001565,0.001536,0,0,1.524e-23,1.178e-24
step8000,8000,K,v,residual,1024,32-64,786432,0.002791554,0.003055407,0.003445943,0.005947654,0.006211284,0.001918611,0.002357301,0.001565,0.001536,0,0,1.524e-23,1.178e-24
step8000,8000,K,v,residual,1024,64-128,1572864,0.002152547,0.002386744,0.001633962,0.003266052,0.003511836,0.001864479,0.002123515,0.001565,0.001536,0,0,1.524e-23,1.178e-24
step8000,8000,K,v,residual,1024,128-256,3145728,0.0004623271,0.0007134381,0.0006526311,0.00101857,0.001287549,0.001821836,0.001851264,0.001565,0.001536,0,0,1.524e-23,1.178e-24
step8000,8000,K,v,residual,1024,256-512,6291456,0.000192177,0.0004011942,0.000497659,0.0003570381,0.000128936,0.001779829,0.001753421,0.001565,0.001536,0,0,1.524e-23,1.178e-24
step8000,8000,K,v,residual,1024,512-1024,1.258291e+07,0.0001537566,0.0003818774,0.0004398823,0.0005241876,0.0007878181,0.001797426,0.001819565,0.001565,0.001536,0,0,1.524e-23,1.178e-24
step8000,8000,V,u,head,1024,spike,786432,0.05096744,0.05123107,0.01279577,0.03876754,0.03903652,0.007363637,0.006626492,0.001565,0.001536,0,7.26609e-07,1.524e-23,1.178e-24
step8000,8000,V,u,head,1024,32-64,786432,0.03013361,0.03040259,0.005341848,0.02482355,0.02509253,0.00518163,0.004740942,0.001565,0.001536,0,0,1.524e-23,1.178e-24
step8000,8000,V,u,head,1024,64-128,1572864,0.01553349,0.01580247,0.001356125,0.01417737,0.01444635,0.003606615,0.003406888,0.001565,0.001536,0,0,1.524e-23,1.178e-24
step8000,8000,V,u,head,1024,128-256,3145728,0.004998571,0.00526755,0.0003531774,0.004909982,0.005173835,0.002334686,0.002286729,0.001565,0.001536,0,0,1.524e-23,1.178e-24
step8000,8000,V,u,head,1024,256-512,6291456,0.0006691516,0.0009330044,0.000342528,0.0006228106,0.0008676636,0.001827149,0.001801945,0.001565,0.001536,0,0,1.524e-23,1.178e-24
step8000,8000,V,u,head,1024,512-1024,1.258291e+07,0.002047682,0.002311313,0.001522938,0.003480425,0.003744277,0.001968429,0.002111072,0.001565,0.001536,0,0,1.524e-23,1.178e-24
step8000,8000,V,v,residual,1024,spike,786432,0.02258355,0.02284718,0.002295176,0.0237216,0.02398523,0.003464108,0.003916241,0.001565,0.001536,0,0,1.524e-23,1.178e-24
step8000,8000,V,v,residual,1024,32-64,786432,0.01709929,0.01736292,0.001979828,0.01789529,0.01815892,0.003075918,0.003308432,0.001565,0.001536,0,0,1.524e-23,1.178e-24
step8000,8000,V,v,residual,1024,64-128,1572864,0.01093092,0.01119455,0.002003352,0.01266993,0.01293891,0.00264958,0.002883548,0.001565,0.001536,0,0,1.524e-23,1.178e-24
step8000,8000,V,v,residual,1024,128-256,3145728,0.004039877,0.004290988,0.0020895,0.005767409,0.00603104,0.002090454,0.002210662,0.001565,0.001536,0,0,1.524e-23,1.178e-24
step8000,8000,V,v,residual,1024,256-512,6291456,0.0003448093,0.0005202604,0.0006052653,0.0005987387,0.0008625914,0.001783462,0.001820746,0.001565,0.001536,0,0,1.524e-23,1.178e-24
step8000,8000,V,v,residual,1024,512-1024,1.258291e+07,0.002042358,0.002305988,0.001232306,0.003133502,0.003402481,0.002013536,0.002145654,0.001565,0.001536,6.811959e-07,0,1.524e-23,1.178e-24
step8000,8000,O,u,residual,1024,spike,786432,0.003360018,0.003623648,0.004800161,0.007595108,0.007864087,0.002028511,0.002442133,0.001565,0.001536,1.071748e-05,2.107166e-05,1.524e-23,1.178e-24
step8000,8000,O,u,residual,1024,32-64,786432,0.001565728,0.001816839,0.002639771,0.003602392,0.00387137,0.001942226,0.002146766,0.001565,0.001536,0,0,1.524e-23,1.178e-24
step8000,8000,O,u,residual,1024,64-128,1572864,0.0007215187,0.0009851492,0.001824697,0.00181372,0.002077572,0.001826513,0.001972743,0.001565,0.001536,0,0,1.524e-23,1.178e-24
step8000,8000,O,u,residual,1024,128-256,3145728,0.0001684467,0.0003413943,0.0008821487,0.000845637,0.001114616,0.00178001,0.001839229,0.001565,0.001536,0,0,1.524e-23,1.178e-24
step8000,8000,O,u,residual,1024,256-512,6291456,0.00029402,0.0002292883,0.0003412565,0.0001597014,0.0003224939,0.001760256,0.001768748,0.001565,0.001536,0,0,1.524e-23,1.178e-24
step8000,8000,O,u,residual,1024,512-1024,1.258291e+07,0.0002404553,0.000249375,0.0005464554,0.0003804267,0.0006442795,0.001757554,0.001812958,0.001565,0.001536,0,0,1.524e-23,1.178e-24
step8000,8000,O,v,head,1024,spike,786432,0.04800342,0.04826705,0.01418432,0.06143066,0.06169964,0.006952195,0.008816855,0.001565,0.001536,0,2.543132e-06,1.524e-23,1.178e-24
step8000,8000,O,v,head,1024,32-64,786432,0.03511815,0.03538713,0.006259918,0.04081349,0.04108247,0.00575983,0.006337302,0.001565,0.001536,0,0,1.524e-23,1.178e-24
step8000,8000,O,v,head,1024,64-128,1572864,0.0267665,0.02703548,0.002222061,0.0247592,0.02502283,0.004753839,0.004314513,0.001565,0.001536,0,0,1.524e-23,1.178e-24
step8000,8000,O,v,head,1024,128-256,3145728,0.01506047,0.01532945,0.006059011,0.009016719,0.009285697,0.003358977,0.002606437,0.001565,0.001536,0,0,1.524e-23,1.178e-24
step8000,8000,O,v,head,1024,256-512,6291456,0.004205927,0.004469557,0.002833366,0.001406575,0.001670205,0.002129577,0.001901309,0.001565,0.001536,0,0,1.524e-23,1.178e-24
step8000,8000,O,v,head,1024,512-1024,1.258291e+07,0.007336344,0.007605323,0.001459757,0.005910283,0.006179262,0.002499194,0.002344949,0.001565,0.001536,0,0,1.524e-23,1.178e-24
step8000,8000,MLP_IN,u,hidden,4096,spike,3145728,0.009317269,0.009356554,0.009702365,0.00712145,0.007188665,0.002825419,0.002248628,0.001565,0.001558,1.067207e-05,1.212529e-05,1.524e-23,8.299e-24
step8000,8000,MLP_IN,u,hidden,4096,32-64,3145728,0.002940224,0.003007439,0.0007899602,0.003130182,0.003196064,0.002052807,0.002151217,0.001565,0.001558,0,3.178914e-07,1.524e-23,8.299e-24
step8000,8000,MLP_IN,u,hidden,4096,64-128,6291456,0.001940296,0.002007511,0.0008354187,0.002488921,0.002554852,0.001953193,0.002070631,0.001565,0.001558,0,0,1.524e-23,8.299e-24
step8000,8000,MLP_IN,u,hidden,4096,128-256,1.258291e+07,0.001443578,0.001506334,0.0005071163,0.001684779,0.001747534,0.001906656,0.001975968,0.001565,0.001558,0,0,1.524e-23,8.299e-24
step8000,8000,MLP_IN,u,hidden,4096,256-512,2.516582e+07,0.0008064171,0.0008736321,0.0001683633,0.0007351085,0.00080099,0.001849475,0.00186642,0.001565,0.001558,0,0,1.524e-23,8.299e-24
step8000,8000,MLP_IN,u,hidden,4096,512-1024,5.033165e+07,0.0003159091,0.0003817905,0.0003043612,8.065584e-05,0.0001206475,0.001811731,0.001785361,0.001565,0.001558,2.582868e-07,0,1.524e-23,8.299e-24
step8000,8000,MLP_IN,v,residual,1024,spike,786432,0.0007884165,0.001057395,0.01161957,0.01227624,0.01253987,0.001950764,0.002823966,0.001565,0.001536,0,0,1.524e-23,1.178e-24
step8000,8000,MLP_IN,v,residual,1024,32-64,786432,0.006932622,0.007201601,0.002880096,0.009510086,0.009779065,0.00239454,0.00258146,0.001565,0.001536,0,0,1.524e-23,1.178e-24
step8000,8000,MLP_IN,v,residual,1024,64-128,1572864,0.00706105,0.007330029,0.0008970896,0.007622306,0.007885937,0.002308164,0.00231979,0.001565,0.001536,0,0,1.524e-23,1.178e-24
step8000,8000,MLP_IN,v,residual,1024,128-256,3145728,0.004363919,0.004627549,0.0007762909,0.004124687,0.004393666,0.002109982,0.002102307,0.001565,0.001536,0,0,1.524e-23,1.178e-24
step8000,8000,MLP_IN,v,residual,1024,256-512,6291456,0.001015935,0.001267046,0.0001754761,0.0009999916,0.001263622,0.00182699,0.001857667,0.001565,0.001536,0,0,1.524e-23,1.178e-24
step8000,8000,MLP_IN,v,residual,1024,512-1024,1.258291e+07,0.002632028,0.002901007,0.0002565384,0.002765646,0.003029498,0.0021046,0.002150365,0.001565,0.001536,1.226153e-06,6.471361e-07,1.524e-23,1.178e-24
step8000,8000,MLP_OUT,u,residual,1024,spike,786432,0.007781142,0.008032253,0.01673253,0.02444385,0.02470748,0.002263205,0.002888089,0.001565,0.001536,4.123506e-05,6.503151e-05,1.524e-23,1.178e-24
step8000,8000,MLP_OUT,u,residual,1024,32-64,786432,0.002516013,0.002760866,0.003822327,0.005918334,0.006182187,0.002058302,0.002479008,0.001565,0.001536,0,0,1.524e-23,1.178e-24
step8000,8000,MLP_OUT,u,residual,1024,64-128,1572864,0.001986617,0.002237728,0.001698812,0.003553857,0.00381771,0.001975377,0.002112888,0.001565,0.001536,0,0,1.524e-23,1.178e-24
step8000,8000,MLP_OUT,u,residual,1024,128-256,3145728,0.001243814,0.001507445,0.0007591248,0.002002939,0.00226657,0.001903307,0.001956803,0.001565,0.001536,0,0,1.524e-23,1.178e-24
step8000,8000,MLP_OUT,u,residual,1024,256-512,6291456,0.0004625293,0.0006261676,0.0004092852,0.0002289108,0.0004453696,0.001781078,0.001774311,0.001565,0.001536,0,0,1.524e-23,1.178e-24
step8000,8000,MLP_OUT,u,residual,1024,512-1024,1.258291e+07,0.0008383887,0.0009956074,0.002144416,0.001645929,0.001914908,0.001833121,0.001907791,0.001565,0.001536,0,0,1.524e-23,1.178e-24
step8000,8000,MLP_OUT,v,hidden,4096,spike,3145728,0.01366016,0.01372737,0.007101377,0.006775051,0.006840982,0.003641764,0.002546129,0.001565,0.001558,6.267003e-06,9.309678e-06,1.524e-23,8.299e-24
step8000,8000,MLP_OUT,v,hidden,4096,32-64,3145728,0.004168556,0.004235771,0.0004692078,0.004417147,0.004484362,0.002338001,0.00236434,0.001565,0.001558,1.816523e-07,0,1.524e-23,8.299e-24
step8000,8000,MLP_OUT,v,hidden,4096,64-128,6291456,0.002884434,0.002951649,0.0005688667,0.003450757,0.003517972,0.00208346,0.002191339,0.001565,0.001558,0,0,1.524e-23,8.299e-24
step8000,8000,MLP_OUT,v,hidden,4096,128-256,1.258291e+07,0.002169655,0.00223687,0.0004664262,0.002428736,0.002495951,0.001972233,0.002047403,0.001565,0.001558,0,0,1.524e-23,8.299e-24
step8000,8000,MLP_OUT,v,hidden,4096,256-512,2.516582e+07,0.001578713,0.001644594,0.00050656,0.001102829,0.001168711,0.00190329,0.001877932,0.001565,0.001558,0,0,1.524e-23,8.299e-24
step8000,8000,MLP_OUT,v,hidden,4096,512-1024,5.033165e+07,0.0006678761,0.000735091,0.0005341967,0.0002216544,0.0002801845,0.001825185,0.001787319,0.001565,0.001558,3.122148e-08,0,1.524e-23,8.299e-24
step12000,12000,Q,u,head,1024,spike,786432,0.04783292,0.04808403,0.02508036,0.07142439,0.07168802,0.005908966,0.006681351,0.001565,0.001536,1.453218e-06,0.0001921881,1.524e-23,1.178e-24
step12000,12000,Q,u,head,1024,32-64,786432,0.03088676,0.03113787,0.0052948,0.03612572,0.03638935,0.004504613,0.004968552,0.001565,0.001536,0,0,1.524e-23,1.178e-24
step12000,12000,Q,u,head,1024,64-128,1572864,0.0279966,0.02826023,0.003231049,0.0254896,0.02575016,0.004122507,0.003659203,0.001565,0.001536,0,0,1.524e-23,1.178e-24
step12000,12000,Q,u,head,1024,128-256,3145728,0.02208637,0.02235,0.008750916,0.01333545,0.01359908,0.0034137,0.002617609,0.001565,0.001536,0,0,1.524e-23,1.178e-24
step12000,12000,Q,u,head,1024,256-512,6291456,0.008538292,0.008807271,0.004655838,0.004080995,0.004344626,0.002374036,0.002015886,0.001565,0.001536,0,0,1.524e-23,1.178e-24
step12000,12000,Q,u,head,1024,512-1024,1.258291e+07,0.01110471,0.01137369,0.003810565,0.007315443,0.007584422,0.003148681,0.002683424,0.001565,0.001536,0,0,1.524e-23,1.178e-24
step12000,12000,Q,v,residual,1024,spike,786432,0.002513045,0.002764156,0.008548737,0.01070663,0.01097561,0.00199327,0.002832867,0.001565,0.001536,0,0,1.524e-23,1.178e-24
step12000,12000,Q,v,residual,1024,32-64,786432,0.006126835,0.006377946,0.002934774,0.008453415,0.008722394,0.00206357,0.002532051,0.001565,0.001536,0,0,1.524e-23,1.178e-24
step12000,12000,Q,v,residual,1024,64-128,1572864,0.004854743,0.005118374,0.0009180705,0.005189306,0.005458285,0.002078828,0.0022098,0.001565,0.001536,0,0,1.524e-23,1.178e-24
step12000,12000,Q,v,residual,1024,128-256,3145728,0.002532427,0.002789183,0.0007050832,0.00214747,0.002398581,0.001921063,0.002007076,0.001565,0.001536,0,0,1.524e-23,1.178e-24
step12000,12000,Q,v,residual,1024,256-512,6291456,0.0002911138,0.000489069,0.0004544258,0.0004819847,0.0007268377,0.001772994,0.001787594,0.001565,0.001536,0,0,1.524e-23,1.178e-24
step12000,12000,Q,v,residual,1024,512-1024,1.258291e+07,0.001069451,0.001333081,0.0004333655,0.001234204,0.001498056,0.001880918,0.001948652,0.001565,0.001536,0,0,1.524e-23,1.178e-24
step12000,12000,K,u,head,1024,spike,786432,0.05448067,0.05473178,0.0466423,0.1001847,0.1004483,0.006599608,0.007166181,0.001565,0.001536,2.179827e-06,0.0003871009,1.524e-23,1.178e-24
step12000,12000,K,u,head,1024,32-64,786432,0.03494433,0.03519544,0.008509318,0.04342578,0.04368941,0.004844666,0.005625589,0.001565,0.001536,0,0,1.524e-23,1.178e-24
step12000,12000,K,u,head,1024,64-128,1572864,0.03180176,0.0320654,0.002991994,0.0291194,0.02938303,0.004490625,0.004042035,0.001565,0.001536,0,0,1.524e-23,1.178e-24
step12000,12000,K,u,head,1024,128-256,3145728,0.02300444,0.02326807,0.007115046,0.01588939,0.01615302,0.003652936,0.002825964,0.001565,0.001536,0,0,1.524e-23,1.178e-24
step12000,12000,K,u,head,1024,256-512,6291456,0.007245128,0.007508758,0.002322674,0.004944755,0.005195866,0.002322038,0.002062298,0.001565,0.001536,0,0,1.524e-23,1.178e-24
step12000,12000,K,u,head,1024,512-1024,1.258291e+07,0.01049285,0.01076183,0.001430432,0.009130444,0.009399423,0.002981708,0.002809513,0.001565,0.001536,1.589457e-07,0,1.524e-23,1.178e-24
step12000,12000,K,v,residual,1024,spike,786432,0.0004134026,0.0004515915,0.006436666,0.006176041,0.00644502,0.001768021,0.002426874,0.001565,0.001536,0,1.271566e-06,1.524e-23,1.178e-24
step12000,12000,K,v,residual,1024,32-64,786432,0.002417677,0.002668788,0.003501892,0.00546057,0.005724423,0.001856668,0.002420516,0.001565,0.001536,0,0,1.524e-23,1.178e-24
step12000,12000,K,v,residual,1024,64-128,1572864,0.001822835,0.002091814,0.001750946,0.003509567,0.003778546,0.001914887,0.002128238,0.001565,0.001536,0,0,1.524e-23,1.178e-24
step12000,12000,K,v,residual,1024,128-256,3145728,0.001011643,0.001262755,0.0003938675,0.001084866,0.001329719,0.001869701,0.001873788,0.001565,0.001536,0,0,1.524e-23,1.178e-24
step12000,12000,K,v,residual,1024,256-512,6291456,0.0003298481,0.0005795198,0.0004925728,0.0001916949,0.0004217715,0.001768475,0.001772109,0.001565,0.001536,0,0,1.524e-23,1.178e-24
step12000,12000,K,v,residual,1024,512-1024,1.258291e+07,0.0002613764,0.0005252291,0.0004710356,0.0006403769,0.0009040074,0.001801763,0.001840126,0.001565,0.001536,0,0,1.524e-23,1.178e-24
step12000,12000,V,u,head,1024,spike,786432,0.05296253,0.05322616,0.01001358,0.04366561,0.04393459,0.007140387,0.007085346,0.001565,0.001536,7.26609e-07,7.26609e-07,1.524e-23,1.178e-24
step12000,12000,V,u,head,1024,32-64,786432,0.0321109,0.03237987,0.004413605,0.02813344,0.02840242,0.005388896,0.005051749,0.001565,0.001536,0,0,1.524e-23,1.178e-24
step12000,12000,V,u,head,1024,64-128,1572864,0.01758898,0.01785796,0.001194636,0.01697926,0.01724824,0.003874188,0.003640129,0.001565,0.001536,0,0,1.524e-23,1.178e-24
step12000,12000,V,u,head,1024,128-256,3145728,0.007793472,0.008062451,0.002008438,0.006064956,0.006328586,0.00266938,0.002378782,0.001565,0.001536,0,0,1.524e-23,1.178e-24
step12000,12000,V,u,head,1024,256-512,6291456,0.001429286,0.001698265,0.0006944338,0.001019683,0.001288661,0.001931508,0.001833938,0.001565,0.001536,0,0,1.524e-23,1.178e-24
step12000,12000,V,u,head,1024,512-1024,1.258291e+07,0.00322577,0.003494749,0.001119534,0.00408503,0.004354009,0.002037275,0.002169859,0.001565,0.001536,0,0,1.524e-23,1.178e-24
step12000,12000,V,v,residual,1024,spike,786432,0.02163623,0.02189986,0.008084615,0.02969287,0.0299565,0.003363836,0.004217784,0.001565,0.001536,0,0,1.524e-23,1.178e-24
step12000,12000,V,v,residual,1024,32-64,786432,0.0185387,0.01880233,0.004918416,0.02340498,0.02366861,0.003039405,0.003560384,0.001565,0.001536,0,0,1.524e-23,1.178e-24
step12000,12000,V,v,residual,1024,64-128,1572864,0.01437941,0.01464304,0.002742132,0.01689011,0.01715374,0.002785365,0.002969379,0.001565,0.001536,0,0,1.524e-23,1.178e-24
step12000,12000,V,v,residual,1024,128-256,3145728,0.007080619,0.00734425,0.002288818,0.009175524,0.009439154,0.002281189,0.002392406,0.001565,0.001536,0,0,1.524e-23,1.178e-24
step12000,12000,V,v,residual,1024,256-512,6291456,0.001309141,0.001572772,0.0009301503,0.00195174,0.002220719,0.001841931,0.001891568,0.001565,0.001536,0,0,1.524e-23,1.178e-24
step12000,12000,V,v,residual,1024,512-1024,1.258291e+07,0.003082321,0.0033513,0.00163873,0.004708097,0.004977076,0.002163535,0.002374138,0.001565,0.001536,8.287884e-07,0,1.524e-23,1.178e-24
step12000,12000,O,u,residual,1024,spike,786432,0.005269414,0.005538393,0.005910238,0.01099782,0.0112668,0.002182188,0.00250117,0.001565,0.001536,2.234323e-05,3.269741e-05,1.524e-23,1.178e-24
step12000,12000,O,u,residual,1024,32-64,786432,0.001326873,0.001536272,0.003100077,0.003805066,0.004068696,0.00192624,0.002258482,0.001565,0.001536,0,0,1.524e-23,1.178e-24
step12000,12000,O,u,residual,1024,64-128,1572864,0.0007063485,0.0009157474,0.001929601,0.002112538,0.00237639,0.001796268,0.001937594,0.001565,0.001536,0,0,1.524e-23,1.178e-24
step12000,12000,O,u,residual,1024,128-256,3145728,0.0003567032,0.0004538512,0.0006024043,0.0006494879,0.0008645058,0.001766841,0.001857667,0.001565,0.001536,0,0,1.524e-23,1.178e-24
step12000,12000,O,u,residual,1024,256-512,6291456,0.0002728641,0.0001276977,0.0003403028,0.0004859069,0.0002625274,0.001768271,0.00174175,0.001565,0.001536,0,0,1.524e-23,1.178e-24
step12000,12000,O,u,residual,1024,512-1024,1.258291e+07,0.0001494527,0.0002565967,0.0007826487,0.0006908238,0.0009598028,0.001769089,0.001797631,0.001565,0.001536,0,0,1.524e-23,1.178e-24
step12000,12000,O,v,head,1024,spike,786432,0.03938475,0.03964838,0.008842468,0.04804107,0.04831005,0.006059556,0.00743648,0.001565,0.001536,7.26609e-07,3.99635e-06,1.524e-23,1.178e-24
step12000,12000,O,v,head,1024,32-64,786432,0.02808003,0.02834901,0.004451752,0.03211344,0.03238242,0.005117144,0.005410694,0.001565,0.001536,0,0,1.524e-23,1.178e-24
step12000,12000,O,v,head,1024,64-128,1572864,0.02220921,0.02247819,0.003864924,0.01834429,0.01861327,0.004300435,0.003691537,0.001565,0.001536,0,0,1.524e-23,1.178e-24
step12000,12000,O,v,head,1024,128-256,3145728,0.01432678,0.01459576,0.007349332,0.007057554,0.007326533,0.003288405,0.002417156,0.001565,0.001536,0,0,1.524e-23,1.178e-24
step12000,12000,O,v,head,1024,256-512,6291456,0.004362629,0.004631608,0.003557523,0.001015776,0.001266887,0.002153238,0.001869315,0.001565,0.001536,0,0,1.524e-23,1.178e-24
step12000,12000,O,v,head,1024,512-1024,1.258291e+07,0.006672349,0.006941328,0.002065023,0.004629578,0.004898557,0.002457778,0.002210662,0.001565,0.001536,0,0,1.524e-23,1.178e-24
step12000,12000,MLP_IN,u,hidden,4096,spike,3145728,0.009924441,0.009963726,0.01087697,0.01024833,0.01031426,0.002939905,0.002458709,0.001565,0.001558,9.900048e-06,2.688453e-05,1.524e-23,8.299e-24
step12000,12000,MLP_IN,u,hidden,4096,32-64,3145728,0.003436837,0.003499592,0.00108401,0.004448936,0.004516151,0.002171743,0.002322469,0.001565,0.001558,1.816523e-07,0,1.524e-23,8.299e-24
step12000,12000,MLP_IN,u,hidden,4096,64-128,6291456,0.002496466,0.002562347,0.001175404,0.00334246,0.00340839,0.002021176,0.002181371,0.001565,0.001558,0,0,1.524e-23,8.299e-24
step12000,12000,MLP_IN,u,hidden,4096,128-256,1.258291e+07,0.001938389,0.002005604,0.0002632141,0.002119507,0.002186722,0.001978454,0.002028113,0.001565,0.001558,0,0,1.524e-23,8.299e-24
step12000,12000,MLP_IN,u,hidden,4096,256-512,2.516582e+07,0.001190215,0.001256146,0.0001730124,0.00114525,0.001212465,0.001884001,0.001897835,0.001565,0.001558,0,0,1.524e-23,8.299e-24
step12000,12000,MLP_IN,u,hidden,4096,512-1024,5.033165e+07,0.0005353988,0.0006013295,0.0003754099,0.0001777908,0.0002437215,0.001828038,0.001785744,0.001565,0.001558,6.329446e-07,0,1.524e-23,8.299e-24
step12000,12000,MLP_IN,v,residual,1024,spike,786432,0.001994237,0.002228434,0.01215235,0.01392927,0.0141929,0.001926967,0.002751668,0.001565,0.001536,0,0,1.524e-23,1.178e-24
step12000,12000,MLP_IN,v,residual,1024,32-64,786432,0.007876619,0.00814025,0.004014333,0.01109739,0.0113485,0.002288818,0.002625602,0.001565,0.001536,0,0,1.524e-23,1.178e-24
step12000,12000,MLP_IN,v,residual,1024,64-128,1572864,0.00781622,0.00807985,0.001006444,0.00847807,0.0087417,0.0023781,0.002416611,0.001565,0.001536,0,0,1.524e-23,1.178e-24
step12000,12000,MLP_IN,v,residual,1024,128-256,3145728,0.006221041,0.006484671,0.0008757909,0.00552009,0.00578372,0.002199718,0.002127557,0.001565,0.001536,0,0,1.524e-23,1.178e-24
step12000,12000,MLP_IN,v,residual,1024,256-512,6291456,0.001904759,0.002155871,0.0004083316,0.001696223,0.001947334,0.001893838,0.001884165,0.001565,0.001536,0,0,1.524e-23,1.178e-24
step12000,12000,MLP_IN,v,residual,1024,512-1024,1.258291e+07,0.004128208,0.004392061,0.0003021558,0.00393795,0.004201803,0.002315862,0.002251466,0.001565,0.001536,3.678458e-06,3.269741e-06,1.524e-23,1.178e-24
step12000,12000,MLP_OUT,u,residual,1024,spike,786432,0.01192479,0.01219377,0.02227529,0.03405816,0.03432179,0.002542405,0.002968379,0.001565,0.001536,6.176177e-05,0.0001140776,1.524e-23,1.178e-24
step12000,12000,MLP_OUT,u,residual,1024,32-64,786432,0.002788128,0.003032981,0.00373586,0.006266817,0.006530447,0.002128601,0.002488273,0.001565,0.001536,0,0,1.524e-23,1.178e-24
step12000,12000,MLP_OUT,u,residual,1024,64-128,1572864,0.001641423,0.001905275,0.002420425,0.00385649,0.004120343,0.002007167,0.002131326,0.001565,0.001536,0,0,1.524e-23,1.178e-24
step12000,12000,MLP_OUT,u,residual,1024,128-256,3145728,0.00122029,0.001483921,0.0009139379,0.00204045,0.002304081,0.00189486,0.001926695,0.001565,0.001536,0,0,1.524e-23,1.178e-24
step12000,12000,MLP_OUT,u,residual,1024,256-512,6291456,0.0003269053,0.0005780164,0.0004030863,0.0006238159,0.000874927,0.001802376,0.001767908,0.001565,0.001536,0,0,1.524e-23,1.178e-24
step12000,12000,MLP_OUT,u,residual,1024,512-1024,1.258291e+07,0.0007216072,0.0009310062,0.002169689,0.001514481,0.00178346,0.001822222,0.001897562,0.001565,0.001536,0,0,1.524e-23,1.178e-24
step12000,12000,MLP_OUT,v,hidden,4096,spike,3145728,0.01741488,0.01748081,0.00783666,0.009752423,0.009818353,0.004102616,0.002862476,0.001565,0.001558,1.176198e-05,2.025423e-05,1.524e-23,8.299e-24
step12000,12000,MLP_OUT,v,hidden,4096,32-64,3145728,0.006517774,0.006584989,0.0009202957,0.005614326,0.005681541,0.002656165,0.002624058,0.001565,0.001558,7.26609e-07,0,1.524e-23,8.299e-24
step12000,12000,MLP_OUT,v,hidden,4096,64-128,6291456,0.003921396,0.003988611,0.0004746119,0.004024729,0.00409061,0.002220267,0.002336434,0.001565,0.001558,0,0,1.524e-23,8.299e-24
step12000,12000,MLP_OUT,v,hidden,4096,128-256,1.258291e+07,0.002685531,0.002751413,0.0002923807,0.00267391,0.002741125,0.002016147,0.002095983,0.001565,0.001558,0,0,1.524e-23,8.299e-24
step12000,12000,MLP_OUT,v,hidden,4096,256-512,2.516582e+07,0.001775965,0.001841846,0.0007895231,0.001148588,0.001215802,0.001918236,0.00188626,0.001565,0.001558,0,0,1.524e-23,8.299e-24
step12000,12000,MLP_OUT,v,hidden,4096,512-1024,5.033165e+07,0.0008711676,0.0009383826,0.0006554723,0.0002668942,0.0003327756,0.001837188,0.001792516,0.001565,0.001558,1.334009e-07,0,1.524e-23,8.299e-24
step16000,16000,Q,u,head,1024,spike,786432,0.05130811,0.05155922,0.02688853,0.07611392,0.07637755,0.006106059,0.007022494,0.001565,0.001536,1.998175e-06,0.0001820156,1.524e-23,1.178e-24
step16000,16000,Q,u,head,1024,32-64,786432,0.03282728,0.03309091,0.008238475,0.04104541,0.04130904,0.004539126,0.005265917,0.001565,0.001536,0,0,1.524e-23,1.178e-24
step16000,16000,Q,u,head,1024,64-128,1572864,0.03205481,0.03231844,0.004505157,0.02779506,0.02805869,0.004410789,0.003876096,0.001565,0.001536,0,0,1.524e-23,1.178e-24
step16000,16000,Q,u,head,1024,128-256,3145728,0.02561909,0.02588272,0.00989755,0.01582602,0.01607713,0.003687813,0.002718426,0.001565,0.001536,0,0,1.524e-23,1.178e-24
step16000,16000,Q,u,head,1024,256-512,6291456,0.0115907,0.01185433,0.006651878,0.004938825,0.005202456,0.002559775,0.002070223,0.001565,0.001536,0,0,1.524e-23,1.178e-24
step16000,16000,Q,u,head,1024,512-1024,1.258291e+07,0.01386719,0.01413616,0.00519522,0.008677687,0.008946666,0.003509703,0.002836943,0.001565,0.001536,4.541306e-08,0,1.524e-23,1.178e-24
step16000,16000,Q,v,residual,1024,spike,786432,0.00220048,0.002415498,0.008065542,0.009871706,0.01013534,0.001945859,0.002715338,0.001565,0.001536,0,0,1.524e-23,1.178e-24
step16000,16000,Q,v,residual,1024,32-64,786432,0.004906131,0.005157243,0.003156026,0.007769808,0.008033438,0.00209772,0.002494812,0.001565,0.001536,0,0,1.524e-23,1.178e-24
step16000,16000,Q,v,residual,1024,64-128,1572864,0.00434421,0.00460784,0.0008932749,0.004735992,0.005004971,0.00205812,0.002193269,0.001565,0.001536,0,0,1.524e-23,1.178e-24
step16000,16000,Q,v,residual,1024,128-256,3145728,0.002641791,0.002892902,0.0007441839,0.002174105,0.002443084,0.001944042,0.001941408,0.001565,0.001536,0,0,1.524e-23,1.178e-24
step16000,16000,Q,v,residual,1024,256-512,6291456,0.0007247465,0.0009758575,0.0005434354,0.0002806431,0.0005364348,0.001819656,0.001772676,0.001565,0.001536,0,0,1.524e-23,1.178e-24
step16000,16000,Q,v,residual,1024,512-1024,1.258291e+07,0.001000784,0.001245636,0.0003128052,0.001280433,0.001549412,0.001928886,0.001922823,0.001565,0.001536,0,0,1.524e-23,1.178e-24
step16000,16000,K,u,head,1024,spike,786432,0.05793297,0.05818408,0.0489947,0.1058876,0.1061513,0.006733667,0.007448287,0.001565,0.001536,1.271566e-06,0.000445593,1.524e-23,1.178e-24
step16000,16000,K,u,head,1024,32-64,786432,0.03724725,0.03751088,0.009398142,0.04621051,0.04647414,0.004929315,0.005790529,0.001565,0.001536,0,0,1.524e-23,1.178e-24
step16000,16000,K,u,head,1024,64-128,1572864,0.03496351,0.03522714,0.002425512,0.03309357,0.03334468,0.004731859,0.004121962,0.001565,0.001536,0,0,1.524e-23,1.178e-24
step16000,16000,K,u,head,1024,128-256,3145728,0.02824011,0.02850374,0.009360631,0.01887948,0.01914311,0.003881727,0.002978325,0.001565,0.001536,0,0,1.524e-23,1.178e-24
step16000,16000,K,u,head,1024,256-512,6291456,0.01060254,0.01086617,0.004459222,0.006146318,0.006415297,0.002525171,0.002101739,0.001565,0.001536,0,0,1.524e-23,1.178e-24
step16000,16000,K,u,head,1024,512-1024,1.258291e+07,0.01380353,0.01407251,0.003277461,0.01052607,0.01079505,0.003450223,0.003020832,0.001565,0.001536,1.248859e-07,0,1.524e-23,1.178e-24
step16000,16000,K,v,residual,1024,spike,786432,0.0007850231,0.001048876,0.006011963,0.006281581,0.00655056,0.001824879,0.002415248,0.001565,0.001536,0,0,1.524e-23,1.178e-24
step16000,16000,K,v,residual,1024,32-64,786432,0.002305394,0.002574373,0.003598531,0.005348746,0.005612377,0.00187338,0.002317701,0.001565,0.001536,0,0,1.524e-23,1.178e-24
step16000,16000,K,v,residual,1024,64-128,1572864,0.002396807,0.002660437,0.001091003,0.002977202,0.003243853,0.001922517,0.002067203,0.001565,0.001536,0,0,1.524e-23,1.178e-24
step16000,16000,K,v,residual,1024,128-256,3145728,0.001813616,0.002082595,0.0008452733,0.001072034,0.001306231,0.001895541,0.001840137,0.001565,0.001536,0,0,1.524e-23,1.178e-24
step16000,16000,K,v,residual,1024,256-512,6291456,0.0002068525,0.000470483,0.0003145536,0.000181208,0.0003724996,0.001744384,0.00175492,0.001565,0.001536,0,0,1.524e-23,1.178e-24
step16000,16000,K,v,residual,1024,512-1024,1.258291e+07,0.0005244871,0.0007934661,0.0003328323,0.0006082515,0.0008772305,0.001851899,0.001847347,0.001565,0.001536,0,0,1.524e-23,1.178e-24
step16000,16000,V,u,head,1024,spike,786432,0.05315326,0.05341689,0.01081975,0.04427597,0.04454494,0.007075355,0.007010142,0.001565,0.001536,7.26609e-07,3.269741e-06,1.524e-23,1.178e-24
step16000,16000,V,u,head,1024,32-64,786432,0.03169001,0.03195899,0.002983093,0.02870691,0.02897589,0.005387624,0.005132766,0.001565,0.001536,0,0,1.524e-23,1.178e-24
step16000,16000,V,u,head,1024,64-128,1572864,0.01743385,0.01770283,0.001736959,0.01700024,0.01726922,0.003889447,0.003548304,0.001565,0.001536,0,0,1.524e-23,1.178e-24
step16000,16000,V,u,head,1024,128-256,3145728,0.009058362,0.009327341,0.002914111,0.006249015,0.006512646,0.002848353,0.002391043,0.001565,0.001536,0,0,1.524e-23,1.178e-24
step16000,16000,V,u,head,1024,256-512,6291456,0.002314672,0.002548869,0.001536528,0.0009151996,0.001179052,0.002003329,0.00183823,0.001565,0.001536,0,0,1.524e-23,1.178e-24
step16000,16000,V,u,head,1024,512-1024,1.258291e+07,0.003917122,0.004180753,0.000341177,0.004224902,0.004493881,0.002133097,0.002160867,0.001565,0.001536,0,0,1.524e-23,1.178e-24
step16000,16000,V,v,residual,1024,spike,786432,0.02054385,0.02079496,0.01036453,0.03076226,0.03102589,0.003083547,0.004174369,0.001565,0.001536,0,0,1.524e-23,1.178e-24
step16000,16000,V,v,residual,1024,32-64,786432,0.01883879,0.01910242,0.007507324,0.0251253,0.02537641,0.00294531,0.003598168,0.001565,0.001536,0,0,1.524e-23,1.178e-24
step16000,16000,V,v,residual,1024,64-128,1572864,0.01395343,0.01421706,0.004751841,0.01854124,0.01880487,0.002673195,0.003006436,0.001565,0.001536,0,0,1.524e-23,1.178e-24
step16000,16000,V,v,residual,1024,128-256,3145728,0.008590603,0.008854234,0.002012889,0.01054246,0.01080609,0.002322379,0.00244186,0.001565,0.001536,0,0,1.524e-23,1.178e-24
step16000,16000,V,v,residual,1024,256-512,6291456,0.001942112,0.002193223,0.001171907,0.003057385,0.003321016,0.001879851,0.001919156,0.001565,0.001536,0,0,1.524e-23,1.178e-24
step16000,16000,V,v,residual,1024,512-1024,1.258291e+07,0.003807749,0.004076728,0.001472155,0.005254235,0.005523214,0.002266714,0.002470539,0.001565,0.001536,1.123973e-06,4.541306e-08,1.524e-23,1.178e-24
step16000,16000,O,u,residual,1024,spike,786432,0.00586705,0.006136029,0.007808685,0.01360961,0.01387859,0.002253941,0.002612159,0.001565,0.001536,3.342401e-05,4.305158e-05,1.524e-23,1.178e-24
step16000,16000,O,u,residual,1024,32-64,786432,0.00168487,0.001953849,0.002649943,0.003863558,0.004127188,0.002038865,0.002276284,0.001565,0.001536,0,0,1.524e-23,1.178e-24
step16000,16000,O,u,residual,1024,64-128,1572864,0.000703081,0.0009667115,0.001729965,0.002114519,0.00237815,0.001832962,0.002015613,0.001565,0.001536,0,0,1.524e-23,1.178e-24
step16000,16000,O,u,residual,1024,128-256,3145728,0.0003587503,0.0003265254,0.00132211,0.0009633601,0.001227213,0.001775197,0.001832599,0.001565,0.001536,0,0,1.524e-23,1.178e-24
step16000,16000,O,u,residual,1024,256-512,6291456,0.0004516597,0.0001880291,0.0003728867,0.0002362548,0.0002535336,0.001752899,0.001763298,0.001565,0.001536,0,0,1.524e-23,1.178e-24
step16000,16000,O,u,residual,1024,512-1024,1.258291e+07,0.0001543976,0.0003992505,0.0005659262,0.0005969541,0.0008480652,0.001773176,0.001780442,0.001565,0.001536,0,0,1.524e-23,1.178e-24
step16000,16000,O,v,head,1024,spike,786432,0.03661987,0.03688885,0.006561279,0.04195663,0.04222561,0.005709512,0.006844112,0.001565,0.001536,0,7.26609e-07,1.524e-23,1.178e-24
step16000,16000,O,v,head,1024,32-64,786432,0.02411275,0.02438173,0.003349304,0.02697631,0.02724529,0.004783994,0.004930587,0.001565,0.001536,0,0,1.524e-23,1.178e-24
step16000,16000,O,v,head,1024,64-128,1572864,0.01949124,0.01976022,0.003823598,0.01571391,0.01597755,0.004030318,0.003487178,0.001565,0.001536,0,0,1.524e-23,1.178e-24
step16000,16000,O,v,head,1024,128-256,3145728,0.01318745,0.01345643,0.007244746,0.005972908,0.006241887,0.003136862,0.002327737,0.001565,0.001536,0,0,1.524e-23,1.178e-24
step16000,16000,O,v,head,1024,256-512,6291456,0.004460222,0.004729201,0.003536224,0.00109631,0.001341163,0.002216067,0.001836413,0.001565,0.001536,0,0,1.524e-23,1.178e-24
step16000,16000,O,v,head,1024,512-1024,1.258291e+07,0.006539886,0.006803516,0.002802054,0.003757681,0.00402666,0.002407119,0.002159425,0.001565,0.001536,7.947286e-08,0,1.524e-23,1.178e-24
step16000,16000,MLP_IN,u,hidden,4096,spike,3145728,0.01031386,0.01035314,0.0120271,0.01283968,0.0129069,0.003017834,0.002549853,0.001565,0.001558,1.230694e-05,2.597627e-05,1.524e-23,8.299e-24
step16000,16000,MLP_IN,u,hidden,4096,32-64,3145728,0.004453564,0.004519446,0.001356125,0.005603518,0.005670733,0.002238001,0.002456165,0.001565,0.001558,0,0,1.524e-23,8.299e-24
step16000,16000,MLP_IN,u,hidden,4096,64-128,6291456,0.002675523,0.002741454,0.001089573,0.003651029,0.003718244,0.002094382,0.0022395,0.001565,0.001558,0,0,1.524e-23,8.299e-24
step16000,16000,MLP_IN,u,hidden,4096,128-256,1.258291e+07,0.002107904,0.002175119,0.0004086494,0.002464602,0.002530533,0.002016295,0.002061481,0.001565,0.001558,0,0,1.524e-23,8.299e-24
step16000,16000,MLP_IN,u,hidden,4096,256-512,2.516582e+07,0.001500949,0.00156683,0.0003684759,0.001266981,0.001332862,0.001916176,0.001901632,0.001565,0.001558,0,0,1.524e-23,8.299e-24
step16000,16000,MLP_IN,u,hidden,4096,512-1024,5.033165e+07,0.0008305213,0.000896452,0.0006742279,0.0001993315,0.0002528894,0.001873405,0.001796243,0.001565,0.001558,7.748604e-07,0,1.524e-23,8.299e-24
step16000,16000,MLP_IN,v,residual,1024,spike,786432,0.001050278,0.001207004,0.01324972,0.01401574,0.01427937,0.001919156,0.002887544,0.001565,0.001536,0,0,1.524e-23,1.178e-24
step16000,16000,MLP_IN,v,residual,1024,32-64,786432,0.007605776,0.007869406,0.004025777,0.01128685,0.01153796,0.002237592,0.002619244,0.001565,0.001536,0,0,1.524e-23,1.178e-24
step16000,16000,MLP_IN,v,residual,1024,64-128,1572864,0.008665516,0.008916627,0.001056035,0.008806134,0.009069764,0.002380734,0.002359299,0.001565,0.001536,0,0,1.524e-23,1.178e-24
step16000,16000,MLP_IN,v,residual,1024,128-256,3145728,0.007041836,0.007305467,0.001480103,0.005681261,0.005944891,0.00217356,0.002142452,0.001565,0.001536,0,0,1.524e-23,1.178e-24
step16000,16000,MLP_IN,v,residual,1024,256-512,6291456,0.003058815,0.003322446,0.0009659131,0.002185617,0.002444589,0.001936004,0.001862095,0.001565,0.001536,0,0,1.524e-23,1.178e-24
step16000,16000,MLP_IN,v,residual,1024,512-1024,1.258291e+07,0.005512363,0.005781342,0.0007239183,0.004828761,0.005092614,0.002407698,0.002292894,0.001565,0.001536,9.218852e-06,7.481802e-06,1.524e-23,1.178e-24
step16000,16000,MLP_OUT,u,residual,1024,spike,786432,0.01399539,0.01425902,0.02732213,0.04105813,0.04132176,0.002724965,0.002931322,0.001565,0.001536,8.192517e-05,0.0001420521,1.524e-23,1.178e-24
step16000,16000,MLP_OUT,u,residual,1024,32-64,786432,0.002600819,0.002864672,0.002909342,0.005130037,0.005393668,0.002134959,0.002356393,0.001565,0.001536,0,0,1.524e-23,1.178e-24
step16000,16000,MLP_OUT,u,residual,1024,64-128,1572864,0.002143055,0.002406908,0.001705805,0.003333877,0.003597729,0.001977648,0.002129055,0.001565,0.001536,0,0,1.524e-23,1.178e-24
step16000,16000,MLP_OUT,u,residual,1024,128-256,3145728,0.0007897914,0.001053644,0.001172384,0.001648172,0.001911803,0.001878193,0.001909483,0.001565,0.001536,0,0,1.524e-23,1.178e-24
step16000,16000,MLP_OUT,u,residual,1024,256-512,6291456,0.0003597299,0.0005747478,0.0003876686,0.0005808437,0.0008073751,0.001759733,0.001793157,0.001565,0.001536,0,0,1.524e-23,1.178e-24
step16000,16000,MLP_OUT,u,residual,1024,512-1024,1.258291e+07,0.0008724826,0.001073024,0.002119621,0.00168613,0.001947963,0.001834529,0.001895768,0.001565,0.001536,0,0,1.524e-23,1.178e-24
step16000,16000,MLP_OUT,v,hidden,4096,spike,3145728,0.02071481,0.02078202,0.007767995,0.01296811,0.01303532,0.004490762,0.003138179,0.001565,0.001558,2.202534e-05,3.33786e-05,1.524e-23,8.299e-24
step16000,16000,MLP_OUT,v,hidden,4096,32-64,3145728,0.007593201,0.007660416,0.0004959106,0.007303919,0.007371134,0.00288046,0.002845583,0.001565,0.001558,1.544044e-06,0,1.524e-23,8.299e-24
step16000,16000,MLP_OUT,v,hidden,4096,64-128,6291456,0.00438419,0.004450121,0.0005704562,0.004832631,0.004899846,0.002362705,0.002440793,0.001565,0.001558,0,0,1.524e-23,8.299e-24
step16000,16000,MLP_OUT,v,hidden,4096,128-256,1.258291e+07,0.002830649,0.00289653,0.0003370444,0.002904064,0.002971278,0.002078408,0.002149923,0.001565,0.001558,0,0,1.524e-23,8.299e-24
step16000,16000,MLP_OUT,v,hidden,4096,256-512,2.516582e+07,0.001982484,0.002045239,0.0007742643,0.001437312,0.001504527,0.001933155,0.001919349,0.001565,0.001558,0,0,1.524e-23,8.299e-24
step16000,16000,MLP_OUT,v,hidden,4096,512-1024,5.033165e+07,0.0009575944,0.001024809,0.0008140604,0.000143534,0.000210749,0.001852998,0.001781642,0.001565,0.001558,1.958438e-07,0,1.524e-23,8.299e-24
step24000,24000,Q,u,head,1024,spike,786432,0.05657759,0.05684122,0.03333918,0.08970696,0.08997059,0.006561279,0.00793566,0.001565,0.001536,2.724784e-06,0.0002207075,1.524e-23,1.178e-24
step24000,24000,Q,u,head,1024,32-64,786432,0.03595661,0.03622024,0.01465607,0.0503201,0.05057121,0.004707881,0.00623267,0.001565,0.001536,0,7.26609e-07,1.524e-23,1.178e-24
step24000,24000,Q,u,head,1024,64-128,1572864,0.03514535,0.03540898,0.001265208,0.03493617,0.0351998,0.004608608,0.004412424,0.001565,0.001536,0,0,1.524e-23,1.178e-24
step24000,24000,Q,u,head,1024,128-256,3145728,0.02973706,0.03000069,0.01014646,0.01977964,0.02003075,0.003907794,0.002957707,0.001565,0.001536,0,0,1.524e-23,1.178e-24
step24000,24000,Q,u,head,1024,256-512,6291456,0.01491315,0.01517678,0.00820144,0.006711706,0.006975337,0.002724216,0.002157802,0.001565,0.001536,0,0,1.524e-23,1.178e-24
step24000,24000,Q,u,head,1024,512-1024,1.258291e+07,0.01811398,0.01838296,0.007132848,0.01098113,0.01125011,0.003954535,0.003097523,0.001565,0.001536,4.541306e-08,0,1.524e-23,1.178e-24
step24000,24000,Q,v,residual,1024,spike,786432,0.001592734,0.001732021,0.008265177,0.009143099,0.009406729,0.001925151,0.002656664,0.001565,0.001536,0,0,1.524e-23,1.178e-24
step24000,24000,Q,v,residual,1024,32-64,786432,0.004887168,0.005150799,0.002665202,0.007296785,0.007560416,0.002078828,0.002507346,0.001565,0.001536,0,0,1.524e-23,1.178e-24
step24000,24000,Q,v,residual,1024,64-128,1572864,0.004097416,0.004348527,0.001123428,0.004592165,0.004855795,0.002013979,0.002245676,0.001565,0.001536,0,0,1.524e-23,1.178e-24
step24000,24000,Q,v,residual,1024,128-256,3145728,0.003136748,0.003387859,0.00147438,0.002438059,0.002701911,0.001937276,0.001983688,0.001565,0.001536,0,0,1.524e-23,1.178e-24
step24000,24000,Q,v,residual,1024,256-512,6291456,0.0008102503,0.001044448,0.000606219,0.0003143486,0.0005654597,0.001811504,0.00176625,0.001565,0.001536,0,0,1.524e-23,1.178e-24
step24000,24000,Q,v,residual,1024,512-1024,1.258291e+07,0.0009799644,0.001243595,0.0003006458,0.001191821,0.0014608,0.001957507,0.001924958,0.001565,0.001536,0,0,1.524e-23,1.178e-24
step24000,24000,K,u,head,1024,spike,786432,0.06401232,0.06426343,0.04365285,0.1061572,0.1064208,0.00720887,0.007846106,0.001565,0.001536,7.26609e-07,0.0004070827,1.524e-23,1.178e-24
step24000,24000,K,u,head,1024,32-64,786432,0.04062198,0.04088561,0.01162465,0.05217277,0.05242388,0.005146208,0.006084987,0.001565,0.001536,0,0,1.524e-23,1.178e-24
step24000,24000,K,u,head,1024,64-128,1572864,0.03856702,0.03881813,0.002400716,0.03756439,0.0378155,0.004858471,0.004441307,0.001565,0.001536,0,0,1.524e-23,1.178e-24
step24000,24000,K,u,head,1024,128-256,3145728,0.03246637,0.03271748,0.01064428,0.02185462,0.02211825,0.004163379,0.003007753,0.001565,0.001536,0,0,1.524e-23,1.178e-24
step24000,24000,K,u,head,1024,256-512,6291456,0.01452691,0.01479054,0.006523291,0.008003617,0.008267247,0.002727985,0.002214432,0.001565,0.001536,0,0,1.524e-23,1.178e-24
step24000,24000,K,u,head,1024,512-1024,1.258291e+07,0.01808751,0.01835649,0.005912463,0.01217505,0.01244403,0.00393553,0.003286646,0.001565,0.001536,1.816523e-07,0,1.524e-23,1.178e-24
step24000,24000,K,v,residual,1024,spike,786432,0.001417966,0.001646363,0.00386556,0.004810379,0.005079358,0.001837957,0.002303895,0.001565,0.001536,0,0,1.524e-23,1.178e-24
step24000,24000,K,v,residual,1024,32-64,786432,0.002729211,0.002980322,0.002152761,0.00381135,0.004075202,0.002009619,0.002212888,0.001565,0.001536,0,0,1.524e-23,1.178e-24
step24000,24000,K,v,residual,1024,64-128,1572864,0.002491043,0.002760022,0.0005283356,0.002663515,0.002908368,0.001897176,0.002013706,0.001565,0.001536,0,0,1.524e-23,1.178e-24
step24000,24000,K,v,residual,1024,128-256,3145728,0.001786278,0.002055257,0.000951767,0.0008755188,0.001144498,0.001862208,0.001825242,0.001565,0.001536,0,0,1.524e-23,1.178e-24
step24000,24000,K,v,residual,1024,256-512,6291456,0.0004670386,0.0006424896,0.0006871223,0.0003717804,0.0002168056,0.001762027,0.001743453,0.001565,0.001536,0,0,1.524e-23,1.178e-24
step24000,24000,K,v,residual,1024,512-1024,1.258291e+07,0.0005922219,0.0008560746,0.0001817544,0.0004989208,0.0007627735,0.001851014,0.001820973,0.001565,0.001536,0,0,1.524e-23,1.178e-24
step24000,24000,V,u,head,1024,spike,786432,0.05195163,0.05221526,0.01105372,0.04293319,0.04320217,0.00701214,0.006911868,0.001565,0.001536,7.26609e-07,3.269741e-06,1.524e-23,1.178e-24
step24000,24000,V,u,head,1024,32-64,786432,0.03026077,0.03052975,0.002938588,0.0276032,0.02787217,0.005268097,0.004956927,0.001565,0.001536,0,0,1.524e-23,1.178e-24
step24000,24000,V,u,head,1024,64-128,1572864,0.01768816,0.01795714,0.001272837,0.01652023,0.01678921,0.003777277,0.003427051,0.001565,0.001536,0,0,1.524e-23,1.178e-24
step24000,24000,V,u,head,1024,128-256,3145728,0.01038383,0.01064746,0.004072507,0.006532397,0.006801376,0.002951667,0.002309163,0.001565,0.001536,0,0,1.524e-23,1.178e-24
step24000,24000,V,u,head,1024,256-512,6291456,0.003350163,0.003613794,0.002271811,0.001082643,0.001346274,0.002133097,0.00183957,0.001565,0.001536,0,0,1.524e-23,1.178e-24
step24000,24000,V,u,head,1024,512-1024,1.258291e+07,0.004557992,0.004821622,0.000689586,0.004104898,0.004373877,0.002177829,0.002177352,0.001565,0.001536,0,0,1.524e-23,1.178e-24
step24000,24000,V,v,residual,1024,spike,786432,0.01955849,0.01982212,0.009494781,0.02872892,0.02898003,0.003046308,0.00396565,0.001565,0.001536,0,0,1.524e-23,1.178e-24
step24000,24000,V,v,residual,1024,32-64,786432,0.01719454,0.01744565,0.007331848,0.0242085,0.02445961,0.002810887,0.003502255,0.001565,0.001536,0,0,1.524e-23,1.178e-24
step24000,24000,V,v,residual,1024,64-128,1572864,0.01341036,0.01366147,0.004892349,0.01830271,0.01855382,0.002622604,0.00293768,0.001565,0.001536,0,0,1.524e-23,1.178e-24
step24000,24000,V,v,residual,1024,128-256,3145728,0.008618468,0.008869579,0.00192674,0.01054521,0.01079632,0.002256121,0.00239454,0.001565,0.001536,0,0,1.524e-23,1.178e-24
step24000,24000,V,v,residual,1024,256-512,6291456,0.003371987,0.003623098,0.0009071032,0.00394907,0.004212701,0.001928216,0.001933824,0.001565,0.001536,0,0,1.524e-23,1.178e-24
step24000,24000,V,v,residual,1024,512-1024,1.258291e+07,0.004820949,0.005089928,0.001134793,0.005826678,0.006095657,0.002414056,0.00256745,0.001565,0.001536,1.646224e-06,3.065382e-07,1.524e-23,1.178e-24
step24000,24000,O,u,residual,1024,spike,786432,0.008703137,0.008966767,0.008876801,0.01732131,0.01759029,0.002402351,0.002655938,0.001565,0.001536,4.268828e-05,6.666638e-05,1.524e-23,1.178e-24
step24000,24000,O,u,residual,1024,32-64,786432,0.001021113,0.001290092,0.003106435,0.003807535,0.004071388,0.001991999,0.002206712,0.001565,0.001536,0,0,1.524e-23,1.178e-24
step24000,24000,O,u,residual,1024,64-128,1572864,0.000968291,0.00117769,0.001215617,0.001629978,0.001893831,0.001880192,0.001995904,0.001565,0.001536,0,0,1.524e-23,1.178e-24
step24000,24000,O,u,residual,1024,128-256,3145728,0.0002644399,0.0003938827,0.0006497701,0.000600283,0.0008344802,0.001782009,0.001793271,0.001565,0.001536,0,0,1.524e-23,1.178e-24
step24000,24000,O,u,residual,1024,256-512,6291456,0.0004124525,0.0002173574,0.0005799929,0.0002355548,0.0004761944,0.001750855,0.001786368,0.001565,0.001536,0,0,1.524e-23,1.178e-24
step24000,24000,O,u,residual,1024,512-1024,1.258291e+07,0.0001197708,0.0003256615,0.0006941954,0.0006455937,0.0008606117,0.001792465,0.001823482,0.001565,0.001536,0,0,1.524e-23,1.178e-24
step24000,24000,O,v,head,1024,spike,786432,0.03375298,0.03401661,0.002831777,0.03493504,0.03520402,0.005404336,0.005948566,0.001565,0.001536,0,0,1.524e-23,1.178e-24
step24000,24000,O,v,head,1024,32-64,786432,0.02064568,0.02090931,0.001358032,0.02169804,0.02196702,0.004237039,0.004355294,0.001565,0.001536,0,0,1.524e-23,1.178e-24
step24000,24000,O,v,head,1024,64-128,1572864,0.01667091,0.01693989,0.003105164,0.01365475,0.01392373,0.003701437,0.003203437,0.001565,0.001536,0,0,1.524e-23,1.178e-24
step24000,24000,O,v,head,1024,128-256,3145728,0.0119132,0.01217684,0.006967545,0.005118483,0.005369594,0.00308114,0.00222692,0.001565,0.001536,0,0,1.524e-23,1.178e-24
step24000,24000,O,v,head,1024,256-512,6291456,0.004178637,0.00444278,0.003578504,0.0006763042,0.0009401569,0.002186639,0.001824901,0.001565,0.001536,0,0,1.524e-23,1.178e-24
step24000,24000,O,v,head,1024,512-1024,1.258291e+07,0.006264017,0.006532996,0.003070037,0.00323626,0.003505239,0.002400727,0.002090193,0.001565,0.001536,4.200708e-07,0,1.524e-23,1.178e-24
step24000,24000,MLP_IN,u,hidden,4096,spike,3145728,0.01106134,0.01111366,0.01425997,0.01686546,0.01693267,0.003134092,0.002815973,0.001565,0.001558,1.507714e-05,3.310612e-05,1.524e-23,8.299e-24
step24000,24000,MLP_IN,u,hidden,4096,32-64,3145728,0.005637533,0.005704747,0.001558622,0.006628821,0.006694752,0.002417564,0.002576147,0.001565,0.001558,0,0,1.524e-23,8.299e-24
step24000,24000,MLP_IN,u,hidden,4096,64-128,6291456,0.003830815,0.003896696,0.001031717,0.004834221,0.004901436,0.002240067,0.002342042,0.001565,0.001558,0,0,1.524e-23,8.299e-24
step24000,24000,MLP_IN,u,hidden,4096,128-256,1.258291e+07,0.003074771,0.003141986,0.0002053579,0.003130665,0.003196595,0.00211634,0.002125751,0.001565,0.001558,0,0,1.524e-23,8.299e-24
step24000,24000,MLP_IN,u,hidden,4096,256-512,2.516582e+07,0.001861618,0.001928833,0.0004884005,0.001373218,0.001440433,0.001976921,0.001929385,0.001565,0.001558,0,0,1.524e-23,8.299e-24
step24000,24000,MLP_IN,u,hidden,4096,512-1024,5.033165e+07,0.00108704,0.001152971,0.0009420514,0.0001807114,0.0002466421,0.00191422,0.001787396,0.001565,0.001558,1.084237e-06,0,1.524e-23,8.299e-24
step24000,24000,MLP_IN,v,residual,1024,spike,786432,0.001385157,0.001619354,0.01131821,0.01188703,0.01213814,0.001923334,0.002770923,0.001565,0.001536,0,0,1.524e-23,1.178e-24
step24000,24000,MLP_IN,v,residual,1024,32-64,786432,0.007741833,0.008005464,0.004113515,0.01152728,0.01179092,0.002189455,0.002547128,0.001565,0.001536,0,0,1.524e-23,1.178e-24
step24000,24000,MLP_IN,v,residual,1024,64-128,1572864,0.009356722,0.009620352,0.00108401,0.008476162,0.008739793,0.002382914,0.002318064,0.001565,0.001536,0,0,1.524e-23,1.178e-24
step24000,24000,MLP_IN,v,residual,1024,128-256,3145728,0.007726257,0.007989887,0.002284686,0.005534077,0.005797708,0.002237002,0.00210594,0.001565,0.001536,0,0,1.524e-23,1.178e-24
step24000,24000,MLP_IN,v,residual,1024,256-512,6291456,0.003611042,0.003862153,0.00141414,0.002208505,0.002459616,0.001949083,0.001868702,0.001565,0.001536,0,0,1.524e-23,1.178e-24
step24000,24000,MLP_IN,v,residual,1024,512-1024,1.258291e+07,0.006454275,0.006723254,0.001242797,0.005344198,0.005613177,0.002421958,0.002259992,0.001565,0.001536,1.752944e-05,1.072884e-05,1.524e-23,1.178e-24
step24000,24000,MLP_OUT,u,residual,1024,spike,786432,0.01824829,0.01851726,0.03153992,0.04909569,0.04935933,0.002852667,0.002810705,0.001565,0.001536,0.0001151675,0.0001576742,1.524e-23,1.178e-24
step24000,24000,MLP_OUT,u,residual,1024,32-64,786432,0.002861564,0.003125194,0.003187815,0.006025219,0.00628885,0.002229236,0.002438318,0.001565,0.001536,0,0,1.524e-23,1.178e-24
step24000,24000,MLP_OUT,u,residual,1024,64-128,1572864,0.002389318,0.002658297,0.002201716,0.003920142,0.004183773,0.002003079,0.002118247,0.001565,0.001536,0,0,1.524e-23,1.178e-24
step24000,24000,MLP_OUT,u,residual,1024,128-256,3145728,0.0008462627,0.001061281,0.001525243,0.002129283,0.002398262,0.001866204,0.001924923,0.001565,0.001536,0,0,1.524e-23,1.178e-24
step24000,24000,MLP_OUT,u,residual,1024,256-512,6291456,0.000477109,0.0007282201,0.0005442301,0.0007804351,0.001013135,0.001781577,0.001788162,0.001565,0.001536,0,0,1.524e-23,1.178e-24
step24000,24000,MLP_OUT,u,residual,1024,512-1024,1.258291e+07,0.001075818,0.001285217,0.002047141,0.002006087,0.002257198,0.001840387,0.001913559,0.001565,0.001536,0,0,1.524e-23,1.178e-24
step24000,24000,MLP_OUT,v,hidden,4096,spike,3145728,0.02528736,0.02535457,0.007535299,0.01821978,0.01828571,0.004998616,0.003632545,0.001565,0.001558,2.892812e-05,5.781083e-05,1.524e-23,8.299e-24
step24000,24000,MLP_OUT,v,hidden,4096,32-64,3145728,0.0107896,0.01085681,0.0008878708,0.0101074,0.01017462,0.003316471,0.003274963,0.001565,0.001558,2.543132e-06,5.449568e-07,1.524e-23,8.299e-24
step24000,24000,MLP_OUT,v,hidden,4096,64-128,6291456,0.006150927,0.006218142,0.0006052653,0.006687051,0.006754266,0.002641701,0.002729666,0.001565,0.001558,0,0,1.524e-23,8.299e-24
step24000,24000,MLP_OUT,v,hidden,4096,128-256,1.258291e+07,0.003453001,0.003518882,0.0003267924,0.003579845,0.003645776,0.002188717,0.002243405,0.001565,0.001558,0,0,1.524e-23,8.299e-24
step24000,24000,MLP_OUT,v,hidden,4096,256-512,2.516582e+07,0.002173249,0.002239131,0.0007441839,0.001465446,0.001532661,0.001981871,0.001943634,0.001565,0.001558,0,0,1.524e-23,8.299e-24
step24000,24000,MLP_OUT,v,hidden,4096,512-1024,5.033165e+07,0.001135892,0.001203107,0.0009720723,0.0001973967,0.0002646117,0.001893997,0.00179387,0.001565,0.001558,3.093765e-07,0,1.524e-23,8.299e-24
step32000,32000,Q,u,head,1024,spike,786432,0.06400088,0.06425199,0.04229736,0.1062982,0.1065494,0.007189251,0.008791969,0.001565,0.001536,1.998175e-06,0.0002359663,1.524e-23,1.178e-24
step32000,32000,Q,u,head,1024,32-64,786432,0.03950809,0.03977172,0.02717336,0.06568952,0.06594063,0.005231585,0.00734856,0.001565,0.001536,0,5.449568e-06,1.524e-23,1.178e-24
step32000,32000,Q,u,head,1024,64-128,1572864,0.03818312,0.03844675,0.007968903,0.04588742,0.04613854,0.004938216,0.005369822,0.001565,0.001536,0,0,1.524e-23,1.178e-24
step32000,32000,Q,u,head,1024,128-256,3145728,0.03239452,0.03264563,0.007263819,0.02525563,0.02550675,0.004083134,0.003406525,0.001565,0.001536,0,0,1.524e-23,1.178e-24
step32000,32000,Q,u,head,1024,256-512,6291456,0.01621141,0.01647505,0.006478945,0.009811624,0.01007525,0.00285932,0.002348877,0.001565,0.001536,0,0,1.524e-23,1.178e-24
step32000,32000,Q,u,head,1024,512-1024,1.258291e+07,0.02056889,0.02083787,0.006771326,0.01396599,0.01422962,0.004224459,0.003318753,0.001565,0.001536,1.248859e-07,0,1.524e-23,1.178e-24
step32000,32000,Q,v,residual,1024,spike,786432,0.001644556,0.001878754,0.009872437,0.01147338,0.01174236,0.001939864,0.003044673,0.001565,0.001536,0,1.453218e-06,1.524e-23,1.178e-24
step32000,32000,Q,v,residual,1024,32-64,786432,0.004634127,0.004897757,0.004665375,0.009031977,0.009300956,0.002157302,0.002684094,0.001565,0.001536,0,0,1.524e-23,1.178e-24
step32000,32000,Q,v,residual,1024,64-128,1572864,0.004581882,0.004832993,0.002340317,0.006040619,0.006309598,0.002041862,0.00238682,0.001565,0.001536,0,0,1.524e-23,1.178e-24
step32000,32000,Q,v,residual,1024,128-256,3145728,0.002324535,0.002575646,0.0004170736,0.002585775,0.002854754,0.001910891,0.002059028,0.001565,0.001536,0,0,1.524e-23,1.178e-24
step32000,32000,Q,v,residual,1024,256-512,6291456,0.000946353,0.001210206,0.000746568,0.0004430458,0.0007066763,0.001799356,0.00180006,0.001565,0.001536,0,0,1.524e-23,1.178e-24
step32000,32000,Q,v,residual,1024,512-1024,1.258291e+07,0.001253595,0.001517448,0.0005307992,0.00170299,0.001971969,0.001948425,0.001950275,0.001565,0.001536,0,0,1.524e-23,1.178e-24
step32000,32000,K,u,head,1024,spike,786432,0.06892565,0.06917676,0.03886286,0.105716,0.1059796,0.007611411,0.008182889,0.001565,0.001536,7.26609e-07,0.000374022,1.524e-23,1.178e-24
step32000,32000,K,u,head,1024,32-64,786432,0.04323875,0.04348986,0.01132965,0.05411064,0.05436175,0.005446116,0.006221953,0.001565,0.001536,0,0,1.524e-23,1.178e-24
step32000,32000,K,u,head,1024,64-128,1572864,0.04075093,0.04100205,0.002794266,0.03938654,0.03963766,0.00505847,0.004497165,0.001565,0.001536,0,0,1.524e-23,1.178e-24
step32000,32000,K,u,head,1024,128-256,3145728,0.03426245,0.03451356,0.01072375,0.02404447,0.02429558,0.004286721,0.003129005,0.001565,0.001536,0,0,1.524e-23,1.178e-24
step32000,32000,K,u,head,1024,256-512,6291456,0.01622143,0.01648506,0.007333597,0.008932068,0.009183179,0.002822149,0.002236321,0.001565,0.001536,0,0,1.524e-23,1.178e-24
step32000,32000,K,u,head,1024,512-1024,1.258291e+07,0.02013251,0.02040149,0.006832918,0.01329959,0.01356857,0.00417094,0.003420171,0.001565,0.001536,1.816523e-07,0,1.524e-23,1.178e-24
step32000,32000,K,v,residual,1024,spike,786432,0.0005428292,0.000723741,0.004821777,0.004768417,0.005037396,0.001849583,0.00235821,0.001565,0.001536,0,0,1.524e-23,1.178e-24
step32000,32000,K,v,residual,1024,32-64,786432,0.002346085,0.002615064,0.001462301,0.003652478,0.003916108,0.001975832,0.002149854,0.001565,0.001536,0,0,1.524e-23,1.178e-24
step32000,32000,K,v,residual,1024,64-128,1572864,0.002403941,0.00267292,0.0007400513,0.002430818,0.002675671,0.001933325,0.002041499,0.001565,0.001536,0,0,1.524e-23,1.178e-24
step32000,32000,K,v,residual,1024,128-256,3145728,0.001742851,0.001948763,0.001535098,0.0008444688,0.001108321,0.001864433,0.001827649,0.001565,0.001536,0,0,1.524e-23,1.178e-24
step32000,32000,K,v,residual,1024,256-512,6291456,0.000573363,0.0008423419,0.0005884171,0.000159007,0.00040386,0.001791523,0.001778035,0.001565,0.001536,0,0,1.524e-23,1.178e-24
step32000,32000,K,v,residual,1024,512-1024,1.258291e+07,0.0005571688,0.0008207994,0.0001672109,0.0005342523,0.0007627896,0.001853704,0.001824004,0.001565,0.001536,0,0,1.524e-23,1.178e-24
step32000,32000,V,u,head,1024,spike,786432,0.05305408,0.05331771,0.01521937,0.0396907,0.03995968,0.007071904,0.006544931,0.001565,0.001536,0,1.271566e-06,1.524e-23,1.178e-24
step32000,32000,V,u,head,1024,32-64,786432,0.02781731,0.02808094,0.003592173,0.02441284,0.02468182,0.005045936,0.004526774,0.001565,0.001536,0,0,1.524e-23,1.178e-24
step32000,32000,V,u,head,1024,64-128,1572864,0.01592514,0.01619411,0.001978556,0.0149473,0.01521628,0.003570012,0.003316243,0.001565,0.001536,0,0,1.524e-23,1.178e-24
step32000,32000,V,u,head,1024,128-256,3145728,0.01081471,0.01108369,0.005490621,0.005500839,0.005769818,0.002982503,0.002287683,0.001565,0.001536,0,0,1.524e-23,1.178e-24
step32000,32000,V,u,head,1024,256-512,6291456,0.003733699,0.00399733,0.002993743,0.000831558,0.001082669,0.002176535,0.001825628,0.001565,0.001536,0,0,1.524e-23,1.178e-24
step32000,32000,V,u,head,1024,512-1024,1.258291e+07,0.004558053,0.004827032,0.0007884502,0.003776914,0.004045893,0.002220097,0.00214822,0.001565,0.001536,0,0,1.524e-23,1.178e-24
step32000,32000,V,v,residual,1024,spike,786432,0.01774767,0.01799879,0.009386698,0.0270886,0.02733971,0.002886273,0.003790174,0.001565,0.001536,0,0,1.524e-23,1.178e-24
step32000,32000,V,v,residual,1024,32-64,786432,0.01523008,0.01549371,0.00692749,0.02201886,0.02226997,0.002799261,0.003214882,0.001565,0.001536,0,0,1.524e-23,1.178e-24
step32000,32000,V,v,residual,1024,64-128,1572864,0.01314079,0.0133919,0.00381724,0.01695803,0.01720914,0.002551215,0.002891359,0.001565,0.001536,0,0,1.524e-23,1.178e-24
step32000,32000,V,v,residual,1024,128-256,3145728,0.009000891,0.009252002,0.001324654,0.009991114,0.01024469,0.002267928,0.002330235,0.001565,0.001536,0,0,1.524e-23,1.178e-24
step32000,32000,V,v,residual,1024,256-512,6291456,0.003293459,0.003527657,0.0008730888,0.004100268,0.004334465,0.001899469,0.001911754,0.001565,0.001536,0,0,1.524e-23,1.178e-24
step32000,32000,V,v,residual,1024,512-1024,1.258291e+07,0.004937933,0.005206912,0.0009438992,0.005739258,0.006008237,0.002435037,0.002529144,0.001565,0.001536,2.2593e-06,1.419158e-06,1.524e-23,1.178e-24
step32000,32000,O,u,residual,1024,spike,786432,0.01038789,0.01065174,0.01025645,0.02019802,0.02046187,0.002487728,0.002727872,0.001565,0.001536,4.795619e-05,8.301508e-05,1.524e-23,1.178e-24
step32000,32000,O,u,residual,1024,32-64,786432,0.001219396,0.001386197,0.002634684,0.003404838,0.00364969,0.00195258,0.002230145,0.001565,0.001536,0,0,1.524e-23,1.178e-24
step32000,32000,O,u,residual,1024,64-128,1572864,0.0006133165,0.0008475138,0.001574834,0.001893267,0.002156897,0.001859029,0.002018157,0.001565,0.001536,0,0,1.524e-23,1.178e-24
step32000,32000,O,u,residual,1024,128-256,3145728,0.0004864196,0.0007553986,0.0007346471,0.0006280241,0.0008676777,0.001804806,0.001837095,0.001565,0.001536,0,0,1.524e-23,1.178e-24
step32000,32000,O,u,residual,1024,256-512,6291456,0.0002093252,0.0004187242,0.0004779498,0.0002739929,0.000451247,0.0017665,0.001741387,0.001565,0.001536,0,0,1.524e-23,1.178e-24
step32000,32000,O,u,residual,1024,512-1024,1.258291e+07,0.0001449819,0.0003831477,0.0006073316,0.0006407743,0.0009044048,0.001749277,0.001811198,0.001565,0.001536,0,0,1.524e-23,1.178e-24
step32000,32000,O,v,head,1024,spike,786432,0.03464944,0.03491307,0.004542033,0.0309703,0.03123928,0.005515871,0.005515326,0.001565,0.001536,0,1.453218e-06,1.524e-23,1.178e-24
step32000,32000,O,v,head,1024,32-64,786432,0.01921644,0.01948007,0.001881917,0.02051598,0.02077961,0.004020873,0.004210518,0.001565,0.001536,0,0,1.524e-23,1.178e-24
step32000,32000,O,v,head,1024,64-128,1572864,0.01529698,0.01556596,0.00359726,0.0119623,0.01223128,0.003496897,0.003032775,0.001565,0.001536,0,0,1.524e-23,1.178e-24
step32000,32000,O,v,head,1024,128-256,3145728,0.01135258,0.01162156,0.006580353,0.004772232,0.005041211,0.002938861,0.002177375,0.001565,0.001536,0,0,1.524e-23,1.178e-24
step32000,32000,O,v,head,1024,256-512,6291456,0.004571801,0.00484078,0.004019578,0.0007144967,0.0009559893,0.00220787,0.001791613,0.001565,0.001536,0,0,1.524e-23,1.178e-24
step32000,32000,O,v,head,1024,512-1024,1.258291e+07,0.005829557,0.006093188,0.003030936,0.002923932,0.003192911,0.002382926,0.002071869,0.001565,0.001536,4.881904e-07,0,1.524e-23,1.178e-24
step32000,32000,MLP_IN,u,hidden,4096,spike,3145728,0.0115207,0.01157302,0.01516247,0.01911327,0.01918048,0.00324994,0.002959342,0.001565,0.001558,1.839229e-05,3.542219e-05,1.524e-23,8.299e-24
step32000,32000,MLP_IN,u,hidden,4096,32-64,3145728,0.00625297,0.006320185,0.001178106,0.00706709,0.007134305,0.002485729,0.00273482,0.001565,0.001558,0,0,1.524e-23,8.299e-24
step32000,32000,MLP_IN,u,hidden,4096,64-128,6291456,0.004737741,0.004804956,0.000931104,0.005549794,0.005617009,0.002321947,0.002487478,0.001565,0.001558,0,0,1.524e-23,8.299e-24
step32000,32000,MLP_IN,u,hidden,4096,128-256,1.258291e+07,0.003735747,0.003802962,0.0005499522,0.003371761,0.003438976,0.002201875,0.002207359,0.001565,0.001558,0,0,1.524e-23,8.299e-24
step32000,32000,MLP_IN,u,hidden,4096,256-512,2.516582e+07,0.002113168,0.002179049,0.0004936457,0.001672075,0.00173929,0.002018543,0.001947119,0.001565,0.001558,0,0,1.524e-23,8.299e-24
step32000,32000,MLP_IN,u,hidden,4096,512-1024,5.033165e+07,0.0013343,0.00140023,0.001054009,0.0003149157,0.0003807971,0.001952069,0.001800705,0.001565,0.001558,1.339685e-06,0,1.524e-23,8.299e-24
step32000,32000,MLP_IN,v,residual,1024,spike,786432,0.001330729,0.001545747,0.01164754,0.01208285,0.01233396,0.001919883,0.002546038,0.001565,0.001536,0,0,1.524e-23,1.178e-24
step32000,32000,MLP_IN,v,residual,1024,32-64,786432,0.008577252,0.008840882,0.001964569,0.01026843,0.01053206,0.002262297,0.002459935,0.001565,0.001536,0,0,1.524e-23,1.178e-24
step32000,32000,MLP_IN,v,residual,1024,64-128,1572864,0.009164605,0.009415716,0.0009174347,0.008849367,0.009112998,0.002363205,0.00235603,0.001565,0.001536,0,0,1.524e-23,1.178e-24
step32000,32000,MLP_IN,v,residual,1024,128-256,3145728,0.007837836,0.008101467,0.002889315,0.005228156,0.005479267,0.002244995,0.002098856,0.001565,0.001536,0,0,1.524e-23,1.178e-24
step32000,32000,MLP_IN,v,residual,1024,256-512,6291456,0.004024451,0.004273186,0.001570225,0.002512678,0.002776309,0.001968861,0.001877058,0.001565,0.001536,0,0,1.524e-23,1.178e-24
step32000,32000,MLP_IN,v,residual,1024,512-1024,1.258291e+07,0.006925549,0.007194528,0.001723925,0.005355581,0.005621522,0.002410707,0.00223338,0.001565,0.001536,2.08673e-05,1.218205e-05,1.524e-23,1.178e-24
step32000,32000,MLP_OUT,u,residual,1024,spike,786432,0.02014546,0.02041444,0.03273265,0.05194135,0.05219246,0.00289699,0.00283541,0.001565,0.001536,0.0001284281,0.0001811073,1.524e-23,1.178e-24
step32000,32000,MLP_OUT,u,residual,1024,32-64,786432,0.00342225,0.003686103,0.00310262,0.005803893,0.006067746,0.002228691,0.002436502,0.001565,0.001536,0,0,1.524e-23,1.178e-24
step32000,32000,MLP_OUT,u,residual,1024,64-128,1572864,0.002122925,0.002391904,0.001893361,0.003658976,0.003927955,0.001998538,0.002167202,0.001565,0.001536,0,0,1.524e-23,1.178e-24
step32000,32000,MLP_OUT,u,residual,1024,128-256,3145728,0.001274968,0.001540273,0.0009412766,0.002216244,0.002479875,0.001921427,0.001940091,0.001565,0.001536,0,0,1.524e-23,1.178e-24
step32000,32000,MLP_OUT,u,residual,1024,256-512,6291456,0.0003102737,0.0005385966,0.0007241567,0.0009200818,0.001154279,0.00178764,0.001799356,0.001565,0.001536,0,0,1.524e-23,1.178e-24
step32000,32000,MLP_OUT,u,residual,1024,512-1024,1.258291e+07,0.0009092427,0.001118642,0.002192815,0.002042596,0.002306227,0.001828852,0.001892919,0.001565,0.001536,0,0,1.524e-23,1.178e-24
step32000,32000,MLP_OUT,v,hidden,4096,spike,3145728,0.02857636,0.02864229,0.006511052,0.02243788,0.02250381,0.005419822,0.004005932,0.001565,0.001558,3.038134e-05,7.665725e-05,1.524e-23,8.299e-24
step32000,32000,MLP_OUT,v,hidden,4096,32-64,3145728,0.01274791,0.01281384,0.001183192,0.01163211,0.01169805,0.003576188,0.003652936,0.001565,0.001558,5.585807e-06,1.271566e-06,1.524e-23,8.299e-24
step32000,32000,MLP_OUT,v,hidden,4096,64-128,6291456,0.007603794,0.007669725,0.0002220472,0.007596006,0.007661937,0.002835841,0.002932821,0.001565,0.001558,6.357829e-07,0,1.524e-23,8.299e-24
step32000,32000,MLP_OUT,v,hidden,4096,128-256,1.258291e+07,0.004144256,0.004210137,0.0003770987,0.004398018,0.004463949,0.002296618,0.002350115,0.001565,0.001558,0,0,1.524e-23,8.299e-24
step32000,32000,MLP_OUT,v,hidden,4096,256-512,2.516582e+07,0.002476677,0.002542558,0.001004616,0.001595265,0.00166248,0.00203056,0.001971319,0.001565,0.001558,0,0,1.524e-23,8.299e-24
step32000,32000,MLP_OUT,v,hidden,4096,512-1024,5.033165e+07,0.001398291,0.001465506,0.001145422,0.0002827506,0.0003499655,0.001928066,0.001797409,0.001565,0.001558,5.080586e-07,0,1.524e-23,8.299e-24
step48000,48000,Q,u,head,1024,spike,786432,0.07376396,0.07401507,0.05173111,0.1248758,0.1251269,0.007997059,0.009996868,0.001565,0.001536,3.269741e-06,0.0002659389,1.524e-23,1.178e-24
step48000,48000,Q,u,head,1024,32-64,786432,0.04816872,0.04843235,0.03932699,0.08646054,0.08671166,0.006188347,0.008506048,0.001565,0.001536,0,2.906436e-05,1.524e-23,1.178e-24
step48000,48000,Q,u,head,1024,64-128,1572864,0.04411168,0.04436279,0.01878484,0.06203567,0.06228678,0.005579812,0.006553832,0.001565,0.001536,0,2.361479e-06,1.524e-23,1.178e-24
step48000,48000,Q,u,head,1024,128-256,3145728,0.03591581,0.03616692,0.003232956,0.03391818,0.03416929,0.004440671,0.004147439,0.001565,0.001536,0,0,1.524e-23,1.178e-24
step48000,48000,Q,u,head,1024,256-512,6291456,0.01845244,0.01870355,0.004827976,0.01397748,0.01422859,0.002973148,0.002582323,0.001565,0.001536,0,0,1.524e-23,1.178e-24
step48000,48000,Q,u,head,1024,512-1024,1.258291e+07,0.02437572,0.0246447,0.006334702,0.01908555,0.01934918,0.004515228,0.003660157,0.001565,0.001536,3.86011e-07,9.082613e-08,1.524e-23,1.178e-24
step48000,48000,Q,v,residual,1024,spike,786432,0.002247324,0.002511176,0.01371129,0.01557849,0.01584212,0.002037412,0.003300258,0.001565,0.001536,0,1.162574e-05,1.524e-23,1.178e-24
step48000,48000,Q,v,residual,1024,32-64,786432,0.00410466,0.004373639,0.006563822,0.01056471,0.01082834,0.002059755,0.002991449,0.001565,0.001536,0,0,1.524e-23,1.178e-24
step48000,48000,Q,v,residual,1024,64-128,1572864,0.004422937,0.004674048,0.003716787,0.007469718,0.007733349,0.002044224,0.002525875,0.001565,0.001536,0,0,1.524e-23,1.178e-24
step48000,48000,Q,v,residual,1024,128-256,3145728,0.002488995,0.002752626,0.001226743,0.003586179,0.003855158,0.001941091,0.002145131,0.001565,0.001536,0,0,1.524e-23,1.178e-24
step48000,48000,Q,v,residual,1024,256-512,6291456,0.001159573,0.001423204,0.0003830592,0.000914002,0.001177632,0.001829284,0.001811618,0.001565,0.001536,0,0,1.524e-23,1.178e-24
step48000,48000,Q,v,residual,1024,512-1024,1.258291e+07,0.001353469,0.001622447,0.001020114,0.002224589,0.002488219,0.00198471,0.001963729,0.001565,0.001536,9.082613e-08,0,1.524e-23,1.178e-24
step48000,48000,K,u,head,1024,spike,786432,0.07845477,0.07870588,0.03502528,0.1112778,0.1115414,0.008454459,0.0089273,0.001565,0.001536,7.26609e-07,0.0003304254,1.524e-23,1.178e-24
step48000,48000,K,u,head,1024,32-64,786432,0.04871666,0.04896777,0.01420848,0.06243558,0.06268669,0.005897885,0.006979806,0.001565,0.001536,0,0,1.524e-23,1.178e-24
step48000,48000,K,u,head,1024,64-128,1572864,0.04428652,0.04453763,0.002552032,0.04495855,0.04520966,0.005494799,0.004955019,0.001565,0.001536,0,0,1.524e-23,1.178e-24
step48000,48000,K,u,head,1024,128-256,3145728,0.03648133,0.03673245,0.009996414,0.02682761,0.02707872,0.004499299,0.003315471,0.001565,0.001536,0,0,1.524e-23,1.178e-24
step48000,48000,K,u,head,1024,256-512,6291456,0.01804665,0.01829776,0.008003235,0.01017752,0.01044115,0.002938634,0.002298741,0.001565,0.001536,0,0,1.524e-23,1.178e-24
step48000,48000,K,u,head,1024,512-1024,1.258291e+07,0.02297732,0.0232463,0.008124828,0.01485249,0.01512147,0.004366773,0.003551302,0.001565,0.001536,5.222502e-07,4.541306e-08,1.524e-23,1.178e-24
step48000,48000,K,v,residual,1024,spike,786432,0.001257543,0.001414269,0.004446665,0.004574678,0.004819531,0.001892635,0.002279917,0.001565,0.001536,0,0,1.524e-23,1.178e-24
step48000,48000,K,v,residual,1024,32-64,786432,0.003061081,0.003295278,0.001744588,0.004138992,0.004407971,0.001966022,0.002167475,0.001565,0.001536,0,0,1.524e-23,1.178e-24
step48000,48000,K,v,residual,1024,64-128,1572864,0.00339424,0.003651623,0.001375834,0.002321289,0.002590268,0.001975468,0.002008347,0.001565,0.001536,0,0,1.524e-23,1.178e-24
step48000,48000,K,v,residual,1024,128-256,3145728,0.002137297,0.002388408,0.0008058548,0.001373196,0.001636827,0.001911663,0.001877104,0.001565,0.001536,0,0,1.524e-23,1.178e-24
step48000,48000,K,v,residual,1024,256-512,6291456,0.000764006,0.001015117,0.0009756088,0.0002129232,0.0002710335,0.001781191,0.001764729,0.001565,0.001536,0,0,1.524e-23,1.178e-24
step48000,48000,K,v,residual,1024,512-1024,1.258291e+07,0.0008725171,0.001136148,0.0003424486,0.0006712179,0.0009350707,0.001907939,0.001833462,0.001565,0.001536,0,0,1.524e-23,1.178e-24
step48000,48000,V,u,head,1024,spike,786432,0.05489531,0.05515894,0.01848475,0.03804656,0.03831554,0.007161458,0.006351653,0.001565,0.001536,0,7.26609e-07,1.524e-23,1.178e-24
step48000,48000,V,u,head,1024,32-64,786432,0.02838443,0.02864806,0.004603068,0.02378136,0.02404499,0.004797981,0.004508972,0.001565,0.001536,0,0,1.524e-23,1.178e-24
step48000,48000,V,u,head,1024,64-128,1572864,0.01533513,0.01560411,0.002007167,0.01392927,0.0141929,0.003467741,0.003209886,0.001565,0.001536,0,0,1.524e-23,1.178e-24
step48000,48000,V,u,head,1024,128-256,3145728,0.0108856,0.01115458,0.005382856,0.005567774,0.005831404,0.002968152,0.002255031,0.001565,0.001536,0,0,1.524e-23,1.178e-24
step48000,48000,V,u,head,1024,256-512,6291456,0.00403377,0.004302749,0.003072262,0.0012038,0.001437997,0.002229645,0.001845496,0.001565,0.001536,0,0,1.524e-23,1.178e-24
step48000,48000,V,u,head,1024,512-1024,1.258291e+07,0.00478153,0.005050509,0.001237392,0.003544138,0.003813117,0.002246198,0.002144053,0.001565,0.001536,0,0,1.524e-23,1.178e-24
step48000,48000,V,v,residual,1024,spike,786432,0.01665031,0.01690142,0.009545644,0.02566571,0.02591683,0.002846309,0.003751482,0.001565,0.001536,0,0,1.524e-23,1.178e-24
step48000,48000,V,v,residual,1024,32-64,786432,0.01542834,0.01567945,0.006209056,0.0213907,0.0216249,0.002823784,0.003088452,0.001565,0.001536,0,0,1.524e-23,1.178e-24
step48000,48000,V,v,residual,1024,64-128,1572864,0.01289093,0.01314204,0.003372192,0.01615186,0.01640297,0.002597809,0.002808253,0.001565,0.001536,0,0,1.524e-23,1.178e-24
step48000,48000,V,v,residual,1024,128-256,3145728,0.008566651,0.008817762,0.001300812,0.009613786,0.009864897,0.002247175,0.002261162,0.001565,0.001536,0,0,1.524e-23,1.178e-24
step48000,48000,V,v,residual,1024,256-512,6291456,0.00368408,0.003901815,0.0006949107,0.004109235,0.004315709,0.001923924,0.001918702,0.001565,0.001536,0,0,1.524e-23,1.178e-24
step48000,48000,V,v,residual,1024,512-1024,1.258291e+07,0.005021459,0.005290438,0.0008661747,0.005729403,0.005998382,0.002421356,0.002492905,0.001565,0.001536,4.529953e-06,4.632132e-06,1.524e-23,1.178e-24
step48000,48000,O,u,residual,1024,spike,786432,0.01160435,0.01187333,0.01059977,0.02218251,0.02245149,0.002528963,0.002701532,0.001565,0.001536,6.43049e-05,9.064447e-05,1.524e-23,1.178e-24
step48000,48000,O,u,residual,1024,32-64,786432,0.002365579,0.002629432,0.00266393,0.004217829,0.004486808,0.002037957,0.002231053,0.001565,0.001536,0,0,1.524e-23,1.178e-24
step48000,48000,O,u,residual,1024,64-128,1572864,0.0008016273,0.001065258,0.001667023,0.00243241,0.002696041,0.001836413,0.002008347,0.001565,0.001536,0,0,1.524e-23,1.178e-24
step48000,48000,O,u,residual,1024,128-256,3145728,0.0002892455,0.0004860712,0.0008455912,0.0007629852,0.001031964,0.001807031,0.001835823,0.001565,0.001536,0,0,1.524e-23,1.178e-24
step48000,48000,O,u,residual,1024,256-512,6291456,0.0001775128,0.0002419155,0.0004046758,0.0002936857,0.0005447967,0.001756918,0.001751763,0.001565,0.001536,0,0,1.524e-23,1.178e-24
step48000,48000,O,u,residual,1024,512-1024,1.258291e+07,0.0003853884,0.0006521633,0.000566562,0.0009354596,0.00119909,0.001783042,0.00183169,0.001565,0.001536,0,0,1.524e-23,1.178e-24
step48000,48000,O,v,head,1024,spike,786432,0.03769992,0.03796355,0.006548564,0.03221771,0.03248669,0.005736033,0.005550385,0.001565,0.001536,0,7.26609e-07,1.524e-23,1.178e-24
step48000,48000,O,v,head,1024,32-64,786432,0.02068892,0.02095255,0.001564026,0.02198796,0.02225694,0.004225776,0.004202525,0.001565,0.001536,0,0,1.524e-23,1.178e-24
step48000,48000,O,v,head,1024,64-128,1572864,0.01516919,0.01543817,0.002511978,0.01309322,0.01335685,0.003426143,0.00300471,0.001565,0.001536,0,0,1.524e-23,1.178e-24
step48000,48000,O,v,head,1024,128-256,3145728,0.01145798,0.01172161,0.006425858,0.005169596,0.005438575,0.00299808,0.00217801,0.001565,0.001536,0,0,1.524e-23,1.178e-24
step48000,48000,O,v,head,1024,256-512,6291456,0.004704381,0.004968011,0.003900369,0.0009434558,0.001194567,0.002238364,0.001824288,0.001565,0.001536,0,0,1.524e-23,1.178e-24
step48000,48000,O,v,head,1024,512-1024,1.258291e+07,0.006058818,0.006327797,0.003032128,0.00302669,0.003295669,0.002400932,0.002079203,0.001565,0.001536,3.86011e-07,0,1.524e-23,1.178e-24
step48000,48000,MLP_IN,u,hidden,4096,spike,3145728,0.01292737,0.01297969,0.01698939,0.02288982,0.02295703,0.003392628,0.003177189,0.001565,0.001558,1.966386e-05,3.851028e-05,1.524e-23,8.299e-24
step48000,48000,MLP_IN,u,hidden,4096,32-64,3145728,0.006971087,0.007038302,0.001676242,0.00851,0.008577215,0.002599489,0.002902394,0.001565,0.001558,0,0,1.524e-23,8.299e-24
step48000,48000,MLP_IN,u,hidden,4096,64-128,6291456,0.006125814,0.006193029,0.0009309451,0.006905601,0.006972816,0.00244538,0.002615906,0.001565,0.001558,0,0,1.524e-23,8.299e-24
step48000,48000,MLP_IN,u,hidden,4096,128-256,1.258291e+07,0.004538026,0.00460524,0.0002083778,0.004329648,0.004396863,0.002300717,0.002286037,0.001565,0.001558,4.541306e-08,0,1.524e-23,8.299e-24
step48000,48000,MLP_IN,u,hidden,4096,256-512,2.516582e+07,0.002672339,0.00273822,0.0007261833,0.00195232,0.002018251,0.002062497,0.001988456,0.001565,0.001558,0,0,1.524e-23,8.299e-24
step48000,48000,MLP_IN,u,hidden,4096,512-1024,5.033165e+07,0.001863962,0.001931177,0.00141722,0.0004514516,0.0005186666,0.002013127,0.001815032,0.001565,0.001558,2.018043e-06,0,1.524e-23,8.299e-24
step48000,48000,MLP_IN,v,residual,1024,spike,786432,0.001359975,0.001574993,0.01100159,0.01104868,0.01131766,0.001851945,0.002539317,0.001565,0.001536,0,0,1.524e-23,1.178e-24
step48000,48000,MLP_IN,v,residual,1024,32-64,786432,0.0071709,0.007434531,0.002338409,0.009455904,0.009719534,0.002226512,0.002388909,0.001565,0.001536,0,0,1.524e-23,1.178e-24
step48000,48000,MLP_IN,v,residual,1024,64-128,1572864,0.008666142,0.00890034,0.001367569,0.007766629,0.008030259,0.002308709,0.002235322,0.001565,0.001536,0,0,1.524e-23,1.178e-24
step48000,48000,MLP_IN,v,residual,1024,128-256,3145728,0.00800907,0.008260181,0.003087362,0.005021,0.005284631,0.002233596,0.00206416,0.001565,0.001536,0,0,1.524e-23,1.178e-24
step48000,48000,MLP_IN,v,residual,1024,256-512,6291456,0.004138982,0.004354,0.002012253,0.002314045,0.002565156,0.001947153,0.001854488,0.001565,0.001536,0,0,1.524e-23,1.178e-24
step48000,48000,MLP_IN,v,residual,1024,512-1024,1.258291e+07,0.006906555,0.007175534,0.002060811,0.004918565,0.005182418,0.002436536,0.002192157,0.001565,0.001536,2.245676e-05,1.190958e-05,1.524e-23,1.178e-24
step48000,48000,MLP_OUT,u,residual,1024,spike,786432,0.02178197,0.02205095,0.03047943,0.05193892,0.05220255,0.00300035,0.002878098,0.001565,0.001536,0.0001460484,0.0001689366,1.524e-23,1.178e-24
step48000,48000,MLP_OUT,u,residual,1024,32-64,786432,0.003455385,0.003719016,0.002305349,0.005628417,0.00589227,0.002313705,0.002429599,0.001565,0.001536,0,0,1.524e-23,1.178e-24
step48000,48000,MLP_OUT,u,residual,1024,64-128,1572864,0.001802911,0.002066764,0.002712886,0.004236652,0.004487763,0.002001989,0.002194541,0.001565,0.001536,0,0,1.524e-23,1.178e-24
step48000,48000,MLP_OUT,u,residual,1024,128-256,3145728,0.001165857,0.00142971,0.001073201,0.002076889,0.002311086,0.001849038,0.001917385,0.001565,0.001536,0,0,1.524e-23,1.178e-24
step48000,48000,MLP_OUT,u,residual,1024,256-512,6291456,0.0005818026,0.0008266556,0.0006081263,0.0009201725,0.00113519,0.001799197,0.001814638,0.001565,0.001536,0,0,1.524e-23,1.178e-24
step48000,48000,MLP_OUT,u,residual,1024,512-1024,1.258291e+07,0.001131369,0.001340768,0.001741648,0.001937692,0.002201322,0.001848993,0.00189595,0.001565,0.001536,0,0,1.524e-23,1.178e-24
step48000,48000,MLP_OUT,v,hidden,4096,spike,3145728,0.03300141,0.03306852,0.005570094,0.02828804,0.02835397,0.005905515,0.004441715,0.001565,0.001558,4.373278e-05,0.0001041776,1.524e-23,8.299e-24
step48000,48000,MLP_OUT,v,hidden,4096,32-64,3145728,0.01581048,0.01587641,0.0009082158,0.01521952,0.01528545,0.004050573,0.004096803,0.001565,0.001558,9.536743e-06,2.089001e-06,1.524e-23,8.299e-24
step48000,48000,MLP_OUT,v,hidden,4096,64-128,6291456,0.009596711,0.009663926,0.0007834435,0.009185781,0.009251712,0.003127938,0.003195036,0.001565,0.001558,8.628482e-07,0,1.524e-23,8.299e-24
step48000,48000,MLP_OUT,v,hidden,4096,128-256,1.258291e+07,0.005264725,0.00533194,0.0004086494,0.004935867,0.005003082,0.002469892,0.002474705,0.001565,0.001558,0,0,1.524e-23,8.299e-24
step48000,48000,MLP_OUT,v,hidden,4096,256-512,2.516582e+07,0.003116733,0.003183948,0.001233101,0.001953807,0.002021021,0.002110288,0.002012202,0.001565,0.001558,0,0,1.524e-23,8.299e-24
step48000,48000,MLP_OUT,v,hidden,4096,512-1024,5.033165e+07,0.001696215,0.00176343,0.001340667,0.0003972189,0.0004601508,0.001989495,0.001803151,0.001565,0.001558,6.357829e-07,0,1.524e-23,8.299e-24
step64000,64000,Q,u,head,1024,spike,786432,0.08242587,0.08267698,0.08146032,0.1633025,0.1635367,0.008619944,0.01163664,0.001565,0.001536,3.451393e-06,0.0003910973,1.524e-23,1.178e-24
step64000,64000,Q,u,head,1024,32-64,786432,0.05092929,0.05119292,0.06030528,0.1087918,0.109026,0.006415957,0.01047007,0.001565,0.001536,2.179827e-06,3.923689e-05,1.524e-23,1.178e-24
step64000,64000,Q,u,head,1024,64-128,1572864,0.04838669,0.0486378,0.03113619,0.07664913,0.07688333,0.005887168,0.007640384,0.001565,0.001536,0,1.362392e-06,1.524e-23,1.178e-24
step64000,64000,Q,u,head,1024,128-256,3145728,0.03953881,0.03978993,0.009016037,0.04711989,0.047371,0.004744893,0.005007971,0.001565,0.001536,0,0,1.524e-23,1.178e-24
step64000,64000,Q,u,head,1024,256-512,6291456,0.02029192,0.02054303,0.0007723173,0.01987771,0.02012882,0.00305144,0.003087725,0.001565,0.001536,0,0,1.524e-23,1.178e-24
step64000,64000,Q,u,head,1024,512-1024,1.258291e+07,0.02750832,0.02777195,0.004041433,0.02659054,0.02684514,0.004775388,0.004154762,0.001565,0.001536,4.427774e-07,9.082613e-08,1.524e-23,1.178e-24
step64000,64000,Q,v,residual,1024,spike,786432,0.002374059,0.002643038,0.01647441,0.01870351,0.01897249,0.002042498,0.003853934,0.001565,0.001536,0,9.627569e-06,1.524e-23,1.178e-24
step64000,64000,Q,v,residual,1024,32-64,786432,0.004517919,0.004786898,0.01014328,0.01427641,0.01454004,0.002199082,0.003406343,0.001565,0.001536,0,0,1.524e-23,1.178e-24
step64000,64000,Q,v,residual,1024,64-128,1572864,0.004649275,0.004900386,0.005345662,0.009918754,0.01018238,0.00214722,0.002870832,0.001565,0.001536,0,0,1.524e-23,1.178e-24
step64000,64000,Q,v,residual,1024,128-256,3145728,0.003156072,0.003425051,0.001049995,0.004206067,0.004475046,0.001989047,0.002152216,0.001565,0.001536,0,0,1.524e-23,1.178e-24
step64000,64000,Q,v,residual,1024,256-512,6291456,0.001316742,0.00153176,0.0008703868,0.0005995334,0.0008633861,0.00180887,0.001814978,0.001565,0.001536,0,0,1.524e-23,1.178e-24
step64000,64000,Q,v,residual,1024,512-1024,1.258291e+07,0.001698222,0.001967201,0.001281818,0.002925863,0.003189716,0.001993191,0.002051967,0.001565,0.001536,1.70299e-07,0,1.524e-23,1.178e-24
step64000,64000,K,u,head,1024,spike,786432,0.08601677,0.08626788,0.03894297,0.1238115,0.1240626,0.009088425,0.009580158,0.001565,0.001536,4.178002e-06,0.0003476824,1.524e-23,1.178e-24
step64000,64000,K,u,head,1024,32-64,786432,0.05535677,0.05560789,0.01751073,0.07258649,0.0728376,0.006728218,0.007867541,0.001565,0.001536,7.26609e-07,2.179827e-06,1.524e-23,1.178e-24
step64000,64000,K,u,head,1024,64-128,1572864,0.04870151,0.04896514,0.004320145,0.05189494,0.05214605,0.006008511,0.00561914,0.001565,0.001536,3.633045e-07,0,1.524e-23,1.178e-24
step64000,64000,K,u,head,1024,128-256,3145728,0.0380568,0.03830792,0.009458224,0.02922165,0.02947276,0.004698208,0.003616151,0.001565,0.001536,0,0,1.524e-23,1.178e-24
step64000,64000,K,u,head,1024,256-512,6291456,0.01836073,0.01861184,0.00727733,0.01108721,0.01133832,0.002985137,0.002387524,0.001565,0.001536,0,0,1.524e-23,1.178e-24
step64000,64000,K,u,head,1024,512-1024,1.258291e+07,0.02474901,0.02501799,0.008476655,0.01631322,0.01657685,0.004466534,0.003626471,0.001565,0.001536,1.07856e-06,9.082613e-08,1.524e-23,1.178e-24
step64000,64000,K,v,residual,1024,spike,786432,0.001867199,0.00213083,0.003475189,0.004988893,0.005252524,0.001963116,0.002375285,0.001565,0.001536,0,1.271566e-06,1.524e-23,1.178e-24
step64000,64000,K,v,residual,1024,32-64,786432,0.002791554,0.003055407,0.002180735,0.004939192,0.005190303,0.002065568,0.002243224,0.001565,0.001536,0,0,1.524e-23,1.178e-24
step64000,64000,K,v,residual,1024,64-128,1572864,0.003549481,0.003813111,0.0008907318,0.003241052,0.003504905,0.002061662,0.002084823,0.001565,0.001536,0,0,1.524e-23,1.178e-24
step64000,64000,K,v,residual,1024,128-256,3145728,0.002635225,0.002898856,0.00167052,0.001519249,0.001788228,0.001960891,0.001878648,0.001565,0.001536,0,0,1.524e-23,1.178e-24
step64000,64000,K,v,residual,1024,256-512,6291456,0.0006886169,0.0009522475,0.0005839666,0.0001338033,0.0003783793,0.001768612,0.00176675,0.001565,0.001536,0,0,1.524e-23,1.178e-24
step64000,64000,K,v,residual,1024,512-1024,1.258291e+07,0.0009215491,0.001166402,0.0002649625,0.0007491049,0.0009791093,0.001916204,0.001862344,0.001565,0.001536,0,0,1.524e-23,1.178e-24
step64000,64000,V,u,head,1024,spike,786432,0.05631437,0.056578,0.01929347,0.0385145,0.03878348,0.007253193,0.006236485,0.001565,0.001536,0,1.453218e-06,1.524e-23,1.178e-24
step64000,64000,V,u,head,1024,32-64,786432,0.02921985,0.02948348,0.004229228,0.02505498,0.02532396,0.004926772,0.004600525,0.001565,0.001536,0,0,1.524e-23,1.178e-24
step64000,64000,V,u,head,1024,64-128,1572864,0.01681509,0.01707872,0.001271566,0.01562759,0.01589657,0.003530956,0.003316243,0.001565,0.001536,0,0,1.524e-23,1.178e-24
step64000,64000,V,u,head,1024,128-256,3145728,0.01137516,0.01164413,0.005191485,0.006274446,0.006538077,0.002982457,0.002282188,0.001565,0.001536,0,0,1.524e-23,1.178e-24
step64000,64000,V,u,head,1024,256-512,6291456,0.004524912,0.004793891,0.003461361,0.001080944,0.001342449,0.002252215,0.001838048,0.001565,0.001536,0,0,1.524e-23,1.178e-24
step64000,64000,V,u,head,1024,512-1024,1.258291e+07,0.005220141,0.00548912,0.001292944,0.003941741,0.00421072,0.002280723,0.002174003,0.001565,0.001536,0,0,1.524e-23,1.178e-24
step64000,64000,V,v,residual,1024,spike,786432,0.01721234,0.01746346,0.008715312,0.02560097,0.0258646,0.002919333,0.00375457,0.001565,0.001536,0,0,1.524e-23,1.178e-24
step64000,64000,V,v,residual,1024,32-64,786432,0.01541054,0.01566165,0.005549113,0.02043333,0.02069696,0.002760933,0.003215608,0.001565,0.001536,0,0,1.524e-23,1.178e-24
step64000,64000,V,v,residual,1024,64-128,1572864,0.01339255,0.01362675,0.002684275,0.01602152,0.01627263,0.002620879,0.002789179,0.001565,0.001536,0,0,1.524e-23,1.178e-24
step64000,64000,V,v,residual,1024,128-256,3145728,0.00932514,0.009576251,0.0008672078,0.01003142,0.01024644,0.002258619,0.002281507,0.001565,0.001536,0,0,1.524e-23,1.178e-24
step64000,64000,V,v,residual,1024,256-512,6291456,0.003945203,0.004140298,0.0004769961,0.004259916,0.004455011,0.00189184,0.001911345,0.001565,0.001536,0,0,1.524e-23,1.178e-24
step64000,64000,V,v,residual,1024,512-1024,1.258291e+07,0.005556152,0.005825131,0.0005545616,0.005969491,0.00623847,0.00244538,0.002513568,0.001565,0.001536,5.438214e-06,6.607601e-06,1.524e-23,1.178e-24
step64000,64000,O,u,residual,1024,spike,786432,0.01251607,0.01278505,0.01211675,0.02433527,0.02460425,0.002535865,0.00261888,0.001565,0.001536,8.44683e-05,0.0001033601,1.524e-23,1.178e-24
step64000,64000,O,u,residual,1024,32-64,786432,0.001917952,0.002169063,0.002174377,0.00360956,0.003854413,0.001985096,0.002254123,0.001565,0.001536,0,0,1.524e-23,1.178e-24
step64000,64000,O,u,residual,1024,64-128,1572864,0.000852416,0.001116269,0.001888911,0.002386634,0.002650265,0.00179427,0.002006894,0.001565,0.001536,0,0,1.524e-23,1.178e-24
step64000,64000,O,u,residual,1024,128-256,3145728,0.0008197471,0.001083378,0.0005191167,0.000948701,0.001199812,0.001775923,0.001835006,0.001565,0.001536,0,0,1.524e-23,1.178e-24
step64000,64000,O,u,residual,1024,256-512,6291456,0.0003708844,0.000634515,0.0002977053,0.0002595941,0.000474612,0.001762186,0.001758712,0.001565,0.001536,0,0,1.524e-23,1.178e-24
step64000,64000,O,u,residual,1024,512-1024,1.258291e+07,0.0003331321,0.0005889664,0.0005308787,0.0007821259,0.001033237,0.001801672,0.001818441,0.001565,0.001536,0,0,1.524e-23,1.178e-24
step64000,64000,O,v,head,1024,spike,786432,0.03992898,0.04019261,0.007633209,0.03269631,0.03295994,0.00603249,0.0056334,0.001565,0.001536,0,0,1.524e-23,1.178e-24
step64000,64000,O,v,head,1024,32-64,786432,0.02187988,0.02214886,0.002227783,0.02289508,0.02315871,0.004175459,0.004311698,0.001565,0.001536,0,0,1.524e-23,1.178e-24
step64000,64000,O,v,head,1024,64-128,1572864,0.01612859,0.01639756,0.001672745,0.01445584,0.01472482,0.003524599,0.003193901,0.001565,0.001536,0,0,1.524e-23,1.178e-24
step64000,64000,O,v,head,1024,128-256,3145728,0.01126185,0.01152548,0.005449295,0.00581255,0.006076181,0.002904211,0.002250853,0.001565,0.001536,0,0,1.524e-23,1.178e-24
step64000,64000,O,v,head,1024,256-512,6291456,0.005316621,0.0055856,0.004172007,0.001177142,0.001440995,0.002267066,0.001865614,0.001565,0.001536,0,0,1.524e-23,1.178e-24
step64000,64000,O,v,head,1024,512-1024,1.258291e+07,0.006800856,0.007069835,0.00337704,0.003423816,0.003692795,0.002494199,0.002163773,0.001565,0.001536,4.995437e-07,0,1.524e-23,1.178e-24
step64000,64000,MLP_IN,u,hidden,4096,spike,3145728,0.01374562,0.01379794,0.01976204,0.02617413,0.02624001,0.003443627,0.003389903,0.001565,0.001558,2.111707e-05,3.796532e-05,1.524e-23,8.299e-24
step64000,64000,MLP_IN,u,hidden,4096,32-64,3145728,0.008507952,0.008573833,0.001530647,0.0100386,0.01010448,0.002672468,0.003056027,0.001565,0.001558,4.995437e-07,0,1.524e-23,8.299e-24
step64000,64000,MLP_IN,u,hidden,4096,64-128,6291456,0.007190273,0.007257488,0.000696818,0.007650421,0.007717636,0.002578417,0.002730824,0.001565,0.001558,9.082613e-08,0,1.524e-23,8.299e-24
step64000,64000,MLP_IN,u,hidden,4096,128-256,1.258291e+07,0.005536523,0.005603737,0.0008893808,0.004700884,0.004766765,0.002414283,0.002364238,0.001565,0.001558,1.70299e-07,0,1.524e-23,8.299e-24
step64000,64000,MLP_IN,u,hidden,4096,256-512,2.516582e+07,0.003164774,0.003231989,0.0007538795,0.002429253,0.002496468,0.002138155,0.002029527,0.001565,0.001558,0,0,1.524e-23,8.299e-24
step64000,64000,MLP_IN,u,hidden,4096,512-1024,5.033165e+07,0.002304679,0.002371894,0.001851261,0.0005312607,0.0005971421,0.002069258,0.001808598,0.001565,0.001558,2.951849e-06,0,1.524e-23,8.299e-24
step64000,64000,MLP_IN,v,residual,1024,spike,786432,0.0006524965,0.0006898674,0.009929657,0.009996209,0.01024732,0.001895541,0.002385094,0.001565,0.001536,7.26609e-07,0,1.524e-23,1.178e-24
step64000,64000,MLP_IN,v,residual,1024,32-64,786432,0.00650449,0.006755601,0.003328959,0.00907952,0.009343151,0.002254668,0.002470471,0.001565,0.001536,0,0,1.524e-23,1.178e-24
step64000,64000,MLP_IN,v,residual,1024,64-128,1572864,0.008684589,0.0089357,0.001895905,0.006952081,0.007203192,0.002325785,0.002186639,0.001565,0.001536,0,0,1.524e-23,1.178e-24
step64000,64000,MLP_IN,v,residual,1024,128-256,3145728,0.007536683,0.007787794,0.002948125,0.004716659,0.004950856,0.002213978,0.002035641,0.001565,0.001536,0,0,1.524e-23,1.178e-24
step64000,64000,MLP_IN,v,residual,1024,256-512,6291456,0.004100427,0.004334624,0.002198696,0.001911426,0.002149513,0.001935164,0.0018514,0.001565,0.001536,0,0,1.524e-23,1.178e-24
step64000,64000,MLP_IN,v,residual,1024,512-1024,1.258291e+07,0.00689829,0.007167269,0.002166192,0.004732098,0.005001077,0.002413965,0.002149661,0.001565,0.001536,2.064024e-05,1.19777e-05,1.524e-23,1.178e-24
step64000,64000,MLP_OUT,u,residual,1024,spike,786432,0.02235721,0.02262084,0.02836863,0.05008995,0.05034106,0.00296293,0.00281452,0.001565,0.001536,0.0001435053,0.0001574925,1.524e-23,1.178e-24
step64000,64000,MLP_OUT,u,residual,1024,32-64,786432,0.003230244,0.003494097,0.002867381,0.005837804,0.006106783,0.002308255,0.002466656,0.001565,0.001536,0,0,1.524e-23,1.178e-24
step64000,64000,MLP_OUT,u,residual,1024,64-128,1572864,0.002356752,0.002620383,0.001700719,0.003949278,0.004200389,0.002047039,0.002188274,0.001565,0.001536,0,0,1.524e-23,1.178e-24
step64000,64000,MLP_OUT,u,residual,1024,128-256,3145728,0.0007173833,0.0009622363,0.001525879,0.002135381,0.002369578,0.001835823,0.001935913,0.001565,0.001536,0,0,1.524e-23,1.178e-24
step64000,64000,MLP_OUT,u,residual,1024,256-512,6291456,0.0005665955,0.0008177065,0.0004677773,0.0009111126,0.001128359,0.001788207,0.001781191,0.001565,0.001536,0,0,1.524e-23,1.178e-24
step64000,64000,MLP_OUT,u,residual,1024,512-1024,1.258291e+07,0.001236432,0.001445831,0.001680136,0.002074822,0.00230902,0.001895825,0.001908632,0.001565,0.001536,2.043588e-07,4.541306e-08,1.524e-23,1.178e-24
step64000,64000,MLP_OUT,v,hidden,4096,spike,3145728,0.03690533,0.03697255,0.00452741,0.03325032,0.03331625,0.006203106,0.004846255,0.001565,0.001558,5.899157e-05,0.0001185735,1.524e-23,8.299e-24
step64000,64000,MLP_OUT,v,hidden,4096,32-64,3145728,0.01785823,0.01792545,0.0003299713,0.01775598,0.01782191,0.004239491,0.004470235,0.001565,0.001558,1.521338e-05,2.179827e-06,1.524e-23,8.299e-24
step64000,64000,MLP_OUT,v,hidden,4096,64-128,6291456,0.01088671,0.01095393,0.000386556,0.01072427,0.01079149,0.003355935,0.003437701,0.001565,0.001558,1.407805e-06,0,1.524e-23,8.299e-24
step64000,64000,MLP_OUT,v,hidden,4096,128-256,1.258291e+07,0.006073997,0.006141212,0.0004247824,0.005718118,0.005785333,0.002597332,0.002570107,0.001565,0.001558,0,0,1.524e-23,8.299e-24
step64000,64000,MLP_OUT,v,hidden,4096,256-512,2.516582e+07,0.003267731,0.003334946,0.001097918,0.002331962,0.002397893,0.00217142,0.002046914,0.001565,0.001558,0,0,1.524e-23,8.299e-24
step64000,64000,MLP_OUT,v,hidden,4096,512-1024,5.033165e+07,0.002229816,0.002297031,0.001949906,0.0003096597,0.0003724149,0.00203708,0.001807153,0.001565,0.001558,7.549922e-07,0,1.524e-23,8.299e-24
step96000,96000,Q,u,head,1024,spike,786432,0.09355079,0.09378498,0.138574,0.2307415,0.2309566,0.009457179,0.01270621,0.001565,0.001536,3.451393e-06,0.0006735665,1.524e-23,1.178e-24
step96000,96000,Q,u,head,1024,32-64,786432,0.06456684,0.06483047,0.1020622,0.1617118,0.161946,0.007786887,0.01259413,0.001565,0.001536,4.904611e-06,0.0001707531,1.524e-23,1.178e-24
step96000,96000,Q,u,head,1024,64-128,1572864,0.05718211,0.05743322,0.05779839,0.1113902,0.1116244,0.006873812,0.01001494,0.001565,0.001536,3.633045e-07,3.623962e-05,1.524e-23,1.178e-24
step96000,96000,Q,u,head,1024,128-256,3145728,0.04500019,0.0452513,0.0236632,0.06507185,0.06530604,0.005124001,0.006240663,0.001565,0.001536,0,0,1.524e-23,1.178e-24
step96000,96000,Q,u,head,1024,256-512,6291456,0.02366665,0.02391776,0.01070102,0.03343497,0.03367083,0.003276757,0.003851346,0.001565,0.001536,0,0,1.524e-23,1.178e-24
step96000,96000,Q,u,head,1024,512-1024,1.258291e+07,0.03381171,0.03407534,0.01170834,0.04120901,0.04144709,0.005296775,0.005135479,0.001565,0.001536,1.203446e-06,9.082613e-08,1.524e-23,1.178e-24
step96000,96000,Q,v,residual,1024,spike,786432,0.003080588,0.003325441,0.02293905,0.02580266,0.02607164,0.002154214,0.004635584,0.001565,0.001536,0,1.235235e-05,1.524e-23,1.178e-24
step96000,96000,Q,v,residual,1024,32-64,786432,0.007563814,0.007827445,0.01450857,0.02104064,0.02130962,0.002279554,0.004356203,0.001565,0.001536,0,0,1.524e-23,1.178e-24
step96000,96000,Q,v,residual,1024,64-128,1572864,0.006397678,0.006648789,0.01099777,0.01704411,0.01731309,0.002309345,0.003639675,0.001565,0.001536,0,0,1.524e-23,1.178e-24
step96000,96000,Q,v,residual,1024,128-256,3145728,0.004363482,0.004597679,0.005186717,0.009283429,0.009552408,0.002082325,0.002688817,0.001565,0.001536,0,0,1.524e-23,1.178e-24
step96000,96000,Q,v,residual,1024,256-512,6291456,0.0009776291,0.00123907,0.0008624395,0.001809869,0.00206098,0.001822381,0.001930895,0.001565,0.001536,0,0,1.524e-23,1.178e-24
step96000,96000,Q,v,residual,1024,512-1024,1.258291e+07,0.002288644,0.002552275,0.00361228,0.005900924,0.006164554,0.002073606,0.002288432,0.001565,0.001536,4.541306e-08,0,1.524e-23,1.178e-24
step96000,96000,K,u,head,1024,spike,786432,0.09984759,0.1000987,0.0525411,0.1523887,0.1526398,0.01016544,0.01105154,0.001565,0.001536,1.289731e-05,0.000412169,1.524e-23,1.178e-24
step96000,96000,K,u,head,1024,32-64,786432,0.07051649,0.07078012,0.02624893,0.09543144,0.09568255,0.008051373,0.00972439,0.001565,0.001536,6.902786e-06,6.902786e-06,1.524e-23,1.178e-24
step96000,96000,K,u,head,1024,64-128,1572864,0.05981754,0.06008117,0.01009496,0.06855817,0.06880928,0.007241658,0.007084529,0.001565,0.001536,0,0,1.524e-23,1.178e-24
step96000,96000,K,u,head,1024,128-256,3145728,0.0430477,0.04329881,0.006310145,0.03736571,0.03761682,0.005261739,0.004406066,0.001565,0.001536,0,0,1.524e-23,1.178e-24
step96000,96000,K,u,head,1024,256-512,6291456,0.01998431,0.02024794,0.006080945,0.01395793,0.01420904,0.003182774,0.002582482,0.001565,0.001536,0,0,1.524e-23,1.178e-24
step96000,96000,K,u,head,1024,512-1024,1.258291e+07,0.02890299,0.02916662,0.008416414,0.02078174,0.02104537,0.004692373,0.003885258,0.001565,0.001536,1.805169e-06,1.248859e-07,1.524e-23,1.178e-24
step96000,96000,K,v,residual,1024,spike,786432,0.002555117,0.002818747,0.004798889,0.007289156,0.007552786,0.00207356,0.002576919,0.001565,0.001536,0,0,1.524e-23,1.178e-24
step96000,96000,K,v,residual,1024,32-64,786432,0.005254155,0.005523134,0.002114614,0.007045015,0.007308646,0.002166748,0.00248355,0.001565,0.001536,0,0,1.524e-23,1.178e-24
step96000,96000,K,v,residual,1024,64-128,1572864,0.004943753,0.005207383,0.0007127126,0.005068366,0.005331997,0.002144677,0.002231507,0.001565,0.001536,0,0,1.524e-23,1.178e-24
step96000,96000,K,v,residual,1024,128-256,3145728,0.003289904,0.003558883,0.001091003,0.002513791,0.002777421,0.002002716,0.00199218,0.001565,0.001536,0,0,1.524e-23,1.178e-24
step96000,96000,K,v,residual,1024,256-512,6291456,0.001103783,0.001367414,0.0006810824,0.0004370059,0.0007006364,0.001815001,0.001817612,0.001565,0.001536,0,0,1.524e-23,1.178e-24
step96000,96000,K,v,residual,1024,512-1024,1.258291e+07,0.001460665,0.001725365,0.0003009637,0.001423026,0.001686656,0.001976626,0.001944167,0.001565,0.001536,0,0,1.524e-23,1.178e-24
step96000,96000,V,u,head,1024,spike,786432,0.05885623,0.05911986,0.01640066,0.04450485,0.04477383,0.007487524,0.00701323,0.001565,0.001536,1.453218e-06,2.179827e-06,1.524e-23,1.178e-24
step96000,96000,V,u,head,1024,32-64,786432,0.03170018,0.03196916,0.003758748,0.02888493,0.02915391,0.005197979,0.004959651,0.001565,0.001536,7.26609e-07,0,1.524e-23,1.178e-24
step96000,96000,V,u,head,1024,64-128,1572864,0.01906717,0.01933615,0.001463572,0.01764479,0.01790842,0.00373477,0.00354785,0.001565,0.001536,0,0,1.524e-23,1.178e-24
step96000,96000,V,u,head,1024,128-256,3145728,0.01262034,0.01288931,0.005772909,0.006913231,0.00718221,0.00308777,0.002369427,0.001565,0.001536,0,0,1.524e-23,1.178e-24
step96000,96000,V,u,head,1024,256-512,6291456,0.005192643,0.005461622,0.003887335,0.001358714,0.001627693,0.002314409,0.001856327,0.001565,0.001536,0,0,1.524e-23,1.178e-24
step96000,96000,V,u,head,1024,512-1024,1.258291e+07,0.00619416,0.006463139,0.001636187,0.004557973,0.004826952,0.002404224,0.002255201,0.001565,0.001536,0,0,1.524e-23,1.178e-24
step96000,96000,V,v,residual,1024,spike,786432,0.02150642,0.02175753,0.00903066,0.03053708,0.03078819,0.003363836,0.00424485,0.001565,0.001536,0,0,1.524e-23,1.178e-24
step96000,96000,V,v,residual,1024,32-64,786432,0.01964739,0.0198985,0.006679535,0.02532621,0.02557732,0.003092085,0.00368082,0.001565,0.001536,0,0,1.524e-23,1.178e-24
step96000,96000,V,v,residual,1024,64-128,1572864,0.01509328,0.01534439,0.004016876,0.01911016,0.01936127,0.002773557,0.003101258,0.001565,0.001536,0,0,1.524e-23,1.178e-24
step96000,96000,V,v,residual,1024,128-256,3145728,0.01082209,0.0110732,0.000734965,0.0112735,0.01152461,0.002353259,0.002449263,0.001565,0.001536,0,0,1.524e-23,1.178e-24
step96000,96000,V,v,residual,1024,256-512,6291456,0.004391865,0.004621362,0.0002454122,0.004551446,0.004766464,0.001949923,0.001971971,0.001565,0.001536,0,0,1.524e-23,1.178e-24
step96000,96000,V,v,residual,1024,512-1024,1.258291e+07,0.006280547,0.006549526,0.0009468397,0.007149504,0.007418483,0.002532777,0.0025927,0.001565,0.001536,6.062644e-06,7.027671e-06,1.524e-23,1.178e-24
step96000,96000,O,u,residual,1024,spike,786432,0.01272588,0.01299485,0.01342901,0.0255458,0.02581478,0.002613249,0.002762931,0.001565,0.001536,7.829212e-05,9.6639e-05,1.524e-23,1.178e-24
step96000,96000,O,u,residual,1024,32-64,786432,0.001620442,0.001884294,0.00298818,0.004608621,0.004872474,0.002037957,0.002330235,0.001565,0.001536,0,0,1.524e-23,1.178e-24
step96000,96000,O,u,residual,1024,64-128,1572864,0.0007955846,0.001040438,0.003093084,0.003090327,0.003330638,0.001894815,0.002059482,0.001565,0.001536,0,0,1.524e-23,1.178e-24
step96000,96000,O,u,residual,1024,128-256,3145728,0.0009414256,0.001205278,0.0003395081,0.0007378718,0.001006851,0.001794543,0.001869429,0.001565,0.001536,0,0,1.524e-23,1.178e-24
step96000,96000,O,u,residual,1024,256-512,6291456,0.0002838869,0.0002704552,0.0002385775,0.0001560731,0.0002994689,0.001749879,0.001770496,0.001565,0.001536,0,0,1.524e-23,1.178e-24
step96000,96000,O,u,residual,1024,512-1024,1.258291e+07,0.0003479962,0.0006116268,0.0006890297,0.0009488722,0.001217851,0.001794645,0.001826525,0.001565,0.001536,0,0,1.524e-23,1.178e-24
step96000,96000,O,v,head,1024,spike,786432,0.05081867,0.0510823,0.006421407,0.04533772,0.0456067,0.0072056,0.006889707,0.001565,0.001536,0,7.26609e-07,1.524e-23,1.178e-24
step96000,96000,O,v,head,1024,32-64,786432,0.03006163,0.03032526,0.002797445,0.03217624,0.03243987,0.004940941,0.005324227,0.001565,0.001536,0,0,1.524e-23,1.178e-24
step96000,96000,O,v,head,1024,64-128,1572864,0.02175449,0.02201812,0.001966476,0.0203114,0.02058038,0.004037585,0.003663653,0.001565,0.001536,0,0,1.524e-23,1.178e-24
step96000,96000,O,v,head,1024,128-256,3145728,0.01443599,0.01470289,0.006217957,0.008404319,0.00866795,0.003241312,0.002471515,0.001565,0.001536,0,0,1.524e-23,1.178e-24
step96000,96000,O,v,head,1024,256-512,6291456,0.006217525,0.006486504,0.00484101,0.001573786,0.001837416,0.002365021,0.001898107,0.001565,0.001536,0,0,1.524e-23,1.178e-24
step96000,96000,O,v,head,1024,512-1024,1.258291e+07,0.008475985,0.008744964,0.00336043,0.005137428,0.005401059,0.00264371,0.002280224,0.001565,0.001536,2.951849e-07,0,1.524e-23,1.178e-24
step96000,96000,MLP_IN,u,hidden,4096,spike,3145728,0.01501242,0.01506474,0.02169387,0.03066371,0.03072959,0.003509113,0.003652663,0.001565,0.001558,2.556755e-05,4.382361e-05,1.524e-23,8.299e-24
step96000,96000,MLP_IN,u,hidden,4096,32-64,3145728,0.01006799,0.0101352,0.002944311,0.0123034,0.01237061,0.002885455,0.003383682,0.001565,0.001558,8.174351e-07,1.816523e-07,1.524e-23,8.299e-24
step96000,96000,MLP_IN,u,hidden,4096,64-128,6291456,0.008899435,0.008965316,0.0006408691,0.0091461,0.009213315,0.002789611,0.002939633,0.001565,0.001558,3.40598e-07,0,1.524e-23,8.299e-24
step96000,96000,MLP_IN,u,hidden,4096,128-256,1.258291e+07,0.00665105,0.006718265,0.0007008711,0.006009863,0.006077078,0.002557755,0.002467178,0.001565,0.001558,0,0,1.524e-23,8.299e-24
step96000,96000,MLP_IN,u,hidden,4096,256-512,2.516582e+07,0.003636366,0.003703581,0.0007774433,0.002915884,0.002981765,0.002181167,0.002078959,0.001565,0.001558,0,0,1.524e-23,8.299e-24
step96000,96000,MLP_IN,u,hidden,4096,512-1024,5.033165e+07,0.003080771,0.003147986,0.002590617,0.0005141235,0.0005768787,0.002153104,0.001828934,0.001565,0.001558,4.478863e-06,0,1.524e-23,8.299e-24
step96000,96000,MLP_IN,v,residual,1024,spike,786432,0.0009006904,0.001134888,0.01059977,0.01100329,0.0112544,0.001948402,0.002537864,0.001565,0.001536,1.271566e-06,0,1.524e-23,1.178e-24
step96000,96000,MLP_IN,v,residual,1024,32-64,786432,0.006791864,0.007042975,0.002396901,0.008718286,0.008969397,0.002203442,0.002362932,0.001565,0.001536,0,0,1.524e-23,1.178e-24
step96000,96000,MLP_IN,v,residual,1024,64-128,1572864,0.008733795,0.009002774,0.002135595,0.00711368,0.00737731,0.002347765,0.002209527,0.001565,0.001536,0,0,1.524e-23,1.178e-24
step96000,96000,MLP_IN,v,residual,1024,128-256,3145728,0.008158479,0.00840959,0.003768285,0.004390194,0.004641305,0.002262933,0.002038274,0.001565,0.001536,0,0,1.524e-23,1.178e-24
step96000,96000,MLP_IN,v,residual,1024,256-512,6291456,0.004008397,0.004242594,0.002444267,0.001803502,0.002037699,0.00193991,0.001834234,0.001565,0.001536,0,0,1.524e-23,1.178e-24
step96000,96000,MLP_IN,v,residual,1024,512-1024,1.258291e+07,0.006698813,0.006967792,0.002288103,0.00441071,0.004679689,0.002411343,0.002172902,0.001565,0.001536,1.810846e-05,1.020659e-05,1.524e-23,1.178e-24
step96000,96000,MLP_OUT,u,residual,1024,spike,786432,0.02212402,0.022393,0.02814611,0.04926979,0.0495209,0.002991631,0.002871559,0.001565,0.001536,0.0001242501,0.0001749311,1.524e-23,1.178e-24
step96000,96000,MLP_OUT,u,residual,1024,32-64,786432,0.003802449,0.004066301,0.003068288,0.006634299,0.00689793,0.002368382,0.002579825,0.001565,0.001536,0,7.26609e-07,1.524e-23,1.178e-24
step96000,96000,MLP_OUT,u,residual,1024,64-128,1572864,0.002352442,0.002621421,0.002637227,0.004484607,0.004746441,0.002038774,0.002195358,0.001565,0.001536,0,0,1.524e-23,1.178e-24
step96000,96000,MLP_OUT,u,residual,1024,128-256,3145728,0.001336247,0.0016001,0.0009892782,0.002139127,0.002354145,0.001863888,0.001940137,0.001565,0.001536,0,0,1.524e-23,1.178e-24
step96000,96000,MLP_OUT,u,residual,1024,256-512,6291456,0.0006881889,0.0009393,0.0007578532,0.00124592,0.001480118,0.00180417,0.001802127,0.001565,0.001536,0,0,1.524e-23,1.178e-24
step96000,96000,MLP_OUT,u,residual,1024,512-1024,1.258291e+07,0.001114998,0.001324397,0.001850049,0.002176716,0.002427827,0.001864445,0.001919088,0.001565,0.001536,3.633045e-07,7.947286e-08,1.524e-23,1.178e-24
step96000,96000,MLP_OUT,v,hidden,4096,spike,3145728,0.04020441,0.04027163,0.00422128,0.03749894,0.03756487,0.006510053,0.005132857,0.001565,0.001558,6.394159e-05,0.000137102,1.524e-23,8.299e-24
step96000,96000,MLP_OUT,v,hidden,4096,32-64,3145728,0.02004056,0.02010777,0.0004905065,0.01973506,0.01980228,0.004448164,0.004679816,0.001565,0.001558,1.507714e-05,3.042675e-06,1.524e-23,8.299e-24
step96000,96000,MLP_OUT,v,hidden,4096,64-128,6291456,0.01232899,0.0123962,0.000676314,0.01210742,0.01217463,0.003554185,0.003649257,0.001565,0.001558,2.883729e-06,1.816523e-07,1.524e-23,8.299e-24
step96000,96000,MLP_OUT,v,hidden,4096,128-256,1.258291e+07,0.006982293,0.007049508,0.0008860429,0.006303777,0.006369708,0.002733219,0.002671526,0.001565,0.001558,0,0,1.524e-23,8.299e-24
step96000,96000,MLP_OUT,v,hidden,4096,256-512,2.516582e+07,0.003808783,0.003875998,0.001401464,0.002453868,0.00251975,0.002218593,0.002069076,0.001565,0.001558,0,0,1.524e-23,8.299e-24
step96000,96000,MLP_OUT,v,hidden,4096,512-1024,5.033165e+07,0.002826021,0.002893236,0.002456844,0.0003954272,0.0004613579,0.002111997,0.00180438,0.001565,0.001558,9.423211e-07,0,1.524e-23,8.299e-24
step128000,128000,Q,u,head,1024,spike,786432,0.01721323,0.01748221,0.009367625,0.00804312,0.008306973,0.004085541,0.00283105,0.001565,0.001536,0,3.269741e-06,1.524e-23,1.178e-24
step128000,128000,Q,u,head,1024,32-64,786432,0.0006937366,0.0009025835,0.003808339,0.004225459,0.004494438,0.001891363,0.002316066,0.001565,0.001536,0,0,1.524e-23,1.178e-24
step128000,128000,Q,u,head,1024,64-128,1572864,0.0007109027,0.0008501898,0.00175794,0.002102118,0.002346971,0.001804352,0.002006985,0.001565,0.001536,0,0,1.524e-23,1.178e-24
step128000,128000,Q,u,head,1024,128-256,3145728,0.0006204201,0.0003862229,0.001105944,0.0006077136,0.0008713441,0.001755442,0.001817522,0.001565,0.001536,0,0,1.524e-23,1.178e-24
step128000,128000,Q,u,head,1024,256-512,6291456,0.0003899399,0.0002176852,0.0003121694,0.0002662051,0.0002727297,0.001751514,0.001755079,0.001565,0.001536,0,0,1.524e-23,1.178e-24
step128000,128000,Q,u,head,1024,512-1024,1.258291e+07,0.0003109077,0.0001863648,0.0007677873,0.0004759169,0.000727028,0.001768317,0.00181382,0.001565,0.001536,0,0,1.524e-23,1.178e-24
step128000,128000,Q,v,residual,1024,spike,786432,0.003008479,0.0027395,0.004516602,0.001547926,0.001799037,0.001728421,0.001977466,0.001565,0.001536,0,0,1.524e-23,1.178e-24
step128000,128000,Q,v,residual,1024,32-64,786432,0.0004248881,0.0004521302,0.001543681,0.001320426,0.001584057,0.001717522,0.001846132,0.001565,0.001536,0,0,1.524e-23,1.178e-24
step128000,128000,Q,v,residual,1024,64-128,1572864,0.0004522034,0.0004572164,0.001024246,0.0009142495,0.001123648,0.001761664,0.001874015,0.001565,0.001536,0,0,1.524e-23,1.178e-24
step128000,128000,Q,v,residual,1024,128-256,3145728,0.000496962,0.0005148253,0.0006726583,0.0004484319,0.0003684151,0.001724834,0.001785596,0.001565,0.001536,0,0,1.524e-23,1.178e-24
step128000,128000,Q,v,residual,1024,256-512,6291456,0.0005170965,0.0002659854,0.0003550847,0.0003243043,0.0002263176,0.001746677,0.001754715,0.001565,0.001536,0,0,1.524e-23,1.178e-24
step128000,128000,Q,v,residual,1024,512-1024,1.258291e+07,0.0003393157,0.0001148947,0.0004251003,0.0001854017,0.0004245531,0.001745065,0.001791682,0.001565,0.001536,0,0,1.524e-23,1.178e-24
step128000,128000,K,u,head,1024,spike,786432,0.01369785,0.01396148,0.008791606,0.004976954,0.005245933,0.003270649,0.002460843,0.001565,0.001536,0,7.26609e-06,1.524e-23,1.178e-24
step128000,128000,K,u,head,1024,32-64,786432,0.0007133841,0.0005593408,0.003718058,0.003638417,0.003902269,0.001768385,0.002157847,0.001565,0.001536,0,0,1.524e-23,1.178e-24
step128000,128000,K,u,head,1024,64-128,1572864,0.0003161224,0.0004120758,0.001749039,0.001666433,0.001935412,0.001762572,0.00192733,0.001565,0.001536,0,0,1.524e-23,1.178e-24
step128000,128000,K,u,head,1024,128-256,3145728,0.000474761,0.0007386138,0.0004971822,0.0005506237,0.0007810381,0.001791863,0.001855169,0.001565,0.001536,0,0,1.524e-23,1.178e-24
step128000,128000,K,u,head,1024,256-512,6291456,0.0002853626,0.0003202793,0.0003965696,0.0002117256,0.0003709794,0.001755374,0.001739956,0.001565,0.001536,0,0,1.524e-23,1.178e-24
step128000,128000,K,u,head,1024,512-1024,1.258291e+07,0.0001465578,0.0003058206,0.000428915,0.0003453736,0.0006090042,0.001758848,0.001795542,0.001565,0.001536,0,0,1.524e-23,1.178e-24
step128000,128000,K,v,residual,1024,spike,786432,0.002650359,0.002405506,0.004384359,0.002109573,0.002378552,0.001543499,0.001977466,0.001565,0.001536,0,0,1.524e-23,1.178e-24
step128000,128000,K,v,residual,1024,32-64,786432,0.0004261895,0.0006016406,0.00140508,0.001337087,0.001570156,0.001782554,0.001868838,0.001565,0.001536,0,0,1.524e-23,1.178e-24
step128000,128000,K,v,residual,1024,64-128,1572864,0.0003027275,0.0002731916,0.001468658,0.001165931,0.001429561,0.001750764,0.00188219,0.001565,0.001536,0,0,1.524e-23,1.178e-24
step128000,128000,K,v,residual,1024,128-256,3145728,0.0007007276,0.0004831146,0.000732104,0.0003025936,0.0004117579,0.001734688,0.001753398,0.001565,0.001536,0,0,1.524e-23,1.178e-24
step128000,128000,K,v,residual,1024,256-512,6291456,0.0003383341,0.0001506445,0.0003859202,0.0006170823,0.000382885,0.001742658,0.00172304,0.001565,0.001536,0,0,1.524e-23,1.178e-24
step128000,128000,K,v,residual,1024,512-1024,1.258291e+07,0.0003284156,0.0001248884,0.0002077421,0.0001526216,0.0001630784,0.001742624,0.00177212,0.001565,0.001536,0,0,1.524e-23,1.178e-24
step128000,128000,V,u,head,1024,spike,786432,0.001044585,0.001253984,0.002564748,0.002558436,0.002827415,0.001882462,0.00199654,0.001565,0.001536,0,0,1.524e-23,1.178e-24
step128000,128000,V,u,head,1024,32-64,786432,0.000805323,0.00103952,0.001584371,0.001990672,0.00220569,0.001769111,0.001938593,0.001565,0.001536,0,0,1.524e-23,1.178e-24
step128000,128000,V,u,head,1024,64-128,1572864,0.0003604952,0.000496635,0.001244863,0.001214812,0.001478665,0.001757486,0.001855941,0.001565,0.001536,0,0,1.524e-23,1.178e-24
step128000,128000,V,u,head,1024,128-256,3145728,0.0006496662,0.0004154689,0.001036962,0.0006244879,0.0008883406,0.001712072,0.001809483,0.001565,0.001536,0,0,1.524e-23,1.178e-24
step128000,128000,V,u,head,1024,256-512,6291456,0.0002043746,0.0004103286,0.0005911191,0.0004626349,0.0003308021,0.001759007,0.001730624,0.001565,0.001536,0,0,1.524e-23,1.178e-24
step128000,128000,V,u,head,1024,512-1024,1.258291e+07,0.0004023809,0.0001469739,0.0003724893,0.0001828028,0.0002805483,0.001723732,0.001757258,0.001565,0.001536,0,0,1.524e-23,1.178e-24
step128000,128000,V,v,residual,1024,spike,786432,0.001083159,0.000907708,0.002367655,0.001467433,0.001736412,0.0017613,0.001978738,0.001565,0.001536,0,0,1.524e-23,1.178e-24
step128000,128000,V,v,residual,1024,32-64,786432,0.0008023122,0.0005333333,0.002311707,0.001509394,0.001778373,0.001739139,0.001868475,0.001565,0.001536,0,0,1.524e-23,1.178e-24
step128000,128000,V,v,residual,1024,64-128,1572864,0.0008642339,0.0006131228,0.001651128,0.0009294197,0.00119305,0.001703626,0.001823425,0.001565,0.001536,0,0,1.524e-23,1.178e-24
step128000,128000,V,v,residual,1024,128-256,3145728,0.000307893,0.0003252927,0.0003385544,0.0002029999,0.0002936339,0.001749402,0.001794497,0.001565,0.001536,0,0,1.524e-23,1.178e-24
step128000,128000,V,v,residual,1024,256-512,6291456,0.0005792442,0.0003281332,0.0003062884,0.0003060165,0.0002187178,0.001743385,0.001756714,0.001565,0.001536,0,0,1.524e-23,1.178e-24
step128000,128000,V,v,residual,1024,512-1024,1.258291e+07,0.0003457133,0.0001363143,0.0003274282,0.000282059,0.0002154298,0.001734484,0.001756736,0.001565,0.001536,0,0,1.524e-23,1.178e-24
step128000,128000,O,u,residual,1024,spike,786432,0.0006751557,0.0008285841,0.003002167,0.002407541,0.002671394,0.001670837,0.001928784,0.001565,0.001536,0,0,1.524e-23,1.178e-24
step128000,128000,O,u,residual,1024,32-64,786432,0.0007520363,0.001015667,0.002016703,0.002345198,0.002596309,0.001758212,0.002018157,0.001565,0.001536,0,0,1.524e-23,1.178e-24
step128000,128000,O,u,residual,1024,64-128,1572864,0.0006429453,0.0004416575,0.001843135,0.001310254,0.001573884,0.001770201,0.00190526,0.001565,0.001536,0,0,1.524e-23,1.178e-24
step128000,128000,O,u,residual,1024,128-256,3145728,0.0007760759,0.0006006248,0.001188596,0.0005938569,0.0008088748,0.001743635,0.00179972,0.001565,0.001536,0,0,1.524e-23,1.178e-24
step128000,128000,O,u,residual,1024,256-512,6291456,0.0005349655,0.0002659866,0.0005111694,0.000134832,0.000281168,0.00176214,0.001752853,0.001565,0.001536,0,0,1.524e-23,1.178e-24
step128000,128000,O,u,residual,1024,512-1024,1.258291e+07,0.0002648373,0.0002350323,0.0003875891,0.0001227518,0.0003917308,0.00175064,0.001778444,0.001565,0.001536,0,0,1.524e-23,1.178e-24
step128000,128000,O,v,head,1024,spike,786432,0.0933856,0.09364923,0.01070786,0.0838336,0.08409723,0.01106716,0.009611766,0.001565,0.001536,4.595802e-05,0.000134786,1.524e-23,1.178e-24
step128000,128000,O,v,head,1024,32-64,786432,0.03743876,0.03770774,0.008126577,0.04556533,0.04583431,0.006211054,0.006844657,0.001565,0.001536,6.176177e-06,4.159837e-05,1.524e-23,1.178e-24
step128000,128000,O,v,head,1024,64-128,1572864,0.009741511,0.01001049,0.00786527,0.01760678,0.01787576,0.00303986,0.004034951,0.001565,0.001536,0,1.362392e-06,1.524e-23,1.178e-24
step128000,128000,O,v,head,1024,128-256,3145728,0.001400853,0.001664483,0.003175735,0.004343396,0.004612375,0.001911981,0.00226375,0.001565,0.001536,0,0,1.524e-23,1.178e-24
step128000,128000,O,v,head,1024,256-512,6291456,0.0009598272,0.001210938,0.001059373,0.001772517,0.002032686,0.001799129,0.001857621,0.001565,0.001536,0,0,1.524e-23,1.178e-24
step128000,128000,O,v,head,1024,512-1024,1.258291e+07,0.002382263,0.002645894,0.002495845,0.004877203,0.005128314,0.001918736,0.002086333,0.001565,0.001536,0,0,1.524e-23,1.178e-24
step128000,128000,MLP_IN,u,hidden,4096,spike,3145728,0.0005089085,0.0004574478,0.001517296,0.001210118,0.001275999,0.001791727,0.001886368,0.001565,0.001558,0,0,1.524e-23,8.299e-24
step128000,128000,MLP_IN,u,hidden,4096,32-64,3145728,0.0002633089,0.000323343,0.0007836024,0.0007809644,0.0008468458,0.001759802,0.001834506,0.001565,0.001558,0,0,1.524e-23,8.299e-24
step128000,128000,MLP_IN,u,hidden,4096,64-128,6291456,0.0001933912,0.0002130081,0.0008653005,0.0006719093,0.0007391243,0.00174888,0.001843611,0.001565,0.001558,0,0,1.524e-23,8.299e-24
step128000,128000,MLP_IN,u,hidden,4096,128-256,1.258291e+07,0.0002808928,0.0002417212,0.0006037553,0.0004050271,0.0004697471,0.001767635,0.001824924,0.001565,0.001558,0,0,1.524e-23,8.299e-24
step128000,128000,MLP_IN,u,hidden,4096,256-512,2.516582e+07,0.0001846253,0.0001186946,0.0003922383,0.0002888604,0.0003392527,0.00177296,0.001791528,0.001565,0.001558,0,0,1.524e-23,8.299e-24
step128000,128000,MLP_IN,u,hidden,4096,512-1024,5.033165e+07,9.896187e-05,3.778163e-05,0.0001228253,8.259849e-05,0.0001032304,0.001759597,0.00177409,0.001565,0.001558,0,0,1.524e-23,8.299e-24
step128000,128000,MLP_IN,v,residual,1024,spike,786432,0.0005603297,0.0004068025,0.00212733,0.001640787,0.00190464,0.001710256,0.001910618,0.001565,0.001536,0,0,1.524e-23,1.178e-24
step128000,128000,MLP_IN,v,residual,1024,32-64,786432,0.0009874657,0.0007238351,0.001253764,0.0007424327,0.0008657413,0.001753126,0.00180308,0.001565,0.001536,0,0,1.524e-23,1.178e-24
step128000,128000,MLP_IN,v,residual,1024,64-128,1572864,0.0004117485,0.0004766521,0.00138092,0.001073742,0.001337373,0.001723971,0.001841954,0.001565,0.001536,0,0,1.524e-23,1.178e-24
step128000,128000,MLP_IN,v,residual,1024,128-256,3145728,0.0003691668,0.0003398048,0.0005226135,0.0004496602,0.0005362617,0.001740319,0.001791091,0.001565,0.001536,0,0,1.524e-23,1.178e-24
step128000,128000,MLP_IN,v,residual,1024,256-512,6291456,0.0002458989,0.0001896533,0.0002570152,0.0003791405,0.0002749691,0.001736664,0.001779761,0.001565,0.001536,0,0,1.524e-23,1.178e-24
step128000,128000,MLP_IN,v,residual,1024,512-1024,1.258291e+07,0.0003996445,0.0001736412,0.0002679825,0.0002842898,0.0002061456,0.001764797,0.001757304,0.001565,0.001536,0,0,1.524e-23,1.178e-24
step128000,128000,MLP_OUT,u,residual,1024,spike,786432,0.002390113,0.002139002,0.004581451,0.002407541,0.002671394,0.001662481,0.002041045,0.001565,0.001536,0,0,1.524e-23,1.178e-24
step128000,128000,MLP_OUT,u,residual,1024,32-64,786432,0.0006756233,0.0009098205,0.002099355,0.002534652,0.00276885,0.001840501,0.002035595,0.001565,0.001536,0,0,1.524e-23,1.178e-24
step128000,128000,MLP_OUT,u,residual,1024,64-128,1572864,0.000849201,0.001100312,0.0005315145,0.001237139,0.001500769,0.001827694,0.001894633,0.001565,0.001536,0,0,1.524e-23,1.178e-24
step128000,128000,MLP_OUT,u,residual,1024,128-256,3145728,0.0005066348,0.0004208671,0.0008093516,0.0003830235,0.000575472,0.001755851,0.001791137,0.001565,0.001536,0,0,1.524e-23,1.178e-24
step128000,128000,MLP_OUT,u,residual,1024,256-512,6291456,0.0001953199,0.0003894207,0.0001764297,0.0001481473,0.0003000191,0.001754216,0.001777013,0.001565,0.001536,0,0,1.524e-23,1.178e-24
step128000,128000,MLP_OUT,u,residual,1024,512-1024,1.258291e+07,0.0001383285,0.0004073075,0.0004258156,0.0004582251,0.0007218556,0.001771348,0.001794645,0.001565,0.001536,0,0,1.524e-23,1.178e-24
step128000,128000,MLP_OUT,v,hidden,4096,spike,3145728,0.007166908,0.007234123,0.002201398,0.005046676,0.005112606,0.002555211,0.002374331,0.001565,0.001558,6.357829e-07,3.178914e-07,1.524e-23,8.299e-24
step128000,128000,MLP_OUT,v,hidden,4096,32-64,3145728,0.004732355,0.004798236,0.0006542206,0.00429762,0.004364835,0.00224672,0.002265204,0.001565,0.001558,0,0,1.524e-23,8.299e-24
step128000,128000,MLP_OUT,v,hidden,4096,64-128,6291456,0.003292129,0.003359344,0.0005685488,0.003572136,0.003638067,0.002136934,0.002160027,0.001565,0.001558,0,0,1.524e-23,8.299e-24
step128000,128000,MLP_OUT,v,hidden,4096,128-256,1.258291e+07,0.001738582,0.001801337,0.0006306966,0.002297704,0.002363585,0.001967396,0.002040227,0.001565,0.001558,0,0,1.524e-23,8.299e-24
step128000,128000,MLP_OUT,v,hidden,4096,256-512,2.516582e+07,0.0006441212,0.0007068765,0.00050505,0.001093219,0.001159258,0.001845859,0.001905771,0.001565,0.001558,0,0,1.524e-23,8.299e-24
step128000,128000,MLP_OUT,v,hidden,4096,512-1024,5.033165e+07,0.00011459,0.0001805207,0.0002465844,0.0002689406,0.0003348221,0.001776988,0.001790978,0.001565,0.001558,0,0,1.524e-23,8.299e-24
step143000,143000,Q,u,head,1024,spike,786432,0.03859256,0.03885619,0.01374181,0.02521901,0.02548799,0.006183443,0.004796891,0.001565,0.001536,0,3.215245e-05,1.524e-23,1.178e-24
step143000,143000,Q,u,head,1024,32-64,786432,0.01055581,0.01081944,0.002424876,0.01264958,0.01291856,0.003066108,0.003416697,0.001565,0.001536,0,0,1.524e-23,1.178e-24
step143000,143000,Q,u,head,1024,64-128,1572864,0.003778503,0.004047482,0.003447851,0.006963561,0.007227414,0.002094995,0.002584185,0.001565,0.001536,0,0,1.524e-23,1.178e-24
step143000,143000,Q,u,head,1024,128-256,3145728,0.001617477,0.001886456,0.001024882,0.002073193,0.002336824,0.001885278,0.001984051,0.001565,0.001536,0,0,1.524e-23,1.178e-24
step143000,143000,Q,u,head,1024,256-512,6291456,0.0004257207,0.0006893512,0.0004350344,0.0001524317,0.0002947739,0.001771836,0.001776128,0.001565,0.001536,0,0,1.524e-23,1.178e-24
step143000,143000,Q,u,head,1024,512-1024,1.258291e+07,0.0008207519,0.00103577,0.0011216,0.001763549,0.002032527,0.001857099,0.001931997,0.001565,0.001536,0,0,1.524e-23,1.178e-24
step143000,143000,Q,v,residual,1024,spike,786432,0.002914474,0.003183453,0.001223246,0.004083043,0.004352022,0.002256121,0.002233596,0.001565,0.001536,0,0,1.524e-23,1.178e-24
step143000,143000,Q,v,residual,1024,32-64,786432,0.001796122,0.002053031,0.001791636,0.003292551,0.003556403,0.001905169,0.002027057,0.001565,0.001536,0,0,1.524e-23,1.178e-24
step143000,143000,Q,v,residual,1024,64-128,1572864,0.0006521838,0.0008094025,0.002006531,0.002075027,0.002338879,0.001797267,0.002018792,0.001565,0.001536,0,0,1.524e-23,1.178e-24
step143000,143000,Q,v,residual,1024,128-256,3145728,0.0003416876,0.0001303144,0.0008675257,0.0005609096,0.0008247623,0.001750356,0.001772835,0.001565,0.001536,0,0,1.524e-23,1.178e-24
step143000,143000,Q,v,residual,1024,256-512,6291456,0.0003622923,0.0002003675,0.0004218419,0.0004523035,0.0002768524,0.001742431,0.001742227,0.001565,0.001536,0,0,1.524e-23,1.178e-24
step143000,143000,Q,v,residual,1024,512-1024,1.258291e+07,0.0001779191,0.0002431972,0.0003623168,0.0002711277,0.0005401066,0.001760892,0.001790194,0.001565,0.001536,0,0,1.524e-23,1.178e-24
step143000,143000,K,u,head,1024,spike,786432,0.0353755,0.03563913,0.0146052,0.0219994,0.02226838,0.005758013,0.00422396,0.001565,0.001536,7.26609e-07,4.595802e-05,1.524e-23,1.178e-24
step143000,143000,K,u,head,1024,32-64,786432,0.007096654,0.007365633,0.002937317,0.009655045,0.009924023,0.002581278,0.003027235,0.001565,0.001536,0,0,1.524e-23,1.178e-24
step143000,143000,K,u,head,1024,64-128,1572864,0.001609848,0.001878827,0.004306157,0.005777264,0.006040895,0.001948765,0.002388909,0.001565,0.001536,0,0,1.524e-23,1.178e-24
step143000,143000,K,u,head,1024,128-256,3145728,0.000563206,0.0008080589,0.001537959,0.001681691,0.00195067,0.001804034,0.001965659,0.001565,0.001536,0,0,1.524e-23,1.178e-24
step143000,143000,K,u,head,1024,256-512,6291456,0.0003067092,0.0004138242,0.0005024274,0.0002971825,0.0005482935,0.001782758,0.00177992,0.001565,0.001536,0,0,1.524e-23,1.178e-24
step143000,143000,K,u,head,1024,512-1024,1.258291e+07,0.0004524053,0.0007213842,0.0009318193,0.001375898,0.001639529,0.001816886,0.001889331,0.001565,0.001536,0,0,1.524e-23,1.178e-24
step143000,143000,K,v,residual,1024,spike,786432,0.002360867,0.002109756,0.004992167,0.002963289,0.00322692,0.001728603,0.00217801,0.001565,0.001536,0,0,1.524e-23,1.178e-24
step143000,143000,K,v,residual,1024,32-64,786432,0.0004406332,0.0006556512,0.002180735,0.002141784,0.002405636,0.001738412,0.00201089,0.001565,0.001536,0,0,1.524e-23,1.178e-24
step143000,143000,K,v,residual,1024,64-128,1572864,0.0007662872,0.0005024344,0.002344767,0.001747352,0.001992205,0.001761028,0.001921063,0.001565,0.001536,0,0,1.524e-23,1.178e-24
step143000,143000,K,v,residual,1024,128-256,3145728,0.0006017328,0.0003867149,0.0009638468,0.0005252024,0.0007941813,0.001776786,0.001770065,0.001565,0.001536,0,0,1.524e-23,1.178e-24
step143000,143000,K,v,residual,1024,256-512,6291456,0.0003512087,0.0002309052,0.0003678004,0.0004698896,0.0002936088,0.001747858,0.001761959,0.001565,0.001536,0,0,1.524e-23,1.178e-24
step143000,143000,K,v,residual,1024,512-1024,1.258291e+07,0.00030248,0.0001691347,0.0004094442,0.0001737634,0.0004036463,0.001742897,0.001786618,0.001565,0.001536,0,0,1.524e-23,1.178e-24
step143000,143000,V,u,head,1024,spike,786432,0.00166749,0.001931342,0.001308441,0.002549956,0.002813809,0.001932417,0.002126603,0.001565,0.001536,0,0,1.524e-23,1.178e-24
step143000,143000,V,u,head,1024,32-64,786432,0.0008919677,0.0006769498,0.001794179,0.001480959,0.001725812,0.001801264,0.001973833,0.001565,0.001536,0,0,1.524e-23,1.178e-24
step143000,143000,V,u,head,1024,64-128,1572864,0.000310467,0.0003820425,0.0007572174,0.0006034037,0.0008723826,0.001784733,0.001814343,0.001565,0.001536,0,0,1.524e-23,1.178e-24
step143000,143000,V,u,head,1024,128-256,3145728,0.0001585821,0.0003687693,0.0003967285,0.0003609756,0.0004660798,0.001745769,0.00182229,0.001565,0.001536,0,0,1.524e-23,1.178e-24
step143000,143000,V,u,head,1024,256-512,6291456,0.0005303406,0.0002854876,0.000606219,0.0005963286,0.0003813107,0.001725242,0.001744793,0.001565,0.001536,0,0,1.524e-23,1.178e-24
step143000,143000,V,u,head,1024,512-1024,1.258291e+07,0.0001787844,0.0002752941,0.000219504,0.000214724,0.0001998672,0.00177061,0.001776071,0.001565,0.001536,0,0,1.524e-23,1.178e-24
step143000,143000,V,v,residual,1024,spike,786432,0.001342738,0.001499464,0.001458486,0.002204054,0.002455165,0.001804533,0.00191407,0.001565,0.001536,0,0,1.524e-23,1.178e-24
step143000,143000,V,v,residual,1024,32-64,786432,0.0006682141,0.0005321655,0.0009625753,0.0008087616,0.001077741,0.001723698,0.00184268,0.001565,0.001536,0,0,1.524e-23,1.178e-24
step143000,143000,V,v,residual,1024,64-128,1572864,0.0004287379,0.0006735908,0.001013438,0.001027966,0.001291597,0.001720065,0.001849856,0.001565,0.001536,0,0,1.524e-23,1.178e-24
step143000,143000,V,v,residual,1024,128-256,3145728,0.0003795981,0.0006090952,0.0005480448,0.0003689336,0.0004532069,0.001801218,0.001779102,0.001565,0.001536,0,0,1.524e-23,1.178e-24
step143000,143000,V,v,residual,1024,256-512,6291456,0.0004384855,0.0001695066,0.0003275871,0.0004138489,0.0002704096,0.001748721,0.001762186,0.001565,0.001536,0,0,1.524e-23,1.178e-24
step143000,143000,V,v,residual,1024,512-1024,1.258291e+07,0.0004162887,0.0001847735,0.0004472733,0.0001931453,0.0003151682,0.001755783,0.001757077,0.001565,0.001536,0,0,1.524e-23,1.178e-24
step143000,143000,O,u,residual,1024,spike,786432,0.0005493716,0.0007255086,0.00439326,0.004318668,0.004569779,0.001827785,0.002268655,0.001565,0.001536,0,0,1.524e-23,1.178e-24
step143000,143000,O,u,residual,1024,32-64,786432,0.001016448,0.001280301,0.002296448,0.002947911,0.003193945,0.001857576,0.002067929,0.001565,0.001536,0,0,1.524e-23,1.178e-24
step143000,143000,O,u,residual,1024,64-128,1572864,0.0004986243,0.0006937195,0.002259572,0.002157642,0.002411613,0.001742863,0.002051308,0.001565,0.001536,0,0,1.524e-23,1.178e-24
step143000,143000,O,u,residual,1024,128-256,3145728,0.0002768898,0.0004553091,0.0009066264,0.0008519948,0.001120974,0.001739275,0.001865659,0.001565,0.001536,0,0,1.524e-23,1.178e-24
step143000,143000,O,u,residual,1024,256-512,6291456,0.0002687871,0.00026083,0.0002435048,0.0002851585,0.000229598,0.001744429,0.001757486,0.001565,0.001536,0,0,1.524e-23,1.178e-24
step143000,143000,O,u,residual,1024,512-1024,1.258291e+07,0.0001860523,0.0003037543,0.0004426638,0.0003102466,0.0005738772,0.001739706,0.001792544,0.001565,0.001536,0,0,1.524e-23,1.178e-24
step143000,143000,O,v,head,1024,spike,786432,0.08254042,0.08280405,0.03140767,0.1139481,0.1142117,0.01067806,0.01265135,0.001565,0.001536,2.379644e-05,0.000104995,1.524e-23,1.178e-24
step143000,143000,O,v,head,1024,32-64,786432,0.05282089,0.05308987,0.01462555,0.06744644,0.06771542,0.007983071,0.009359269,0.001565,0.001536,8.174351e-06,1.235235e-05,1.524e-23,1.178e-24
step143000,143000,O,v,head,1024,64-128,1572864,0.02983543,0.03010441,0.001581828,0.03120745,0.03147643,0.005271094,0.005470276,0.001565,0.001536,0,0,1.524e-23,1.178e-24
step143000,143000,O,v,head,1024,128-256,3145728,0.01054005,0.01080903,0.0005073547,0.01015318,0.01042216,0.002862249,0.002785819,0.001565,0.001536,0,0,1.524e-23,1.178e-24
step143000,143000,O,v,head,1024,256-512,6291456,0.003003343,0.003266974,0.0003032684,0.002922263,0.003191242,0.002010164,0.001970087,0.001565,0.001536,0,0,1.524e-23,1.178e-24
step143000,143000,O,v,head,1024,512-1024,1.258291e+07,0.006700421,0.006964051,0.001833677,0.008450652,0.008714282,0.002285867,0.002416985,0.001565,0.001536,0,0,1.524e-23,1.178e-24
step143000,143000,MLP_IN,u,hidden,4096,spike,3145728,0.006968703,0.006905948,0.007815997,0.001017934,0.001085149,0.001886913,0.001907803,0.001565,0.001558,2.361479e-06,0,1.524e-23,8.299e-24
step143000,143000,MLP_IN,u,hidden,4096,32-64,3145728,0.0002842741,0.0003004964,0.000667572,0.0006995762,0.0007434272,0.001789184,0.001869474,0.001565,0.001558,0,0,1.524e-23,8.299e-24
step143000,143000,MLP_IN,u,hidden,4096,64-128,6291456,0.0002022079,0.0002207023,0.0009560585,0.0008515762,0.0009101063,0.001761732,0.001834506,0.001565,0.001558,0,0,1.524e-23,8.299e-24
step143000,143000,MLP_IN,u,hidden,4096,128-256,1.258291e+07,0.0001469516,9.46313e-05,0.0005155404,0.0004090314,0.0004749128,0.001764377,0.001810823,0.001565,0.001558,0,0,1.524e-23,8.299e-24
step143000,143000,MLP_IN,u,hidden,4096,256-512,2.516582e+07,7.928436e-05,0.0001274055,0.0001486937,7.544408e-05,0.0001413255,0.001758212,0.001799538,0.001565,0.001558,0,0,1.524e-23,8.299e-24
step143000,143000,MLP_IN,u,hidden,4096,512-1024,5.033165e+07,7.32441e-05,6.945246e-05,0.0001264016,0.000113864,9.689541e-05,0.001766741,0.001780323,0.001565,0.001558,0,0,1.524e-23,8.299e-24
step143000,143000,MLP_IN,v,residual,1024,spike,786432,0.003445402,0.003181772,0.004876455,0.001666218,0.001930071,0.001707168,0.001942952,0.001565,0.001536,0,0,1.524e-23,1.178e-24
step143000,143000,MLP_IN,v,residual,1024,32-64,786432,0.0004532183,0.0007168489,0.001004537,0.0008621673,0.001131146,0.001769656,0.001834688,0.001565,0.001536,0,0,1.524e-23,1.178e-24
step143000,143000,MLP_IN,v,residual,1024,64-128,1572864,0.0006032819,0.000665177,0.0007133484,0.0006639279,0.000859023,0.0017316,0.001823698,0.001565,0.001536,0,0,1.524e-23,1.178e-24
step143000,143000,MLP_IN,v,residual,1024,128-256,3145728,0.0007958962,0.000561699,0.0007565816,0.0003075862,0.0005627564,0.001728784,0.001787504,0.001565,0.001536,0,0,1.524e-23,1.178e-24
step143000,143000,MLP_IN,v,residual,1024,256-512,6291456,0.0002514879,0.0002753825,0.0002973874,0.0002108819,0.0002611408,0.001743725,0.001758348,0.001565,0.001536,0,0,1.524e-23,1.178e-24
step143000,143000,MLP_IN,v,residual,1024,512-1024,1.258291e+07,0.0002571284,0.0001716403,0.0002987385,0.0001519766,0.0003861738,0.00175358,0.001782792,0.001565,0.001536,0,0,1.524e-23,1.178e-24
step143000,143000,MLP_OUT,u,residual,1024,spike,786432,0.0007139485,0.0005007768,0.006278992,0.005686909,0.005950762,0.00174041,0.002279554,0.001565,0.001536,0,0,1.524e-23,1.178e-24
step143000,143000,MLP_OUT,u,residual,1024,32-64,786432,0.001067473,0.001276872,0.00262324,0.003294673,0.003563652,0.001916431,0.002097539,0.001565,0.001536,0,0,1.524e-23,1.178e-24
step143000,143000,MLP_OUT,u,residual,1024,64-128,1572864,0.001854624,0.002123603,0.0008309682,0.002498672,0.002767651,0.001912889,0.002017248,0.001565,0.001536,0,0,1.524e-23,1.178e-24
step143000,143000,MLP_OUT,u,residual,1024,128-256,3145728,0.0002300188,0.0004607144,0.001030604,0.001085327,0.001354306,0.001837413,0.001876604,0.001565,0.001536,0,0,1.524e-23,1.178e-24
step143000,143000,MLP_OUT,u,residual,1024,256-512,6291456,0.0003918961,0.0002715103,0.0004094442,0.0003909708,0.0002357095,0.001754034,0.00177145,0.001565,0.001536,0,0,1.524e-23,1.178e-24
step143000,143000,MLP_OUT,u,residual,1024,512-1024,1.258291e+07,0.0003882862,0.0006331392,0.0002298355,0.0005077184,0.0007766973,0.001827058,0.001852569,0.001565,0.001536,0,0,1.524e-23,1.178e-24
step143000,143000,MLP_OUT,v,hidden,4096,spike,3145728,0.006226903,0.006294118,0.00106589,0.005287955,0.005353886,0.002395993,0.002287002,0.001565,0.001558,5.767459e-06,4.178002e-06,1.524e-23,8.299e-24
step143000,143000,MLP_OUT,v,hidden,4096,32-64,3145728,0.002759203,0.002825084,0.001814206,0.004483269,0.004550484,0.002127193,0.002187366,0.001565,0.001558,0,0,1.524e-23,8.299e-24
step143000,143000,MLP_OUT,v,hidden,4096,64-128,6291456,0.002720787,0.002783542,0.0006934802,0.003373454,0.003439385,0.002025423,0.002142974,0.001565,0.001558,0,0,1.524e-23,8.299e-24
step143000,143000,MLP_OUT,v,hidden,4096,128-256,1.258291e+07,0.002107446,0.002173327,0.0003985564,0.002482876,0.002548757,0.001976728,0.002003806,0.001565,0.001558,0,0,1.524e-23,8.299e-24
step143000,143000,MLP_OUT,v,hidden,4096,256-512,2.516582e+07,0.001007881,0.001075096,0.0001791318,0.001092944,0.001155699,0.001867084,0.00189599,0.001565,0.001558,0,0,1.524e-23,8.299e-24
step143000,143000,MLP_OUT,v,hidden,4096,512-1024,5.033165e+07,0.0002241748,0.000285355,0.0001135667,0.0002132969,0.0002620569,0.00179303,0.001786871,0.001565,0.001558,0,0,1.524e-23,8.299e-24
