rev,step,M,side,class,n,band,count,ks_pt_trained,ks_exact_trained,ks_trained_vs_null,ks_pt_null,ks_exact_null,tail10_trained,tail10_null,tail10_pt,tail10_exact,tail100_trained,tail100_null,tail100_pt,tail100_exact
step0,0,Q,u,head,1024,spike,786432,0.001401996,0.001138366,0.002675374,0.001377151,0.00164613,0.001734597,0.001905714,0.001565,0.001536,0,0,1.524e-23,1.178e-24
step0,0,Q,u,head,1024,32-64,786432,0.0006808286,0.0009444591,0.0009854635,0.001143559,0.001377757,0.001709529,0.001827422,0.001565,0.001536,0,0,1.524e-23,1.178e-24
step0,0,Q,u,head,1024,64-128,1572864,0.0004826886,0.0004876607,0.0007756551,0.0004463553,0.0006613732,0.001773834,0.001794179,0.001565,0.001536,0,0,1.524e-23,1.178e-24
step0,0,Q,u,head,1024,128-256,3145728,0.0005828638,0.0003190111,0.0007692973,0.0002736097,0.0005372402,0.001750764,0.001785869,0.001565,0.001536,0,0,1.524e-23,1.178e-24
step0,0,Q,u,head,1024,256-512,6291456,0.000226462,0.0003223208,0.0005273819,0.0005159477,0.0002520949,0.001754193,0.001741023,0.001565,0.001536,0,0,1.524e-23,1.178e-24
step0,0,Q,u,head,1024,512-1024,1.258291e+07,0.0003077649,0.0001244259,0.0001987616,0.0003194693,0.0001862934,0.001758394,0.001765614,0.001565,0.001536,0,0,1.524e-23,1.178e-24
step0,0,Q,v,residual,1024,spike,786432,0.0009799554,0.0007457581,0.002410889,0.001932826,0.002201805,0.001722608,0.001937503,0.001565,0.001536,0,0,1.524e-23,1.178e-24
step0,0,Q,v,residual,1024,32-64,786432,0.0005855917,0.0008006097,0.001338959,0.001139952,0.001349351,0.00176021,0.001811255,0.001565,0.001536,0,0,1.524e-23,1.178e-24
step0,0,Q,v,residual,1024,64-128,1572864,0.0007597669,0.0005503679,0.001277924,0.0007437711,0.001007402,0.001727331,0.001816068,0.001565,0.001536,0,0,1.524e-23,1.178e-24
step0,0,Q,v,residual,1024,128-256,3145728,0.0002468526,0.0004142162,0.0004612605,0.000362635,0.0002977314,0.001732962,0.001753535,0.001565,0.001536,0,0,1.524e-23,1.178e-24
step0,0,Q,v,residual,1024,256-512,6291456,0.0003081344,0.0001730173,0.0002638499,0.000267301,0.0002347558,0.001739229,0.001730419,0.001565,0.001536,0,0,1.524e-23,1.178e-24
step0,0,Q,v,residual,1024,512-1024,1.258291e+07,0.0003449582,0.0001301657,0.0001740456,0.0003166749,0.0001229337,0.001752172,0.001737924,0.001565,0.001536,0,0,1.524e-23,1.178e-24
step0,0,K,u,head,1024,spike,786432,0.0007983727,0.0006032776,0.002118429,0.001772147,0.002031415,0.001703353,0.001981281,0.001565,0.001536,0,0,1.524e-23,1.178e-24
step0,0,K,u,head,1024,32-64,786432,0.001058481,0.0009191939,0.002126058,0.001545493,0.001809124,0.001739502,0.001918793,0.001565,0.001536,0,0,1.524e-23,1.178e-24
step0,0,K,u,head,1024,64-128,1572864,0.0005207125,0.0004355265,0.000749588,0.0004729276,0.0007365581,0.001763208,0.00177665,0.001565,0.001536,0,0,1.524e-23,1.178e-24
step0,0,K,u,head,1024,128-256,3145728,0.0004750274,0.0003084177,0.000670433,0.000302146,0.0005659987,0.001728467,0.001775969,0.001565,0.001536,0,0,1.524e-23,1.178e-24
step0,0,K,u,head,1024,256-512,6291456,0.000263587,0.000142578,0.000286897,0.0004234413,0.0001595885,0.00173932,0.001751763,0.001565,0.001536,0,0,1.524e-23,1.178e-24
step0,0,K,u,head,1024,512-1024,1.258291e+07,0.0002811454,0.0001313616,0.0002784729,8.603004e-05,0.0003341764,0.001735869,0.001773482,0.001565,0.001536,0,0,1.524e-23,1.178e-24
step0,0,K,v,residual,1024,spike,786432,0.000585627,0.0007772234,0.001809438,0.00194858,0.00221221,0.001742227,0.001970382,0.001565,0.001536,0,0,1.524e-23,1.178e-24
step0,0,K,v,residual,1024,32-64,786432,0.0008971845,0.000633554,0.002431234,0.001926007,0.00217086,0.001744588,0.001863207,0.001565,0.001536,0,0,1.524e-23,1.178e-24
step0,0,K,v,residual,1024,64-128,1572864,0.000635242,0.0003743171,0.001473109,0.0009150621,0.00117031,0.001722154,0.001824788,0.001565,0.001536,0,0,1.524e-23,1.178e-24
step0,0,K,v,residual,1024,128-256,3145728,0.0004847387,0.0002363253,0.0007603963,0.0003612276,0.0005446366,0.001712481,0.001777331,0.001565,0.001536,0,0,1.524e-23,1.178e-24
step0,0,K,v,residual,1024,256-512,6291456,0.0003721868,0.0001660672,0.0002077421,0.0003226697,0.0002031938,0.001745315,0.001728762,0.001565,0.001536,0,0,1.524e-23,1.178e-24
step0,0,K,v,residual,1024,512-1024,1.258291e+07,0.0003202422,0.0001072731,0.0003376802,0.0002070773,0.000370591,0.001741318,0.00178261,0.001565,0.001536,0,0,1.524e-23,1.178e-24
step0,0,V,u,head,1024,spike,786432,0.0009189202,0.0006847229,0.002685547,0.001766627,0.002000824,0.001803807,0.001902807,0.001565,0.001536,0,0,1.524e-23,1.178e-24
step0,0,V,u,head,1024,32-64,786432,0.0009900827,0.00072623,0.001396179,0.00101386,0.001248057,0.001732962,0.001891182,0.001565,0.001536,0,0,1.524e-23,1.178e-24
step0,0,V,u,head,1024,64-128,1572864,0.0002905171,0.0004241557,0.000594457,0.0004005823,0.0004927747,0.001765297,0.0018118,0.001565,0.001536,0,0,1.524e-23,1.178e-24
step0,0,V,u,head,1024,128-256,3145728,0.0003135971,0.0004714367,0.000658989,0.0006269277,0.0008959066,0.001769747,0.001785732,0.001565,0.001536,0,0,1.524e-23,1.178e-24
step0,0,V,u,head,1024,256-512,6291456,0.0006574944,0.0004288045,0.000491937,0.0002762937,0.0001977074,0.001726854,0.00175299,0.001565,0.001536,0,0,1.524e-23,1.178e-24
step0,0,V,u,head,1024,512-1024,1.258291e+07,0.0003105504,0.0001792122,0.000264883,0.0001629147,0.0003002415,0.001748528,0.001758258,0.001565,0.001536,0,0,1.524e-23,1.178e-24
step0,0,V,v,residual,1024,spike,786432,0.001050854,0.001314485,0.0009829203,0.00131947,0.001564323,0.00182179,0.001937503,0.001565,0.001536,0,0,1.524e-23,1.178e-24
step0,0,V,v,residual,1024,32-64,786432,0.001363289,0.001558384,0.0008888245,0.001545624,0.001760642,0.001778557,0.001895541,0.001565,0.001536,0,0,1.524e-23,1.178e-24
step0,0,V,v,residual,1024,64-128,1572864,0.000368715,0.0004599678,0.0008201599,0.0008428793,0.001106732,0.001690728,0.001845496,0.001565,0.001536,0,0,1.524e-23,1.178e-24
step0,0,V,v,residual,1024,128-256,3145728,0.0004993035,0.0002651062,0.0006097158,0.0003729658,0.0004728274,0.001773925,0.001793952,0.001565,0.001536,0,0,1.524e-23,1.178e-24
step0,0,V,v,residual,1024,256-512,6291456,0.0005521317,0.0002854208,0.0002854665,0.0004481629,0.0001857178,0.001728557,0.001730556,0.001565,0.001536,0,0,1.524e-23,1.178e-24
step0,0,V,v,residual,1024,512-1024,1.258291e+07,0.0002715292,0.0001599789,0.0002019405,0.0001957754,0.0002511045,0.00175794,0.001769645,0.001565,0.001536,0,0,1.524e-23,1.178e-24
step0,0,O,u,residual,1024,spike,786432,0.0006255646,0.0006834818,0.001537323,0.0009986461,0.001262499,0.001783643,0.001945496,0.001565,0.001536,0,0,1.524e-23,1.178e-24
step0,0,O,u,residual,1024,32-64,786432,0.0006168388,0.0006136109,0.001344045,0.001100445,0.001364076,0.001773108,0.001841954,0.001565,0.001536,0,0,1.524e-23,1.178e-24
step0,0,O,u,residual,1024,64-128,1572864,0.000390377,0.0002710025,0.0006885529,0.0003994422,0.0006014658,0.00175249,0.001823516,0.001565,0.001536,0,0,1.524e-23,1.178e-24
step0,0,O,u,residual,1024,128-256,3145728,0.0005052983,0.0003296964,0.0008459091,0.0004568557,0.0007258347,0.001751945,0.001817295,0.001565,0.001536,0,0,1.524e-23,1.178e-24
step0,0,O,u,residual,1024,256-512,6291456,0.0003713948,0.0002822877,0.0003525416,0.0002025997,0.0003257683,0.001747926,0.001768725,0.001565,0.001536,0,0,1.524e-23,1.178e-24
step0,0,O,u,residual,1024,512-1024,1.258291e+07,0.0004925032,0.0002286504,0.0005510648,0.0001950724,0.0003248146,0.00173655,0.001778625,0.001565,0.001536,0,0,1.524e-23,1.178e-24
step0,0,O,v,head,1024,spike,786432,0.0006174427,0.0008043457,0.002605438,0.002207023,0.002451876,0.001714979,0.001977648,0.001565,0.001536,0,0,1.524e-23,1.178e-24
step0,0,O,v,head,1024,32-64,786432,0.0008619066,0.0006864555,0.001584371,0.001147493,0.001411124,0.001771654,0.001875741,0.001565,0.001536,0,0,1.524e-23,1.178e-24
step0,0,O,v,head,1024,64-128,1572864,0.0008563538,0.0005873748,0.001170476,0.0006290095,0.0008738624,0.001771927,0.00179863,0.001565,0.001536,0,0,1.524e-23,1.178e-24
step0,0,O,v,head,1024,128-256,3145728,0.0003306134,0.0003227496,0.0003499985,0.0004057334,0.0006399307,0.001758212,0.001773743,0.001565,0.001536,0,0,1.524e-23,1.178e-24
step0,0,O,v,head,1024,256-512,6291456,0.0002849336,0.0001155572,0.0002077421,0.0003178274,0.0001814518,0.001751468,0.001773562,0.001565,0.001536,0,0,1.524e-23,1.178e-24
step0,0,O,v,head,1024,512-1024,1.258291e+07,0.0003457407,0.0001570893,0.0003012816,0.000158952,0.000300815,0.001759234,0.00177405,0.001565,0.001536,0,0,1.524e-23,1.178e-24
step0,0,MLP_IN,u,hidden,4096,spike,3145728,0.0005572994,0.0006110376,0.001010577,0.001116266,0.001182197,0.001802808,0.001897539,0.001565,0.001558,0,0,1.524e-23,8.299e-24
step0,0,MLP_IN,u,hidden,4096,32-64,3145728,0.0002982279,0.0003654429,0.001017253,0.0008495188,0.0009122741,0.001754942,0.001836777,0.001565,0.001558,0,0,1.524e-23,8.299e-24
step0,0,MLP_IN,u,hidden,4096,64-128,6291456,0.0004546977,0.0005174529,0.0007952054,0.0005045053,0.0005616973,0.00175358,0.001840546,0.001565,0.001558,0,0,1.524e-23,8.299e-24
step0,0,MLP_IN,u,hidden,4096,128-256,1.258291e+07,0.0003414704,0.0002909943,0.0005486012,0.0003367878,0.0003979681,0.001764888,0.001801865,0.001565,0.001558,0,0,1.524e-23,8.299e-24
step0,0,MLP_IN,u,hidden,4096,256-512,2.516582e+07,8.559573e-05,0.0001015505,0.0002024174,0.0001645025,0.0002168228,0.00175924,0.001789258,0.001565,0.001558,0,0,1.524e-23,8.299e-24
step0,0,MLP_IN,u,hidden,4096,512-1024,5.033165e+07,8.150573e-05,4.075267e-05,0.0001046062,7.441278e-05,0.0001129339,0.001767527,0.001771478,0.001565,0.001558,0,0,1.524e-23,8.299e-24
step0,0,MLP_IN,v,residual,1024,spike,786432,0.0004945933,0.0003986868,0.002206167,0.00184678,0.002110633,0.001747131,0.001890092,0.001565,0.001536,0,0,1.524e-23,1.178e-24
step0,0,MLP_IN,v,residual,1024,32-64,786432,0.000612045,0.0008462422,0.0009765625,0.0006760575,0.0009209104,0.001710619,0.001759484,0.001565,0.001536,0,0,1.524e-23,1.178e-24
step0,0,MLP_IN,v,residual,1024,64-128,1572864,0.0007546285,0.0004856496,0.001297633,0.0006849584,0.0009298113,0.001750764,0.001794361,0.001565,0.001536,0,0,1.524e-23,1.178e-24
step0,0,MLP_IN,v,residual,1024,128-256,3145728,0.0004211022,0.0002389315,0.0003655752,0.0003699217,0.0003193149,0.001740047,0.001769747,0.001565,0.001536,0,0,1.524e-23,1.178e-24
step0,0,MLP_IN,v,residual,1024,256-512,6291456,0.0002680957,0.0002014153,0.0005524953,0.0003855275,0.0004813823,0.001782304,0.001731577,0.001565,0.001536,0,0,1.524e-23,1.178e-24
step0,0,MLP_IN,v,residual,1024,512-1024,1.258291e+07,0.0004216984,0.0001755555,0.0003914038,0.0001319687,0.0003087451,0.001751809,0.001758655,0.001565,0.001536,0,0,1.524e-23,1.178e-24
step0,0,MLP_OUT,u,residual,1024,spike,786432,0.0006961113,0.0006524807,0.001333872,0.001021498,0.001272609,0.001780192,0.001902262,0.001565,0.001536,0,0,1.524e-23,1.178e-24
step0,0,MLP_OUT,u,residual,1024,32-64,786432,0.000474071,0.0005703858,0.001450857,0.001258,0.001492198,0.001778012,0.001872471,0.001565,0.001536,0,0,1.524e-23,1.178e-24
step0,0,MLP_OUT,u,residual,1024,64-128,1572864,0.00046344,0.0006434275,0.001110077,0.0008763291,0.001121182,0.001725515,0.001786368,0.001565,0.001536,0,0,1.524e-23,1.178e-24
step0,0,MLP_OUT,u,residual,1024,128-256,3145728,0.0007275044,0.0004636517,0.0006554921,0.0002692931,0.0003614855,0.001737595,0.001785369,0.001565,0.001536,0,0,1.524e-23,1.178e-24
step0,0,MLP_OUT,u,residual,1024,256-512,6291456,0.0002498169,0.0002469805,0.0002628962,0.0004128769,0.00026142,0.001739706,0.001749879,0.001565,0.001536,0,0,1.524e-23,1.178e-24
step0,0,MLP_OUT,u,residual,1024,512-1024,1.258291e+07,0.0002659499,0.0001235277,0.0002491474,0.0002181073,0.0002039771,0.00174041,0.00176608,0.001565,0.001536,0,0,1.524e-23,1.178e-24
step0,0,MLP_OUT,v,hidden,4096,spike,3145728,0.0003203217,0.0002575664,0.001174927,0.001059896,0.001127111,0.001782009,0.001896904,0.001565,0.001558,0,0,1.524e-23,8.299e-24
step0,0,MLP_OUT,v,hidden,4096,32-64,3145728,0.0002009011,0.0002532214,0.0009441376,0.0008435366,0.0008922966,0.001820473,0.001848312,0.001565,0.001558,0,0,1.524e-23,8.299e-24
step0,0,MLP_OUT,v,hidden,4096,64-128,6291456,0.0003530283,0.0002870976,0.00115331,0.0008178215,0.0008850364,0.001767022,0.001852013,0.001565,0.001558,0,0,1.524e-23,8.299e-24
step0,0,MLP_OUT,v,hidden,4096,128-256,1.258291e+07,0.0001665814,0.0001937301,0.000328064,0.0002899811,0.0003558625,0.001754511,0.001823244,0.001565,0.001558,0,0,1.524e-23,8.299e-24
step0,0,MLP_OUT,v,hidden,4096,256-512,2.516582e+07,0.0002393957,0.0001960243,0.0003731251,0.0001450352,0.0001771008,0.001764774,0.001791954,0.001565,0.001558,0,0,1.524e-23,8.299e-24
step0,0,MLP_OUT,v,hidden,4096,512-1024,5.033165e+07,7.946839e-05,7.180209e-05,0.0001283288,0.000104245,0.000148096,0.001767593,0.001774356,0.001565,0.001558,0,0,1.524e-23,8.299e-24
step1,1,Q,u,head,1024,spike,786432,0.001401996,0.001138366,0.001914978,0.0009879709,0.001144697,0.001734597,0.00185358,0.001565,0.001536,0,0,1.524e-23,1.178e-24
step1,1,Q,u,head,1024,32-64,786432,0.0006808286,0.0009444591,0.001775106,0.001996899,0.00226053,0.001709529,0.00193496,0.001565,0.001536,0,0,1.524e-23,1.178e-24
step1,1,Q,u,head,1024,64-128,1572864,0.0004826886,0.0004876607,0.0007286072,0.0005436918,0.0006829789,0.001773834,0.001833416,0.001565,0.001536,0,0,1.524e-23,1.178e-24
step1,1,Q,u,head,1024,128-256,3145728,0.0005828638,0.0003190111,0.0006685257,0.0003458302,0.0005183831,0.001750764,0.001804443,0.001565,0.001536,0,0,1.524e-23,1.178e-24
step1,1,Q,u,head,1024,256-512,6291456,0.000226462,0.0003223208,0.000489076,0.000262614,0.000477632,0.001754193,0.001750969,0.001565,0.001536,0,0,1.524e-23,1.178e-24
step1,1,Q,u,head,1024,512-1024,1.258291e+07,0.0003077649,0.0001244259,0.0002440612,0.0001766386,0.0002074966,0.001758394,0.001754352,0.001565,0.001536,0,0,1.524e-23,1.178e-24
step1,1,Q,v,residual,1024,spike,786432,0.0009799554,0.0007457581,0.003162384,0.002210152,0.002416626,0.001722608,0.001958211,0.001565,0.001536,0,0,1.524e-23,1.178e-24
step1,1,Q,v,residual,1024,32-64,786432,0.0005855917,0.0008006097,0.0007375081,0.001044496,0.001308127,0.00176021,0.001842499,0.001565,0.001536,0,0,1.524e-23,1.178e-24
step1,1,Q,v,residual,1024,64-128,1572864,0.0007597669,0.0005503679,0.001572927,0.001046966,0.001310818,0.001727331,0.001805351,0.001565,0.001536,0,0,1.524e-23,1.178e-24
step1,1,Q,v,residual,1024,128-256,3145728,0.0002468526,0.0004142162,0.0004526774,0.0002701687,0.0004791521,0.001732962,0.001769202,0.001565,0.001536,0,0,1.524e-23,1.178e-24
step1,1,Q,v,residual,1024,256-512,6291456,0.0003081344,0.0001730173,0.0002315839,0.0002264363,0.0001767477,0.001739229,0.00179813,0.001565,0.001536,0,0,1.524e-23,1.178e-24
step1,1,Q,v,residual,1024,512-1024,1.258291e+07,0.0003449582,0.0001301657,0.0003564358,8.803164e-05,0.0003094764,0.001752172,0.001766159,0.001565,0.001536,0,0,1.524e-23,1.178e-24
step1,1,K,u,head,1024,spike,786432,0.0007983727,0.0006032776,0.002465566,0.002067997,0.002319108,0.001703353,0.001893906,0.001565,0.001536,0,0,1.524e-23,1.178e-24
step1,1,K,u,head,1024,32-64,786432,0.001058481,0.0009191939,0.0007375081,0.0006689819,0.000636003,0.001739502,0.001849402,0.001565,0.001536,0,0,1.524e-23,1.178e-24
step1,1,K,u,head,1024,64-128,1572864,0.0005207125,0.0004355265,0.001195272,0.0008810263,0.001144879,0.001763208,0.001873198,0.001565,0.001536,0,0,1.524e-23,1.178e-24
step1,1,K,u,head,1024,128-256,3145728,0.0004750274,0.0003084177,0.0005922318,0.0002973902,0.0003620572,0.001728467,0.001783235,0.001565,0.001536,0,0,1.524e-23,1.178e-24
step1,1,K,u,head,1024,256-512,6291456,0.000263587,0.000142578,0.0002015432,0.0002439176,0.0001721534,0.00173932,0.001751673,0.001565,0.001536,0,0,1.524e-23,1.178e-24
step1,1,K,u,head,1024,512-1024,1.258291e+07,0.0002811454,0.0001313616,0.0002470016,0.0002635758,0.0002001738,0.001735869,0.001772846,0.001565,0.001536,0,0,1.524e-23,1.178e-24
step1,1,K,v,residual,1024,spike,786432,0.000585627,0.0007772234,0.001502991,0.001656046,0.001919898,0.001742227,0.001927512,0.001565,0.001536,0,0,1.524e-23,1.178e-24
step1,1,K,v,residual,1024,32-64,786432,0.0008971845,0.000633554,0.001818339,0.001198282,0.001462135,0.001744588,0.001864115,0.001565,0.001536,0,0,1.524e-23,1.178e-24
step1,1,K,v,residual,1024,64-128,1572864,0.000635242,0.0003743171,0.001537959,0.0009397328,0.001208712,0.001722154,0.001843316,0.001565,0.001536,0,0,1.524e-23,1.178e-24
step1,1,K,v,residual,1024,128-256,3145728,0.0004847387,0.0002363253,0.0003585815,0.0002588665,0.0002048811,0.001712481,0.001734643,0.001565,0.001536,0,0,1.524e-23,1.178e-24
step1,1,K,v,residual,1024,256-512,6291456,0.0003721868,0.0001660672,0.0001883507,0.0004401667,0.0001890557,0.001745315,0.001756078,0.001565,0.001536,0,0,1.524e-23,1.178e-24
step1,1,K,v,residual,1024,512-1024,1.258291e+07,0.0003202422,0.0001072731,0.0002289613,0.0001750791,0.0002162493,0.001741318,0.001761459,0.001565,0.001536,0,0,1.524e-23,1.178e-24
step1,1,V,u,head,1024,spike,786432,0.0009189202,0.0006847229,0.002318064,0.001749032,0.001958431,0.001803807,0.001930055,0.001565,0.001536,0,0,1.524e-23,1.178e-24
step1,1,V,u,head,1024,32-64,786432,0.0009900827,0.00072623,0.001823425,0.001247837,0.001498948,0.001732962,0.001854125,0.001565,0.001536,0,0,1.524e-23,1.178e-24
step1,1,V,u,head,1024,64-128,1572864,0.0002905171,0.0004241557,0.001073837,0.0007833202,0.00101091,0.001765297,0.001817976,0.001565,0.001536,0,0,1.524e-23,1.178e-24
step1,1,V,u,head,1024,128-256,3145728,0.0003135971,0.0004714367,0.0005880992,0.0003925669,0.0005639431,0.001769747,0.001801809,0.001565,0.001536,0,0,1.524e-23,1.178e-24
step1,1,V,u,head,1024,256-512,6291456,0.0006574944,0.0004288045,0.0006697973,0.0001768675,0.0003667763,0.001726854,0.001746382,0.001565,0.001536,0,0,1.524e-23,1.178e-24
step1,1,V,u,head,1024,512-1024,1.258291e+07,0.0003105504,0.0001792122,0.000245889,0.0001808956,0.0002411931,0.001748528,0.001765524,0.001565,0.001536,0,0,1.524e-23,1.178e-24
step1,1,V,v,residual,1024,spike,786432,0.001050854,0.001314485,0.001818339,0.002393132,0.002662111,0.00182179,0.002043043,0.001565,0.001536,0,0,1.524e-23,1.178e-24
step1,1,V,v,residual,1024,32-64,786432,0.001363289,0.001558384,0.001032511,0.0009270105,0.001027713,0.001778557,0.001917158,0.001565,0.001536,0,0,1.524e-23,1.178e-24
step1,1,V,v,residual,1024,64-128,1572864,0.000368715,0.0004599678,0.0008525848,0.0007113462,0.0009749767,0.001690728,0.001799084,0.001565,0.001536,0,0,1.524e-23,1.178e-24
step1,1,V,v,residual,1024,128-256,3145728,0.0004993035,0.0002651062,0.0002676646,0.0003790215,0.0003406137,0.001773925,0.001760119,0.001565,0.001536,0,0,1.524e-23,1.178e-24
step1,1,V,v,residual,1024,256-512,6291456,0.0005521317,0.0002854208,0.0003900528,0.0005515515,0.000299205,0.001728557,0.001778126,0.001565,0.001536,0,0,1.524e-23,1.178e-24
step1,1,V,v,residual,1024,512-1024,1.258291e+07,0.0002715292,0.0001599789,0.000295639,0.0002509987,0.0001813285,0.00175794,0.001762174,0.001565,0.001536,0,0,1.524e-23,1.178e-24
step1,1,O,u,residual,1024,spike,786432,0.0006255646,0.0006834818,0.002255758,0.001806164,0.002069795,0.001783643,0.001980736,0.001565,0.001536,0,0,1.524e-23,1.178e-24
step1,1,O,u,residual,1024,32-64,786432,0.0006168388,0.0006136109,0.000890096,0.000730417,0.0009520885,0.001773108,0.00188773,0.001565,0.001536,0,0,1.524e-23,1.178e-24
step1,1,O,u,residual,1024,64-128,1572864,0.000390377,0.0002710025,0.001037598,0.0008194293,0.00108306,0.00175249,0.001819247,0.001565,0.001536,0,0,1.524e-23,1.178e-24
step1,1,O,u,residual,1024,128-256,3145728,0.0005052983,0.0003296964,0.0006415049,0.0002977668,0.0004867803,0.001751945,0.001769338,0.001565,0.001536,0,0,1.524e-23,1.178e-24
step1,1,O,u,residual,1024,256-512,6291456,0.0003713948,0.0002822877,0.0004849434,0.0004725555,0.0002776471,0.001747926,0.001729852,0.001565,0.001536,0,0,1.524e-23,1.178e-24
step1,1,O,u,residual,1024,512-1024,1.258291e+07,0.0004925032,0.0002286504,0.0004608631,0.0001709166,0.0002440776,0.00173655,0.001760494,0.001565,0.001536,0,0,1.524e-23,1.178e-24
step1,1,O,v,head,1024,spike,786432,0.0006174427,0.0008043457,0.00237147,0.002404577,0.002673556,0.001714979,0.0020207,0.001565,0.001536,0,0,1.524e-23,1.178e-24
step1,1,O,v,head,1024,32-64,786432,0.0008619066,0.0006864555,0.001277924,0.0008540767,0.00109893,0.001771654,0.001875923,0.001565,0.001536,0,0,1.524e-23,1.178e-24
step1,1,O,v,head,1024,64-128,1572864,0.0008563538,0.0005873748,0.001550039,0.00073476,0.0009858711,0.001771927,0.001811436,0.001565,0.001536,0,0,1.524e-23,1.178e-24
step1,1,O,v,head,1024,128-256,3145728,0.0003306134,0.0003227496,0.0004154841,0.0002144061,0.0003951179,0.001758212,0.001791863,0.001565,0.001536,0,0,1.524e-23,1.178e-24
step1,1,O,v,head,1024,256-512,6291456,0.0002849336,0.0001155572,0.0001819928,0.0002872506,0.0002195077,0.001751468,0.001742477,0.001565,0.001536,0,0,1.524e-23,1.178e-24
step1,1,O,v,head,1024,512-1024,1.258291e+07,0.0003457407,0.0001570893,0.0005471706,0.00020143,0.0004704089,0.001759234,0.001755601,0.001565,0.001536,0,0,1.524e-23,1.178e-24
step1,1,MLP_IN,u,hidden,4096,spike,3145728,0.0005572994,0.0006110376,0.0006357829,0.0006536305,0.0007208455,0.001802808,0.001873698,0.001565,0.001558,0,0,1.524e-23,8.299e-24
step1,1,MLP_IN,u,hidden,4096,32-64,3145728,0.0002982279,0.0003654429,0.0005060832,0.0004728931,0.0005121781,0.001754942,0.001843997,0.001565,0.001558,0,0,1.524e-23,8.299e-24
step1,1,MLP_IN,u,hidden,4096,64-128,6291456,0.0004546977,0.0005174529,0.0008293788,0.0005032835,0.0005644637,0.00175358,0.001851491,0.001565,0.001558,0,0,1.524e-23,8.299e-24
step1,1,MLP_IN,u,hidden,4096,128-256,1.258291e+07,0.0003414704,0.0002909943,0.0008143584,0.0004801312,0.0005338695,0.001764888,0.00182397,0.001565,0.001558,0,0,1.524e-23,8.299e-24
step1,1,MLP_IN,u,hidden,4096,256-512,2.516582e+07,8.559573e-05,0.0001015505,0.0002393723,0.0001926141,0.0002426176,0.00175924,0.001796717,0.001565,0.001558,0,0,1.524e-23,8.299e-24
step1,1,MLP_IN,u,hidden,4096,512-1024,5.033165e+07,8.150573e-05,4.075267e-05,8.926789e-05,6.227102e-05,7.04008e-05,0.001767527,0.001772154,0.001565,0.001558,0,0,1.524e-23,8.299e-24
step1,1,MLP_IN,v,residual,1024,spike,786432,0.0004945933,0.0003986868,0.002024333,0.001627189,0.001872042,0.001747131,0.001910073,0.001565,0.001536,0,0,1.524e-23,1.178e-24
step1,1,MLP_IN,v,residual,1024,32-64,786432,0.000612045,0.0008462422,0.00134023,0.00119463,0.001404029,0.001710619,0.001911708,0.001565,0.001536,0,0,1.524e-23,1.178e-24
step1,1,MLP_IN,v,residual,1024,64-128,1572864,0.0007546285,0.0004856496,0.0009384155,0.0004337657,0.0005292929,0.001750764,0.001812526,0.001565,0.001536,0,0,1.524e-23,1.178e-24
step1,1,MLP_IN,v,residual,1024,128-256,3145728,0.0004211022,0.0002389315,0.0004749298,0.0001649499,0.0003780627,0.001740047,0.001789865,0.001565,0.001536,0,0,1.524e-23,1.178e-24
step1,1,MLP_IN,v,residual,1024,256-512,6291456,0.0002680957,0.0002014153,0.0003678004,0.0004242145,0.0002291193,0.001782304,0.001750174,0.001565,0.001536,0,0,1.524e-23,1.178e-24
step1,1,MLP_IN,v,residual,1024,512-1024,1.258291e+07,0.0004216984,0.0001755555,0.0004331271,9.647726e-05,0.0002737931,0.001751809,0.001767386,0.001565,0.001536,0,0,1.524e-23,1.178e-24
step1,1,MLP_OUT,u,residual,1024,spike,786432,0.0006961113,0.0006524807,0.001532237,0.001214216,0.001371435,0.001780192,0.001897358,0.001565,0.001536,0,0,1.524e-23,1.178e-24
step1,1,MLP_OUT,u,residual,1024,32-64,786432,0.000474071,0.0005703858,0.002250671,0.002057815,0.002292012,0.001778012,0.001788911,0.001565,0.001536,0,0,1.524e-23,1.178e-24
step1,1,MLP_OUT,u,residual,1024,64-128,1572864,0.00046344,0.0006434275,0.0007457733,0.0005259974,0.0004705679,0.001725515,0.001801082,0.001565,0.001536,0,0,1.524e-23,1.178e-24
step1,1,MLP_OUT,u,residual,1024,128-256,3145728,0.0007275044,0.0004636517,0.0007359187,0.0002747611,0.000341186,0.001737595,0.001756532,0.001565,0.001536,0,0,1.524e-23,1.178e-24
step1,1,MLP_OUT,u,residual,1024,256-512,6291456,0.0002498169,0.0002469805,0.0004571279,0.0005291187,0.0003340235,0.001739706,0.001727354,0.001565,0.001536,0,0,1.524e-23,1.178e-24
step1,1,MLP_OUT,u,residual,1024,512-1024,1.258291e+07,0.0002659499,0.0001235277,0.0004220009,0.000156051,0.0004250299,0.00174041,0.001751116,0.001565,0.001536,0,0,1.524e-23,1.178e-24
step1,1,MLP_OUT,v,hidden,4096,spike,3145728,0.0003203217,0.0002575664,0.0009988149,0.00107978,0.00114096,0.001782009,0.001894633,0.001565,0.001558,0,0,1.524e-23,8.299e-24
step1,1,MLP_OUT,v,hidden,4096,32-64,3145728,0.0002009011,0.0002532214,0.001161893,0.001055127,0.001122342,0.001820473,0.001884642,0.001565,0.001558,0,0,1.524e-23,8.299e-24
step1,1,MLP_OUT,v,hidden,4096,64-128,6291456,0.0003530283,0.0002870976,0.0008935928,0.0005405645,0.0006064953,0.001767022,0.001829965,0.001565,0.001558,0,0,1.524e-23,8.299e-24
step1,1,MLP_OUT,v,hidden,4096,128-256,1.258291e+07,0.0001665814,0.0001937301,0.0005251567,0.0004595761,0.0005254576,0.001754511,0.001814206,0.001565,0.001558,0,0,1.524e-23,8.299e-24
step1,1,MLP_OUT,v,hidden,4096,256-512,2.516582e+07,0.0002393957,0.0001960243,0.0004423459,0.0002854114,0.0003512928,0.001764774,0.001803631,0.001565,0.001558,0,0,1.524e-23,8.299e-24
step1,1,MLP_OUT,v,hidden,4096,512-1024,5.033165e+07,7.946839e-05,7.180209e-05,0.000103732,5.882154e-05,0.0001132367,0.001767593,0.001770837,0.001565,0.001558,0,0,1.524e-23,8.299e-24
step2,2,Q,u,head,1024,spike,786432,0.001399453,0.001135822,0.003067017,0.00182301,0.002067863,0.001734597,0.001906259,0.001565,0.001536,0,0,1.524e-23,1.178e-24
step2,2,Q,u,head,1024,32-64,786432,0.0006846433,0.0009482738,0.001144409,0.00140448,0.001619498,0.001709529,0.001883371,0.001565,0.001536,0,0,1.524e-23,1.178e-24
step2,2,Q,u,head,1024,64-128,1572864,0.0004826886,0.0004946543,0.0007960002,0.0004137329,0.0005370415,0.001773834,0.001843225,0.001565,0.001536,0,0,1.524e-23,1.178e-24
step2,2,Q,u,head,1024,128-256,3145728,0.0005825459,0.0003186932,0.0005960464,0.0003423334,0.0003115845,0.001750401,0.001766795,0.001565,0.001536,0,0,1.524e-23,1.178e-24
step2,2,Q,u,head,1024,256-512,6291456,0.0002272567,0.0003211589,0.0002695719,0.0002207461,0.0003556513,0.001754375,0.001749811,0.001565,0.001536,0,0,1.524e-23,1.178e-24
step2,2,Q,u,head,1024,512-1024,1.258291e+07,0.0003059371,0.0001219623,0.0002836386,0.000333571,0.0002617653,0.001758348,0.001754466,0.001565,0.001536,0,0,1.524e-23,1.178e-24
step2,2,Q,v,residual,1024,spike,786432,0.0009837701,0.0007495728,0.002740224,0.001833644,0.002102623,0.00172279,0.001910618,0.001565,0.001536,0,0,1.524e-23,1.178e-24
step2,2,Q,v,residual,1024,32-64,786432,0.0005805055,0.0007955234,0.001294454,0.001376049,0.0015515,0.00176021,0.001833961,0.001565,0.001536,0,0,1.524e-23,1.178e-24
step2,2,Q,v,residual,1024,64-128,1572864,0.0007584953,0.0005490963,0.001198451,0.000521128,0.0007553253,0.001727331,0.001810982,0.001565,0.001536,0,0,1.524e-23,1.178e-24
step2,2,Q,v,residual,1024,128-256,3145728,0.0002478062,0.0004151699,0.0007972717,0.0005930878,0.0008379407,0.001733235,0.001816068,0.001565,0.001536,0,0,1.524e-23,1.178e-24
step2,2,Q,v,residual,1024,256-512,6291456,0.0003081344,0.0001760373,0.0002462069,0.0002898813,0.0002052498,0.001739071,0.001760119,0.001565,0.001536,0,0,1.524e-23,1.178e-24
step2,2,Q,v,residual,1024,512-1024,1.258291e+07,0.0003455145,0.0001288147,0.0002894402,0.000185454,0.0002332317,0.001752161,0.001773687,0.001565,0.001536,0,0,1.524e-23,1.178e-24
step2,2,K,u,head,1024,spike,786432,0.0007971012,0.000602006,0.002286275,0.001591196,0.001855048,0.001703353,0.001983098,0.001565,0.001536,0,0,1.524e-23,1.178e-24
step2,2,K,u,head,1024,32-64,786432,0.001060522,0.0009141077,0.001895905,0.001020227,0.001271338,0.001739502,0.001880101,0.001565,0.001536,0,0,1.524e-23,1.178e-24
step2,2,K,u,head,1024,64-128,1572864,0.0005207125,0.0004380696,0.001040777,0.0009314677,0.001200447,0.001763298,0.001814888,0.001565,0.001536,0,0,1.524e-23,1.178e-24
step2,2,K,u,head,1024,128-256,3145728,0.0004728022,0.0003055567,0.0006713867,0.0003593213,0.0005935185,0.001728376,0.001743317,0.001565,0.001536,0,0,1.524e-23,1.178e-24
step2,2,K,u,head,1024,256-512,6291456,0.0002624744,0.0001406706,0.000380675,0.0002264363,0.000322649,0.00173932,0.001754783,0.001565,0.001536,0,0,1.524e-23,1.178e-24
step2,2,K,u,head,1024,512-1024,1.258291e+07,0.0002830528,0.0001321564,0.0002982616,0.0001005736,0.0003321101,0.001735971,0.001756816,0.001565,0.001536,0,0,1.524e-23,1.178e-24
step2,2,K,v,residual,1024,spike,786432,0.0005830839,0.000778495,0.001433055,0.001861157,0.00210601,0.001742227,0.001936595,0.001565,0.001536,0,0,1.524e-23,1.178e-24
step2,2,K,v,residual,1024,32-64,786432,0.0008933698,0.0006297393,0.001776377,0.001307637,0.001571489,0.001744588,0.001921154,0.001565,0.001536,0,0,1.524e-23,1.178e-24
step2,2,K,v,residual,1024,64-128,1572864,0.0006384209,0.0003747903,0.0009593964,0.00051104,0.0006976739,0.001722063,0.001818975,0.001565,0.001536,0,0,1.524e-23,1.178e-24
step2,2,K,v,residual,1024,128-256,3145728,0.0004831492,0.0002347358,0.0007149378,0.0002764707,0.0005401012,0.001712436,0.001754806,0.001565,0.001536,0,0,1.524e-23,1.178e-24
step2,2,K,v,residual,1024,256-512,6291456,0.0003713921,0.000164001,0.0003418922,0.0003158315,0.0002164543,0.001745292,0.001741932,0.001565,0.001536,0,0,1.524e-23,1.178e-24
step2,2,K,v,residual,1024,512-1024,1.258291e+07,0.0003227853,0.0001087005,0.0002806981,0.000193996,0.0002325165,0.001741364,0.001774697,0.001565,0.001536,0,0,1.524e-23,1.178e-24
step2,2,V,u,head,1024,spike,786432,0.000925278,0.0006910808,0.002318064,0.001637822,0.001906801,0.001803807,0.002007257,0.001565,0.001536,0,0,1.524e-23,1.178e-24
step2,2,V,u,head,1024,32-64,786432,0.0009926259,0.0007287731,0.001730601,0.000841361,0.001086214,0.001732962,0.001861209,0.001565,0.001536,0,0,1.524e-23,1.178e-24
step2,2,V,u,head,1024,64-128,1572864,0.0002911529,0.0004254273,0.0009320577,0.0007258591,0.0009769701,0.001764207,0.001891,0.001565,0.001536,0,0,1.524e-23,1.178e-24
step2,2,V,u,head,1024,128-256,3145728,0.0003158224,0.0004727082,0.0005906423,0.0003035022,0.0003989574,0.001769429,0.00177892,0.001565,0.001536,0,0,1.524e-23,1.178e-24
step2,2,V,u,head,1024,256-512,6291456,0.0006578123,0.0004248309,0.0006891886,0.0002113365,0.0003269666,0.001726854,0.001743952,0.001565,0.001536,0,0,1.524e-23,1.178e-24
step2,2,V,u,head,1024,512-1024,1.258291e+07,0.0003107093,0.0001769075,0.0002300739,0.0002238293,0.0001680367,0.001748528,0.00176625,0.001565,0.001536,0,0,1.524e-23,1.178e-24
step2,2,V,v,residual,1024,spike,786432,0.001050854,0.001314485,0.001392365,0.001833644,0.002102623,0.00182179,0.001942589,0.001565,0.001536,0,0,1.524e-23,1.178e-24
step2,2,V,v,residual,1024,32-64,786432,0.001363289,0.001558384,0.001235962,0.001533554,0.001802533,0.001778557,0.001881009,0.001565,0.001536,0,0,1.524e-23,1.178e-24
step2,2,V,v,residual,1024,64-128,1572864,0.0003668077,0.0004612394,0.001423518,0.001260552,0.001511664,0.001690819,0.001797267,0.001565,0.001536,0,0,1.524e-23,1.178e-24
step2,2,V,v,residual,1024,128-256,3145728,0.0004964425,0.0002622452,0.0008360545,0.0003405747,0.0005916857,0.001773925,0.001783598,0.001565,0.001536,0,0,1.524e-23,1.178e-24
step2,2,V,v,residual,1024,256-512,6291456,0.0005519727,0.0002841492,0.0004822413,0.0003154033,0.0003451659,0.001728557,0.001743839,0.001565,0.001536,0,0,1.524e-23,1.178e-24
step2,2,V,v,residual,1024,512-1024,1.258291e+07,0.0002693834,0.0001571179,0.0003308455,0.0001604961,0.0004042821,0.001757928,0.001766455,0.001565,0.001536,0,0,1.524e-23,1.178e-24
step2,2,O,u,residual,1024,spike,786432,0.0006268362,0.0006949259,0.001903534,0.00192431,0.002175421,0.00178437,0.001890455,0.001565,0.001536,0,0,1.524e-23,1.178e-24
step2,2,O,u,residual,1024,32-64,786432,0.0005850496,0.0006186971,0.001509349,0.001401436,0.001596531,0.001770928,0.001819974,0.001565,0.001536,0,0,1.524e-23,1.178e-24
step2,2,O,u,residual,1024,64-128,1572864,0.0003897412,0.0002932549,0.001294454,0.001040105,0.001196832,0.001754579,0.001828693,0.001565,0.001536,0,0,1.524e-23,1.178e-24
step2,2,O,u,residual,1024,128-256,3145728,0.000506252,0.0003290606,0.0005559921,0.0003345247,0.0004139099,0.001752717,0.00174922,0.001565,0.001536,0,0,1.524e-23,1.178e-24
step2,2,O,u,residual,1024,256-512,6291456,0.0003489835,0.0002802214,0.0004553795,0.0005526085,0.0002836296,0.00174863,0.001726991,0.001565,0.001536,0,0,1.524e-23,1.178e-24
step2,2,O,u,residual,1024,512-1024,1.258291e+07,0.0004915495,0.0002276967,0.0004094442,0.0002064092,0.0003370754,0.00173638,0.001756838,0.001565,0.001536,0,0,1.524e-23,1.178e-24
step2,2,O,v,head,1024,spike,786432,0.0006288867,0.0007954448,0.001399994,0.001213496,0.001454443,0.001715161,0.001956758,0.001565,0.001536,0,0,1.524e-23,1.178e-24
step2,2,O,v,head,1024,32-64,786432,0.0008415615,0.0006661105,0.00151825,0.001122192,0.00133721,0.001773289,0.001833598,0.001565,0.001536,0,0,1.524e-23,1.178e-24
step2,2,O,v,head,1024,64-128,1572864,0.0008620758,0.0005930969,0.001525879,0.000759345,0.001004198,0.001771109,0.001851309,0.001565,0.001536,0,0,1.524e-23,1.178e-24
step2,2,O,v,head,1024,128-256,3145728,0.0003271166,0.0003504061,0.0005337397,0.0004893676,0.0006292971,0.001758803,0.001771473,0.001565,0.001536,0,0,1.524e-23,1.178e-24
step2,2,O,v,head,1024,256-512,6291456,0.0002763505,0.0001179414,0.0001301765,0.0003077649,0.0001718729,0.001752172,0.001761641,0.001565,0.001536,0,0,1.524e-23,1.178e-24
step2,2,O,v,head,1024,512-1024,1.258291e+07,0.0003512243,0.000153672,0.000223875,0.000223484,0.0001531145,0.001759109,0.001756827,0.001565,0.001536,0,0,1.524e-23,1.178e-24
step2,2,MLP_IN,u,hidden,4096,spike,3145728,0.000558571,0.0006123092,0.0007683436,0.0009353495,0.0009981047,0.001802808,0.00185635,0.001565,0.001558,0,0,1.524e-23,8.299e-24
step2,2,MLP_IN,u,hidden,4096,32-64,3145728,0.0002991816,0.0003663966,0.001024882,0.001084795,0.001150725,0.001754897,0.001841318,0.001565,0.001558,0,0,1.524e-23,8.299e-24
step2,2,MLP_IN,u,hidden,4096,64-128,6291456,0.0004554924,0.0005182476,0.0008072853,0.000460686,0.0005218663,0.001753603,0.001829352,0.001565,0.001558,0,0,1.524e-23,8.299e-24
step2,2,MLP_IN,u,hidden,4096,128-256,1.258291e+07,0.0003402783,0.0002943322,0.0005538464,0.0003384651,0.0004043958,0.001765024,0.001812129,0.001565,0.001558,0,0,1.524e-23,8.299e-24
step2,2,MLP_IN,u,hidden,4096,256-512,2.516582e+07,8.623151e-05,0.0001030207,0.0001918077,0.0001663407,0.0002202641,0.001759171,0.001787044,0.001565,0.001558,0,0,1.524e-23,8.299e-24
step2,2,MLP_IN,u,hidden,4096,512-1024,5.033165e+07,8.092956e-05,4.005729e-05,0.0001175205,0.0001049082,8.891126e-05,0.001767499,0.001767644,0.001565,0.001558,0,0,1.524e-23,8.299e-24
step2,2,MLP_IN,v,residual,1024,spike,786432,0.0004958649,0.000392329,0.001284281,0.0007884165,0.001057395,0.001747131,0.001907349,0.001565,0.001536,0,0,1.524e-23,1.178e-24
step2,2,MLP_IN,v,residual,1024,32-64,786432,0.0006158597,0.0008500569,0.0005989075,0.0006991994,0.000822508,0.001710801,0.001865932,0.001565,0.001536,0,0,1.524e-23,1.178e-24
step2,2,MLP_IN,v,residual,1024,64-128,1572864,0.000753357,0.0004865855,0.0006980896,0.0003409936,0.0004058831,0.001750764,0.001797721,0.001565,0.001536,0,0,1.524e-23,1.178e-24
step2,2,MLP_IN,v,residual,1024,128-256,3145728,0.0004230096,0.0002421104,0.000462532,0.0003082056,0.0002782448,0.001740229,0.00177397,0.001565,0.001536,0,0,1.524e-23,1.178e-24
step2,2,MLP_IN,v,residual,1024,256-512,6291456,0.0002692083,0.0002037994,0.0003964106,0.0003797828,0.0002704564,0.001782236,0.001759234,0.001565,0.001536,0,0,1.524e-23,1.178e-24
step2,2,MLP_IN,v,residual,1024,512-1024,1.258291e+07,0.0004237647,0.0001769065,0.0003430049,0.0002201735,0.0002775701,0.001751593,0.001774277,0.001565,0.001536,0,0,1.524e-23,1.178e-24
step2,2,MLP_OUT,u,residual,1024,spike,786432,0.0007253573,0.0006817267,0.002146403,0.001719698,0.001983328,0.001782372,0.00187229,0.001565,0.001536,0,0,1.524e-23,1.178e-24
step2,2,MLP_OUT,u,residual,1024,32-64,786432,0.0004664416,0.0005691142,0.001349131,0.001306329,0.00155744,0.001776922,0.001786187,0.001565,0.001536,0,0,1.524e-23,1.178e-24
step2,2,MLP_OUT,u,residual,1024,64-128,1572864,0.0004596253,0.0006453348,0.0007966359,0.0008040948,0.000711102,0.001725333,0.00181952,0.001565,0.001536,0,0,1.524e-23,1.178e-24
step2,2,MLP_OUT,u,residual,1024,128-256,3145728,0.0007201929,0.0004563402,0.0009034475,0.0002849436,0.0005360547,0.001738049,0.001767885,0.001565,0.001536,0,0,1.524e-23,1.178e-24
step2,2,MLP_OUT,u,residual,1024,256-512,6291456,0.0002528369,0.0002420532,0.0004941622,0.0005738039,0.0003099512,0.001739502,0.001743271,0.001565,0.001536,0,0,1.524e-23,1.178e-24
step2,2,MLP_OUT,u,residual,1024,512-1024,1.258291e+07,0.0002709567,0.0001251966,0.0003153483,0.0001758121,0.0003287793,0.001740649,0.0017717,0.001565,0.001536,0,0,1.524e-23,1.178e-24
step2,2,MLP_OUT,v,hidden,4096,spike,3145728,0.000310467,0.0002477118,0.001033147,0.0009397328,0.001006948,0.001781645,0.001883825,0.001565,0.001558,0,0,1.524e-23,8.299e-24
step2,2,MLP_OUT,v,hidden,4096,32-64,3145728,0.0001993939,0.0002506783,0.0008249283,0.0007259167,0.0007746767,0.001821336,0.001854579,0.001565,0.001558,0,0,1.524e-23,8.299e-24
step2,2,MLP_OUT,v,hidden,4096,64-128,6291456,0.0003563662,0.0002904354,0.001085917,0.000729551,0.0007954817,0.00176625,0.001836958,0.001565,0.001558,0,0,1.524e-23,8.299e-24
step2,2,MLP_OUT,v,hidden,4096,128-256,1.258291e+07,0.0001657072,0.0001910281,0.0006112258,0.0005227626,0.0005886933,0.001754068,0.001816693,0.001565,0.001558,0,0,1.524e-23,8.299e-24
step2,2,MLP_OUT,v,hidden,4096,256-512,2.516582e+07,0.0002413825,0.0001975314,0.0004240274,0.0002286371,0.0002913923,0.00176541,0.001783274,0.001565,0.001558,0,0,1.524e-23,8.299e-24
step2,2,MLP_OUT,v,hidden,4096,512-1024,5.033165e+07,8.044194e-05,7.44247e-05,0.0001357992,0.0001870655,0.0001297258,0.001767317,0.00176904,0.001565,0.001558,0,0,1.524e-23,8.299e-24
step4,4,Q,u,head,1024,spike,786432,0.001399453,0.001135822,0.002713521,0.001706908,0.001970761,0.001734597,0.001916976,0.001565,0.001536,0,0,1.524e-23,1.178e-24
step4,4,Q,u,head,1024,32-64,786432,0.0006808286,0.0009444591,0.001427968,0.001221333,0.001430732,0.001709348,0.001899174,0.001565,0.001536,0,0,1.524e-23,1.178e-24
step4,4,Q,u,head,1024,64-128,1572864,0.0004852317,0.0004876607,0.0007082621,0.0005609222,0.0007684955,0.001773834,0.001838139,0.001565,0.001536,0,0,1.524e-23,1.178e-24
step4,4,Q,u,head,1024,128-256,3145728,0.0005749165,0.0003110638,0.000711441,0.0005304047,0.0004070961,0.001748902,0.00177556,0.001565,0.001536,0,0,1.524e-23,1.178e-24
step4,4,Q,u,head,1024,256-512,6291456,0.0002313893,0.0003320165,0.0004434586,0.0003895302,0.0001205513,0.001754261,0.001744702,0.001565,0.001536,0,0,1.524e-23,1.178e-24
step4,4,Q,u,head,1024,512-1024,1.258291e+07,0.0003066523,0.0001259359,0.0002666314,0.0001860215,0.0002269675,0.001758746,0.001774697,0.001565,0.001536,0,0,1.524e-23,1.178e-24
step4,4,Q,v,residual,1024,spike,786432,0.0009888563,0.0007546591,0.002213796,0.001740819,0.002009798,0.001722972,0.001918066,0.001565,0.001536,0,0,1.524e-23,1.178e-24
step4,4,Q,v,residual,1024,32-64,786432,0.0005983074,0.0008133253,0.0009778341,0.001185314,0.001394679,0.00176021,0.001838139,0.001565,0.001536,0,0,1.524e-23,1.178e-24
step4,4,Q,v,residual,1024,64-128,1572864,0.0007750256,0.0005656267,0.001454035,0.0009912212,0.001206239,0.001728058,0.001865478,0.001565,0.001536,0,0,1.524e-23,1.178e-24
step4,4,Q,v,residual,1024,128-256,3145728,0.0002363621,0.0004208919,0.0005979538,0.0005052768,0.0003153913,0.00173378,0.001746586,0.001565,0.001536,0,0,1.524e-23,1.178e-24
step4,4,Q,v,residual,1024,256-512,6291456,0.0003133796,0.0001717457,0.0002659162,0.0004189908,0.0001815669,0.001739911,0.001769588,0.001565,0.001536,0,0,1.524e-23,1.178e-24
step4,4,Q,v,residual,1024,512-1024,1.258291e+07,0.0003474219,0.0001339009,0.000489076,0.0001717227,0.0004165756,0.001753659,0.00175878,0.001565,0.001536,0,0,1.524e-23,1.178e-24
step4,4,K,u,head,1024,spike,786432,0.0008174462,0.0006223511,0.002471924,0.002093043,0.002362022,0.001700992,0.002002353,0.001565,0.001536,0,0,1.524e-23,1.178e-24
step4,4,K,u,head,1024,32-64,786432,0.001063567,0.0009242802,0.002098083,0.001034516,0.001173803,0.001739684,0.001796722,0.001565,0.001536,0,0,1.524e-23,1.178e-24
step4,4,K,u,head,1024,64-128,1572864,0.0005232556,0.0004482421,0.001251221,0.0008744217,0.001119275,0.001764297,0.001853125,0.001565,0.001536,0,0,1.524e-23,1.178e-24
step4,4,K,u,head,1024,128-256,3145728,0.0004699412,0.0003173187,0.0005801519,0.0002411413,0.0003254145,0.00172833,0.00179259,0.001565,0.001536,0,0,1.524e-23,1.178e-24
step4,4,K,u,head,1024,256-512,6291456,0.0002643817,0.000142578,0.0003164609,0.0004375135,0.0003071142,0.001740001,0.001765864,0.001565,0.001536,0,0,1.524e-23,1.178e-24
step4,4,K,u,head,1024,512-1024,1.258291e+07,0.0002830528,0.0001305669,0.0003386339,0.0001870095,0.0002506213,0.001736232,0.001785085,0.001565,0.001536,0,0,1.524e-23,1.178e-24
step4,4,K,v,residual,1024,spike,786432,0.0005792692,0.0007823097,0.001729329,0.001838042,0.002073376,0.001742227,0.001942226,0.001565,0.001536,0,0,1.524e-23,1.178e-24
step4,4,K,v,residual,1024,32-64,786432,0.000907357,0.0006437265,0.002450307,0.002011017,0.002226035,0.001743498,0.001915523,0.001565,0.001536,0,0,1.524e-23,1.178e-24
step4,4,K,v,residual,1024,64-128,1572864,0.0006441429,0.0003805124,0.001870473,0.00122633,0.001493543,0.001722154,0.001787458,0.001565,0.001536,0,0,1.524e-23,1.178e-24
step4,4,K,v,residual,1024,128-256,3145728,0.0004825135,0.0002344179,0.0006841024,0.0002548541,0.0005184846,0.001712254,0.00178605,0.001565,0.001536,0,0,1.524e-23,1.178e-24
step4,4,K,v,residual,1024,256-512,6291456,0.0003666237,0.0001719482,0.0002511342,0.0003831206,0.0002438336,0.001744248,0.00174393,0.001565,0.001536,0,0,1.524e-23,1.178e-24
step4,4,K,v,residual,1024,512-1024,1.258291e+07,0.0003220701,0.0001118795,0.0001514753,0.0003390546,0.0001636036,0.001742022,0.00175123,0.001565,0.001536,0,0,1.524e-23,1.178e-24
step4,4,V,u,head,1024,spike,786432,0.0009379937,0.0007037964,0.003325144,0.002667791,0.00293677,0.00180417,0.001935686,0.001565,0.001536,0,0,1.524e-23,1.178e-24
step4,4,V,u,head,1024,32-64,786432,0.0009875396,0.0007236869,0.001491547,0.0007932183,0.001002214,0.001732962,0.001797086,0.001565,0.001536,0,0,1.524e-23,1.178e-24
step4,4,V,u,head,1024,64-128,1572864,0.0002612711,0.0003980886,0.0008513133,0.0007074969,0.0008647156,0.001764207,0.001823698,0.001565,0.001536,0,0,1.524e-23,1.178e-24
step4,4,V,u,head,1024,128-256,3145728,0.0003250412,0.0004717546,0.0006278356,0.0003984653,0.0004583017,0.001769384,0.001767431,0.001565,0.001536,0,0,1.524e-23,1.178e-24
step4,4,V,u,head,1024,256-512,6291456,0.0006733889,0.0004291224,0.0003244082,0.0005214552,0.0002524762,0.001727013,0.001744475,0.001565,0.001536,0,0,1.524e-23,1.178e-24
step4,4,V,u,head,1024,512-1024,1.258291e+07,0.0003133319,0.0001874774,0.000289758,0.0002670043,0.0002001057,0.00174863,0.00176214,0.001565,0.001536,0,0,1.524e-23,1.178e-24
step4,4,V,v,residual,1024,spike,786432,0.001049583,0.001313213,0.001089732,0.001767907,0.002019018,0.001821972,0.001893906,0.001565,0.001536,0,0,1.524e-23,1.178e-24
step4,4,V,v,residual,1024,32-64,786432,0.001321327,0.001516423,0.00116094,0.001253348,0.001498201,0.001778376,0.001910618,0.001565,0.001536,0,0,1.524e-23,1.178e-24
step4,4,V,v,residual,1024,64-128,1572864,0.0003807949,0.0004504311,0.000837326,0.0008462728,0.001115252,0.001691637,0.001850582,0.001565,0.001536,0,0,1.524e-23,1.178e-24
step4,4,V,v,residual,1024,128-256,3145728,0.0004973872,0.0002582798,0.0004809697,0.0003196247,0.0003578135,0.001773743,0.001763889,0.001565,0.001536,0,0,1.524e-23,1.178e-24
step4,4,V,v,residual,1024,256-512,6291456,0.000560079,0.0002911,0.0003722509,0.0002073629,0.0002463811,0.001728875,0.001735347,0.001565,0.001536,0,0,1.524e-23,1.178e-24
step4,4,V,v,residual,1024,512-1024,1.258291e+07,0.0002637409,0.000173092,0.0003085136,0.0001187506,0.0003612078,0.001757769,0.001786925,0.001565,0.001536,0,0,1.524e-23,1.178e-24
step4,4,O,u,residual,1024,spike,786432,0.0006026764,0.0006504211,0.002779643,0.002715224,0.002966335,0.001784915,0.00186793,0.001565,0.001536,0,0,1.524e-23,1.178e-24
step4,4,O,u,residual,1024,32-64,786432,0.000592679,0.0006644735,0.001569112,0.001238936,0.001490047,0.00176348,0.001896268,0.001565,0.001536,0,0,1.524e-23,1.178e-24
step4,4,O,u,residual,1024,64-128,1572864,0.0003513677,0.0002642575,0.001312256,0.00106802,0.001331651,0.001751309,0.001860573,0.001565,0.001536,0,0,1.524e-23,1.178e-24
step4,4,O,u,residual,1024,128-256,3145728,0.0005282227,0.0002771116,0.0007810593,0.0005328218,0.0007478397,0.00175467,0.001765115,0.001565,0.001536,0,0,1.524e-23,1.178e-24
step4,4,O,u,residual,1024,256-512,6291456,0.0003381752,0.000293096,0.0005215009,0.0004895988,0.0002569349,0.001752331,0.001732758,0.001565,0.001536,0,0,1.524e-23,1.178e-24
step4,4,O,u,residual,1024,512-1024,1.258291e+07,0.0005130072,0.0002491544,0.0004712741,0.0002052522,0.0003293247,0.001738707,0.001748426,0.001565,0.001536,0,0,1.524e-23,1.178e-24
step4,4,O,v,head,1024,spike,786432,0.0005678516,0.0007280518,0.001564026,0.001262835,0.001509034,0.0017217,0.001904442,0.001565,0.001536,0,0,1.524e-23,1.178e-24
step4,4,O,v,head,1024,32-64,786432,0.0008504625,0.0006750114,0.001668294,0.001661132,0.001924985,0.001770201,0.001842135,0.001565,0.001536,0,0,1.524e-23,1.178e-24
step4,4,O,v,head,1024,64-128,1572864,0.0008493602,0.0005803812,0.001673381,0.0008240204,0.001092999,0.001764207,0.001833779,0.001565,0.001536,0,0,1.524e-23,1.178e-24
step4,4,O,v,head,1024,128-256,3145728,0.0003566805,0.0003259273,0.0003646215,0.0002738339,0.000494791,0.001756396,0.001783371,0.001565,0.001536,0,0,1.524e-23,1.178e-24
step4,4,O,v,head,1024,256-512,6291456,0.0003089292,0.0001816786,0.0004291534,0.0005847256,0.0003697077,0.001749924,0.001765592,0.001565,0.001536,0,0,1.524e-23,1.178e-24
step4,4,O,v,head,1024,512-1024,1.258291e+07,0.0003757019,0.000157993,0.0002959569,0.0002086751,0.0002195938,0.001756044,0.001757667,0.001565,0.001536,0,0,1.524e-23,1.178e-24
step4,4,MLP_IN,u,hidden,4096,spike,3145728,0.0005598425,0.0006135807,0.001005173,0.0007986924,0.0008646231,0.001803444,0.001890319,0.001565,0.001558,0,0,1.524e-23,8.299e-24
step4,4,MLP_IN,u,hidden,4096,32-64,3145728,0.0002944132,0.0003616282,0.001069387,0.0009941594,0.001056915,0.001755487,0.001839774,0.001565,0.001558,0,0,1.524e-23,8.299e-24
step4,4,MLP_IN,u,hidden,4096,64-128,6291456,0.0004454788,0.000508234,0.000986894,0.0007531461,0.0008143264,0.00175408,0.001810846,0.001565,0.001558,0,0,1.524e-23,8.299e-24
step4,4,MLP_IN,u,hidden,4096,128-256,1.258291e+07,0.0003479872,0.0002898023,0.0005787214,0.0003126025,0.0003663407,0.001764184,0.001802433,0.001565,0.001558,0,0,1.524e-23,8.299e-24
step4,4,MLP_IN,u,hidden,4096,256-512,2.516582e+07,8.619177e-05,0.0001004103,0.0002743403,0.00024966,0.0003033982,0.001758672,0.001790478,0.001565,0.001558,0,0,1.524e-23,8.299e-24
step4,4,MLP_IN,u,hidden,4096,512-1024,5.033165e+07,8.071101e-05,4.250108e-05,7.265806e-05,0.0001220147,6.827653e-05,0.001768098,0.001771078,0.001565,0.001558,0,0,1.524e-23,8.299e-24
step4,4,MLP_IN,v,residual,1024,spike,786432,0.0004878504,0.0003910574,0.001934052,0.001584542,0.001779637,0.001746768,0.0019702,0.001565,0.001536,0,0,1.524e-23,1.178e-24
step4,4,MLP_IN,v,residual,1024,32-64,786432,0.0005967862,0.0008309834,0.00117747,0.001447464,0.001697312,0.001711891,0.001846677,0.001565,0.001536,0,0,1.524e-23,1.178e-24
step4,4,MLP_IN,v,residual,1024,64-128,1572864,0.0007431844,0.0004742055,0.0008296967,0.0002628171,0.0004193025,0.001749039,0.00180635,0.001565,0.001536,0,0,1.524e-23,1.178e-24
step4,4,MLP_IN,v,residual,1024,128-256,3145728,0.0004223738,0.0002335021,0.0007079442,0.0003227727,0.0005767436,0.001741364,0.001761573,0.001565,0.001536,0,0,1.524e-23,1.178e-24
step4,4,MLP_IN,v,residual,1024,256-512,6291456,0.0002922554,0.0002007795,0.0002574921,0.0003358983,0.0002476163,0.001782213,0.001754443,0.001565,0.001536,0,0,1.524e-23,1.178e-24
step4,4,MLP_IN,v,residual,1024,512-1024,1.258291e+07,0.0004080291,0.000185887,0.0005152225,0.0001668696,0.0003423206,0.001751355,0.001765058,0.001565,0.001536,0,0,1.524e-23,1.178e-24
step4,4,MLP_OUT,u,residual,1024,spike,786432,0.0007024691,0.0006588385,0.001472473,0.0009706355,0.001221747,0.001783643,0.001910437,0.001565,0.001536,0,0,1.524e-23,1.178e-24
step4,4,MLP_OUT,u,residual,1024,32-64,786432,0.0005371518,0.0005652995,0.001728058,0.001590129,0.001805147,0.001768203,0.001857758,0.001565,0.001536,0,0,1.524e-23,1.178e-24
step4,4,MLP_OUT,u,residual,1024,64-128,1572864,0.0004653473,0.0004486346,0.001200358,0.0007743478,0.0009417844,0.001728875,0.001838412,0.001565,0.001536,0,0,1.524e-23,1.178e-24
step4,4,MLP_OUT,u,residual,1024,128-256,3145728,0.0006254613,0.0003835721,0.0008217494,0.00032785,0.0005620473,0.001734234,0.001788366,0.001565,0.001536,0,0,1.524e-23,1.178e-24
step4,4,MLP_OUT,u,residual,1024,256-512,6291456,0.0002310613,0.0002054957,0.0003522237,0.0003677547,0.0001805097,0.001742272,0.001743544,0.001565,0.001536,0,0,1.524e-23,1.178e-24
step4,4,MLP_OUT,u,residual,1024,512-1024,1.258291e+07,0.0002725462,9.134117e-05,0.0002764861,0.0002778809,0.0002787838,0.001739684,0.001777036,0.001565,0.001536,0,0,1.524e-23,1.178e-24
step4,4,MLP_OUT,v,hidden,4096,spike,3145728,0.0003015661,0.0002388108,0.001238187,0.0009968127,0.001062694,0.001783871,0.001874424,0.001565,0.001558,0,0,1.524e-23,8.299e-24
step4,4,MLP_OUT,v,hidden,4096,32-64,3145728,0.0002002653,0.0002525856,0.0008929571,0.0007846018,0.0008518168,0.001822472,0.0018613,0.001565,0.001558,0,0,1.524e-23,8.299e-24
step4,4,MLP_OUT,v,hidden,4096,64-128,6291456,0.0003784596,0.0003125289,0.0007559458,0.00047817,0.0005393503,0.001768453,0.00184897,0.001565,0.001558,0,0,1.524e-23,8.299e-24
step4,4,MLP_OUT,v,hidden,4096,128-256,1.258291e+07,0.0001749261,0.0002191614,0.0003515879,0.0002909939,0.0003301655,0.001754522,0.001792908,0.001565,0.001558,0,0,1.524e-23,8.299e-24
step4,4,MLP_OUT,v,hidden,4096,256-512,2.516582e+07,0.0002287066,0.0001848555,0.0002952019,0.0001472569,0.0001995772,0.001763344,0.001783888,0.001565,0.001558,0,0,1.524e-23,8.299e-24
step4,4,MLP_OUT,v,hidden,4096,512-1024,5.033165e+07,9.417087e-05,6.7709e-05,6.093582e-05,0.0001014335,6.510999e-05,0.001768612,0.001769475,0.001565,0.001558,0,0,1.524e-23,8.299e-24
step8,8,Q,u,head,1024,spike,786432,0.001366392,0.001102762,0.003003438,0.00188362,0.002134731,0.001725515,0.001950037,0.001565,0.001536,0,0,1.524e-23,1.178e-24
step8,8,Q,u,head,1024,32-64,786432,0.0006630267,0.0009266572,0.0009231567,0.0008651317,0.001128984,0.001706805,0.001852126,0.001565,0.001536,0,0,1.524e-23,1.178e-24
step8,8,Q,u,head,1024,64-128,1572864,0.000504941,0.0005235709,0.0009905497,0.0009507104,0.001126161,0.001773834,0.001792908,0.001565,0.001536,0,0,1.524e-23,1.178e-24
step8,8,Q,u,head,1024,128-256,3145728,0.0006063878,0.000342535,0.0002905528,0.0005349655,0.0003058625,0.001743135,0.001794679,0.001565,0.001536,0,0,1.524e-23,1.178e-24
step8,8,Q,u,head,1024,256-512,6291456,0.0002406081,0.000344365,0.0005103747,0.0004756605,0.0002240054,0.001751491,0.001765138,0.001565,0.001536,0,0,1.524e-23,1.178e-24
step8,8,Q,u,head,1024,512-1024,1.258291e+07,0.0003148813,0.0001127721,0.0003414154,9.76387e-05,0.0003138474,0.001758416,0.001787345,0.001565,0.001536,0,0,1.524e-23,1.178e-24
step8,8,Q,v,residual,1024,spike,786432,0.001013016,0.0007788188,0.002480825,0.001530365,0.001782569,0.001723335,0.001958211,0.001565,0.001536,0,0,1.524e-23,1.178e-24
step8,8,Q,v,residual,1024,32-64,786432,0.0006275534,0.0008425713,0.001382192,0.001419113,0.001688092,0.001760755,0.001967476,0.001565,0.001536,0,0,1.524e-23,1.178e-24
step8,8,Q,v,residual,1024,64-128,1572864,0.0007457796,0.0005363807,0.001471837,0.001144445,0.001359463,0.001728421,0.001859847,0.001565,0.001536,0,0,1.524e-23,1.178e-24
step8,8,Q,v,residual,1024,128-256,3145728,0.0002675155,0.0004151699,0.0004383723,0.0003969489,0.0004215277,0.001740047,0.001781327,0.001565,0.001536,0,0,1.524e-23,1.178e-24
step8,8,Q,v,residual,1024,256-512,6291456,0.000283021,0.0001866108,0.0002161662,0.0003140127,0.0001655134,0.001741001,0.0017613,0.001565,0.001536,0,0,1.524e-23,1.178e-24
step8,8,Q,v,residual,1024,512-1024,1.258291e+07,0.0003511571,0.0001246026,0.0002642473,0.0001581513,0.0001976581,0.001750753,0.001762311,0.001565,0.001536,0,0,1.524e-23,1.178e-24
step8,8,K,u,head,1024,spike,786432,0.0008810245,0.0006859293,0.001866659,0.001625917,0.00187077,0.001704988,0.001861936,0.001565,0.001536,0,0,1.524e-23,1.178e-24
step8,8,K,u,head,1024,32-64,786432,0.001017791,0.0008785038,0.001537323,0.00104077,0.001250169,0.001732418,0.001918066,0.001565,0.001536,0,0,1.524e-23,1.178e-24
step8,8,K,u,head,1024,64-128,1572864,0.0005639457,0.0005092773,0.0008004506,0.0004459041,0.000690757,0.001760483,0.001839683,0.001565,0.001536,0,0,1.524e-23,1.178e-24
step8,8,K,u,head,1024,128-256,3145728,0.0005096776,0.0002648247,0.0004355113,0.0006130997,0.0003619886,0.001728012,0.001765796,0.001565,0.001536,0,0,1.524e-23,1.178e-24
step8,8,K,u,head,1024,256-512,6291456,0.0002604081,0.0001406706,0.0002061526,0.0002891683,0.0002732587,0.001741228,0.001754329,0.001565,0.001536,0,0,1.524e-23,1.178e-24
step8,8,K,u,head,1024,512-1024,1.258291e+07,0.0002960863,0.0001513093,0.0002718767,7.31791e-05,0.0003368096,0.001737424,0.001770349,0.001565,0.001536,0,0,1.524e-23,1.178e-24
step8,8,K,v,residual,1024,spike,786432,0.0005641597,0.0008090126,0.002082825,0.002181276,0.002444907,0.00174586,0.001913706,0.001565,0.001536,0,0,1.524e-23,1.178e-24
step8,8,K,v,residual,1024,32-64,786432,0.0008603091,0.0005966786,0.001822154,0.001215455,0.001397223,0.00174368,0.001835414,0.001565,0.001536,0,0,1.524e-23,1.178e-24
step8,8,K,v,residual,1024,64-128,1572864,0.0006338298,0.0003724098,0.001560211,0.0009727835,0.001187801,0.00172942,0.001792272,0.001565,0.001536,0,0,1.524e-23,1.178e-24
step8,8,K,v,residual,1024,128-256,3145728,0.00046344,0.00023721,0.0007781982,0.0003147583,0.0005837372,0.001714252,0.001814797,0.001565,0.001536,0,0,1.524e-23,1.178e-24
step8,8,K,v,residual,1024,256-512,6291456,0.0003704384,0.0001539874,0.0002412796,0.0004833082,0.0002143292,0.001748221,0.001722767,0.001565,0.001536,0,0,1.524e-23,1.178e-24
step8,8,K,v,residual,1024,512-1024,1.258291e+07,0.0003144496,0.0001086242,0.0004123847,0.0002300921,0.0003321323,0.001742488,0.001773823,0.001565,0.001536,0,0,1.524e-23,1.178e-24
step8,8,V,u,head,1024,spike,786432,0.0009227349,0.0006885376,0.002948761,0.002226979,0.002490831,0.00180199,0.002065931,0.001565,0.001536,0,0,1.524e-23,1.178e-24
step8,8,V,u,head,1024,32-64,786432,0.000936677,0.0006728242,0.001689911,0.000916838,0.001028382,0.001738957,0.001839229,0.001565,0.001536,0,0,1.524e-23,1.178e-24
step8,8,V,u,head,1024,64-128,1572864,0.000284795,0.0004705679,0.001358032,0.001121307,0.001355504,0.001760483,0.001822971,0.001565,0.001536,0,0,1.524e-23,1.178e-24
step8,8,V,u,head,1024,128-256,3145728,0.000324382,0.0004609462,0.0004587173,0.0004118185,0.0006756712,0.00177061,0.001768385,0.001565,0.001536,0,0,1.524e-23,1.178e-24
step8,8,V,u,head,1024,256-512,6291456,0.0006865814,0.0004295992,0.0007724762,0.0002692897,0.0004843077,0.001726923,0.001770133,0.001565,0.001536,0,0,1.524e-23,1.178e-24
step8,8,V,u,head,1024,512-1024,1.258291e+07,0.0003184182,0.0001701523,0.0003085136,0.0002200246,0.0002025854,0.00174762,0.001758791,0.001565,0.001536,0,0,1.524e-23,1.178e-24
step8,8,V,v,residual,1024,spike,786432,0.001043225,0.001306855,0.002300262,0.003215836,0.003484814,0.001818702,0.001986367,0.001565,0.001536,0,0,1.524e-23,1.178e-24
step8,8,V,v,residual,1024,32-64,786432,0.001334043,0.001529138,0.00116094,0.001742091,0.00201107,0.001771654,0.001947494,0.001565,0.001536,0,0,1.524e-23,1.178e-24
step8,8,V,v,residual,1024,64-128,1572864,0.0004216534,0.0004294502,0.000837326,0.0006172503,0.0008808808,0.001690819,0.001885278,0.001565,0.001536,0,0,1.524e-23,1.178e-24
step8,8,V,v,residual,1024,128-256,3145728,0.0005012109,0.0002670136,0.0002686183,0.0004672647,0.0002716072,0.001770428,0.001756214,0.001565,0.001536,0,0,1.524e-23,1.178e-24
step8,8,V,v,residual,1024,256-512,6291456,0.0005430718,0.0002740928,0.0005009969,0.0002224449,0.0002421641,0.001730306,0.001767931,0.001565,0.001536,0,0,1.524e-23,1.178e-24
step8,8,V,v,residual,1024,512-1024,1.258291e+07,0.0002682708,0.000171423,0.0003435612,0.0001121516,0.0003521372,0.00175702,0.001762345,0.001565,0.001536,0,0,1.524e-23,1.178e-24
step8,8,O,u,residual,1024,spike,786432,0.0006509959,0.0006745808,0.002455393,0.002027307,0.002278418,0.001797267,0.001966022,0.001565,0.001536,0,0,1.524e-23,1.178e-24
step8,8,O,u,residual,1024,32-64,786432,0.0005939506,0.0005780856,0.001313527,0.001007126,0.001276105,0.001758575,0.001901899,0.001565,0.001536,0,0,1.524e-23,1.178e-24
step8,8,O,u,residual,1024,64-128,1572864,0.0004450543,0.000394593,0.0005582174,0.0005880635,0.0003730455,0.00175031,0.001790728,0.001565,0.001536,0,0,1.524e-23,1.178e-24
step8,8,O,u,residual,1024,128-256,3145728,0.0005560898,0.0003112368,0.0003706614,0.0003187412,0.0002536143,0.001754806,0.001773925,0.001565,0.001536,0,0,1.524e-23,1.178e-24
step8,8,O,u,residual,1024,256-512,6291456,0.0003131294,0.0003209115,0.000193119,0.000335187,0.0002289622,0.001751968,0.001751832,0.001565,0.001536,0,0,1.524e-23,1.178e-24
step8,8,O,u,residual,1024,512-1024,1.258291e+07,0.0004905163,0.0002266636,0.0005399386,0.0002797561,0.000490745,0.001744566,0.001775832,0.001565,0.001536,0,0,1.524e-23,1.178e-24
step8,8,O,v,head,1024,spike,786432,0.0005965793,0.0007720304,0.002443949,0.002415244,0.002678875,0.001721518,0.001993088,0.001565,0.001536,0,0,1.524e-23,1.178e-24
step8,8,O,v,head,1024,32-64,786432,0.0008110439,0.0006355929,0.002056122,0.001713266,0.001977119,0.001773834,0.001873198,0.001565,0.001536,0,0,1.524e-23,1.178e-24
step8,8,O,v,head,1024,64-128,1572864,0.0008705917,0.0006194807,0.001277288,0.0005124347,0.0007704029,0.001766931,0.001832145,0.001565,0.001536,0,0,1.524e-23,1.178e-24
step8,8,O,v,head,1024,128-256,3145728,0.000284837,0.0003506379,0.0006491343,0.0005491691,0.0007443429,0.001755442,0.001787958,0.001565,0.001536,0,0,1.524e-23,1.178e-24
step8,8,O,v,head,1024,256-512,6291456,0.0002721249,7.868679e-05,0.0003732045,0.0001986885,0.0003814734,0.001748516,0.001738526,0.001565,0.001536,0,0,1.524e-23,1.178e-24
step8,8,O,v,head,1024,512-1024,1.258291e+07,0.0003332634,0.0001187334,0.0003718535,0.0001562997,0.0003317507,0.001753943,0.001770701,0.001565,0.001536,0,0,1.524e-23,1.178e-24
step8,8,MLP_IN,u,hidden,4096,spike,3145728,0.0005312323,0.0005849705,0.0009304682,0.001044422,0.001110353,0.001805805,0.001893089,0.001565,0.001558,0,0,1.524e-23,8.299e-24
step8,8,MLP_IN,u,hidden,4096,32-64,3145728,0.0002634344,0.0003246146,0.0007155736,0.0006817083,0.0007476391,0.001754352,0.001878148,0.001565,0.001558,0,0,1.524e-23,8.299e-24
step8,8,MLP_IN,u,hidden,4096,64-128,6291456,0.0004046298,0.000467385,0.0008406639,0.000597785,0.0006637157,0.001754579,0.001846541,0.001565,0.001558,0,0,1.524e-23,8.299e-24
step8,8,MLP_IN,u,hidden,4096,128-256,1.258291e+07,0.000352994,0.0002944638,0.000642856,0.0003708022,0.0004319824,0.001765001,0.001807497,0.001565,0.001558,0,0,1.524e-23,8.299e-24
step8,8,MLP_IN,u,hidden,4096,256-512,2.516582e+07,7.811261e-05,8.966927e-05,0.0003070037,0.0002531509,0.0003190817,0.001758678,0.001783836,0.001565,0.001558,0,0,1.524e-23,8.299e-24
step8,8,MLP_IN,u,hidden,4096,512-1024,5.033165e+07,7.996356e-05,4.144806e-05,0.0001590451,0.0001196907,0.0001782209,0.001767723,0.001772177,0.001565,0.001558,0,0,1.524e-23,8.299e-24
step8,8,MLP_IN,v,residual,1024,spike,786432,0.0005874176,0.0004266612,0.001880646,0.001378799,0.001612996,0.001746768,0.001847767,0.001565,0.001536,0,0,1.524e-23,1.178e-24
step8,8,MLP_IN,v,residual,1024,32-64,786432,0.0005688117,0.000803009,0.0009981791,0.001199132,0.001468111,0.001721155,0.001794179,0.001565,0.001536,0,0,1.524e-23,1.178e-24
step8,8,MLP_IN,v,residual,1024,64-128,1572864,0.0007469991,0.0004780202,0.001169205,0.0005199016,0.0007837543,0.001751763,0.001793907,0.001565,0.001536,0,0,1.524e-23,1.178e-24
step8,8,MLP_IN,v,residual,1024,128-256,3145728,0.0004303211,0.0002232483,0.00055631,0.0005179925,0.0004510916,0.00173873,0.001765796,0.001565,0.001536,0,0,1.524e-23,1.178e-24
step8,8,MLP_IN,v,residual,1024,256-512,6291456,0.0002868513,0.0002355886,0.0002655983,0.0001852478,0.0002764678,0.001781577,0.001762277,0.001565,0.001536,0,0,1.524e-23,1.178e-24
step8,8,MLP_IN,v,residual,1024,512-1024,1.258291e+07,0.0004036092,0.0001650651,0.0003785292,0.0002058529,0.0002351117,0.001750492,0.001778466,0.001565,0.001536,0,0,1.524e-23,1.178e-24
step8,8,MLP_OUT,u,residual,1024,spike,786432,0.0006223604,0.0005787299,0.002174377,0.001806164,0.002069795,0.001777831,0.001849583,0.001565,0.001536,0,0,1.524e-23,1.178e-24
step8,8,MLP_OUT,u,residual,1024,32-64,786432,0.0006206525,0.0008107117,0.001623789,0.001433225,0.00162832,0.001766023,0.001919519,0.001565,0.001536,0,0,1.524e-23,1.178e-24
step8,8,MLP_OUT,u,residual,1024,64-128,1572864,0.0004779382,0.0005287432,0.001202901,0.0007249631,0.0009200582,0.001733417,0.00183823,0.001565,0.001536,0,0,1.524e-23,1.178e-24
step8,8,MLP_OUT,u,residual,1024,128-256,3145728,0.0006668905,0.0003979116,0.0006758372,0.00026878,0.0004096643,0.00174309,0.001762345,0.001565,0.001536,0,0,1.524e-23,1.178e-24
step8,8,MLP_OUT,u,residual,1024,256-512,6291456,0.0001714634,0.0002910085,0.0005477269,0.0006214137,0.0003577832,0.00174318,0.001739093,0.001565,0.001536,0,0,1.524e-23,1.178e-24
step8,8,MLP_OUT,u,residual,1024,512-1024,1.258291e+07,0.0002764403,8.826062e-05,0.0002634525,0.0002332866,0.0002613651,0.001738162,0.001772835,0.001565,0.001536,0,0,1.524e-23,1.178e-24
step8,8,MLP_OUT,v,hidden,4096,spike,3145728,0.0003200038,0.0002572485,0.0015529,0.001413391,0.001480606,0.001773925,0.001885051,0.001565,0.001558,0,0,1.524e-23,8.299e-24
step8,8,MLP_OUT,v,hidden,4096,32-64,3145728,0.0002266503,0.0002789706,0.0008204778,0.0006283241,0.0006770841,0.001817204,0.00182724,0.001565,0.001558,0,0,1.524e-23,8.299e-24
step8,8,MLP_OUT,v,hidden,4096,64-128,6291456,0.0003844996,0.0003185688,0.0007413228,0.0005285985,0.0005871286,0.001770496,0.00181457,0.001565,0.001558,0,0,1.524e-23,8.299e-24
step8,8,MLP_OUT,v,hidden,4096,128-256,1.258291e+07,0.0001888374,0.0001477153,0.000461181,0.000320627,0.0003833822,0.001752411,0.001806498,0.001565,0.001558,0,0,1.524e-23,8.299e-24
step8,8,MLP_OUT,v,hidden,4096,256-512,2.516582e+07,0.000240171,0.0001864328,0.0004262527,0.0001860817,0.0002398199,0.001766829,0.001787884,0.001565,0.001558,0,0,1.524e-23,8.299e-24
step8,8,MLP_OUT,v,hidden,4096,512-1024,5.033165e+07,0.0001076614,8.428323e-05,9.818872e-05,0.0001132045,7.285432e-05,0.001767124,0.001772622,0.001565,0.001558,0,0,1.524e-23,8.299e-24
step16,16,Q,u,head,1024,spike,786432,0.001362578,0.001098947,0.002427419,0.001337558,0.001494776,0.001725333,0.001939319,0.001565,0.001536,0,0,1.524e-23,1.178e-24
step16,16,Q,u,head,1024,32-64,786432,0.0006681129,0.0009317435,0.001195272,0.00101938,0.001264233,0.001710256,0.001862481,0.001565,0.001536,0,0,1.524e-23,1.178e-24
step16,16,Q,u,head,1024,64-128,1572864,0.0005481742,0.0004523632,0.0008570353,0.0008753042,0.001139157,0.001780192,0.001850764,0.001565,0.001536,0,0,1.524e-23,1.178e-24
step16,16,Q,u,head,1024,128-256,3145728,0.0005885859,0.0003247331,0.0006516774,0.0003405963,0.0003932106,0.001747858,0.001734915,0.001565,0.001536,0,0,1.524e-23,1.178e-24
step16,16,Q,u,head,1024,256-512,6291456,0.0001977835,0.0003605774,0.0001956622,0.0002338552,0.0001996147,0.001750696,0.001742726,0.001565,0.001536,0,0,1.524e-23,1.178e-24
step16,16,Q,u,head,1024,512-1024,1.258291e+07,0.000339359,0.000103922,0.0001440843,0.0003405511,0.0001379861,0.001756611,0.00176499,0.001565,0.001536,0,0,1.524e-23,1.178e-24
step16,16,Q,v,residual,1024,spike,786432,0.0009138339,0.0007017143,0.002614339,0.002193992,0.002457622,0.001715706,0.001972198,0.001565,0.001536,0,0,1.524e-23,1.178e-24
step16,16,Q,v,residual,1024,32-64,786432,0.0006400284,0.0008911394,0.001876831,0.001856532,0.002125511,0.001757304,0.001852853,0.001565,0.001536,0,0,1.524e-23,1.178e-24
step16,16,Q,v,residual,1024,64-128,1572864,0.0006815656,0.0005075498,0.0009066264,0.0003590124,0.0006101234,0.001733598,0.001805805,0.001565,0.001536,0,0,1.524e-23,1.178e-24
step16,16,Q,v,residual,1024,128-256,3145728,0.0002875427,0.0002838807,0.0005324682,0.000512218,0.0002753369,0.001743135,0.001783598,0.001565,0.001536,0,0,1.524e-23,1.178e-24
step16,16,Q,v,residual,1024,256-512,6291456,0.0002933497,0.0001487063,0.0002972285,0.000203421,0.000302171,0.001738117,0.001748108,0.001565,0.001536,0,0,1.524e-23,1.178e-24
step16,16,Q,v,residual,1024,512-1024,1.258291e+07,0.0003445247,0.0001097412,0.0004584789,0.0001478836,0.0004150163,0.001753909,0.001781713,0.001565,0.001536,0,0,1.524e-23,1.178e-24
step16,16,K,u,head,1024,spike,786432,0.0008873823,0.0006922872,0.001691182,0.001442812,0.001687665,0.001712799,0.001987639,0.001565,0.001536,0,0,1.524e-23,1.178e-24
step16,16,K,u,head,1024,32-64,786432,0.001014288,0.0008377719,0.001710256,0.001180869,0.001425722,0.0017415,0.001877376,0.001565,0.001536,0,0,1.524e-23,1.178e-24
step16,16,K,u,head,1024,64-128,1572864,0.0004842463,0.0004495137,0.001228968,0.0008855507,0.001149181,0.001758485,0.001838412,0.001565,0.001536,0,0,1.524e-23,1.178e-24
step16,16,K,u,head,1024,128-256,3145728,0.0004686696,0.0002807612,0.0005954107,0.000219449,0.0004536463,0.001733962,0.001792544,0.001565,0.001536,0,0,1.524e-23,1.178e-24
step16,16,K,u,head,1024,256-512,6291456,0.0003328873,0.0002157779,0.0003123283,0.0005019149,0.000286897,0.001745701,0.00172992,0.001565,0.001536,0,0,1.524e-23,1.178e-24
step16,16,K,u,head,1024,512-1024,1.258291e+07,0.0003008796,0.0002050248,0.0003373623,0.0001006461,0.0003517571,0.001740024,0.001765978,0.001565,0.001536,0,0,1.524e-23,1.178e-24
step16,16,K,v,residual,1024,spike,786432,0.0006606494,0.000720003,0.002033234,0.002187308,0.002362759,0.001747313,0.001942952,0.001565,0.001536,0,0,1.524e-23,1.178e-24
step16,16,K,v,residual,1024,32-64,786432,0.0008463219,0.0005826913,0.002409617,0.001772608,0.002041587,0.001750401,0.001861391,0.001565,0.001536,0,0,1.524e-23,1.178e-24
step16,16,K,v,residual,1024,64-128,1572864,0.0006109416,0.0003927548,0.0007661184,0.0004671387,0.0006105415,0.001726786,0.001807077,0.001565,0.001536,0,0,1.524e-23,1.178e-24
step16,16,K,v,residual,1024,128-256,3145728,0.000564988,0.0003013574,0.0003929138,0.0005097939,0.0002755967,0.001715478,0.001749266,0.001565,0.001536,0,0,1.524e-23,1.178e-24
step16,16,K,v,residual,1024,256-512,6291456,0.0004033482,0.0002278971,0.0005261103,0.0002650602,0.0003275872,0.001745201,0.001764388,0.001565,0.001536,0,0,1.524e-23,1.178e-24
step16,16,K,v,residual,1024,512-1024,1.258291e+07,0.0003549718,0.0001255671,0.0002471606,0.0001374546,0.0002338977,0.001745621,0.001778217,0.001565,0.001536,0,0,1.524e-23,1.178e-24
step16,16,V,u,head,1024,spike,786432,0.0009189202,0.0006847229,0.002756755,0.001939569,0.00219068,0.001797267,0.001945677,0.001565,0.001536,0,0,1.524e-23,1.178e-24
step16,16,V,u,head,1024,32-64,786432,0.001081635,0.0008177827,0.002034505,0.0009528697,0.001216722,0.001736232,0.001896994,0.001565,0.001536,0,0,1.524e-23,1.178e-24
step16,16,V,u,head,1024,64-128,1572864,0.000302182,0.0004127116,0.0009314219,0.0006463862,0.0008974973,0.001748857,0.001831055,0.001565,0.001536,0,0,1.524e-23,1.178e-24
step16,16,V,u,head,1024,128-256,3145728,0.0003266307,0.0005105373,0.0004021327,0.0002537231,0.0005227021,0.00177497,0.001788185,0.001565,0.001536,0,0,1.524e-23,1.178e-24
step16,16,V,u,head,1024,256-512,6291456,0.0006582891,0.0004453349,0.0003612836,0.0005874518,0.0003923566,0.00172942,0.0017467,0.001565,0.001536,0,0,1.524e-23,1.178e-24
step16,16,V,u,head,1024,512-1024,1.258291e+07,0.000295331,0.0001488837,0.0001630783,0.0002857203,0.0001536211,0.001747903,0.001765842,0.001565,0.001536,0,0,1.524e-23,1.178e-24
step16,16,V,v,residual,1024,spike,786432,0.00100204,0.001271019,0.00129954,0.001581412,0.001826265,0.001816704,0.001970927,0.001565,0.001536,0,0,1.524e-23,1.178e-24
step16,16,V,v,residual,1024,32-64,786432,0.001432455,0.001647472,0.001024882,0.001382623,0.001633734,0.001774561,0.001850855,0.001565,0.001536,0,0,1.524e-23,1.178e-24
step16,16,V,v,residual,1024,64-128,1572864,0.0003795233,0.0004160988,0.0007063548,0.0005175209,0.0007269199,0.001698267,0.001824424,0.001565,0.001536,0,0,1.524e-23,1.178e-24
step16,16,V,v,residual,1024,128-256,3145728,0.0005180501,0.0002865791,0.0004882812,0.0004928266,0.0002291961,0.001770065,0.001766023,0.001565,0.001536,0,0,1.524e-23,1.178e-24
step16,16,V,v,residual,1024,256-512,6291456,0.0005252699,0.0002588717,0.0002853076,0.0003727376,0.0001556187,0.001732826,0.001767999,0.001565,0.001536,0,0,1.524e-23,1.178e-24
step16,16,V,v,residual,1024,512-1024,1.258291e+07,0.0002692245,0.000167052,0.0002888838,9.674276e-05,0.0003453186,0.001757713,0.001766682,0.001565,0.001536,0,0,1.524e-23,1.178e-24
step16,16,O,u,residual,1024,spike,786432,0.0007717947,0.0008526001,0.002991994,0.002340148,0.002604001,0.00180635,0.001924787,0.001565,0.001536,0,0,1.524e-23,1.178e-24
step16,16,O,u,residual,1024,32-64,786432,0.000646126,0.0008412211,0.00144577,0.00117324,0.001418093,0.001731509,0.001826332,0.001565,0.001536,0,0,1.524e-23,1.178e-24
step16,16,O,u,residual,1024,64-128,1572864,0.0004474206,0.0006018582,0.00124232,0.0009303706,0.001175224,0.001750946,0.001876831,0.001565,0.001536,0,0,1.524e-23,1.178e-24
step16,16,O,u,residual,1024,128-256,3145728,0.000652093,0.0004072401,0.0008401871,0.0003871561,0.000432947,0.001771972,0.00175249,0.001565,0.001536,0,0,1.524e-23,1.178e-24
step16,16,O,u,residual,1024,256-512,6291456,0.0004069987,0.0001621458,0.0002711614,0.0003771221,0.0002016711,0.001759257,0.001755692,0.001565,0.001536,0,0,1.524e-23,1.178e-24
step16,16,O,u,residual,1024,512-1024,1.258291e+07,0.0004633366,0.0001994839,0.0004243851,0.0001225518,0.0003317993,0.001739241,0.001767408,0.001565,0.001536,0,0,1.524e-23,1.178e-24
step16,16,O,v,head,1024,spike,786432,0.0006891529,0.0008458794,0.001555125,0.001395338,0.00164645,0.001741682,0.001924242,0.001565,0.001536,0,0,1.524e-23,1.178e-24
step16,16,O,v,head,1024,32-64,786432,0.000740087,0.0005871686,0.001945496,0.001217059,0.001412154,0.001784733,0.001798176,0.001565,0.001536,0,0,1.524e-23,1.178e-24
step16,16,O,v,head,1024,64-128,1572864,0.0005285405,0.0003892472,0.0008951823,0.0005495367,0.0007943896,0.001783189,0.001817885,0.001565,0.001536,0,0,1.524e-23,1.178e-24
step16,16,O,v,head,1024,128-256,3145728,0.000368605,0.0002378632,0.0005804698,0.0002323723,0.0004736371,0.001748721,0.001820337,0.001565,0.001536,0,0,1.524e-23,1.178e-24
step16,16,O,v,head,1024,256-512,6291456,0.0004534605,0.0002583654,0.000412782,0.0004459376,0.0002282987,0.001748562,0.001738775,0.001565,0.001536,0,0,1.524e-23,1.178e-24
step16,16,O,v,head,1024,512-1024,1.258291e+07,0.00022393,0.0002399783,0.000158151,0.0002176065,0.0001822822,0.001746972,0.001764275,0.001565,0.001536,0,0,1.524e-23,1.178e-24
step16,16,MLP_IN,u,hidden,4096,spike,3145728,0.000518267,0.0005767971,0.001093547,0.001042797,0.001105552,0.001804397,0.001845678,0.001565,0.001558,0,0,1.524e-23,8.299e-24
step16,16,MLP_IN,u,hidden,4096,32-64,3145728,0.0003109436,0.0003781585,0.0006135305,0.0008180838,0.0008840145,0.001754761,0.001854442,0.001565,0.001558,0,0,1.524e-23,8.299e-24
step16,16,MLP_IN,u,hidden,4096,64-128,6291456,0.0004301428,0.000483881,0.000861009,0.0004946328,0.0005469531,0.0017561,0.00183269,0.001565,0.001558,0,0,1.524e-23,8.299e-24
step16,16,MLP_IN,u,hidden,4096,128-256,1.258291e+07,0.0003754848,0.0003169547,0.0007395744,0.0004532795,0.0005204944,0.00176331,0.001817896,0.001565,0.001558,0,0,1.524e-23,8.299e-24
step16,16,MLP_IN,u,hidden,4096,256-512,2.516582e+07,0.0001251453,0.0001007806,0.000391682,0.0003114876,0.0003742428,0.001757537,0.001788991,0.001565,0.001558,0,0,1.524e-23,8.299e-24
step16,16,MLP_IN,u,hidden,4096,512-1024,5.033165e+07,8.849935e-05,6.823042e-05,0.0001126329,4.526981e-05,0.0001112005,0.001766574,0.001781529,0.001565,0.001558,0,0,1.524e-23,8.299e-24
step16,16,MLP_IN,v,residual,1024,spike,786432,0.0006014049,0.000345281,0.001274109,0.001068286,0.001263381,0.001741137,0.001809983,0.001565,0.001536,0,0,1.524e-23,1.178e-24
step16,16,MLP_IN,v,residual,1024,32-64,786432,0.0006384966,0.0008335917,0.0008430481,0.0008816259,0.001132737,0.001705351,0.001902807,0.001565,0.001536,0,0,1.524e-23,1.178e-24
step16,16,MLP_IN,v,residual,1024,64-128,1572864,0.0007578074,0.0004888285,0.0007534027,0.0004310056,0.000428221,0.001755124,0.001816886,0.001565,0.001536,0,0,1.524e-23,1.178e-24
step16,16,MLP_IN,v,residual,1024,128-256,3145728,0.0004169696,0.0002061634,0.0007470449,0.0003920731,0.0006549449,0.001736096,0.001790455,0.001565,0.001536,0,0,1.524e-23,1.178e-24
step16,16,MLP_IN,v,residual,1024,256-512,6291456,0.0002533137,0.0002413106,0.0002770424,0.0002382301,0.0003019277,0.001779488,0.00174511,0.001565,0.001536,0,0,1.524e-23,1.178e-24
step16,16,MLP_IN,v,residual,1024,512-1024,1.258291e+07,0.0003780279,0.0001442423,0.0005719662,0.0002248644,0.0004398823,0.001753421,0.001768566,0.001565,0.001536,0,0,1.524e-23,1.178e-24
step16,16,MLP_OUT,u,residual,1024,spike,786432,0.0006766347,0.0007866224,0.002133687,0.001561067,0.00180592,0.001778557,0.001957121,0.001565,0.001536,0,0,1.524e-23,1.178e-24
step16,16,MLP_OUT,u,residual,1024,32-64,786432,0.0005007819,0.0006021749,0.001162211,0.0008551637,0.001070182,0.001774561,0.001841772,0.001565,0.001536,0,0,1.524e-23,1.178e-24
step16,16,MLP_OUT,u,residual,1024,64-128,1572864,0.0004698078,0.0003732555,0.0007750193,0.0004831887,0.0006925876,0.001736414,0.001791999,0.001565,0.001536,0,0,1.524e-23,1.178e-24
step16,16,MLP_OUT,u,residual,1024,128-256,3145728,0.000524706,0.000415865,0.0004634857,0.0004685363,0.0003409316,0.001741682,0.001795905,0.001565,0.001536,0,0,1.524e-23,1.178e-24
step16,16,MLP_OUT,u,residual,1024,256-512,6291456,0.0001671268,0.0002837333,0.0003428459,0.0005047659,0.0002357869,0.001746745,0.001757122,0.001565,0.001536,0,0,1.524e-23,1.178e-24
step16,16,MLP_OUT,u,residual,1024,512-1024,1.258291e+07,0.0003657523,0.0001275013,0.0004057089,0.0002259851,0.0002848096,0.001736017,0.001776979,0.001565,0.001536,0,0,1.524e-23,1.178e-24
step16,16,MLP_OUT,v,hidden,4096,spike,3145728,0.0002650175,0.0002064874,0.001067797,0.0008800364,0.0009427916,0.001780782,0.001875423,0.001565,0.001558,0,0,1.524e-23,8.299e-24
step16,16,MLP_OUT,v,hidden,4096,32-64,3145728,0.000291018,0.000261935,0.001229286,0.001049781,0.001108312,0.001802899,0.001861981,0.001565,0.001558,0,0,1.524e-23,8.299e-24
step16,16,MLP_OUT,v,hidden,4096,64-128,6291456,0.0003389183,0.0002761631,0.0008298556,0.0005695666,0.000635448,0.001768135,0.001839978,0.001565,0.001558,0,0,1.524e-23,8.299e-24
step16,16,MLP_OUT,v,hidden,4096,128-256,1.258291e+07,0.0001572831,0.0001049628,0.0004410744,0.0003350933,0.0003888315,0.001757031,0.00180954,0.001565,0.001558,0,0,1.524e-23,8.299e-24
step16,16,MLP_OUT,v,hidden,4096,256-512,2.516582e+07,0.0001574194,0.0001158362,0.0003241698,0.0001971965,0.0002630779,0.001764065,0.001792454,0.001565,0.001558,0,0,1.524e-23,8.299e-24
step16,16,MLP_OUT,v,hidden,4096,512-1024,5.033165e+07,0.0001791472,0.0001132658,0.0002210339,0.0001134515,0.0001077681,0.001767048,0.001772324,0.001565,0.001558,0,0,1.524e-23,8.299e-24
step32,32,Q,u,head,1024,spike,786432,0.001362578,0.001098947,0.00289917,0.001580987,0.001832098,0.001719702,0.001982734,0.001565,0.001536,0,0,1.524e-23,1.178e-24
step32,32,Q,u,head,1024,32-64,786432,0.0007367775,0.001000408,0.00109609,0.001241589,0.00150522,0.001709348,0.001865932,0.001565,0.001536,0,0,1.524e-23,1.178e-24
step32,32,Q,u,head,1024,64-128,1572864,0.0003587109,0.0004350345,0.0008468628,0.0006561216,0.0008812836,0.001775742,0.001860392,0.001565,0.001536,0,0,1.524e-23,1.178e-24
step32,32,Q,u,head,1024,128-256,3145728,0.0005510747,0.0003403987,0.001027425,0.0005007819,0.0007402032,0.00174922,0.001770746,0.001565,0.001536,0,0,1.524e-23,1.178e-24
step32,32,Q,u,head,1024,256-512,6291456,0.0002126722,0.0003669987,0.0003919601,0.0003049555,0.0001900205,0.001757258,0.001723676,0.001565,0.001536,0,0,1.524e-23,1.178e-24
step32,32,Q,u,head,1024,512-1024,1.258291e+07,0.000340954,9.808473e-05,0.0001430511,0.0003101491,0.0001299546,0.001760608,0.001758871,0.001565,0.001536,0,0,1.524e-23,1.178e-24
step32,32,Q,v,residual,1024,spike,786432,0.0009583387,0.0007241415,0.00235494,0.001618288,0.001863141,0.001725696,0.00196802,0.001565,0.001536,0,0,1.524e-23,1.178e-24
step32,32,Q,v,residual,1024,32-64,786432,0.0006438431,0.0008949541,0.002047221,0.001852071,0.002095312,0.001757304,0.001924969,0.001565,0.001536,0,0,1.524e-23,1.178e-24
step32,32,Q,v,residual,1024,64-128,1572864,0.0006963511,0.0004670803,0.001274745,0.0007020749,0.00089717,0.001739139,0.001800265,0.001565,0.001536,0,0,1.524e-23,1.178e-24
step32,32,Q,v,residual,1024,128-256,3145728,0.0002687871,0.0003074908,0.000676473,0.000534864,0.0007897309,0.001744134,0.001771927,0.001565,0.001536,0,0,1.524e-23,1.178e-24
step32,32,Q,v,residual,1024,256-512,6291456,0.0003053808,0.0001324965,0.0001804034,0.0003967745,0.0001456635,0.001732894,0.001742386,0.001565,0.001536,0,0,1.524e-23,1.178e-24
step32,32,Q,v,residual,1024,512-1024,1.258291e+07,0.0003447687,0.0001641641,0.0002892017,0.0001388545,0.0003074957,0.001752229,0.001762424,0.001565,0.001536,0,0,1.524e-23,1.178e-24
step32,32,K,u,head,1024,spike,786432,0.000823804,0.0006343213,0.001866659,0.001394266,0.001630872,0.001714616,0.001976558,0.001565,0.001536,0,0,1.524e-23,1.178e-24
step32,32,K,u,head,1024,32-64,786432,0.001090332,0.000875314,0.001555125,0.00074695,0.001010581,0.001722427,0.001920064,0.001565,0.001536,0,0,1.524e-23,1.178e-24
step32,32,K,u,head,1024,64-128,1572864,0.0005582237,0.0003909635,0.001133601,0.001140381,0.001374578,0.001747041,0.001798721,0.001565,0.001536,0,0,1.524e-23,1.178e-24
step32,32,K,u,head,1024,128-256,3145728,0.0006206217,0.0004455559,0.0008427302,0.0002770452,0.0004909763,0.001730556,0.001778239,0.001565,0.001536,0,0,1.524e-23,1.178e-24
step32,32,K,u,head,1024,256-512,6291456,0.0003804121,0.000218321,0.0004329681,0.0002860382,0.0002951623,0.001744861,0.001763003,0.001565,0.001536,0,0,1.524e-23,1.178e-24
step32,32,K,u,head,1024,512-1024,1.258291e+07,0.0003306333,0.0002217923,0.0003495216,0.0001302623,0.0002440612,0.001745678,0.001770644,0.001565,0.001536,0,0,1.524e-23,1.178e-24
step32,32,K,v,residual,1024,spike,786432,0.0006698262,0.0007438202,0.001135508,0.001380505,0.001625358,0.00176021,0.001899356,0.001565,0.001536,0,0,1.524e-23,1.178e-24
step32,32,K,v,residual,1024,32-64,786432,0.000711646,0.000460535,0.001726786,0.001355956,0.001619809,0.001763662,0.001870837,0.001565,0.001536,0,0,1.524e-23,1.178e-24
step32,32,K,v,residual,1024,64-128,1572864,0.0007018586,0.0004328796,0.00107193,0.0006112076,0.0008560605,0.001721791,0.001833507,0.001565,0.001536,0,0,1.524e-23,1.178e-24
step32,32,K,v,residual,1024,128-256,3145728,0.0005726174,0.0003089868,0.000696818,0.0003523728,0.0006162255,0.001716114,0.001773426,0.001565,0.001536,0,0,1.524e-23,1.178e-24
step32,32,K,v,residual,1024,256-512,6291456,0.0002439701,0.0001335594,0.0003072421,0.0005003254,0.0002853075,0.001752286,0.001758371,0.001565,0.001536,0,0,1.524e-23,1.178e-24
step32,32,K,v,residual,1024,512-1024,1.258291e+07,0.0003701489,0.0001629777,0.0002987385,0.0001201967,0.0002441195,0.001747858,0.001767726,0.001565,0.001536,0,0,1.524e-23,1.178e-24
step32,32,V,u,head,1024,spike,786432,0.001132543,0.000898346,0.003026326,0.002521099,0.002765952,0.001791454,0.001946404,0.001565,0.001536,0,0,1.524e-23,1.178e-24
step32,32,V,u,head,1024,32-64,786432,0.0009098116,0.0007004126,0.001501719,0.0009982249,0.001267204,0.001732418,0.001832326,0.001565,0.001536,0,0,1.524e-23,1.178e-24
step32,32,V,u,head,1024,64-128,1572864,0.0003664159,0.000415463,0.001440048,0.001073632,0.001324743,0.001749674,0.001807258,0.001565,0.001536,0,0,1.524e-23,1.178e-24
step32,32,V,u,head,1024,128-256,3145728,0.0002809212,0.0005445517,0.0003668467,0.000307196,0.0005583071,0.001770201,0.001757894,0.001565,0.001536,0,0,1.524e-23,1.178e-24
step32,32,V,u,head,1024,256-512,6291456,0.0006277898,0.0003588109,0.0006712278,0.0001911821,0.0003124169,0.001720292,0.001775991,0.001565,0.001536,0,0,1.524e-23,1.178e-24
step32,32,V,u,head,1024,512-1024,1.258291e+07,0.0003163201,0.0001514762,0.0003613631,0.0001619322,0.0002898959,0.001741818,0.001760426,0.001565,0.001536,0,0,1.524e-23,1.178e-24
step32,32,V,v,residual,1024,spike,786432,0.0009893239,0.001258303,0.000793457,0.001093131,0.001337984,0.001820156,0.001880827,0.001565,0.001536,0,0,1.524e-23,1.178e-24
step32,32,V,v,residual,1024,32-64,786432,0.001260086,0.001442672,0.0008837382,0.001473014,0.001736645,0.001752399,0.001854851,0.001565,0.001536,0,0,1.524e-23,1.178e-24
step32,32,V,v,residual,1024,64-128,1572864,0.0004132198,0.0003614214,0.001106898,0.0009359181,0.001204897,0.001691818,0.001815251,0.001565,0.001536,0,0,1.524e-23,1.178e-24
step32,32,V,v,residual,1024,128-256,3145728,0.0005285495,0.0002943523,0.0008494059,0.000521942,0.0006786685,0.001770882,0.001779238,0.001565,0.001536,0,0,1.524e-23,1.178e-24
step32,32,V,v,residual,1024,256-512,6291456,0.0004747251,0.0002324867,0.0004075368,0.0003946062,0.0002218812,0.001729897,0.001745701,0.001565,0.001536,0,0,1.524e-23,1.178e-24
step32,32,V,v,residual,1024,512-1024,1.258291e+07,0.0002704525,0.0001420054,0.0002017021,0.0001725454,0.00028047,0.001762436,0.001756555,0.001565,0.001536,0,0,1.524e-23,1.178e-24
step32,32,O,u,residual,1024,spike,786432,0.0007641653,0.0005579226,0.002209981,0.001445816,0.001714795,0.001779647,0.001936595,0.001565,0.001536,0,0,1.524e-23,1.178e-24
step32,32,O,u,residual,1024,32-64,786432,0.0007198768,0.0009149719,0.001229604,0.00130632,0.001540517,0.001787276,0.001875923,0.001565,0.001536,0,0,1.524e-23,1.178e-24
step32,32,O,u,residual,1024,64-128,1572864,0.0006902896,0.0004951945,0.001110713,0.0005606311,0.0007178498,0.001728875,0.00184595,0.001565,0.001536,0,0,1.524e-23,1.178e-24
step32,32,O,u,residual,1024,128-256,3145728,0.0005698303,0.0003059775,0.0007400513,0.0002453146,0.0004901675,0.001750356,0.001768566,0.001565,0.001536,0,0,1.524e-23,1.178e-24
step32,32,O,u,residual,1024,256-512,6291456,0.0004896505,0.0002447975,0.0003477732,0.0003425164,0.0001474212,0.001728421,0.001747813,0.001565,0.001536,0,0,1.524e-23,1.178e-24
step32,32,O,u,residual,1024,512-1024,1.258291e+07,0.0005816773,0.0003180467,0.0005291303,0.0001926604,0.0002222164,0.001733496,0.001765263,0.001565,0.001536,0,0,1.524e-23,1.178e-24
step32,32,O,v,head,1024,spike,786432,0.0004772527,0.000565148,0.0023791,0.002275262,0.002526373,0.001748766,0.002059755,0.001565,0.001536,0,0,1.524e-23,1.178e-24
step32,32,O,v,head,1024,32-64,786432,0.0008768395,0.0006132089,0.002285004,0.001484348,0.001735459,0.001753671,0.00186902,0.001565,0.001536,0,0,1.524e-23,1.178e-24
step32,32,O,v,head,1024,64-128,1572864,0.0003481888,0.0001808571,0.0006376902,0.0003980358,0.0006130537,0.001760119,0.001759756,0.001565,0.001536,0,0,1.524e-23,1.178e-24
step32,32,O,v,head,1024,128-256,3145728,0.000378615,0.0002301237,0.0005000432,0.0004248503,0.0003308272,0.001756941,0.001765569,0.001565,0.001536,0,0,1.524e-23,1.178e-24
step32,32,O,v,head,1024,256-512,6291456,0.0005018274,0.0003451009,0.0002565384,0.0003237111,0.0001616408,0.001747154,0.001727536,0.001565,0.001536,0,0,1.524e-23,1.178e-24
step32,32,O,v,head,1024,512-1024,1.258291e+07,0.0001566909,0.0002993743,0.000159502,0.0001254416,0.0003765527,0.001744872,0.001754045,0.001565,0.001536,0,0,1.524e-23,1.178e-24
step32,32,MLP_IN,u,hidden,4096,spike,3145728,0.0004089123,0.0004674425,0.0008792877,0.00123396,0.001299841,0.001803534,0.001857848,0.001565,0.001558,0,0,1.524e-23,8.299e-24
step32,32,MLP_IN,u,hidden,4096,32-64,3145728,0.0003544947,0.0004217097,0.001181285,0.0009623613,0.001020891,0.001754579,0.001865932,0.001565,0.001558,0,0,1.524e-23,8.299e-24
step32,32,MLP_IN,u,hidden,4096,64-128,6291456,0.0003716508,0.000425389,0.0007507006,0.0008984253,0.0009643067,0.001755101,0.00185551,0.001565,0.001558,0,0,1.524e-23,8.299e-24
step32,32,MLP_IN,u,hidden,4096,128-256,1.258291e+07,0.0002773246,0.0002235864,0.0005910397,0.0003797671,0.000446982,0.001762878,0.001804726,0.001565,0.001558,0,0,1.524e-23,8.299e-24
step32,32,MLP_IN,u,hidden,4096,256-512,2.516582e+07,9.151929e-05,6.931086e-05,0.0002848307,0.0002051949,0.0002589331,0.001760034,0.001787032,0.001565,0.001558,0,0,1.524e-23,8.299e-24
step32,32,MLP_IN,u,hidden,4096,512-1024,5.033165e+07,9.469258e-05,0.0001190952,9.655952e-05,5.321783e-05,8.7408e-05,0.001765586,0.001776732,0.001565,0.001558,0,0,1.524e-23,8.299e-24
step32,32,MLP_IN,v,residual,1024,spike,786432,0.0006141205,0.0003451416,0.001852671,0.001344216,0.001539311,0.001757667,0.001918611,0.001565,0.001536,0,0,1.524e-23,1.178e-24
step32,32,MLP_IN,v,residual,1024,32-64,786432,0.0004130358,0.0006111464,0.001413981,0.001500493,0.001769472,0.001692636,0.00184595,0.001565,0.001536,0,0,1.524e-23,1.178e-24
step32,32,MLP_IN,v,residual,1024,64-128,1572864,0.0008525391,0.0005835602,0.001338959,0.0006573046,0.0009209352,0.001752218,0.001843498,0.001565,0.001536,0,0,1.524e-23,1.178e-24
step32,32,MLP_IN,v,residual,1024,128-256,3145728,0.0004298921,0.0002544411,0.0005121231,0.0004298652,0.0003729787,0.001737458,0.001771745,0.001565,0.001536,0,0,1.524e-23,1.178e-24
step32,32,MLP_IN,v,residual,1024,256-512,6291456,0.000387305,0.0001965928,0.0002668699,0.0002888504,0.0001955542,0.00176709,0.001763775,0.001565,0.001536,0,0,1.524e-23,1.178e-24
step32,32,MLP_IN,v,residual,1024,512-1024,1.258291e+07,0.0003950239,0.000180006,0.0002955596,0.0002249542,0.0002296696,0.001750719,0.001769463,0.001565,0.001536,0,0,1.524e-23,1.178e-24
step32,32,MLP_OUT,u,residual,1024,spike,786432,0.0004429204,0.000477632,0.002257029,0.002059206,0.002322836,0.00177002,0.001944951,0.001565,0.001536,0,0,1.524e-23,1.178e-24
step32,32,MLP_OUT,u,residual,1024,32-64,786432,0.0006715485,0.0007547547,0.001118978,0.0009893239,0.001258303,0.00176675,0.00187447,0.001565,0.001536,0,0,1.524e-23,1.178e-24
step32,32,MLP_OUT,u,residual,1024,64-128,1572864,0.0003320224,0.0003821485,0.0005582174,0.0003965597,0.0006604125,0.001761482,0.001803353,0.001565,0.001536,0,0,1.524e-23,1.178e-24
step32,32,MLP_OUT,u,residual,1024,128-256,3145728,0.0007326358,0.0004984386,0.0005521774,0.0005087292,0.0003332781,0.001722608,0.001752445,0.001565,0.001536,0,0,1.524e-23,1.178e-24
step32,32,MLP_OUT,u,residual,1024,256-512,6291456,0.0004940982,0.0002304676,0.0003364881,0.0003144009,0.000128968,0.001738594,0.001740478,0.001565,0.001536,0,0,1.524e-23,1.178e-24
step32,32,MLP_OUT,u,residual,1024,512-1024,1.258291e+07,0.0003954668,0.0001671004,0.0004159609,7.367413e-05,0.000306696,0.001737209,0.001765944,0.001565,0.001536,0,0,1.524e-23,1.178e-24
step32,32,MLP_OUT,v,hidden,4096,spike,3145728,0.0002579427,0.0002851466,0.001033147,0.001027645,0.001088826,0.001775742,0.001853625,0.001565,0.001558,0,0,1.524e-23,8.299e-24
step32,32,MLP_OUT,v,hidden,4096,32-64,3145728,0.0003612038,0.0003774261,0.0009981791,0.0008062856,0.0008690408,0.001766205,0.001845133,0.001565,0.001558,0,0,1.524e-23,8.299e-24
step32,32,MLP_OUT,v,hidden,4096,64-128,6291456,0.0003536641,0.0002877334,0.0008958181,0.0007172272,0.0007831086,0.001771904,0.001838071,0.001565,0.001558,0,0,1.524e-23,8.299e-24
step32,32,MLP_OUT,v,hidden,4096,128-256,1.258291e+07,0.0002505961,0.0001894158,0.0005397797,0.0003707866,0.0004380016,0.001752342,0.001813082,0.001565,0.001558,0,0,1.524e-23,8.299e-24
step32,32,MLP_OUT,v,hidden,4096,256-512,2.516582e+07,0.0001225967,6.315809e-05,0.0002998511,0.0001781629,0.000236693,0.001774374,0.001782991,0.001565,0.001558,0,0,1.524e-23,8.299e-24
step32,32,MLP_OUT,v,hidden,4096,512-1024,5.033165e+07,0.0001305679,6.335293e-05,0.000156045,7.243672e-05,0.0001175455,0.001773301,0.001784075,0.001565,0.001558,0,0,1.524e-23,8.299e-24
step64,64,Q,u,head,1024,spike,786432,0.001278654,0.001015024,0.002065023,0.001039499,0.001248898,0.001716614,0.001870655,0.001565,0.001536,0,0,1.524e-23,1.178e-24
step64,64,Q,u,head,1024,32-64,786432,0.0007381796,0.0009531975,0.001408895,0.0009911792,0.001200578,0.001727695,0.001890818,0.001565,0.001536,0,0,1.524e-23,1.178e-24
step64,64,Q,u,head,1024,64-128,1572864,0.0003854994,0.0005609505,0.0005887349,0.0005440162,0.0007782135,0.001800355,0.001813798,0.001565,0.001536,0,0,1.524e-23,1.178e-24
step64,64,Q,u,head,1024,128-256,3145728,0.0006822899,0.0004186594,0.000500679,0.0003153546,0.000421714,0.001745042,0.001750946,0.001565,0.001536,0,0,1.524e-23,1.178e-24
step64,64,Q,u,head,1024,256-512,6291456,0.0001873854,0.000225378,0.0001618067,0.0002849336,0.0002876706,0.001761936,0.00174922,0.001565,0.001536,0,0,1.524e-23,1.178e-24
step64,64,Q,u,head,1024,512-1024,1.258291e+07,0.0004442075,0.0001752286,0.0003085931,0.000262227,0.0003461569,0.001745303,0.001754942,0.001565,0.001536,0,0,1.524e-23,1.178e-24
step64,64,Q,v,residual,1024,spike,786432,0.0007714186,0.0005470269,0.002812703,0.002074391,0.002338243,0.001726241,0.001952217,0.001565,0.001536,0,0,1.524e-23,1.178e-24
step64,64,Q,v,residual,1024,32-64,786432,0.0004329745,0.0005520076,0.001501719,0.001442001,0.00171098,0.001744952,0.001857939,0.001565,0.001536,0,0,1.524e-23,1.178e-24
step64,64,Q,v,residual,1024,64-128,1572864,0.0007758239,0.0005119712,0.001394272,0.0006957667,0.0009406196,0.001753489,0.00180081,0.001565,0.001536,0,0,1.524e-23,1.178e-24
step64,64,Q,v,residual,1024,128-256,3145728,0.0003315965,0.0002296061,0.0007171631,0.0004015426,0.0006705216,0.001754397,0.001765978,0.001565,0.001536,0,0,1.524e-23,1.178e-24
step64,64,Q,v,residual,1024,256-512,6291456,0.000330617,0.0001229677,0.0003223419,0.0004595478,0.0003028213,0.001743135,0.001730101,0.001565,0.001536,0,0,1.524e-23,1.178e-24
step64,64,Q,v,residual,1024,512-1024,1.258291e+07,0.0003306408,0.0001453049,0.0001730919,0.0001925726,0.000149599,0.001737538,0.001776502,0.001565,0.001536,0,0,1.524e-23,1.178e-24
step64,64,K,u,head,1024,spike,786432,0.0008759382,0.0006808431,0.002791087,0.001915149,0.002184003,0.001710074,0.001957666,0.001565,0.001536,0,0,1.524e-23,1.178e-24
step64,64,K,u,head,1024,32-64,786432,0.0009850416,0.0007508444,0.001022339,0.0004927254,0.0007021244,0.001731146,0.00186902,0.001565,0.001536,0,0,1.524e-23,1.178e-24
step64,64,K,u,head,1024,64-128,1572864,0.00051054,0.0003536803,0.00116094,0.0007555303,0.001018358,0.001729057,0.001823698,0.001565,0.001536,0,0,1.524e-23,1.178e-24
step64,64,K,u,head,1024,128-256,3145728,0.000561883,0.0002980302,0.000415802,0.0004171093,0.0002603828,0.001721564,0.001751309,0.001565,0.001536,0,0,1.524e-23,1.178e-24
step64,64,K,u,head,1024,256-512,6291456,0.0003092471,0.0002688657,0.0005342166,0.0006010198,0.0003612684,0.001737186,0.001739366,0.001565,0.001536,0,0,1.524e-23,1.178e-24
step64,64,K,u,head,1024,512-1024,1.258291e+07,0.0003923014,0.0002168504,0.000364701,0.0001805577,0.0002565201,0.001742397,0.001757758,0.001565,0.001536,0,0,1.524e-23,1.178e-24
step64,64,K,v,residual,1024,spike,786432,0.000706186,0.0009700387,0.002386729,0.002398344,0.002593439,0.001760574,0.001903716,0.001565,0.001536,0,0,1.524e-23,1.178e-24
step64,64,K,v,residual,1024,32-64,786432,0.0008099416,0.0005409627,0.002443949,0.001697962,0.001932159,0.001763662,0.001912798,0.001565,0.001536,0,0,1.524e-23,1.178e-24
step64,64,K,v,residual,1024,64-128,1572864,0.0008470316,0.0005831789,0.001604716,0.0007576844,0.001021537,0.001691818,0.001832054,0.001565,0.001536,0,0,1.524e-23,1.178e-24
step64,64,K,v,residual,1024,128-256,3145728,0.0005511108,0.0002999998,0.0007187525,0.0002732827,0.0004559449,0.001711845,0.001782281,0.001565,0.001536,0,0,1.524e-23,1.178e-24
step64,64,K,v,residual,1024,256-512,6291456,0.0005277458,0.0002766348,0.000506719,0.0002127988,0.0004000453,0.001733871,0.001741682,0.001565,0.001536,0,0,1.524e-23,1.178e-24
step64,64,K,v,residual,1024,512-1024,1.258291e+07,0.0003960287,0.0001533516,0.0003138383,0.0001897994,0.0001775526,0.001740501,0.001756691,0.001565,0.001536,0,0,1.524e-23,1.178e-24
step64,64,V,u,head,1024,spike,786432,0.0008029581,0.0005879402,0.00230662,0.001542831,0.001777028,0.001791636,0.001902262,0.001565,0.001536,0,0,1.524e-23,1.178e-24
step64,64,V,u,head,1024,32-64,786432,0.0008578399,0.0005939872,0.00155131,0.001439834,0.001674032,0.001714071,0.001917521,0.001565,0.001536,0,0,1.524e-23,1.178e-24
step64,64,V,u,head,1024,64-128,1572864,0.0004605118,0.0004656898,0.001479467,0.001336461,0.00160544,0.001747222,0.001865841,0.001565,0.001536,0,0,1.524e-23,1.178e-24
step64,64,V,u,head,1024,128-256,3145728,0.0003155713,0.0005792019,0.0004250209,0.0002193094,0.0003255245,0.001773925,0.001797449,0.001565,0.001536,0,0,1.524e-23,1.178e-24
step64,64,V,u,head,1024,256-512,6291456,0.00066546,0.000396481,0.0004790624,0.0002741518,0.0001482964,0.001718521,0.001749447,0.001565,0.001536,0,0,1.524e-23,1.178e-24
step64,64,V,u,head,1024,512-1024,1.258291e+07,0.0003120998,0.0001544167,0.0001971722,0.0003361061,9.271628e-05,0.001742726,0.001752626,0.001565,0.001536,0,0,1.524e-23,1.178e-24
step64,64,V,v,residual,1024,spike,786432,0.001160985,0.001429964,0.001466115,0.001937062,0.002200914,0.00182288,0.002025059,0.001565,0.001536,0,0,1.524e-23,1.178e-24
step64,64,V,v,residual,1024,32-64,786432,0.001223417,0.001418512,0.001159668,0.001042648,0.00123491,0.001760392,0.001995632,0.001565,0.001536,0,0,1.524e-23,1.178e-24
step64,64,V,v,residual,1024,64-128,1572864,0.0004475521,0.0003553597,0.0005734762,0.0005868633,0.000578884,0.001704171,0.001775106,0.001565,0.001536,0,0,1.524e-23,1.178e-24
step64,64,V,v,residual,1024,128-256,3145728,0.0005867919,0.000371774,0.0004940033,0.0003897059,0.0005056675,0.001768203,0.001763389,0.001565,0.001536,0,0,1.524e-23,1.178e-24
step64,64,V,v,residual,1024,256-512,6291456,0.0005176925,0.0003082936,0.0004165967,0.0003280027,0.0002952581,0.001728444,0.001738662,0.001565,0.001536,0,0,1.524e-23,1.178e-24
step64,64,V,v,residual,1024,512-1024,1.258291e+07,0.0002415679,0.0001470338,0.0002671083,0.0001806917,0.0002947578,0.001756975,0.001763662,0.001565,0.001536,0,0,1.524e-23,1.178e-24
step64,64,O,u,residual,1024,spike,786432,0.0007383127,0.0004913798,0.002571106,0.001832793,0.002096646,0.001752944,0.001964932,0.001565,0.001536,0,0,1.524e-23,1.178e-24
step64,64,O,u,residual,1024,32-64,786432,0.0006445544,0.0008017731,0.0008684794,0.0009115833,0.001068802,0.001793634,0.001900627,0.001565,0.001536,0,0,1.524e-23,1.178e-24
step64,64,O,u,residual,1024,64-128,1572864,0.0007296585,0.0004848056,0.001395543,0.0009827515,0.001246604,0.001722517,0.001797267,0.001565,0.001536,0,0,1.524e-23,1.178e-24
step64,64,O,u,residual,1024,128-256,3145728,0.0002611183,0.0002614658,0.0004126231,0.0002734815,0.000365554,0.001730828,0.001752172,0.001565,0.001536,0,0,1.524e-23,1.178e-24
step64,64,O,u,residual,1024,256-512,6291456,0.0005523914,0.0003181941,0.0004080137,0.000559385,0.0003255506,0.001730147,0.00174343,0.001565,0.001536,0,0,1.524e-23,1.178e-24
step64,64,O,u,residual,1024,512-1024,1.258291e+07,0.0005255639,0.0002617111,0.0005965233,0.0001034399,0.0003724189,0.001726355,0.001746064,0.001565,0.001536,0,0,1.524e-23,1.178e-24
step64,64,O,v,head,1024,spike,786432,0.0008833164,0.0006491191,0.002813975,0.002190177,0.002453808,0.001712254,0.00192951,0.001565,0.001536,0,0,1.524e-23,1.178e-24
step64,64,O,v,head,1024,32-64,786432,0.0006196681,0.0004813306,0.002304077,0.001780659,0.002044512,0.001762935,0.001882281,0.001565,0.001536,0,0,1.524e-23,1.178e-24
step64,64,O,v,head,1024,64-128,1572864,0.0007199112,0.0004688001,0.001501719,0.0008333426,0.001097195,0.001745496,0.001827422,0.001565,0.001536,0,0,1.524e-23,1.178e-24
step64,64,O,v,head,1024,128-256,3145728,0.0002817547,0.0001354076,0.0004790624,0.0002746125,0.000442346,0.001764434,0.001750583,0.001565,0.001536,0,0,1.524e-23,1.178e-24
step64,64,O,v,head,1024,256-512,6291456,0.0003638331,0.0001544341,0.0002884865,0.0003487297,0.0002254211,0.00173328,0.001743226,0.001565,0.001536,0,0,1.524e-23,1.178e-24
step64,64,O,v,head,1024,512-1024,1.258291e+07,0.000383582,0.0001856303,0.0002701283,0.0002171202,0.0002690768,0.00175341,0.001757747,0.001565,0.001536,0,0,1.524e-23,1.178e-24
step64,64,MLP_IN,u,hidden,4096,spike,3145728,0.000392382,0.0004509121,0.001054764,0.001447146,0.001505676,0.001815024,0.001826604,0.001565,0.001558,0,0,1.524e-23,8.299e-24
step64,64,MLP_IN,u,hidden,4096,32-64,3145728,0.0002778661,0.0003054767,0.0005807877,0.0007157966,0.0007816781,0.001777876,0.001822063,0.001565,0.001558,0,0,1.524e-23,8.299e-24
step64,64,MLP_IN,u,hidden,4096,64-128,6291456,0.0004972951,0.0005600503,0.0008481344,0.0006307579,0.0006919382,0.001761959,0.001851468,0.001565,0.001558,0,0,1.524e-23,8.299e-24
step64,64,MLP_IN,u,hidden,4096,128-256,1.258291e+07,0.0002611298,0.0002263166,0.000688235,0.0005085314,0.0005744129,0.001778591,0.001820439,0.001565,0.001558,0,0,1.524e-23,8.299e-24
step64,64,MLP_IN,u,hidden,4096,256-512,2.516582e+07,0.0001783652,0.0001296052,0.0002513329,0.0001756248,0.0002280852,0.001760647,0.001799527,0.001565,0.001558,0,0,1.524e-23,8.299e-24
step64,64,MLP_IN,u,hidden,4096,512-1024,5.033165e+07,8.202618e-05,0.0001230688,0.000113368,0.0001021961,4.100117e-05,0.001767088,0.001770479,0.001565,0.001558,0,0,1.524e-23,8.299e-24
step64,64,MLP_IN,v,residual,1024,spike,786432,0.0005380007,0.0005124268,0.001425425,0.001148853,0.001358252,0.001725151,0.001883915,0.001565,0.001536,0,0,1.524e-23,1.178e-24
step64,64,MLP_IN,v,residual,1024,32-64,786432,0.0006822307,0.0008972487,0.0008748372,0.001077447,0.001328558,0.001707531,0.001826877,0.001565,0.001536,0,0,1.524e-23,1.178e-24
step64,64,MLP_IN,v,residual,1024,64-128,1572864,0.0009481211,0.0006842683,0.001323064,0.0003749431,0.0006387958,0.001722699,0.001796632,0.001565,0.001536,0,0,1.524e-23,1.178e-24
step64,64,MLP_IN,v,residual,1024,128-256,3145728,0.0005359713,0.0003265723,0.0002841949,0.000580424,0.0003114451,0.001733734,0.001781282,0.001565,0.001536,0,0,1.524e-23,1.178e-24
step64,64,MLP_IN,v,residual,1024,256-512,6291456,0.0003996356,0.0002421875,0.0003728867,0.0003346357,0.0001749781,0.001765342,0.00173621,0.001565,0.001536,0,0,1.524e-23,1.178e-24
step64,64,MLP_IN,v,residual,1024,512-1024,1.258291e+07,0.0003429408,0.0001308114,0.0001485348,0.0002945019,0.0001363469,0.00175299,0.001767647,0.001565,0.001536,0,0,1.524e-23,1.178e-24
step64,64,MLP_OUT,u,residual,1024,spike,786432,0.0006276126,0.0006606214,0.001739502,0.001153982,0.001369,0.001791999,0.001922244,0.001565,0.001536,0,0,1.524e-23,1.178e-24
step64,64,MLP_OUT,u,residual,1024,32-64,786432,0.000949689,0.0007545939,0.001784007,0.001202947,0.001471926,0.001743862,0.001876649,0.001565,0.001536,0,0,1.524e-23,1.178e-24
step64,64,MLP_OUT,u,residual,1024,64-128,1572864,0.0006763755,0.0005370884,0.001322428,0.0006460529,0.00078534,0.001769111,0.001767204,0.001565,0.001536,0,0,1.524e-23,1.178e-24
step64,64,MLP_OUT,u,residual,1024,128-256,3145728,0.0005140368,0.0003781629,0.0004765193,0.0005214368,0.0002578063,0.001754715,0.001778285,0.001565,0.001536,0,0,1.524e-23,1.178e-24
step64,64,MLP_OUT,u,residual,1024,256-512,6291456,0.000410135,0.0002933179,0.0005009969,0.000304158,0.0002759189,0.001746972,0.001779988,0.001565,0.001536,0,0,1.524e-23,1.178e-24
step64,64,MLP_OUT,u,residual,1024,512-1024,1.258291e+07,0.0003502807,0.0002126025,0.0002864202,0.0001756016,0.0002977939,0.001734745,0.001774118,0.001565,0.001536,0,0,1.524e-23,1.178e-24
step64,64,MLP_OUT,v,hidden,4096,spike,3145728,0.0003017147,0.0002625431,0.001214663,0.001081687,0.001142867,0.001768521,0.001857939,0.001565,0.001558,0,0,1.524e-23,8.299e-24
step64,64,MLP_OUT,v,hidden,4096,32-64,3145728,0.0005530282,0.0005968793,0.0008554459,0.0009734293,0.001040644,0.001747268,0.001844679,0.001565,0.001558,0,0,1.524e-23,8.299e-24
step64,64,MLP_OUT,v,hidden,4096,64-128,6291456,0.0002206627,0.0002050949,0.001081944,0.0008612808,0.000924036,0.001751627,0.001845973,0.001565,0.001558,0,0,1.524e-23,8.299e-24
step64,64,MLP_OUT,v,hidden,4096,128-256,1.258291e+07,0.0001257415,7.806448e-05,0.0004533927,0.0004361289,0.0004973091,0.001770553,0.001820678,0.001565,0.001558,0,0,1.524e-23,8.299e-24
step64,64,MLP_OUT,v,hidden,4096,256-512,2.516582e+07,9.483453e-05,0.0001098979,0.0002868176,0.0002165696,0.0002837845,0.001777388,0.001788355,0.001565,0.001558,0,0,1.524e-23,8.299e-24
step64,64,MLP_OUT,v,hidden,4096,512-1024,5.033165e+07,0.0001323661,7.862787e-05,0.0001526475,7.801612e-05,0.0001208167,0.001767652,0.001771521,0.001565,0.001558,0,0,1.524e-23,8.299e-24
step128,128,Q,u,head,1024,spike,786432,0.001212041,0.001147137,0.002733866,0.001718426,0.001982057,0.001757486,0.001932962,0.001565,0.001536,0,0,1.524e-23,1.178e-24
step128,128,Q,u,head,1024,32-64,786432,0.0008791928,0.001142823,0.001588186,0.001557883,0.001794904,0.001770928,0.001850128,0.001565,0.001536,0,0,1.524e-23,1.178e-24
step128,128,Q,u,head,1024,64-128,1572864,0.0002691213,0.0003347433,0.0007578532,0.0007182207,0.000952418,0.001752036,0.001864388,0.001565,0.001536,0,0,1.524e-23,1.178e-24
step128,128,Q,u,head,1024,128-256,3145728,0.0006457324,0.0003821018,0.0008503596,0.0003024096,0.000469223,0.001754443,0.001768521,0.001565,0.001536,0,0,1.524e-23,1.178e-24
step128,128,Q,u,head,1024,256-512,6291456,0.0002534889,0.0002456597,0.000377655,0.0004340195,0.0002426432,0.001759347,0.00171893,0.001565,0.001536,0,0,1.524e-23,1.178e-24
step128,128,Q,u,head,1024,512-1024,1.258291e+07,0.0003564795,0.0001414616,0.0003469785,0.0001935663,0.0002586878,0.00173898,0.001747937,0.001565,0.001536,0,0,1.524e-23,1.178e-24
step128,128,Q,v,residual,1024,spike,786432,0.0006836716,0.0005584289,0.001883189,0.001405547,0.0016694,0.001749856,0.001943861,0.001565,0.001536,0,0,1.524e-23,1.178e-24
step128,128,Q,v,residual,1024,32-64,786432,0.0006521515,0.0007754601,0.001544952,0.001221559,0.001466412,0.00176675,0.001869747,0.001565,0.001536,0,0,1.524e-23,1.178e-24
step128,128,Q,v,residual,1024,64-128,1572864,0.000857766,0.0005941354,0.001674652,0.001007502,0.001241699,0.001731963,0.001845769,0.001565,0.001536,0,0,1.524e-23,1.178e-24
step128,128,Q,v,residual,1024,128-256,3145728,0.0002336565,0.000464847,0.0005655289,0.0003318723,0.0005563137,0.00173319,0.00176516,0.001565,0.001536,0,0,1.524e-23,1.178e-24
step128,128,Q,v,residual,1024,256-512,6291456,0.0004758194,0.0002121889,0.0002849897,0.0003957391,0.0001915593,0.001724062,0.001726854,0.001565,0.001536,0,0,1.524e-23,1.178e-24
step128,128,Q,v,residual,1024,512-1024,1.258291e+07,0.0005087212,0.0003003577,0.0004963875,0.0002955953,0.0003528686,0.001764116,0.001778035,0.001565,0.001536,0,0,1.524e-23,1.178e-24
step128,128,K,u,head,1024,spike,786432,0.0008937402,0.000698645,0.002532959,0.001771337,0.002040316,0.001667931,0.001903716,0.001565,0.001536,0,0,1.524e-23,1.178e-24
step128,128,K,u,head,1024,32-64,786432,0.0009034118,0.0006883938,0.001914978,0.001577209,0.001841061,0.001734597,0.001851945,0.001565,0.001536,0,0,1.524e-23,1.178e-24
step128,128,K,u,head,1024,64-128,1572864,0.0006246277,0.0005506337,0.001408895,0.001178151,0.00144713,0.001770655,0.001854488,0.001565,0.001536,0,0,1.524e-23,1.178e-24
step128,128,K,u,head,1024,128-256,3145728,0.0006998479,0.0004359951,0.0009689331,0.0003144986,0.0005709367,0.001735006,0.001820746,0.001565,0.001536,0,0,1.524e-23,1.178e-24
step128,128,K,u,head,1024,256-512,6291456,0.0003757575,0.0002442365,0.0003752708,0.0003303442,0.0001850637,0.001741795,0.001755987,0.001565,0.001536,0,0,1.524e-23,1.178e-24
step128,128,K,u,head,1024,512-1024,1.258291e+07,0.0003713126,0.0001350408,0.0004565716,0.0002023929,0.0003619919,0.001745417,0.001761198,0.001565,0.001536,0,0,1.524e-23,1.178e-24
step128,128,K,v,residual,1024,spike,786432,0.0004875506,0.0007511811,0.001623789,0.002043452,0.002312431,0.001743862,0.001939864,0.001565,0.001536,0,0,1.524e-23,1.178e-24
step128,128,K,v,residual,1024,32-64,786432,0.0007292073,0.0005141893,0.002043406,0.001426867,0.001656622,0.001731691,0.001883734,0.001565,0.001536,0,0,1.524e-23,1.178e-24
step128,128,K,v,residual,1024,64-128,1572864,0.0007752333,0.000541036,0.001171112,0.0005150232,0.0007598491,0.001721609,0.00182724,0.001565,0.001536,0,0,1.524e-23,1.178e-24
step128,128,K,v,residual,1024,128-256,3145728,0.0004550003,0.000221867,0.0006221135,0.0003761631,0.0005154501,0.001701128,0.00173764,0.001565,0.001536,0,0,1.524e-23,1.178e-24
step128,128,K,v,residual,1024,256-512,6291456,0.000389109,0.0001372332,0.0004382133,0.0006883298,0.0004246993,0.001744134,0.00173705,0.001565,0.001536,0,0,1.524e-23,1.178e-24
step128,128,K,v,residual,1024,512-1024,1.258291e+07,0.0003239548,0.0001485037,0.0003777345,0.0001655483,0.000301847,0.001740785,0.001770315,0.001565,0.001536,0,0,1.524e-23,1.178e-24
step128,128,V,u,head,1024,spike,786432,0.0009662194,0.0007711243,0.003510793,0.002696391,0.002911409,0.001782009,0.001943497,0.001565,0.001536,0,0,1.524e-23,1.178e-24
step128,128,V,u,head,1024,32-64,786432,0.0007648531,0.0005554541,0.00166448,0.001273052,0.001448503,0.001712617,0.001918611,0.001565,0.001536,0,0,1.524e-23,1.178e-24
step128,128,V,u,head,1024,64-128,1572864,0.00053575,0.0003991057,0.001397451,0.0009023465,0.001097442,0.001776559,0.001840501,0.001565,0.001536,0,0,1.524e-23,1.178e-24
step128,128,V,u,head,1024,128-256,3145728,0.0003677055,0.0006313361,0.0004526774,0.0003009974,0.0003420301,0.001755669,0.00176289,0.001565,0.001536,0,0,1.524e-23,1.178e-24
step128,128,V,u,head,1024,256-512,6291456,0.0006564557,0.0004077066,0.0005963643,0.0002805942,0.0002184861,0.001718567,0.001739411,0.001565,0.001536,0,0,1.524e-23,1.178e-24
step128,128,V,u,head,1024,512-1024,1.258291e+07,0.0003671189,0.000129877,0.000349919,0.0001916984,0.0002583663,0.00173814,0.001769872,0.001565,0.001536,0,0,1.524e-23,1.178e-24
step128,128,V,v,residual,1024,spike,786432,0.001195813,0.001459443,0.001157125,0.001935745,0.002169942,0.001839956,0.001940409,0.001565,0.001536,0,0,1.524e-23,1.178e-24
step128,128,V,v,residual,1024,32-64,786432,0.001418467,0.001633485,0.001195272,0.001539016,0.001773214,0.001775106,0.001892635,0.001565,0.001536,0,0,1.524e-23,1.178e-24
step128,128,V,v,residual,1024,64-128,1572864,0.0003464626,0.0002664816,0.0008538564,0.0005073938,0.0006915658,0.001712254,0.001803898,0.001565,0.001536,0,0,1.524e-23,1.178e-24
step128,128,V,v,residual,1024,128-256,3145728,0.0004507243,0.0003446373,0.000650088,0.0002462185,0.0004413137,0.001770701,0.001745905,0.001565,0.001536,0,0,1.524e-23,1.178e-24
step128,128,V,v,residual,1024,256-512,6291456,0.0005957349,0.0003863359,0.0004765193,0.0003973002,0.0001336697,0.001724425,0.001767658,0.001565,0.001536,0,0,1.524e-23,1.178e-24
step128,128,V,v,residual,1024,512-1024,1.258291e+07,0.0002412183,0.0002342751,0.0003403028,0.0002730127,0.0001268896,0.001756804,0.001750674,0.001565,0.001536,0,0,1.524e-23,1.178e-24
step128,128,O,u,residual,1024,spike,786432,0.0005281153,0.0006390422,0.001673381,0.001835291,0.002069488,0.001749311,0.001942771,0.001565,0.001536,0,0,1.524e-23,1.178e-24
step128,128,O,u,residual,1024,32-64,786432,0.0006479602,0.0007872473,0.001988729,0.001411905,0.001675758,0.00174041,0.001919156,0.001565,0.001536,0,0,1.524e-23,1.178e-24
step128,128,O,u,residual,1024,64-128,1572864,0.0004184745,0.0003256689,0.001143773,0.0009448091,0.001159827,0.00176348,0.001803989,0.001565,0.001536,0,0,1.524e-23,1.178e-24
step128,128,O,u,residual,1024,128-256,3145728,0.0003653867,0.000431777,0.0006465912,0.0004099094,0.0003790163,0.001733553,0.001770247,0.001565,0.001536,0,0,1.524e-23,1.178e-24
step128,128,O,u,residual,1024,256-512,6291456,0.0005187531,0.0002497741,0.000348409,0.0005332016,0.0002883487,0.00174729,0.001739843,0.001565,0.001536,0,0,1.524e-23,1.178e-24
step128,128,O,u,residual,1024,512-1024,1.258291e+07,0.0003503262,9.419367e-05,0.0002977848,0.0001824084,0.0002593352,0.0017436,0.001761664,0.001565,0.001536,0,0,1.524e-23,1.178e-24
step128,128,O,v,head,1024,spike,786432,0.0008037679,0.0007194947,0.001497904,0.00130255,0.001566403,0.001714616,0.001915341,0.001565,0.001536,0,0,1.524e-23,1.178e-24
step128,128,O,v,head,1024,32-64,786432,0.000504941,0.0003477223,0.001295726,0.000908754,0.001153607,0.001711891,0.001862662,0.001565,0.001536,0,0,1.524e-23,1.178e-24
step128,128,O,v,head,1024,64-128,1572864,0.0007803195,0.0005968101,0.0009937286,0.0003013968,0.0005164147,0.001731237,0.001810982,0.001565,0.001536,0,0,1.524e-23,1.178e-24
step128,128,O,v,head,1024,128-256,3145728,0.0002428754,0.0002768871,0.0005683899,0.0003255145,0.0005349135,0.001772381,0.001757576,0.001565,0.001536,0,0,1.524e-23,1.178e-24
step128,128,O,v,head,1024,256-512,6291456,0.0003458363,0.0002306829,0.0003252029,0.0002634679,0.0003342558,0.001744225,0.001727672,0.001565,0.001536,0,0,1.524e-23,1.178e-24
step128,128,O,v,head,1024,512-1024,1.258291e+07,0.0003237267,0.0001815521,0.000272274,0.0003078138,0.0001991464,0.001747847,0.001753773,0.001565,0.001536,0,0,1.524e-23,1.178e-24
step128,128,MLP_IN,u,hidden,4096,spike,3145728,0.0003882494,0.0004467795,0.001106898,0.001009454,0.001075385,0.001812072,0.001881509,0.001565,0.001558,0,0,1.524e-23,8.299e-24
step128,128,MLP_IN,u,hidden,4096,32-64,3145728,0.0003433685,0.0004105835,0.0006217957,0.0007201732,0.0007861039,0.001769565,0.001847858,0.001565,0.001558,0,0,1.524e-23,8.299e-24
step128,128,MLP_IN,u,hidden,4096,64-128,6291456,0.0003144009,0.000348551,0.0006399155,0.0005638934,0.0006266486,0.001749016,0.001848312,0.001565,0.001558,0,0,1.524e-23,8.299e-24
step128,128,MLP_IN,u,hidden,4096,128-256,1.258291e+07,0.0002884169,0.0002224861,0.0006752014,0.0004643445,0.0005302259,0.00178051,0.00181684,0.001565,0.001558,0,0,1.524e-23,8.299e-24
step128,128,MLP_IN,u,hidden,4096,256-512,2.516582e+07,9.352323e-05,0.0001133124,0.0003230572,0.0002352334,0.0002989202,0.001762839,0.0017868,0.001565,0.001558,0,0,1.524e-23,8.299e-24
step128,128,MLP_IN,u,hidden,4096,512-1024,5.033165e+07,6.633368e-05,0.0001290889,0.0001245737,8.911173e-05,6.005759e-05,0.001764031,0.001770017,0.001565,0.001558,0,0,1.524e-23,8.299e-24
step128,128,MLP_IN,v,residual,1024,spike,786432,0.0004321706,0.0005554792,0.001344045,0.001435643,0.001704622,0.001737322,0.001850128,0.001565,0.001536,0,0,1.524e-23,1.178e-24
step128,128,MLP_IN,v,residual,1024,32-64,786432,0.0008127157,0.0007038747,0.001263936,0.001130853,0.001381964,0.001691001,0.001820882,0.001565,0.001536,0,0,1.524e-23,1.178e-24
step128,128,MLP_IN,v,residual,1024,64-128,1572864,0.0004513601,0.0005876534,0.0008932749,0.0005936524,0.0008575052,0.001730873,0.001798902,0.001565,0.001536,0,0,1.524e-23,1.178e-24
step128,128,MLP_IN,v,residual,1024,128-256,3145728,0.000434194,0.0001812133,0.0005137126,0.0004693695,0.0004269071,0.001739865,0.001780919,0.001565,0.001536,0,0,1.524e-23,1.178e-24
step128,128,MLP_IN,v,residual,1024,256-512,6291456,0.0005014097,0.0002377791,0.0003499985,0.0004337512,0.0002386561,0.001757395,0.001756146,0.001565,0.001536,0,0,1.524e-23,1.178e-24
step128,128,MLP_IN,v,residual,1024,512-1024,1.258291e+07,0.0002452596,0.0001287612,0.0004432996,0.0002453299,0.0003859239,0.001759279,0.001776797,0.001565,0.001536,0,0,1.524e-23,1.178e-24
step128,128,MLP_OUT,u,residual,1024,spike,786432,0.0006017395,0.0007436378,0.00163269,0.001404665,0.001649518,0.001739502,0.00180526,0.001565,0.001536,0,0,1.524e-23,1.178e-24
step128,128,MLP_OUT,u,residual,1024,32-64,786432,0.0008391877,0.0006792111,0.001865387,0.001082533,0.001333644,0.001741137,0.001789456,0.001565,0.001536,0,0,1.524e-23,1.178e-24
step128,128,MLP_OUT,u,residual,1024,64-128,1572864,0.0009290927,0.0006948955,0.00135994,0.0005848254,0.0008484559,0.001725969,0.001815796,0.001565,0.001536,0,0,1.524e-23,1.178e-24
step128,128,MLP_OUT,u,residual,1024,128-256,3145728,0.000426772,0.0003034634,0.0004148483,0.000333312,0.0003665798,0.001755215,0.00175803,0.001565,0.001536,0,0,1.524e-23,1.178e-24
step128,128,MLP_OUT,u,residual,1024,256-512,6291456,0.0003190104,0.000328223,0.0004612605,0.0004284047,0.0001772937,0.001738435,0.001756237,0.001565,0.001536,0,0,1.524e-23,1.178e-24
step128,128,MLP_OUT,u,residual,1024,512-1024,1.258291e+07,0.0003640833,0.0002328257,0.00025328,0.0003057781,0.0002232703,0.001745372,0.001772869,0.001565,0.001536,0,0,1.524e-23,1.178e-24
step128,128,MLP_OUT,v,hidden,4096,spike,3145728,0.0004930039,0.0004257889,0.001290003,0.0007969996,0.0008642145,0.001784915,0.00187892,0.001565,0.001558,0,0,1.524e-23,8.299e-24
step128,128,MLP_OUT,v,hidden,4096,32-64,3145728,0.0002444942,0.0002982324,0.001128197,0.0009604991,0.00102643,0.001746132,0.001876786,0.001565,0.001558,0,0,1.524e-23,8.299e-24
step128,128,MLP_OUT,v,hidden,4096,64-128,6291456,0.0001709798,0.0001037649,0.0009347598,0.0008160914,0.0008819728,0.001765251,0.001825514,0.001565,0.001558,0,0,1.524e-23,8.299e-24
step128,128,MLP_OUT,v,hidden,4096,128-256,1.258291e+07,0.000160762,0.000112002,0.0005203088,0.0003953621,0.0004612435,0.001761664,0.001827115,0.001565,0.001558,0,0,1.524e-23,8.299e-24
step128,128,MLP_OUT,v,hidden,4096,256-512,2.516582e+07,8.506584e-05,0.0001509966,0.0001703898,0.0001348194,0.0001975746,0.001771302,0.001786425,0.001565,0.001558,0,0,1.524e-23,8.299e-24
step128,128,MLP_OUT,v,hidden,4096,512-1024,5.033165e+07,0.000122026,0.0001048228,0.0001520514,4.556944e-05,0.0001015096,0.001774058,0.001773417,0.001565,0.001558,0,0,1.524e-23,8.299e-24
step256,256,Q,u,head,1024,spike,786432,0.0006993969,0.0005426704,0.00260671,0.002177592,0.00239261,0.001754397,0.001953307,0.001565,0.001536,0,0,1.524e-23,1.178e-24
step256,256,Q,u,head,1024,32-64,786432,0.0009111717,0.0006475412,0.001992544,0.001255457,0.001489654,0.001629057,0.001847222,0.001565,0.001536,0,0,1.524e-23,1.178e-24
step256,256,Q,u,head,1024,64-128,1572864,0.0007033142,0.000619041,0.001466751,0.0009734193,0.001191546,0.001725878,0.001777286,0.001565,0.001536,0,0,1.524e-23,1.178e-24
step256,256,Q,u,head,1024,128-256,3145728,0.0005940064,0.0004851654,0.0008732478,0.0004176065,0.00059867,0.001739865,0.001748267,0.001565,0.001536,0,0,1.524e-23,1.178e-24
step256,256,Q,u,head,1024,256-512,6291456,0.0002785758,0.0001687792,0.0002126694,0.0003272235,0.0002084738,0.001770678,0.001733031,0.001565,0.001536,0,0,1.524e-23,1.178e-24
step256,256,Q,u,head,1024,512-1024,1.258291e+07,0.0004057324,0.0002308189,0.0003464222,0.0002509935,0.0001837144,0.001737277,0.001750117,0.001565,0.001536,0,0,1.524e-23,1.178e-24
step256,256,Q,v,residual,1024,spike,786432,0.0009703664,0.0008470578,0.002138774,0.001312797,0.001576427,0.0017415,0.001885187,0.001565,0.001536,0,0,1.524e-23,1.178e-24
step256,256,Q,v,residual,1024,32-64,786432,0.0008427592,0.0009167532,0.002086639,0.001864656,0.002128287,0.001750401,0.001956213,0.001565,0.001536,0,0,1.524e-23,1.178e-24
step256,256,Q,v,residual,1024,64-128,1572864,0.0007948974,0.0007898539,0.001541773,0.0007688818,0.001013735,0.001698449,0.001853761,0.001565,0.001536,0,0,1.524e-23,1.178e-24
step256,256,Q,v,residual,1024,128-256,3145728,0.0002236123,0.0004331272,0.0004037221,0.0003558154,0.0004142635,0.001721745,0.00179318,0.001565,0.001536,0,0,1.524e-23,1.178e-24
step256,256,Q,v,residual,1024,256-512,6291456,0.0005153119,0.0002940793,0.000465552,0.0003620143,0.0001947395,0.001729307,0.001756827,0.001565,0.001536,0,0,1.524e-23,1.178e-24
step256,256,Q,v,residual,1024,512-1024,1.258291e+07,0.0004464451,0.000195334,0.0004491806,0.0001638435,0.000329574,0.001743669,0.001751116,0.001565,0.001536,0,0,1.524e-23,1.178e-24
step256,256,K,u,head,1024,spike,786432,0.0006281992,0.0008971782,0.001089732,0.001580602,0.001849581,0.001766205,0.001926785,0.001565,0.001536,0,0,1.524e-23,1.178e-24
step256,256,K,u,head,1024,32-64,786432,0.00085335,0.0006961313,0.002047221,0.00137245,0.001623561,0.001665206,0.001892271,0.001565,0.001536,0,0,1.524e-23,1.178e-24
step256,256,K,u,head,1024,64-128,1572864,0.0007894718,0.0005943766,0.001401901,0.0008197444,0.001064597,0.001758212,0.001860846,0.001565,0.001536,0,0,1.524e-23,1.178e-24
step256,256,K,u,head,1024,128-256,3145728,0.0006407652,0.0004065679,0.0008935928,0.0002824005,0.0005335116,0.001749084,0.001809438,0.001565,0.001536,0,0,1.524e-23,1.178e-24
step256,256,K,u,head,1024,256-512,6291456,0.0004860103,0.0002185574,0.0002516111,0.0004255926,0.0001899402,0.001745474,0.001755555,0.001565,0.001536,0,0,1.524e-23,1.178e-24
step256,256,K,u,head,1024,512-1024,1.258291e+07,0.0004183605,0.00015473,0.0004479885,0.000149941,0.0003348775,0.001757134,0.001772744,0.001565,0.001536,0,0,1.524e-23,1.178e-24
step256,256,K,v,residual,1024,spike,786432,0.0005880635,0.0004172217,0.001879374,0.00172848,0.001962677,0.001815614,0.001943134,0.001565,0.001536,0,0,1.524e-23,1.178e-24
step256,256,K,v,residual,1024,32-64,786432,0.000638793,0.0009026457,0.002076467,0.002007072,0.002270702,0.001714434,0.001896086,0.001565,0.001536,0,0,1.524e-23,1.178e-24
step256,256,K,v,residual,1024,64-128,1572864,0.0007058878,0.0005293956,0.00148646,0.0009541051,0.001205216,0.001775197,0.001859483,0.001565,0.001536,0,0,1.524e-23,1.178e-24
step256,256,K,v,residual,1024,128-256,3145728,0.0004174891,0.0003188603,0.0004959106,0.0001982603,0.0004084942,0.001731873,0.001757803,0.001565,0.001536,0,0,1.524e-23,1.178e-24
step256,256,K,v,residual,1024,256-512,6291456,0.000383472,0.0001303665,0.0002744993,0.0003014071,0.0001855157,0.001762277,0.001747109,0.001565,0.001536,0,0,1.524e-23,1.178e-24
step256,256,K,v,residual,1024,512-1024,1.258291e+07,0.0002253237,0.0001643601,0.0001966953,0.0002698461,0.0001980178,0.001756316,0.001760914,0.001565,0.001536,0,0,1.524e-23,1.178e-24
step256,256,V,u,head,1024,spike,786432,0.00106413,0.0008690348,0.001609802,0.001244909,0.001513888,0.00176675,0.001949129,0.001565,0.001536,0,0,1.524e-23,1.178e-24
step256,256,V,u,head,1024,32-64,786432,0.0009370982,0.0006979415,0.001998901,0.001241904,0.001486757,0.001730056,0.001940046,0.001565,0.001536,0,0,1.524e-23,1.178e-24
step256,256,V,u,head,1024,64-128,1572864,0.0004620436,0.0006845722,0.0008055369,0.000731144,0.000940543,0.001792726,0.001840046,0.001565,0.001536,0,0,1.524e-23,1.178e-24
step256,256,V,u,head,1024,128-256,3145728,0.000253775,0.0004425201,0.0004739761,0.0005213877,0.0007903666,0.001738321,0.001798039,0.001565,0.001536,0,0,1.524e-23,1.178e-24
step256,256,V,u,head,1024,256-512,6291456,0.0004347264,0.0002061525,0.0003786087,0.0002728338,0.0003297203,0.001726968,0.001748448,0.001565,0.001536,0,0,1.524e-23,1.178e-24
step256,256,V,u,head,1024,512-1024,1.258291e+07,0.0002679367,9.860937e-05,0.0002810955,0.0001551409,0.0002545516,0.001723165,0.00177279,0.001565,0.001536,0,0,1.524e-23,1.178e-24
step256,256,V,v,residual,1024,spike,786432,0.001243637,0.001512616,0.001154582,0.001099943,0.001357485,0.001819792,0.001980373,0.001565,0.001536,0,0,1.524e-23,1.178e-24
step256,256,V,v,residual,1024,32-64,786432,0.0008977712,0.00116675,0.0009091695,0.001283477,0.00154733,0.001780192,0.001875378,0.001565,0.001536,0,0,1.524e-23,1.178e-24
step256,256,V,v,residual,1024,64-128,1572864,0.0004293386,0.0004009508,0.0009988149,0.0007922212,0.001007239,0.001742408,0.001806532,0.001565,0.001536,0,0,1.524e-23,1.178e-24
step256,256,V,v,residual,1024,128-256,3145728,0.0003497263,0.0006187053,0.0004994075,0.0002532122,0.0004571315,0.001755351,0.001759983,0.001565,0.001536,0,0,1.524e-23,1.178e-24
step256,256,V,v,residual,1024,256-512,6291456,0.000491722,0.000316271,0.0002582868,0.0004253937,0.0001911965,0.001742499,0.001749924,0.001565,0.001536,0,0,1.524e-23,1.178e-24
step256,256,V,v,residual,1024,512-1024,1.258291e+07,0.000302722,0.0001066041,0.0001352628,0.0002778708,0.0001469454,0.001754193,0.001767567,0.001565,0.001536,0,0,1.524e-23,1.178e-24
step256,256,O,u,residual,1024,spike,786432,0.001185054,0.0009160746,0.00319163,0.002102365,0.002366218,0.001765297,0.001955305,0.001565,0.001536,0,0,1.524e-23,1.178e-24
step256,256,O,u,residual,1024,32-64,786432,0.0008684337,0.0005994547,0.001823425,0.001323915,0.001499366,0.001669747,0.001793998,0.001565,0.001536,0,0,1.524e-23,1.178e-24
step256,256,O,u,residual,1024,64-128,1572864,0.0004933738,0.0003793674,0.0008290609,0.0004035082,0.0006377054,0.00179091,0.001799901,0.001565,0.001536,0,0,1.524e-23,1.178e-24
step256,256,O,u,residual,1024,128-256,3145728,0.0007431262,0.0005234191,0.0007549922,0.0003460132,0.000458488,0.001761891,0.001810937,0.001565,0.001536,0,0,1.524e-23,1.178e-24
step256,256,O,u,residual,1024,256-512,6291456,0.0004484409,0.0002165626,0.0001821518,0.000466653,0.0002715579,0.001755601,0.001768884,0.001565,0.001536,0,0,1.524e-23,1.178e-24
step256,256,O,u,residual,1024,512-1024,1.258291e+07,0.000292992,0.0001371537,0.0001560847,0.0002590914,7.119511e-05,0.001752184,0.001758337,0.001565,0.001536,0,0,1.524e-23,1.178e-24
step256,256,O,v,head,1024,spike,786432,0.001063496,0.001327349,0.00180308,0.001972665,0.002236518,0.001840319,0.002006167,0.001565,0.001536,0,0,1.524e-23,1.178e-24
step256,256,O,v,head,1024,32-64,786432,0.001257163,0.001502016,0.0008138021,0.001282205,0.001546058,0.001877013,0.001935868,0.001565,0.001536,0,0,1.524e-23,1.178e-24
step256,256,O,v,head,1024,64-128,1572864,0.0007114053,0.0005110891,0.00168101,0.001209164,0.001472795,0.001716523,0.00184704,0.001565,0.001536,0,0,1.524e-23,1.178e-24
step256,256,O,v,head,1024,128-256,3145728,0.0005215108,0.000297396,0.0005753835,0.0006475806,0.0004908541,0.001746859,0.001743862,0.001565,0.001536,0,0,1.524e-23,1.178e-24
step256,256,O,v,head,1024,256-512,6291456,0.0005045886,0.0002618622,0.0003088315,0.000276212,0.0002916443,0.001734484,0.001748289,0.001565,0.001536,0,0,1.524e-23,1.178e-24
step256,256,O,v,head,1024,512-1024,1.258291e+07,0.0003356293,0.0001430014,0.0003848871,0.000198058,0.0003931531,0.001740172,0.00175182,0.001565,0.001536,0,0,1.524e-23,1.178e-24
step256,256,MLP_IN,u,hidden,4096,spike,3145728,0.0002789037,0.0003416589,0.001072248,0.001104718,0.001171933,0.001804352,0.0018514,0.001565,0.001558,0,0,1.524e-23,8.299e-24
step256,256,MLP_IN,u,hidden,4096,32-64,3145728,0.0006625987,0.0007253539,0.0004037221,0.00060849,0.0006757049,0.001769656,0.001847858,0.001565,0.001558,0,0,1.524e-23,8.299e-24
step256,256,MLP_IN,u,hidden,4096,64-128,6291456,0.0003068009,0.0003605392,0.0008192062,0.0006039839,0.0006699146,0.001757803,0.00183051,0.001565,0.001558,0,0,1.524e-23,8.299e-24
step256,256,MLP_IN,u,hidden,4096,128-256,1.258291e+07,0.0002980692,0.000235314,0.000531594,0.0002896723,0.0003419926,0.001766738,0.001806214,0.001565,0.001558,0,0,1.524e-23,8.299e-24
step256,256,MLP_IN,u,hidden,4096,256-512,2.516582e+07,6.963995e-05,9.570809e-05,0.0002580881,0.0002324427,0.0002983241,0.001765626,0.001784211,0.001565,0.001558,0,0,1.524e-23,8.299e-24
step256,256,MLP_IN,u,hidden,4096,512-1024,5.033165e+07,6.31349e-05,0.0001258901,0.0002023975,0.0001858116,0.0001320734,0.001762109,0.001770034,0.001565,0.001558,0,0,1.524e-23,8.299e-24
step256,256,MLP_IN,v,residual,1024,spike,786432,0.0003494973,0.0005452736,0.001073201,0.0009937643,0.001208782,0.001755306,0.001894451,0.001565,0.001536,0,0,1.524e-23,1.178e-24
step256,256,MLP_IN,v,residual,1024,32-64,786432,0.0008245747,0.0006095568,0.001342773,0.0007366584,0.0009708557,0.00171843,0.001782917,0.001565,0.001536,0,0,1.524e-23,1.178e-24
step256,256,MLP_IN,v,residual,1024,64-128,1572864,0.0005963286,0.0004935934,0.0005995433,0.0005345246,0.0007983773,0.001741954,0.001787821,0.001565,0.001536,0,0,1.524e-23,1.178e-24
step256,256,MLP_IN,v,residual,1024,128-256,3145728,0.0002929107,0.0004017518,0.000453949,0.0004702643,0.0003816217,0.001731873,0.001779556,0.001565,0.001536,0,0,1.524e-23,1.178e-24
step256,256,MLP_IN,v,residual,1024,256-512,6291456,0.0004650111,0.0002013806,0.0002975464,0.0003577411,0.0001887195,0.00172581,0.001747131,0.001565,0.001536,0,0,1.524e-23,1.178e-24
step256,256,MLP_IN,v,residual,1024,512-1024,1.258291e+07,0.0004116237,0.0001438307,0.0002988974,0.0002703332,0.0002878221,0.001741432,0.00179368,0.001565,0.001536,0,0,1.524e-23,1.178e-24
step256,256,MLP_OUT,u,residual,1024,spike,786432,0.001352405,0.001088775,0.002211253,0.001138681,0.001384569,0.001762753,0.001912253,0.001565,0.001536,0,0,1.524e-23,1.178e-24
step256,256,MLP_OUT,u,residual,1024,32-64,786432,0.0004761657,0.0005289256,0.001711528,0.001325828,0.00157068,0.0017613,0.001819611,0.001565,0.001536,0,0,1.524e-23,1.178e-24
step256,256,MLP_OUT,u,residual,1024,64-128,1572864,0.0004248718,0.0004375776,0.0009384155,0.000560345,0.0008051979,0.001710256,0.00185258,0.001565,0.001536,0,0,1.524e-23,1.178e-24
step256,256,MLP_OUT,u,residual,1024,128-256,3145728,0.0004724224,0.0003408682,0.0003000895,0.0003009303,0.0002508376,0.001765206,0.001782372,0.001565,0.001536,0,0,1.524e-23,1.178e-24
step256,256,MLP_OUT,u,residual,1024,256-512,6291456,0.0003733698,0.0001639708,0.0002382596,0.0001660192,0.0002551976,0.001752581,0.00174452,0.001565,0.001536,0,0,1.524e-23,1.178e-24
step256,256,MLP_OUT,u,residual,1024,512-1024,1.258291e+07,0.0002902412,8.606423e-05,0.0002333323,0.0001750886,0.0002280974,0.001750651,0.001763707,0.001565,0.001536,0,0,1.524e-23,1.178e-24
step256,256,MLP_OUT,v,hidden,4096,spike,3145728,0.0005008173,0.0004797538,0.001826286,0.001424893,0.001483423,0.001755351,0.001882826,0.001565,0.001558,0,0,1.524e-23,8.299e-24
step256,256,MLP_OUT,v,hidden,4096,32-64,3145728,0.0004734164,0.0004591978,0.001241366,0.001044068,0.001106824,0.001737549,0.001881191,0.001565,0.001558,0,0,1.524e-23,8.299e-24
step256,256,MLP_OUT,v,hidden,4096,64-128,6291456,0.0002285282,0.00017479,0.0008749962,0.0007181069,0.0007840376,0.001772722,0.00181927,0.001565,0.001558,0,0,1.524e-23,8.299e-24
step256,256,MLP_OUT,v,hidden,4096,128-256,1.258291e+07,0.0001499807,0.0001406204,0.0004857381,0.0005218801,0.0005830604,0.001764774,0.001815909,0.001565,0.001558,0,0,1.524e-23,8.299e-24
step256,256,MLP_OUT,v,hidden,4096,256-512,2.516582e+07,4.573698e-05,9.071639e-05,0.0002426704,0.0002627672,0.0003286979,0.001772512,0.001801928,0.001565,0.001558,0,0,1.524e-23,8.299e-24
step256,256,MLP_OUT,v,hidden,4096,512-1024,5.033165e+07,4.044759e-05,7.626942e-05,0.000134627,0.0001025336,0.0001652888,0.001773536,0.001772724,0.001565,0.001558,0,0,1.524e-23,8.299e-24
step512,512,Q,u,head,1024,spike,786432,0.003939778,0.00420363,0.00212733,0.002222743,0.002491722,0.002322061,0.001984188,0.001565,0.001536,0,0,1.524e-23,1.178e-24
step512,512,Q,u,head,1024,32-64,786432,0.0006455246,0.0004677512,0.002001444,0.001650959,0.001914812,0.001728058,0.001921336,0.001565,0.001536,0,0,1.524e-23,1.178e-24
step512,512,Q,u,head,1024,64-128,1572864,0.0006187855,0.0004066129,0.001501719,0.001147493,0.001411124,0.001757122,0.001851854,0.001565,0.001536,0,0,1.524e-23,1.178e-24
step512,512,Q,u,head,1024,128-256,3145728,0.0003848626,0.0004068799,0.0006182988,0.0004291892,0.0003097782,0.00174427,0.001781827,0.001565,0.001536,0,0,1.524e-23,1.178e-24
step512,512,Q,u,head,1024,256-512,6291456,0.0004186017,0.0001737488,0.0002759298,0.0002064348,0.00029755,0.001737685,0.001742408,0.001565,0.001536,0,0,1.524e-23,1.178e-24
step512,512,Q,u,head,1024,512-1024,1.258291e+07,0.000479573,0.000210594,0.0003692309,0.0001801748,0.0001982951,0.001741943,0.001769827,0.001565,0.001536,0,0,1.524e-23,1.178e-24
step512,512,Q,v,residual,1024,spike,786432,0.003829415,0.003565785,0.005922953,0.00257832,0.002823173,0.001605806,0.001987639,0.001565,0.001536,0,0,1.524e-23,1.178e-24
step512,512,Q,v,residual,1024,32-64,786432,0.0005497319,0.0006123474,0.001522064,0.001087656,0.001351508,0.001713526,0.001917158,0.001565,0.001536,0,0,1.524e-23,1.178e-24
step512,512,Q,v,residual,1024,64-128,1572864,0.0004889528,0.0003322263,0.000869751,0.0005713549,0.0008055521,0.001728966,0.001799992,0.001565,0.001536,0,0,1.524e-23,1.178e-24
step512,512,Q,v,residual,1024,128-256,3145728,0.0003099505,0.0001770226,0.000696818,0.000433071,0.0005962665,0.001719929,0.001752081,0.001565,0.001536,0,0,1.524e-23,1.178e-24
step512,512,Q,v,residual,1024,256-512,6291456,0.0003623322,0.0001831352,0.0002686183,0.0004051554,0.0002818468,0.001747199,0.001745179,0.001565,0.001536,0,0,1.524e-23,1.178e-24
step512,512,Q,v,residual,1024,512-1024,1.258291e+07,0.000306642,0.000194622,0.0002603531,0.0001934707,0.0002221267,0.001761652,0.001748687,0.001565,0.001536,0,0,1.524e-23,1.178e-24
step512,512,K,u,head,1024,spike,786432,0.003245503,0.003509356,0.002427419,0.001763246,0.002008099,0.00221089,0.002028874,0.001565,0.001536,0,0,1.524e-23,1.178e-24
step512,512,K,u,head,1024,32-64,786432,0.0005990369,0.0004418182,0.001557668,0.001165384,0.001374783,0.001763298,0.001898811,0.001565,0.001536,0,0,1.524e-23,1.178e-24
step512,512,K,u,head,1024,64-128,1572864,0.0004539032,0.0002545668,0.0009142558,0.0005450862,0.0007899391,0.001727876,0.001858393,0.001565,0.001536,0,0,1.524e-23,1.178e-24
step512,512,K,u,head,1024,128-256,3145728,0.0004162148,0.0002971364,0.0004135768,0.0006570459,0.0004634646,0.0017118,0.001784643,0.001565,0.001536,0,0,1.524e-23,1.178e-24
step512,512,K,u,head,1024,256-512,6291456,0.0003147675,0.0002132131,0.0003051758,0.0003943542,0.0002095414,0.001731577,0.001731532,0.001565,0.001536,0,0,1.524e-23,1.178e-24
step512,512,K,u,head,1024,512-1024,1.258291e+07,0.0003089173,0.0002074394,0.0003024737,0.00017996,0.0004310711,0.001738344,0.001778444,0.001565,0.001536,0,0,1.524e-23,1.178e-24
step512,512,K,v,residual,1024,spike,786432,0.002036507,0.001772877,0.003330231,0.00150362,0.001713019,0.001658485,0.001907349,0.001565,0.001536,0,0,1.524e-23,1.178e-24
step512,512,K,v,residual,1024,32-64,786432,0.0007306094,0.0004808634,0.002009074,0.001297043,0.001566022,0.001799084,0.001880827,0.001565,0.001536,0,0,1.524e-23,1.178e-24
step512,512,K,v,residual,1024,64-128,1572864,0.000488878,0.000473344,0.0008252462,0.0003363682,0.0005075748,0.001718339,0.001815251,0.001565,0.001536,0,0,1.524e-23,1.178e-24
step512,512,K,v,residual,1024,128-256,3145728,0.0007118618,0.0005364108,0.0008249283,0.0002744351,0.0004580604,0.001730556,0.001768657,0.001565,0.001536,0,0,1.524e-23,1.178e-24
step512,512,K,v,residual,1024,256-512,6291456,0.0005797983,0.0003647804,0.0003331502,0.0004091813,0.0001974214,0.001732009,0.001775038,0.001565,0.001536,0,0,1.524e-23,1.178e-24
step512,512,K,v,residual,1024,512-1024,1.258291e+07,0.0002695954,0.000133922,0.0003906886,0.0002258465,0.000489477,0.00174687,0.00177984,0.001565,0.001536,0,0,1.524e-23,1.178e-24
step512,512,V,u,head,1024,spike,786432,0.0005039709,0.0007550819,0.002065023,0.002296915,0.002560767,0.001739865,0.001958756,0.001565,0.001536,0,0,1.524e-23,1.178e-24
step512,512,V,u,head,1024,32-64,786432,0.001422836,0.001153857,0.002925873,0.001653502,0.001917355,0.001753308,0.001896994,0.001565,0.001536,0,0,1.524e-23,1.178e-24
step512,512,V,u,head,1024,64-128,1572864,0.00098694,0.0007358289,0.00118955,0.0002867318,0.0004998139,0.001755578,0.001762844,0.001565,0.001536,0,0,1.524e-23,1.178e-24
step512,512,V,u,head,1024,128-256,3145728,0.0002444942,0.0003557242,0.000664711,0.0004202168,0.0006338792,0.001793407,0.001775742,0.001565,0.001536,0,0,1.524e-23,1.178e-24
step512,512,V,u,head,1024,256-512,6291456,0.0003812495,0.0001584841,0.0002732277,0.0002630615,0.0002248439,0.001739002,0.001739797,0.001565,0.001536,0,0,1.524e-23,1.178e-24
step512,512,V,u,head,1024,512-1024,1.258291e+07,0.000195672,0.0001703601,0.0001577536,0.0001325789,0.0002301637,0.00174653,0.001770088,0.001565,0.001536,0,0,1.524e-23,1.178e-24
step512,512,V,v,residual,1024,spike,786432,0.0005473734,0.0003855812,0.001167297,0.001137247,0.0014011,0.001722427,0.001923152,0.001565,0.001536,0,0,1.524e-23,1.178e-24
step512,512,V,v,residual,1024,32-64,786432,0.000663793,0.0005617373,0.001560211,0.001286409,0.001531262,0.001767295,0.00190971,0.001565,0.001536,0,0,1.524e-23,1.178e-24
step512,512,V,v,residual,1024,64-128,1572864,0.0009625295,0.0006935506,0.001426061,0.0007207728,0.0009718839,0.001734961,0.001817067,0.001565,0.001536,0,0,1.524e-23,1.178e-24
step512,512,V,v,residual,1024,128-256,3145728,0.0007255971,0.0004617443,0.000494957,0.0002690338,0.000289371,0.001714161,0.00175526,0.001565,0.001536,0,0,1.524e-23,1.178e-24
step512,512,V,v,residual,1024,256-512,6291456,0.0003758453,0.0002304714,0.0003725688,0.0005457555,0.000282125,0.001734416,0.001714502,0.001565,0.001536,0,0,1.524e-23,1.178e-24
step512,512,V,v,residual,1024,512-1024,1.258291e+07,0.0002457399,0.0001924572,0.0002837181,0.000173407,0.0003018309,0.001741886,0.001776332,0.001565,0.001536,0,0,1.524e-23,1.178e-24
step512,512,O,u,residual,1024,spike,786432,0.0009023447,0.000638492,0.003457387,0.002555043,0.002818895,0.001699175,0.002033779,0.001565,0.001536,0,0,1.524e-23,1.178e-24
step512,512,O,u,residual,1024,32-64,786432,0.0006309855,0.0005995585,0.001930237,0.001661206,0.001924836,0.001788185,0.001928784,0.001565,0.001536,0,0,1.524e-23,1.178e-24
step512,512,O,u,residual,1024,64-128,1572864,0.0003810542,0.0006259071,0.0008589427,0.0007837515,0.001047604,0.001752036,0.001883098,0.001565,0.001536,0,0,1.524e-23,1.178e-24
step512,512,O,u,residual,1024,128-256,3145728,0.0002717581,0.0003359135,0.0005264282,0.0003146176,0.0005782482,0.001710574,0.001783098,0.001565,0.001536,0,0,1.524e-23,1.178e-24
step512,512,O,u,residual,1024,256-512,6291456,0.0003115796,0.000181675,0.0004164378,0.0004930559,0.000283657,0.001765387,0.001751423,0.001565,0.001536,0,0,1.524e-23,1.178e-24
step512,512,O,u,residual,1024,512-1024,1.258291e+07,0.0002494807,0.0001471928,0.000344038,0.0001768709,0.0003420664,0.001736119,0.001772131,0.001565,0.001536,0,0,1.524e-23,1.178e-24
step512,512,O,v,head,1024,spike,786432,0.01769261,0.01796159,0.01059723,0.007137766,0.007401618,0.003794171,0.002704257,0.001565,0.001536,0,8.356004e-06,1.524e-23,1.178e-24
step512,512,O,v,head,1024,32-64,786432,0.0005512174,0.0007606164,0.003342946,0.003607973,0.003871603,0.001771473,0.002277193,0.001565,0.001536,0,0,1.524e-23,1.178e-24
step512,512,O,v,head,1024,64-128,1572864,0.0003159484,0.0005780152,0.001994451,0.002019467,0.00226432,0.001779102,0.001997993,0.001565,0.001536,0,0,1.524e-23,1.178e-24
step512,512,O,v,head,1024,128-256,3145728,0.00026313,0.0003729752,0.0005496343,0.000478933,0.0006642953,0.001766069,0.001845314,0.001565,0.001536,0,0,1.524e-23,1.178e-24
step512,512,O,v,head,1024,256-512,6291456,0.0003545722,0.0001395543,0.0002023379,0.0003941396,0.000152154,0.001737345,0.001754261,0.001565,0.001536,0,0,1.524e-23,1.178e-24
step512,512,O,v,head,1024,512-1024,1.258291e+07,0.0001705845,0.0003856024,0.0004029274,0.0004776653,0.0007287764,0.001756589,0.001797063,0.001565,0.001536,0,0,1.524e-23,1.178e-24
step512,512,MLP_IN,u,hidden,4096,spike,3145728,0.0002764679,0.0003376482,0.0005524953,0.0006308457,0.0006967764,0.00181457,0.001844179,0.001565,0.001558,0,0,1.524e-23,8.299e-24
step512,512,MLP_IN,u,hidden,4096,32-64,3145728,0.0002779933,0.0003088131,0.000986735,0.0007976253,0.0008513635,0.001748812,0.001860346,0.001565,0.001558,0,0,1.524e-23,8.299e-24
step512,512,MLP_IN,u,hidden,4096,64-128,6291456,0.0002789037,0.0003416589,0.000389417,0.000476396,0.0005301342,0.001747086,0.001816477,0.001565,0.001558,0,0,1.524e-23,8.299e-24
step512,512,MLP_IN,u,hidden,4096,128-256,1.258291e+07,0.000258402,0.0002192304,0.000370423,0.0002658304,0.0003181507,0.001760971,0.001809211,0.001565,0.001558,0,0,1.524e-23,8.299e-24
step512,512,MLP_IN,u,hidden,4096,256-512,2.516582e+07,0.000215795,0.0001885911,0.0003212293,0.0002434986,0.0003062538,0.001771847,0.001789036,0.001565,0.001558,0,0,1.524e-23,8.299e-24
step512,512,MLP_IN,u,hidden,4096,512-1024,5.033165e+07,0.0001064586,0.0001304168,0.0002532999,0.000170453,0.0001306181,0.001764593,0.001768248,0.001565,0.001558,0,0,1.524e-23,8.299e-24
step512,512,MLP_IN,v,residual,1024,spike,786432,0.0005996381,0.0003420054,0.002295176,0.0017654,0.002029253,0.001794179,0.001860301,0.001565,0.001536,0,0,1.524e-23,1.178e-24
step512,512,MLP_IN,v,residual,1024,32-64,786432,0.0007294569,0.0006402843,0.001567841,0.0008584775,0.001054923,0.001682826,0.001838139,0.001565,0.001536,0,0,1.524e-23,1.178e-24
step512,512,MLP_IN,v,residual,1024,64-128,1572864,0.000562237,0.0006561789,0.0009403229,0.0004246081,0.0006882386,0.001790819,0.00181734,0.001565,0.001536,0,0,1.524e-23,1.178e-24
step512,512,MLP_IN,v,residual,1024,128-256,3145728,0.0005107541,0.000371467,0.0005009969,0.0004556361,0.0003059706,0.001718839,0.00177279,0.001565,0.001536,0,0,1.524e-23,1.178e-24
step512,512,MLP_IN,v,residual,1024,256-512,6291456,0.0002986133,0.0001951556,0.0003404617,0.0005871553,0.0003233026,0.001722268,0.001741614,0.001565,0.001536,0,0,1.524e-23,1.178e-24
step512,512,MLP_IN,v,residual,1024,512-1024,1.258291e+07,0.0002144131,0.0002415764,0.0002566973,0.0002353741,0.0001385086,0.001751536,0.001776332,0.001565,0.001536,0,0,1.524e-23,1.178e-24
step512,512,MLP_OUT,u,residual,1024,spike,786432,0.002724498,0.002460646,0.004318237,0.00195609,0.002190287,0.001656305,0.001999991,0.001565,0.001536,0,0,1.524e-23,1.178e-24
step512,512,MLP_OUT,u,residual,1024,32-64,786432,0.0009079437,0.001176923,0.001004537,0.0008718786,0.001116732,0.001799811,0.001854488,0.001565,0.001536,0,0,1.524e-23,1.178e-24
step512,512,MLP_OUT,u,residual,1024,64-128,1572864,0.0009861349,0.001201153,0.0009263357,0.0008098186,0.001073671,0.001769293,0.00182724,0.001565,0.001536,0,0,1.524e-23,1.178e-24
step512,512,MLP_OUT,u,residual,1024,128-256,3145728,0.0003294332,0.000139325,0.0003252029,0.0003256502,0.000272267,0.001751082,0.001778421,0.001565,0.001536,0,0,1.524e-23,1.178e-24
step512,512,MLP_OUT,u,residual,1024,256-512,6291456,0.0003594895,0.0001839613,0.0002926191,0.0002689066,0.0002574957,0.001754602,0.001744974,0.001565,0.001536,0,0,1.524e-23,1.178e-24
step512,512,MLP_OUT,u,residual,1024,512-1024,1.258291e+07,0.0001620156,0.0002667274,0.0002493064,0.0001905875,0.000391732,0.001763287,0.001775401,0.001565,0.001536,0,0,1.524e-23,1.178e-24
step512,512,MLP_OUT,v,hidden,4096,spike,3145728,0.003492468,0.003555223,0.002002398,0.001720649,0.001781829,0.002249037,0.001951218,0.001565,0.001558,0,0,1.524e-23,8.299e-24
step512,512,MLP_OUT,v,hidden,4096,32-64,3145728,0.0007213414,0.0007885564,0.001001994,0.001459345,0.001525226,0.001846086,0.001905487,0.001565,0.001558,0,0,1.524e-23,8.299e-24
step512,512,MLP_OUT,v,hidden,4096,64-128,6291456,0.0006889348,0.0007548162,0.0004720688,0.001112097,0.001174852,0.001825446,0.001884869,0.001565,0.001558,0,0,1.524e-23,8.299e-24
step512,512,MLP_OUT,v,hidden,4096,128-256,1.258291e+07,0.0001846271,0.0002431126,0.0006052653,0.0007706146,0.0008378296,0.001776831,0.001845519,0.001565,0.001558,0,0,1.524e-23,8.299e-24
step512,512,MLP_OUT,v,hidden,4096,256-512,2.516582e+07,0.0001281346,0.000194016,0.0002859036,0.0002625743,0.0003249912,0.001775759,0.00181021,0.001565,0.001558,0,0,1.524e-23,8.299e-24
step512,512,MLP_OUT,v,hidden,4096,512-1024,5.033165e+07,7.262018e-05,8.921509e-05,9.659926e-05,6.707951e-05,0.0001139651,0.001765484,0.001766758,0.001565,0.001558,0,0,1.524e-23,8.299e-24
step1000,1000,Q,u,head,1024,spike,786432,0.02003229,0.02030127,0.01130295,0.008958612,0.009209723,0.004343305,0.003051213,0.001565,0.001536,0,1.271566e-06,1.524e-23,1.178e-24
step1000,1000,Q,u,head,1024,32-64,786432,0.0005455777,0.000584373,0.004884084,0.004679829,0.004943682,0.001768021,0.002396901,0.001565,0.001536,0,0,1.524e-23,1.178e-24
step1000,1000,Q,u,head,1024,64-128,1572864,0.0006457351,0.0004008822,0.003393173,0.003043538,0.003312517,0.001690093,0.002091272,0.001565,0.001536,0,0,1.524e-23,1.178e-24
step1000,1000,Q,u,head,1024,128-256,3145728,0.0003593861,0.0002897472,0.0008179347,0.0004769411,0.0007207496,0.001722109,0.001815887,0.001565,0.001536,0,0,1.524e-23,1.178e-24
step1000,1000,Q,u,head,1024,256-512,6291456,0.0002787936,0.000155485,0.0002559026,0.0004007572,0.0002009335,0.001750674,0.001758507,0.001565,0.001536,0,0,1.524e-23,1.178e-24
step1000,1000,Q,u,head,1024,512-1024,1.258291e+07,0.0002553106,0.0004387799,0.000437816,0.0005271201,0.0007822604,0.001773096,0.001825753,0.001565,0.001536,0,0,1.524e-23,1.178e-24
step1000,1000,Q,v,residual,1024,spike,786432,0.004703055,0.004439202,0.006379445,0.001878533,0.002129644,0.001692636,0.001978556,0.001565,0.001536,0,0,1.524e-23,1.178e-24
step1000,1000,Q,v,residual,1024,32-64,786432,0.001470661,0.00120703,0.002011617,0.001128346,0.001392199,0.001749311,0.001860301,0.001565,0.001536,0,0,1.524e-23,1.178e-24
step1000,1000,Q,v,residual,1024,64-128,1572864,0.0005664368,0.0003435428,0.0005607605,0.0005539502,0.00057763,0.001729784,0.00184486,0.001565,0.001536,0,0,1.524e-23,1.178e-24
step1000,1000,Q,v,residual,1024,128-256,3145728,0.0004537784,0.0004579838,0.0003976822,0.0003490385,0.0005750445,0.001786005,0.001778466,0.001565,0.001536,0,0,1.524e-23,1.178e-24
step1000,1000,Q,v,residual,1024,256-512,6291456,0.0006338298,0.0003648508,0.0004784266,0.0003782295,0.0001535925,0.001744202,0.001723403,0.001565,0.001536,0,0,1.524e-23,1.178e-24
step1000,1000,Q,v,residual,1024,512-1024,1.258291e+07,0.0002264245,0.0002463811,0.0003148715,0.0001618402,0.0004129512,0.001751491,0.001782156,0.001565,0.001536,0,0,1.524e-23,1.178e-24
step1000,1000,K,u,head,1024,spike,786432,0.01412636,0.01439,0.008799235,0.005726328,0.00599018,0.003582909,0.002515339,0.001565,0.001536,2.724784e-06,3.269741e-06,1.524e-23,1.178e-24
step1000,1000,K,u,head,1024,32-64,786432,0.0005240145,0.0003669213,0.003672282,0.003358746,0.003622377,0.001820701,0.002134232,0.001565,0.001536,0,0,1.524e-23,1.178e-24
step1000,1000,K,u,head,1024,64-128,1572864,0.0005796722,0.0007029808,0.001897812,0.001792953,0.002061932,0.001776741,0.001935596,0.001565,0.001536,0,0,1.524e-23,1.178e-24
step1000,1000,K,u,head,1024,128-256,3145728,0.0005665774,0.0003029469,0.0006860097,0.0004174272,0.0006324451,0.001697404,0.001780646,0.001565,0.001536,0,0,1.524e-23,1.178e-24
step1000,1000,K,u,head,1024,256-512,6291456,0.0003349447,0.0002043064,0.0003086726,0.00028318,0.0002441443,0.001746087,0.001748289,0.001565,0.001536,0,0,1.524e-23,1.178e-24
step1000,1000,K,u,head,1024,512-1024,1.258291e+07,0.0002200146,0.0001371518,0.0004995664,0.0003397027,0.0005547206,0.001757769,0.001789865,0.001565,0.001536,0,0,1.524e-23,1.178e-24
step1000,1000,K,v,residual,1024,spike,786432,0.002493495,0.002226678,0.004067739,0.001983,0.002192399,0.001621791,0.001960754,0.001565,0.001536,0,0,1.524e-23,1.178e-24
step1000,1000,K,v,residual,1024,32-64,786432,0.001056717,0.001325696,0.001085917,0.0008474923,0.001056891,0.001791091,0.001969292,0.001565,0.001536,0,0,1.524e-23,1.178e-24
step1000,1000,K,v,residual,1024,64-128,1572864,0.0008049074,0.0005955085,0.001278559,0.0006381643,0.0008185741,0.001769747,0.001846586,0.001565,0.001536,0,0,1.524e-23,1.178e-24
step1000,1000,K,v,residual,1024,128-256,3145728,0.000381424,0.0001929813,0.0005935033,0.0004136125,0.0006286304,0.001740047,0.00176625,0.001565,0.001536,0,0,1.524e-23,1.178e-24
step1000,1000,K,v,residual,1024,256-512,6291456,0.0004434128,0.0001744339,0.0003827413,0.0003358586,0.0002851797,0.001735528,0.001760437,0.001565,0.001536,0,0,1.524e-23,1.178e-24
step1000,1000,K,v,residual,1024,512-1024,1.258291e+07,0.0002882662,0.0001795726,0.0003236135,0.0002012369,0.0003963321,0.001756146,0.001772188,0.001565,0.001536,0,0,1.524e-23,1.178e-24
step1000,1000,V,u,head,1024,spike,786432,0.001155899,0.001424878,0.001544952,0.001803936,0.002048789,0.001947494,0.00199981,0.001565,0.001536,0,0,1.524e-23,1.178e-24
step1000,1000,V,u,head,1024,32-64,786432,0.0004429267,0.000677124,0.001572927,0.001737426,0.002001279,0.001820156,0.001928784,0.001565,0.001536,0,0,1.524e-23,1.178e-24
step1000,1000,V,u,head,1024,64-128,1572864,0.0004864688,0.0005343458,0.001324336,0.001008138,0.001242408,0.001778739,0.001780919,0.001565,0.001536,0,0,1.524e-23,1.178e-24
step1000,1000,V,u,head,1024,128-256,3145728,0.0007723787,0.0006330916,0.001032511,0.0003405459,0.0004364007,0.00176021,0.0017811,0.001565,0.001536,0,0,1.524e-23,1.178e-24
step1000,1000,V,u,head,1024,256-512,6291456,0.000203866,0.0001524219,0.0002085368,0.000367898,0.0002463016,0.001769792,0.001766863,0.001565,0.001536,0,0,1.524e-23,1.178e-24
step1000,1000,V,u,head,1024,512-1024,1.258291e+07,0.0002781887,0.0002601156,0.0002537568,0.0002577642,0.0003550848,0.001764922,0.001763923,0.001565,0.001536,0,0,1.524e-23,1.178e-24
step1000,1000,V,v,residual,1024,spike,786432,0.0004480581,0.0007119109,0.001845042,0.001865928,0.002129558,0.001818339,0.001953488,0.001565,0.001536,0,0,1.524e-23,1.178e-24
step1000,1000,V,v,residual,1024,32-64,786432,0.0007533078,0.001016938,0.001107534,0.001052052,0.001315905,0.001702627,0.001933325,0.001565,0.001536,0,0,1.524e-23,1.178e-24
step1000,1000,V,v,residual,1024,64-128,1572864,0.0006740247,0.0005163187,0.0009441376,0.0005389289,0.0007479008,0.001718612,0.001816523,0.001565,0.001536,0,0,1.524e-23,1.178e-24
step1000,1000,V,v,residual,1024,128-256,3145728,0.0002788884,0.0004396591,0.0003350576,0.0002995577,0.0005337549,0.001762799,0.001762345,0.001565,0.001536,0,0,1.524e-23,1.178e-24
step1000,1000,V,v,residual,1024,256-512,6291456,0.0003880415,0.00020096,0.0002638499,0.000485833,0.0002222025,0.00177581,0.001756418,0.001565,0.001536,0,0,1.524e-23,1.178e-24
step1000,1000,V,v,residual,1024,512-1024,1.258291e+07,0.0003709947,0.0001483923,0.000471433,0.0001724327,0.000399996,0.001751695,0.001779148,0.001565,0.001536,0,0,1.524e-23,1.178e-24
step1000,1000,O,u,residual,1024,spike,786432,0.001904265,0.001640634,0.004534403,0.002911045,0.003162156,0.001651764,0.002146766,0.001565,0.001536,0,0,1.524e-23,1.178e-24
step1000,1000,O,u,residual,1024,32-64,786432,0.0005438146,0.0007886675,0.002307892,0.002351797,0.002603619,0.001866114,0.001995813,0.001565,0.001536,0,0,1.524e-23,1.178e-24
step1000,1000,O,u,residual,1024,64-128,1572864,0.0003425576,0.0004997763,0.001504262,0.001260803,0.001529782,0.001795178,0.00189763,0.001565,0.001536,0,0,1.524e-23,1.178e-24
step1000,1000,O,u,residual,1024,128-256,3145728,0.0002914025,0.0003192515,0.0008188883,0.0006506289,0.0009142594,0.001773562,0.001808939,0.001565,0.001536,0,0,1.524e-23,1.178e-24
step1000,1000,O,u,residual,1024,256-512,6291456,0.0004495445,0.0001984335,0.000325044,0.0004777792,0.0002840721,0.001735914,0.001748562,0.001565,0.001536,0,0,1.524e-23,1.178e-24
step1000,1000,O,u,residual,1024,512-1024,1.258291e+07,0.0004287999,0.0002137819,0.0005802313,0.0002367741,0.0004975832,0.001760517,0.001811209,0.001565,0.001536,0,0,1.524e-23,1.178e-24
step1000,1000,O,v,head,1024,spike,786432,0.05457946,0.05484844,0.01291275,0.06749221,0.06776119,0.007392702,0.007655916,0.001565,0.001536,2.089001e-05,0.0001320612,1.524e-23,1.178e-24
step1000,1000,O,v,head,1024,32-64,786432,0.0159493,0.01621827,0.02041626,0.03636555,0.03663453,0.003772917,0.005841573,0.001565,0.001536,0,2.81561e-05,1.524e-23,1.178e-24
step1000,1000,O,v,head,1024,64-128,1572864,0.005436625,0.005705604,0.006886164,0.01232279,0.01259177,0.002437137,0.003254754,0.001565,0.001536,0,0,1.524e-23,1.178e-24
step1000,1000,O,v,head,1024,128-256,3145728,0.001047601,0.001311454,0.002177238,0.00322484,0.003488693,0.001875559,0.00209495,0.001565,0.001536,0,0,1.524e-23,1.178e-24
step1000,1000,O,v,head,1024,256-512,6291456,0.0001687027,0.0004135556,0.001485666,0.001480326,0.001743956,0.001780737,0.001850333,0.001565,0.001536,0,0,1.524e-23,1.178e-24
step1000,1000,O,v,head,1024,512-1024,1.258291e+07,0.001106644,0.001370275,0.002396425,0.003495837,0.003759467,0.001850696,0.002021778,0.001565,0.001536,0,0,1.524e-23,1.178e-24
step1000,1000,MLP_IN,u,hidden,4096,spike,3145728,0.009425368,0.009362613,0.01029332,0.0009088974,0.0009761123,0.001761664,0.00189872,0.001565,0.001558,0,0,1.524e-23,8.299e-24
step1000,1000,MLP_IN,u,hidden,4096,32-64,3145728,0.000284837,0.0002325167,0.0007565816,0.0006545842,0.0007217992,0.001749357,0.001887957,0.001565,0.001558,0,0,1.524e-23,8.299e-24
step1000,1000,MLP_IN,u,hidden,4096,64-128,6291456,0.0002172331,0.0001500181,0.0008753141,0.0007053551,0.0007681103,0.001766137,0.001829533,0.001565,0.001558,0,0,1.524e-23,8.299e-24
step1000,1000,MLP_IN,u,hidden,4096,128-256,1.258291e+07,0.0003056986,0.0002429434,0.0006453196,0.0004390777,0.0005050084,0.001746575,0.001813525,0.001565,0.001558,0,0,1.524e-23,8.299e-24
step1000,1000,MLP_IN,u,hidden,4096,256-512,2.516582e+07,0.0001138806,0.0001676188,0.0002805789,0.0002433277,0.000304508,0.001761527,0.001795808,0.001565,0.001558,0,0,1.524e-23,8.299e-24
step1000,1000,MLP_IN,u,hidden,4096,512-1024,5.033165e+07,0.0002008632,0.0001349818,0.0001587868,6.414445e-05,5.549873e-05,0.001760818,0.001772063,0.001565,0.001558,0,0,1.524e-23,8.299e-24
step1000,1000,MLP_IN,v,residual,1024,spike,786432,0.003595942,0.003326963,0.004175822,0.0008200305,0.00103952,0.00174368,0.001890273,0.001565,0.001536,0,0,1.524e-23,1.178e-24
step1000,1000,MLP_IN,v,residual,1024,32-64,786432,0.0007411377,0.0008499787,0.00170517,0.001799733,0.002063585,0.001792908,0.00186902,0.001565,0.001536,0,0,1.524e-23,1.178e-24
step1000,1000,MLP_IN,v,residual,1024,64-128,1572864,0.000826482,0.0006114641,0.0009218852,0.0004580526,0.0006742266,0.001796087,0.001857031,0.001565,0.001536,0,0,1.524e-23,1.178e-24
step1000,1000,MLP_IN,v,residual,1024,128-256,3145728,0.0004197855,0.0002853076,0.0003779729,0.0004408025,0.0003387745,0.001738775,0.001784643,0.001565,0.001536,0,0,1.524e-23,1.178e-24
step1000,1000,MLP_IN,v,residual,1024,256-512,6291456,0.0004483742,0.0002532791,0.0002520879,0.000336861,0.0002459502,0.001748085,0.001775628,0.001565,0.001536,0,0,1.524e-23,1.178e-24
step1000,1000,MLP_IN,v,residual,1024,512-1024,1.258291e+07,0.0001815342,0.0002481295,0.0003000895,0.0001229108,0.0003918897,0.00174796,0.001751219,0.001565,0.001536,0,0,1.524e-23,1.178e-24
step1000,1000,MLP_OUT,u,residual,1024,spike,786432,0.003134364,0.002865385,0.007685343,0.00455098,0.004819959,0.001585098,0.002299536,0.001565,0.001536,0,0,1.524e-23,1.178e-24
step1000,1000,MLP_OUT,u,residual,1024,32-64,786432,0.001740358,0.001985211,0.003070831,0.00385289,0.004121869,0.001862299,0.002180917,0.001565,0.001536,0,0,1.524e-23,1.178e-24
step1000,1000,MLP_OUT,u,residual,1024,64-128,1572864,0.001595861,0.00186484,0.001018524,0.002392497,0.002661476,0.001875287,0.002012344,0.001565,0.001536,0,0,1.524e-23,1.178e-24
step1000,1000,MLP_OUT,u,residual,1024,128-256,3145728,0.0005256948,0.0007821649,0.000626564,0.0009655492,0.00121666,0.001820201,0.001838366,0.001565,0.001536,0,0,1.524e-23,1.178e-24
step1000,1000,MLP_OUT,u,residual,1024,256-512,6291456,0.0002965637,0.0003408694,0.0004789035,0.000415335,0.0002031957,0.001750242,0.001741523,0.001565,0.001536,0,0,1.524e-23,1.178e-24
step1000,1000,MLP_OUT,u,residual,1024,512-1024,1.258291e+07,0.0001460421,0.0001892066,0.0008339087,0.0006912395,0.0009548701,0.001762765,0.001843237,0.001565,0.001536,0,0,1.524e-23,1.178e-24
step1000,1000,MLP_OUT,v,hidden,4096,spike,3145728,0.008803731,0.008870946,0.003044128,0.006093492,0.006159423,0.002780188,0.002487228,0.001565,0.001558,1.816523e-07,3.178914e-07,1.524e-23,8.299e-24
step1000,1000,MLP_OUT,v,hidden,4096,32-64,3145728,0.005788849,0.005856064,0.001334826,0.004722109,0.004788039,0.002372424,0.002344631,0.001565,0.001558,0,0,1.524e-23,8.299e-24
step1000,1000,MLP_OUT,v,hidden,4096,64-128,6291456,0.003966957,0.004032888,0.0003965696,0.004101958,0.004169173,0.002183233,0.002247424,0.001565,0.001558,0,0,1.524e-23,8.299e-24
step1000,1000,MLP_OUT,v,hidden,4096,128-256,1.258291e+07,0.002148295,0.002214176,0.0007080237,0.002822286,0.002889501,0.001982541,0.002074525,0.001565,0.001558,0,0,1.524e-23,8.299e-24
step1000,1000,MLP_OUT,v,hidden,4096,256-512,2.516582e+07,0.0007914151,0.0008572965,0.000530084,0.001209283,0.001275165,0.001844452,0.001915761,0.001565,0.001558,0,0,1.524e-23,8.299e-24
step1000,1000,MLP_OUT,v,hidden,4096,512-1024,5.033165e+07,0.0001357039,9.323966e-05,0.0003193418,0.0002808191,0.0003419993,0.001770042,0.001797262,0.001565,0.001558,0,0,1.524e-23,8.299e-24
step2000,2000,Q,u,head,1024,spike,786432,0.03574171,0.03600534,0.007757823,0.02962413,0.02988799,0.006081899,0.005120777,0.001565,0.001536,7.26609e-07,5.431402e-05,1.524e-23,1.178e-24
step2000,2000,Q,u,head,1024,32-64,786432,0.007080545,0.007344398,0.005702972,0.01261271,0.01288169,0.002743857,0.003477369,0.001565,0.001536,0,0,1.524e-23,1.178e-24
step2000,2000,Q,u,head,1024,64-128,1572864,0.001517409,0.00176852,0.00492541,0.006331807,0.006600786,0.001924969,0.002601169,0.001565,0.001536,0,0,1.524e-23,1.178e-24
step2000,2000,Q,u,head,1024,128-256,3145728,0.0008391385,0.001102769,0.001301448,0.001824107,0.002093086,0.001798948,0.001992544,0.001565,0.001536,0,0,1.524e-23,1.178e-24
step2000,2000,Q,u,head,1024,256-512,6291456,0.0001922853,0.0003930658,0.0003646215,0.0002344745,0.0004339007,0.001753966,0.001783053,0.001565,0.001536,0,0,1.524e-23,1.178e-24
step2000,2000,Q,u,head,1024,512-1024,1.258291e+07,0.0002301197,0.0004990986,0.001516183,0.001734003,0.001997633,0.001773142,0.001927183,0.001565,0.001536,0,0,1.524e-23,1.178e-24
step2000,2000,Q,v,residual,1024,spike,786432,0.000826701,0.0008729728,0.003196716,0.00326034,0.003529319,0.00208119,0.00212733,0.001565,0.001536,0,0,1.524e-23,1.178e-24
step2000,2000,Q,v,residual,1024,32-64,786432,0.001548813,0.001817792,0.00134786,0.002263854,0.002527707,0.001895178,0.002050854,0.001565,0.001536,0,0,1.524e-23,1.178e-24
step2000,2000,Q,v,residual,1024,64-128,1572864,0.0004557126,0.0004936891,0.001337051,0.001376054,0.00164168,0.001793634,0.001939229,0.001565,0.001536,0,0,1.524e-23,1.178e-24
step2000,2000,Q,v,residual,1024,128-256,3145728,0.0005745986,0.0003107459,0.0005524953,0.0002513227,0.0004085414,0.001734824,0.001780056,0.001565,0.001536,0,0,1.524e-23,1.178e-24
step2000,2000,Q,v,residual,1024,256-512,6291456,0.0003242136,0.0001819717,0.0002506574,0.0003135386,0.0001093583,0.001727876,0.001742454,0.001565,0.001536,0,0,1.524e-23,1.178e-24
step2000,2000,Q,v,residual,1024,512-1024,1.258291e+07,0.0005001564,0.0002311775,0.0006406307,0.0002424455,0.0004645119,0.001751832,0.001784904,0.001565,0.001536,0,0,1.524e-23,1.178e-24
step2000,2000,K,u,head,1024,spike,786432,0.02905455,0.02931818,0.006018321,0.02428236,0.02454599,0.005233038,0.003875914,0.001565,0.001536,6.176177e-06,7.665725e-05,1.524e-23,1.178e-24
step2000,2000,K,u,head,1024,32-64,786432,0.005105803,0.005369656,0.00449117,0.009013399,0.00927703,0.002434867,0.002905528,0.001565,0.001536,0,0,1.524e-23,1.178e-24
step2000,2000,K,u,head,1024,64-128,1572864,0.001045273,0.001314252,0.003754298,0.004712328,0.004975958,0.001885278,0.002225876,0.001565,0.001536,0,0,1.524e-23,1.178e-24
step2000,2000,K,u,head,1024,128-256,3145728,0.0004856352,0.0006610863,0.0009002686,0.0009106613,0.001171264,0.001804397,0.001871427,0.001565,0.001536,0,0,1.524e-23,1.178e-24
step2000,2000,K,u,head,1024,256-512,6291456,0.0004574521,0.0002480531,0.0006561279,0.0003231824,0.0005921613,0.001730533,0.001785097,0.001565,0.001536,0,0,1.524e-23,1.178e-24
step2000,2000,K,u,head,1024,512-1024,1.258291e+07,0.0002636213,0.0002955605,0.001437187,0.001204316,0.001467947,0.001768986,0.001869735,0.001565,0.001536,0,0,1.524e-23,1.178e-24
step2000,2000,K,v,residual,1024,spike,786432,0.002218415,0.001954563,0.005109151,0.002890736,0.003154589,0.001586369,0.002052489,0.001565,0.001536,0,0,1.524e-23,1.178e-24
step2000,2000,K,v,residual,1024,32-64,786432,0.0009939426,0.0007597453,0.003025055,0.002401183,0.002665036,0.001785823,0.001984914,0.001565,0.001536,0,0,1.524e-23,1.178e-24
step2000,2000,K,v,residual,1024,64-128,1572864,0.0005728047,0.0003970762,0.001310984,0.001003732,0.001267585,0.001788276,0.001921608,0.001565,0.001536,0,0,1.524e-23,1.178e-24
step2000,2000,K,v,residual,1024,128-256,3145728,0.0001496878,0.0003501575,0.0003951391,0.0003410134,0.0004424838,0.001765342,0.001762072,0.001565,0.001536,0,0,1.524e-23,1.178e-24
step2000,2000,K,v,residual,1024,256-512,6291456,0.0005135079,0.0002739439,0.0003846486,0.0004179143,0.000192812,0.001740751,0.001747881,0.001565,0.001536,0,0,1.524e-23,1.178e-24
step2000,2000,K,v,residual,1024,512-1024,1.258291e+07,0.0003046293,0.0001730227,0.0003799597,0.0001185275,0.0003696385,0.001750571,0.001774935,0.001565,0.001536,0,0,1.524e-23,1.178e-24
step2000,2000,V,u,head,1024,spike,786432,0.01360961,0.01387859,0.006586711,0.007367919,0.007631772,0.003747668,0.00275294,0.001565,0.001536,0,0,1.524e-23,1.178e-24
step2000,2000,V,u,head,1024,32-64,786432,0.004222029,0.00447314,0.001060486,0.0044128,0.004676653,0.002257393,0.002276466,0.001565,0.001536,0,0,1.524e-23,1.178e-24
step2000,2000,V,u,head,1024,64-128,1572864,0.001301878,0.001552989,0.001501083,0.00215132,0.002415173,0.001842135,0.002063479,0.001565,0.001536,0,0,1.524e-23,1.178e-24
step2000,2000,V,u,head,1024,128-256,3145728,0.0008241796,0.0005730685,0.001161257,0.0006313681,0.000846386,0.001720973,0.001823834,0.001565,0.001536,0,0,1.524e-23,1.178e-24
step2000,2000,V,u,head,1024,256-512,6291456,0.0002855959,0.0001760669,0.0003053347,0.0003236233,0.0003397567,0.001742227,0.001758099,0.001565,0.001536,0,0,1.524e-23,1.178e-24
step2000,2000,V,u,head,1024,512-1024,1.258291e+07,0.0002313915,0.000229908,0.0006132126,0.0004605298,0.0007241604,0.001769168,0.001805192,0.001565,0.001536,0,0,1.524e-23,1.178e-24
step2000,2000,V,v,residual,1024,spike,786432,0.002697458,0.002961311,0.001739502,0.002043873,0.002307726,0.002005804,0.002033415,0.001565,0.001536,0,0,1.524e-23,1.178e-24
step2000,2000,V,v,residual,1024,32-64,786432,0.0008024037,0.001071383,0.001822154,0.002140091,0.00240907,0.001787095,0.001885187,0.001565,0.001536,0,0,1.524e-23,1.178e-24
step2000,2000,V,v,residual,1024,64-128,1572864,0.000565608,0.0006305116,0.001422246,0.0009789007,0.001230012,0.001730147,0.001877648,0.001565,0.001536,0,0,1.524e-23,1.178e-24
step2000,2000,V,v,residual,1024,128-256,3145728,0.0008515955,0.0006365775,0.001204809,0.0004248159,0.0006759269,0.001736641,0.001792363,0.001565,0.001536,0,0,1.524e-23,1.178e-24
step2000,2000,V,v,residual,1024,256-512,6291456,0.0005083544,0.0002572434,0.0004115105,0.0002078262,0.0003666174,0.00174284,0.00177011,0.001565,0.001536,0,0,1.524e-23,1.178e-24
step2000,2000,V,v,residual,1024,512-1024,1.258291e+07,0.0003253284,0.0001353258,0.0004566511,0.0002559615,0.0004424184,0.001745587,0.001777876,0.001565,0.001536,0,0,1.524e-23,1.178e-24
step2000,2000,O,u,residual,1024,spike,786432,0.002997035,0.002728056,0.008317312,0.005353759,0.005617612,0.001685915,0.00237365,0.001565,0.001536,0,0,1.524e-23,1.178e-24
step2000,2000,O,u,residual,1024,32-64,786432,0.0008568736,0.0009801822,0.0035731,0.003745302,0.004008933,0.001823244,0.002232325,0.001565,0.001536,0,0,1.524e-23,1.178e-24
step2000,2000,O,u,residual,1024,64-128,1572864,0.0009778798,0.001246859,0.001419703,0.002397583,0.002666562,0.001837049,0.002066022,0.001565,0.001536,0,0,1.524e-23,1.178e-24
step2000,2000,O,u,residual,1024,128-256,3145728,0.0004903015,0.0007414126,0.0005671183,0.0007009964,0.0009699753,0.001816613,0.001860074,0.001565,0.001536,0,0,1.524e-23,1.178e-24
step2000,2000,O,u,residual,1024,256-512,6291456,0.0001980006,0.0003891795,0.0005284945,0.0003454248,0.000333678,0.001737776,0.001757803,0.001565,0.001536,0,0,1.524e-23,1.178e-24
step2000,2000,O,u,residual,1024,512-1024,1.258291e+07,0.0002299487,0.0001959007,0.0004776319,0.0003916667,0.000625864,0.001764888,0.001825844,0.001565,0.001536,0,0,1.524e-23,1.178e-24
step2000,2000,O,v,head,1024,spike,786432,0.051206,0.05147498,0.03361766,0.08455331,0.08481694,0.007979983,0.01043738,0.001565,0.001536,9.627569e-06,7.465908e-05,1.524e-23,1.178e-24
step2000,2000,O,v,head,1024,32-64,786432,0.03641896,0.03668794,0.0138766,0.05017094,0.05043992,0.006008693,0.007636297,0.001565,0.001536,0,7.26609e-07,1.524e-23,1.178e-24
step2000,2000,O,v,head,1024,64-128,1572864,0.01841995,0.01868893,0.009344101,0.02698444,0.02724807,0.003980546,0.004942213,0.001565,0.001536,0,0,1.524e-23,1.178e-24
step2000,2000,O,v,head,1024,128-256,3145728,0.007139887,0.007408866,0.00161012,0.008484886,0.008753865,0.002546265,0.002708253,0.001565,0.001536,0,0,1.524e-23,1.178e-24
step2000,2000,O,v,head,1024,256-512,6291456,0.001529104,0.001798083,0.0007607142,0.002099242,0.002368221,0.001911436,0.001922426,0.001565,0.001536,0,0,1.524e-23,1.178e-24
step2000,2000,O,v,head,1024,512-1024,1.258291e+07,0.004344668,0.004613647,0.00250864,0.00680604,0.007069671,0.002153442,0.002279384,0.001565,0.001536,0,0,1.524e-23,1.178e-24
step2000,2000,MLP_IN,u,hidden,4096,spike,3145728,0.008535162,0.008469281,0.009710948,0.001302514,0.001365269,0.002224831,0.001934778,0.001565,0.001558,0,0,1.524e-23,8.299e-24
step2000,2000,MLP_IN,u,hidden,4096,32-64,3145728,0.0006037216,0.0006709366,0.001452128,0.00177907,0.001845,0.001811663,0.001923788,0.001565,0.001558,0,0,1.524e-23,8.299e-24
step2000,2000,MLP_IN,u,hidden,4096,64-128,6291456,0.0002864318,0.0003351918,0.00120465,0.0010955,0.001162715,0.00178714,0.001877376,0.001565,0.001558,0,0,1.524e-23,8.299e-24
step2000,2000,MLP_IN,u,hidden,4096,128-256,1.258291e+07,0.0001795933,0.0002454747,0.0005682309,0.0006933031,0.0007544833,0.001786539,0.001837401,0.001565,0.001558,0,0,1.524e-23,8.299e-24
step2000,2000,MLP_IN,u,hidden,4096,256-512,2.516582e+07,0.0001350601,0.0001887983,0.0002609094,0.0002698347,0.0003357161,0.001758746,0.001799413,0.001565,0.001558,0,0,1.524e-23,8.299e-24
step2000,2000,MLP_IN,u,hidden,4096,512-1024,5.033165e+07,0.0001330926,7.643786e-05,0.0001492898,6.875226e-05,0.0001028606,0.001766057,0.001763846,0.001565,0.001558,0,0,1.524e-23,8.299e-24
step2000,2000,MLP_IN,v,residual,1024,spike,786432,0.003484821,0.00322119,0.006144206,0.002785196,0.003049049,0.001822517,0.002028874,0.001565,0.001536,0,0,1.524e-23,1.178e-24
step2000,2000,MLP_IN,v,residual,1024,32-64,786432,0.002041535,0.002256552,0.0006065369,0.001897717,0.002166201,0.001960391,0.001898811,0.001565,0.001536,0,0,1.524e-23,1.178e-24
step2000,2000,MLP_IN,v,residual,1024,64-128,1572864,0.001048201,0.00130622,0.0006847382,0.001727327,0.001990958,0.001858575,0.0018811,0.001565,0.001536,0,0,1.524e-23,1.178e-24
step2000,2000,MLP_IN,v,residual,1024,128-256,3145728,0.0002574564,0.0002293317,0.0009632111,0.0007161145,0.0009797451,0.001751219,0.001849629,0.001565,0.001536,0,0,1.524e-23,1.178e-24
step2000,2000,MLP_IN,v,residual,1024,256-512,6291456,0.0002187192,0.000216802,0.000442187,0.0004404029,0.0002614027,0.001743249,0.001736028,0.001565,0.001536,0,0,1.524e-23,1.178e-24
step2000,2000,MLP_IN,v,residual,1024,512-1024,1.258291e+07,0.0001626113,0.0002528917,0.0002772808,0.0001640677,0.0003790856,0.001757928,0.001815251,0.001565,0.001536,0,0,1.524e-23,1.178e-24
step2000,2000,MLP_OUT,u,residual,1024,spike,786432,0.001334713,0.001094598,0.01120249,0.01012856,0.01039219,0.001672472,0.002993447,0.001565,0.001536,0,1.271566e-06,1.524e-23,1.178e-24
step2000,2000,MLP_OUT,u,residual,1024,32-64,786432,0.002315567,0.002584546,0.005900065,0.007872731,0.008136583,0.001911163,0.002569108,0.001565,0.001536,0,0,1.524e-23,1.178e-24
step2000,2000,MLP_OUT,u,residual,1024,64-128,1572864,0.002166017,0.002429648,0.003032684,0.004967417,0.005236396,0.002016431,0.00229454,0.001565,0.001536,0,0,1.524e-23,1.178e-24
step2000,2000,MLP_OUT,u,residual,1024,128-256,3145728,0.00158364,0.001847271,0.00111262,0.002506938,0.002775917,0.001921336,0.002020018,0.001565,0.001536,0,0,1.524e-23,1.178e-24
step2000,2000,MLP_OUT,u,residual,1024,256-512,6291456,0.0004346705,0.0006857816,0.0002193451,0.0003434357,0.0005945467,0.001794111,0.00180442,0.001565,0.001536,0,0,1.524e-23,1.178e-24
step2000,2000,MLP_OUT,u,residual,1024,512-1024,1.258291e+07,0.0006014324,0.0008498758,0.001024246,0.001532759,0.001801738,0.001865977,0.001963434,0.001565,0.001536,0,0,1.524e-23,1.178e-24
step2000,2000,MLP_OUT,v,hidden,4096,spike,3145728,0.005088002,0.005153932,0.001205444,0.005833213,0.005899094,0.002508254,0.002402578,0.001565,0.001558,3.633045e-07,3.178914e-07,1.524e-23,8.299e-24
step2000,2000,MLP_OUT,v,hidden,4096,32-64,3145728,0.002947853,0.003015068,0.001976649,0.004910197,0.004977412,0.002067793,0.002343541,0.001565,0.001558,0,0,1.524e-23,8.299e-24
step2000,2000,MLP_OUT,v,hidden,4096,64-128,6291456,0.003012226,0.003079441,0.0008711815,0.003718899,0.003786114,0.002057825,0.002190613,0.001565,0.001558,0,0,1.524e-23,8.299e-24
step2000,2000,MLP_OUT,v,hidden,4096,128-256,1.258291e+07,0.002521481,0.002588696,0.0006314119,0.002997786,0.003063717,0.002016124,0.002066169,0.001565,0.001558,0,0,1.524e-23,8.299e-24
step2000,2000,MLP_OUT,v,hidden,4096,256-512,2.516582e+07,0.001760211,0.001827426,0.0003159444,0.001501685,0.0015689,0.001943276,0.001914399,0.001565,0.001558,0,0,1.524e-23,8.299e-24
step2000,2000,MLP_OUT,v,hidden,4096,512-1024,5.033165e+07,0.0004616317,0.0005243869,0.000314037,0.0002297009,0.0002955823,0.001810937,0.001795547,0.001565,0.001558,0,0,1.524e-23,8.299e-24
step3000,3000,Q,u,head,1024,spike,786432,0.04142434,0.04168797,0.006598155,0.03991449,0.04018347,0.006261916,0.005745479,0.001565,0.001536,2.179827e-06,8.210682e-05,1.524e-23,1.178e-24
step3000,3000,Q,u,head,1024,32-64,786432,0.01551823,0.01578721,0.002190908,0.01760233,0.01787131,0.003539494,0.003915151,0.001565,0.001536,7.26609e-07,0,1.524e-23,1.178e-24
step3000,3000,Q,u,head,1024,64-128,1572864,0.004861242,0.005130221,0.004731496,0.009592738,0.009861717,0.002253578,0.002814883,0.001565,0.001536,0,0,1.524e-23,1.178e-24
step3000,3000,Q,u,head,1024,128-256,3145728,0.002389954,0.002658933,0.0009336472,0.003110296,0.003379275,0.001957348,0.00207347,0.001565,0.001536,0,0,1.524e-23,1.178e-24
step3000,3000,Q,u,head,1024,256-512,6291456,0.0006517232,0.0009207021,0.0002236366,0.0005200605,0.0007839133,0.001814275,0.001806509,0.001565,0.001536,0,0,1.524e-23,1.178e-24
step3000,3000,Q,u,head,1024,512-1024,1.258291e+07,0.0007940035,0.001057856,0.001772324,0.002516395,0.002785374,0.001849231,0.002017294,0.001565,0.001536,0,0,1.524e-23,1.178e-24
step3000,3000,Q,v,residual,1024,spike,786432,0.002097668,0.002342521,0.004590352,0.006347702,0.006616681,0.002110618,0.002379463,0.001565,0.001536,0,0,1.524e-23,1.178e-24
step3000,3000,Q,v,residual,1024,32-64,786432,0.003204813,0.003468665,0.001332601,0.003926641,0.00419562,0.001969655,0.002189818,0.001565,0.001536,0,0,1.524e-23,1.178e-24
step3000,3000,Q,v,residual,1024,64-128,1572864,0.001244694,0.001508547,0.001178741,0.001889131,0.002133984,0.001846041,0.002018066,0.001565,0.001536,0,0,1.524e-23,1.178e-24
step3000,3000,Q,v,residual,1024,128-256,3145728,0.0004059016,0.0004701766,0.0009775162,0.0006661976,0.0008595821,0.001766659,0.001841091,0.001565,0.001536,0,0,1.524e-23,1.178e-24
step3000,3000,Q,v,residual,1024,256-512,6291456,0.0006048913,0.0004294403,0.0006788572,0.0002931058,0.0002770126,0.001743044,0.001754783,0.001565,0.001536,0,0,1.524e-23,1.178e-24
step3000,3000,Q,v,residual,1024,512-1024,1.258291e+07,0.0001533531,0.0002635357,0.0005669594,0.0005260766,0.0007950555,0.001760948,0.001808291,0.001565,0.001536,0,0,1.524e-23,1.178e-24
step3000,3000,K,u,head,1024,spike,786432,0.03820219,0.03846582,0.007603963,0.0416896,0.04195858,0.005979629,0.004867372,0.001565,0.001536,5.267915e-06,0.0001416888,1.524e-23,1.178e-24
step3000,3000,K,u,head,1024,32-64,786432,0.01333114,0.01360012,0.001996358,0.0142543,0.01452328,0.00331479,0.003604707,0.001565,0.001536,0,0,1.524e-23,1.178e-24
step3000,3000,K,u,head,1024,64-128,1572864,0.004447347,0.004716326,0.003474553,0.007744517,0.008013496,0.002201171,0.002664203,0.001565,0.001536,0,0,1.524e-23,1.178e-24
step3000,3000,K,u,head,1024,128-256,3145728,0.001533731,0.001797362,0.001168569,0.00256384,0.002832819,0.001885278,0.002059346,0.001565,0.001536,0,0,1.524e-23,1.178e-24
step3000,3000,K,u,head,1024,256-512,6291456,0.0005035858,0.0007725647,0.0004027685,0.0003600022,0.0006238549,0.001806986,0.001798902,0.001565,0.001536,0,0,1.524e-23,1.178e-24
step3000,3000,K,u,head,1024,512-1024,1.258291e+07,0.0006492751,0.0009023278,0.001523972,0.002043629,0.00230726,0.001861095,0.001962378,0.001565,0.001536,0,0,1.524e-23,1.178e-24
step3000,3000,K,v,residual,1024,spike,786432,0.001380249,0.001165231,0.005813599,0.004720098,0.004989077,0.001702445,0.002285549,0.001565,0.001536,0,0,1.524e-23,1.178e-24
step3000,3000,K,v,residual,1024,32-64,786432,0.0007081327,0.0008653514,0.003147125,0.003301416,0.003552527,0.001846495,0.002065931,0.001565,0.001536,0,0,1.524e-23,1.178e-24
step3000,3000,K,v,residual,1024,64-128,1572864,0.0005965495,0.0004877085,0.001476288,0.001378918,0.001642549,0.001798721,0.001919792,0.001565,0.001536,0,0,1.524e-23,1.178e-24
step3000,3000,K,v,residual,1024,128-256,3145728,0.000360376,0.0004092782,0.0008144379,0.0004540619,0.000705173,0.001767749,0.001828512,0.001565,0.001536,0,0,1.524e-23,1.178e-24
step3000,3000,K,v,residual,1024,256-512,6291456,0.0004877587,0.0002187797,0.0002360344,0.0002877016,0.0001174761,0.001745587,0.001742726,0.001565,0.001536,0,0,1.524e-23,1.178e-24
step3000,3000,K,v,residual,1024,512-1024,1.258291e+07,0.0003762795,0.0001420823,0.0006708304,0.0003366316,0.0006002622,0.001756543,0.0017884,0.001565,0.001536,0,0,1.524e-23,1.178e-24
step3000,3000,V,u,head,1024,spike,786432,0.02974324,0.03001222,0.01480865,0.0155301,0.01579395,0.005692982,0.003964742,0.001565,0.001536,0,7.26609e-07,1.524e-23,1.178e-24
step3000,3000,V,u,head,1024,32-64,786432,0.009985652,0.01025463,0.002155304,0.008732309,0.008996162,0.003059569,0.00297619,0.001565,0.001536,0,0,1.524e-23,1.178e-24
step3000,3000,V,u,head,1024,64-128,1572864,0.002174209,0.002438061,0.002351761,0.00452597,0.004789822,0.001997085,0.002322697,0.001565,0.001536,0,0,1.524e-23,1.178e-24
step3000,3000,V,u,head,1024,128-256,3145728,0.0005603397,0.0007357908,0.0008420944,0.0009322068,0.00119606,0.001839184,0.001914388,0.001565,0.001536,0,0,1.524e-23,1.178e-24
step3000,3000,V,u,head,1024,256-512,6291456,0.0003177423,0.0001851718,0.0003846486,0.0002940105,0.0003735535,0.001741273,0.001763821,0.001565,0.001536,0,0,1.524e-23,1.178e-24
step3000,3000,V,u,head,1024,512-1024,1.258291e+07,0.0004305502,0.0006995292,0.0006042322,0.0008757755,0.001139406,0.001822506,0.001846881,0.001565,0.001536,0,0,1.524e-23,1.178e-24
step3000,3000,V,v,residual,1024,spike,786432,0.007717673,0.007981304,0.003481547,0.004778129,0.005022982,0.002523513,0.002374922,0.001565,0.001536,0,0,1.524e-23,1.178e-24
step3000,3000,V,v,residual,1024,32-64,786432,0.002963215,0.003227068,0.001520793,0.003820214,0.004087537,0.002007984,0.0020999,0.001565,0.001536,0,0,1.524e-23,1.178e-24
step3000,3000,V,v,residual,1024,64-128,1572864,0.0006165242,0.0007753409,0.001944224,0.002163364,0.002414475,0.001826968,0.001960119,0.001565,0.001536,0,0,1.524e-23,1.178e-24
step3000,3000,V,v,residual,1024,128-256,3145728,0.0002746939,0.000407053,0.0006825129,0.0005753772,0.0007847762,0.001781418,0.001810483,0.001565,0.001536,0,0,1.524e-23,1.178e-24
step3000,3000,V,v,residual,1024,256-512,6291456,0.000388658,0.0002844181,0.000380675,0.0002396965,0.000175628,0.001739502,0.001732032,0.001565,0.001536,0,0,1.524e-23,1.178e-24
step3000,3000,V,v,residual,1024,512-1024,1.258291e+07,0.000198785,0.0001888312,0.0003841718,0.0002565321,0.000465931,0.001760017,0.001811323,0.001565,0.001536,0,0,1.524e-23,1.178e-24
step3000,3000,O,u,residual,1024,spike,786432,0.0005238393,0.0004694279,0.005338033,0.004890983,0.005154613,0.001731691,0.002257029,0.001565,0.001536,0,0,1.524e-23,1.178e-24
step3000,3000,O,u,residual,1024,32-64,786432,0.000881736,0.001145367,0.003119151,0.003307773,0.003565304,0.001792363,0.002085186,0.001565,0.001536,0,0,1.524e-23,1.178e-24
step3000,3000,O,u,residual,1024,64-128,1572864,0.000826738,0.001071591,0.001756032,0.001878148,0.002147127,0.00186684,0.001970109,0.001565,0.001536,0,0,1.524e-23,1.178e-24
step3000,3000,O,u,residual,1024,128-256,3145728,0.0002721861,0.0004825744,0.0006930033,0.0007252233,0.0009763343,0.001778739,0.00182447,0.001565,0.001536,0,0,1.524e-23,1.178e-24
step3000,3000,O,u,residual,1024,256-512,6291456,0.0002768933,0.0003147436,0.000237306,0.0002717676,0.0003404509,0.001750492,0.00175081,0.001565,0.001536,0,0,1.524e-23,1.178e-24
step3000,3000,O,u,residual,1024,512-1024,1.258291e+07,0.0002161999,0.000208552,0.000522693,0.0003064931,0.000575472,0.001775503,0.001819247,0.001565,0.001536,0,0,1.524e-23,1.178e-24
step3000,3000,O,v,head,1024,spike,786432,0.06573872,0.0660077,0.02478536,0.09043048,0.09069411,0.009275527,0.01129405,0.001565,0.001536,0,3.542219e-05,1.524e-23,1.178e-24
step3000,3000,O,v,head,1024,32-64,786432,0.04698108,0.04724471,0.01283137,0.05968021,0.05994384,0.007219042,0.008475531,0.001565,0.001536,0,0,1.524e-23,1.178e-24
step3000,3000,O,v,head,1024,64-128,1572864,0.02925687,0.02952585,0.006484985,0.03574185,0.03601083,0.005023865,0.005719594,0.001565,0.001536,0,0,1.524e-23,1.178e-24
step3000,3000,O,v,head,1024,128-256,3145728,0.01150758,0.01177121,0.001445134,0.01281043,0.01307941,0.002998488,0.003070786,0.001565,0.001536,0,0,1.524e-23,1.178e-24
step3000,3000,O,v,head,1024,256-512,6291456,0.002562159,0.00281327,0.0003213882,0.00249756,0.002766539,0.001993384,0.001980464,0.001565,0.001536,0,0,1.524e-23,1.178e-24
step3000,3000,O,v,head,1024,512-1024,1.258291e+07,0.006598598,0.006867577,0.002048651,0.008647249,0.008916228,0.002386229,0.002497151,0.001565,0.001536,0,0,1.524e-23,1.178e-24
step3000,3000,MLP_IN,u,hidden,4096,spike,3145728,0.007268458,0.007307743,0.008691788,0.001892771,0.001959986,0.00239018,0.002001263,0.001565,0.001558,3.042675e-06,1.816523e-07,1.524e-23,8.299e-24
step3000,3000,MLP_IN,u,hidden,4096,32-64,3145728,0.001160099,0.001222854,0.0005553563,0.001212609,0.001261369,0.00187951,0.001937094,0.001565,0.001558,0,0,1.524e-23,8.299e-24
step3000,3000,MLP_IN,u,hidden,4096,64-128,6291456,0.0005786265,0.0006445079,0.001194636,0.001377803,0.001438983,0.001809938,0.001900014,0.001565,0.001558,0,0,1.524e-23,8.299e-24
step3000,3000,MLP_IN,u,hidden,4096,128-256,1.258291e+07,0.0002539615,0.0003211765,0.0005373955,0.0006820818,0.0007492968,0.00179133,0.001865569,0.001565,0.001558,0,0,1.524e-23,8.299e-24
step3000,3000,MLP_IN,u,hidden,4096,256-512,2.516582e+07,9.51795e-05,0.0001239033,0.0004722675,0.0004441242,0.0005100549,0.001782548,0.001814241,0.001565,0.001558,0,0,1.524e-23,8.299e-24
step3000,3000,MLP_IN,u,hidden,4096,512-1024,5.033165e+07,0.0001313642,6.548274e-05,0.0001906157,8.976289e-05,0.0001469902,0.001766142,0.001779443,0.001565,0.001558,0,0,1.524e-23,8.299e-24
step3000,3000,MLP_IN,v,residual,1024,spike,786432,0.002364441,0.002149423,0.006676992,0.004360245,0.004629224,0.001864479,0.002205803,0.001565,0.001536,0,0,1.524e-23,1.178e-24
step3000,3000,MLP_IN,v,residual,1024,32-64,786432,0.003513877,0.003777508,0.0008455912,0.003452842,0.003716472,0.002082643,0.002120972,0.001565,0.001536,0,0,1.524e-23,1.178e-24
step3000,3000,MLP_IN,v,residual,1024,64-128,1572864,0.002010132,0.002244329,0.0004603068,0.002016103,0.002231121,0.002037593,0.001970382,0.001565,0.001536,0,0,1.524e-23,1.178e-24
step3000,3000,MLP_IN,v,residual,1024,128-256,3145728,0.0006521659,0.0008472611,0.0004943212,0.0008098186,0.001073671,0.001818475,0.001852036,0.001565,0.001536,0,0,1.524e-23,1.178e-24
step3000,3000,MLP_IN,v,residual,1024,256-512,6291456,0.0001521209,0.0003070868,0.0003317197,0.0002099963,0.000447729,0.001747744,0.001753285,0.001565,0.001536,0,0,1.524e-23,1.178e-24
step3000,3000,MLP_IN,v,residual,1024,512-1024,1.258291e+07,0.0003290078,0.0005928605,0.0002786318,0.0004505774,0.0007195563,0.001792953,0.001830453,0.001565,0.001536,0,0,1.524e-23,1.178e-24
step3000,3000,MLP_OUT,u,residual,1024,spike,786432,0.0007748505,0.001038703,0.009848277,0.01015604,0.01042502,0.001835959,0.002870106,0.001565,0.001536,0,3.269741e-06,1.524e-23,1.178e-24
step3000,3000,MLP_OUT,u,residual,1024,32-64,786432,0.002171104,0.002434734,0.005935669,0.007414967,0.00767882,0.001906259,0.002485911,0.001565,0.001536,0,0,1.524e-23,1.178e-24
step3000,3000,MLP_OUT,u,residual,1024,64-128,1572864,0.001985381,0.002249234,0.002880732,0.004463663,0.004727516,0.001970745,0.002274014,0.001565,0.001536,0,0,1.524e-23,1.178e-24
step3000,3000,MLP_OUT,u,residual,1024,128-256,3145728,0.002032711,0.002283822,0.0004571279,0.0018649,0.002128753,0.001900491,0.001967612,0.001565,0.001536,0,0,1.524e-23,1.178e-24
step3000,3000,MLP_OUT,u,residual,1024,256-512,6291456,0.0003568268,0.0005662258,0.0004086494,0.0002004601,0.0003576788,0.001804284,0.00178848,0.001565,0.001536,0,0,1.524e-23,1.178e-24
step3000,3000,MLP_OUT,u,residual,1024,512-1024,1.258291e+07,0.0007442134,0.0009014321,0.001457691,0.001472678,0.001741657,0.001876002,0.001931372,0.001565,0.001536,0,0,1.524e-23,1.178e-24
step3000,3000,MLP_OUT,v,hidden,4096,spike,3145728,0.007130669,0.007197884,0.001986186,0.005382901,0.005450116,0.002735865,0.002316384,0.001565,0.001558,6.357829e-07,3.178914e-07,1.524e-23,8.299e-24
step3000,3000,MLP_OUT,v,hidden,4096,32-64,3145728,0.002377023,0.002442954,0.001885732,0.004138674,0.004205889,0.002026876,0.002191998,0.001565,0.001558,0,0,1.524e-23,8.299e-24
step3000,3000,MLP_OUT,v,hidden,4096,64-128,6291456,0.002380735,0.00244795,0.001032829,0.003413564,0.003480779,0.001986163,0.002115999,0.001565,0.001558,0,0,1.524e-23,8.299e-24
step3000,3000,MLP_OUT,v,hidden,4096,128-256,1.258291e+07,0.002309607,0.002376821,0.0003564358,0.002424842,0.002492057,0.001968361,0.002031724,0.001565,0.001558,0,0,1.524e-23,8.299e-24
step3000,3000,MLP_OUT,v,hidden,4096,256-512,2.516582e+07,0.001775509,0.001842724,0.0006648302,0.001110679,0.001177894,0.001918622,0.001886992,0.001565,0.001558,0,0,1.524e-23,8.299e-24
step3000,3000,MLP_OUT,v,hidden,4096,512-1024,5.033165e+07,0.0005248035,0.0005906849,0.0003472169,0.0002192991,0.000283721,0.001823843,0.001785119,0.001565,0.001558,0,0,1.524e-23,8.299e-24
step4000,4000,Q,u,head,1024,spike,786432,0.04286121,0.04312484,0.009034475,0.04730356,0.04757254,0.006168184,0.005968548,0.001565,0.001536,2.724784e-06,0.0001068115,1.524e-23,1.178e-24
step4000,4000,Q,u,head,1024,32-64,786432,0.02101776,0.02128674,0.001180013,0.02075073,0.02101971,0.004040854,0.004232679,0.001565,0.001536,0,0,1.524e-23,1.178e-24
step4000,4000,Q,u,head,1024,64-128,1572864,0.009826706,0.01009568,0.002280553,0.0118504,0.01211938,0.002706619,0.00298718,0.001565,0.001536,0,0,1.524e-23,1.178e-24
step4000,4000,Q,u,head,1024,128-256,3145728,0.004558786,0.004822417,0.0008192062,0.00523367,0.0054973,0.002136503,0.002219382,0.001565,0.001536,0,0,1.524e-23,1.178e-24
step4000,4000,Q,u,head,1024,256-512,6291456,0.001395449,0.001659079,0.0007068316,0.000779301,0.001043154,0.00187699,0.001854056,0.001565,0.001536,0,0,1.524e-23,1.178e-24
step4000,4000,Q,u,head,1024,512-1024,1.258291e+07,0.00186885,0.002137829,0.001475652,0.00322547,0.003489101,0.002003272,0.002093826,0.001565,0.001536,0,0,1.524e-23,1.178e-24
step4000,4000,Q,v,residual,1024,spike,786432,0.003314241,0.003577872,0.005051931,0.00762859,0.007892443,0.002116794,0.002647218,0.001565,0.001536,0,0,1.524e-23,1.178e-24
step4000,4000,Q,v,residual,1024,32-64,786432,0.004608695,0.004872326,0.001794179,0.005446162,0.005715141,0.002131508,0.002266838,0.001565,0.001536,0,0,1.524e-23,1.178e-24
step4000,4000,Q,v,residual,1024,64-128,1572864,0.001996789,0.0022479,0.002292633,0.003606842,0.003875821,0.001953761,0.002087548,0.001565,0.001536,0,0,1.524e-23,1.178e-24
step4000,4000,Q,v,residual,1024,128-256,3145728,0.0003410618,0.0003533975,0.001249631,0.0009788335,0.001247812,0.001825832,0.001870655,0.001565,0.001536,0,0,1.524e-23,1.178e-24
step4000,4000,Q,v,residual,1024,256-512,6291456,0.0002917786,0.0002427905,0.0003312429,0.0001579129,0.000344439,0.001743385,0.001772177,0.001565,0.001536,0,0,1.524e-23,1.178e-24
step4000,4000,Q,v,residual,1024,512-1024,1.258291e+07,0.0001836772,0.0002233983,0.0007330577,0.0005899089,0.0008449645,0.00176449,0.001852342,0.001565,0.001536,0,0,1.524e-23,1.178e-24
step4000,4000,K,u,head,1024,spike,786432,0.04330498,0.04356861,0.01465861,0.05537673,0.05564571,0.006264278,0.005645389,0.001565,0.001536,6.721133e-06,0.0001796541,1.524e-23,1.178e-24
step4000,4000,K,u,head,1024,32-64,786432,0.01986876,0.02013342,0.0008532206,0.01938634,0.01965532,0.003969828,0.003976186,0.001565,0.001536,0,0,1.524e-23,1.178e-24
step4000,4000,K,u,head,1024,64-128,1572864,0.008592511,0.008856141,0.002773285,0.01104423,0.01131321,0.002751396,0.002938225,0.001565,0.001536,0,0,1.524e-23,1.178e-24
step4000,4000,K,u,head,1024,128-256,3145728,0.003246212,0.003509843,0.001234372,0.004448936,0.004717915,0.002070245,0.002144632,0.001565,0.001536,0,0,1.524e-23,1.178e-24
step4000,4000,K,u,head,1024,256-512,6291456,0.0007491013,0.001012954,0.0006942749,0.001093134,0.001356764,0.001835437,0.001849061,0.001565,0.001536,0,0,1.524e-23,1.178e-24
step4000,4000,K,u,head,1024,512-1024,1.258291e+07,0.001477788,0.001741641,0.001817783,0.003176674,0.003440304,0.001961719,0.002070518,0.001565,0.001536,0,0,1.524e-23,1.178e-24
step4000,4000,K,v,residual,1024,spike,786432,0.001112198,0.0008780009,0.005758921,0.004936685,0.005200538,0.001685188,0.002386002,0.001565,0.001536,0,0,1.524e-23,1.178e-24
step4000,4000,K,v,residual,1024,32-64,786432,0.001563176,0.001797373,0.003211975,0.003673599,0.003942578,0.001833961,0.002212524,0.001565,0.001536,0,0,1.524e-23,1.178e-24
step4000,4000,K,v,residual,1024,64-128,1572864,0.0003643393,0.0005793572,0.002473831,0.002328068,0.002591921,0.001753035,0.001982825,0.001565,0.001536,0,0,1.524e-23,1.178e-24
step4000,4000,K,v,residual,1024,128-256,3145728,0.0002783969,0.0003796853,0.001042048,0.0008241237,0.001087976,0.001766704,0.001886322,0.001565,0.001536,0,0,1.524e-23,1.178e-24
step4000,4000,K,v,residual,1024,256-512,6291456,0.0003845357,0.0002273809,0.0003355344,0.0002873178,0.0002076716,0.001751241,0.001751468,0.001565,0.001536,0,0,1.524e-23,1.178e-24
step4000,4000,K,v,residual,1024,512-1024,1.258291e+07,0.0003691696,0.0001968543,0.0006740888,0.0003556868,0.0006246657,0.001748255,0.001799413,0.001565,0.001536,0,0,1.524e-23,1.178e-24
step4000,4000,V,u,head,1024,spike,786432,0.0402629,0.04053188,0.01688258,0.02347696,0.02374594,0.006661733,0.005029951,0.001565,0.001536,0,1.271566e-06,1.524e-23,1.178e-24
step4000,4000,V,u,head,1024,32-64,786432,0.01712931,0.01739829,0.00382487,0.01369481,0.01396379,0.003912971,0.003613427,0.001565,0.001536,0,0,1.524e-23,1.178e-24
step4000,4000,V,u,head,1024,64-128,1572864,0.004832381,0.005083492,0.00267156,0.007016967,0.00728082,0.002344131,0.00269908,0.001565,0.001536,0,0,1.524e-23,1.178e-24
step4000,4000,V,u,head,1024,128-256,3145728,0.0005508701,0.0007886923,0.00178051,0.002237861,0.002501491,0.001821473,0.002038138,0.001565,0.001536,0,0,1.524e-23,1.178e-24
step4000,4000,V,u,head,1024,256-512,6291456,0.0001697746,0.0004034928,0.0003081957,0.0003317838,0.0005954143,0.001764048,0.001755783,0.001565,0.001536,0,0,1.524e-23,1.178e-24
step4000,4000,V,u,head,1024,512-1024,1.258291e+07,0.000821734,0.001085365,0.0009774367,0.001725261,0.001988891,0.001821779,0.001928046,0.001565,0.001536,0,0,1.524e-23,1.178e-24
step4000,4000,V,v,residual,1024,spike,786432,0.01363377,0.01390275,0.004379272,0.009256268,0.00952348,0.003057934,0.002710252,0.001565,0.001536,0,0,1.524e-23,1.178e-24
step4000,4000,V,v,residual,1024,32-64,786432,0.005310526,0.005574378,0.001461029,0.005820002,0.006088981,0.002357483,0.002418881,0.001565,0.001536,0,0,1.524e-23,1.178e-24
step4000,4000,V,v,residual,1024,64-128,1572864,0.002457347,0.002726326,0.001832326,0.004262334,0.004531313,0.001995087,0.002150763,0.001565,0.001536,0,0,1.524e-23,1.178e-24
step4000,4000,V,v,residual,1024,128-256,3145728,0.0006075945,0.0008417917,0.0008319219,0.001235867,0.001499498,0.00177279,0.001921427,0.001565,0.001536,0,0,1.524e-23,1.178e-24
step4000,4000,V,v,residual,1024,256-512,6291456,0.0002260823,0.0002983341,0.000345389,0.0002447151,0.0002903153,0.001743703,0.001764706,0.001565,0.001536,0,0,1.524e-23,1.178e-24
step4000,4000,V,v,residual,1024,512-1024,1.258291e+07,0.0001630284,0.0003291696,0.0009020964,0.0008885523,0.001157531,0.001795791,0.001849799,0.001565,0.001536,0,0,1.524e-23,1.178e-24
step4000,4000,O,u,residual,1024,spike,786432,0.0005468493,0.0005067699,0.004430135,0.004102502,0.004353613,0.001772926,0.002277556,0.001565,0.001536,0,0,1.524e-23,1.178e-24
step4000,4000,O,u,residual,1024,32-64,786432,0.0005544579,0.0006042885,0.003728231,0.003702845,0.003971824,0.001846313,0.002100445,0.001565,0.001536,0,0,1.524e-23,1.178e-24
step4000,4000,O,u,residual,1024,64-128,1572864,0.000559284,0.000810395,0.001721064,0.002148096,0.002382294,0.001848766,0.002041317,0.001565,0.001536,0,0,1.524e-23,1.178e-24
step4000,4000,O,u,residual,1024,128-256,3145728,0.0004722179,0.0007360706,0.0007050832,0.0008657675,0.00112962,0.001766386,0.001865024,0.001565,0.001536,0,0,1.524e-23,1.178e-24
step4000,4000,O,u,residual,1024,256-512,6291456,0.0003697692,0.0002325737,0.0003460248,0.0005518138,0.0002828349,0.00175467,0.001737867,0.001565,0.001536,0,0,1.524e-23,1.178e-24
step4000,4000,O,u,residual,1024,512-1024,1.258291e+07,9.704799e-05,0.0002921431,0.0004851023,0.0004257263,0.000689579,0.001760619,0.001808836,0.001565,0.001536,0,0,1.524e-23,1.178e-24
step4000,4000,O,v,head,1024,spike,786432,0.07537769,0.07564132,0.01110458,0.08631697,0.0865806,0.009854453,0.01110967,0.001565,0.001536,1.271566e-06,8.537656e-06,1.524e-23,1.178e-24
step4000,4000,O,v,head,1024,32-64,786432,0.04777786,0.04804684,0.01015091,0.05792545,0.05818908,0.00710333,0.008293878,0.001565,0.001536,0,0,1.524e-23,1.178e-24
step4000,4000,O,v,head,1024,64-128,1572864,0.03198741,0.03225104,0.00443395,0.03636541,0.03662904,0.005215327,0.005522047,0.001565,0.001536,0,0,1.524e-23,1.178e-24
step4000,4000,O,v,head,1024,128-256,3145728,0.01415448,0.01442346,0.0004437764,0.01406642,0.0143354,0.003216562,0.003099578,0.001565,0.001536,0,0,1.524e-23,1.178e-24
step4000,4000,O,v,head,1024,256-512,6291456,0.003244446,0.003513425,0.001107852,0.002283319,0.00254695,0.002066703,0.001989955,0.001565,0.001536,0,0,1.524e-23,1.178e-24
step4000,4000,O,v,head,1024,512-1024,1.258291e+07,0.007485594,0.007754573,0.001422723,0.008749867,0.009013498,0.002480938,0.00251241,0.001565,0.001536,0,0,1.524e-23,1.178e-24
step4000,4000,MLP_IN,u,hidden,4096,spike,3145728,0.007933805,0.00797309,0.008975029,0.002703572,0.002769453,0.002511933,0.002072516,0.001565,0.001558,4.041763e-06,3.587632e-06,1.524e-23,8.299e-24
step4000,4000,MLP_IN,u,hidden,4096,32-64,3145728,0.001346374,0.001404904,0.001003901,0.002032644,0.002099859,0.001921427,0.001969337,0.001565,0.001558,0,0,1.524e-23,8.299e-24
step4000,4000,MLP_IN,u,hidden,4096,64-128,6291456,0.000765226,0.0008264062,0.000691096,0.001308026,0.001369206,0.001835369,0.001960936,0.001565,0.001558,0,0,1.524e-23,8.299e-24
step4000,4000,MLP_IN,u,hidden,4096,128-256,1.258291e+07,0.000543958,0.000611173,0.0005517801,0.0009012124,0.0009671431,0.001826388,0.00188211,0.001565,0.001558,0,0,1.524e-23,8.299e-24
step4000,4000,MLP_IN,u,hidden,4096,256-512,2.516582e+07,0.0001459238,0.0002017867,0.000321269,0.0003679653,0.0004351803,0.00179066,0.001814008,0.001565,0.001558,0,0,1.524e-23,8.299e-24
step4000,4000,MLP_IN,u,hidden,4096,512-1024,5.033165e+07,0.0001277083,0.000148761,0.0002121131,0.0001048979,0.0001676531,0.001774467,0.001771092,0.001565,0.001558,0,0,1.524e-23,8.299e-24
step4000,4000,MLP_IN,v,residual,1024,spike,786432,0.001739035,0.001475182,0.007445017,0.005705983,0.005969835,0.001894088,0.002449217,0.001565,0.001536,0,0,1.524e-23,1.178e-24
step4000,4000,MLP_IN,v,residual,1024,32-64,786432,0.004607314,0.004858425,0.0008633931,0.004996449,0.005260302,0.002154759,0.002287002,0.001565,0.001536,0,0,1.524e-23,1.178e-24
step4000,4000,MLP_IN,v,residual,1024,64-128,1572864,0.003316674,0.003567785,0.0006078084,0.00368236,0.00394599,0.002095268,0.002100354,0.001565,0.001536,0,0,1.524e-23,1.178e-24
step4000,4000,MLP_IN,v,residual,1024,128-256,3145728,0.001540297,0.001791408,0.0004234314,0.001454457,0.001688655,0.001887503,0.001891863,0.001565,0.001536,0,0,1.524e-23,1.178e-24
step4000,4000,MLP_IN,v,residual,1024,256-512,6291456,0.0002370495,0.000338717,0.0002865791,0.0003156725,0.0001438374,0.00175006,0.001749152,0.001565,0.001536,0,0,1.524e-23,1.178e-24
step4000,4000,MLP_IN,v,residual,1024,512-1024,1.258291e+07,0.0004891217,0.0007581007,0.0005274614,0.0009950643,0.001258695,0.001838389,0.001892067,0.001565,0.001536,0,0,1.524e-23,1.178e-24
step4000,4000,MLP_OUT,u,residual,1024,spike,786432,0.001820928,0.002089907,0.009373983,0.0110758,0.01133966,0.002008711,0.002837227,0.001565,0.001536,0,1.289731e-05,1.524e-23,1.178e-24
step4000,4000,MLP_OUT,u,residual,1024,32-64,786432,0.00203772,0.002252738,0.005090078,0.006749517,0.007018496,0.001903716,0.002446674,0.001565,0.001536,0,0,1.524e-23,1.178e-24
step4000,4000,MLP_OUT,u,residual,1024,64-128,1572864,0.001829569,0.002063766,0.0025177,0.004148388,0.004412019,0.001948402,0.002210163,0.001565,0.001536,0,0,1.524e-23,1.178e-24
step4000,4000,MLP_OUT,u,residual,1024,128-256,3145728,0.001081372,0.001345002,0.00135835,0.002242873,0.002506726,0.001881826,0.001959392,0.001565,0.001536,0,0,1.524e-23,1.178e-24
step4000,4000,MLP_OUT,u,residual,1024,256-512,6291456,0.0001179279,0.0003817806,0.0003447533,0.0002405981,0.0003320165,0.001783984,0.001776287,0.001565,0.001536,0,0,1.524e-23,1.178e-24
step4000,4000,MLP_OUT,u,residual,1024,512-1024,1.258291e+07,0.0007049538,0.0008621725,0.001478513,0.001336687,0.001587799,0.001865012,0.001911731,0.001565,0.001536,0,0,1.524e-23,1.178e-24
step4000,4000,MLP_OUT,v,hidden,4096,spike,3145728,0.008671806,0.008739021,0.004017512,0.004867703,0.004933634,0.003016472,0.002269563,0.001565,0.001558,2.679371e-06,2.452305e-06,1.524e-23,8.299e-24
step4000,4000,MLP_OUT,v,hidden,4096,32-64,3145728,0.00318659,0.003253804,0.001396815,0.004510289,0.004577504,0.002073061,0.002206394,0.001565,0.001558,0,0,1.524e-23,8.299e-24
step4000,4000,MLP_OUT,v,hidden,4096,64-128,6291456,0.002136136,0.002202017,0.0009274483,0.002890156,0.002957371,0.001984619,0.002111912,0.001565,0.001558,0,0,1.524e-23,8.299e-24
step4000,4000,MLP_OUT,v,hidden,4096,128-256,1.258291e+07,0.002211127,0.002273883,0.0004475117,0.002046655,0.002112585,0.001938877,0.001994247,0.001565,0.001558,0,0,1.524e-23,8.299e-24
step4000,4000,MLP_OUT,v,hidden,4096,256-512,2.516582e+07,0.001633351,0.001699232,0.0006202062,0.001040134,0.00110289,0.001910726,0.001872778,0.001565,0.001558,0,0,1.524e-23,8.299e-24
step4000,4000,MLP_OUT,v,hidden,4096,512-1024,5.033165e+07,0.0006960568,0.000758812,0.0005017122,0.0002502645,0.0003161459,0.001820374,0.001797489,0.001565,0.001558,0,0,1.524e-23,8.299e-24
step6000,6000,Q,u,head,1024,spike,786432,0.04365594,0.04391957,0.01517359,0.05686701,0.05713599,0.006022499,0.006267911,0.001565,0.001536,2.724784e-06,0.0001195272,1.524e-23,1.178e-24
step6000,6000,Q,u,head,1024,32-64,786432,0.02555343,0.02582241,0.0009765625,0.02651855,0.02678753,0.004456293,0.00449553,0.001565,0.001536,0,0,1.524e-23,1.178e-24
step6000,6000,Q,u,head,1024,64-128,1572864,0.017915,0.01817863,0.002138774,0.01614243,0.01640606,0.003322601,0.003205072,0.001565,0.001536,0,0,1.524e-23,1.178e-24
step6000,6000,Q,u,head,1024,128-256,3145728,0.01029704,0.01056068,0.002971013,0.007416312,0.007679943,0.002625238,0.002356893,0.001565,0.001536,0,0,1.524e-23,1.178e-24
step6000,6000,Q,u,head,1024,256-512,6291456,0.00270922,0.002973073,0.001114686,0.001692182,0.001961161,0.001991999,0.001895133,0.001565,0.001536,0,0,1.524e-23,1.178e-24
step6000,6000,Q,u,head,1024,512-1024,1.258291e+07,0.004085507,0.004354486,0.0006670952,0.004646983,0.004915962,0.002307347,0.002276659,0.001565,0.001536,0,0,1.524e-23,1.178e-24
step6000,6000,Q,v,residual,1024,spike,786432,0.003501051,0.003752162,0.006481171,0.009689377,0.009958356,0.002130599,0.002792358,0.001565,0.001536,0,0,1.524e-23,1.178e-24
step6000,6000,Q,v,residual,1024,32-64,786432,0.00519743,0.005461061,0.003047943,0.007870187,0.00813404,0.002197266,0.002570016,0.001565,0.001536,0,0,1.524e-23,1.178e-24
step6000,6000,Q,v,residual,1024,64-128,1572864,0.003770238,0.004039217,0.001838048,0.00520951,0.005473141,0.002053215,0.00221207,0.001565,0.001536,0,0,1.524e-23,1.178e-24
step6000,6000,Q,v,residual,1024,128-256,3145728,0.0008622707,0.001126123,0.001479149,0.002061357,0.00232521,0.001835324,0.001960618,0.001565,0.001536,0,0,1.524e-23,1.178e-24
step6000,6000,Q,v,residual,1024,256-512,6291456,0.0003188514,0.0002032224,0.0002875328,0.0003565036,0.0002088477,0.001733031,0.001774879,0.001565,0.001536,0,0,1.524e-23,1.178e-24
step6000,6000,Q,v,residual,1024,512-1024,1.258291e+07,0.0002792972,0.0004901923,0.0008083185,0.0009923439,0.001261323,0.001815478,0.001888888,0.001565,0.001536,0,0,1.524e-23,1.178e-24
step6000,6000,K,u,head,1024,spike,786432,0.04862649,0.04889012,0.02764002,0.07474014,0.07500912,0.006554013,0.006239573,0.001565,0.001536,6.357829e-06,0.0002548581,1.524e-23,1.178e-24
step6000,6000,K,u,head,1024,32-64,786432,0.0275897,0.02785333,0.0008621216,0.02829542,0.02855905,0.004568736,0.004785629,0.001565,0.001536,0,0,1.524e-23,1.178e-24
step6000,6000,K,u,head,1024,64-128,1572864,0.01834938,0.01861835,0.0007464091,0.01829265,0.01855628,0.003487632,0.003363836,0.001565,0.001536,0,0,1.524e-23,1.178e-24
step6000,6000,K,u,head,1024,128-256,3145728,0.008477434,0.008741065,0.0007340113,0.008084838,0.008348469,0.002523786,0.002407891,0.001565,0.001536,0,0,1.524e-23,1.178e-24
step6000,6000,K,u,head,1024,256-512,6291456,0.001667246,0.001930876,0.0002951622,0.001778911,0.002043018,0.001931735,0.001875787,0.001565,0.001536,0,0,1.524e-23,1.178e-24
step6000,6000,K,u,head,1024,512-1024,1.258291e+07,0.003334489,0.003603467,0.001960993,0.005261008,0.005524639,0.002172447,0.002287274,0.001565,0.001536,0,0,1.524e-23,1.178e-24
step6000,6000,K,v,residual,1024,spike,786432,0.0004055011,0.0006686776,0.006819407,0.006624017,0.006875128,0.001773653,0.002565838,0.001565,0.001536,0,0,1.524e-23,1.178e-24
step6000,6000,K,v,residual,1024,32-64,786432,0.001564567,0.001828197,0.003276825,0.004623954,0.004887585,0.001877013,0.002332597,0.001565,0.001536,0,0,1.524e-23,1.178e-24
step6000,6000,K,v,residual,1024,64-128,1572864,0.001604511,0.00186929,0.00123024,0.002728049,0.00299168,0.001892635,0.00202297,0.001565,0.001536,0,0,1.524e-23,1.178e-24
step6000,6000,K,v,residual,1024,128-256,3145728,0.000697919,0.0005028239,0.001350721,0.001034568,0.001298421,0.001805987,0.001873925,0.001565,0.001536,0,0,1.524e-23,1.178e-24
step6000,6000,K,v,residual,1024,256-512,6291456,0.0002845192,0.0001957914,0.0002681414,0.0002107683,0.0002404157,0.001753648,0.001748675,0.001565,0.001536,0,0,1.524e-23,1.178e-24
step6000,6000,K,v,residual,1024,512-1024,1.258291e+07,0.0003704384,0.0001096938,0.0006883939,0.000382139,0.00063325,0.001745008,0.001836277,0.001565,0.001536,0,0,1.524e-23,1.178e-24
step6000,6000,V,u,head,1024,spike,786432,0.04780202,0.048071,0.01278559,0.03527709,0.03554607,0.007230668,0.006358192,0.001565,0.001536,0,7.26609e-07,1.524e-23,1.178e-24
step6000,6000,V,u,head,1024,32-64,786432,0.02623626,0.02650524,0.006351471,0.02052439,0.02079337,0.005029043,0.004402342,0.001565,0.001536,0,0,1.524e-23,1.178e-24
step6000,6000,V,u,head,1024,64-128,1572864,0.01052988,0.01079886,0.00163269,0.01211298,0.01238196,0.003038406,0.003120695,0.001565,0.001536,0,0,1.524e-23,1.178e-24
step6000,6000,V,u,head,1024,128-256,3145728,0.002149805,0.002413435,0.001781464,0.003790583,0.004059562,0.002027648,0.002181961,0.001565,0.001536,0,0,1.524e-23,1.178e-24
step6000,6000,V,u,head,1024,256-512,6291456,0.0005818054,0.0008454359,0.0003633499,0.0005985346,0.0008423431,0.001818725,0.001817113,0.001565,0.001536,0,0,1.524e-23,1.178e-24
step6000,6000,V,u,head,1024,512-1024,1.258291e+07,0.0013909,0.001659879,0.001561801,0.00284702,0.003110651,0.001898766,0.002033449,0.001565,0.001536,0,0,1.524e-23,1.178e-24
step6000,6000,V,v,residual,1024,spike,786432,0.02100172,0.02126535,0.004033407,0.01719592,0.01745956,0.003477551,0.003405616,0.001565,0.001536,0,0,1.524e-23,1.178e-24
step6000,6000,V,v,residual,1024,32-64,786432,0.01273273,0.01299636,0.001346588,0.01326883,0.01353781,0.002865746,0.003015427,0.001565,0.001536,0,0,1.524e-23,1.178e-24
step6000,6000,V,v,residual,1024,64-128,1572864,0.006021967,0.006285819,0.002077103,0.007873581,0.00814256,0.002315067,0.002497718,0.001565,0.001536,0,0,1.524e-23,1.178e-24
step6000,6000,V,v,residual,1024,128-256,3145728,0.001857235,0.002109849,0.002075195,0.003479753,0.003730864,0.001914524,0.002082371,0.001565,0.001536,0,0,1.524e-23,1.178e-24
step6000,6000,V,v,residual,1024,256-512,6291456,0.0003816747,0.0001560636,0.0004382133,0.0003638882,0.0004034928,0.001750969,0.001790342,0.001565,0.001536,0,0,1.524e-23,1.178e-24
step6000,6000,V,v,residual,1024,512-1024,1.258291e+07,0.001151467,0.001415097,0.001152674,0.001886906,0.002131759,0.001883972,0.002008381,0.001565,0.001536,0,0,1.524e-23,1.178e-24
step6000,6000,O,u,residual,1024,spike,786432,0.002074355,0.002325466,0.004309336,0.006181127,0.006450106,0.001952762,0.002359663,0.001565,0.001536,3.269741e-06,5.812872e-06,1.524e-23,1.178e-24
step6000,6000,O,u,residual,1024,32-64,786432,0.001572077,0.001806274,0.002611796,0.003160697,0.00340555,0.001856123,0.002159845,0.001565,0.001536,0,0,1.524e-23,1.178e-24
step6000,6000,O,u,residual,1024,64-128,1572864,0.0006703291,0.0005368975,0.002112707,0.001480148,0.001749127,0.00178982,0.002017612,0.001565,0.001536,0,0,1.524e-23,1.178e-24
step6000,6000,O,u,residual,1024,128-256,3145728,0.0005971385,0.0005128652,0.0006850561,0.0006329676,0.0009019465,0.001770882,0.001844679,0.001565,0.001536,0,0,1.524e-23,1.178e-24
step6000,6000,O,u,residual,1024,256-512,6291456,0.0002626141,0.0002308789,0.0002886454,0.0003464404,0.0001596878,0.001770428,0.001742,0.001565,0.001536,0,0,1.524e-23,1.178e-24
step6000,6000,O,u,residual,1024,512-1024,1.258291e+07,0.000126903,0.0002846014,0.0005551179,0.000478888,0.0007425186,0.001792351,0.001813798,0.001565,0.001536,0,0,1.524e-23,1.178e-24
step6000,6000,O,v,head,1024,spike,786432,0.06743676,0.06770039,0.008255005,0.07524417,0.0755078,0.009112404,0.01008987,0.001565,0.001536,7.26609e-07,6.176177e-06,1.524e-23,1.178e-24
step6000,6000,O,v,head,1024,32-64,786432,0.04287647,0.0431401,0.007026672,0.04972893,0.04999257,0.006683713,0.007441929,0.001565,0.001536,0,0,1.524e-23,1.178e-24
step6000,6000,O,v,head,1024,64-128,1572864,0.03125817,0.0315218,0.001089096,0.03066958,0.03093855,0.005132494,0.00498154,0.001565,0.001536,0,0,1.524e-23,1.178e-24
step6000,6000,O,v,head,1024,128-256,3145728,0.01596441,0.01622804,0.004486084,0.01160086,0.01186984,0.003436452,0.00287719,0.001565,0.001536,0,0,1.524e-23,1.178e-24
step6000,6000,O,v,head,1024,256-512,6291456,0.004069551,0.004333182,0.002218723,0.001874652,0.002143631,0.002129941,0.001931622,0.001565,0.001536,0,0,1.524e-23,1.178e-24
step6000,6000,O,v,head,1024,512-1024,1.258291e+07,0.007881705,0.008145336,0.0007372697,0.007312582,0.007581561,0.002559866,0.002440089,0.001565,0.001536,0,0,1.524e-23,1.178e-24
step6000,6000,MLP_IN,u,hidden,4096,spike,3145728,0.00881659,0.008855875,0.009262403,0.004887627,0.004954842,0.002670197,0.002153033,0.001565,0.001558,1.017253e-05,1.039959e-05,1.524e-23,8.299e-24
step6000,6000,MLP_IN,u,hidden,4096,32-64,3145728,0.001825446,0.001888201,0.00106144,0.002548264,0.002615478,0.001947358,0.002081689,0.001565,0.001558,0,0,1.524e-23,8.299e-24
step6000,6000,MLP_IN,u,hidden,4096,64-128,6291456,0.001076919,0.001138099,0.001058261,0.002102898,0.002170113,0.001869974,0.00200753,0.001565,0.001558,0,0,1.524e-23,8.299e-24
step6000,6000,MLP_IN,u,hidden,4096,128-256,1.258291e+07,0.001037246,0.001104461,0.0003058116,0.001322395,0.00138961,0.001886618,0.001923039,0.001565,0.001558,0,0,1.524e-23,8.299e-24
step6000,6000,MLP_IN,u,hidden,4096,256-512,2.516582e+07,0.0004889469,0.0005548776,0.0001384417,0.000477696,0.0005435774,0.001820576,0.001834943,0.001565,0.001558,0,0,1.524e-23,8.299e-24
step6000,6000,MLP_IN,u,hidden,4096,512-1024,5.033165e+07,0.0001543101,0.0002170653,7.212162e-05,0.0001628932,0.0002256484,0.0017851,0.001783621,0.001565,0.001558,0,0,1.524e-23,8.299e-24
step6000,6000,MLP_IN,v,residual,1024,spike,786432,0.001002177,0.001025857,0.01028697,0.009500335,0.009764187,0.001932053,0.002710615,0.001565,0.001536,0,0,1.524e-23,1.178e-24
step6000,6000,MLP_IN,v,residual,1024,32-64,786432,0.006060823,0.006324454,0.001674652,0.006840183,0.007091294,0.002288637,0.002413068,0.001565,0.001536,0,0,1.524e-23,1.178e-24
step6000,6000,MLP_IN,v,residual,1024,64-128,1572864,0.005387034,0.005656013,0.0004965464,0.005292302,0.005561281,0.00219445,0.0022989,0.001565,0.001536,0,0,1.524e-23,1.178e-24
step6000,6000,MLP_IN,v,residual,1024,128-256,3145728,0.002803634,0.003067486,0.0006173452,0.002552396,0.002821375,0.002023152,0.00200099,0.001565,0.001536,0,0,1.524e-23,1.178e-24
step6000,6000,MLP_IN,v,residual,1024,256-512,6291456,0.0003524956,0.0006036066,0.0003673236,0.0004619603,0.0007255909,0.001780692,0.001796586,0.001565,0.001536,0,0,1.524e-23,1.178e-24
step6000,6000,MLP_IN,v,residual,1024,512-1024,1.258291e+07,0.001670565,0.001939544,0.0003576279,0.00176037,0.002029349,0.001959471,0.002003386,0.001565,0.001536,4.541306e-08,0,1.524e-23,1.178e-24
step6000,6000,MLP_OUT,u,residual,1024,spike,786432,0.005682673,0.005951652,0.01290766,0.01859034,0.01885932,0.002332778,0.003194718,0.001565,0.001536,7.811047e-06,5.304246e-05,1.524e-23,1.178e-24
step6000,6000,MLP_OUT,u,residual,1024,32-64,786432,0.002659266,0.002893463,0.004876455,0.006827082,0.007096061,0.002016522,0.002574557,0.001565,0.001536,0,0,1.524e-23,1.178e-24
step6000,6000,MLP_OUT,u,residual,1024,64-128,1572864,0.001903965,0.002155076,0.002341588,0.003995801,0.004259431,0.001956031,0.002217157,0.001565,0.001536,0,0,1.524e-23,1.178e-24
step6000,6000,MLP_OUT,u,residual,1024,128-256,3145728,0.0009398362,0.001203689,0.001126289,0.00189351,0.002157363,0.00189981,0.001922199,0.001565,0.001536,0,0,1.524e-23,1.178e-24
step6000,6000,MLP_OUT,u,residual,1024,256-512,6291456,0.0001515305,0.0003753594,0.0003539721,0.0003387975,0.0005098193,0.00177036,0.001788003,0.001565,0.001536,0,0,1.524e-23,1.178e-24
step6000,6000,MLP_OUT,u,residual,1024,512-1024,1.258291e+07,0.0008638201,0.001021039,0.00195233,0.001595304,0.001864283,0.001855873,0.001916636,0.001565,0.001536,0,0,1.524e-23,1.178e-24
step6000,6000,MLP_OUT,v,hidden,4096,spike,3145728,0.01186831,0.01193424,0.006299337,0.005568971,0.005634902,0.003376643,0.002386638,0.001565,0.001558,3.633045e-06,5.404154e-06,1.524e-23,8.299e-24
step6000,6000,MLP_OUT,v,hidden,4096,32-64,3145728,0.003158474,0.003224356,0.000617981,0.003727182,0.003793064,0.002181371,0.002250353,0.001565,0.001558,0,0,1.524e-23,8.299e-24
step6000,6000,MLP_OUT,v,hidden,4096,64-128,6291456,0.002330508,0.002397723,0.001083215,0.003413723,0.003480938,0.002024174,0.002141771,0.001565,0.001558,0,0,1.524e-23,8.299e-24
step6000,6000,MLP_OUT,v,hidden,4096,128-256,1.258291e+07,0.002283686,0.002346441,0.0004907449,0.002074208,0.002141423,0.001951842,0.001998799,0.001565,0.001558,0,0,1.524e-23,8.299e-24
step6000,6000,MLP_OUT,v,hidden,4096,256-512,2.516582e+07,0.001594965,0.001660847,0.0007144213,0.001040226,0.001107441,0.001903613,0.001873811,0.001565,0.001558,0,0,1.524e-23,8.299e-24
step6000,6000,MLP_OUT,v,hidden,4096,512-1024,5.033165e+07,0.0007263283,0.0007935433,0.0006395777,0.0001538333,0.0002165885,0.001824754,0.001786547,0.001565,0.001558,1.986821e-08,0,1.524e-23,8.299e-24
step8000,8000,Q,u,head,1024,spike,786432,0.04358727,0.0438509,0.02025477,0.06217071,0.06243969,0.005872454,0.006347475,0.001565,0.001536,4.722959e-06,0.0001376924,1.524e-23,1.178e-24
step8000,8000,Q,u,head,1024,32-64,786432,0.03001458,0.03027821,0.001850128,0.03044691,0.03071054,0.004479908,0.004636492,0.001565,0.001536,0,0,1.524e-23,1.178e-24
step8000,8000,Q,u,head,1024,64-128,1572864,0.02290843,0.02317206,0.002990087,0.01991835,0.02018198,0.003696987,0.003432138,0.001565,0.001536,0,0,1.524e-23,1.178e-24
step8000,8000,Q,u,head,1024,128-256,3145728,0.01563921,0.01590284,0.005574226,0.01007611,0.01033974,0.003090904,0.002440816,0.001565,0.001536,0,0,1.524e-23,1.178e-24
step8000,8000,Q,u,head,1024,256-512,6291456,0.005089347,0.005352978,0.002412001,0.002677346,0.002940976,0.002132438,0.001916386,0.001565,0.001536,0,0,1.524e-23,1.178e-24
step8000,8000,Q,u,head,1024,512-1024,1.258291e+07,0.006572292,0.006841271,0.001115004,0.005719646,0.005983277,0.002637579,0.002450693,0.001565,0.001536,0,0,1.524e-23,1.178e-24
step8000,8000,Q,v,residual,1024,spike,786432,0.003507024,0.003776003,0.006626129,0.009796683,0.01006031,0.002079737,0.002821059,0.001565,0.001536,0,0,1.524e-23,1.178e-24
step8000,8000,Q,v,residual,1024,32-64,786432,0.00585483,0.00611846,0.003055573,0.008569127,0.008838106,0.002191453,0.002534049,0.001565,0.001536,0,0,1.524e-23,1.178e-24
step8000,8000,Q,v,residual,1024,64-128,1572864,0.004155908,0.004407019,0.001094818,0.005056427,0.005325406,0.002091362,0.002271743,0.001565,0.001536,0,0,1.524e-23,1.178e-24
step8000,8000,Q,v,residual,1024,128-256,3145728,0.00212183,0.002385461,0.0007019043,0.002107666,0.002376645,0.001908938,0.00197406,0.001565,0.001536,0,0,1.524e-23,1.178e-24
step8000,8000,Q,v,residual,1024,256-512,6291456,0.0001942867,0.000285947,0.0004407565,0.0003923238,0.0006613027,0.001779965,0.001784143,0.001565,0.001536,0,0,1.524e-23,1.178e-24
step8000,8000,Q,v,residual,1024,512-1024,1.258291e+07,0.0005322199,0.0007960726,0.0008417765,0.001256768,0.001520399,0.001836447,0.001912968,0.001565,0.001536,0,0,1.524e-23,1.178e-24
step8000,8000,K,u,head,1024,spike,786432,0.0524806,0.05274423,0.03635279,0.08766864,0.08793227,0.00671423,0.006660643,0.001565,0.001536,5.086263e-06,0.0003082639,1.524e-23,1.178e-24
step8000,8000,K,u,head,1024,32-64,786432,0.0327103,0.03297393,0.003456116,0.03616641,0.03643004,0.004801432,0.005253201,0.001565,0.001536,0,0,1.524e-23,1.178e-24
step8000,8000,K,u,head,1024,64-128,1572864,0.02457673,0.02484036,0.001877467,0.02309154,0.02335517,0.003980092,0.00372814,0.001565,0.001536,0,0,1.524e-23,1.178e-24
step8000,8000,K,u,head,1024,128-256,3145728,0.01366207,0.01393105,0.002572695,0.01118396,0.01144759,0.002983956,0.00264413,0.001565,0.001536,0,0,1.524e-23,1.178e-24
step8000,8000,K,u,head,1024,256-512,6291456,0.00333886,0.003607838,0.0006456375,0.003053252,0.003316883,0.002043088,0.001937253,0.001565,0.001536,0,0,1.524e-23,1.178e-24
step8000,8000,K,u,head,1024,512-1024,1.258291e+07,0.005698011,0.00596699,0.001044194,0.006705966,0.006974945,0.00245377,0.002496833,0.001565,0.001536,0,0,1.524e-23,1.178e-24
step8000,8000,K,v,residual,1024,spike,786432,0.0009271864,0.001102637,0.006718953,0.006959325,0.007228304,0.001818339,0.002593812,0.001565,0.001536,0,0,1.524e-23,1.178e-24
step8000,8000,K,v,residual,1024,32-64,786432,0.002260113,0.002523744,0.004397074,0.006122635,0.006391614,0.001960573,0.002423604,0.001565,0.001536,0,0,1.524e-23,1.178e-24
step8000,8000,K,v,residual,1024,64-128,1572864,0.001590264,0.001785359,0.001918157,0.003180017,0.00344387,0.001847313,0.002152761,0.001565,0.001536,0,0,1.524e-23,1.178e-24
step8000,8000,K,v,residual,1024,128-256,3145728,0.0007521668,0.0009671848,0.0008144379,0.001333142,0.001596772,0.00186625,0.001888139,0.001565,0.001536,0,0,1.524e-23,1.178e-24
step8000,8000,K,v,residual,1024,256-512,6291456,0.0002548875,0.0004154055,0.0006035169,0.0003769632,0.0002333966,0.001761959,0.001734961,0.001565,0.001536,0,0,1.524e-23,1.178e-24
step8000,8000,K,v,residual,1024,512-1024,1.258291e+07,0.0001740637,0.0003015303,0.0006621679,0.0006158809,0.0008848599,0.001768317,0.001823948,0.001565,0.001536,0,0,1.524e-23,1.178e-24
step8000,8000,V,u,head,1024,spike,786432,0.05058675,0.05085573,0.008686066,0.04291158,0.04318055,0.007302602,0.006992522,0.001565,0.001536,7.26609e-07,3.451393e-06,1.524e-23,1.178e-24
step8000,8000,V,u,head,1024,32-64,786432,0.03120808,0.03147706,0.005414327,0.02588912,0.0261581,0.005431584,0.004924593,0.001565,0.001536,0,0,1.524e-23,1.178e-24
step8000,8000,V,u,head,1024,64-128,1572864,0.01430325,0.01457223,0.001190821,0.01540316,0.01567214,0.003511429,0.003504799,0.001565,0.001536,0,0,1.524e-23,1.178e-24
step8000,8000,V,u,head,1024,128-256,3145728,0.004420644,0.004689623,0.0006548564,0.004869189,0.005138168,0.002250989,0.002285776,0.001565,0.001536,0,0,1.524e-23,1.178e-24
step8000,8000,V,u,head,1024,256-512,6291456,0.0008336819,0.001045083,0.0005057653,0.0009376849,0.001201315,0.001870496,0.001821495,0.001565,0.001536,0,0,1.524e-23,1.178e-24
step8000,8000,V,u,head,1024,512-1024,1.258291e+07,0.001981879,0.002245509,0.001658996,0.003640875,0.003904505,0.001949651,0.002121517,0.001565,0.001536,0,0,1.524e-23,1.178e-24
step8000,8000,V,v,residual,1024,spike,786432,0.02332487,0.0235885,0.001377106,0.02345065,0.02370176,0.003561474,0.003903525,0.001565,0.001536,0,0,1.524e-23,1.178e-24
step8000,8000,V,v,residual,1024,32-64,786432,0.01727095,0.01753458,0.00181071,0.01852217,0.0187858,0.003069378,0.003372011,0.001565,0.001536,0,0,1.524e-23,1.178e-24
step8000,8000,V,v,residual,1024,64-128,1572864,0.01008165,0.01035063,0.002678553,0.01229545,0.01256443,0.002564112,0.002870651,0.001565,0.001536,0,0,1.524e-23,1.178e-24
step8000,8000,V,v,residual,1024,128-256,3145728,0.003761515,0.004025145,0.002017339,0.005677764,0.005941395,0.00208228,0.002262025,0.001565,0.001536,0,0,1.524e-23,1.178e-24
step8000,8000,V,v,residual,1024,256-512,6291456,0.0001573852,0.0003382402,0.001099745,0.001163388,0.001427018,0.001764888,0.001847176,0.001565,0.001536,0,0,1.524e-23,1.178e-24
step8000,8000,V,v,residual,1024,512-1024,1.258291e+07,0.001735116,0.001998746,0.001267513,0.0029438,0.003212779,0.00198572,0.002150819,0.001565,0.001536,4.541306e-08,0,1.524e-23,1.178e-24
step8000,8000,O,u,residual,1024,spike,786432,0.002513081,0.002776934,0.005994161,0.008251236,0.008520215,0.002078283,0.002555484,0.001565,0.001536,7.26609e-06,1.344227e-05,1.524e-23,1.178e-24
step8000,8000,O,u,residual,1024,32-64,786432,0.0007070296,0.0008717469,0.00419871,0.004459922,0.004723553,0.001879193,0.002148764,0.001565,0.001536,0,0,1.524e-23,1.178e-24
step8000,8000,O,u,residual,1024,64-128,1572864,0.0008718786,0.001116732,0.001977921,0.002261311,0.002525164,0.001820519,0.001997721,0.001565,0.001536,0,0,1.524e-23,1.178e-24
step8000,8000,O,u,residual,1024,128-256,3145728,0.0003997691,0.0006362527,0.0008920034,0.0009745603,0.001238191,0.00182229,0.001844769,0.001565,0.001536,0,0,1.524e-23,1.178e-24
step8000,8000,O,u,residual,1024,256-512,6291456,0.0002260668,0.0001992968,0.0002560616,0.0002676744,0.000229154,0.00175878,0.001747744,0.001565,0.001536,0,0,1.524e-23,1.178e-24
step8000,8000,O,u,residual,1024,512-1024,1.258291e+07,0.00028643,0.0002218097,0.0008406639,0.000571315,0.0008349455,0.001774322,0.00179922,0.001565,0.001536,0,0,1.524e-23,1.178e-24
step8000,8000,O,v,head,1024,spike,786432,0.06152016,0.06178379,0.003190358,0.06262975,0.06289872,0.008473351,0.008952731,0.001565,0.001536,0,2.906436e-06,1.524e-23,1.178e-24
step8000,8000,O,v,head,1024,32-64,786432,0.03687164,0.03714062,0.005702972,0.04203038,0.04229936,0.005968911,0.006554195,0.001565,0.001536,0,0,1.524e-23,1.178e-24
step8000,8000,O,v,head,1024,64-128,1572864,0.0274913,0.02776028,0.001619975,0.02613072,0.0263997,0.004757745,0.004473822,0.001565,0.001536,0,0,1.524e-23,1.178e-24
step8000,8000,O,v,head,1024,128-256,3145728,0.01551792,0.0157869,0.005673091,0.009844826,0.0101138,0.003396943,0.002675556,0.001565,0.001536,0,0,1.524e-23,1.178e-24
step8000,8000,O,v,head,1024,256-512,6291456,0.004427638,0.004696617,0.002897739,0.0017056,0.001956712,0.002183324,0.001926218,0.001565,0.001536,0,0,1.524e-23,1.178e-24
step8000,8000,O,v,head,1024,512-1024,1.258291e+07,0.007471289,0.007740268,0.001249472,0.006305343,0.006574322,0.00253733,0.002374025,0.001565,0.001536,0,0,1.524e-23,1.178e-24
step8000,8000,MLP_IN,u,hidden,4096,spike,3145728,0.009226988,0.009266273,0.01020654,0.00755166,0.007617591,0.002727554,0.002331597,0.001565,0.001558,1.085372e-05,1.957303e-05,1.524e-23,8.299e-24
step8000,8000,MLP_IN,u,hidden,4096,32-64,3145728,0.002169829,0.00223101,0.001754443,0.003813154,0.003880369,0.00201357,0.002243451,0.001565,0.001558,0,0,1.524e-23,8.299e-24
step8000,8000,MLP_IN,u,hidden,4096,64-128,6291456,0.002073755,0.002139686,0.0008877118,0.002693381,0.002760596,0.001945496,0.002090341,0.001565,0.001558,0,0,1.524e-23,8.299e-24
step8000,8000,MLP_IN,u,hidden,4096,128-256,1.258291e+07,0.001505103,0.001572318,0.0003983974,0.001749267,0.001815198,0.001914002,0.001974265,0.001565,0.001558,0,0,1.524e-23,8.299e-24
step8000,8000,MLP_IN,u,hidden,4096,256-512,2.516582e+07,0.0007705193,0.00083645,0.000223875,0.0009151543,0.0009817549,0.001836164,0.001861419,0.001565,0.001558,0,0,1.524e-23,8.299e-24
step8000,8000,MLP_IN,u,hidden,4096,512-1024,5.033165e+07,0.0002895809,0.0003507612,0.0002274712,0.0001142721,0.0001802028,0.001808044,0.001784844,0.001565,0.001558,2.412569e-07,0,1.524e-23,8.299e-24
step8000,8000,MLP_IN,v,residual,1024,spike,786432,0.0008926782,0.0009848706,0.0110906,0.0108596,0.01111071,0.001984914,0.002736773,0.001565,0.001536,0,0,1.524e-23,1.178e-24
step8000,8000,MLP_IN,v,residual,1024,32-64,786432,0.006937709,0.007206687,0.002311707,0.009028658,0.009292288,0.002291906,0.002510434,0.001565,0.001536,0,0,1.524e-23,1.178e-24
step8000,8000,MLP_IN,v,residual,1024,64-128,1572864,0.006900692,0.007164323,0.0004501343,0.006860002,0.007123633,0.002318791,0.002396175,0.001565,0.001536,0,0,1.524e-23,1.178e-24
step8000,8000,MLP_IN,v,residual,1024,128-256,3145728,0.004080042,0.004343672,0.0003569921,0.003946209,0.00420984,0.002086776,0.002067248,0.001565,0.001536,0,0,1.524e-23,1.178e-24
step8000,8000,MLP_IN,v,residual,1024,256-512,6291456,0.001062506,0.001313617,0.0005644162,0.0008000196,0.001068998,0.001823062,0.001813593,0.001565,0.001536,0,0,1.524e-23,1.178e-24
step8000,8000,MLP_IN,v,residual,1024,512-1024,1.258291e+07,0.002591356,0.002854987,0.0003008048,0.002638147,0.002907126,0.00210787,0.002143826,0.001565,0.001536,1.63487e-06,4.087176e-07,1.524e-23,1.178e-24
step8000,8000,MLP_OUT,u,residual,1024,spike,786432,0.008576757,0.008845736,0.01778666,0.0261854,0.02645438,0.002567836,0.003211975,0.001565,0.001536,2.506801e-05,9.482247e-05,1.524e-23,1.178e-24
step8000,8000,MLP_OUT,u,residual,1024,32-64,786432,0.001982242,0.002207735,0.00560379,0.007053916,0.007317547,0.00207465,0.002591269,0.001565,0.001536,0,0,1.524e-23,1.178e-24
step8000,8000,MLP_OUT,u,residual,1024,64-128,1572864,0.001999968,0.002251079,0.002483368,0.003994034,0.004263013,0.002020972,0.002165749,0.001565,0.001536,0,0,1.524e-23,1.178e-24
step8000,8000,MLP_OUT,u,residual,1024,128-256,3145728,0.001147419,0.001411272,0.0008996328,0.001512563,0.001735055,0.001869928,0.001919156,0.001565,0.001536,0,0,1.524e-23,1.178e-24
step8000,8000,MLP_OUT,u,residual,1024,256-512,6291456,0.0002207399,0.0004544295,0.0003840129,0.0003406108,0.0006044636,0.0017764,0.001783439,0.001565,0.001536,0,0,1.524e-23,1.178e-24
step8000,8000,MLP_OUT,u,residual,1024,512-1024,1.258291e+07,0.0008425213,0.00099974,0.002064705,0.00170134,0.00196497,0.001846404,0.001905055,0.001565,0.001536,0,0,1.524e-23,1.178e-24
step8000,8000,MLP_OUT,v,hidden,4096,spike,3145728,0.01389826,0.01396547,0.006977399,0.006958371,0.007025586,0.003681546,0.002517246,0.001565,0.001558,7.26609e-06,9.400504e-06,1.524e-23,8.299e-24
step8000,8000,MLP_OUT,v,hidden,4096,32-64,3145728,0.003992939,0.004058821,0.0007521311,0.00466457,0.004730501,0.002323696,0.002363523,0.001565,0.001558,1.816523e-07,0,1.524e-23,8.299e-24
step8000,8000,MLP_OUT,v,hidden,4096,64-128,6291456,0.002641247,0.002708462,0.0006966591,0.003312951,0.003380166,0.002059641,0.002219314,0.001565,0.001558,0,0,1.524e-23,8.299e-24
step8000,8000,MLP_OUT,v,hidden,4096,128-256,1.258291e+07,0.002198244,0.002256774,0.0004072984,0.002114819,0.002182034,0.001967158,0.00200728,0.001565,0.001558,0,0,1.524e-23,8.299e-24
step8000,8000,MLP_OUT,v,hidden,4096,256-512,2.516582e+07,0.001724347,0.001790228,0.0007440249,0.001032835,0.00110005,0.001904368,0.001880947,0.001565,0.001558,0,0,1.524e-23,8.299e-24
step8000,8000,MLP_OUT,v,hidden,4096,512-1024,5.033165e+07,0.0007765934,0.0008424748,0.0006137093,0.0001628841,0.0002287655,0.001825432,0.001786485,0.001565,0.001558,3.973643e-08,0,1.524e-23,8.299e-24
step12000,12000,Q,u,head,1024,spike,786432,0.04657407,0.04682637,0.02474976,0.07063093,0.07089456,0.005851382,0.006474268,0.001565,0.001536,3.99635e-06,0.0001631237,1.524e-23,1.178e-24
step12000,12000,Q,u,head,1024,32-64,786432,0.0329964,0.03326003,0.003187815,0.03554578,0.03579689,0.004711878,0.004814875,0.001565,0.001536,0,0,1.524e-23,1.178e-24
step12000,12000,Q,u,head,1024,64-128,1572864,0.0276056,0.02786923,0.003262838,0.02444067,0.0247043,0.003960382,0.003571828,0.001565,0.001536,0,0,1.524e-23,1.178e-24
step12000,12000,Q,u,head,1024,128-256,3145728,0.02234068,0.02260431,0.009070396,0.01327028,0.01353391,0.003546306,0.002634639,0.001565,0.001536,0,0,1.524e-23,1.178e-24
step12000,12000,Q,u,head,1024,256-512,6291456,0.008331204,0.008594834,0.004285812,0.004068738,0.004337717,0.002365771,0.002013206,0.001565,0.001536,0,0,1.524e-23,1.178e-24
step12000,12000,Q,u,head,1024,512-1024,1.258291e+07,0.01071871,0.01098769,0.003251235,0.007467475,0.007736454,0.003132718,0.002670436,0.001565,0.001536,0,0,1.524e-23,1.178e-24
step12000,12000,Q,v,residual,1024,spike,786432,0.002604708,0.002868338,0.009583791,0.01105885,0.01132783,0.002004169,0.002888634,0.001565,0.001536,0,0,1.524e-23,1.178e-24
step12000,12000,Q,v,residual,1024,32-64,786432,0.005533254,0.005748272,0.004025777,0.008750075,0.009001186,0.002186911,0.002535502,0.001565,0.001536,0,0,1.524e-23,1.178e-24
step12000,12000,Q,v,residual,1024,64-128,1572864,0.004262194,0.004525824,0.001270294,0.005032053,0.005295905,0.002104986,0.0022593,0.001565,0.001536,0,0,1.524e-23,1.178e-24
step12000,12000,Q,v,residual,1024,128-256,3145728,0.002636179,0.002899809,0.0005280177,0.002841677,0.003110656,0.001878148,0.002003579,0.001565,0.001536,0,0,1.524e-23,1.178e-24
step12000,12000,Q,v,residual,1024,256-512,6291456,0.0005275969,0.0007030479,0.0004522006,0.0004489085,0.0007178874,0.001805283,0.001791613,0.001565,0.001536,0,0,1.524e-23,1.178e-24
step12000,12000,Q,v,residual,1024,512-1024,1.258291e+07,0.001016999,0.001280629,0.0003685951,0.001205429,0.001469059,0.001893918,0.001922153,0.001565,0.001536,0,0,1.524e-23,1.178e-24
step12000,12000,K,u,head,1024,spike,786432,0.05715731,0.05740842,0.04516347,0.1009374,0.1012011,0.006916591,0.007213774,0.001565,0.001536,2.179827e-06,0.0003758385,1.524e-23,1.178e-24
step12000,12000,K,u,head,1024,32-64,786432,0.03775206,0.03801569,0.006013234,0.04376529,0.04402892,0.005181267,0.005556016,0.001565,0.001536,0,0,1.524e-23,1.178e-24
step12000,12000,K,u,head,1024,64-128,1572864,0.03145908,0.03172271,0.001804352,0.03031594,0.03057957,0.004413151,0.004100436,0.001565,0.001536,0,0,1.524e-23,1.178e-24
step12000,12000,K,u,head,1024,128-256,3145728,0.02258609,0.02284972,0.006211917,0.01645227,0.01670338,0.003591628,0.002812749,0.001565,0.001536,0,0,1.524e-23,1.178e-24
step12000,12000,K,u,head,1024,256-512,6291456,0.007323011,0.007586642,0.002208392,0.005216485,0.005485464,0.002321743,0.0020603,0.001565,0.001536,0,0,1.524e-23,1.178e-24
step12000,12000,K,u,head,1024,512-1024,1.258291e+07,0.01035949,0.01062847,0.001168172,0.009255217,0.009524196,0.003007344,0.002833605,0.001565,0.001536,4.541306e-08,0,1.524e-23,1.178e-24
step12000,12000,K,v,residual,1024,spike,786432,0.001015945,0.001172672,0.00743103,0.007304341,0.007568193,0.00178873,0.002590543,0.001565,0.001536,0,0,1.524e-23,1.178e-24
step12000,12000,K,v,residual,1024,32-64,786432,0.003050532,0.003319511,0.0034434,0.006138279,0.00638939,0.001986731,0.002462115,0.001565,0.001536,0,0,1.524e-23,1.178e-24
step12000,12000,K,v,residual,1024,64-128,1572864,0.003241126,0.003504757,0.001352946,0.003559543,0.003810654,0.001976921,0.002107529,0.001565,0.001536,0,0,1.524e-23,1.178e-24
step12000,12000,K,v,residual,1024,128-256,3145728,0.001225575,0.001459773,0.000691096,0.001676782,0.001940413,0.001849311,0.001906213,0.001565,0.001536,0,0,1.524e-23,1.178e-24
step12000,12000,K,v,residual,1024,256-512,6291456,0.0002536872,0.0002682706,0.0001654625,0.000128438,0.0003004075,0.001762254,0.001761232,0.001565,0.001536,0,0,1.524e-23,1.178e-24
step12000,12000,K,v,residual,1024,512-1024,1.258291e+07,0.000280215,0.000489614,0.0005473296,0.0006953694,0.000960677,0.00183328,0.001840955,0.001565,0.001536,0,0,1.524e-23,1.178e-24
step12000,12000,V,u,head,1024,spike,786432,0.05104373,0.05130736,0.004886627,0.04729975,0.04756873,0.007217044,0.007294609,0.001565,0.001536,0,3.99635e-06,1.524e-23,1.178e-24
step12000,12000,V,u,head,1024,32-64,786432,0.03281661,0.03308559,0.003124237,0.02989456,0.03016354,0.005519867,0.005232493,0.001565,0.001536,0,0,1.524e-23,1.178e-24
step12000,12000,V,u,head,1024,64-128,1572864,0.01751269,0.01778166,0.0006663005,0.01761505,0.01788403,0.003803798,0.003584998,0.001565,0.001536,0,0,1.524e-23,1.178e-24
step12000,12000,V,u,head,1024,128-256,3145728,0.007359092,0.007623443,0.001639048,0.00634039,0.006609369,0.002623876,0.002398128,0.001565,0.001536,0,0,1.524e-23,1.178e-24
step12000,12000,V,u,head,1024,256-512,6291456,0.002321943,0.002585574,0.001427809,0.0009993375,0.001268316,0.001905441,0.001837753,0.001565,0.001536,0,0,1.524e-23,1.178e-24
step12000,12000,V,u,head,1024,512-1024,1.258291e+07,0.003373687,0.003637318,0.0009849866,0.00423708,0.004500711,0.00204965,0.002174321,0.001565,0.001536,0,0,1.524e-23,1.178e-24
step12000,12000,V,v,residual,1024,spike,786432,0.02426456,0.02452819,0.005872091,0.02990268,0.03016631,0.003505888,0.004285177,0.001565,0.001536,0,0,1.524e-23,1.178e-24
step12000,12000,V,v,residual,1024,32-64,786432,0.01909946,0.01936309,0.004721324,0.0234177,0.02368133,0.003088088,0.003519876,0.001565,0.001536,0,0,1.524e-23,1.178e-24
step12000,12000,V,v,residual,1024,64-128,1572864,0.01459176,0.01485539,0.002895991,0.01717622,0.01743985,0.002763112,0.003055482,0.001565,0.001536,0,0,1.524e-23,1.178e-24
step12000,12000,V,v,residual,1024,128-256,3145728,0.006811188,0.007080167,0.002887408,0.0095198,0.009783431,0.002235458,0.002420607,0.001565,0.001536,0,0,1.524e-23,1.178e-24
step12000,12000,V,v,residual,1024,256-512,6291456,0.001046762,0.001293811,0.001394908,0.00236613,0.002629761,0.001847562,0.001890205,0.001565,0.001536,0,0,1.524e-23,1.178e-24
step12000,12000,V,v,residual,1024,512-1024,1.258291e+07,0.003079301,0.00334828,0.001624743,0.00468203,0.004951009,0.002167304,0.002391645,0.001565,0.001536,2.043588e-07,0,1.524e-23,1.178e-24
step12000,12000,O,u,residual,1024,spike,786432,0.004557759,0.004821611,0.00720342,0.01157052,0.01183415,0.002201807,0.002701532,0.001565,0.001536,1.63487e-05,3.578549e-05,1.524e-23,1.178e-24
step12000,12000,O,u,residual,1024,32-64,786432,0.001330022,0.001486749,0.004020691,0.005145222,0.005409075,0.001921518,0.002290998,0.001565,0.001536,0,0,1.524e-23,1.178e-24
step12000,12000,O,u,residual,1024,64-128,1572864,0.0006393926,0.0008905037,0.002153397,0.002193282,0.002457135,0.001805078,0.001993088,0.001565,0.001536,0,0,1.524e-23,1.178e-24
step12000,12000,O,u,residual,1024,128-256,3145728,0.00050258,0.0007344812,0.0005804698,0.0007172088,0.0009861878,0.001792317,0.001844497,0.001565,0.001536,0,0,1.524e-23,1.178e-24
step12000,12000,O,u,residual,1024,256-512,6291456,0.0005570931,0.000361998,0.0005788803,0.0001872444,0.0002249392,0.001757463,0.001762663,0.001565,0.001536,0,0,1.524e-23,1.178e-24
step12000,12000,O,u,residual,1024,512-1024,1.258291e+07,0.0002026656,0.0002769145,0.0007655621,0.0006117483,0.0008807273,0.001783973,0.001819179,0.001565,0.001536,0,0,1.524e-23,1.178e-24
step12000,12000,O,v,head,1024,spike,786432,0.05441338,0.05467701,0.00643158,0.0489388,0.04920778,0.007715316,0.007457007,0.001565,0.001536,1.271566e-06,0,1.524e-23,1.178e-24
step12000,12000,O,v,head,1024,32-64,786432,0.03140186,0.03166549,0.002206167,0.03281407,0.03308305,0.005367642,0.00543885,0.001565,0.001536,0,0,1.524e-23,1.178e-24
step12000,12000,O,v,head,1024,64-128,1572864,0.02208651,0.02235549,0.002552032,0.02009841,0.02036739,0.004244486,0.003935042,0.001565,0.001536,0,0,1.524e-23,1.178e-24
step12000,12000,O,v,head,1024,128-256,3145728,0.01456202,0.014831,0.007328669,0.007488792,0.007752422,0.003304209,0.002501851,0.001565,0.001536,0,0,1.524e-23,1.178e-24
step12000,12000,O,v,head,1024,256-512,6291456,0.005205677,0.005474656,0.004044215,0.001174037,0.001437668,0.002220177,0.001846064,0.001565,0.001536,0,0,1.524e-23,1.178e-24
step12000,12000,O,v,head,1024,512-1024,1.258291e+07,0.007050322,0.0073193,0.002063036,0.005022413,0.005291392,0.002510252,0.002255973,0.001565,0.001536,2.497718e-07,0,1.524e-23,1.178e-24
step12000,12000,MLP_IN,u,hidden,4096,spike,3145728,0.01016985,0.01020914,0.01323287,0.01247379,0.012541,0.002882503,0.002491088,0.001565,0.001558,1.562209e-05,2.774738e-05,1.524e-23,8.299e-24
step12000,12000,MLP_IN,u,hidden,4096,32-64,3145728,0.00308377,0.003149651,0.001632373,0.004454762,0.004520693,0.002122062,0.002325103,0.001565,0.001558,0,0,1.524e-23,8.299e-24
step12000,12000,MLP_IN,u,hidden,4096,64-128,6291456,0.0021447,0.002211915,0.001453876,0.003548032,0.003615247,0.002002126,0.002179078,0.001565,0.001558,0,0,1.524e-23,8.299e-24
step12000,12000,MLP_IN,u,hidden,4096,128-256,1.258291e+07,0.001785801,0.001853016,0.0003560384,0.002049272,0.002115153,0.001975423,0.002014671,0.001565,0.001558,0,0,1.524e-23,8.299e-24
step12000,12000,MLP_IN,u,hidden,4096,256-512,2.516582e+07,0.001264358,0.001330239,0.0002851884,0.0009791697,0.001045051,0.00189352,0.001880407,0.001565,0.001558,0,0,1.524e-23,8.299e-24
step12000,12000,MLP_IN,u,hidden,4096,512-1024,5.033165e+07,0.0005401111,0.0006046165,0.000488321,0.0001489367,0.0002074669,0.00183244,0.001788165,0.001565,0.001558,3.519512e-07,0,1.524e-23,8.299e-24
step12000,12000,MLP_IN,v,residual,1024,spike,786432,0.0009931319,0.001085324,0.01345825,0.01355162,0.01381525,0.001940409,0.002846309,0.001565,0.001536,0,0,1.524e-23,1.178e-24
step12000,12000,MLP_IN,v,residual,1024,32-64,786432,0.007183616,0.007447246,0.003466288,0.01058494,0.01083606,0.002308618,0.002544403,0.001565,0.001536,0,0,1.524e-23,1.178e-24
step12000,12000,MLP_IN,v,residual,1024,64-128,1572864,0.008500958,0.008764589,0.001031876,0.008063539,0.00832717,0.002336048,0.002374377,0.001565,0.001536,0,0,1.524e-23,1.178e-24
step12000,12000,MLP_IN,v,residual,1024,128-256,3145728,0.005780443,0.006044074,0.0008923213,0.004900092,0.005151752,0.002160299,0.002085459,0.001565,0.001536,0,0,1.524e-23,1.178e-24
step12000,12000,MLP_IN,v,residual,1024,256-512,6291456,0.002341811,0.002605442,0.0008430481,0.001565343,0.001834322,0.001909392,0.001862231,0.001565,0.001536,0,0,1.524e-23,1.178e-24
step12000,12000,MLP_IN,v,residual,1024,512-1024,1.258291e+07,0.004244556,0.004508409,0.0005058448,0.003775166,0.004044144,0.002310605,0.002245052,0.001565,0.001536,4.643486e-06,3.201621e-06,1.524e-23,1.178e-24
step12000,12000,MLP_OUT,u,residual,1024,spike,786432,0.01308319,0.01335216,0.02582169,0.03890487,0.03917385,0.00285521,0.003169468,0.001565,0.001536,6.539481e-05,0.0001456851,1.524e-23,1.178e-24
step12000,12000,MLP_OUT,u,residual,1024,32-64,786432,0.002783924,0.003047777,0.004103343,0.006648287,0.006911917,0.002221062,0.002659934,0.001565,0.001536,0,0,1.524e-23,1.178e-24
step12000,12000,MLP_OUT,u,residual,1024,64-128,1572864,0.001994356,0.002257987,0.002206802,0.004118433,0.004382285,0.001978284,0.002247311,0.001565,0.001536,0,0,1.524e-23,1.178e-24
step12000,12000,MLP_OUT,u,residual,1024,128-256,3145728,0.0008184756,0.001082106,0.0009501775,0.001539453,0.001803084,0.001867113,0.00191902,0.001565,0.001536,0,0,1.524e-23,1.178e-24
step12000,12000,MLP_OUT,u,residual,1024,256-512,6291456,0.0003881338,0.000495336,0.001136303,0.0007481691,0.0009432643,0.001784188,0.001799856,0.001565,0.001536,0,0,1.524e-23,1.178e-24
step12000,12000,MLP_OUT,u,residual,1024,512-1024,1.258291e+07,0.0007940429,0.0009624775,0.002081076,0.001707062,0.001970692,0.001823187,0.001922074,0.001565,0.001536,0,0,1.524e-23,1.178e-24
step12000,12000,MLP_OUT,v,hidden,4096,spike,3145728,0.01782772,0.01789493,0.008396467,0.009691387,0.009757318,0.00409258,0.002863793,0.001565,0.001558,1.348768e-05,2.148038e-05,1.524e-23,8.299e-24
step12000,12000,MLP_OUT,v,hidden,4096,32-64,3145728,0.005831128,0.005898343,0.0004237493,0.005760978,0.005826908,0.002625011,0.002587182,0.001565,0.001558,6.811959e-07,0,1.524e-23,8.299e-24
step12000,12000,MLP_OUT,v,hidden,4096,64-128,6291456,0.003503845,0.00357106,0.0009878476,0.004491693,0.004558908,0.00221291,0.0023484,0.001565,0.001558,0,0,1.524e-23,8.299e-24
step12000,12000,MLP_OUT,v,hidden,4096,128-256,1.258291e+07,0.002568755,0.00263151,0.0003089905,0.002465055,0.00253227,0.002012003,0.002075048,0.001565,0.001558,0,0,1.524e-23,8.299e-24
step12000,12000,MLP_OUT,v,hidden,4096,256-512,2.516582e+07,0.001785899,0.00185178,0.0007062356,0.001108203,0.001170958,0.001924918,0.001892215,0.001565,0.001558,0,0,1.524e-23,8.299e-24
step12000,12000,MLP_OUT,v,hidden,4096,512-1024,5.033165e+07,0.000956063,0.001021944,0.0008210142,0.0002772312,0.0003431619,0.001835264,0.001800208,0.001565,0.001558,1.674607e-07,0,1.524e-23,8.299e-24
step16000,16000,Q,u,head,1024,spike,786432,0.0508708,0.05113443,0.03863398,0.08905973,0.08932337,0.006284078,0.008174896,0.001565,0.001536,2.724784e-06,0.0001967294,1.524e-23,1.178e-24
step16000,16000,Q,u,head,1024,32-64,786432,0.03739093,0.03765456,0.01424535,0.05139214,0.05165577,0.005144755,0.00627336,0.001565,0.001536,0,7.26609e-07,1.524e-23,1.178e-24
step16000,16000,Q,u,head,1024,64-128,1572864,0.03158433,0.03184796,0.003716151,0.03486295,0.03511406,0.004308519,0.004418963,0.001565,0.001536,0,0,1.524e-23,1.178e-24
step16000,16000,Q,u,head,1024,128-256,3145728,0.02658294,0.02684657,0.007962227,0.01869001,0.01895364,0.003818739,0.002995037,0.001565,0.001536,0,0,1.524e-23,1.178e-24
step16000,16000,Q,u,head,1024,256-512,6291456,0.01154906,0.01181269,0.00559775,0.005958034,0.00621494,0.002547196,0.002123061,0.001565,0.001536,0,0,1.524e-23,1.178e-24
step16000,16000,Q,u,head,1024,512-1024,1.258291e+07,0.0142624,0.01453138,0.003841877,0.01044771,0.01071669,0.003546374,0.002972228,0.001565,0.001536,0,4.541306e-08,1.524e-23,1.178e-24
step16000,16000,Q,v,residual,1024,spike,786432,0.002368327,0.002583345,0.008570353,0.01025395,0.01052293,0.00190644,0.002736773,0.001565,0.001536,0,0,1.524e-23,1.178e-24
step16000,16000,Q,v,residual,1024,32-64,786432,0.005097753,0.005366732,0.003218333,0.007774894,0.008038524,0.002112252,0.002625057,0.001565,0.001536,0,0,1.524e-23,1.178e-24
step16000,16000,Q,v,residual,1024,64-128,1572864,0.004569158,0.004803355,0.001447042,0.005585148,0.005836259,0.002037775,0.002315703,0.001565,0.001536,0,0,1.524e-23,1.178e-24
step16000,16000,Q,v,residual,1024,128-256,3145728,0.002796286,0.003047397,0.0005324682,0.002450353,0.002719332,0.001978829,0.002003533,0.001565,0.001536,0,0,1.524e-23,1.178e-24
step16000,16000,Q,v,residual,1024,256-512,6291456,0.0006414499,0.0008756472,0.000591437,0.0001679019,0.0003735154,0.001783348,0.001759234,0.001565,0.001536,0,0,1.524e-23,1.178e-24
step16000,16000,Q,v,residual,1024,512-1024,1.258291e+07,0.001019047,0.001288026,0.0004010995,0.001321059,0.001579834,0.001922732,0.001936163,0.001565,0.001536,0,0,1.524e-23,1.178e-24
step16000,16000,K,u,head,1024,spike,786432,0.06022178,0.0604729,0.04828135,0.1078446,0.1081082,0.007217407,0.007783799,0.001565,0.001536,2.179827e-06,0.0003849211,1.524e-23,1.178e-24
step16000,16000,K,u,head,1024,32-64,786432,0.04160606,0.04185717,0.007478078,0.04853991,0.04879102,0.005541847,0.006081536,0.001565,0.001536,0,0,1.524e-23,1.178e-24
step16000,16000,K,u,head,1024,64-128,1572864,0.03508813,0.03535176,0.001935323,0.03434172,0.03460535,0.004653477,0.004311153,0.001565,0.001536,0,0,1.524e-23,1.178e-24
step16000,16000,K,u,head,1024,128-256,3145728,0.02751818,0.02778181,0.008212407,0.01934635,0.01959746,0.003883135,0.002937317,0.001565,0.001536,0,0,1.524e-23,1.178e-24
step16000,16000,K,u,head,1024,256-512,6291456,0.01052402,0.01078765,0.003494422,0.007029597,0.007293228,0.002481529,0.002171993,0.001565,0.001536,0,0,1.524e-23,1.178e-24
step16000,16000,K,u,head,1024,512-1024,1.258291e+07,0.01374464,0.01401362,0.002816121,0.01092852,0.0111975,0.00340808,0.003080311,0.001565,0.001536,9.082613e-08,0,1.524e-23,1.178e-24
step16000,16000,K,v,residual,1024,spike,786432,0.0007468399,0.000997951,0.005555471,0.005914098,0.006183077,0.001789638,0.002455212,0.001565,0.001536,0,5.812872e-06,1.524e-23,1.178e-24
step16000,16000,K,v,residual,1024,32-64,786432,0.002927685,0.003191316,0.002950033,0.005383005,0.005646858,0.001890273,0.002332052,0.001565,0.001536,0,0,1.524e-23,1.178e-24
step16000,16000,K,v,residual,1024,64-128,1572864,0.002614761,0.002848958,0.001410802,0.003852003,0.004103115,0.001925877,0.002123878,0.001565,0.001536,0,0,1.524e-23,1.178e-24
step16000,16000,K,v,residual,1024,128-256,3145728,0.00177819,0.00204182,0.001028061,0.0009575348,0.001226514,0.001858348,0.001874515,0.001565,0.001536,0,0,1.524e-23,1.178e-24
step16000,16000,K,v,residual,1024,256-512,6291456,0.0002075002,0.0004145916,0.0003552437,0.0001874946,0.0003887813,0.001789752,0.001783348,0.001565,0.001536,0,0,1.524e-23,1.178e-24
step16000,16000,K,v,residual,1024,512-1024,1.258291e+07,0.0005137857,0.0007231847,0.0003750324,0.0006345571,0.000903536,0.001868555,0.001858303,0.001565,0.001536,0,0,1.524e-23,1.178e-24
step16000,16000,V,u,head,1024,spike,786432,0.05118233,0.05144596,0.006478628,0.0459468,0.04621578,0.007064093,0.007120405,0.001565,0.001536,0,2.724784e-06,1.524e-23,1.178e-24
step16000,16000,V,u,head,1024,32-64,786432,0.03306838,0.03333736,0.003070831,0.03055245,0.03081608,0.005469186,0.005205427,0.001565,0.001536,0,0,1.524e-23,1.178e-24
step16000,16000,V,u,head,1024,64-128,1572864,0.01908498,0.01935396,0.0008328756,0.01880905,0.01907803,0.003825687,0.003718876,0.001565,0.001536,0,0,1.524e-23,1.178e-24
step16000,16000,V,u,head,1024,128-256,3145728,0.009502775,0.009771753,0.002615293,0.006946787,0.007210417,0.002792313,0.002425466,0.001565,0.001536,0,0,1.524e-23,1.178e-24
step16000,16000,V,u,head,1024,256-512,6291456,0.002391011,0.002654863,0.001392682,0.001056417,0.00132204,0.002034346,0.001868044,0.001565,0.001536,0,0,1.524e-23,1.178e-24
step16000,16000,V,u,head,1024,512-1024,1.258291e+07,0.003913846,0.004182825,0.000881354,0.00475602,0.005024999,0.0021499,0.002235719,0.001565,0.001536,0,0,1.524e-23,1.178e-24
step16000,16000,V,v,residual,1024,spike,786432,0.02224393,0.02249504,0.01030731,0.03203128,0.03229491,0.003296988,0.004232316,0.001565,0.001536,0,0,1.524e-23,1.178e-24
step16000,16000,V,v,residual,1024,32-64,786432,0.01922407,0.0194877,0.006558736,0.02558433,0.02583544,0.003026871,0.003670102,0.001565,0.001536,0,0,1.524e-23,1.178e-24
step16000,16000,V,v,residual,1024,64-128,1572864,0.01508894,0.01535257,0.004403432,0.01949237,0.019756,0.00277492,0.003019969,0.001565,0.001536,0,0,1.524e-23,1.178e-24
step16000,16000,V,v,residual,1024,128-256,3145728,0.009366576,0.009630207,0.002280871,0.01154254,0.01180617,0.002321924,0.002445176,0.001565,0.001536,0,0,1.524e-23,1.178e-24
step16000,16000,V,v,residual,1024,256-512,6291456,0.00233895,0.002602581,0.0009921392,0.003163243,0.003426873,0.001896654,0.00195501,0.001565,0.001536,0,0,1.524e-23,1.178e-24
step16000,16000,V,v,residual,1024,512-1024,1.258291e+07,0.003987064,0.004250917,0.001777569,0.005748238,0.006017217,0.002338092,0.002553917,0.001565,0.001536,6.698427e-07,0,1.524e-23,1.178e-24
step16000,16000,O,u,residual,1024,spike,786432,0.005864507,0.006133486,0.009504954,0.01501851,0.01528749,0.002315703,0.002689907,0.001565,0.001536,3.269741e-05,4.940941e-05,1.524e-23,1.178e-24
step16000,16000,O,u,residual,1024,32-64,786432,0.001241479,0.00149259,0.003877004,0.004638718,0.004907697,0.001927512,0.002202715,0.001565,0.001536,0,0,1.524e-23,1.178e-24
step16000,16000,O,u,residual,1024,64-128,1572864,0.000770474,0.001034105,0.002015432,0.002642359,0.002911338,0.001826786,0.002010981,0.001565,0.001536,0,0,1.524e-23,1.178e-24
step16000,16000,O,u,residual,1024,128-256,3145728,0.0002097242,0.0003967074,0.001263301,0.00122202,0.001490999,0.001757486,0.001824924,0.001565,0.001536,0,0,1.524e-23,1.178e-24
step16000,16000,O,u,residual,1024,256-512,6291456,0.0003369036,0.0003363444,0.0003329913,0.0001027921,0.0002409406,0.001764956,0.001756214,0.001565,0.001536,0,0,1.524e-23,1.178e-24
step16000,16000,O,u,residual,1024,512-1024,1.258291e+07,0.000139407,0.0004082611,0.0007023017,0.000772907,0.001024018,0.001778341,0.001819963,0.001565,0.001536,0,0,1.524e-23,1.178e-24
step16000,16000,O,v,head,1024,spike,786432,0.05052698,0.05079596,0.007537842,0.04398732,0.0442563,0.007251921,0.006887345,0.001565,0.001536,0,0,1.524e-23,1.178e-24
step16000,16000,O,v,head,1024,32-64,786432,0.02769856,0.02796754,0.002714793,0.0302684,0.03053738,0.00503867,0.005194709,0.001565,0.001536,0,0,1.524e-23,1.178e-24
step16000,16000,O,v,head,1024,64-128,1572864,0.01989814,0.02016712,0.002367655,0.01772045,0.01798575,0.003943761,0.003652754,0.001565,0.001536,0,0,1.524e-23,1.178e-24
step16000,16000,O,v,head,1024,128-256,3145728,0.01465089,0.01491452,0.007945697,0.006834712,0.007103691,0.003288496,0.002421833,0.001565,0.001536,0,0,1.524e-23,1.178e-24
step16000,16000,O,v,head,1024,256-512,6291456,0.004994438,0.005263417,0.003975232,0.00109075,0.00135438,0.002233619,0.001857213,0.001565,0.001536,0,0,1.524e-23,1.178e-24
step16000,16000,O,v,head,1024,512-1024,1.258291e+07,0.006938442,0.007202073,0.002549648,0.004388794,0.004657675,0.002501828,0.002201659,0.001565,0.001536,7.947286e-08,0,1.524e-23,1.178e-24
step16000,16000,MLP_IN,u,hidden,4096,spike,3145728,0.01049696,0.01053625,0.01478195,0.01629294,0.01636015,0.002998625,0.002586819,0.001565,0.001558,1.743862e-05,3.460475e-05,1.524e-23,8.299e-24
step16000,16000,MLP_IN,u,hidden,4096,32-64,3145728,0.003940628,0.004007843,0.00192229,0.005350654,0.005416535,0.002216157,0.002477964,0.001565,0.001558,1.816523e-07,0,1.524e-23,8.299e-24
step16000,16000,MLP_IN,u,hidden,4096,64-128,6291456,0.002834684,0.002901899,0.001251062,0.003891458,0.003957389,0.002083029,0.002249195,0.001565,0.001558,1.589457e-07,0,1.524e-23,8.299e-24
step16000,16000,MLP_IN,u,hidden,4096,128-256,1.258291e+07,0.002236094,0.002303309,0.0004622936,0.002631154,0.002698369,0.002032496,0.002063445,0.001565,0.001558,0,0,1.524e-23,8.299e-24
step16000,16000,MLP_IN,u,hidden,4096,256-512,2.516582e+07,0.001478916,0.001546131,0.0003863176,0.001092599,0.001159814,0.001928114,0.001901286,0.001565,0.001558,0,0,1.524e-23,8.299e-24
step16000,16000,MLP_IN,u,hidden,4096,512-1024,5.033165e+07,0.0006595115,0.0007267265,0.0005443692,0.0001685918,0.0002345225,0.00185732,0.001798786,0.001565,0.001558,5.988848e-07,0,1.524e-23,8.299e-24
step16000,16000,MLP_IN,v,residual,1024,spike,786432,0.001211202,0.001442607,0.01309713,0.01327314,0.01353677,0.001916068,0.002835955,0.001565,0.001536,0,0,1.524e-23,1.178e-24
step16000,16000,MLP_IN,v,residual,1024,32-64,786432,0.008217399,0.008481029,0.003420512,0.01159213,0.01185576,0.002354758,0.002569653,0.001565,0.001536,0,0,1.524e-23,1.178e-24
step16000,16000,MLP_IN,v,residual,1024,64-128,1572864,0.008485699,0.00874933,0.0004768372,0.008588586,0.008839697,0.002389999,0.00234622,0.001565,0.001536,0,0,1.524e-23,1.178e-24
step16000,16000,MLP_IN,v,residual,1024,128-256,3145728,0.006770993,0.007034623,0.001677513,0.005533331,0.005784442,0.002252488,0.002116476,0.001565,0.001536,0,0,1.524e-23,1.178e-24
step16000,16000,MLP_IN,v,residual,1024,256-512,6291456,0.003250076,0.003501187,0.001243273,0.002023443,0.002287074,0.00193085,0.001840432,0.001565,0.001536,0,0,1.524e-23,1.178e-24
step16000,16000,MLP_IN,v,residual,1024,512-1024,1.258291e+07,0.005465895,0.005729748,0.0009697278,0.004598663,0.004867642,0.002392871,0.0022885,0.001565,0.001536,1.119432e-05,7.254737e-06,1.524e-23,1.178e-24
step16000,16000,MLP_OUT,u,residual,1024,spike,786432,0.01629516,0.01656414,0.03010432,0.04563958,0.04590321,0.002958389,0.003076826,0.001565,0.001536,0.0001011803,0.000171843,1.524e-23,1.178e-24
step16000,16000,MLP_OUT,u,residual,1024,32-64,786432,0.003551905,0.003786102,0.003088633,0.006054465,0.006318096,0.002265022,0.00260235,0.001565,0.001536,0,0,1.524e-23,1.178e-24
step16000,16000,MLP_OUT,u,residual,1024,64-128,1572864,0.001779777,0.002024629,0.002437592,0.004087494,0.004356473,0.002041226,0.002193088,0.001565,0.001536,0,0,1.524e-23,1.178e-24
step16000,16000,MLP_OUT,u,residual,1024,128-256,3145728,0.001363977,0.001627608,0.0008223852,0.001763139,0.002017025,0.001891727,0.00189159,0.001565,0.001536,0,0,1.524e-23,1.178e-24
step16000,16000,MLP_OUT,u,residual,1024,256-512,6291456,0.0002794723,0.0005484513,0.000568072,0.0006516891,0.0008467842,0.001785346,0.001776809,0.001565,0.001536,0,0,1.524e-23,1.178e-24
step16000,16000,MLP_OUT,u,residual,1024,512-1024,1.258291e+07,0.0008208689,0.001030268,0.001996279,0.001921162,0.002184792,0.001849651,0.001898766,0.001565,0.001536,0,0,1.524e-23,1.178e-24
step16000,16000,MLP_OUT,v,hidden,4096,spike,3145728,0.02079046,0.02085768,0.009190241,0.01179106,0.01185699,0.004408064,0.003102893,0.001565,0.001558,2.002716e-05,3.256117e-05,1.524e-23,8.299e-24
step16000,16000,MLP_OUT,v,hidden,4096,32-64,3145728,0.007430122,0.007497337,0.0009241104,0.006691343,0.006758558,0.002827917,0.002766155,0.001565,0.001558,8.174351e-07,1.816523e-07,1.524e-23,8.299e-24
step16000,16000,MLP_OUT,v,hidden,4096,64-128,6291456,0.004546211,0.004613426,0.0007139842,0.004782563,0.004849778,0.002342042,0.00246929,0.001565,0.001558,0,0,1.524e-23,8.299e-24
step16000,16000,MLP_OUT,v,hidden,4096,128-256,1.258291e+07,0.003023609,0.00308949,0.0004421075,0.002968119,0.003035334,0.002101785,0.002141669,0.001565,0.001558,0,0,1.524e-23,8.299e-24
step16000,16000,MLP_OUT,v,hidden,4096,256-512,2.516582e+07,0.002132382,0.002199597,0.001057982,0.001256353,0.001323568,0.001949339,0.001914507,0.001565,0.001558,0,0,1.524e-23,8.299e-24
step16000,16000,MLP_OUT,v,hidden,4096,512-1024,5.033165e+07,0.001040433,0.001103188,0.0008672078,0.0001848675,0.0002476227,0.001847903,0.00180117,0.001565,0.001558,3.831727e-07,0,1.524e-23,8.299e-24
step24000,24000,Q,u,head,1024,spike,786432,0.05875821,0.05900932,0.04537964,0.1041061,0.1043572,0.006849198,0.00871404,0.001565,0.001536,1.453218e-06,0.0002450489,1.524e-23,1.178e-24
step24000,24000,Q,u,head,1024,32-64,786432,0.04160999,0.04187362,0.02089437,0.06230207,0.06255318,0.005629403,0.006933485,0.001565,0.001536,7.26609e-07,2.179827e-06,1.524e-23,1.178e-24
step24000,24000,Q,u,head,1024,64-128,1572864,0.03573917,0.0360028,0.008518855,0.0436412,0.04389231,0.004675638,0.00518263,0.001565,0.001536,0,3.633045e-07,1.524e-23,1.178e-24
step24000,24000,Q,u,head,1024,128-256,3145728,0.03113535,0.03138647,0.008207003,0.02322018,0.02347129,0.004115877,0.003325099,0.001565,0.001536,0,0,1.524e-23,1.178e-24
step24000,24000,Q,u,head,1024,256-512,6291456,0.01459812,0.01486175,0.006176472,0.008421644,0.008685275,0.002727236,0.002251148,0.001565,0.001536,0,0,1.524e-23,1.178e-24
step24000,24000,Q,u,head,1024,512-1024,1.258291e+07,0.01811771,0.01838669,0.005173604,0.01308312,0.01334676,0.003980182,0.003268219,0.001565,0.001536,0,4.541306e-08,1.524e-23,1.178e-24
step24000,24000,Q,v,residual,1024,spike,786432,0.002193873,0.00242807,0.008603414,0.01033915,0.01060813,0.001878103,0.002928234,0.001565,0.001536,0,0,1.524e-23,1.178e-24
step24000,24000,Q,v,residual,1024,32-64,786432,0.004350493,0.004614346,0.004180908,0.008260632,0.008524263,0.002085913,0.002718971,0.001565,0.001536,0,0,1.524e-23,1.178e-24
step24000,24000,Q,v,residual,1024,64-128,1572864,0.004200413,0.004451524,0.002993266,0.006479804,0.006743435,0.002060118,0.002310526,0.001565,0.001536,0,0,1.524e-23,1.178e-24
step24000,24000,Q,v,residual,1024,128-256,3145728,0.002983842,0.003246078,0.0009628932,0.002191057,0.002459297,0.001957848,0.001993179,0.001565,0.001536,0,0,1.524e-23,1.178e-24
step24000,24000,Q,v,residual,1024,256-512,6291456,0.0009199228,0.00115412,0.0005207062,0.0005822539,0.0007972718,0.001781577,0.001800378,0.001565,0.001536,0,0,1.524e-23,1.178e-24
step24000,24000,Q,v,residual,1024,512-1024,1.258291e+07,0.001251584,0.001520563,0.0003005664,0.001335452,0.001599305,0.001955271,0.001934824,0.001565,0.001536,0,0,1.524e-23,1.178e-24
step24000,24000,K,u,head,1024,spike,786432,0.06677035,0.06702146,0.04513804,0.1113096,0.1115732,0.007677532,0.008266267,0.001565,0.001536,0,0.0004005432,1.524e-23,1.178e-24
step24000,24000,K,u,head,1024,32-64,786432,0.04689578,0.04714689,0.008017222,0.05432299,0.0545741,0.005868094,0.006330036,0.001565,0.001536,0,0,1.524e-23,1.178e-24
step24000,24000,K,u,head,1024,64-128,1572864,0.03837322,0.03863685,0.00255394,0.03942469,0.0396758,0.004840669,0.004518509,0.001565,0.001536,0,0,1.524e-23,1.178e-24
step24000,24000,K,u,head,1024,128-256,3145728,0.03265392,0.03290503,0.009565353,0.02322939,0.02348051,0.004126957,0.003101712,0.001565,0.001536,0,0,1.524e-23,1.178e-24
step24000,24000,K,u,head,1024,256-512,6291456,0.01452532,0.01478895,0.005808989,0.008716329,0.00897996,0.002707572,0.002225013,0.001565,0.001536,0,0,1.524e-23,1.178e-24
step24000,24000,K,u,head,1024,512-1024,1.258291e+07,0.01804992,0.0183189,0.004935582,0.01311434,0.01338332,0.003915117,0.003356275,0.001565,0.001536,4.768372e-07,0,1.524e-23,1.178e-24
step24000,24000,K,v,residual,1024,spike,786432,0.0009602027,0.001155298,0.0054245,0.005830596,0.006094449,0.001897176,0.002426511,0.001565,0.001536,0,4.541306e-06,1.524e-23,1.178e-24
step24000,24000,K,v,residual,1024,32-64,786432,0.002227053,0.002490683,0.003267924,0.004542464,0.004795799,0.00195476,0.002249945,0.001565,0.001536,0,0,1.524e-23,1.178e-24
step24000,24000,K,v,residual,1024,64-128,1572864,0.00256974,0.00283337,0.0007069906,0.002583232,0.002852211,0.001965931,0.002029328,0.001565,0.001536,0,0,1.524e-23,1.178e-24
step24000,24000,K,v,residual,1024,128-256,3145728,0.001887117,0.002138228,0.001086871,0.001328935,0.001592788,0.001873243,0.001851808,0.001565,0.001536,0,0,1.524e-23,1.178e-24
step24000,24000,K,v,residual,1024,256-512,6291456,0.0005305058,0.000793609,0.0007433891,0.0002136329,0.0003190844,0.001787958,0.001753852,0.001565,0.001536,0,0,1.524e-23,1.178e-24
step24000,24000,K,v,residual,1024,512-1024,1.258291e+07,0.0005765318,0.0007915497,0.0002157688,0.0005920268,0.0008431378,0.00186281,0.001827933,0.001565,0.001536,0,0,1.524e-23,1.178e-24
step24000,24000,V,u,head,1024,spike,786432,0.05047026,0.05073389,0.006940206,0.04353005,0.04379368,0.006856464,0.006764911,0.001565,0.001536,7.26609e-07,6.176177e-06,1.524e-23,1.178e-24
step24000,24000,V,u,head,1024,32-64,786432,0.03160404,0.03186767,0.003348033,0.02893629,0.02919992,0.005148388,0.004912785,0.001565,0.001536,0,0,1.524e-23,1.178e-24
step24000,24000,V,u,head,1024,64-128,1572864,0.01802054,0.01828417,0.0007432302,0.01830423,0.01857321,0.003710611,0.003683363,0.001565,0.001536,0,0,1.524e-23,1.178e-24
step24000,24000,V,u,head,1024,128-256,3145728,0.01092375,0.01119273,0.003763517,0.007188066,0.007451697,0.002936954,0.002425194,0.001565,0.001536,0,0,1.524e-23,1.178e-24
step24000,24000,V,u,head,1024,256-512,6291456,0.00311713,0.003386109,0.002061844,0.001174037,0.001437668,0.002103828,0.00187204,0.001565,0.001536,0,0,1.524e-23,1.178e-24
step24000,24000,V,u,head,1024,512-1024,1.258291e+07,0.004592305,0.004861284,0.0001645883,0.004617578,0.004886557,0.002223651,0.002253022,0.001565,0.001536,0,0,1.524e-23,1.178e-24
step24000,24000,V,v,residual,1024,spike,786432,0.02070788,0.02095899,0.009873708,0.03045443,0.03070554,0.003106798,0.00400961,0.001565,0.001536,0,0,1.524e-23,1.178e-24
step24000,24000,V,v,residual,1024,32-64,786432,0.01818509,0.0184362,0.006567637,0.02430005,0.02455116,0.002910977,0.003433591,0.001565,0.001536,0,0,1.524e-23,1.178e-24
step24000,24000,V,v,residual,1024,64-128,1572864,0.01555104,0.01578523,0.003848394,0.01876429,0.0190154,0.002664929,0.002972376,0.001565,0.001536,0,0,1.524e-23,1.178e-24
step24000,24000,V,v,residual,1024,128-256,3145728,0.01034875,0.01060772,0.001631101,0.0118527,0.01210381,0.002356983,0.002394177,0.001565,0.001536,0,0,1.524e-23,1.178e-24
step24000,24000,V,v,residual,1024,256-512,6291456,0.003344799,0.003578996,0.00116396,0.004435166,0.004669364,0.00191625,0.001941113,0.001565,0.001536,0,0,1.524e-23,1.178e-24
step24000,24000,V,v,residual,1024,512-1024,1.258291e+07,0.005076772,0.005345751,0.00118653,0.006206081,0.00647506,0.002476704,0.002647218,0.001565,0.001536,1.555397e-06,1.70299e-07,1.524e-23,1.178e-24
step24000,24000,O,u,residual,1024,spike,786432,0.008718322,0.008982175,0.01036326,0.01850514,0.01877412,0.002380008,0.002682277,0.001565,0.001536,4.850115e-05,7.30242e-05,1.524e-23,1.178e-24
step24000,24000,O,u,residual,1024,32-64,786432,0.001417842,0.001686821,0.003407796,0.004541302,0.004804933,0.001972017,0.002317338,0.001565,0.001536,0,0,1.524e-23,1.178e-24
step24000,24000,O,u,residual,1024,64-128,1572864,0.0009782649,0.001229376,0.001768748,0.002376141,0.002620994,0.001889728,0.002044133,0.001565,0.001536,0,0,1.524e-23,1.178e-24
step24000,24000,O,u,residual,1024,128-256,3145728,0.0004436725,0.0003220871,0.001023928,0.0009659772,0.001229608,0.001822381,0.001839184,0.001565,0.001536,0,0,1.524e-23,1.178e-24
step24000,24000,O,u,residual,1024,256-512,6291456,0.0003867213,0.0003456365,0.0003445943,0.0001658418,0.0003312465,0.001756305,0.001773834,0.001565,0.001536,0,0,1.524e-23,1.178e-24
step24000,24000,O,u,residual,1024,512-1024,1.258291e+07,0.0002585893,0.0005222198,0.0008444786,0.001035803,0.001293345,0.001778103,0.001815773,0.001565,0.001536,0,0,1.524e-23,1.178e-24
step24000,24000,O,v,head,1024,spike,786432,0.04628045,0.04654408,0.01023992,0.03682586,0.03709484,0.006706601,0.006027948,0.001565,0.001536,0,4.541306e-06,1.524e-23,1.178e-24
step24000,24000,O,v,head,1024,32-64,786432,0.02464045,0.02490943,0.001046499,0.02517578,0.02544476,0.004597074,0.004614512,0.001565,0.001536,0,0,1.524e-23,1.178e-24
step24000,24000,O,v,head,1024,64-128,1572864,0.01757054,0.01783952,0.003128688,0.0148443,0.01511328,0.003678276,0.003292084,0.001565,0.001536,0,0,1.524e-23,1.178e-24
step24000,24000,O,v,head,1024,128-256,3145728,0.01312755,0.01339118,0.007417997,0.005722092,0.005991071,0.003060295,0.00230326,0.001565,0.001536,0,0,1.524e-23,1.178e-24
step24000,24000,O,v,head,1024,256-512,6291456,0.005011782,0.005275412,0.004297415,0.0007216037,0.0009854565,0.002226625,0.001852331,0.001565,0.001536,0,0,1.524e-23,1.178e-24
step24000,24000,O,v,head,1024,512-1024,1.258291e+07,0.006572213,0.006841192,0.00301671,0.003598021,0.003866999,0.002474615,0.002118508,0.001565,0.001536,4.541306e-08,0,1.524e-23,1.178e-24
step24000,24000,MLP_IN,u,hidden,4096,spike,3145728,0.01119613,0.01124845,0.01821073,0.02071512,0.02078234,0.003101167,0.002770333,0.001565,0.001558,1.793816e-05,4.118965e-05,1.524e-23,8.299e-24
step24000,24000,MLP_IN,u,hidden,4096,32-64,3145728,0.005151159,0.005218374,0.001517932,0.006514913,0.006582128,0.002323605,0.00262374,0.001565,0.001558,6.811959e-07,0,1.524e-23,8.299e-24
step24000,24000,MLP_IN,u,hidden,4096,64-128,6291456,0.003646578,0.003713793,0.001007716,0.004606928,0.004674143,0.002218065,0.002373514,0.001565,0.001558,1.816523e-07,0,1.524e-23,8.299e-24
step24000,24000,MLP_IN,u,hidden,4096,128-256,1.258291e+07,0.002852565,0.00291978,0.0003284613,0.002978291,0.003045506,0.002092645,0.002121017,0.001565,0.001558,0,0,1.524e-23,8.299e-24
step24000,24000,MLP_IN,u,hidden,4096,256-512,2.516582e+07,0.001925037,0.001992252,0.0006076495,0.001366685,0.001432616,0.001982473,0.001929885,0.001565,0.001558,0,0,1.524e-23,8.299e-24
step24000,24000,MLP_IN,u,hidden,4096,512-1024,5.033165e+07,0.001085689,0.001151619,0.0008860628,0.0002548632,0.0003176184,0.001909057,0.001796802,0.001565,0.001558,9.678659e-07,0,1.524e-23,8.299e-24
step24000,24000,MLP_IN,v,residual,1024,spike,786432,0.00121756,0.001432578,0.01297379,0.01366479,0.01392842,0.001910982,0.002776918,0.001565,0.001536,0,0,1.524e-23,1.178e-24
step24000,24000,MLP_IN,v,residual,1024,32-64,786432,0.007823103,0.008074214,0.004071554,0.01171664,0.01196775,0.002343859,0.002528781,0.001565,0.001536,0,0,1.524e-23,1.178e-24
step24000,24000,MLP_IN,v,residual,1024,64-128,1572864,0.008727297,0.008990927,0.0005753835,0.008811856,0.009075486,0.002372833,0.002329236,0.001565,0.001536,0,0,1.524e-23,1.178e-24
step24000,24000,MLP_IN,v,residual,1024,128-256,3145728,0.00738791,0.007639021,0.001740774,0.005821451,0.006085082,0.002207983,0.002132734,0.001565,0.001536,0,0,1.524e-23,1.178e-24
step24000,24000,MLP_IN,v,residual,1024,256-512,6291456,0.00372135,0.003980004,0.001579603,0.00232389,0.002558088,0.001960823,0.001883075,0.001565,0.001536,0,0,1.524e-23,1.178e-24
step24000,24000,MLP_IN,v,residual,1024,512-1024,1.258291e+07,0.006867137,0.007136116,0.001774152,0.005092984,0.005361963,0.002432869,0.002253453,0.001565,0.001536,1.997039e-05,1.060395e-05,1.524e-23,1.178e-24
step24000,24000,MLP_OUT,u,residual,1024,spike,786432,0.01928461,0.01955359,0.03438314,0.05295733,0.05320844,0.002903893,0.002948579,0.001565,0.001536,0.0001193455,0.0001667568,1.524e-23,1.178e-24
step24000,24000,MLP_OUT,u,residual,1024,32-64,786432,0.00380372,0.004067573,0.003153483,0.006468501,0.00673748,0.002285912,0.002558935,0.001565,0.001536,0,0,1.524e-23,1.178e-24
step24000,24000,MLP_OUT,u,residual,1024,64-128,1572864,0.002522832,0.002791811,0.001581192,0.003632768,0.003896399,0.002061026,0.002177829,0.001565,0.001536,0,0,1.524e-23,1.178e-24
step24000,24000,MLP_OUT,u,residual,1024,128-256,3145728,0.001135975,0.001399828,0.0007181168,0.0014331,0.001702079,0.001868021,0.001885187,0.001565,0.001536,0,0,1.524e-23,1.178e-24
step24000,24000,MLP_OUT,u,residual,1024,256-512,6291456,0.0006916857,0.0009427968,0.0008128484,0.001134089,0.001329184,0.001781237,0.001779897,0.001565,0.001536,0,0,1.524e-23,1.178e-24
step24000,24000,MLP_OUT,u,residual,1024,512-1024,1.258291e+07,0.0008614795,0.001070878,0.001952251,0.001957132,0.002208243,0.00184075,0.001892907,0.001565,0.001536,0,0,1.524e-23,1.178e-24
step24000,24000,MLP_OUT,v,hidden,4096,spike,3145728,0.02495834,0.02502555,0.008113543,0.01695394,0.01701987,0.004903203,0.00357864,0.001565,0.001558,2.765656e-05,5.099887e-05,1.524e-23,8.299e-24
step24000,24000,MLP_OUT,v,hidden,4096,32-64,3145728,0.01022502,0.01029224,0.0009695689,0.009473846,0.009541061,0.00328232,0.003190449,0.001565,0.001558,1.771109e-06,7.26609e-07,1.524e-23,8.299e-24
step24000,24000,MLP_OUT,v,hidden,4096,64-128,6291456,0.006094184,0.006161399,0.0004927317,0.006139642,0.006206857,0.002616201,0.002701964,0.001565,0.001558,3.40598e-07,0,1.524e-23,8.299e-24
step24000,24000,MLP_OUT,v,hidden,4096,128-256,1.258291e+07,0.003733222,0.003799104,0.0007143815,0.003545409,0.003612624,0.002193985,0.002237831,0.001565,0.001558,0,0,1.524e-23,8.299e-24
step24000,24000,MLP_OUT,v,hidden,4096,256-512,2.516582e+07,0.002292975,0.002358857,0.0009902318,0.001410331,0.001477546,0.001993934,0.001937588,0.001565,0.001558,0,0,1.524e-23,8.299e-24
step24000,24000,MLP_OUT,v,hidden,4096,512-1024,5.033165e+07,0.001247141,0.001309897,0.001112461,0.0002331254,0.0002818854,0.001883853,0.001790927,0.001565,0.001558,6.130763e-07,0,1.524e-23,8.299e-24
step32000,32000,Q,u,head,1024,spike,786432,0.06363848,0.06388959,0.05003484,0.1136733,0.1139244,0.007239387,0.009273529,0.001565,0.001536,7.26609e-07,0.0002574012,1.524e-23,1.178e-24
step32000,32000,Q,u,head,1024,32-64,786432,0.0458354,0.04609903,0.02686056,0.07201429,0.0722654,0.005973453,0.007726397,0.001565,0.001536,0,9.082613e-06,1.524e-23,1.178e-24
step32000,32000,Q,u,head,1024,64-128,1572864,0.03835732,0.03862095,0.01253255,0.05030421,0.05055532,0.00487155,0.00565765,0.001565,0.001536,0,7.26609e-07,1.524e-23,1.178e-24
step32000,32000,Q,u,head,1024,128-256,3145728,0.03340987,0.03366098,0.005924225,0.02780767,0.02805878,0.004345621,0.003735679,0.001565,0.001536,0,0,1.524e-23,1.178e-24
step32000,32000,Q,u,head,1024,256-512,6291456,0.01630297,0.0165666,0.006036441,0.01026653,0.01053016,0.002817018,0.002388364,0.001565,0.001536,0,0,1.524e-23,1.178e-24
step32000,32000,Q,u,head,1024,512-1024,1.258291e+07,0.02086612,0.0211351,0.005468369,0.01590266,0.01616629,0.004242625,0.003456729,0.001565,0.001536,4.541306e-08,0,1.524e-23,1.178e-24
step32000,32000,Q,v,residual,1024,spike,786432,0.0009846137,0.001218811,0.01147207,0.01225208,0.01251571,0.001861754,0.003041767,0.001565,0.001536,0,0,1.524e-23,1.178e-24
step32000,32000,Q,v,residual,1024,32-64,786432,0.00453126,0.004746278,0.005003611,0.00936308,0.00962671,0.002074469,0.002752032,0.001565,0.001536,0,0,1.524e-23,1.178e-24
step32000,32000,Q,v,residual,1024,64-128,1572864,0.003697123,0.003966102,0.002713521,0.006180491,0.00644947,0.002063388,0.002395267,0.001565,0.001536,0,0,1.524e-23,1.178e-24
step32000,32000,Q,v,residual,1024,128-256,3145728,0.00266309,0.002914201,0.001003265,0.003099982,0.003363613,0.001950673,0.002037593,0.001565,0.001536,0,0,1.524e-23,1.178e-24
step32000,32000,Q,v,residual,1024,256-512,6291456,0.0009993274,0.001214345,0.0007608732,0.0004872327,0.0007508632,0.00179209,0.001771132,0.001565,0.001536,0,0,1.524e-23,1.178e-24
step32000,32000,Q,v,residual,1024,512-1024,1.258291e+07,0.001392355,0.001656207,0.0004924933,0.001690116,0.001959095,0.001952989,0.001973425,0.001565,0.001536,0,0,1.524e-23,1.178e-24
step32000,32000,K,u,head,1024,spike,786432,0.07130857,0.07155968,0.04256821,0.1126193,0.1128829,0.008039747,0.0086986,0.001565,0.001536,7.26609e-07,0.0003689357,1.524e-23,1.178e-24
step32000,32000,K,u,head,1024,32-64,786432,0.04841668,0.04868031,0.01060104,0.05876203,0.05901314,0.006165459,0.006594158,0.001565,0.001536,0,7.26609e-07,1.524e-23,1.178e-24
step32000,32000,K,u,head,1024,64-128,1572864,0.04134221,0.04159332,0.001970291,0.04224947,0.04250059,0.004998707,0.004703249,0.001565,0.001536,0,0,1.524e-23,1.178e-24
step32000,32000,K,u,head,1024,128-256,3145728,0.03494687,0.03519798,0.009863536,0.02524292,0.02549403,0.004295622,0.00319213,0.001565,0.001536,0,0,1.524e-23,1.178e-24
step32000,32000,K,u,head,1024,256-512,6291456,0.01660608,0.01686971,0.006571293,0.01003478,0.01029841,0.002847899,0.00229672,0.001565,0.001536,0,0,1.524e-23,1.178e-24
step32000,32000,K,u,head,1024,512-1024,1.258291e+07,0.0207036,0.02097258,0.006649256,0.0141997,0.01446868,0.004186562,0.003504333,0.001565,0.001536,5.222502e-07,9.082613e-08,1.524e-23,1.178e-24
step32000,32000,K,v,residual,1024,spike,786432,0.0009795275,0.001213725,0.005053202,0.005697045,0.005948156,0.001917884,0.002370199,0.001565,0.001536,0,1.998175e-06,1.524e-23,1.178e-24
step32000,32000,K,v,residual,1024,32-64,786432,0.002546216,0.002809846,0.002268473,0.00459972,0.004863573,0.001979828,0.002153306,0.001565,0.001536,0,0,1.524e-23,1.178e-24
step32000,32000,K,v,residual,1024,64-128,1572864,0.00297551,0.003244489,0.0006917318,0.002801045,0.003035243,0.001978738,0.002062207,0.001565,0.001536,0,0,1.524e-23,1.178e-24
step32000,32000,K,v,residual,1024,128-256,3145728,0.001919599,0.002115727,0.001284281,0.001088048,0.001351678,0.001852944,0.001842453,0.001565,0.001536,0,0,1.524e-23,1.178e-24
step32000,32000,K,v,residual,1024,256-512,6291456,0.0005359766,0.0007310717,0.0006159147,0.0001792971,0.0003141665,0.001784756,0.001751809,0.001565,0.001536,0,0,1.524e-23,1.178e-24
step32000,32000,K,v,residual,1024,512-1024,1.258291e+07,0.0007140299,0.0009830089,0.000513951,0.0004122989,0.0006681374,0.001883745,0.001834313,0.001565,0.001536,0,0,1.524e-23,1.178e-24
step32000,32000,V,u,head,1024,spike,786432,0.05025663,0.05052026,0.009031932,0.0418732,0.04213683,0.006726764,0.006527674,0.001565,0.001536,0,1.271566e-06,1.524e-23,1.178e-24
step32000,32000,V,u,head,1024,32-64,786432,0.0300357,0.03030468,0.002185822,0.02822245,0.02849143,0.004948571,0.004827954,0.001565,0.001536,0,0,1.524e-23,1.178e-24
step32000,32000,V,u,head,1024,64-128,1572864,0.01794502,0.018214,0.0007133484,0.01796395,0.01822758,0.003708431,0.003545489,0.001565,0.001536,0,0,1.524e-23,1.178e-24
step32000,32000,V,u,head,1024,128-256,3145728,0.01156398,0.01183296,0.004776637,0.0069417,0.007205331,0.002936999,0.002362342,0.001565,0.001536,0,0,1.524e-23,1.178e-24
step32000,32000,V,u,head,1024,256-512,6291456,0.003847504,0.004111135,0.002713998,0.001134658,0.001397137,0.002143156,0.001849174,0.001565,0.001536,0,0,1.524e-23,1.178e-24
step32000,32000,V,u,head,1024,512-1024,1.258291e+07,0.005061593,0.005330572,0.0008647442,0.004262573,0.004531552,0.00228061,0.002232029,0.001565,0.001536,0,0,1.524e-23,1.178e-24
step32000,32000,V,v,residual,1024,spike,786432,0.01940071,0.01965182,0.009028117,0.02836525,0.02861636,0.002979097,0.003836677,0.001565,0.001536,0,0,1.524e-23,1.178e-24
step32000,32000,V,v,residual,1024,32-64,786432,0.0167177,0.01695189,0.006917318,0.02347226,0.02372337,0.002875192,0.003431774,0.001565,0.001536,0,0,1.524e-23,1.178e-24
step32000,32000,V,v,residual,1024,64-128,1572864,0.01401626,0.01426738,0.004593531,0.01860152,0.01883572,0.002613613,0.002896445,0.001565,0.001536,0,0,1.524e-23,1.178e-24
step32000,32000,V,v,residual,1024,128-256,3145728,0.009476766,0.009710963,0.002295812,0.01164162,0.01189273,0.002271425,0.002369563,0.001565,0.001536,0,0,1.524e-23,1.178e-24
step32000,32000,V,v,residual,1024,256-512,6291456,0.004162415,0.004396613,0.0004092852,0.00434855,0.004599661,0.001941022,0.001955895,0.001565,0.001536,0,0,1.524e-23,1.178e-24
step32000,32000,V,v,residual,1024,512-1024,1.258291e+07,0.005187796,0.005456775,0.001444578,0.006580478,0.006849457,0.002502339,0.002647865,0.001565,0.001536,2.100354e-06,1.033147e-06,1.524e-23,1.178e-24
step32000,32000,O,u,residual,1024,spike,786432,0.009668181,0.009932034,0.0124143,0.02125681,0.02152579,0.002512251,0.00269136,0.001565,0.001536,5.449568e-05,7.992699e-05,1.524e-23,1.178e-24
step32000,32000,O,u,residual,1024,32-64,786432,0.002052729,0.002286926,0.002361298,0.00394995,0.004213803,0.001975105,0.002226512,0.001565,0.001536,0,0,1.524e-23,1.178e-24
step32000,32000,O,u,residual,1024,64-128,1572864,0.0009240128,0.001168866,0.001094182,0.00174527,0.002014249,0.001890001,0.001964206,0.001565,0.001536,0,0,1.524e-23,1.178e-24
step32000,32000,O,u,residual,1024,128-256,3145728,0.0004281935,0.0006553262,0.0006039937,0.0007259692,0.0009895997,0.001783462,0.001846404,0.001565,0.001536,0,0,1.524e-23,1.178e-24
step32000,32000,O,u,residual,1024,256-512,6291456,0.0002575663,0.0003929175,0.0003244082,0.0002229651,0.0004240824,0.001768226,0.001764661,0.001565,0.001536,0,0,1.524e-23,1.178e-24
step32000,32000,O,u,residual,1024,512-1024,1.258291e+07,0.0001932827,0.0004037151,0.0008519491,0.0008743166,0.001107946,0.001771314,0.001825333,0.001565,0.001536,0,0,1.524e-23,1.178e-24
step32000,32000,O,v,head,1024,spike,786432,0.04325412,0.04351775,0.01003011,0.03360244,0.03387142,0.006414504,0.005785624,0.001565,0.001536,0,1.453218e-06,1.524e-23,1.178e-24
step32000,32000,O,v,head,1024,32-64,786432,0.02321629,0.02348527,0.001172384,0.02265857,0.0229222,0.004491897,0.004300799,0.001565,0.001536,0,0,1.524e-23,1.178e-24
step32000,32000,O,v,head,1024,64-128,1572864,0.01658826,0.01685724,0.003243128,0.01349962,0.0137686,0.003551302,0.003094809,0.001565,0.001536,0,0,1.524e-23,1.178e-24
step32000,32000,O,v,head,1024,128-256,3145728,0.01217737,0.012441,0.00662899,0.005720362,0.005983992,0.002980777,0.002254441,0.001565,0.001536,0,0,1.524e-23,1.178e-24
step32000,32000,O,v,head,1024,256-512,6291456,0.005630539,0.005899518,0.004730701,0.0008998375,0.001168816,0.002280576,0.001824311,0.001565,0.001536,0,0,1.524e-23,1.178e-24
step32000,32000,O,v,head,1024,512-1024,1.258291e+07,0.006656295,0.006925274,0.003302177,0.003374885,0.003638737,0.002473525,0.002136446,0.001565,0.001536,4.541306e-08,0,1.524e-23,1.178e-24
step32000,32000,MLP_IN,u,hidden,4096,spike,3145728,0.01186211,0.01191443,0.01972834,0.02387433,0.02394154,0.003184273,0.002930278,0.001565,0.001558,1.871018e-05,4.795619e-05,1.524e-23,8.299e-24
step32000,32000,MLP_IN,u,hidden,4096,32-64,3145728,0.005989224,0.006055155,0.001665433,0.007327229,0.00739316,0.002429008,0.002735456,0.001565,0.001558,1.816523e-06,4.995437e-07,1.524e-23,8.299e-24
step32000,32000,MLP_IN,u,hidden,4096,64-128,6291456,0.004695639,0.00476152,0.001155535,0.005526692,0.005592622,0.002297174,0.002475148,0.001565,0.001558,9.082613e-08,0,1.524e-23,8.299e-24
step32000,32000,MLP_IN,u,hidden,4096,128-256,1.258291e+07,0.003463314,0.003530529,0.0002236366,0.003555264,0.003622479,0.002171051,0.002188614,0.001565,0.001558,0,0,1.524e-23,8.299e-24
step32000,32000,MLP_IN,u,hidden,4096,256-512,2.516582e+07,0.002137588,0.002204802,0.0005003214,0.001676867,0.001742798,0.002014342,0.00194314,0.001565,0.001558,0,0,1.524e-23,8.299e-24
step32000,32000,MLP_IN,u,hidden,4096,512-1024,5.033165e+07,0.001373222,0.001439152,0.0009748737,0.0004524251,0.0005196401,0.001947928,0.001799765,0.001565,0.001558,1.282919e-06,0,1.524e-23,8.299e-24
step32000,32000,MLP_IN,v,residual,1024,spike,786432,0.001051755,0.001246851,0.01303864,0.01312045,0.01337156,0.001873925,0.002679552,0.001565,0.001536,0,1.271566e-06,1.524e-23,1.178e-24
step32000,32000,MLP_IN,v,residual,1024,32-64,786432,0.00729286,0.007543971,0.004046122,0.01028369,0.01054732,0.002273378,0.00245503,0.001565,0.001536,0,0,1.524e-23,1.178e-24
step32000,32000,MLP_IN,v,residual,1024,64-128,1572864,0.00881111,0.009062221,0.0009740194,0.007908298,0.008159409,0.002379281,0.002309799,0.001565,0.001536,0,0,1.524e-23,1.178e-24
step32000,32000,MLP_IN,v,residual,1024,128-256,3145728,0.007927054,0.008178165,0.002742132,0.005220199,0.005454397,0.002201671,0.002128465,0.001565,0.001536,0,0,1.524e-23,1.178e-24
step32000,32000,MLP_IN,v,residual,1024,256-512,6291456,0.004162098,0.004396295,0.002129555,0.002192451,0.002443562,0.00196684,0.001879283,0.001565,0.001536,0,0,1.524e-23,1.178e-24
step32000,32000,MLP_IN,v,residual,1024,512-1024,1.258291e+07,0.007089343,0.007358322,0.002056281,0.00509348,0.00535711,0.00243506,0.002223072,0.001565,0.001536,2.046994e-05,1.084237e-05,1.524e-23,1.178e-24
step32000,32000,MLP_OUT,u,residual,1024,spike,786432,0.02133819,0.02160717,0.03295898,0.05374443,0.05399554,0.002886636,0.002878462,0.001565,0.001536,0.0001440502,0.0001647586,1.524e-23,1.178e-24
step32000,32000,MLP_OUT,u,residual,1024,32-64,786432,0.00351974,0.003788719,0.002596537,0.005473286,0.005737139,0.00231425,0.002463749,0.001565,0.001536,0,0,1.524e-23,1.178e-24
step32000,32000,MLP_OUT,u,residual,1024,64-128,1572864,0.002356893,0.002625872,0.001829147,0.003484772,0.003753751,0.002011254,0.00214277,0.001565,0.001536,0,0,1.524e-23,1.178e-24
step32000,32000,MLP_OUT,u,residual,1024,128-256,3145728,0.001221244,0.001484875,0.0009021759,0.001790786,0.002024984,0.00183764,0.001904715,0.001565,0.001536,0,0,1.524e-23,1.178e-24
step32000,32000,MLP_OUT,u,residual,1024,256-512,6291456,0.0003985382,0.0006433912,0.0008001328,0.0009818434,0.001210864,0.001796336,0.00179452,0.001565,0.001536,0,0,1.524e-23,1.178e-24
step32000,32000,MLP_OUT,u,residual,1024,512-1024,1.258291e+07,0.0009501712,0.00115957,0.00195082,0.002016975,0.002268086,0.00185107,0.001898595,0.001565,0.001536,4.541306e-08,0,1.524e-23,1.178e-24
step32000,32000,MLP_OUT,v,hidden,4096,spike,3145728,0.02801211,0.02807804,0.007250786,0.02143875,0.02150468,0.005290213,0.003900528,0.001565,0.001558,3.528595e-05,7.179805e-05,1.524e-23,8.299e-24
step32000,32000,MLP_OUT,v,hidden,4096,32-64,3145728,0.01211308,0.01217902,0.0008424123,0.01155296,0.01161889,0.003551529,0.003526506,0.001565,0.001558,4.950024e-06,3.178914e-07,1.524e-23,8.299e-24
step32000,32000,MLP_OUT,v,hidden,4096,64-128,6291456,0.007213742,0.007279672,0.0004296303,0.007539954,0.007607169,0.002800896,0.002861295,0.001565,0.001558,5.222502e-07,0,1.524e-23,8.299e-24
step32000,32000,MLP_OUT,v,hidden,4096,128-256,1.258291e+07,0.004349834,0.004417049,0.0002955596,0.004130012,0.004197227,0.002293235,0.002324206,0.001565,0.001558,0,0,1.524e-23,8.299e-24
step32000,32000,MLP_OUT,v,hidden,4096,256-512,2.516582e+07,0.002732341,0.002798222,0.001153072,0.001614158,0.001680039,0.002030038,0.001968424,0.001565,0.001558,0,0,1.524e-23,8.299e-24
step32000,32000,MLP_OUT,v,hidden,4096,512-1024,5.033165e+07,0.001465076,0.001527831,0.001237969,0.0002431135,0.0003103285,0.001918358,0.00180121,0.001565,0.001558,6.72681e-07,0,1.524e-23,8.299e-24
step48000,48000,Q,u,head,1024,spike,786432,0.07246951,0.07272062,0.06310018,0.1354413,0.1356924,0.007717859,0.0104094,0.001565,0.001536,1.998175e-06,0.0003471375,1.524e-23,1.178e-24
step48000,48000,Q,u,head,1024,32-64,786432,0.05160577,0.0518694,0.03402837,0.08379916,0.08405027,0.006686438,0.008690425,0.001565,0.001536,0,5.63122e-06,1.524e-23,1.178e-24
step48000,48000,Q,u,head,1024,64-128,1572864,0.04362912,0.04388023,0.01823489,0.06050534,0.06075646,0.005436307,0.006398701,0.001565,0.001536,0,0,1.524e-23,1.178e-24
step48000,48000,Q,u,head,1024,128-256,3145728,0.03757742,0.03782854,0.002978961,0.03680972,0.03706083,0.004557791,0.004233633,0.001565,0.001536,0,0,1.524e-23,1.178e-24
step48000,48000,Q,u,head,1024,256-512,6291456,0.01872339,0.01898702,0.004117648,0.01468606,0.01493717,0.002943607,0.002705801,0.001565,0.001536,0,0,1.524e-23,1.178e-24
step48000,48000,Q,u,head,1024,512-1024,1.258291e+07,0.02420327,0.02447225,0.004017591,0.02124046,0.02150409,0.004555941,0.00390524,0.001565,0.001536,2.724784e-07,1.816523e-07,1.524e-23,1.178e-24
step48000,48000,Q,v,residual,1024,spike,786432,0.00165986,0.001923713,0.01674398,0.01811781,0.01838144,0.001924787,0.003612337,0.001565,0.001536,0,6.721133e-06,1.524e-23,1.178e-24
step48000,48000,Q,v,residual,1024,32-64,786432,0.004955714,0.005189911,0.00941213,0.01368464,0.01395362,0.002029237,0.003313519,0.001565,0.001536,0,0,1.524e-23,1.178e-24
step48000,48000,Q,v,residual,1024,64-128,1572864,0.004294123,0.004563102,0.004461924,0.008696143,0.008959774,0.002066022,0.002705619,0.001565,0.001536,0,0,1.524e-23,1.178e-24
step48000,48000,Q,v,residual,1024,128-256,3145728,0.003282333,0.003536228,0.0007098516,0.00374735,0.004016329,0.001973425,0.00211257,0.001565,0.001536,0,0,1.524e-23,1.178e-24
step48000,48000,Q,v,residual,1024,256-512,6291456,0.0009606219,0.001211733,0.0005426407,0.0006651418,0.0009162529,0.001812503,0.001807281,0.001565,0.001536,0,0,1.524e-23,1.178e-24
step48000,48000,Q,v,residual,1024,512-1024,1.258291e+07,0.001602555,0.001866185,0.0009093285,0.002471988,0.002735618,0.001982961,0.00198832,0.001565,0.001536,1.248859e-07,0,1.524e-23,1.178e-24
step48000,48000,K,u,head,1024,spike,786432,0.07911471,0.07936582,0.04043452,0.1185957,0.1188593,0.008586884,0.00923629,0.001565,0.001536,1.998175e-06,0.0003613063,1.524e-23,1.178e-24
step48000,48000,K,u,head,1024,32-64,786432,0.05411838,0.05438201,0.01154327,0.06436073,0.06461184,0.00665483,0.007333846,0.001565,0.001536,0,7.26609e-07,1.524e-23,1.178e-24
step48000,48000,K,u,head,1024,64-128,1572864,0.04481804,0.04506915,0.003051122,0.04628097,0.04653208,0.005457288,0.005038488,0.001565,0.001536,0,0,1.524e-23,1.178e-24
step48000,48000,K,u,head,1024,128-256,3145728,0.03725763,0.03750874,0.0093654,0.02823046,0.02848157,0.004478318,0.003372556,0.001565,0.001536,0,0,1.524e-23,1.178e-24
step48000,48000,K,u,head,1024,256-512,6291456,0.01828745,0.01853856,0.007398287,0.01088917,0.01114028,0.002939656,0.002340181,0.001565,0.001536,0,0,1.524e-23,1.178e-24
step48000,48000,K,u,head,1024,512-1024,1.258291e+07,0.02321335,0.02348233,0.007386367,0.01582699,0.01609597,0.004413173,0.003658828,0.001565,0.001536,8.96908e-07,1.70299e-07,1.524e-23,1.178e-24
step48000,48000,K,v,residual,1024,spike,786432,0.001536482,0.001787593,0.004290263,0.005442842,0.005706473,0.002031054,0.002221789,0.001565,0.001536,0,7.26609e-07,1.524e-23,1.178e-24
step48000,48000,K,v,residual,1024,32-64,786432,0.002714062,0.002977693,0.002390544,0.004495452,0.004759305,0.00193605,0.002199445,0.001565,0.001536,0,0,1.524e-23,1.178e-24
step48000,48000,K,v,residual,1024,64-128,1572864,0.003202233,0.003453344,0.001082738,0.002581745,0.002845598,0.001995722,0.002006531,0.001565,0.001536,0,0,1.524e-23,1.178e-24
step48000,48000,K,v,residual,1024,128-256,3145728,0.002074355,0.002325466,0.001166979,0.001209054,0.001460165,0.001906259,0.001849129,0.001565,0.001536,0,0,1.524e-23,1.178e-24
step48000,48000,K,v,residual,1024,256-512,6291456,0.000539841,0.0007846939,0.0005489985,0.0001460151,0.0003894207,0.001795564,0.001775628,0.001565,0.001536,0,0,1.524e-23,1.178e-24
step48000,48000,K,v,residual,1024,512-1024,1.258291e+07,0.0008491577,0.00111301,0.0002947648,0.0007772292,0.00104086,0.001874538,0.001831997,0.001565,0.001536,0,0,1.524e-23,1.178e-24
step48000,48000,V,u,head,1024,spike,786432,0.0501689,0.05043253,0.01229731,0.03943384,0.03970282,0.006727491,0.00629643,0.001565,0.001536,0,2.179827e-06,1.524e-23,1.178e-24
step48000,48000,V,u,head,1024,32-64,786432,0.02936227,0.0296259,0.003364563,0.02662282,0.0268918,0.00463849,0.004524231,0.001565,0.001536,0,0,1.524e-23,1.178e-24
step48000,48000,V,u,head,1024,64-128,1572864,0.01679552,0.0170645,0.0009492238,0.01678648,0.01705011,0.003589448,0.00339617,0.001565,0.001536,0,0,1.524e-23,1.178e-24
step48000,48000,V,u,head,1024,128-256,3145728,0.01151248,0.01178146,0.005091985,0.006794835,0.007058465,0.002914928,0.002324513,0.001565,0.001536,0,0,1.524e-23,1.178e-24
step48000,48000,V,u,head,1024,256-512,6291456,0.004090214,0.004353845,0.003266017,0.00105753,0.00132116,0.002193882,0.001856509,0.001565,0.001536,0,0,1.524e-23,1.178e-24
step48000,48000,V,u,head,1024,512-1024,1.258291e+07,0.004876024,0.005145003,0.0007965565,0.004159594,0.004423225,0.00229781,0.002223946,0.001565,0.001536,0,0,1.524e-23,1.178e-24
step48000,48000,V,v,residual,1024,spike,786432,0.01816602,0.01841713,0.009435018,0.02716998,0.02742109,0.002954029,0.003741855,0.001565,0.001536,0,0,1.524e-23,1.178e-24
step48000,48000,V,v,residual,1024,32-64,786432,0.01667065,0.01690485,0.005893707,0.02235837,0.02260948,0.002852304,0.003290631,0.001565,0.001536,0,0,1.524e-23,1.178e-24
step48000,48000,V,v,residual,1024,64-128,1572864,0.01339001,0.01362421,0.004189809,0.0174177,0.01766881,0.002562296,0.002870741,0.001565,0.001536,0,0,1.524e-23,1.178e-24
step48000,48000,V,v,residual,1024,128-256,3145728,0.009152516,0.009386714,0.001341502,0.01044824,0.01068244,0.002302715,0.002357755,0.001565,0.001536,0,0,1.524e-23,1.178e-24
step48000,48000,V,v,residual,1024,256-512,6291456,0.004127697,0.004356717,0.0006399155,0.004651582,0.0048666,0.001926513,0.00193085,0.001565,0.001536,0,0,1.524e-23,1.178e-24
step48000,48000,V,v,residual,1024,512-1024,1.258291e+07,0.005547569,0.005816548,0.0008261998,0.006345954,0.006614933,0.002479349,0.002570379,0.001565,0.001536,3.281094e-06,3.462746e-06,1.524e-23,1.178e-24
step48000,48000,O,u,residual,1024,spike,786432,0.01055531,0.01082429,0.01293564,0.02306802,0.02333165,0.002478282,0.002635956,0.001565,0.001536,5.976359e-05,9.772891e-05,1.524e-23,1.178e-24
step48000,48000,O,u,residual,1024,32-64,786432,0.001797263,0.002060894,0.001979828,0.003221343,0.003485196,0.00197674,0.002237774,0.001565,0.001536,0,0,1.524e-23,1.178e-24
step48000,48000,O,u,residual,1024,64-128,1572864,0.001120044,0.001371156,0.00116094,0.001755617,0.00200047,0.001834869,0.001997085,0.001565,0.001536,0,0,1.524e-23,1.178e-24
step48000,48000,O,u,residual,1024,128-256,3145728,0.0005641624,0.000827793,0.0005970001,0.00100649,0.001275469,0.001799447,0.001850855,0.001565,0.001536,0,0,1.524e-23,1.178e-24
step48000,48000,O,u,residual,1024,256-512,6291456,0.0002329105,0.0002543641,0.0003867149,0.0002442236,0.0004410674,0.001763139,0.001754102,0.001565,0.001536,0,0,1.524e-23,1.178e-24
step48000,48000,O,u,residual,1024,512-1024,1.258291e+07,0.0003038808,0.0004793318,0.0006592274,0.0006823874,0.0009334985,0.001775117,0.00182179,0.001565,0.001536,0,0,1.524e-23,1.178e-24
step48000,48000,O,v,head,1024,spike,786432,0.04291412,0.0431831,0.01231639,0.03150104,0.03176467,0.006327856,0.005524045,0.001565,0.001536,0,7.26609e-07,1.524e-23,1.178e-24
step48000,48000,O,v,head,1024,32-64,786432,0.02202102,0.02229,0.001398722,0.02097707,0.02124604,0.004214514,0.004145849,0.001565,0.001536,0,0,1.524e-23,1.178e-24
step48000,48000,O,v,head,1024,64-128,1572864,0.01515584,0.01542482,0.002096176,0.01315058,0.01341956,0.00338291,0.003057298,0.001565,0.001536,0,0,1.524e-23,1.178e-24
step48000,48000,O,v,head,1024,128-256,3145728,0.01212206,0.01238569,0.006762822,0.005502747,0.005771725,0.002909524,0.002235095,0.001565,0.001536,0,0,1.524e-23,1.178e-24
step48000,48000,O,v,head,1024,256-512,6291456,0.00558667,0.005855649,0.004870733,0.0007159373,0.0009849162,0.002291952,0.001846313,0.001565,0.001536,0,0,1.524e-23,1.178e-24
step48000,48000,O,v,head,1024,512-1024,1.258291e+07,0.006671713,0.006940692,0.003432035,0.003239677,0.003508656,0.002480984,0.002133983,0.001565,0.001536,2.15712e-07,0,1.524e-23,1.178e-24
step48000,48000,MLP_IN,u,hidden,4096,spike,3145728,0.01299476,0.01304708,0.02199014,0.02801441,0.02808029,0.003289041,0.003060613,0.001565,0.001558,2.493177e-05,4.277911e-05,1.524e-23,8.299e-24
step48000,48000,MLP_IN,u,hidden,4096,32-64,3145728,0.007717814,0.007785029,0.001812935,0.00900591,0.009073125,0.002548172,0.002941132,0.001565,0.001558,2.452305e-06,8.174351e-07,1.524e-23,8.299e-24
step48000,48000,MLP_IN,u,hidden,4096,64-128,6291456,0.0059621,0.006029315,0.0008322398,0.006749676,0.006816891,0.002424399,0.002606233,0.001565,0.001558,9.082613e-08,0,1.524e-23,8.299e-24
step48000,48000,MLP_IN,u,hidden,4096,128-256,1.258291e+07,0.00448756,0.004554775,0.0005357265,0.004030909,0.004098124,0.002288478,0.002259425,0.001565,0.001558,0,0,1.524e-23,8.299e-24
step48000,48000,MLP_IN,u,hidden,4096,256-512,2.516582e+07,0.002711819,0.002779034,0.0007969936,0.001926945,0.00199416,0.002072056,0.001977097,0.001565,0.001558,0,0,1.524e-23,8.299e-24
step48000,48000,MLP_IN,u,hidden,4096,512-1024,5.033165e+07,0.001932691,0.001998621,0.001681844,0.0003371374,0.0003998927,0.002017543,0.001807746,0.001565,0.001558,1.998175e-06,0,1.524e-23,8.299e-24
step48000,48000,MLP_IN,v,residual,1024,spike,786432,0.001154041,0.0008904103,0.01225535,0.01137967,0.01163078,0.001768748,0.002577827,0.001565,0.001536,0,3.269741e-06,1.524e-23,1.178e-24
step48000,48000,MLP_IN,v,residual,1024,32-64,786432,0.006664707,0.006915818,0.003489176,0.00960711,0.009858221,0.002182552,0.002426874,0.001565,0.001536,0,0,1.524e-23,1.178e-24
step48000,48000,MLP_IN,v,residual,1024,64-128,1572864,0.009110564,0.009361675,0.001515071,0.007661725,0.007925355,0.002388364,0.002304804,0.001565,0.001536,0,0,1.524e-23,1.178e-24
step48000,48000,MLP_IN,v,residual,1024,128-256,3145728,0.007915928,0.008167039,0.003387133,0.004535262,0.004798893,0.002225149,0.002063797,0.001565,0.001536,0,0,1.524e-23,1.178e-24
step48000,48000,MLP_IN,v,residual,1024,256-512,6291456,0.003979955,0.004231066,0.002005895,0.00200584,0.002240037,0.001941749,0.001847449,0.001565,0.001536,0,0,1.524e-23,1.178e-24
step48000,48000,MLP_IN,v,residual,1024,512-1024,1.258291e+07,0.007366544,0.007635523,0.002635797,0.004730747,0.004999726,0.00243565,0.002176875,0.001565,0.001536,2.008393e-05,1.022929e-05,1.524e-23,1.178e-24
step48000,48000,MLP_OUT,u,residual,1024,spike,786432,0.02472487,0.0249885,0.02912521,0.05280729,0.0530584,0.002938952,0.002866109,0.001565,0.001536,0.0001445952,0.0001625788,1.524e-23,1.178e-24
step48000,48000,MLP_OUT,u,residual,1024,32-64,786432,0.003868149,0.004137128,0.001431783,0.004972363,0.005235994,0.002255031,0.002365657,0.001565,0.001536,0,0,1.524e-23,1.178e-24
step48000,48000,MLP_OUT,u,residual,1024,64-128,1572864,0.002474934,0.002738787,0.001731873,0.003369435,0.003603633,0.002032507,0.002136685,0.001565,0.001536,0,0,1.524e-23,1.178e-24
step48000,48000,MLP_OUT,u,residual,1024,128-256,3145728,0.001609906,0.001871431,0.0007632573,0.002073193,0.002336824,0.001890455,0.001929238,0.001565,0.001536,0,0,1.524e-23,1.178e-24
step48000,48000,MLP_OUT,u,residual,1024,256-512,6291456,0.0007079344,0.0009717871,0.0005787214,0.001111135,0.001345332,0.001814047,0.00179947,0.001565,0.001536,0,0,1.524e-23,1.178e-24
step48000,48000,MLP_OUT,u,residual,1024,512-1024,1.258291e+07,0.001079474,0.001288873,0.001745621,0.002063458,0.002309889,0.001873312,0.001902614,0.001565,0.001536,1.248859e-07,0,1.524e-23,1.178e-24
step48000,48000,MLP_OUT,v,hidden,4096,spike,3145728,0.03313069,0.03319791,0.006323497,0.0277295,0.02779543,0.005776905,0.004417238,0.001565,0.001558,4.268828e-05,9.486789e-05,1.524e-23,8.299e-24
step48000,48000,MLP_OUT,v,hidden,4096,32-64,3145728,0.01547669,0.01554262,0.0009145737,0.01464435,0.01471157,0.003929638,0.003968511,0.001565,0.001558,8.855547e-06,1.407805e-06,1.524e-23,8.299e-24
step48000,48000,MLP_OUT,v,hidden,4096,64-128,6291456,0.009442375,0.00950959,0.0004653931,0.009021113,0.009087044,0.003097171,0.003155708,0.001565,0.001558,1.158033e-06,0,1.524e-23,8.299e-24
step48000,48000,MLP_OUT,v,hidden,4096,128-256,1.258291e+07,0.005188272,0.005255487,0.0003949006,0.004856712,0.004923927,0.002460389,0.002450443,0.001565,0.001558,0,0,1.524e-23,8.299e-24
step48000,48000,MLP_OUT,v,hidden,4096,256-512,2.516582e+07,0.003118341,0.003184222,0.001194715,0.001966382,0.002032263,0.002087758,0.002004629,0.001565,0.001558,0,0,1.524e-23,8.299e-24
step48000,48000,MLP_OUT,v,hidden,4096,512-1024,5.033165e+07,0.001862848,0.00192873,0.001604279,0.0002761619,0.0003389171,0.001975695,0.001802913,0.001565,0.001558,6.64166e-07,0,1.524e-23,8.299e-24
step64000,64000,Q,u,head,1024,spike,786432,0.07979118,0.08004229,0.08987681,0.1688249,0.1690591,0.008517311,0.01108133,0.001565,0.001536,3.451393e-06,0.0004875546,1.524e-23,1.178e-24
step64000,64000,Q,u,head,1024,32-64,786432,0.05791909,0.05818272,0.04999669,0.105033,0.1052672,0.007303874,0.009658632,0.001565,0.001536,0,9.754726e-05,1.524e-23,1.178e-24
step64000,64000,Q,u,head,1024,64-128,1572864,0.04864175,0.04890538,0.02609889,0.07270728,0.07294148,0.005902427,0.007299605,0.001565,0.001536,0,2.633958e-06,1.524e-23,1.178e-24
step64000,64000,Q,u,head,1024,128-256,3145728,0.04133363,0.04158474,0.006380399,0.04500272,0.04523692,0.004776273,0.00472146,0.001565,0.001536,0,0,1.524e-23,1.178e-24
step64000,64000,Q,u,head,1024,256-512,6291456,0.02076033,0.02101144,0.001270453,0.02054957,0.02080068,0.003093379,0.003085432,0.001565,0.001536,0,0,1.524e-23,1.178e-24
step64000,64000,Q,u,head,1024,512-1024,1.258291e+07,0.02766646,0.02793543,0.003536701,0.02708481,0.02734844,0.004816294,0.004316182,0.001565,0.001536,4.995437e-07,4.541306e-08,1.524e-23,1.178e-24
step64000,64000,Q,v,residual,1024,spike,786432,0.00258195,0.002829958,0.01757685,0.02013783,0.02040681,0.002005078,0.004046304,0.001565,0.001536,0,1.362392e-05,1.524e-23,1.178e-24
step64000,64000,Q,v,residual,1024,32-64,786432,0.005990887,0.006254518,0.01121267,0.01717812,0.01744175,0.002133869,0.003847576,0.001565,0.001536,0,0,1.524e-23,1.178e-24
step64000,64000,Q,v,residual,1024,64-128,1572864,0.004751746,0.005015377,0.008509318,0.0128632,0.01313218,0.002113342,0.003134228,0.001565,0.001536,0,0,1.524e-23,1.178e-24
step64000,64000,Q,v,residual,1024,128-256,3145728,0.003230208,0.003481319,0.002364794,0.005451743,0.005715374,0.002001444,0.002290453,0.001565,0.001536,0,0,1.524e-23,1.178e-24
step64000,64000,Q,v,residual,1024,256-512,6291456,0.001056683,0.001251778,0.0005407333,0.0008763135,0.001145292,0.001820837,0.001842113,0.001565,0.001536,0,0,1.524e-23,1.178e-24
step64000,64000,Q,v,residual,1024,512-1024,1.258291e+07,0.001651889,0.001920868,0.00212574,0.003660663,0.003924294,0.00199268,0.002083211,0.001565,0.001536,9.082613e-08,0,1.524e-23,1.178e-24
step64000,64000,K,u,head,1024,spike,786432,0.08736844,0.08761955,0.04223251,0.1291648,0.1294159,0.009154365,0.01000995,0.001565,0.001536,3.451393e-06,0.0003587632,1.524e-23,1.178e-24
step64000,64000,K,u,head,1024,32-64,786432,0.05995232,0.06021595,0.01568731,0.07510419,0.0753553,0.007448469,0.008208865,0.001565,0.001536,0,1.453218e-06,1.524e-23,1.178e-24
step64000,64000,K,u,head,1024,64-128,1572864,0.04948341,0.04973452,0.004724503,0.05287404,0.05312515,0.00594566,0.005670093,0.001565,0.001536,3.633045e-07,0,1.524e-23,1.178e-24
step64000,64000,K,u,head,1024,128-256,3145728,0.03887855,0.03912966,0.008382479,0.03082827,0.03107938,0.004658654,0.003609884,0.001565,0.001536,0,0,1.524e-23,1.178e-24
step64000,64000,K,u,head,1024,256-512,6291456,0.01881849,0.0190696,0.006944974,0.01195649,0.0122076,0.003009819,0.002441656,0.001565,0.001536,0,0,1.524e-23,1.178e-24
step64000,64000,K,u,head,1024,512-1024,1.258291e+07,0.02497161,0.02524059,0.007645925,0.01732569,0.01759466,0.00451449,0.003751573,0.001565,0.001536,1.158033e-06,2.270653e-07,1.524e-23,1.178e-24
step64000,64000,K,v,residual,1024,spike,786432,0.00232242,0.002586051,0.004372915,0.006695335,0.006958965,0.002087184,0.002454485,0.001565,0.001536,0,0,1.524e-23,1.178e-24
step64000,64000,K,v,residual,1024,32-64,786432,0.003607973,0.003871603,0.001622518,0.004826909,0.005095888,0.002102261,0.002298264,0.001565,0.001536,0,0,1.524e-23,1.178e-24
step64000,64000,K,v,residual,1024,64-128,1572864,0.004010564,0.004279543,0.0006624858,0.003384058,0.003618256,0.002058392,0.002070109,0.001565,0.001536,0,0,1.524e-23,1.178e-24
step64000,64000,K,v,residual,1024,128-256,3145728,0.002728367,0.002991998,0.001491865,0.001401311,0.00167029,0.001944587,0.001890955,0.001565,0.001536,0,0,1.524e-23,1.178e-24
step64000,64000,K,v,residual,1024,256-512,6291456,0.0008872707,0.001120424,0.0007707278,0.0002901116,0.0005051296,0.001814592,0.001796314,0.001565,0.001536,0,0,1.524e-23,1.178e-24
step64000,64000,K,v,residual,1024,512-1024,1.258291e+07,0.001197487,0.00146134,0.0003622373,0.000896444,0.001160297,0.001927308,0.001891874,0.001565,0.001536,0,0,1.524e-23,1.178e-24
step64000,64000,V,u,head,1024,spike,786432,0.05242465,0.05268828,0.01332601,0.04032571,0.04058934,0.006923494,0.006299882,0.001565,0.001536,0,1.453218e-06,1.524e-23,1.178e-24
step64000,64000,V,u,head,1024,32-64,786432,0.02936481,0.02962844,0.0027771,0.02702258,0.02728622,0.004680089,0.004524049,0.001565,0.001536,0,0,1.524e-23,1.178e-24
step64000,64000,V,u,head,1024,64-128,1572864,0.01856667,0.0188303,0.001636505,0.01705605,0.01731968,0.003663926,0.003393173,0.001565,0.001536,0,0,1.524e-23,1.178e-24
step64000,64000,V,u,head,1024,128-256,3145728,0.01138342,0.0116524,0.003898621,0.007737065,0.008000695,0.002875601,0.002428509,0.001565,0.001536,0,0,1.524e-23,1.178e-24
step64000,64000,V,u,head,1024,256-512,6291456,0.004983966,0.005247597,0.003513018,0.001728104,0.001997083,0.002218088,0.001867181,0.001565,0.001536,0,0,1.524e-23,1.178e-24
step64000,64000,V,u,head,1024,512-1024,1.258291e+07,0.005244937,0.005513916,0.0009552638,0.004499799,0.004768778,0.002347719,0.002253521,0.001565,0.001536,0,0,1.524e-23,1.178e-24
step64000,64000,V,v,residual,1024,spike,786432,0.02014087,0.0204045,0.008207957,0.02807024,0.02832136,0.003114246,0.003979819,0.001565,0.001536,0,0,1.524e-23,1.178e-24
step64000,64000,V,v,residual,1024,32-64,786432,0.01735729,0.01759149,0.006652832,0.02329806,0.02354917,0.002873557,0.003498441,0.001565,0.001536,0,0,1.524e-23,1.178e-24
step64000,64000,V,v,residual,1024,64-128,1572864,0.01424006,0.01449117,0.004197439,0.01822197,0.01847308,0.002678826,0.00294649,0.001565,0.001536,0,0,1.524e-23,1.178e-24
step64000,64000,V,v,residual,1024,128-256,3145728,0.009391889,0.009626086,0.001449903,0.01077027,0.01102139,0.00232692,0.002365203,0.001565,0.001536,0,0,1.524e-23,1.178e-24
step64000,64000,V,v,residual,1024,256-512,6291456,0.004171089,0.004404719,0.0004485448,0.004619067,0.004853264,0.001930782,0.001956758,0.001565,0.001536,0,0,1.524e-23,1.178e-24
step64000,64000,V,v,residual,1024,512-1024,1.258291e+07,0.005923714,0.006192693,0.0006816387,0.006605353,0.006874332,0.002506642,0.002567552,0.001565,0.001536,3.984996e-06,5.585807e-06,1.524e-23,1.178e-24
step64000,64000,O,u,residual,1024,spike,786432,0.01205364,0.01231749,0.01286697,0.02374145,0.02401043,0.002574194,0.002661024,0.001565,0.001536,6.84829e-05,8.646647e-05,1.524e-23,1.178e-24
step64000,64000,O,u,residual,1024,32-64,786432,0.001336883,0.001600735,0.002559662,0.003861791,0.00413077,0.001977466,0.002266838,0.001565,0.001536,0,0,1.524e-23,1.178e-24
step64000,64000,O,u,residual,1024,64-128,1572864,0.0004376019,0.0006436324,0.002844493,0.002764289,0.00302792,0.001873925,0.001993724,0.001565,0.001536,0,0,1.524e-23,1.178e-24
step64000,64000,O,u,residual,1024,128-256,3145728,0.0002944804,0.0005455915,0.0006189346,0.0006576198,0.0009127548,0.001784824,0.001815024,0.001565,0.001536,0,0,1.524e-23,1.178e-24
step64000,64000,O,u,residual,1024,256-512,6291456,0.0003287638,0.0005935918,0.0003007253,0.0005323208,0.000727416,0.001768271,0.001762299,0.001565,0.001536,0,0,1.524e-23,1.178e-24
step64000,64000,O,u,residual,1024,512-1024,1.258291e+07,0.0004967388,0.0007478499,0.0002155304,0.0006069677,0.0008592696,0.001787401,0.001804477,0.001565,0.001536,0,0,1.524e-23,1.178e-24
step64000,64000,O,v,head,1024,spike,786432,0.0456701,0.04593373,0.0115509,0.03485924,0.03512288,0.006378537,0.005621592,0.001565,0.001536,0,7.26609e-07,1.524e-23,1.178e-24
step64000,64000,O,v,head,1024,32-64,786432,0.02334522,0.02360885,0.001906077,0.02495452,0.0252235,0.004264468,0.004459926,0.001565,0.001536,0,0,1.524e-23,1.178e-24
step64000,64000,O,v,head,1024,64-128,1572864,0.01750428,0.01776791,0.002110799,0.01541969,0.01568867,0.003514063,0.003261203,0.001565,0.001536,0,0,1.524e-23,1.178e-24
step64000,64000,O,v,head,1024,128-256,3145728,0.01373123,0.01399486,0.007707914,0.006029988,0.006293618,0.003088497,0.002309345,0.001565,0.001536,0,0,1.524e-23,1.178e-24
step64000,64000,O,v,head,1024,256-512,6291456,0.005875016,0.006138646,0.004757881,0.001424584,0.001675696,0.002314431,0.001846018,0.001565,0.001536,0,0,1.524e-23,1.178e-24
step64000,64000,O,v,head,1024,512-1024,1.258291e+07,0.007118032,0.007387011,0.003385623,0.003760005,0.004023635,0.002544903,0.002177647,0.001565,0.001536,2.838316e-07,0,1.524e-23,1.178e-24
step64000,64000,MLP_IN,u,hidden,4096,spike,3145728,0.01430924,0.01436156,0.02303886,0.0310614,0.03112728,0.003346761,0.003267606,0.001565,0.001558,2.570379e-05,3.837404e-05,1.524e-23,8.299e-24
step64000,64000,MLP_IN,u,hidden,4096,32-64,3145728,0.007880257,0.007947472,0.002491951,0.01037221,0.01043942,0.00266997,0.003080005,0.001565,0.001558,1.316979e-06,3.633045e-07,1.524e-23,8.299e-24
step64000,64000,MLP_IN,u,hidden,4096,64-128,6291456,0.006557034,0.006624248,0.0008187294,0.007317748,0.007384963,0.002518268,0.002709979,0.001565,0.001558,1.816523e-07,0,1.524e-23,8.299e-24
step64000,64000,MLP_IN,u,hidden,4096,128-256,1.258291e+07,0.005425976,0.005493191,0.0007427533,0.00469109,0.004758305,0.002393337,0.002298389,0.001565,0.001558,0,0,1.524e-23,8.299e-24
step64000,64000,MLP_IN,u,hidden,4096,256-512,2.516582e+07,0.002970521,0.003036403,0.0008244912,0.002201881,0.002269096,0.002113666,0.002010062,0.001565,0.001558,0,0,1.524e-23,8.299e-24
step64000,64000,MLP_IN,u,hidden,4096,512-1024,5.033165e+07,0.002327949,0.00239388,0.00190264,0.0004565379,0.0005237528,0.002073583,0.001812495,0.001565,0.001558,2.466497e-06,0,1.524e-23,8.299e-24
step64000,64000,MLP_IN,v,residual,1024,spike,786432,0.00148603,0.001234918,0.01280467,0.01144209,0.01170572,0.001790001,0.00257928,0.001565,0.001536,0,1.271566e-06,1.524e-23,1.178e-24
step64000,64000,MLP_IN,v,residual,1024,32-64,786432,0.006126826,0.006361023,0.00359726,0.009356722,0.009620352,0.002236139,0.002450852,0.001565,0.001536,0,0,1.524e-23,1.178e-24
step64000,64000,MLP_IN,v,residual,1024,64-128,1572864,0.008698576,0.008949687,0.001946131,0.007494514,0.007758144,0.002352306,0.002252851,0.001565,0.001536,0,0,1.524e-23,1.178e-24
step64000,64000,MLP_IN,v,residual,1024,128-256,3145728,0.008025282,0.008276393,0.003375689,0.004771278,0.005040257,0.002263296,0.002040772,0.001565,0.001536,0,0,1.524e-23,1.178e-24
step64000,64000,MLP_IN,v,residual,1024,256-512,6291456,0.00444661,0.004680808,0.002692382,0.001835618,0.002086729,0.001970564,0.001878738,0.001565,0.001536,0,0,1.524e-23,1.178e-24
step64000,64000,MLP_IN,v,residual,1024,512-1024,1.258291e+07,0.00736559,0.007634569,0.002805551,0.004583325,0.004852304,0.00243187,0.00217549,0.001565,0.001536,2.040182e-05,9.809222e-06,1.524e-23,1.178e-24
step64000,64000,MLP_OUT,u,residual,1024,spike,786432,0.02486092,0.02512455,0.02854156,0.05182309,0.0520742,0.002991268,0.002824329,0.001565,0.001536,0.0001336961,0.0001491365,1.524e-23,1.178e-24
step64000,64000,MLP_OUT,u,residual,1024,32-64,786432,0.003290397,0.003546083,0.002848307,0.005467778,0.005736757,0.002324059,0.002480098,0.001565,0.001536,0,0,1.524e-23,1.178e-24
step64000,64000,MLP_OUT,u,residual,1024,64-128,1572864,0.002732005,0.003000984,0.00146993,0.003369695,0.003638674,0.002059573,0.002128147,0.001565,0.001536,0,0,1.524e-23,1.178e-24
step64000,64000,MLP_OUT,u,residual,1024,128-256,3145728,0.001361116,0.001624747,0.0008017222,0.002076898,0.002328009,0.001886686,0.001912389,0.001565,0.001536,0,0,1.524e-23,1.178e-24
step64000,64000,MLP_OUT,u,residual,1024,256-512,6291456,0.0007322531,0.0009961058,0.000940005,0.001115445,0.001291991,0.001813434,0.001795837,0.001565,0.001536,0,0,1.524e-23,1.178e-24
step64000,64000,MLP_OUT,u,residual,1024,512-1024,1.258291e+07,0.00126401,0.001473408,0.001492739,0.002061392,0.002295589,0.001877876,0.001918225,0.001565,0.001536,2.043588e-07,0,1.524e-23,1.178e-24
step64000,64000,MLP_OUT,v,hidden,4096,spike,3145728,0.03623299,0.03630021,0.005371094,0.03182267,0.0318886,0.006169592,0.004768462,0.001565,0.001558,4.686628e-05,0.0001105808,1.524e-23,8.299e-24
step64000,64000,MLP_OUT,v,hidden,4096,32-64,3145728,0.01739231,0.01745824,0.001631419,0.01642528,0.01649121,0.004203433,0.004283542,0.001565,0.001558,1.326061e-05,2.497718e-06,1.524e-23,8.299e-24
step64000,64000,MLP_OUT,v,hidden,4096,64-128,6291456,0.01073556,0.01080277,0.0008455912,0.01045401,0.01051994,0.003296875,0.003362406,0.001565,0.001558,1.339685e-06,0,1.524e-23,8.299e-24
step64000,64000,MLP_OUT,v,hidden,4096,128-256,1.258291e+07,0.00593341,0.006000625,0.000648578,0.00549824,0.005564171,0.002553917,0.002553554,0.001565,0.001558,0,0,1.524e-23,8.299e-24
step64000,64000,MLP_OUT,v,hidden,4096,256-512,2.516582e+07,0.003525679,0.00359156,0.001370907,0.002154772,0.002220653,0.002148753,0.002030077,0.001565,0.001558,0,0,1.524e-23,8.299e-24
step64000,64000,MLP_OUT,v,hidden,4096,512-1024,5.033165e+07,0.002188808,0.002256023,0.00193576,0.0002821224,0.0003448776,0.002019885,0.001810812,0.001565,0.001558,7.776987e-07,0,1.524e-23,8.299e-24
step96000,96000,Q,u,head,1024,spike,786432,0.09514151,0.09537571,0.1183103,0.2120699,0.2122849,0.009350005,0.01337669,0.001565,0.001536,2.906436e-06,0.0004953657,1.524e-23,1.178e-24
step96000,96000,Q,u,head,1024,32-64,786432,0.072027,0.07227811,0.0855662,0.1527396,0.1529738,0.008388338,0.01254381,0.001565,0.001536,7.629395e-06,0.0001155308,1.524e-23,1.178e-24
step96000,96000,Q,u,head,1024,64-128,1572864,0.05913343,0.05939707,0.05404154,0.108746,0.1089802,0.006969997,0.009931564,0.001565,0.001536,7.26609e-07,8.44683e-06,1.524e-23,1.178e-24
step96000,96000,Q,u,head,1024,128-256,3145728,0.04680136,0.04705247,0.02445189,0.06788932,0.06812351,0.005278497,0.006347293,0.001565,0.001536,0,3.633045e-07,1.524e-23,1.178e-24
step96000,96000,Q,u,head,1024,256-512,6291456,0.02434642,0.02461005,0.01030858,0.03365274,0.03390385,0.003332479,0.003845714,0.001565,0.001536,0,0,1.524e-23,1.178e-24
step96000,96000,Q,u,head,1024,512-1024,1.258291e+07,0.03409909,0.03436272,0.01180975,0.0425719,0.04282301,0.005315974,0.005267756,0.001565,0.001536,9.650276e-07,1.362392e-07,1.524e-23,1.178e-24
step96000,96000,Q,v,residual,1024,spike,786432,0.003375166,0.003626277,0.0302887,0.0333499,0.03361353,0.002193996,0.005280994,0.001565,0.001536,0,2.506801e-05,1.524e-23,1.178e-24
step96000,96000,Q,v,residual,1024,32-64,786432,0.005862349,0.00611346,0.01911672,0.02480497,0.0250686,0.002272651,0.004631224,0.001565,0.001536,0,0,1.524e-23,1.178e-24
step96000,96000,Q,v,residual,1024,64-128,1572864,0.006950424,0.007219403,0.01198387,0.0189343,0.01920327,0.00231425,0.003871827,0.001565,0.001536,0,0,1.524e-23,1.178e-24
step96000,96000,Q,v,residual,1024,128-256,3145728,0.004649703,0.004913334,0.004853566,0.009042327,0.009305958,0.002079146,0.002684957,0.001565,0.001536,0,0,1.524e-23,1.178e-24
step96000,96000,Q,v,residual,1024,256-512,6291456,0.001184952,0.001400878,0.00101614,0.001999901,0.00226888,0.001838253,0.001941227,0.001565,0.001536,0,0,1.524e-23,1.178e-24
step96000,96000,Q,v,residual,1024,512-1024,1.258291e+07,0.002260914,0.002524766,0.004249334,0.006427095,0.006696074,0.002079248,0.002298866,0.001565,0.001536,0,0,1.524e-23,1.178e-24
step96000,96000,K,u,head,1024,spike,786432,0.1022597,0.1025109,0.05158488,0.1534237,0.1536749,0.01020014,0.01110458,0.001565,0.001536,1.852853e-05,0.0004139855,1.524e-23,1.178e-24
step96000,96000,K,u,head,1024,32-64,786432,0.07507622,0.07532733,0.02139282,0.09554588,0.09579699,0.008767991,0.009660448,0.001565,0.001536,6.902786e-06,9.082613e-06,1.524e-23,1.178e-24
step96000,96000,K,u,head,1024,64-128,1572864,0.05849881,0.05874992,0.01052157,0.06767125,0.06792236,0.006929761,0.00700006,0.001565,0.001536,3.633045e-07,0,1.524e-23,1.178e-24
step96000,96000,K,u,head,1024,128-256,3145728,0.04206446,0.04231557,0.005147298,0.03751194,0.03776305,0.005005882,0.004311153,0.001565,0.001536,0,0,1.524e-23,1.178e-24
step96000,96000,K,u,head,1024,256-512,6291456,0.02071705,0.02098068,0.006258647,0.01449898,0.01475009,0.003144696,0.00260537,0.001565,0.001536,0,0,1.524e-23,1.178e-24
step96000,96000,K,u,head,1024,512-1024,1.258291e+07,0.02874587,0.0290095,0.007758379,0.0210796,0.02134323,0.004761616,0.003981931,0.001565,0.001536,1.646224e-06,4.541306e-08,1.524e-23,1.178e-24
step96000,96000,K,v,residual,1024,spike,786432,0.003496001,0.003759854,0.004793803,0.00789315,0.00815678,0.002158574,0.002525693,0.001565,0.001536,0,0,1.524e-23,1.178e-24
step96000,96000,K,v,residual,1024,32-64,786432,0.005225286,0.005459483,0.002924601,0.007659958,0.007928937,0.00220326,0.002493359,0.001565,0.001536,0,0,1.524e-23,1.178e-24
step96000,96000,K,v,residual,1024,64-128,1572864,0.005350654,0.005614284,0.0009015401,0.005861187,0.006124818,0.002185731,0.002303169,0.001565,0.001536,0,0,1.524e-23,1.178e-24
step96000,96000,K,v,residual,1024,128-256,3145728,0.003493532,0.003757163,0.0006930033,0.002800529,0.003064159,0.002010573,0.001996267,0.001565,0.001536,0,0,1.524e-23,1.178e-24
step96000,96000,K,v,residual,1024,256-512,6291456,0.000647022,0.0008981331,0.0002415975,0.0008106872,0.001074318,0.00180996,0.001798789,0.001565,0.001536,0,0,1.524e-23,1.178e-24
step96000,96000,K,v,residual,1024,512-1024,1.258291e+07,0.001553899,0.001822878,0.0002367496,0.001722644,0.001986497,0.001986572,0.001979033,0.001565,0.001536,0,0,1.524e-23,1.178e-24
step96000,96000,V,u,head,1024,spike,786432,0.05957212,0.05983576,0.01184591,0.04854511,0.04880874,0.007737478,0.006892976,0.001565,0.001536,1.453218e-06,4.541306e-06,1.524e-23,1.178e-24
step96000,96000,V,u,head,1024,32-64,786432,0.0351517,0.03541534,0.003997803,0.03199568,0.03225931,0.005097707,0.005101885,0.001565,0.001536,0,0,1.524e-23,1.178e-24
step96000,96000,V,u,head,1024,64-128,1572864,0.02194522,0.02220885,0.001214981,0.02121407,0.0214777,0.003981272,0.003656297,0.001565,0.001536,0,0,1.524e-23,1.178e-24
step96000,96000,V,u,head,1024,128-256,3145728,0.01291965,0.01318328,0.003451347,0.009606267,0.009869897,0.003019015,0.002510252,0.001565,0.001536,0,0,1.524e-23,1.178e-24
step96000,96000,V,u,head,1024,256-512,6291456,0.005228088,0.005497067,0.003441493,0.001924579,0.002188209,0.002293064,0.001939546,0.001565,0.001536,0,0,1.524e-23,1.178e-24
step96000,96000,V,u,head,1024,512-1024,1.258291e+07,0.006650176,0.006919155,0.001111507,0.005658672,0.005927651,0.002466599,0.002384595,0.001565,0.001536,0,0,1.524e-23,1.178e-24
step96000,96000,V,v,residual,1024,spike,786432,0.02363757,0.02388868,0.008839925,0.03228814,0.03255177,0.00360725,0.004400526,0.001565,0.001536,0,0,1.524e-23,1.178e-24
step96000,96000,V,v,residual,1024,32-64,786432,0.02034039,0.02059024,0.005592346,0.02543949,0.02570312,0.003191085,0.003681728,0.001565,0.001536,0,0,1.524e-23,1.178e-24
step96000,96000,V,v,residual,1024,64-128,1572864,0.01622434,0.01647545,0.003804525,0.02002886,0.02027997,0.002823058,0.003112248,0.001565,0.001536,0,0,1.524e-23,1.178e-24
step96000,96000,V,v,residual,1024,128-256,3145728,0.01076137,0.01101248,0.001992544,0.01251962,0.01276947,0.002415294,0.002457937,0.001565,0.001536,0,0,1.524e-23,1.178e-24
step96000,96000,V,v,residual,1024,256-512,6291456,0.004406011,0.004621029,0.0003832181,0.004735506,0.004964526,0.001930441,0.001959755,0.001565,0.001536,0,0,1.524e-23,1.178e-24
step96000,96000,V,v,residual,1024,512-1024,1.258291e+07,0.00654249,0.006811469,0.001153231,0.0074275,0.007696479,0.002581074,0.002641735,0.001565,0.001536,4.666192e-06,5.653926e-06,1.524e-23,1.178e-24
step96000,96000,O,u,residual,1024,spike,786432,0.01367319,0.01394217,0.01463699,0.02803094,0.02829457,0.00270462,0.002864474,0.001565,0.001536,7.138933e-05,9.373256e-05,1.524e-23,1.178e-24
step96000,96000,O,u,residual,1024,32-64,786432,0.00171334,0.001976971,0.004070282,0.005182948,0.005451927,0.001960391,0.002400171,0.001565,0.001536,0,0,1.524e-23,1.178e-24
step96000,96000,O,u,residual,1024,64-128,1572864,0.0008144836,0.001083463,0.001653671,0.002366289,0.00262992,0.001889456,0.002048674,0.001565,0.001536,0,0,1.524e-23,1.178e-24
step96000,96000,O,u,residual,1024,128-256,3145728,0.000298967,0.0005628198,0.001105626,0.00122029,0.001483921,0.001801809,0.001865387,0.001565,0.001536,0,0,1.524e-23,1.178e-24
step96000,96000,O,u,residual,1024,256-512,6291456,0.000232385,0.000369678,0.0006386439,0.0006365316,0.0008876426,0.001751968,0.001770428,0.001565,0.001536,0,0,1.524e-23,1.178e-24
step96000,96000,O,u,residual,1024,512-1024,1.258291e+07,0.000518117,0.0007692281,0.0004936854,0.0009639109,0.001227541,0.001798562,0.001831304,0.001565,0.001536,0,0,1.524e-23,1.178e-24
step96000,96000,O,v,head,1024,spike,786432,0.05415271,0.05441634,0.008869171,0.04613803,0.04640166,0.007286072,0.006706964,0.001565,0.001536,7.26609e-07,0,1.524e-23,1.178e-24
step96000,96000,O,v,head,1024,32-64,786432,0.03316552,0.03342915,0.001782735,0.03440989,0.03467887,0.005193075,0.005286807,0.001565,0.001536,0,0,1.524e-23,1.178e-24
step96000,96000,O,v,head,1024,64-128,1572864,0.0242741,0.02453773,0.002533595,0.0218346,0.02209823,0.004211698,0.003771555,0.001565,0.001536,0,0,1.524e-23,1.178e-24
step96000,96000,O,v,head,1024,128-256,3145728,0.01730878,0.01757241,0.006964684,0.01034409,0.01060772,0.003340222,0.002538772,0.001565,0.001536,0,0,1.524e-23,1.178e-24
step96000,96000,O,v,head,1024,256-512,6291456,0.00728407,0.0075477,0.004984379,0.002312724,0.002576355,0.002460571,0.001931622,0.001565,0.001536,0,0,1.524e-23,1.178e-24
step96000,96000,O,v,head,1024,512-1024,1.258291e+07,0.00979587,0.01006485,0.003895124,0.005931105,0.006200084,0.002797921,0.002388159,0.001565,0.001536,2.497718e-07,0,1.524e-23,1.178e-24
step96000,96000,MLP_IN,u,hidden,4096,spike,3145728,0.01602331,0.01607563,0.02615865,0.0361839,0.03624978,0.003468241,0.003601574,0.001565,0.001558,3.283364e-05,5.576724e-05,1.524e-23,8.299e-24
step96000,96000,MLP_IN,u,hidden,4096,32-64,3145728,0.009938463,0.01000434,0.002910296,0.01198466,0.01205059,0.00285462,0.003324781,0.001565,0.001558,1.18074e-06,1.816523e-07,1.524e-23,8.299e-24
step96000,96000,MLP_IN,u,hidden,4096,64-128,6291456,0.008197671,0.008264886,0.001123587,0.009077595,0.00914481,0.002724557,0.002936772,0.001565,0.001558,0,0,1.524e-23,8.299e-24
step96000,96000,MLP_IN,u,hidden,4096,128-256,1.258291e+07,0.006578968,0.006646183,0.001014948,0.005640015,0.005705896,0.002540293,0.002429837,0.001565,0.001558,0,0,1.524e-23,8.299e-24
step96000,96000,MLP_IN,u,hidden,4096,256-512,2.516582e+07,0.003588007,0.003655222,0.0009716352,0.00263473,0.002701945,0.002183335,0.002065534,0.001565,0.001558,0,0,1.524e-23,8.299e-24
step96000,96000,MLP_IN,u,hidden,4096,512-1024,5.033165e+07,0.00293834,0.003004271,0.002404133,0.0005367733,0.0006001374,0.002161216,0.0018264,0.001565,0.001558,3.726709e-06,0,1.524e-23,8.299e-24
step96000,96000,MLP_IN,v,residual,1024,spike,786432,0.0006563108,0.0006219816,0.01119614,0.01075799,0.01102162,0.001842499,0.002492814,0.001565,0.001536,0,2.543132e-06,1.524e-23,1.178e-24
step96000,96000,MLP_IN,v,residual,1024,32-64,786432,0.006006036,0.006257147,0.002204895,0.008010134,0.008273764,0.002197811,0.002410707,0.001565,0.001536,0,0,1.524e-23,1.178e-24
step96000,96000,MLP_IN,v,residual,1024,64-128,1572864,0.008725279,0.00897639,0.001952489,0.006987159,0.007250789,0.002365385,0.002228964,0.001565,0.001536,0,0,1.524e-23,1.178e-24
step96000,96000,MLP_IN,v,residual,1024,128-256,3145728,0.00735326,0.007604371,0.003172239,0.004519368,0.004782998,0.002234504,0.002028919,0.001565,0.001536,0,0,1.524e-23,1.178e-24
step96000,96000,MLP_IN,v,residual,1024,256-512,6291456,0.004025563,0.004269531,0.002660751,0.001470471,0.001734101,0.001926082,0.001837957,0.001565,0.001536,0,0,1.524e-23,1.178e-24
step96000,96000,MLP_IN,v,residual,1024,512-1024,1.258291e+07,0.006902979,0.007171958,0.002518654,0.004384325,0.004653304,0.002407937,0.002148662,0.001565,0.001536,1.774515e-05,8.197058e-06,1.524e-23,1.178e-24
step96000,96000,MLP_OUT,u,residual,1024,spike,786432,0.02538735,0.02565098,0.02754974,0.05126488,0.05151599,0.003042494,0.003028506,0.001565,0.001536,0.0001229786,0.0001524062,1.524e-23,1.178e-24
step96000,96000,MLP_OUT,u,residual,1024,32-64,786432,0.004342938,0.004606569,0.003142039,0.006760111,0.007023963,0.002351125,0.002629961,0.001565,0.001536,0,0,1.524e-23,1.178e-24
step96000,96000,MLP_OUT,u,residual,1024,64-128,1572864,0.002499803,0.002763434,0.002157847,0.00413327,0.004402249,0.002036958,0.002234686,0.001565,0.001536,0,0,1.524e-23,1.178e-24
step96000,96000,MLP_OUT,u,residual,1024,128-256,3145728,0.001904393,0.002168023,0.0008853277,0.00263141,0.002895041,0.0019311,0.001926922,0.001565,0.001536,0,0,1.524e-23,1.178e-24
step96000,96000,MLP_OUT,u,residual,1024,256-512,6291456,0.0008158224,0.001066933,0.0005404154,0.001124438,0.001299889,0.001796427,0.001796041,0.001565,0.001536,0,0,1.524e-23,1.178e-24
step96000,96000,MLP_OUT,u,residual,1024,512-1024,1.258291e+07,0.00134682,0.001556219,0.001577218,0.002015865,0.002230883,0.001894519,0.001923595,0.001565,0.001536,1.589457e-07,7.947286e-08,1.524e-23,1.178e-24
step96000,96000,MLP_OUT,v,hidden,4096,spike,3145728,0.03949647,0.03956368,0.004921595,0.03574037,0.0358063,0.006447338,0.005077407,0.001565,0.001558,5.313328e-05,0.000123796,1.524e-23,8.299e-24
step96000,96000,MLP_OUT,v,hidden,4096,32-64,3145728,0.01967509,0.01974102,0.0009222031,0.01876804,0.01883525,0.004488627,0.004607655,0.001565,0.001558,1.348768e-05,3.315154e-06,1.524e-23,8.299e-24
step96000,96000,MLP_OUT,v,hidden,4096,64-128,6291456,0.01203764,0.01210486,0.0006553332,0.0117091,0.01177632,0.003526438,0.00360121,0.001565,0.001558,1.430511e-06,9.082613e-08,1.524e-23,8.299e-24
step96000,96000,MLP_OUT,v,hidden,4096,128-256,1.258291e+07,0.006844964,0.006912179,0.001064459,0.005919661,0.005986876,0.002677668,0.002636523,0.001565,0.001558,0,0,1.524e-23,8.299e-24
step96000,96000,MLP_OUT,v,hidden,4096,256-512,2.516582e+07,0.003870493,0.003937708,0.00166591,0.002287354,0.002354569,0.002191038,0.002060578,0.001565,0.001558,0,0,1.524e-23,8.299e-24
step96000,96000,MLP_OUT,v,hidden,4096,512-1024,5.033165e+07,0.002690103,0.002757318,0.002334754,0.0003880081,0.0004505963,0.002090463,0.001809872,0.001565,0.001558,7.918903e-07,0,1.524e-23,8.299e-24
step128000,128000,Q,u,head,1024,spike,786432,0.09870953,0.09894373,0.1579539,0.2521763,0.2523913,0.009475708,0.01357941,0.001565,0.001536,3.99635e-06,0.0006677537,1.524e-23,1.178e-24
step128000,128000,Q,u,head,1024,32-64,786432,0.07401573,0.07426684,0.1240311,0.188879,0.1890941,0.008735657,0.01393127,0.001565,0.001536,6.176177e-06,0.0001841954,1.524e-23,1.178e-24
step128000,128000,Q,u,head,1024,64-128,1572864,0.06126585,0.06152948,0.08314705,0.1358789,0.1360939,0.007114047,0.01106907,0.001565,0.001536,7.26609e-07,4.732041e-05,1.524e-23,1.178e-24
step128000,128000,Q,u,head,1024,128-256,3145728,0.04853006,0.04878117,0.04874325,0.09106512,0.09128014,0.005380449,0.007632619,0.001565,0.001536,0,8.628482e-07,1.524e-23,1.178e-24
step128000,128000,Q,u,head,1024,256-512,6291456,0.02567477,0.02592588,0.02666012,0.05087227,0.05110647,0.003408932,0.004963784,0.001565,0.001536,0,0,1.524e-23,1.178e-24
step128000,128000,Q,u,head,1024,512-1024,1.258291e+07,0.03695415,0.03721778,0.02992256,0.06149708,0.06173127,0.005524965,0.00637386,0.001565,0.001536,1.362392e-06,4.881904e-07,1.524e-23,1.178e-24
step128000,128000,Q,v,residual,1024,spike,786432,0.003765152,0.004034131,0.02976608,0.03349994,0.03376357,0.002319518,0.005291893,0.001565,0.001536,0,6.902786e-06,1.524e-23,1.178e-24
step128000,128000,Q,v,residual,1024,32-64,786432,0.008779321,0.009030432,0.01846313,0.02719933,0.02746296,0.002361843,0.004639762,0.001565,0.001536,0,0,1.524e-23,1.178e-24
step128000,128000,Q,v,residual,1024,64-128,1572864,0.00834837,0.008612001,0.01445897,0.02246339,0.02272702,0.002375739,0.003988448,0.001565,0.001536,0,0,1.524e-23,1.178e-24
step128000,128000,Q,v,residual,1024,128-256,3145728,0.005301839,0.005570818,0.0072848,0.0124924,0.01275603,0.002142679,0.002861432,0.001565,0.001536,0,0,1.524e-23,1.178e-24
step128000,128000,Q,v,residual,1024,256-512,6291456,0.001550787,0.001801898,0.001738548,0.002941972,0.003210951,0.001862344,0.002021608,0.001565,0.001536,0,0,1.524e-23,1.178e-24
step128000,128000,Q,v,residual,1024,512-1024,1.258291e+07,0.002881175,0.003150154,0.00551192,0.00834837,0.008612001,0.002148674,0.002519085,0.001565,0.001536,0,0,1.524e-23,1.178e-24
step128000,128000,K,u,head,1024,spike,786432,0.1149576,0.1152087,0.05466461,0.1696222,0.1698733,0.01098378,0.01181503,0.001565,0.001536,2.089001e-05,0.000428881,1.524e-23,1.178e-24
step128000,128000,K,u,head,1024,32-64,786432,0.08763801,0.08788913,0.02848943,0.1133516,0.1136027,0.009636289,0.01078815,0.001565,0.001536,9.627569e-06,2.125331e-05,1.524e-23,1.178e-24
step128000,128000,K,u,head,1024,64-128,1572864,0.06656881,0.06681992,0.0170002,0.08206856,0.08231967,0.007647378,0.008222126,0.001565,0.001536,1.453218e-06,3.633045e-07,1.524e-23,1.178e-24
step128000,128000,K,u,head,1024,128-256,3145728,0.04562135,0.04587246,0.0018212,0.044963,0.04521411,0.005376089,0.005095119,0.001565,0.001536,0,0,1.524e-23,1.178e-24
step128000,128000,K,u,head,1024,256-512,6291456,0.02241432,0.02266543,0.005261739,0.01737129,0.0176224,0.003288996,0.002807572,0.001565,0.001536,0,0,1.524e-23,1.178e-24
step128000,128000,K,u,head,1024,512-1024,1.258291e+07,0.03202413,0.03228776,0.007742564,0.02442422,0.02468785,0.004938818,0.004129501,0.001565,0.001536,2.236593e-06,3.178914e-07,1.524e-23,1.178e-24
step128000,128000,K,v,residual,1024,spike,786432,0.005033398,0.005297029,0.005545298,0.009909743,0.01016085,0.002251035,0.0027266,0.001565,0.001536,0,0,1.524e-23,1.178e-24
step128000,128000,K,v,residual,1024,32-64,786432,0.006498132,0.006749243,0.003700256,0.009567306,0.009836285,0.002216884,0.002656119,0.001565,0.001536,0,0,1.524e-23,1.178e-24
step128000,128000,K,v,residual,1024,64-128,1572864,0.006628467,0.006879578,0.0004647573,0.006832804,0.007101783,0.002273832,0.002378827,0.001565,0.001536,0,0,1.524e-23,1.178e-24
step128000,128000,K,v,residual,1024,128-256,3145728,0.003777935,0.004029046,0.0004723867,0.003640221,0.0039092,0.002076013,0.002089364,0.001565,0.001536,0,0,1.524e-23,1.178e-24
step128000,128000,K,v,residual,1024,256-512,6291456,0.0008374751,0.001102377,0.0003554026,0.00088703,0.001138141,0.001811618,0.001820042,0.001565,0.001536,0,0,1.524e-23,1.178e-24
step128000,128000,K,v,residual,1024,512-1024,1.258291e+07,0.001710087,0.001978406,0.0005679131,0.002214795,0.002483774,0.002013422,0.002052648,0.001565,0.001536,0,0,1.524e-23,1.178e-24
step128000,128000,V,u,head,1024,spike,786432,0.06602151,0.06628514,0.01449839,0.05310494,0.05336857,0.008152916,0.007280804,0.001565,0.001536,5.267915e-06,5.267915e-06,1.524e-23,1.178e-24
step128000,128000,V,u,head,1024,32-64,786432,0.03712136,0.03738499,0.003899892,0.03435062,0.03461425,0.00535856,0.00543776,0.001565,0.001536,0,0,1.524e-23,1.178e-24
step128000,128000,V,u,head,1024,64-128,1572864,0.02325366,0.02351729,0.0008017222,0.02315575,0.02341938,0.004093079,0.003918693,0.001565,0.001536,0,0,1.524e-23,1.178e-24
step128000,128000,V,u,head,1024,128-256,3145728,0.01416229,0.01442592,0.003582319,0.01066167,0.0109253,0.003108933,0.00261988,0.001565,0.001536,0,0,1.524e-23,1.178e-24
step128000,128000,V,u,head,1024,256-512,6291456,0.00552915,0.00579278,0.003142198,0.002423809,0.002692788,0.002300558,0.00195208,0.001565,0.001536,0,0,1.524e-23,1.178e-24
step128000,128000,V,u,head,1024,512-1024,1.258291e+07,0.007113105,0.007382084,0.0008442402,0.006295011,0.00656399,0.002510775,0.002440169,0.001565,0.001536,0,0,1.524e-23,1.178e-24
step128000,128000,V,v,residual,1024,spike,786432,0.02483411,0.02508522,0.008473714,0.03330782,0.03355894,0.003756387,0.004313333,0.001565,0.001536,0,0,1.524e-23,1.178e-24
step128000,128000,V,v,residual,1024,32-64,786432,0.02109952,0.02135063,0.006484985,0.02758451,0.02783562,0.003199078,0.003823053,0.001565,0.001536,0,0,1.524e-23,1.178e-24
step128000,128000,V,v,residual,1024,64-128,1572864,0.01757919,0.0178303,0.003632228,0.02018717,0.02043828,0.002901804,0.003173374,0.001565,0.001536,0,0,1.524e-23,1.178e-24
step128000,128000,V,v,residual,1024,128-256,3145728,0.01088471,0.0111189,0.001332601,0.0120412,0.01227539,0.002382914,0.002486956,0.001565,0.001536,0,0,1.524e-23,1.178e-24
step128000,128000,V,v,residual,1024,256-512,6291456,0.004220599,0.00447171,0.0006667773,0.004841204,0.005059734,0.001931486,0.001958961,0.001565,0.001536,0,0,1.524e-23,1.178e-24
step128000,128000,V,v,residual,1024,512-1024,1.258291e+07,0.006717728,0.006986707,0.0009942849,0.007712013,0.007980992,0.002593313,0.002680472,0.001565,0.001536,3.757931e-06,5.381448e-06,1.524e-23,1.178e-24
step128000,128000,O,u,residual,1024,spike,786432,0.01450013,0.01476398,0.01675797,0.03059823,0.03086186,0.002626692,0.003076099,0.001565,0.001536,6.539481e-05,9.827387e-05,1.524e-23,1.178e-24
step128000,128000,O,u,residual,1024,32-64,786432,0.001675083,0.001926194,0.003934224,0.005165641,0.005429272,0.002002171,0.002487728,0.001565,0.001536,0,0,1.524e-23,1.178e-24
step128000,128000,O,u,residual,1024,64-128,1572864,0.0008964896,0.001111507,0.002730687,0.003237452,0.003506431,0.001845678,0.002112071,0.001565,0.001536,0,0,1.524e-23,1.178e-24
step128000,128000,O,u,residual,1024,128-256,3145728,0.0004050728,0.0006157594,0.001188914,0.001414663,0.001683642,0.001785278,0.001893861,0.001565,0.001536,0,0,1.524e-23,1.178e-24
step128000,128000,O,u,residual,1024,256-512,6291456,0.000236932,0.0004390692,0.0004385312,0.0002642717,0.000498469,0.001799652,0.001761822,0.001565,0.001536,0,0,1.524e-23,1.178e-24
step128000,128000,O,u,residual,1024,512-1024,1.258291e+07,0.0004418231,0.0007053253,0.0006647905,0.001060736,0.001279051,0.001811765,0.001844497,0.001565,0.001536,0,0,1.524e-23,1.178e-24
step128000,128000,O,v,head,1024,spike,786432,0.0635801,0.06384373,0.005894979,0.05780211,0.05806574,0.007917858,0.00766845,0.001565,0.001536,1.271566e-06,2.724784e-06,1.524e-23,1.178e-24
step128000,128000,O,v,head,1024,32-64,786432,0.04370807,0.0439717,0.0009002686,0.04411116,0.04437479,0.006252107,0.006265368,0.001565,0.001536,7.26609e-07,0,1.524e-23,1.178e-24
step128000,128000,O,v,head,1024,64-128,1572864,0.03218069,0.03244432,0.002308528,0.02994517,0.03019628,0.004851477,0.004464467,0.001565,0.001536,0,0,1.524e-23,1.178e-24
step128000,128000,O,v,head,1024,128-256,3145728,0.02196493,0.02222856,0.006445885,0.01551905,0.01578268,0.003678685,0.002914928,0.001565,0.001536,0,0,1.524e-23,1.178e-24
step128000,128000,O,v,head,1024,256-512,6291456,0.009474501,0.009738131,0.005148888,0.00451603,0.00477966,0.002612318,0.002086685,0.001565,0.001536,0,0,1.524e-23,1.178e-24
step128000,128000,O,v,head,1024,512-1024,1.258291e+07,0.01330986,0.01357349,0.004488786,0.008936292,0.009205271,0.003098522,0.002663294,0.001565,0.001536,7.947286e-08,0,1.524e-23,1.178e-24
step128000,128000,MLP_IN,u,hidden,4096,spike,3145728,0.01679166,0.01684398,0.02736537,0.03921722,0.0392831,0.003523282,0.00375675,0.001565,0.001558,3.878276e-05,4.836491e-05,1.524e-23,8.299e-24
step128000,128000,MLP_IN,u,hidden,4096,32-64,3145728,0.01051526,0.01058247,0.003379504,0.01389476,0.01396198,0.002969151,0.003522146,0.001565,0.001558,1.498631e-06,0,1.524e-23,8.299e-24
step128000,128000,MLP_IN,u,hidden,4096,64-128,6291456,0.009473529,0.009540743,0.001097043,0.009935902,0.01000312,0.002827531,0.003033275,0.001565,0.001558,9.082613e-08,0,1.524e-23,8.299e-24
step128000,128000,MLP_IN,u,hidden,4096,128-256,1.258291e+07,0.007565465,0.00763268,0.001283487,0.006430513,0.006497728,0.002633083,0.002536285,0.001565,0.001558,4.541306e-08,0,1.524e-23,8.299e-24
step128000,128000,MLP_IN,u,hidden,4096,256-512,2.516582e+07,0.004147456,0.004214671,0.001160741,0.00299941,0.003065291,0.002237382,0.002099151,0.001565,0.001558,0,0,1.524e-23,8.299e-24
step128000,128000,MLP_IN,u,hidden,4096,512-1024,5.033165e+07,0.003260662,0.003326593,0.002626777,0.0006539072,0.0007197886,0.002198685,0.001833288,0.001565,0.001558,4.356816e-06,0,1.524e-23,8.299e-24
step128000,128000,MLP_IN,v,residual,1024,spike,786432,0.001116605,0.0013117,0.0104243,0.01084816,0.01109927,0.001945677,0.00260562,0.001565,0.001536,0,5.812872e-06,1.524e-23,1.178e-24
step128000,128000,MLP_IN,v,residual,1024,32-64,786432,0.006754988,0.007006099,0.003139496,0.009785129,0.01003624,0.00214604,0.002448672,0.001565,0.001536,0,0,1.524e-23,1.178e-24
step128000,128000,MLP_IN,v,residual,1024,64-128,1572864,0.008619104,0.008876486,0.001536687,0.007152979,0.007387176,0.002361661,0.00225049,0.001565,0.001536,0,0,1.524e-23,1.178e-24
step128000,128000,MLP_IN,v,residual,1024,128-256,3145728,0.007301126,0.007552237,0.003094673,0.004375363,0.004638993,0.002222016,0.002039047,0.001565,0.001536,0,0,1.524e-23,1.178e-24
step128000,128000,MLP_IN,v,residual,1024,256-512,6291456,0.003700519,0.003934716,0.002389908,0.001447247,0.001716225,0.001954896,0.001852989,0.001565,0.001536,0,0,1.524e-23,1.178e-24
step128000,128000,MLP_IN,v,residual,1024,512-1024,1.258291e+07,0.006459679,0.006728658,0.002127965,0.00437304,0.004642019,0.002391679,0.002143042,0.001565,0.001536,1.613299e-05,7.561275e-06,1.524e-23,1.178e-24
step128000,128000,MLP_OUT,u,residual,1024,spike,786432,0.02416029,0.02442392,0.02808253,0.0502667,0.05051781,0.003094809,0.003087725,0.001565,0.001536,0.0001153492,0.0001429603,1.524e-23,1.178e-24
step128000,128000,MLP_OUT,u,residual,1024,32-64,786432,0.003946525,0.004191378,0.003420512,0.007091568,0.007360547,0.002286094,0.002627418,0.001565,0.001536,0,0,1.524e-23,1.178e-24
step128000,128000,MLP_OUT,u,residual,1024,64-128,1572864,0.002385503,0.002654482,0.002585093,0.004677922,0.0049433,0.002045314,0.002339409,0.001565,0.001536,0,0,1.524e-23,1.178e-24
step128000,128000,MLP_OUT,u,residual,1024,128-256,3145728,0.000998964,0.001262817,0.001873334,0.002337174,0.002564202,0.001868702,0.001956713,0.001565,0.001536,0,0,1.524e-23,1.178e-24
step128000,128000,MLP_OUT,u,residual,1024,256-512,6291456,0.0008764908,0.001140121,0.0004536311,0.00110087,0.001309077,0.001791636,0.001804125,0.001565,0.001536,0,0,1.524e-23,1.178e-24
step128000,128000,MLP_OUT,u,residual,1024,512-1024,1.258291e+07,0.001281494,0.001490893,0.001850605,0.002268984,0.002520095,0.001891885,0.001935561,0.001565,0.001536,1.589457e-07,9.082613e-08,1.524e-23,1.178e-24
step128000,128000,MLP_OUT,v,hidden,4096,spike,3145728,0.03990559,0.03997281,0.005121549,0.03583478,0.03590071,0.006482079,0.005085854,0.001565,0.001558,5.531311e-05,0.0001281102,1.524e-23,8.299e-24
step128000,128000,MLP_OUT,v,hidden,4096,32-64,3145728,0.01950788,0.01957381,0.0005235672,0.01901832,0.01908425,0.004471325,0.004664739,0.001565,0.001558,1.394181e-05,2.134414e-06,1.524e-23,8.299e-24
step128000,128000,MLP_OUT,v,hidden,4096,64-128,6291456,0.01231627,0.01238349,0.0007238388,0.01186084,0.01192677,0.003554594,0.003605547,0.001565,0.001558,1.498631e-06,0,1.524e-23,8.299e-24
step128000,128000,MLP_OUT,v,hidden,4096,128-256,1.258291e+07,0.007055249,0.007122464,0.0008692741,0.006232228,0.006299443,0.002709695,0.002663067,0.001565,0.001558,0,0,1.524e-23,8.299e-24
step128000,128000,MLP_OUT,v,hidden,4096,256-512,2.516582e+07,0.004149125,0.00421634,0.001895587,0.002329912,0.002397127,0.002213058,0.002067577,0.001565,0.001558,0,0,1.524e-23,8.299e-24
step128000,128000,MLP_OUT,v,hidden,4096,512-1024,5.033165e+07,0.002891962,0.002957844,0.002534489,0.000422698,0.0004838782,0.002121139,0.001811385,0.001565,0.001558,8.827164e-07,0,1.524e-23,8.299e-24
step143000,143000,Q,u,head,1024,spike,786432,0.1001655,0.1003997,0.1730512,0.2671943,0.2673894,0.009637742,0.01331729,0.001565,0.001536,5.449568e-06,0.0007538568,1.524e-23,1.178e-24
step143000,143000,Q,u,head,1024,32-64,786432,0.07366986,0.07392098,0.1369883,0.1999696,0.2001847,0.008649554,0.01413109,0.001565,0.001536,2.179827e-06,0.0002408709,1.524e-23,1.178e-24
step143000,143000,Q,u,head,1024,64-128,1572864,0.06265175,0.06290286,0.09426562,0.1466612,0.1468762,0.007280986,0.01153119,0.001565,0.001536,2.089001e-06,8.48316e-05,1.524e-23,1.178e-24
step143000,143000,Q,u,head,1024,128-256,3145728,0.0487014,0.04895251,0.05764866,0.09899048,0.09920549,0.005426679,0.008055324,0.001565,0.001536,0,3.633045e-07,1.524e-23,1.178e-24
step143000,143000,Q,u,head,1024,256-512,6291456,0.02588236,0.02613347,0.03368664,0.05771584,0.05795004,0.003407274,0.005503291,0.001565,0.001536,0,1.816523e-07,1.524e-23,1.178e-24
step143000,143000,Q,u,head,1024,512-1024,1.258291e+07,0.03762299,0.03788662,0.03582891,0.06762809,0.06786229,0.005575952,0.006737947,0.001565,0.001536,1.464571e-06,4.654839e-07,1.524e-23,1.178e-24
step143000,143000,Q,v,residual,1024,spike,786432,0.004037267,0.004306246,0.02850596,0.03199568,0.03225931,0.002369835,0.005065373,0.001565,0.001536,0,2.906436e-06,1.524e-23,1.178e-24
step143000,143000,Q,v,residual,1024,32-64,786432,0.009089198,0.009358177,0.01653544,0.0253136,0.02557723,0.002478463,0.004465376,0.001565,0.001536,0,0,1.524e-23,1.178e-24
step143000,143000,Q,v,residual,1024,64-128,1572864,0.008720829,0.008974397,0.01193746,0.02064823,0.02091186,0.002415793,0.003767377,0.001565,0.001536,0,0,1.524e-23,1.178e-24
step143000,143000,Q,v,residual,1024,128-256,3145728,0.005721205,0.005972316,0.005992889,0.01162057,0.01188955,0.002175694,0.00280403,0.001565,0.001536,0,0,1.524e-23,1.178e-24
step143000,143000,Q,v,residual,1024,256-512,6291456,0.001626446,0.001877557,0.001499017,0.002728685,0.002992316,0.001853012,0.002005009,0.001565,0.001536,0,0,1.524e-23,1.178e-24
step143000,143000,Q,v,residual,1024,512-1024,1.258291e+07,0.003040201,0.003309179,0.004762491,0.007741277,0.008004907,0.002162899,0.002517893,0.001565,0.001536,4.541306e-08,0,1.524e-23,1.178e-24
step143000,143000,K,u,head,1024,spike,786432,0.120363,0.1206141,0.06088511,0.180943,0.1811772,0.01136326,0.01210367,0.001565,0.001536,3.360567e-05,0.0004775638,1.524e-23,1.178e-24
step143000,143000,K,u,head,1024,32-64,786432,0.09116025,0.09141136,0.03485489,0.1216308,0.121865,0.009908585,0.01108642,0.001565,0.001536,9.445917e-06,3.069923e-05,1.524e-23,1.178e-24
step143000,143000,K,u,head,1024,64-128,1572864,0.06984245,0.07009356,0.02018229,0.08824392,0.08849503,0.007934298,0.008603323,0.001565,0.001536,0,1.453218e-06,1.524e-23,1.178e-24
step143000,143000,K,u,head,1024,128-256,3145728,0.04695724,0.04722087,0.003371557,0.04884413,0.04909524,0.00550924,0.005397479,0.001565,0.001536,0,5.449568e-07,1.524e-23,1.178e-24
step143000,143000,K,u,head,1024,256-512,6291456,0.02294281,0.02319393,0.004181385,0.01880414,0.01906777,0.00335766,0.002891041,0.001565,0.001536,0,0,1.524e-23,1.178e-24
step143000,143000,K,u,head,1024,512-1024,1.258291e+07,0.03274606,0.03300969,0.007254521,0.0258241,0.02608467,0.004982767,0.004194248,0.001565,0.001536,1.805169e-06,4.200708e-07,1.524e-23,1.178e-24
step143000,143000,K,v,residual,1024,spike,786432,0.005007857,0.005258968,0.006064097,0.01093728,0.01120091,0.002297356,0.002746219,0.001565,0.001536,0,0,1.524e-23,1.178e-24
step143000,143000,K,v,residual,1024,32-64,786432,0.006507033,0.006758144,0.00271225,0.008922623,0.009191602,0.002277011,0.002599807,0.001565,0.001536,0,0,1.524e-23,1.178e-24
step143000,143000,K,v,residual,1024,64-128,1572864,0.006302946,0.006554058,0.001514435,0.007766769,0.008035748,0.002331597,0.00243187,0.001565,0.001536,0,0,1.524e-23,1.178e-24
step143000,143000,K,v,residual,1024,128-256,3145728,0.004195436,0.004459067,0.0006701152,0.003891991,0.00416097,0.002066385,0.002081689,0.001565,0.001536,0,0,1.524e-23,1.178e-24
step143000,143000,K,v,residual,1024,256-512,6291456,0.001105254,0.001354784,0.0004197756,0.00128687,0.001555849,0.001818339,0.001843543,0.001565,0.001536,0,0,1.524e-23,1.178e-24
step143000,143000,K,v,residual,1024,512-1024,1.258291e+07,0.001890785,0.002159763,0.0004198551,0.00231064,0.002579619,0.001999776,0.002067214,0.001565,0.001536,0,0,1.524e-23,1.178e-24
step143000,143000,V,u,head,1024,spike,786432,0.0667819,0.06704553,0.01410675,0.05486606,0.05512969,0.008147648,0.007352193,0.001565,0.001536,5.267915e-06,1.435053e-05,1.524e-23,1.178e-24
step143000,143000,V,u,head,1024,32-64,786432,0.03743544,0.03769907,0.002552032,0.03690138,0.03716501,0.005334945,0.005523863,0.001565,0.001536,0,0,1.524e-23,1.178e-24
step143000,143000,V,u,head,1024,64-128,1572864,0.02402995,0.02429359,0.00109609,0.02479671,0.02506034,0.004185631,0.003974915,0.001565,0.001536,0,0,1.524e-23,1.178e-24
step143000,143000,V,u,head,1024,128-256,3145728,0.01452768,0.01479666,0.003644625,0.01123165,0.01149528,0.00310857,0.002672059,0.001565,0.001536,0,0,1.524e-23,1.178e-24
step143000,143000,V,u,head,1024,256-512,6291456,0.005650566,0.005919545,0.003531774,0.002206707,0.002470338,0.002316407,0.001955055,0.001565,0.001536,0,0,1.524e-23,1.178e-24
step143000,143000,V,u,head,1024,512-1024,1.258291e+07,0.007520721,0.0077897,0.00110658,0.006552265,0.006821244,0.002570663,0.002476567,0.001565,0.001536,0,0,1.524e-23,1.178e-24
step143000,143000,V,v,residual,1024,spike,786432,0.02562502,0.02587613,0.008298238,0.03392326,0.03417437,0.00371933,0.004550389,0.001565,0.001536,0,0,1.524e-23,1.178e-24
step143000,143000,V,v,residual,1024,32-64,786432,0.02202904,0.02228015,0.005087535,0.02653546,0.02678658,0.003206162,0.003813607,0.001565,0.001536,0,0,1.524e-23,1.178e-24
step143000,143000,V,v,residual,1024,64-128,1572864,0.01744123,0.01769234,0.003385544,0.02054448,0.02079559,0.002954211,0.003224146,0.001565,0.001536,0,0,1.524e-23,1.178e-24
step143000,143000,V,v,residual,1024,128-256,3145728,0.01106241,0.01130463,0.001557668,0.01259147,0.01284259,0.002440634,0.002539862,0.001565,0.001536,0,0,1.524e-23,1.178e-24
step143000,143000,V,v,residual,1024,256-512,6291456,0.00461255,0.004846747,0.0005558332,0.004637913,0.004852931,0.001979941,0.001937435,0.001565,0.001536,0,0,1.524e-23,1.178e-24
step143000,143000,V,v,residual,1024,512-1024,1.258291e+07,0.006445374,0.006714353,0.000997146,0.00744252,0.007711499,0.002569641,0.002671094,0.001565,0.001536,3.440039e-06,4.359654e-06,1.524e-23,1.178e-24
step143000,143000,O,u,residual,1024,spike,786432,0.01423904,0.01450802,0.01847712,0.03186344,0.03212707,0.002627055,0.003014156,0.001565,0.001536,6.230672e-05,0.0001017253,1.524e-23,1.178e-24
step143000,143000,O,u,residual,1024,32-64,786432,0.002476169,0.00272728,0.003575643,0.00511605,0.00537968,0.001948765,0.002531687,0.001565,0.001536,0,0,1.524e-23,1.178e-24
step143000,143000,O,u,residual,1024,64-128,1572864,0.0009867808,0.00125576,0.002108256,0.002850896,0.003119875,0.001845314,0.002091726,0.001565,0.001536,0,0,1.524e-23,1.178e-24
step143000,143000,O,u,residual,1024,128-256,3145728,0.0004187759,0.0006764766,0.0009619395,0.001276505,0.001541544,0.001797358,0.001880691,0.001565,0.001536,0,0,1.524e-23,1.178e-24
step143000,143000,O,u,residual,1024,256-512,6291456,0.0003169584,0.000540982,0.0004269282,0.0003456455,0.000587393,0.001742499,0.001757122,0.001565,0.001536,0,0,1.524e-23,1.178e-24
step143000,143000,O,u,residual,1024,512-1024,1.258291e+07,0.0006102567,0.0008738872,0.0004615784,0.0009803435,0.001249322,0.001803954,0.001841863,0.001565,0.001536,0,0,1.524e-23,1.178e-24
step143000,143000,O,v,head,1024,spike,786432,0.06802538,0.0682765,0.003434499,0.06479317,0.0650568,0.008386521,0.00835673,0.001565,0.001536,7.26609e-07,4.178002e-06,1.524e-23,1.178e-24
step143000,143000,O,v,head,1024,32-64,786432,0.04957253,0.04983616,0.002461751,0.05107541,0.05132652,0.006605239,0.00669443,0.001565,0.001536,7.26609e-07,0,1.524e-23,1.178e-24
step143000,143000,O,v,head,1024,64-128,1572864,0.03681226,0.03706337,0.003006617,0.03420746,0.03445857,0.005252384,0.004817963,0.001565,0.001536,0,0,1.524e-23,1.178e-24
step143000,143000,O,v,head,1024,128-256,3145728,0.02446165,0.02472528,0.006051699,0.01887237,0.01912349,0.003835905,0.003036499,0.001565,0.001536,0,0,1.524e-23,1.178e-24
step143000,143000,O,v,head,1024,256-512,6291456,0.01171977,0.0119834,0.005633195,0.006122225,0.006373336,0.002702441,0.002181076,0.001565,0.001536,0,0,1.524e-23,1.178e-24
step143000,143000,O,v,head,1024,512-1024,1.258291e+07,0.01556832,0.01583195,0.00471584,0.01089261,0.01115999,0.003323237,0.002855573,0.001565,0.001536,1.362392e-07,0,1.524e-23,1.178e-24
step143000,143000,MLP_IN,u,hidden,4096,spike,3145728,0.01687431,0.01692663,0.02786096,0.03946327,0.03952915,0.00354399,0.003888539,0.001565,0.001558,4.041763e-05,4.900069e-05,1.524e-23,8.299e-24
step143000,143000,MLP_IN,u,hidden,4096,32-64,3145728,0.01089864,0.01096585,0.003120104,0.01401874,0.01408596,0.003010795,0.003600575,0.001565,0.001558,2.679371e-06,0,1.524e-23,8.299e-24
step143000,143000,MLP_IN,u,hidden,4096,64-128,6291456,0.009577497,0.009643379,0.001035849,0.009988195,0.01005541,0.00287358,0.003061249,0.001565,0.001558,9.082613e-08,0,1.524e-23,8.299e-24
step143000,143000,MLP_IN,u,hidden,4096,128-256,1.258291e+07,0.007864521,0.007931736,0.001250982,0.006613857,0.006681072,0.002687749,0.002554564,0.001565,0.001558,0,0,1.524e-23,8.299e-24
step143000,143000,MLP_IN,u,hidden,4096,256-512,2.516582e+07,0.004190332,0.004257547,0.001048326,0.003142005,0.00320922,0.002239869,0.002114534,0.001565,0.001558,0,0,1.524e-23,8.299e-24
step143000,143000,MLP_IN,u,hidden,4096,512-1024,5.033165e+07,0.003428092,0.003494022,0.002854784,0.0006389464,0.0007048278,0.002206805,0.001833586,0.001565,0.001558,4.680384e-06,0,1.524e-23,8.299e-24
step143000,143000,MLP_IN,v,residual,1024,spike,786432,0.001208158,0.001403253,0.009670258,0.01021376,0.01047739,0.001980918,0.002635411,0.001565,0.001536,0,5.812872e-06,1.524e-23,1.178e-24
step143000,143000,MLP_IN,v,residual,1024,32-64,786432,0.005985691,0.006236802,0.004506429,0.009949271,0.0102129,0.002128964,0.00252533,0.001565,0.001536,0,0,1.524e-23,1.178e-24
step143000,143000,MLP_IN,v,residual,1024,64-128,1572864,0.008727932,0.008991563,0.002242406,0.006797836,0.007066815,0.002363205,0.002280008,0.001565,0.001536,0,0,1.524e-23,1.178e-24
step143000,143000,MLP_IN,v,residual,1024,128-256,3145728,0.007049038,0.007300149,0.002611796,0.004535262,0.004798893,0.00222306,0.002030827,0.001565,0.001536,0,0,1.524e-23,1.178e-24
step143000,143000,MLP_IN,v,residual,1024,256-512,6291456,0.003723248,0.003957446,0.002688408,0.001294995,0.001558625,0.001942135,0.00182892,0.001565,0.001536,0,0,1.524e-23,1.178e-24
step143000,143000,MLP_IN,v,residual,1024,512-1024,1.258291e+07,0.006250984,0.006519962,0.002034823,0.00421616,0.004485139,0.002371345,0.002143349,0.001565,0.001536,1.583781e-05,8.435476e-06,1.524e-23,1.178e-24
step143000,143000,MLP_OUT,u,residual,1024,spike,786432,0.02286456,0.0231282,0.02836482,0.04910576,0.04935687,0.002957117,0.003091358,0.001565,0.001536,0.0001109895,0.0001411438,1.524e-23,1.178e-24
step143000,143000,MLP_OUT,u,residual,1024,32-64,786432,0.003476928,0.00374078,0.004478455,0.007520581,0.007784211,0.002316066,0.002687,0.001565,0.001536,0,0,1.524e-23,1.178e-24
step143000,143000,MLP_OUT,u,residual,1024,64-128,1572864,0.002753481,0.003017111,0.001897812,0.004634127,0.004897757,0.002065023,0.002278101,0.001565,0.001536,0,0,1.524e-23,1.178e-24
step143000,143000,MLP_OUT,u,residual,1024,128-256,3145728,0.001710678,0.001944875,0.0008204778,0.002130414,0.002394044,0.001861709,0.001944451,0.001565,0.001536,0,0,1.524e-23,1.178e-24
step143000,143000,MLP_OUT,u,residual,1024,256-512,6291456,0.0006831844,0.0008982023,0.0006240209,0.001282227,0.001477322,0.001814229,0.001781623,0.001565,0.001536,0,0,1.524e-23,1.178e-24
step143000,143000,MLP_OUT,u,residual,1024,512-1024,1.258291e+07,0.001220538,0.001429937,0.001859347,0.002498183,0.002749294,0.001887128,0.001934926,0.001565,0.001536,1.589457e-07,7.947286e-08,1.524e-23,1.178e-24
step143000,143000,MLP_OUT,v,hidden,4096,spike,3145728,0.03986745,0.03993466,0.005148252,0.035693,0.03575893,0.006495203,0.00511896,0.001565,0.001558,5.435944e-05,0.0001216162,1.524e-23,8.299e-24
step143000,143000,MLP_OUT,v,hidden,4096,32-64,3145728,0.01935878,0.01942471,0.0005687078,0.0195101,0.01957603,0.004414604,0.004656292,0.001565,0.001558,1.316979e-05,2.679371e-06,1.524e-23,8.299e-24
step143000,143000,MLP_OUT,v,hidden,4096,64-128,6291456,0.01212061,0.01218783,0.0006311735,0.01179583,0.01186176,0.003530071,0.003584907,0.001565,0.001558,1.612164e-06,0,1.524e-23,8.299e-24
step143000,143000,MLP_OUT,v,hidden,4096,128-256,1.258291e+07,0.007121132,0.007188347,0.001064142,0.006341662,0.006408877,0.002721264,0.002672116,0.001565,0.001558,0,0,1.524e-23,8.299e-24
step143000,143000,MLP_OUT,v,hidden,4096,256-512,2.516582e+07,0.004071538,0.00413742,0.00192674,0.002277182,0.002344397,0.00222562,0.002075422,0.001565,0.001558,0,0,1.524e-23,8.299e-24
step143000,143000,MLP_OUT,v,hidden,4096,512-1024,5.033165e+07,0.002940323,0.003007538,0.002620061,0.0003404265,0.0004063079,0.002118551,0.001813148,0.001565,0.001558,1.027471e-06,0,1.524e-23,8.299e-24
