rev,step,M,side,class,n,band,count,ks_pt_trained,ks_exact_trained,ks_trained_vs_null,ks_pt_null,ks_exact_null,tail10_trained,tail10_null,tail10_pt,tail10_exact,tail100_trained,tail100_null,tail100_pt,tail100_exact
step0,0,Q,u,head,1024,spike,786432,0.0009894932,0.001164944,0.001394908,0.001718316,0.001969427,0.001693181,0.002007257,0.001565,0.001536,0,0,1.524e-23,1.178e-24
step0,0,Q,u,head,1024,32-64,786432,0.001149028,0.0008851757,0.002464294,0.001483317,0.001698335,0.001715887,0.00190971,0.001565,0.001536,0,0,1.524e-23,1.178e-24
step0,0,Q,u,head,1024,64-128,1572864,0.000322932,0.0003646251,0.0009002686,0.0005773366,0.0008463155,0.001735687,0.001818975,0.001565,0.001536,0,0,1.524e-23,1.178e-24
step0,0,Q,u,head,1024,128-256,3145728,0.0005361789,0.0003814486,0.0003652573,0.0003251672,0.0002699129,0.001744361,0.00176734,0.001565,0.001536,0,0,1.524e-23,1.178e-24
step0,0,Q,u,head,1024,256-512,6291456,0.0004232752,0.0002999666,0.0003320376,0.0002402902,0.0003401227,0.001760823,0.001745042,0.001565,0.001536,0,0,1.524e-23,1.178e-24
step0,0,Q,u,head,1024,512-1024,1.258291e+07,0.0003672106,0.0001749682,0.0004407565,0.0001638435,0.0002763272,0.001744883,0.001753501,0.001565,0.001536,0,0,1.524e-23,1.178e-24
step0,0,Q,v,residual,1024,spike,786432,0.0007411523,0.0005460571,0.002730052,0.002129032,0.002380143,0.001741137,0.001985822,0.001565,0.001536,0,0,1.524e-23,1.178e-24
step0,0,Q,v,residual,1024,32-64,786432,0.0007109436,0.0006656799,0.001771291,0.001569543,0.001838137,0.001740229,0.001854125,0.001565,0.001536,0,0,1.524e-23,1.178e-24
step0,0,Q,v,residual,1024,64-128,1572864,0.0007376375,0.0005804188,0.001291275,0.0007405183,0.001004371,0.001727513,0.001828512,0.001565,0.001536,0,0,1.524e-23,1.178e-24
step0,0,Q,v,residual,1024,128-256,3145728,0.0004820707,0.0002869756,0.0004908244,0.0003605838,0.0002202357,0.001764661,0.0017816,0.001565,0.001536,0,0,1.524e-23,1.178e-24
step0,0,Q,v,residual,1024,256-512,6291456,0.0001964632,0.0002811786,0.0003499985,0.0003663241,0.0001719283,0.001739229,0.001728103,0.001565,0.001536,0,0,1.524e-23,1.178e-24
step0,0,Q,v,residual,1024,512-1024,1.258291e+07,0.0002065204,0.0001862844,0.0002338886,0.0003014504,0.0002796659,0.001753943,0.001756759,0.001565,0.001536,0,0,1.524e-23,1.178e-24
step0,0,K,u,head,1024,spike,786432,0.0006419555,0.0007507966,0.002002716,0.001648805,0.001893658,0.001740047,0.001950945,0.001565,0.001536,0,0,1.524e-23,1.178e-24
step0,0,K,u,head,1024,32-64,786432,0.0007853607,0.0006635623,0.00220108,0.001868602,0.00208362,0.001697722,0.001888093,0.001565,0.001536,0,0,1.524e-23,1.178e-24
step0,0,K,u,head,1024,64-128,1572864,0.0009023898,0.0006871223,0.001746496,0.000949129,0.001212759,0.001712981,0.001836686,0.001565,0.001536,0,0,1.524e-23,1.178e-24
step0,0,K,u,head,1024,128-256,3145728,0.0003479782,0.0003245374,0.0005467733,0.0003187157,0.000514963,0.001722608,0.00175794,0.001565,0.001536,0,0,1.524e-23,1.178e-24
step0,0,K,u,head,1024,256-512,6291456,0.0004112902,0.0001664373,0.0005202293,0.0006425718,0.0003735929,0.001739457,0.001725923,0.001565,0.001536,0,0,1.524e-23,1.178e-24
step0,0,K,u,head,1024,512-1024,1.258291e+07,0.0003991587,0.0001480477,0.0004916986,0.0003099179,0.0004386108,0.001749198,0.001751502,0.001565,0.001536,0,0,1.524e-23,1.178e-24
step0,0,K,v,residual,1024,spike,786432,0.0009795212,0.0007346682,0.002580007,0.001885001,0.002148632,0.001687549,0.001932417,0.001565,0.001536,0,0,1.524e-23,1.178e-24
step0,0,K,v,residual,1024,32-64,786432,0.001431737,0.001162758,0.002288818,0.001050985,0.001266003,0.001686823,0.001875923,0.001565,0.001536,0,0,1.524e-23,1.178e-24
step0,0,K,v,residual,1024,64-128,1572864,0.0005923109,0.0008416106,0.0007565816,0.0008982663,0.001161897,0.001735596,0.001897176,0.001565,0.001536,0,0,1.524e-23,1.178e-24
step0,0,K,v,residual,1024,128-256,3145728,0.0007555923,0.0005405743,0.0009539922,0.0002610649,0.0004134179,0.001743771,0.001778875,0.001565,0.001536,0,0,1.524e-23,1.178e-24
step0,0,K,v,residual,1024,256-512,6291456,0.0004230522,0.0001781993,0.0002188683,0.0002963725,0.0002358791,0.001729375,0.001750219,0.001565,0.001536,0,0,1.524e-23,1.178e-24
step0,0,K,v,residual,1024,512-1024,1.258291e+07,0.0002953549,0.0001110053,0.0003128846,0.0001606584,0.0002865087,0.001747949,0.001765762,0.001565,0.001536,0,0,1.524e-23,1.178e-24
step0,0,V,u,head,1024,spike,786432,0.0005780954,0.0004239926,0.001448313,0.001025738,0.001270591,0.001725151,0.001928239,0.001565,0.001536,0,0,1.524e-23,1.178e-24
step0,0,V,u,head,1024,32-64,786432,0.001135077,0.0008839663,0.001729329,0.0007431353,0.001006766,0.001759847,0.001859392,0.001565,0.001536,0,0,1.524e-23,1.178e-24
step0,0,V,u,head,1024,64-128,1572864,0.0002289175,0.0004439355,0.0005175273,0.0003947854,0.0005640279,0.00178991,0.001794633,0.001565,0.001536,0,0,1.524e-23,1.178e-24
step0,0,V,u,head,1024,128-256,3145728,0.0005389209,0.0002752903,0.0006402334,0.0003860675,0.0003938464,0.001747722,0.001753671,0.001565,0.001536,0,0,1.524e-23,1.178e-24
step0,0,V,u,head,1024,256-512,6291456,0.0005192855,0.0002554328,0.0005098979,0.0005298121,0.0003442454,0.001742885,0.001762504,0.001565,0.001536,0,0,1.524e-23,1.178e-24
step0,0,V,u,head,1024,512-1024,1.258291e+07,0.0004181404,0.0001848081,0.0002607505,0.0001898046,0.0001627641,0.001743237,0.001744418,0.001565,0.001536,0,0,1.524e-23,1.178e-24
step0,0,V,v,residual,1024,spike,786432,0.0006599884,0.0009289673,0.001190186,0.001303822,0.001567675,0.001808167,0.001951853,0.001565,0.001536,0,0,1.524e-23,1.178e-24
step0,0,V,v,residual,1024,32-64,786432,0.0007809031,0.0006575945,0.00134023,0.0009795726,0.001243425,0.001713344,0.001896631,0.001565,0.001536,0,0,1.524e-23,1.178e-24
step0,0,V,v,residual,1024,64-128,1572864,0.0006091775,0.0008169962,0.001010895,0.0004017173,0.0003910494,0.001765751,0.001816613,0.001565,0.001536,0,0,1.524e-23,1.178e-24
step0,0,V,v,residual,1024,128-256,3145728,0.0002767344,0.0004153143,0.0005079905,0.0002312562,0.0004951089,0.001748902,0.001742181,0.001565,0.001536,0,0,1.524e-23,1.178e-24
step0,0,V,v,residual,1024,256-512,6291456,0.0005319273,0.0003003127,0.0006105105,0.0002618126,0.0004340022,0.001740774,0.001748857,0.001565,0.001536,0,0,1.524e-23,1.178e-24
step0,0,V,v,residual,1024,512-1024,1.258291e+07,0.0002873281,0.0001839499,0.0002913475,0.0001989387,0.0003325976,0.001744997,0.001759041,0.001565,0.001536,0,0,1.524e-23,1.178e-24
step0,0,O,u,residual,1024,spike,786432,0.0007091029,0.0004579918,0.001920064,0.001253122,0.001462521,0.001703535,0.001932417,0.001565,0.001536,0,0,1.524e-23,1.178e-24
step0,0,O,u,residual,1024,32-64,786432,0.0009117484,0.0007550219,0.001342773,0.000738049,0.00100168,0.001629966,0.001831055,0.001565,0.001536,0,0,1.524e-23,1.178e-24
step0,0,O,u,residual,1024,64-128,1572864,0.0005876773,0.0003731242,0.001502991,0.0009947952,0.001245906,0.001708621,0.001818884,0.001565,0.001536,0,0,1.524e-23,1.178e-24
step0,0,O,u,residual,1024,128-256,3145728,0.0002802955,0.0004242873,0.0004262924,0.0004783291,0.0003390421,0.001738594,0.001755351,0.001565,0.001536,0,0,1.524e-23,1.178e-24
step0,0,O,u,residual,1024,256-512,6291456,0.0003281616,0.0002478861,0.0004817645,0.000557059,0.0002880801,0.001759665,0.001749811,0.001565,0.001536,0,0,1.524e-23,1.178e-24
step0,0,O,u,residual,1024,512-1024,1.258291e+07,0.0002928279,0.0002063947,0.0002493858,0.0003064139,0.0001447812,0.001752263,0.001764638,0.001565,0.001536,0,0,1.524e-23,1.178e-24
step0,0,O,v,head,1024,spike,786432,0.000402903,0.0005402495,0.002320608,0.002375331,0.00264431,0.00169754,0.00193387,0.001565,0.001536,0,0,1.524e-23,1.178e-24
step0,0,O,v,head,1024,32-64,786432,0.001045181,0.0007810556,0.002028147,0.0009829661,0.001251945,0.001766386,0.001849765,0.001565,0.001536,0,0,1.524e-23,1.178e-24
step0,0,O,v,head,1024,64-128,1572864,0.00112109,0.0008699791,0.001731237,0.000676259,0.0009104563,0.001734416,0.001807985,0.001565,0.001536,0,0,1.524e-23,1.178e-24
step0,0,O,v,head,1024,128-256,3145728,0.000471638,0.0002575984,0.0007209778,0.0002493398,0.0005004509,0.001712981,0.001789593,0.001565,0.001536,0,0,1.524e-23,1.178e-24
step0,0,O,v,head,1024,256-512,6291456,0.0003377695,0.0001289281,0.0003507932,0.0002558385,0.0003069552,0.001742136,0.001760074,0.001565,0.001536,0,0,1.524e-23,1.178e-24
step0,0,O,v,head,1024,512-1024,1.258291e+07,0.0003113015,0.000244728,0.0003172557,0.0001712378,0.0002800788,0.001729466,0.001771723,0.001565,0.001536,0,0,1.524e-23,1.178e-24
step0,0,MLP_IN,u,hidden,4096,spike,3145728,0.000387146,0.0003199311,0.001035055,0.0007189756,0.000784857,0.001755169,0.001860709,0.001565,0.001558,0,0,1.524e-23,8.299e-24
step0,0,MLP_IN,u,hidden,4096,32-64,3145728,0.0004847387,0.0004175237,0.001229286,0.0008404021,0.0008842531,0.001757531,0.001865342,0.001565,0.001558,0,0,1.524e-23,8.299e-24
step0,0,MLP_IN,u,hidden,4096,64-128,6291456,0.0004480617,0.000500382,0.0006639163,0.0009254433,0.0009866235,0.001783825,0.001864138,0.001565,0.001558,0,0,1.524e-23,8.299e-24
step0,0,MLP_IN,u,hidden,4096,128-256,1.258291e+07,0.0002146625,0.0001623422,0.0006177425,0.0005309121,0.0005936674,0.00175752,0.001805078,0.001565,0.001558,0,0,1.524e-23,8.299e-24
step0,0,MLP_IN,u,hidden,4096,256-512,2.516582e+07,0.0001656829,0.0001353443,0.000282685,0.000218544,0.0002708644,0.001765949,0.001797239,0.001565,0.001558,0,0,1.524e-23,8.299e-24
step0,0,MLP_IN,u,hidden,4096,512-1024,5.033165e+07,0.0002148413,0.0001520861,0.0002726515,0.0001097675,0.0001320868,0.001773701,0.001776971,0.001565,0.001558,0,0,1.524e-23,8.299e-24
step0,0,MLP_IN,v,residual,1024,spike,786432,0.0005417261,0.0006339185,0.001654307,0.00118553,0.001436641,0.001810891,0.001875923,0.001565,0.001536,0,0,1.524e-23,1.178e-24
step0,0,MLP_IN,v,residual,1024,32-64,786432,0.0008167607,0.0005719078,0.00213623,0.001488163,0.001739274,0.001668476,0.001875196,0.001565,0.001536,0,0,1.524e-23,1.178e-24
step0,0,MLP_IN,v,residual,1024,64-128,1572864,0.0005039608,0.0003285098,0.001306534,0.001084639,0.001294038,0.001715251,0.001814797,0.001565,0.001536,0,0,1.524e-23,1.178e-24
step0,0,MLP_IN,v,residual,1024,128-256,3145728,0.0007591311,0.0005497321,0.0009323756,0.0002973902,0.0005249907,0.001734098,0.001776105,0.001565,0.001536,0,0,1.524e-23,1.178e-24
step0,0,MLP_IN,v,residual,1024,256-512,6291456,0.000617599,0.0003539685,0.0003665288,0.0003556076,0.0001476156,0.00173982,0.001747268,0.001565,0.001536,0,0,1.524e-23,1.178e-24
step0,0,MLP_IN,v,residual,1024,512-1024,1.258291e+07,0.0002716481,0.0001810544,0.0002276897,0.0002764504,0.0001611526,0.001746371,0.001764275,0.001565,0.001536,0,0,1.524e-23,1.178e-24
step0,0,MLP_OUT,u,residual,1024,spike,786432,0.0005830192,0.0006605936,0.00220871,0.001641176,0.001886029,0.001756941,0.001878103,0.001565,0.001536,0,0,1.524e-23,1.178e-24
step0,0,MLP_OUT,u,residual,1024,32-64,786432,0.001178011,0.001441641,0.001181285,0.0006610848,0.0008183035,0.001855759,0.001836323,0.001565,0.001536,0,0,1.524e-23,1.178e-24
step0,0,MLP_OUT,u,residual,1024,64-128,1572864,0.0006938531,0.0004596558,0.001708349,0.001014496,0.001248693,0.001735596,0.001828239,0.001565,0.001536,0,0,1.524e-23,1.178e-24
step0,0,MLP_OUT,u,residual,1024,128-256,3145728,0.0006560822,0.0003871032,0.0008192062,0.000263755,0.0005273856,0.00174259,0.001796495,0.001565,0.001536,0,0,1.524e-23,1.178e-24
step0,0,MLP_OUT,u,residual,1024,256-512,6291456,0.0003019356,0.0003546964,0.0003771782,0.0002921521,0.0001714046,0.001747858,0.00176541,0.001565,0.001536,0,0,1.524e-23,1.178e-24
step0,0,MLP_OUT,u,residual,1024,512-1024,1.258291e+07,0.0003124232,0.0001785764,0.0003207525,0.0001061353,0.00031798,0.001739388,0.001771984,0.001565,0.001536,0,0,1.524e-23,1.178e-24
step0,0,MLP_OUT,v,hidden,4096,spike,3145728,0.0002603468,0.0003126671,0.001162211,0.001070058,0.001123797,0.001772744,0.001841,0.001565,0.001558,0,0,1.524e-23,8.299e-24
step0,0,MLP_OUT,v,hidden,4096,32-64,3145728,0.0002846157,0.0002407647,0.0009950002,0.0009633601,0.001029291,0.001782826,0.001869701,0.001565,0.001558,0,0,1.524e-23,8.299e-24
step0,0,MLP_OUT,v,hidden,4096,64-128,6291456,0.0001226765,0.0001020813,0.0005467733,0.000470684,0.000537899,0.001759756,0.001853716,0.001565,0.001558,0,0,1.524e-23,8.299e-24
step0,0,MLP_OUT,v,hidden,4096,128-256,1.258291e+07,0.000170662,0.000103447,0.0003476938,0.0002430525,0.0003015826,0.001752036,0.00181189,0.001565,0.001558,0,0,1.524e-23,8.299e-24
step0,0,MLP_OUT,v,hidden,4096,256-512,2.516582e+07,0.0001303932,0.0001652065,0.0001178583,0.0001260556,0.0001748156,0.001756975,0.001774447,0.001565,0.001558,0,0,1.524e-23,8.299e-24
step0,0,MLP_OUT,v,hidden,4096,512-1024,5.033165e+07,9.517504e-05,4.708968e-05,0.0001148979,7.563229e-05,9.159432e-05,0.001772424,0.001762245,0.001565,0.001558,0,0,1.524e-23,8.299e-24
step1,1,Q,u,head,1024,spike,786432,0.0009894932,0.001164944,0.001805623,0.002101048,0.002335246,0.001693181,0.001905532,0.001565,0.001536,0,0,1.524e-23,1.178e-24
step1,1,Q,u,head,1024,32-64,786432,0.001149028,0.0008851757,0.002213796,0.001064768,0.00132862,0.001715887,0.001885732,0.001565,0.001536,0,0,1.524e-23,1.178e-24
step1,1,Q,u,head,1024,64-128,1572864,0.000322932,0.0003646251,0.0008265177,0.0006093003,0.0008541532,0.001735687,0.001848947,0.001565,0.001536,0,0,1.524e-23,1.178e-24
step1,1,Q,u,head,1024,128-256,3145728,0.0005361789,0.0003814486,0.000805219,0.0003672003,0.0005822182,0.001744361,0.001801264,0.001565,0.001536,0,0,1.524e-23,1.178e-24
step1,1,Q,u,head,1024,256-512,6291456,0.0004232752,0.0002999666,0.0002239545,0.000339359,0.0001538165,0.001760823,0.001746586,0.001565,0.001536,0,0,1.524e-23,1.178e-24
step1,1,Q,u,head,1024,512-1024,1.258291e+07,0.0003672106,0.0001749682,0.0001532237,0.0003816965,0.0001866014,0.001744883,0.001770292,0.001565,0.001536,0,0,1.524e-23,1.178e-24
step1,1,Q,v,residual,1024,spike,786432,0.0007411523,0.0005460571,0.00199,0.001404276,0.001668128,0.001741137,0.001939501,0.001565,0.001536,0,0,1.524e-23,1.178e-24
step1,1,Q,v,residual,1024,32-64,786432,0.0007109436,0.0006656799,0.001734416,0.001532282,0.001801261,0.001740229,0.001899174,0.001565,0.001536,0,0,1.524e-23,1.178e-24
step1,1,Q,v,residual,1024,64-128,1572864,0.0007376375,0.0005804188,0.001045863,0.0003992653,0.0006086643,0.001727513,0.001835868,0.001565,0.001536,0,0,1.524e-23,1.178e-24
step1,1,Q,v,residual,1024,128-256,3145728,0.0004820707,0.0002869756,0.0005613963,0.000202769,0.0003790785,0.001764661,0.001810982,0.001565,0.001536,0,0,1.524e-23,1.178e-24
step1,1,Q,v,residual,1024,256-512,6291456,0.0001964632,0.0002811786,0.0002565384,0.0002047015,0.0003165413,0.001739229,0.001740501,0.001565,0.001536,0,0,1.524e-23,1.178e-24
step1,1,Q,v,residual,1024,512-1024,1.258291e+07,0.0002065204,0.0001862844,0.0001319249,0.0002167724,0.0002692243,0.001753943,0.001759086,0.001565,0.001536,0,0,1.524e-23,1.178e-24
step1,1,K,u,head,1024,spike,786432,0.0006419555,0.0007507966,0.001548767,0.001798165,0.00199326,0.001740047,0.001871381,0.001565,0.001536,0,0,1.524e-23,1.178e-24
step1,1,K,u,head,1024,32-64,786432,0.0007853607,0.0006635623,0.001608531,0.001222406,0.001473517,0.001697722,0.001867203,0.001565,0.001536,0,0,1.524e-23,1.178e-24
step1,1,K,u,head,1024,64-128,1572864,0.0009023898,0.0006871223,0.001537959,0.0006732878,0.0008826867,0.001712981,0.001837685,0.001565,0.001536,0,0,1.524e-23,1.178e-24
step1,1,K,u,head,1024,128-256,3145728,0.0003479782,0.0003245374,0.0004132589,0.0003457619,0.0002948373,0.001722608,0.001791454,0.001565,0.001536,0,0,1.524e-23,1.178e-24
step1,1,K,u,head,1024,256-512,6291456,0.0004112902,0.0001664373,0.000178496,0.0003721018,0.0001930498,0.001739457,0.001761278,0.001565,0.001536,0,0,1.524e-23,1.178e-24
step1,1,K,u,head,1024,512-1024,1.258291e+07,0.0003991587,0.0001480477,0.000632445,0.0002334759,0.0004971064,0.001749198,0.001772688,0.001565,0.001536,0,0,1.524e-23,1.178e-24
step1,1,K,v,residual,1024,spike,786432,0.0009795212,0.0007346682,0.001692454,0.001036757,0.001287868,0.001687549,0.001919156,0.001565,0.001536,0,0,1.524e-23,1.178e-24
step1,1,K,v,residual,1024,32-64,786432,0.001431737,0.001162758,0.001965841,0.001002535,0.001266165,0.001686823,0.001868475,0.001565,0.001536,0,0,1.524e-23,1.178e-24
step1,1,K,v,residual,1024,64-128,1572864,0.0005923109,0.0008416106,0.001127879,0.001047556,0.001281753,0.001735596,0.001858303,0.001565,0.001536,0,0,1.524e-23,1.178e-24
step1,1,K,v,residual,1024,128-256,3145728,0.0007555923,0.0005405743,0.0008166631,0.0002738329,0.0003766036,0.001743771,0.00177279,0.001565,0.001536,0,0,1.524e-23,1.178e-24
step1,1,K,v,residual,1024,256-512,6291456,0.0004230522,0.0001781993,0.0002463659,0.000371988,0.0002265503,0.001729375,0.001759983,0.001565,0.001536,0,0,1.524e-23,1.178e-24
step1,1,K,v,residual,1024,512-1024,1.258291e+07,0.0002953549,0.0001110053,0.0002830029,0.0002806368,0.000302872,0.001747949,0.001751616,0.001565,0.001536,0,0,1.524e-23,1.178e-24
step1,1,V,u,head,1024,spike,786432,0.0005780954,0.0004239926,0.002686818,0.002277915,0.002541546,0.001725151,0.001969292,0.001565,0.001536,0,0,1.524e-23,1.178e-24
step1,1,V,u,head,1024,32-64,786432,0.001135077,0.0008839663,0.002641042,0.001683975,0.001918172,0.001759847,0.001923697,0.001565,0.001536,0,0,1.524e-23,1.178e-24
step1,1,V,u,head,1024,64-128,1572864,0.0002289175,0.0004439355,0.0009288788,0.0007064005,0.0009753795,0.00178991,0.001868021,0.001565,0.001536,0,0,1.524e-23,1.178e-24
step1,1,V,u,head,1024,128-256,3145728,0.0005389209,0.0002752903,0.0009422302,0.0004746577,0.0007436366,0.001747722,0.001767476,0.001565,0.001536,0,0,1.524e-23,1.178e-24
step1,1,V,u,head,1024,256-512,6291456,0.0005192855,0.0002554328,0.0002972285,0.0002508262,0.0002652112,0.001742885,0.001758144,0.001565,0.001536,0,0,1.524e-23,1.178e-24
step1,1,V,u,head,1024,512-1024,1.258291e+07,0.0004181404,0.0001848081,0.0003552437,0.0001947545,0.000260505,0.001743237,0.001769418,0.001565,0.001536,0,0,1.524e-23,1.178e-24
step1,1,V,v,residual,1024,spike,786432,0.0006599884,0.0009289673,0.001684825,0.001972665,0.002236518,0.001808167,0.002009074,0.001565,0.001536,0,0,1.524e-23,1.178e-24
step1,1,V,v,residual,1024,32-64,786432,0.0007809031,0.0006575945,0.001386007,0.001027471,0.00129645,0.001713344,0.001889365,0.001565,0.001536,0,0,1.524e-23,1.178e-24
step1,1,V,v,residual,1024,64-128,1572864,0.0006091775,0.0008169962,0.0007031759,0.0006267131,0.0008905659,0.001765751,0.001850401,0.001565,0.001536,0,0,1.524e-23,1.178e-24
step1,1,V,v,residual,1024,128-256,3145728,0.0002767344,0.0004153143,0.0004355113,0.0005955055,0.000331875,0.001748902,0.001751173,0.001565,0.001536,0,0,1.524e-23,1.178e-24
step1,1,V,v,residual,1024,256-512,6291456,0.0005319273,0.0003003127,0.0004774729,0.0002217391,0.0002116453,0.001740774,0.001754352,0.001565,0.001536,0,0,1.524e-23,1.178e-24
step1,1,V,v,residual,1024,512-1024,1.258291e+07,0.0002873281,0.0001839499,0.000231425,0.000246543,0.0003158252,0.001744997,0.001750253,0.001565,0.001536,0,0,1.524e-23,1.178e-24
step1,1,O,u,residual,1024,spike,786432,0.0007091029,0.0004579918,0.002174377,0.001558985,0.001827964,0.001703535,0.001922789,0.001565,0.001536,0,0,1.524e-23,1.178e-24
step1,1,O,u,residual,1024,32-64,786432,0.0009117484,0.0007550219,0.002202352,0.00130357,0.001479021,0.001629966,0.001823789,0.001565,0.001536,0,0,1.524e-23,1.178e-24
step1,1,O,u,residual,1024,64-128,1572864,0.0005876773,0.0003731242,0.001101176,0.000657497,0.000796784,0.001708621,0.001816341,0.001565,0.001536,0,0,1.524e-23,1.178e-24
step1,1,O,u,residual,1024,128-256,3145728,0.0002802955,0.0004242873,0.0006443659,0.0003759272,0.0004625109,0.001738594,0.001782781,0.001565,0.001536,0,0,1.524e-23,1.178e-24
step1,1,O,u,residual,1024,256-512,6291456,0.0003281616,0.0002478861,0.0005383492,0.0005668953,0.0003032648,0.001759665,0.001730692,0.001565,0.001536,0,0,1.524e-23,1.178e-24
step1,1,O,u,residual,1024,512-1024,1.258291e+07,0.0002928279,0.0002063947,0.0003337065,0.000210001,0.000256838,0.001752263,0.001763412,0.001565,0.001536,0,0,1.524e-23,1.178e-24
step1,1,O,v,head,1024,spike,786432,0.000402903,0.0005402495,0.001659393,0.001816263,0.002080116,0.00169754,0.001950037,0.001565,0.001536,0,0,1.524e-23,1.178e-24
step1,1,O,v,head,1024,32-64,786432,0.001045181,0.0007810556,0.001889547,0.001072361,0.001323472,0.001766386,0.001901354,0.001565,0.001536,0,0,1.524e-23,1.178e-24
step1,1,O,v,head,1024,64-128,1572864,0.00112109,0.0008699791,0.001817067,0.0006970383,0.0009470883,0.001734416,0.001825968,0.001565,0.001536,0,0,1.524e-23,1.178e-24
step1,1,O,v,head,1024,128-256,3145728,0.000471638,0.0002575984,0.0005801519,0.0001504084,0.0004193873,0.001712981,0.001802217,0.001565,0.001536,0,0,1.524e-23,1.178e-24
step1,1,O,v,head,1024,256-512,6291456,0.0003377695,0.0001289281,0.0003673236,0.000258893,0.0003017675,0.001742136,0.001773698,0.001565,0.001536,0,0,1.524e-23,1.178e-24
step1,1,O,v,head,1024,512-1024,1.258291e+07,0.0003113015,0.000244728,0.0002511342,0.000226293,0.0001986858,0.001729466,0.00176348,0.001565,0.001536,0,0,1.524e-23,1.178e-24
step1,1,MLP_IN,u,hidden,4096,spike,3145728,0.000387146,0.0003199311,0.001494408,0.001147737,0.001213668,0.001755169,0.001877558,0.001565,0.001558,0,0,1.524e-23,8.299e-24
step1,1,MLP_IN,u,hidden,4096,32-64,3145728,0.0004847387,0.0004175237,0.001119932,0.0007084851,0.0007743666,0.001757531,0.001811164,0.001565,0.001558,0,0,1.524e-23,8.299e-24
step1,1,MLP_IN,u,hidden,4096,64-128,6291456,0.0004480617,0.000500382,0.0005825361,0.0006597377,0.0007224929,0.001783825,0.001853239,0.001565,0.001558,0,0,1.524e-23,8.299e-24
step1,1,MLP_IN,u,hidden,4096,128-256,1.258291e+07,0.0002146625,0.0001623422,0.0004278024,0.0003064375,0.0003723682,0.00175752,0.001806373,0.001565,0.001558,0,0,1.524e-23,8.299e-24
step1,1,MLP_IN,u,hidden,4096,256-512,2.516582e+07,0.0001656829,0.0001353443,0.0003062884,0.0002335644,0.0002963197,0.001765949,0.001781969,0.001565,0.001558,0,0,1.524e-23,8.299e-24
step1,1,MLP_IN,u,hidden,4096,512-1024,5.033165e+07,0.0002148413,0.0001520861,0.0001360575,0.0001984789,0.0001399487,0.001773701,0.001767808,0.001565,0.001558,0,0,1.524e-23,8.299e-24
step1,1,MLP_IN,v,residual,1024,spike,786432,0.0005417261,0.0006339185,0.001712799,0.001215017,0.001430035,0.001810891,0.001853943,0.001565,0.001536,0,0,1.524e-23,1.178e-24
step1,1,MLP_IN,v,residual,1024,32-64,786432,0.0008167607,0.0005719078,0.001759847,0.001403209,0.001618226,0.001668476,0.001907167,0.001565,0.001536,0,0,1.524e-23,1.178e-24
step1,1,MLP_IN,v,residual,1024,64-128,1572864,0.0005039608,0.0003285098,0.0006459554,0.0007119793,0.0005726923,0.001715251,0.001806895,0.001565,0.001536,0,0,1.524e-23,1.178e-24
step1,1,MLP_IN,v,residual,1024,128-256,3145728,0.0007591311,0.0005497321,0.0007492701,0.000192881,0.0003728903,0.001734098,0.001783734,0.001565,0.001536,0,0,1.524e-23,1.178e-24
step1,1,MLP_IN,v,residual,1024,256-512,6291456,0.000617599,0.0003539685,0.0007049243,0.0003436016,0.0004886302,0.00173982,0.001729488,0.001565,0.001536,0,0,1.524e-23,1.178e-24
step1,1,MLP_IN,v,residual,1024,512-1024,1.258291e+07,0.0002716481,0.0001810544,0.0002253056,0.0002397,0.0002120125,0.001746371,0.001757361,0.001565,0.001536,0,0,1.524e-23,1.178e-24
step1,1,MLP_OUT,u,residual,1024,spike,786432,0.0005830192,0.0006605936,0.001452128,0.0008845942,0.001129447,0.001756941,0.001817067,0.001565,0.001536,0,0,1.524e-23,1.178e-24
step1,1,MLP_OUT,u,residual,1024,32-64,786432,0.001178011,0.001441641,0.0009460449,0.0008610352,0.0007521942,0.001855759,0.001812345,0.001565,0.001536,0,0,1.524e-23,1.178e-24
step1,1,MLP_OUT,u,residual,1024,64-128,1572864,0.0006938531,0.0004596558,0.001297633,0.0007144512,0.0009783039,0.001735596,0.001835233,0.001565,0.001536,0,0,1.524e-23,1.178e-24
step1,1,MLP_OUT,u,residual,1024,128-256,3145728,0.0006560822,0.0003871032,0.0005702972,0.0004497124,0.0003483879,0.00174259,0.001789138,0.001565,0.001536,0,0,1.524e-23,1.178e-24
step1,1,MLP_OUT,u,residual,1024,256-512,6291456,0.0003019356,0.0003546964,0.0004310608,0.0004946034,0.000290271,0.001747858,0.001760483,0.001565,0.001536,0,0,1.524e-23,1.178e-24
step1,1,MLP_OUT,u,residual,1024,512-1024,1.258291e+07,0.0003124232,0.0001785764,0.000244538,0.0001820428,0.0002825261,0.001739388,0.001775265,0.001565,0.001536,0,0,1.524e-23,1.178e-24
step1,1,MLP_OUT,v,hidden,4096,spike,3145728,0.0002603468,0.0003126671,0.001461029,0.001438682,0.001504563,0.001772744,0.001866159,0.001565,0.001558,0,0,1.524e-23,8.299e-24
step1,1,MLP_OUT,v,hidden,4096,32-64,3145728,0.0002846157,0.0002407647,0.000705719,0.0006575124,0.0007228682,0.001782826,0.001837004,0.001565,0.001558,0,0,1.524e-23,8.299e-24
step1,1,MLP_OUT,v,hidden,4096,64-128,6291456,0.0001226765,0.0001020813,0.0008436839,0.0007675946,0.0008348096,0.001759756,0.001846404,0.001565,0.001558,0,0,1.524e-23,8.299e-24
step1,1,MLP_OUT,v,hidden,4096,128-256,1.258291e+07,0.000170662,0.000103447,0.0004836718,0.0003963646,0.0004591198,0.001752036,0.001807065,0.001565,0.001558,0,0,1.524e-23,8.299e-24
step1,1,MLP_OUT,v,hidden,4096,256-512,2.516582e+07,0.0001303932,0.0001652065,0.000158906,0.0002072315,0.0002744465,0.001756975,0.001781816,0.001565,0.001558,0,0,1.524e-23,8.299e-24
step1,1,MLP_OUT,v,hidden,4096,512-1024,5.033165e+07,9.517504e-05,4.708968e-05,9.88245e-05,0.0001169204,7.774879e-05,0.001772424,0.001778645,0.001565,0.001558,0,0,1.524e-23,8.299e-24
step2,2,Q,u,head,1024,spike,786432,0.00098695,0.001162401,0.001481374,0.001994237,0.002228434,0.001693181,0.0018712,0.001565,0.001536,0,0,1.524e-23,1.178e-24
step2,2,Q,u,head,1024,32-64,786432,0.001152843,0.0008889904,0.002080282,0.001194431,0.001445542,0.001715887,0.001802535,0.001565,0.001536,0,0,1.524e-23,1.178e-24
step2,2,Q,u,head,1024,64-128,1572864,0.0003261109,0.0003684398,0.00129509,0.001189085,0.00138418,0.001735596,0.001825787,0.001565,0.001536,0,0,1.524e-23,1.178e-24
step2,2,Q,u,head,1024,128-256,3145728,0.000533,0.0003814486,0.000573794,0.0002200785,0.0003537834,0.001744407,0.001770564,0.001565,0.001536,0,0,1.524e-23,1.178e-24
step2,2,Q,u,head,1024,256-512,6291456,0.000418189,0.0002948804,0.0001770655,0.0003067295,0.0001982314,0.001761119,0.001751945,0.001565,0.001536,0,0,1.524e-23,1.178e-24
step2,2,Q,u,head,1024,512-1024,1.258291e+07,0.0003644291,0.0001774319,0.0004715919,0.0001411194,0.0003567689,0.001744724,0.001756895,0.001565,0.001536,0,0,1.524e-23,1.178e-24
step2,2,Q,v,residual,1024,spike,786432,0.0007398807,0.0005447855,0.002887726,0.00235434,0.002569358,0.001741137,0.001966931,0.001565,0.001536,0,0,1.524e-23,1.178e-24
step2,2,Q,v,residual,1024,32-64,786432,0.0007160298,0.0006631368,0.0008773804,0.000870218,0.001134071,0.001740229,0.001908257,0.001565,0.001536,0,0,1.524e-23,1.178e-24
step2,2,Q,v,residual,1024,64-128,1572864,0.0007370017,0.0005797831,0.0008125305,0.0002961988,0.0005305397,0.001727513,0.001830146,0.001565,0.001536,0,0,1.524e-23,1.178e-24
step2,2,Q,v,residual,1024,128-256,3145728,0.0004785739,0.0002834788,0.000611941,0.0002884766,0.0005523294,0.001764661,0.001757168,0.001565,0.001536,0,0,1.524e-23,1.178e-24
step2,2,Q,v,residual,1024,256-512,6291456,0.0001978937,0.0002791123,0.0002862612,0.0002897464,0.0002800263,0.001739184,0.00173462,0.001565,0.001536,0,0,1.524e-23,1.178e-24
step2,2,Q,v,residual,1024,512-1024,1.258291e+07,0.0002071562,0.0001874765,0.0001610915,0.0002540051,0.000140551,0.00175383,0.001761266,0.001565,0.001536,0,0,1.524e-23,1.178e-24
step2,2,K,u,head,1024,spike,786432,0.0006355977,0.0007444387,0.00255839,0.002126525,0.002390378,0.001740047,0.001927149,0.001565,0.001536,0,0,1.524e-23,1.178e-24
step2,2,K,u,head,1024,32-64,786432,0.0007904469,0.0006610192,0.002393087,0.00160264,0.001866493,0.001697722,0.001813071,0.001565,0.001536,0,0,1.524e-23,1.178e-24
step2,2,K,u,head,1024,64-128,1572864,0.0009008686,0.0006858507,0.001289368,0.0004920011,0.0007556316,0.00171289,0.001862117,0.001565,0.001536,0,0,1.524e-23,1.178e-24
step2,2,K,u,head,1024,128-256,3145728,0.000348614,0.0003242195,0.0004536311,0.0001960599,0.0003561282,0.001722563,0.001768521,0.001565,0.001536,0,0,1.524e-23,1.178e-24
step2,2,K,u,head,1024,256-512,6291456,0.0004120849,0.000167232,0.0003302892,0.0003357962,0.0002692577,0.001739298,0.00177011,0.001565,0.001536,0,0,1.524e-23,1.178e-24
step2,2,K,u,head,1024,512-1024,1.258291e+07,0.0003985229,0.0001474119,0.0003494422,0.0001412693,0.0002513515,0.001749209,0.001777569,0.001565,0.001536,0,0,1.524e-23,1.178e-24
step2,2,K,v,residual,1024,spike,786432,0.0009782496,0.0007333967,0.002197266,0.001573358,0.001824469,0.001687549,0.001937866,0.001565,0.001536,0,0,1.524e-23,1.178e-24
step2,2,K,v,residual,1024,32-64,786432,0.001427923,0.001158944,0.002070109,0.001101643,0.001365496,0.001686823,0.001848312,0.001565,0.001536,0,0,1.524e-23,1.178e-24
step2,2,K,v,residual,1024,64-128,1572864,0.0005967614,0.0008422464,0.0007095337,0.000768246,0.001013099,0.001735596,0.001834779,0.001565,0.001536,0,0,1.524e-23,1.178e-24
step2,2,K,v,residual,1024,128-256,3145728,0.0007578175,0.0005427996,0.0005057653,0.0004989921,0.000359705,0.001744134,0.001784188,0.001565,0.001536,0,0,1.524e-23,1.178e-24
step2,2,K,v,residual,1024,256-512,6291456,0.0004232111,0.0001783582,0.0003169378,0.0004732274,0.0002221164,0.001729375,0.001745224,0.001565,0.001536,0,0,1.524e-23,1.178e-24
step2,2,K,v,residual,1024,512-1024,1.258291e+07,0.0002975801,0.0001123563,0.0002436638,0.0002950214,0.0002284881,0.001747881,0.001746053,0.001565,0.001536,0,0,1.524e-23,1.178e-24
step2,2,V,u,head,1024,spike,786432,0.0005806386,0.0004239926,0.001847585,0.001340276,0.001609255,0.001725151,0.002005623,0.001565,0.001536,0,0,1.524e-23,1.178e-24
step2,2,V,u,head,1024,32-64,786432,0.00112872,0.0008776085,0.00270462,0.001746716,0.001991569,0.001759847,0.001883189,0.001565,0.001536,0,0,1.524e-23,1.178e-24
step2,2,V,u,head,1024,64-128,1572864,0.0002251028,0.0004401208,0.0009358724,0.0009117483,0.001126766,0.00178991,0.001820701,0.001565,0.001536,0,0,1.524e-23,1.178e-24
step2,2,V,u,head,1024,128-256,3145728,0.0005376493,0.0002740188,0.0005658468,0.0003477669,0.0005571659,0.001747767,0.001751264,0.001565,0.001536,0,0,1.524e-23,1.178e-24
step2,2,V,u,head,1024,256-512,6291456,0.0005194445,0.0002555917,0.0004405975,0.0002409065,0.0003514326,0.001742658,0.00175006,0.001565,0.001536,0,0,1.524e-23,1.178e-24
step2,2,V,u,head,1024,512-1024,1.258291e+07,0.0004187762,0.0001864771,0.000389576,0.0001593494,0.0002989921,0.001743249,0.001765342,0.001565,0.001536,0,0,1.524e-23,1.178e-24
step2,2,V,v,residual,1024,spike,786432,0.0006599884,0.0009289673,0.001014709,0.001129196,0.001398175,0.001808167,0.001890092,0.001565,0.001536,0,0,1.524e-23,1.178e-24
step2,2,V,v,residual,1024,32-64,786432,0.0007821747,0.0006588661,0.002156576,0.00155809,0.001792287,0.001713344,0.001840682,0.001565,0.001536,0,0,1.524e-23,1.178e-24
step2,2,V,v,residual,1024,64-128,1572864,0.0006059986,0.0008195393,0.0006834666,0.0006169244,0.0007923754,0.001766296,0.001801173,0.001565,0.001536,0,0,1.524e-23,1.178e-24
step2,2,V,v,residual,1024,128-256,3145728,0.0002754628,0.0004099102,0.0004971822,0.0002677595,0.0004666435,0.001748857,0.001787685,0.001565,0.001536,0,0,1.524e-23,1.178e-24
step2,2,V,v,residual,1024,256-512,6291456,0.0005304967,0.0002996769,0.0004053116,0.0002652903,0.0001822896,0.001740728,0.001755805,0.001565,0.001536,0,0,1.524e-23,1.178e-24
step2,2,V,v,residual,1024,512-1024,1.258291e+07,0.0002892355,0.0001838705,0.0002539953,0.0002062419,0.0003106233,0.001744906,0.001769395,0.001565,0.001536,0,0,1.524e-23,1.178e-24
step2,2,O,u,residual,1024,spike,786432,0.0006976588,0.0004550004,0.00226593,0.001690582,0.0019056,0.001703172,0.001904442,0.001565,0.001536,0,0,1.524e-23,1.178e-24
step2,2,O,u,residual,1024,32-64,786432,0.0009331143,0.0007576632,0.001781464,0.001096719,0.001306118,0.001628149,0.001843952,0.001565,0.001536,0,0,1.524e-23,1.178e-24
step2,2,O,u,residual,1024,64-128,1572864,0.0005997572,0.0003775747,0.001239141,0.0007297839,0.0009934144,0.001707713,0.001812708,0.001565,0.001536,0,0,1.524e-23,1.178e-24
step2,2,O,u,residual,1024,128-256,3145728,0.000273607,0.0004201547,0.0008230209,0.0006339112,0.0008489292,0.001739048,0.001748585,0.001565,0.001536,0,0,1.524e-23,1.178e-24
step2,2,O,u,residual,1024,256-512,6291456,0.0003230753,0.0002504292,0.0003679593,0.0004119516,0.0001969337,0.001759484,0.001745247,0.001565,0.001536,0,0,1.524e-23,1.178e-24
step2,2,O,u,residual,1024,512-1024,1.258291e+07,0.0002901259,0.0002063947,0.0002821287,0.0001310661,0.0002426409,0.001751991,0.00176289,0.001565,0.001536,0,0,1.524e-23,1.178e-24
step2,2,O,v,head,1024,spike,786432,0.0004003599,0.0005771249,0.001707713,0.001998097,0.00226195,0.001697359,0.0019504,0.001565,0.001536,0,0,1.524e-23,1.178e-24
step2,2,O,v,head,1024,32-64,786432,0.001076475,0.0008128447,0.002268473,0.001191998,0.001455629,0.00176675,0.001873743,0.001565,0.001536,0,0,1.524e-23,1.178e-24
step2,2,O,v,head,1024,64-128,1572864,0.001119819,0.0008687076,0.001796087,0.0008708537,0.001134706,0.001735051,0.001848675,0.001565,0.001536,0,0,1.524e-23,1.178e-24
step2,2,O,v,head,1024,128-256,3145728,0.0004722738,0.0002728572,0.0006300608,0.0003701747,0.0006340275,0.00171239,0.001797858,0.001565,0.001536,0,0,1.524e-23,1.178e-24
step2,2,O,v,head,1024,256-512,6291456,0.0003439128,0.0001346501,0.0003460248,0.000304342,0.0002940648,0.001741114,0.001715706,0.001565,0.001536,0,0,1.524e-23,1.178e-24
step2,2,O,v,head,1024,512-1024,1.258291e+07,0.0003104273,0.0002412312,0.0002857844,0.0001303535,0.0002758813,0.00173076,0.001768124,0.001565,0.001536,0,0,1.524e-23,1.178e-24
step2,2,MLP_IN,u,hidden,4096,spike,3145728,0.0003896892,0.0003224742,0.0009609858,0.0007539091,0.0008144209,0.001755442,0.001857758,0.001565,0.001558,0,0,1.524e-23,8.299e-24
step2,2,MLP_IN,u,hidden,4096,32-64,3145728,0.0004853745,0.0004181595,0.001026789,0.0006117722,0.0006777029,0.001757531,0.001869747,0.001565,0.001558,0,0,1.524e-23,8.299e-24
step2,2,MLP_IN,u,hidden,4096,64-128,6291456,0.0004496511,0.0005019715,0.0004135768,0.0004944703,0.000560401,0.001784007,0.00181046,0.001565,0.001558,0,0,1.524e-23,8.299e-24
step2,2,MLP_IN,u,hidden,4096,128-256,1.258291e+07,0.000216252,0.0001639316,0.0005776882,0.0004025202,0.0004684509,0.001757474,0.001820723,0.001565,0.001558,0,0,1.524e-23,8.299e-24
step2,2,MLP_IN,u,hidden,4096,256-512,2.516582e+07,0.0001660405,0.000134788,0.0004160802,0.0003593609,0.0004252423,0.001766097,0.00179083,0.001565,0.001558,0,0,1.524e-23,8.299e-24
step2,2,MLP_IN,u,hidden,4096,512-1024,5.033165e+07,0.0002149804,0.0001522252,0.0002252658,5.978692e-05,0.0001030197,0.001773786,0.001770982,0.001565,0.001558,0,0,1.524e-23,8.299e-24
step2,2,MLP_IN,v,residual,1024,spike,786432,0.0005429976,0.0006351901,0.001529694,0.001635279,0.001904258,0.001810891,0.001928965,0.001565,0.001536,0,0,1.524e-23,1.178e-24
step2,2,MLP_IN,v,residual,1024,32-64,786432,0.0008142176,0.0005693647,0.001253764,0.0009442351,0.001083522,0.001669566,0.001879374,0.001565,0.001536,0,0,1.524e-23,1.178e-24
step2,2,MLP_IN,v,residual,1024,64-128,1572864,0.0005052324,0.0003297813,0.0007108053,0.0004691317,0.0005260183,0.001715251,0.00177892,0.001565,0.001536,0,0,1.524e-23,1.178e-24
step2,2,MLP_IN,v,residual,1024,128-256,3145728,0.0007584953,0.0005490963,0.0008020401,0.0002914116,0.0005550421,0.001734052,0.001789002,0.001565,0.001536,0,0,1.524e-23,1.178e-24
step2,2,MLP_IN,v,residual,1024,256-512,6291456,0.0006158506,0.0003522201,0.0005033811,0.0003335975,0.0001989296,0.001739979,0.001757077,0.001565,0.001536,0,0,1.524e-23,1.178e-24
step2,2,MLP_IN,v,residual,1024,512-1024,1.258291e+07,0.0002730786,0.0001825644,0.0003224214,0.0001399255,0.0003179017,0.001746427,0.001778977,0.001565,0.001536,0,0,1.524e-23,1.178e-24
step2,2,MLP_OUT,u,residual,1024,spike,786432,0.0005906486,0.0006707661,0.001542409,0.0009517607,0.00116116,0.001758394,0.00186684,0.001565,0.001536,0,0,1.524e-23,1.178e-24
step2,2,MLP_OUT,u,residual,1024,32-64,786432,0.00116148,0.001425111,0.0006561279,0.000593867,0.0008628459,0.001854488,0.00182506,0.001565,0.001536,0,0,1.524e-23,1.178e-24
step2,2,MLP_OUT,u,residual,1024,64-128,1572864,0.0007103834,0.0004761862,0.0008964539,0.0003799932,0.0006311042,0.001735687,0.001826695,0.001565,0.001536,0,0,1.524e-23,1.178e-24
step2,2,MLP_OUT,u,residual,1024,128-256,3145728,0.0006532212,0.0003842422,0.0003264745,0.0003617147,0.0001834691,0.001742817,0.001766023,0.001565,0.001536,0,0,1.524e-23,1.178e-24
step2,2,MLP_OUT,u,residual,1024,256-512,6291456,0.000286041,0.0003426166,0.0004940033,0.0005431635,0.0002920525,0.001747835,0.001749879,0.001565,0.001536,0,0,1.524e-23,1.178e-24
step2,2,MLP_OUT,u,residual,1024,512-1024,1.258291e+07,0.0003148869,0.0001804043,0.0003721714,0.0001097422,0.0003735949,0.001738946,0.001759245,0.001565,0.001536,0,0,1.524e-23,1.178e-24
step2,2,MLP_OUT,v,hidden,4096,spike,3145728,0.0002539889,0.0003063093,0.001028379,0.0008658414,0.0009317228,0.001772971,0.00188001,0.001565,0.001558,0,0,1.524e-23,8.299e-24
step2,2,MLP_OUT,v,hidden,4096,32-64,3145728,0.0002890662,0.0002452151,0.0008449554,0.0006356141,0.0007015448,0.001781918,0.001838639,0.001565,0.001558,0,0,1.524e-23,8.299e-24
step2,2,MLP_OUT,v,hidden,4096,64-128,6291456,0.0001191797,9.159083e-05,0.0005981127,0.0005736252,0.000639556,0.001759983,0.001823289,0.001565,0.001558,0,0,1.524e-23,8.299e-24
step2,2,MLP_OUT,v,hidden,4096,128-256,1.258291e+07,0.0001671652,9.995018e-05,0.0004782677,0.0003874148,0.0004532962,0.001751911,0.001811902,0.001565,0.001558,0,0,1.524e-23,8.299e-24
step2,2,MLP_OUT,v,hidden,4096,256-512,2.516582e+07,0.000137069,0.0001718822,0.0002503792,0.000218254,0.0002794343,0.00175681,0.001785267,0.001565,0.001558,0,0,1.524e-23,8.299e-24
step2,2,MLP_OUT,v,hidden,4096,512-1024,5.033165e+07,9.714199e-05,4.806322e-05,0.0001183351,9.460797e-05,0.000114124,0.001772512,0.001776048,0.001565,0.001558,0,0,1.524e-23,8.299e-24
step4,4,Q,u,head,1024,spike,786432,0.0009920363,0.001167487,0.002268473,0.00257419,0.002837821,0.001692817,0.001930418,0.001565,0.001536,0,0,1.524e-23,1.178e-24
step4,4,Q,u,head,1024,32-64,786432,0.001155386,0.0008915335,0.002267202,0.001349553,0.00158375,0.00171734,0.001872653,0.001565,0.001536,0,0,1.524e-23,1.178e-24
step4,4,Q,u,head,1024,64-128,1572864,0.0003413697,0.0003760692,0.0007241567,0.0006463862,0.0008974973,0.001734961,0.001868293,0.001565,0.001536,0,0,1.524e-23,1.178e-24
step4,4,Q,u,head,1024,128-256,3145728,0.000527278,0.0003887601,0.0006914139,0.0003509879,0.0003983332,0.001744452,0.001780374,0.001565,0.001536,0,0,1.524e-23,1.178e-24
step4,4,Q,u,head,1024,256-512,6291456,0.0004218447,0.0002985361,0.0003515879,0.0003299776,0.0002171509,0.001761573,0.001735392,0.001565,0.001536,0,0,1.524e-23,1.178e-24
step4,4,Q,u,head,1024,512-1024,1.258291e+07,0.0003657225,0.0001866507,0.0004810492,0.0001753017,0.0004389323,0.001744373,0.00176541,0.001565,0.001536,0,0,1.524e-23,1.178e-24
step4,4,Q,v,residual,1024,spike,786432,0.0007335229,0.0005384277,0.002146403,0.001505118,0.001749971,0.0017415,0.001938048,0.001565,0.001536,0,0,1.524e-23,1.178e-24
step4,4,Q,v,residual,1024,32-64,786432,0.0007134867,0.0006555074,0.001214345,0.001179163,0.001413361,0.001740047,0.00182397,0.001565,0.001536,0,0,1.524e-23,1.178e-24
step4,4,Q,v,residual,1024,64-128,1572864,0.0007446311,0.0005874125,0.0009212494,0.0007224644,0.0009195011,0.001729511,0.001838775,0.001565,0.001536,0,0,1.524e-23,1.178e-24
step4,4,Q,v,residual,1024,128-256,3145728,0.0004779382,0.000282843,0.0005133947,0.0002773042,0.0004680247,0.001765524,0.001797131,0.001565,0.001536,0,0,1.524e-23,1.178e-24
step4,4,Q,v,residual,1024,256-512,6291456,0.0002040926,0.0002849933,0.0003010432,0.0003091593,0.0001804071,0.001738026,0.001745905,0.001565,0.001536,0,0,1.524e-23,1.178e-24
step4,4,Q,v,residual,1024,512-1024,1.258291e+07,0.0002079509,0.0001863639,0.0001922448,0.000127087,0.0003163056,0.001753977,0.001778977,0.001565,0.001536,0,0,1.524e-23,1.178e-24
step4,4,K,u,head,1024,spike,786432,0.0006380923,0.0007418956,0.001458486,0.0009893239,0.001258303,0.001737685,0.001931508,0.001565,0.001536,0,0,1.524e-23,1.178e-24
step4,4,K,u,head,1024,32-64,786432,0.0007828175,0.000667377,0.001641591,0.00137707,0.001533796,0.001698085,0.001798721,0.001565,0.001536,0,0,1.524e-23,1.178e-24
step4,4,K,u,head,1024,64-128,1572864,0.0009144697,0.0006985664,0.001819611,0.00110562,0.001315019,0.001713889,0.001898357,0.001565,0.001536,0,0,1.524e-23,1.178e-24
step4,4,K,u,head,1024,128-256,3145728,0.0003517929,0.000318968,0.000538826,0.000539041,0.000714492,0.001722654,0.001758939,0.001565,0.001536,0,0,1.524e-23,1.178e-24
step4,4,K,u,head,1024,256-512,6291456,0.0004114492,0.0001665962,0.0003010432,0.0002849284,0.0003678901,0.001738117,0.00175408,0.001565,0.001536,0,0,1.524e-23,1.178e-24
step4,4,K,u,head,1024,512-1024,1.258291e+07,0.0003957414,0.0001446303,0.0004194578,9.203943e-05,0.0002748274,0.001748437,0.001761459,0.001565,0.001536,0,0,1.524e-23,1.178e-24
step4,4,K,v,residual,1024,spike,786432,0.000985879,0.0007410261,0.002628326,0.002011788,0.002206883,0.001685733,0.002041226,0.001565,0.001536,0,0,1.524e-23,1.178e-24
step4,4,K,v,residual,1024,32-64,786432,0.001443181,0.001174202,0.002138774,0.001129572,0.001363769,0.001686823,0.001938048,0.001565,0.001536,0,0,1.524e-23,1.178e-24
step4,4,K,v,residual,1024,64-128,1572864,0.0005942182,0.0008460611,0.0006726583,0.0008288921,0.001092745,0.001736232,0.001830328,0.001565,0.001536,0,0,1.524e-23,1.178e-24
step4,4,K,v,residual,1024,128-256,3145728,0.0007396977,0.0005246798,0.0008681615,0.0003795166,0.0003434818,0.001743226,0.001761573,0.001565,0.001536,0,0,1.524e-23,1.178e-24
step4,4,K,v,residual,1024,256-512,6291456,0.0004127207,0.0001678678,0.0004259745,0.0002079073,0.000369564,0.001729988,0.00176348,0.001565,0.001536,0,0,1.524e-23,1.178e-24
step4,4,K,v,residual,1024,512-1024,1.258291e+07,0.0003055274,0.0001110847,0.000164032,0.0003159995,0.0001365058,0.001748709,0.001767806,0.001565,0.001536,0,0,1.524e-23,1.178e-24
step4,4,V,u,head,1024,spike,786432,0.0005933542,0.0004379798,0.001962026,0.001692038,0.001936891,0.001726605,0.001942589,0.001565,0.001536,0,0,1.524e-23,1.178e-24
step4,4,V,u,head,1024,32-64,786432,0.001123633,0.0008725223,0.002218882,0.00140809,0.001671943,0.001761664,0.001892816,0.001565,0.001536,0,0,1.524e-23,1.178e-24
step4,4,V,u,head,1024,64-128,1572864,0.000231822,0.0004343987,0.000875473,0.000672694,0.0009207021,0.001789093,0.001827876,0.001565,0.001536,0,0,1.524e-23,1.178e-24
step4,4,V,u,head,1024,128-256,3145728,0.0005430535,0.0002794229,0.0006497701,0.0002789704,0.0004003843,0.001747994,0.001770882,0.001565,0.001536,0,0,1.524e-23,1.178e-24
step4,4,V,u,head,1024,256-512,6291456,0.0005199213,0.0002560686,0.0004316966,0.0002707306,0.000175628,0.001743839,0.001741932,0.001565,0.001536,0,0,1.524e-23,1.178e-24
step4,4,V,u,head,1024,512-1024,1.258291e+07,0.000412021,0.0001957754,0.0005943775,0.0001823565,0.0004513354,0.001743498,0.001760233,0.001565,0.001536,0,0,1.524e-23,1.178e-24
step4,4,V,v,residual,1024,spike,786432,0.0006663462,0.0009353251,0.001733144,0.002141784,0.002405636,0.001807077,0.001952762,0.001565,0.001536,0,0,1.524e-23,1.178e-24
step4,4,V,v,residual,1024,32-64,786432,0.0007936188,0.0006703102,0.001833598,0.001373722,0.001624833,0.001710983,0.001828512,0.001565,0.001536,0,0,1.524e-23,1.178e-24
step4,4,V,v,residual,1024,64-128,1572864,0.00061935,0.0008309834,0.001232783,0.001024677,0.001275788,0.00176457,0.001833598,0.001565,0.001536,0,0,1.524e-23,1.178e-24
step4,4,V,v,residual,1024,128-256,3145728,0.0002868356,0.0004261226,0.0004291534,0.0003222125,0.0005142505,0.001749811,0.00177397,0.001565,0.001536,0,0,1.524e-23,1.178e-24
step4,4,V,v,residual,1024,256-512,6291456,0.0005338346,0.0002955443,0.0004113515,0.0004971365,0.0002281575,0.001740365,0.001758212,0.001565,0.001536,0,0,1.524e-23,1.178e-24
step4,4,V,v,residual,1024,512-1024,1.258291e+07,0.0002893944,0.0001812478,0.0002532005,0.0001922058,0.0003082268,0.001745213,0.00176549,0.001565,0.001536,0,0,1.524e-23,1.178e-24
step4,4,O,u,residual,1024,spike,786432,0.0007192754,0.0005859382,0.002109528,0.001506001,0.001769854,0.001701537,0.001884824,0.001565,0.001536,0,0,1.524e-23,1.178e-24
step4,4,O,u,residual,1024,32-64,786432,0.0008372904,0.0006799995,0.00226593,0.0015628,0.001831779,0.001630147,0.001926604,0.001565,0.001536,0,0,1.524e-23,1.178e-24
step4,4,O,u,residual,1024,64-128,1572864,0.00063854,0.0004043427,0.0005715688,0.0003631269,0.0005048625,0.001715887,0.001788276,0.001565,0.001536,0,0,1.524e-23,1.178e-24
step4,4,O,u,residual,1024,128-256,3145728,0.0002907379,0.0003950413,0.0005620321,0.0003427711,0.0005287432,0.001741682,0.001789411,0.001565,0.001536,0,0,1.524e-23,1.178e-24
step4,4,O,u,residual,1024,256-512,6291456,0.000291763,0.0002592931,0.0002190272,0.0003076732,0.000137396,0.00175794,0.0017368,0.001565,0.001536,0,0,1.524e-23,1.178e-24
step4,4,O,u,residual,1024,512-1024,1.258291e+07,0.0002880596,0.0002062357,0.0003365676,0.0002121285,0.000258663,0.001751832,0.001775549,0.001565,0.001536,0,0,1.524e-23,1.178e-24
step4,4,O,v,head,1024,spike,786432,0.0004693929,0.0005555083,0.001763662,0.00185441,0.002118263,0.001699175,0.001901536,0.001565,0.001536,0,0,1.524e-23,1.178e-24
step4,4,O,v,head,1024,32-64,786432,0.001097316,0.0008283366,0.002857208,0.001759893,0.002028872,0.001762208,0.001919338,0.001565,0.001536,0,0,1.524e-23,1.178e-24
step4,4,O,v,head,1024,64-128,1572864,0.001041617,0.0007905063,0.001190821,0.0005103953,0.0005946686,0.001735596,0.001784552,0.001565,0.001536,0,0,1.524e-23,1.178e-24
step4,4,O,v,head,1024,128-256,3145728,0.0004576508,0.0003284882,0.0004863739,0.0002124953,0.0004040437,0.001716886,0.001761664,0.001565,0.001536,0,0,1.524e-23,1.178e-24
step4,4,O,v,head,1024,256-512,6291456,0.0003544553,0.0001450563,0.0002423922,0.0004561129,0.0002296256,0.001742953,0.00172824,0.001565,0.001536,0,0,1.524e-23,1.178e-24
step4,4,O,v,head,1024,512-1024,1.258291e+07,0.0002827004,0.0001934378,0.0005419254,0.0002592251,0.0005228556,0.00172581,0.001779806,0.001565,0.001536,0,0,1.524e-23,1.178e-24
step4,4,MLP_IN,u,hidden,4096,spike,3145728,0.0004071732,0.0003399582,0.001518885,0.001212022,0.001273203,0.001755805,0.001899765,0.001565,0.001558,0,0,1.524e-23,8.299e-24
step4,4,MLP_IN,u,hidden,4096,32-64,3145728,0.0004907786,0.0004235637,0.0009377797,0.0007723289,0.0008210889,0.001757077,0.001788503,0.001565,0.001558,0,0,1.524e-23,8.299e-24
step4,4,MLP_IN,u,hidden,4096,64-128,6291456,0.0004447238,0.0004970441,0.0007200241,0.0007767127,0.0008352429,0.001784188,0.001869338,0.001565,0.001558,0,0,1.524e-23,8.299e-24
step4,4,MLP_IN,u,hidden,4096,128-256,1.258291e+07,0.0002083842,0.0001560638,0.000575463,0.0004608876,0.0005194177,0.001757417,0.001811379,0.001565,0.001558,0,0,1.524e-23,8.299e-24
step4,4,MLP_IN,u,hidden,4096,256-512,2.516582e+07,0.0001796304,0.0001448172,0.0001985232,0.0001339333,0.0001951136,0.001765211,0.001795894,0.001565,0.001558,0,0,1.524e-23,8.299e-24
step4,4,MLP_IN,u,hidden,4096,512-1024,5.033165e+07,0.0002151989,0.0001524437,0.0001859864,6.869074e-05,5.263862e-05,0.001774081,0.001760639,0.001565,0.001558,0,0,1.524e-23,8.299e-24
step4,4,MLP_IN,v,residual,1024,spike,786432,0.0005442692,0.0006364616,0.001318614,0.001081298,0.001345151,0.001810891,0.001932053,0.001565,0.001536,0,0,1.524e-23,1.178e-24
step4,4,MLP_IN,v,residual,1024,32-64,786432,0.0008091313,0.0005642784,0.0008710225,0.000752806,0.0008449984,0.001667568,0.001858666,0.001565,0.001536,0,0,1.524e-23,1.178e-24
step4,4,MLP_IN,v,residual,1024,64-128,1572864,0.0005058682,0.0003304171,0.00091362,0.0006629166,0.0009140276,0.001717976,0.001754852,0.001565,0.001536,0,0,1.524e-23,1.178e-24
step4,4,MLP_IN,v,residual,1024,128-256,3145728,0.0007613563,0.0005519573,0.0004946391,0.000345619,0.0003934576,0.00173319,0.001750719,0.001565,0.001536,0,0,1.524e-23,1.178e-24
step4,4,MLP_IN,v,residual,1024,256-512,6291456,0.0006083801,0.0003447496,0.0005316734,0.0002309365,0.0002041748,0.001738866,0.001748494,0.001565,0.001536,0,0,1.524e-23,1.178e-24
step4,4,MLP_IN,v,residual,1024,512-1024,1.258291e+07,0.0002658466,0.0001775576,0.0002432664,0.0001071476,0.0002413627,0.00174603,0.001783087,0.001565,0.001536,0,0,1.524e-23,1.178e-24
step4,4,MLP_OUT,u,residual,1024,spike,786432,0.0006022552,0.000668223,0.001659393,0.001170381,0.001434012,0.001755124,0.001865569,0.001565,0.001536,0,0,1.524e-23,1.178e-24
step4,4,MLP_OUT,u,residual,1024,32-64,786432,0.001090273,0.001353903,0.001822154,0.002061749,0.00232538,0.001858484,0.001861936,0.001565,0.001536,0,0,1.524e-23,1.178e-24
step4,4,MLP_OUT,u,residual,1024,64-128,1572864,0.0007103834,0.0004761862,0.0009479523,0.0003529052,0.0006218842,0.001733053,0.00179209,0.001565,0.001536,0,0,1.524e-23,1.178e-24
step4,4,MLP_OUT,u,residual,1024,128-256,3145728,0.0005956828,0.0003267039,0.0007460912,0.0003581343,0.0005541745,0.001741273,0.001828784,0.001565,0.001536,0,0,1.524e-23,1.178e-24
step4,4,MLP_OUT,u,residual,1024,256-512,6291456,0.0003024124,0.0003006549,0.0007303556,0.0006986796,0.0004297007,0.001747813,0.001766704,0.001565,0.001536,0,0,1.524e-23,1.178e-24
step4,4,MLP_OUT,u,residual,1024,512-1024,1.258291e+07,0.0003140921,0.0001778334,0.0003082752,0.0001442549,0.0003434818,0.001743828,0.001752547,0.001565,0.001536,0,0,1.524e-23,1.178e-24
step4,4,MLP_OUT,v,hidden,4096,spike,3145728,0.0002736982,0.0003260185,0.0007937749,0.0008261022,0.0008872825,0.001773198,0.001891681,0.001565,0.001558,0,0,1.524e-23,8.299e-24
step4,4,MLP_OUT,v,hidden,4096,32-64,3145728,0.0002804831,0.0002366321,0.0007982254,0.000796859,0.0008627404,0.001782962,0.001847903,0.001565,0.001558,0,0,1.524e-23,8.299e-24
step4,4,MLP_OUT,v,hidden,4096,64-128,6291456,0.0001450879,0.0001223698,0.0006432533,0.0006036875,0.0006524475,0.001758644,0.001833757,0.001565,0.001558,0,0,1.524e-23,8.299e-24
step4,4,MLP_OUT,v,hidden,4096,128-256,1.258291e+07,0.000187987,0.0001207721,0.0005991459,0.0004473373,0.0005132188,0.001754579,0.001812095,0.001565,0.001558,0,0,1.524e-23,8.299e-24
step4,4,MLP_OUT,v,hidden,4096,256-512,2.516582e+07,0.0001337311,0.0001685443,0.0001853307,0.0001467285,0.0002079087,0.001758235,0.001789655,0.001565,0.001558,0,0,1.524e-23,8.299e-24
step4,4,MLP_OUT,v,hidden,4096,512-1024,5.033165e+07,8.476409e-05,4.65731e-05,0.000216643,0.0001611272,0.0002148654,0.001772614,0.001771481,0.001565,0.001558,0,0,1.524e-23,8.299e-24
step8,8,Q,u,head,1024,spike,786432,0.0009627903,0.001138241,0.002498627,0.002703395,0.002972373,0.001694634,0.002036503,0.001565,0.001536,0,0,1.524e-23,1.178e-24
step8,8,Q,u,head,1024,32-64,786432,0.001114696,0.0008508434,0.001272837,0.0007640816,0.0009213003,0.001716614,0.001883552,0.001565,0.001536,0,0,1.524e-23,1.178e-24
step8,8,Q,u,head,1024,64-128,1572864,0.000337555,0.0003448059,0.001040141,0.0009707456,0.001234376,0.001737504,0.001865841,0.001565,0.001536,0,0,1.524e-23,1.178e-24
step8,8,Q,u,head,1024,128-256,3145728,0.0005234633,0.0003932106,0.001218796,0.0008597935,0.001035245,0.001742181,0.001821563,0.001565,0.001536,0,0,1.524e-23,1.178e-24
step8,8,Q,u,head,1024,256-512,6291456,0.0004146922,0.0002913836,0.0003418922,0.0002569695,0.0002642575,0.001761527,0.001741341,0.001565,0.001536,0,0,1.524e-23,1.178e-24
step8,8,Q,u,head,1024,512-1024,1.258291e+07,0.000359921,0.0001812466,0.0003508727,0.0002111931,0.0002012253,0.001744656,0.001764082,0.001565,0.001536,0,0,1.524e-23,1.178e-24
step8,8,Q,v,residual,1024,spike,786432,0.0007627689,0.0005676737,0.002229055,0.001654738,0.001905849,0.001744952,0.001930782,0.001565,0.001536,0,0,1.524e-23,1.178e-24
step8,8,Q,v,residual,1024,32-64,786432,0.0006499084,0.0006567789,0.001150767,0.0009047127,0.001122478,0.001735869,0.00179091,0.001565,0.001536,0,0,1.524e-23,1.178e-24
step8,8,Q,v,residual,1024,64-128,1572864,0.0007681551,0.0006109364,0.0008710225,0.0003893194,0.0006341723,0.001733417,0.001817612,0.001565,0.001536,0,0,1.524e-23,1.178e-24
step8,8,Q,v,residual,1024,128-256,3145728,0.0004992945,0.0002796641,0.0002142588,0.0005286178,0.0003135998,0.001765297,0.001743226,0.001565,0.001536,0,0,1.524e-23,1.178e-24
step8,8,Q,v,residual,1024,256-512,6291456,0.0001904784,0.000286106,0.0002977053,0.0003189427,0.0002297994,0.001739434,0.001750015,0.001565,0.001536,0,0,1.524e-23,1.178e-24
step8,8,Q,v,residual,1024,512-1024,1.258291e+07,0.0002127193,0.0001923244,0.0001865228,0.0001071637,0.0002985725,0.001753364,0.001772188,0.001565,0.001536,0,0,1.524e-23,1.178e-24
step8,8,K,u,head,1024,spike,786432,0.0006076233,0.0007164643,0.002002716,0.001629732,0.001874585,0.001734779,0.001902262,0.001565,0.001536,0,0,1.524e-23,1.178e-24
step8,8,K,u,head,1024,32-64,786432,0.0008069773,0.0006546613,0.001546224,0.0009566393,0.001190837,0.001696269,0.001866295,0.001565,0.001536,0,0,1.524e-23,1.178e-24
step8,8,K,u,head,1024,64-128,1572864,0.0009218495,0.0007068315,0.001721064,0.0007992148,0.001014233,0.001713072,0.001831509,0.001565,0.001536,0,0,1.524e-23,1.178e-24
step8,8,K,u,head,1024,128-256,3145728,0.0003406305,0.000325809,0.0003341039,0.0003123546,0.0002725215,0.00172388,0.001769974,0.001565,0.001536,0,0,1.524e-23,1.178e-24
step8,8,K,u,head,1024,256-512,6291456,0.000414787,0.0001699341,0.0003434817,0.0005712052,0.0003404726,0.001739116,0.001753989,0.001565,0.001536,0,0,1.524e-23,1.178e-24
step8,8,K,u,head,1024,512-1024,1.258291e+07,0.0004255437,0.0001744327,0.0003780524,0.0001292292,0.0002208253,0.001746348,0.001777694,0.001565,0.001536,0,0,1.524e-23,1.178e-24
step8,8,K,v,residual,1024,spike,786432,0.0009553614,0.0007105085,0.002737681,0.001902934,0.002117952,0.001687549,0.001895905,0.001565,0.001536,0,0,1.524e-23,1.178e-24
step8,8,K,v,residual,1024,32-64,786432,0.001366887,0.001097909,0.001796722,0.0009378772,0.001077164,0.001689729,0.001820156,0.001565,0.001536,0,0,1.524e-23,1.178e-24
step8,8,K,v,residual,1024,64-128,1572864,0.0005993045,0.0008269876,0.0005880992,0.000565678,0.0008295307,0.001734052,0.001796177,0.001565,0.001536,0,0,1.524e-23,1.178e-24
step8,8,K,v,residual,1024,128-256,3145728,0.0007231673,0.0005081494,0.0008818309,0.0003078318,0.0005589429,0.001742408,0.001799084,0.001565,0.001536,0,0,1.524e-23,1.178e-24
step8,8,K,v,residual,1024,256-512,6291456,0.0004042966,0.0001594437,0.0003800392,0.0005203425,0.0002935727,0.00172824,0.00173848,0.001565,0.001536,0,0,1.524e-23,1.178e-24
step8,8,K,v,residual,1024,512-1024,1.258291e+07,0.0002926528,0.0001178399,0.0001776218,0.0002503348,0.0001731974,0.001749845,0.001763911,0.001565,0.001536,0,0,1.524e-23,1.178e-24
step8,8,V,u,head,1024,spike,786432,0.0005374053,0.0004265357,0.002077738,0.001590775,0.001859753,0.001724788,0.001946222,0.001565,0.001536,0,0,1.524e-23,1.178e-24
step8,8,V,u,head,1024,32-64,786432,0.00109693,0.0008458194,0.002683004,0.001586073,0.001837184,0.00176239,0.002009619,0.001565,0.001536,0,0,1.524e-23,1.178e-24
step8,8,V,u,head,1024,64-128,1572864,0.0002465553,0.0004032454,0.0007101695,0.0004965922,0.0007655711,0.001792999,0.001763389,0.001565,0.001536,0,0,1.524e-23,1.178e-24
step8,8,V,u,head,1024,128-256,3145728,0.0005220726,0.0002584421,0.0007473628,0.0003492785,0.000581512,0.001746496,0.001779238,0.001565,0.001536,0,0,1.524e-23,1.178e-24
step8,8,V,u,head,1024,256-512,6291456,0.0005076825,0.0002438297,0.0003646215,0.0002143138,0.00018859,0.001745383,0.001751173,0.001565,0.001536,0,0,1.524e-23,1.178e-24
step8,8,V,u,head,1024,512-1024,1.258291e+07,0.0004307766,0.0001984775,0.0005247593,0.0002182939,0.0003629616,0.001742567,0.001761709,0.001565,0.001536,0,0,1.524e-23,1.178e-24
step8,8,V,v,residual,1024,spike,786432,0.0005951385,0.0008641175,0.002178192,0.002258347,0.002527325,0.001804352,0.001869383,0.001565,0.001536,0,0,1.524e-23,1.178e-24
step8,8,V,v,residual,1024,32-64,786432,0.0007948903,0.0006715817,0.001588186,0.001428509,0.00169214,0.001710074,0.00193169,0.001565,0.001536,0,0,1.524e-23,1.178e-24
step8,8,V,v,residual,1024,64-128,1572864,0.0006457415,0.0008799387,0.0008392334,0.000691563,0.0009554157,0.0017613,0.001873107,0.001565,0.001536,0,0,1.524e-23,1.178e-24
step8,8,V,v,residual,1024,128-256,3145728,0.0002957365,0.0004350236,0.0003906886,0.000170714,0.0003923666,0.001749947,0.001760119,0.001565,0.001536,0,0,1.524e-23,1.178e-24
step8,8,V,v,residual,1024,256-512,6291456,0.0005193705,0.0002623235,0.0004054705,0.000374486,0.000208393,0.001740274,0.001744066,0.001565,0.001536,0,0,1.524e-23,1.178e-24
step8,8,V,v,residual,1024,512-1024,1.258291e+07,0.0002740561,0.0002033413,0.0001347065,0.000293821,0.0003122489,0.001745485,0.00176197,0.001565,0.001536,0,0,1.524e-23,1.178e-24
step8,8,O,u,residual,1024,spike,786432,0.0007103744,0.0005897529,0.002081553,0.001625528,0.001889381,0.001712254,0.001935141,0.001565,0.001536,0,0,1.524e-23,1.178e-24
step8,8,O,u,residual,1024,32-64,786432,0.0008258463,0.0006643422,0.002114614,0.001579715,0.001830827,0.001643045,0.001835596,0.001565,0.001536,0,0,1.524e-23,1.178e-24
step8,8,O,u,residual,1024,64-128,1572864,0.0005539357,0.0002900829,0.0009129842,0.000528842,0.0006860606,0.001713798,0.001851491,0.001565,0.001536,0,0,1.524e-23,1.178e-24
step8,8,O,u,residual,1024,128-256,3145728,0.0002734224,0.0004013991,0.0006386439,0.000416017,0.0005914681,0.001752536,0.001757168,0.001565,0.001536,0,0,1.524e-23,1.178e-24
step8,8,O,u,residual,1024,256-512,6291456,0.0003162407,0.0002869639,0.0003399849,0.0003703534,0.0001070267,0.001767113,0.001737209,0.001565,0.001536,0,0,1.524e-23,1.178e-24
step8,8,O,u,residual,1024,512-1024,1.258291e+07,0.0003093583,0.0002257861,0.0002476374,0.0001714567,0.0001751685,0.001752808,0.001762299,0.001565,0.001536,0,0,1.524e-23,1.178e-24
step8,8,O,v,head,1024,spike,786432,0.0004948243,0.00063174,0.002236684,0.002215739,0.002443329,0.001702082,0.001965477,0.001565,0.001536,0,0,1.524e-23,1.178e-24
step8,8,O,v,head,1024,32-64,786432,0.001150721,0.0008817423,0.002571106,0.001638199,0.001880418,0.001778194,0.001863389,0.001565,0.001536,0,0,1.524e-23,1.178e-24
step8,8,O,v,head,1024,64-128,1572864,0.001126176,0.0008750654,0.001204809,0.0005212126,0.0006784313,0.001735415,0.001799901,0.001565,0.001536,0,0,1.524e-23,1.178e-24
step8,8,O,v,head,1024,128-256,3145728,0.0004700485,0.0002679021,0.0003633499,0.0003436764,0.0002823438,0.001714434,0.001762708,0.001565,0.001536,0,0,1.524e-23,1.178e-24
step8,8,O,v,head,1024,256-512,6291456,0.0004433059,0.000233907,0.0002036095,0.0004442075,0.0001752286,0.001751037,0.001745496,0.001565,0.001536,0,0,1.524e-23,1.178e-24
step8,8,O,v,head,1024,512-1024,1.258291e+07,0.0002507706,0.0001921545,0.0001908938,0.0002323968,0.0002589235,0.001723062,0.001764513,0.001565,0.001536,0,0,1.524e-23,1.178e-24
step8,8,MLP_IN,u,hidden,4096,spike,3145728,0.0004024048,0.0003351898,0.001390457,0.00108582,0.001147,0.001756668,0.001870564,0.001565,0.001558,0,0,1.524e-23,8.299e-24
step8,8,MLP_IN,u,hidden,4096,32-64,3145728,0.0004526317,0.0003854167,0.001292229,0.000839597,0.000906812,0.001760256,0.00184318,0.001565,0.001558,0,0,1.524e-23,8.299e-24
step8,8,MLP_IN,u,hidden,4096,64-128,6291456,0.0004350281,0.0004873484,0.0005873044,0.0006191576,0.0006850391,0.001784529,0.001801627,0.001565,0.001558,0,0,1.524e-23,8.299e-24
step8,8,MLP_IN,u,hidden,4096,128-256,1.258291e+07,0.0002168878,0.0001645674,0.0005143483,0.000398541,0.0004644224,0.001757156,0.001820837,0.001565,0.001558,0,0,1.524e-23,8.299e-24
step8,8,MLP_IN,u,hidden,4096,256-512,2.516582e+07,0.0001930658,0.0001658619,0.0003653765,0.000236766,0.0002840808,0.001764718,0.001796904,0.001565,0.001558,0,0,1.524e-23,8.299e-24
step8,8,MLP_IN,u,hidden,4096,512-1024,5.033165e+07,0.0002055628,0.0001428076,0.0002010266,7.672658e-05,8.235672e-05,0.001773732,0.001776284,0.001565,0.001558,0,0,1.524e-23,8.299e-24
step8,8,MLP_IN,v,residual,1024,spike,786432,0.000539744,0.0006313754,0.001104991,0.0009166695,0.001135342,0.0018118,0.001835778,0.001565,0.001536,0,0,1.524e-23,1.178e-24
step8,8,MLP_IN,v,residual,1024,32-64,786432,0.0007315658,0.0004867129,0.001375834,0.000687275,0.0008966739,0.001678285,0.001886277,0.001565,0.001536,0,0,1.524e-23,1.178e-24
step8,8,MLP_IN,v,residual,1024,64-128,1572864,0.0004759864,0.0003005353,0.001098633,0.0006226464,0.0007980975,0.001718067,0.001800083,0.001565,0.001536,0,0,1.524e-23,1.178e-24
step8,8,MLP_IN,v,residual,1024,128-256,3145728,0.0007460975,0.0005366985,0.0008621216,0.0004488984,0.0005621206,0.001733644,0.001773834,0.001565,0.001536,0,0,1.524e-23,1.178e-24
step8,8,MLP_IN,v,residual,1024,256-512,6291456,0.0006120359,0.0003484054,0.0002497037,0.0005014621,0.000306367,0.001737776,0.00176432,0.001565,0.001536,0,0,1.524e-23,1.178e-24
step8,8,MLP_IN,v,residual,1024,512-1024,1.258291e+07,0.0002703765,0.0001759694,0.0002937317,0.0002956828,0.0002872079,0.001746053,0.001760835,0.001565,0.001536,0,0,1.524e-23,1.178e-24
step8,8,MLP_OUT,u,residual,1024,spike,786432,0.0007561146,0.0005550537,0.00214386,0.001387745,0.001651598,0.001733507,0.001858666,0.001565,0.001536,0,0,1.524e-23,1.178e-24
step8,8,MLP_OUT,u,residual,1024,32-64,786432,0.0009321034,0.001201082,0.0008811951,0.0006852034,0.0004901082,0.001870292,0.001876104,0.001565,0.001536,0,0,1.524e-23,1.178e-24
step8,8,MLP_OUT,u,residual,1024,64-128,1572864,0.0007319911,0.00048088,0.000855128,0.0005008281,0.0007646808,0.001734143,0.001846132,0.001565,0.001536,0,0,1.524e-23,1.178e-24
step8,8,MLP_OUT,u,residual,1024,128-256,3145728,0.0006087164,0.0003489551,0.0005982717,0.0003962723,0.0004805455,0.001749538,0.001773743,0.001565,0.001536,0,0,1.524e-23,1.178e-24
step8,8,MLP_OUT,u,residual,1024,256-512,6291456,0.0002327942,0.0003923666,0.0004572868,0.0004150623,0.000180865,0.001743725,0.001767522,0.001565,0.001536,0,0,1.524e-23,1.178e-24
step8,8,MLP_OUT,u,residual,1024,512-1024,1.258291e+07,0.0002730047,0.0001707511,0.0001960595,0.00015437,0.0001916021,0.001746337,0.001751434,0.001565,0.001536,0,0,1.524e-23,1.178e-24
step8,8,MLP_OUT,v,hidden,4096,spike,3145728,0.0001782242,0.0002243897,0.001025518,0.0008472936,0.0009100488,0.001769838,0.001845632,0.001565,0.001558,0,0,1.524e-23,8.299e-24
step8,8,MLP_OUT,v,hidden,4096,32-64,3145728,0.0002960598,0.0002522088,0.001040777,0.001022134,0.001084889,0.0017915,0.001871291,0.001565,0.001558,0,0,1.524e-23,8.299e-24
step8,8,MLP_OUT,v,hidden,4096,64-128,6291456,0.0001743177,0.0001332981,0.0006605784,0.0005456508,0.0006115815,0.001756532,0.001848085,0.001565,0.001558,0,0,1.524e-23,8.299e-24
step8,8,MLP_OUT,v,hidden,4096,128-256,1.258291e+07,0.0001842335,0.0001183521,0.0007599195,0.000575686,0.0006415674,0.001758984,0.001831043,0.001565,0.001558,0,0,1.524e-23,8.299e-24
step8,8,MLP_OUT,v,hidden,4096,256-512,2.516582e+07,0.0001308764,0.0001967578,0.0002704461,0.0001573499,0.0002215573,0.001756555,0.001794236,0.001565,0.001558,0,0,1.524e-23,8.299e-24
step8,8,MLP_OUT,v,hidden,4096,512-1024,5.033165e+07,8.373097e-05,5.178968e-05,0.0001413425,9.935126e-05,0.0001209591,0.001771552,0.001763156,0.001565,0.001558,0,0,1.524e-23,8.299e-24
step16,16,Q,u,head,1024,spike,786432,0.0009805922,0.001156043,0.001567841,0.001517834,0.001762687,0.001708076,0.001966386,0.001565,0.001536,0,0,1.524e-23,1.178e-24
step16,16,Q,u,head,1024,32-64,786432,0.001118511,0.0008546581,0.002363841,0.001408295,0.001623313,0.001713526,0.001881736,0.001565,0.001536,0,0,1.524e-23,1.178e-24
step16,16,Q,u,head,1024,64-128,1572864,0.0002998693,0.0004101603,0.0005455017,0.0003083938,0.0005370706,0.001735324,0.001800628,0.001565,0.001536,0,0,1.524e-23,1.178e-24
step16,16,Q,u,head,1024,128-256,3145728,0.0004465246,0.0003442553,0.0004405975,0.0003899201,0.0005787825,0.001743135,0.001765887,0.001565,0.001536,0,0,1.524e-23,1.178e-24
step16,16,Q,u,head,1024,256-512,6291456,0.0003797241,0.0002564155,0.0005192757,0.000372893,0.0003991164,0.001765569,0.00174947,0.001565,0.001536,0,0,1.524e-23,1.178e-24
step16,16,Q,u,head,1024,512-1024,1.258291e+07,0.0003687775,0.0001933264,0.0003398259,0.0001198116,0.0002653529,0.001748937,0.001754454,0.001565,0.001536,0,0,1.524e-23,1.178e-24
step16,16,Q,v,residual,1024,spike,786432,0.0007290227,0.0005168111,0.002499898,0.002043828,0.002278025,0.00174368,0.001922244,0.001565,0.001536,0,0,1.524e-23,1.178e-24
step16,16,Q,v,residual,1024,32-64,786432,0.000457902,0.0006466064,0.001586914,0.001543081,0.001758099,0.001738049,0.001893543,0.001565,0.001536,0,0,1.524e-23,1.178e-24
step16,16,Q,v,residual,1024,64-128,1572864,0.0008641583,0.0007069396,0.001178741,0.0005265988,0.000723355,0.001739502,0.001843225,0.001565,0.001536,0,0,1.524e-23,1.178e-24
step16,16,Q,v,residual,1024,128-256,3145728,0.0005863968,0.0003352857,0.0004161199,0.0004261433,0.0002578609,0.001770655,0.001757304,0.001565,0.001536,0,0,1.524e-23,1.178e-24
step16,16,Q,v,residual,1024,256-512,6291456,0.0002252324,0.0002632178,0.0002824465,0.0003309348,0.0001674059,0.00174007,0.001745565,0.001565,0.001536,0,0,1.524e-23,1.178e-24
step16,16,Q,v,residual,1024,512-1024,1.258291e+07,0.0001889569,0.0001885892,0.0002169609,0.0002433816,0.0002983341,0.001754307,0.001755101,0.001565,0.001536,0,0,1.524e-23,1.178e-24
step16,16,K,u,head,1024,spike,786432,0.0006572143,0.0007660553,0.001232147,0.001027287,0.00111156,0.001738049,0.001868293,0.001565,0.001536,0,0,1.524e-23,1.178e-24
step16,16,K,u,head,1024,32-64,786432,0.0009341338,0.0006702811,0.002366384,0.001477605,0.001746584,0.001698449,0.001874106,0.001565,0.001536,0,0,1.524e-23,1.178e-24
step16,16,K,u,head,1024,64-128,1572864,0.0008900603,0.0006750424,0.001480103,0.0006654597,0.0009165708,0.001706805,0.001819792,0.001565,0.001536,0,0,1.524e-23,1.178e-24
step16,16,K,u,head,1024,128-256,3145728,0.0003565702,0.0003663338,0.0004758835,0.0002613425,0.0003997415,0.001724062,0.001765024,0.001565,0.001536,0,0,1.524e-23,1.178e-24
step16,16,K,u,head,1024,256-512,6291456,0.0003864947,0.0001637178,0.0002493858,0.0003517011,0.0001567357,0.001741886,0.001737231,0.001565,0.001536,0,0,1.524e-23,1.178e-24
step16,16,K,u,head,1024,512-1024,1.258291e+07,0.0004206041,0.0001557565,0.0003949006,0.0002009137,0.0002391441,0.001747018,0.001764059,0.001565,0.001536,0,0,1.524e-23,1.178e-24
step16,16,K,v,residual,1024,spike,786432,0.001012582,0.0007677289,0.002891541,0.001878959,0.002123812,0.001683916,0.001957121,0.001565,0.001536,0,0,1.524e-23,1.178e-24
step16,16,K,v,residual,1024,32-64,786432,0.001302038,0.001033059,0.002340953,0.001244447,0.0014893,0.001697904,0.001881917,0.001565,0.001536,0,0,1.524e-23,1.178e-24
step16,16,K,v,residual,1024,64-128,1572864,0.0006584323,0.0007233359,0.000729243,0.0004624191,0.0004298322,0.001729239,0.001815796,0.001565,0.001536,0,0,1.524e-23,1.178e-24
step16,16,K,v,residual,1024,128-256,3145728,0.0007371545,0.0005221366,0.0009997686,0.0002773719,0.0005307128,0.001741636,0.001774061,0.001565,0.001536,0,0,1.524e-23,1.178e-24
step16,16,K,v,residual,1024,256-512,6291456,0.0004252774,0.0001804245,0.0002131462,0.0003992103,0.0001669038,0.001728989,0.001745837,0.001565,0.001536,0,0,1.524e-23,1.178e-24
step16,16,K,v,residual,1024,512-1024,1.258291e+07,0.0002633885,0.0001199062,0.0002485116,0.0001889407,0.0002653608,0.00175341,0.001781282,0.001565,0.001536,0,0,1.524e-23,1.178e-24
step16,16,V,u,head,1024,spike,786432,0.0004878143,0.0003367699,0.001876831,0.001424575,0.001658773,0.001725696,0.001862481,0.001565,0.001536,0,0,1.524e-23,1.178e-24
step16,16,V,u,head,1024,32-64,786432,0.0009468947,0.0007126974,0.002352397,0.001464428,0.001709281,0.001756396,0.001876468,0.001565,0.001536,0,0,1.524e-23,1.178e-24
step16,16,V,u,head,1024,64-128,1572864,0.0002191845,0.0003587406,0.00102361,0.0008182983,0.001087277,0.001789184,0.001849674,0.001565,0.001536,0,0,1.524e-23,1.178e-24
step16,16,V,u,head,1024,128-256,3145728,0.0005265231,0.0002628926,0.0005874634,0.0004015729,0.000407439,0.001749674,0.001762844,0.001565,0.001536,0,0,1.524e-23,1.178e-24
step16,16,V,u,head,1024,256-512,6291456,0.0005030731,0.0002392203,0.0003841718,0.0004493494,0.000256886,0.001749243,0.001735687,0.001565,0.001536,0,0,1.524e-23,1.178e-24
step16,16,V,u,head,1024,512-1024,1.258291e+07,0.000403279,0.0001786281,0.0002690156,0.0001618405,0.0001579278,0.001744157,0.001753001,0.001565,0.001536,0,0,1.524e-23,1.178e-24
step16,16,V,v,residual,1024,spike,786432,0.0005302887,0.0007992676,0.001468658,0.001622985,0.001886838,0.001818339,0.001965841,0.001565,0.001536,0,0,1.524e-23,1.178e-24
step16,16,V,v,residual,1024,32-64,786432,0.0007744193,0.0006176928,0.002312978,0.001538559,0.001695285,0.001710074,0.001901717,0.001565,0.001536,0,0,1.524e-23,1.178e-24
step16,16,V,v,residual,1024,64-128,1572864,0.0005993293,0.0008335266,0.0005842845,0.0006921626,0.0009432736,0.001763662,0.001798902,0.001565,0.001536,0,0,1.524e-23,1.178e-24
step16,16,V,v,residual,1024,128-256,3145728,0.0002343836,0.0003138098,0.0003306071,0.0001896783,0.0004320181,0.001753308,0.001750356,0.001565,0.001536,0,0,1.524e-23,1.178e-24
step16,16,V,v,residual,1024,256-512,6291456,0.0005476629,0.0002911376,0.0004231135,0.0003875454,0.0002308189,0.001742022,0.001747177,0.001565,0.001536,0,0,1.524e-23,1.178e-24
step16,16,V,v,residual,1024,512-1024,1.258291e+07,0.0002951959,0.0001916401,0.0002353986,0.0003560538,9.988712e-05,0.001746643,0.001748289,0.001565,0.001536,0,0,1.524e-23,1.178e-24
step16,16,O,u,residual,1024,spike,786432,0.0007938726,0.0005490196,0.001875559,0.00131547,0.001562588,0.001721337,0.001946949,0.001565,0.001536,0,0,1.524e-23,1.178e-24
step16,16,O,u,residual,1024,32-64,786432,0.0007706982,0.0006134796,0.001935323,0.001380966,0.001649945,0.001629602,0.001802717,0.001565,0.001536,0,0,1.524e-23,1.178e-24
step16,16,O,u,residual,1024,64-128,1572864,0.0005139175,0.0002628065,0.000933965,0.0005444504,0.0007893033,0.001726514,0.001853216,0.001565,0.001536,0,0,1.524e-23,1.178e-24
step16,16,O,u,residual,1024,128-256,3145728,0.0003058473,0.0005350998,0.0003509521,0.0002945526,0.0003153272,0.001763934,0.001781827,0.001565,0.001536,0,0,1.524e-23,1.178e-24
step16,16,O,u,residual,1024,256-512,6291456,0.0003216448,0.0002471498,0.000319322,0.0002229713,0.00024253,0.001763185,0.001751536,0.001565,0.001536,0,0,1.524e-23,1.178e-24
step16,16,O,u,residual,1024,512-1024,1.258291e+07,0.0002875391,0.0001806455,0.0003959338,0.0002724664,0.0005235775,0.001755692,0.001761539,0.001565,0.001536,0,0,1.524e-23,1.178e-24
step16,16,O,v,head,1024,spike,786432,0.0003549052,0.0005317346,0.001478831,0.001607726,0.001871579,0.00171625,0.00193278,0.001565,0.001536,0,0,1.524e-23,1.178e-24
step16,16,O,v,head,1024,32-64,786432,0.001032466,0.0008091926,0.001922607,0.001078719,0.00132983,0.00177892,0.001890092,0.001565,0.001536,0,0,1.524e-23,1.178e-24
step16,16,O,v,head,1024,64-128,1572864,0.0009652872,0.0007014345,0.001339595,0.0004578094,0.0007267884,0.001707259,0.001815523,0.001565,0.001536,0,0,1.524e-23,1.178e-24
step16,16,O,v,head,1024,128-256,3145728,0.0005520645,0.0003009535,0.0008026759,0.0004007635,0.0006456164,0.00170626,0.001789956,0.001565,0.001536,0,0,1.524e-23,1.178e-24
step16,16,O,v,head,1024,256-512,6291456,0.000293527,0.0001395756,0.0003887812,0.0005533849,0.0002897544,0.001747676,0.001750424,0.001565,0.001536,0,0,1.524e-23,1.178e-24
step16,16,O,v,head,1024,512-1024,1.258291e+07,0.0003079911,0.0001861752,0.0002217293,0.0003482166,0.0001625945,0.001726389,0.001754114,0.001565,0.001536,0,0,1.524e-23,1.178e-24
step16,16,MLP_IN,u,hidden,4096,spike,3145728,0.0004418234,0.0003746084,0.001298269,0.0009090007,0.0009749314,0.001752263,0.001864751,0.001565,0.001558,0,0,1.524e-23,8.299e-24
step16,16,MLP_IN,u,hidden,4096,32-64,3145728,0.0004314736,0.0003655921,0.0008465449,0.000499719,0.0005520394,0.001755397,0.001817749,0.001565,0.001558,0,0,1.524e-23,8.299e-24
step16,16,MLP_IN,u,hidden,4096,64-128,6291456,0.0004507637,0.0005030841,0.0004194578,0.0006790619,0.0007462768,0.001787481,0.00185115,0.001565,0.001558,0,0,1.524e-23,8.299e-24
step16,16,MLP_IN,u,hidden,4096,128-256,1.258291e+07,0.0002325439,0.0001802236,0.0004948775,0.0003533265,0.0004192572,0.001758973,0.001792885,0.001565,0.001558,0,0,1.524e-23,8.299e-24
step16,16,MLP_IN,u,hidden,4096,256-512,2.516582e+07,0.0001686279,0.000141424,0.0002544721,0.0001232164,0.0001859716,0.001767391,0.001788809,0.001565,0.001558,0,0,1.524e-23,8.299e-24
step16,16,MLP_IN,u,hidden,4096,512-1024,5.033165e+07,0.0001969798,0.0001342246,0.000183483,0.0001033409,7.14765e-05,0.001772023,0.001763156,0.001565,0.001558,0,0,1.524e-23,8.299e-24
step16,16,MLP_IN,v,residual,1024,spike,786432,0.0006714224,0.0006453626,0.001628876,0.001622985,0.001886838,0.001813616,0.001858484,0.001565,0.001536,0,0,1.524e-23,1.178e-24
step16,16,MLP_IN,v,residual,1024,32-64,786432,0.0008002304,0.0005553775,0.001543681,0.000830203,0.001015815,0.001668839,0.001866659,0.001565,0.001536,0,0,1.524e-23,1.178e-24
step16,16,MLP_IN,v,residual,1024,64-128,1572864,0.0004563215,0.0003987244,0.000682195,0.0003318429,0.0005445269,0.001722154,0.001776105,0.001565,0.001536,0,0,1.524e-23,1.178e-24
step16,16,MLP_IN,v,residual,1024,128-256,3145728,0.0007989588,0.0005541059,0.000778834,0.0002343835,0.0003736705,0.001734961,0.00177942,0.001565,0.001536,0,0,1.524e-23,1.178e-24
step16,16,MLP_IN,v,residual,1024,256-512,6291456,0.0006276126,0.0003653265,0.0006928444,0.0002326217,0.0003821365,0.001732576,0.00175056,0.001565,0.001536,0,0,1.524e-23,1.178e-24
step16,16,MLP_IN,v,residual,1024,512-1024,1.258291e+07,0.0002637803,0.0001718355,0.0002985001,0.0002690184,0.0001694076,0.001746757,0.001761346,0.001565,0.001536,0,0,1.524e-23,1.178e-24
step16,16,MLP_OUT,u,residual,1024,spike,786432,0.0009443064,0.0006804536,0.001546224,0.0008912382,0.001048457,0.001724425,0.001968565,0.001565,0.001536,0,0,1.524e-23,1.178e-24
step16,16,MLP_OUT,u,residual,1024,32-64,786432,0.001079605,0.001348584,0.0009384155,0.001082148,0.001351127,0.001855396,0.001869928,0.001565,0.001536,0,0,1.524e-23,1.178e-24
step16,16,MLP_OUT,u,residual,1024,64-128,1572864,0.0006835023,0.0005267759,0.0008735657,0.000485096,0.000694495,0.001746586,0.001855033,0.001565,0.001536,0,0,1.524e-23,1.178e-24
step16,16,MLP_OUT,u,residual,1024,128-256,3145728,0.0006237979,0.0003601673,0.0008440018,0.0004347726,0.0006102236,0.001742272,0.001761164,0.001565,0.001536,0,0,1.524e-23,1.178e-24
step16,16,MLP_OUT,u,residual,1024,256-512,6291456,0.0002661109,0.0004308314,0.0005267461,0.0005119001,0.0002482696,0.001751832,0.00174863,0.001565,0.001536,0,0,1.524e-23,1.178e-24
step16,16,MLP_OUT,u,residual,1024,512-1024,1.258291e+07,0.0003044787,0.0001176994,0.0003725688,0.0001657542,0.0003745486,0.001740615,0.00177271,0.001565,0.001536,0,0,1.524e-23,1.178e-24
step16,16,MLP_OUT,v,hidden,4096,spike,3145728,0.0001893504,0.000219207,0.0007985433,0.0007868271,0.000854042,0.001766931,0.001862889,0.001565,0.001558,0,0,1.524e-23,8.299e-24
step16,16,MLP_OUT,v,hidden,4096,32-64,3145728,0.0002899527,0.0002629852,0.0008071264,0.0007313706,0.0007925508,0.001780782,0.001857939,0.001565,0.001558,0,0,1.524e-23,8.299e-24
step16,16,MLP_OUT,v,hidden,4096,64-128,6291456,0.0001365649,0.0001435033,0.0004545848,0.0003407733,0.0003930936,0.001773335,0.0018316,0.001565,0.001558,0,0,1.524e-23,8.299e-24
step16,16,MLP_OUT,v,hidden,4096,128-256,1.258291e+07,0.0002254982,0.0001582833,0.0006372929,0.0004117946,0.0004790096,0.001761652,0.001811028,0.001565,0.001558,0,0,1.524e-23,8.299e-24
step16,16,MLP_OUT,v,hidden,4096,256-512,2.516582e+07,0.0001337863,0.0001965415,0.0001778205,0.0001938586,0.0002597401,0.001760659,0.001785715,0.001565,0.001558,0,0,1.524e-23,8.299e-24
step16,16,MLP_OUT,v,hidden,4096,512-1024,5.033165e+07,9.700648e-05,4.792398e-05,6.993612e-05,7.571176e-05,7.651086e-05,0.001769355,0.001776769,0.001565,0.001558,0,0,1.524e-23,8.299e-24
step32,32,Q,u,head,1024,spike,786432,0.0009818638,0.001157315,0.001466115,0.001447509,0.001711362,0.001710619,0.001989274,0.001565,0.001536,0,0,1.524e-23,1.178e-24
step32,32,Q,u,head,1024,32-64,786432,0.000995169,0.0007313163,0.001698812,0.0008968847,0.001147996,0.001746041,0.001925151,0.001565,0.001536,0,0,1.524e-23,1.178e-24
step32,32,Q,u,head,1024,64-128,1572864,0.000407592,0.0005062313,0.001155217,0.00100178,0.001235977,0.001736596,0.001775651,0.001565,0.001536,0,0,1.524e-23,1.178e-24
step32,32,Q,u,head,1024,128-256,3145728,0.0003750762,0.0003098464,0.0008894602,0.0006389261,0.0007956525,0.001755397,0.001789865,0.001565,0.001536,0,0,1.524e-23,1.178e-24
step32,32,Q,u,head,1024,256-512,6291456,0.0003758091,0.0002958591,0.0006128947,0.0003019706,0.0004108117,0.001764366,0.001744316,0.001565,0.001536,0,0,1.524e-23,1.178e-24
step32,32,Q,u,head,1024,512-1024,1.258291e+07,0.0003339333,0.0001623133,0.0005632242,0.0002292908,0.0004263871,0.001747483,0.001769225,0.001565,0.001536,0,0,1.524e-23,1.178e-24
step32,32,Q,v,residual,1024,spike,786432,0.0007684412,0.0005235883,0.002553304,0.001902308,0.002171287,0.001734961,0.001966567,0.001565,0.001536,0,0,1.524e-23,1.178e-24
step32,32,Q,v,residual,1024,32-64,786432,0.0004546205,0.0006696384,0.001546224,0.001159714,0.001428693,0.001737685,0.001885732,0.001565,0.001536,0,0,1.524e-23,1.178e-24
step32,32,Q,v,residual,1024,64-128,1572864,0.0007757845,0.0006185658,0.00103569,0.0004085944,0.0006427917,0.00174041,0.001825333,0.001565,0.001536,0,0,1.524e-23,1.178e-24
step32,32,Q,v,residual,1024,128-256,3145728,0.0005174916,0.0003024736,0.0006853739,0.0002855056,0.0004860597,0.001764388,0.001756032,0.001565,0.001536,0,0,1.524e-23,1.178e-24
step32,32,Q,v,residual,1024,256-512,6291456,0.0002342247,0.0002704564,0.0002334913,0.0004169761,0.000277689,0.001737549,0.001734983,0.001565,0.001536,0,0,1.524e-23,1.178e-24
step32,32,Q,v,residual,1024,512-1024,1.258291e+07,0.0002065204,0.0001755485,0.0002193451,0.0002627256,0.0001813387,0.001753353,0.001756089,0.001565,0.001536,0,0,1.524e-23,1.178e-24
step32,32,K,u,head,1024,spike,786432,0.0005491312,0.0006579723,0.001772563,0.001951899,0.002220878,0.001745496,0.001904442,0.001565,0.001536,0,0,1.524e-23,1.178e-24
step32,32,K,u,head,1024,32-64,786432,0.0009036163,0.0006397635,0.001817067,0.001104575,0.001349428,0.001688094,0.001864842,0.001565,0.001536,0,0,1.524e-23,1.178e-24
step32,32,K,u,head,1024,64-128,1572864,0.0009029066,0.0006503255,0.001245499,0.0004349112,0.0006565356,0.001710438,0.001797449,0.001565,0.001536,0,0,1.524e-23,1.178e-24
step32,32,K,u,head,1024,128-256,3145728,0.0003527556,0.0002790024,0.0003700256,0.0003167147,0.0002939217,0.001723562,0.001742726,0.001565,0.001536,0,0,1.524e-23,1.178e-24
step32,32,K,u,head,1024,256-512,6291456,0.0004131976,0.0002387401,0.0004353523,0.0003023896,0.0002670077,0.00174318,0.001754057,0.001565,0.001536,0,0,1.524e-23,1.178e-24
step32,32,K,u,head,1024,512-1024,1.258291e+07,0.0003935956,0.0001424846,0.0003345013,0.0001769504,0.0002359479,0.001747585,0.001760619,0.001565,0.001536,0,0,1.524e-23,1.178e-24
step32,32,K,v,residual,1024,spike,786432,0.0008879684,0.0006431155,0.002388,0.001689957,0.001958936,0.001702627,0.001927694,0.001565,0.001536,0,0,1.524e-23,1.178e-24
step32,32,K,v,residual,1024,32-64,786432,0.001154536,0.000885557,0.002847036,0.001951049,0.002214902,0.00169972,0.001912617,0.001565,0.001536,0,0,1.524e-23,1.178e-24
step32,32,K,v,residual,1024,64-128,1572864,0.0005700585,0.0007193672,0.0006586711,0.0005688963,0.0007341633,0.001730692,0.001832235,0.001565,0.001536,0,0,1.524e-23,1.178e-24
step32,32,K,v,residual,1024,128-256,3145728,0.0006433766,0.0004283586,0.0007286072,0.0002366406,0.0004337559,0.001735914,0.00176507,0.001565,0.001536,0,0,1.524e-23,1.178e-24
step32,32,K,v,residual,1024,256-512,6291456,0.0003340426,0.0002227789,0.0004213651,0.0004974544,0.0002687462,0.001722835,0.001753262,0.001565,0.001536,0,0,1.524e-23,1.178e-24
step32,32,K,v,residual,1024,512-1024,1.258291e+07,0.0003153637,0.0001642521,0.0002547105,0.0001969775,0.0002066906,0.001749334,0.001773494,0.001565,0.001536,0,0,1.524e-23,1.178e-24
step32,32,V,u,head,1024,spike,786432,0.0004826541,0.0003376457,0.002629598,0.002281235,0.002550214,0.00172279,0.001944042,0.001565,0.001536,0,0,1.524e-23,1.178e-24
step32,32,V,u,head,1024,32-64,786432,0.0009672307,0.0007161197,0.001944224,0.001182602,0.001451581,0.001761845,0.001877194,0.001565,0.001536,0,0,1.524e-23,1.178e-24
step32,32,V,u,head,1024,64-128,1572864,0.0002237498,0.000401338,0.001266479,0.001214176,0.001478029,0.001788639,0.001883371,0.001565,0.001536,0,0,1.524e-23,1.178e-24
step32,32,V,u,head,1024,128-256,3145728,0.0004921908,0.0002285603,0.0006653468,0.0003781581,0.0004367865,0.001746359,0.00178487,0.001565,0.001536,0,0,1.524e-23,1.178e-24
step32,32,V,u,head,1024,256-512,6291456,0.0004207392,0.0001870792,0.0002361933,0.0003056986,9.819238e-05,0.001737436,0.001721473,0.001565,0.001536,0,0,1.524e-23,1.178e-24
step32,32,V,u,head,1024,512-1024,1.258291e+07,0.0004184583,0.0001494794,0.0004032453,0.0001440002,0.0002819627,0.001748505,0.001767601,0.001565,0.001536,0,0,1.524e-23,1.178e-24
step32,32,V,v,residual,1024,spike,786432,0.0005569915,0.0008259705,0.001427968,0.001658978,0.001903831,0.001816341,0.001905532,0.001565,0.001536,0,0,1.524e-23,1.178e-24
step32,32,V,v,residual,1024,32-64,786432,0.0007889091,0.000651999,0.001430511,0.001161569,0.001370968,0.001710801,0.001817794,0.001565,0.001536,0,0,1.524e-23,1.178e-24
step32,32,V,v,residual,1024,64-128,1572864,0.0004884963,0.0006879323,0.0009657542,0.0008477188,0.001092572,0.001770474,0.001799901,0.001565,0.001536,0,0,1.524e-23,1.178e-24
step32,32,V,v,residual,1024,128-256,3145728,0.0002079986,0.0003602219,0.000515302,0.0003902145,0.0005916857,0.001752354,0.001748993,0.001565,0.001536,0,0,1.524e-23,1.178e-24
step32,32,V,v,residual,1024,256-512,6291456,0.0005732715,0.0003138669,0.0005660057,0.0001982025,0.0003412267,0.001744134,0.001753466,0.001565,0.001536,0,0,1.524e-23,1.178e-24
step32,32,V,v,residual,1024,512-1024,1.258291e+07,0.000287805,0.0001261732,0.0002336502,0.0001777112,0.000286106,0.001748153,0.001770303,0.001565,0.001536,0,0,1.524e-23,1.178e-24
step32,32,O,u,residual,1024,spike,786432,0.0006562573,0.0004990386,0.001684825,0.001417065,0.001680696,0.001731691,0.001948402,0.001565,0.001536,0,0,1.524e-23,1.178e-24
step32,32,O,u,residual,1024,32-64,786432,0.0009779635,0.0008207448,0.001991272,0.001226523,0.001459592,0.001666659,0.00197892,0.001565,0.001536,0,0,1.524e-23,1.178e-24
step32,32,O,u,residual,1024,64-128,1572864,0.0004929005,0.0002817322,0.0009549459,0.0005989012,0.0008083001,0.001699993,0.001837049,0.001565,0.001536,0,0,1.524e-23,1.178e-24
step32,32,O,u,residual,1024,128-256,3145728,0.000400777,0.000509414,0.0004555384,0.0005454954,0.0007548944,0.001747858,0.001788684,0.001565,0.001536,0,0,1.524e-23,1.178e-24
step32,32,O,u,residual,1024,256-512,6291456,0.0003537003,0.0001474312,0.000260671,0.0004866305,0.0002417776,0.001760892,0.001737526,0.001565,0.001536,0,0,1.524e-23,1.178e-24
step32,32,O,u,residual,1024,512-1024,1.258291e+07,0.0003158315,0.0001310793,0.0003268719,0.0002307279,0.0002148983,0.00173403,0.001778807,0.001565,0.001536,0,0,1.524e-23,1.178e-24
step32,32,O,v,head,1024,spike,786432,0.0004605406,0.000471971,0.002278646,0.00194084,0.002191951,0.001752581,0.001948765,0.001565,0.001536,0,0,1.524e-23,1.178e-24
step32,32,O,v,head,1024,32-64,786432,0.001432884,0.001237789,0.002557119,0.001510666,0.001779645,0.001747131,0.001900083,0.001565,0.001536,0,0,1.524e-23,1.178e-24
step32,32,O,v,head,1024,64-128,1572864,0.0009353315,0.0006717009,0.0008945465,0.0004568941,0.000552749,0.001740864,0.001815433,0.001565,0.001536,0,0,1.524e-23,1.178e-24
step32,32,O,v,head,1024,128-256,3145728,0.0003945982,0.0002480183,0.0005645752,0.0002993509,0.0004748019,0.001714161,0.001767794,0.001565,0.001536,0,0,1.524e-23,1.178e-24
step32,32,O,v,head,1024,256-512,6291456,0.0002319081,0.0002413693,0.0003137589,0.0004148026,0.000162205,0.001755056,0.001740774,0.001565,0.001536,0,0,1.524e-23,1.178e-24
step32,32,O,v,head,1024,512-1024,1.258291e+07,0.0003659824,0.0002452966,0.0003910859,0.0002179503,0.0004350496,0.001727399,0.00175618,0.001565,0.001536,0,0,1.524e-23,1.178e-24
step32,32,MLP_IN,u,hidden,4096,spike,3145728,0.0003346939,0.0003391328,0.000978152,0.0008114792,0.0008726595,0.001758939,0.001847085,0.001565,0.001558,0,0,1.524e-23,8.299e-24
step32,32,MLP_IN,u,hidden,4096,32-64,3145728,0.000474071,0.0004081896,0.001230558,0.0007564867,0.0008223682,0.001759347,0.001814434,0.001565,0.001558,0,0,1.524e-23,8.299e-24
step32,32,MLP_IN,u,hidden,4096,64-128,6291456,0.0003284114,0.0003759333,0.0007548332,0.0008306405,0.0008965712,0.001788321,0.00184763,0.001565,0.001558,0,0,1.524e-23,8.299e-24
step32,32,MLP_IN,u,hidden,4096,128-256,1.258291e+07,0.0002619489,0.0002096285,0.0005002817,0.0004214008,0.0004880695,0.001765399,0.001816681,0.001565,0.001558,0,0,1.524e-23,8.299e-24
step32,32,MLP_IN,u,hidden,4096,256-512,2.516582e+07,0.0001413245,0.0001065112,0.0002499819,0.0001983461,0.0002595263,0.001768345,0.001790348,0.001565,0.001558,0,0,1.524e-23,8.299e-24
step32,32,MLP_IN,u,hidden,4096,512-1024,5.033165e+07,0.0001971387,0.0001343835,0.0001379053,0.00011369,7.51568e-05,0.001775049,0.00177713,0.001565,0.001558,0,0,1.524e-23,8.299e-24
step32,32,MLP_IN,v,residual,1024,spike,786432,0.0007884065,0.0007420016,0.00176239,0.001011566,0.001226584,0.001806168,0.00186357,0.001565,0.001536,0,0,1.524e-23,1.178e-24
step32,32,MLP_IN,v,residual,1024,32-64,786432,0.0006351534,0.0004257544,0.00134023,0.0007050769,0.0009144759,0.001647586,0.001873016,0.001565,0.001536,0,0,1.524e-23,1.178e-24
step32,32,MLP_IN,v,residual,1024,64-128,1572864,0.0005583468,0.0004132159,0.0008487701,0.0005187925,0.0007281915,0.001726968,0.001754307,0.001565,0.001536,0,0,1.524e-23,1.178e-24
step32,32,MLP_IN,v,residual,1024,128-256,3145728,0.0007950528,0.0005856538,0.001087189,0.0003731017,0.0005961984,0.001746359,0.001781827,0.001565,0.001536,0,0,1.524e-23,1.178e-24
step32,32,MLP_IN,v,residual,1024,256-512,6291456,0.0006477498,0.0003966388,0.0005145073,0.0003321405,0.0002981118,0.001736255,0.001760051,0.001565,0.001536,0,0,1.524e-23,1.178e-24
step32,32,MLP_IN,v,residual,1024,512-1024,1.258291e+07,0.0002848645,0.0001648159,0.0002733072,0.0001210578,0.0002574216,0.001745167,0.001772211,0.001565,0.001536,0,0,1.524e-23,1.178e-24
step32,32,MLP_OUT,u,residual,1024,spike,786432,0.001142671,0.0008788179,0.002081553,0.001210115,0.001454968,0.001708076,0.001895178,0.001565,0.001536,0,0,1.524e-23,1.178e-24
step32,32,MLP_OUT,u,residual,1024,32-64,786432,0.001119024,0.001388003,0.0005531311,0.000949055,0.001212908,0.001786005,0.001793271,0.001565,0.001536,0,0,1.524e-23,1.178e-24
step32,32,MLP_OUT,u,residual,1024,64-128,1572864,0.0004662428,0.0003404406,0.0008341471,0.0005644064,0.0008282591,0.001730601,0.001829147,0.001565,0.001536,0,0,1.524e-23,1.178e-24
step32,32,MLP_OUT,u,residual,1024,128-256,3145728,0.0004861509,0.0002439902,0.0009085337,0.0005426864,0.0008116654,0.001775515,0.00181952,0.001565,0.001536,0,0,1.524e-23,1.178e-24
step32,32,MLP_OUT,u,residual,1024,256-512,6291456,0.0003795687,0.0002679527,0.00025479,0.0003434204,0.0001657018,0.001753012,0.001752467,0.001565,0.001536,0,0,1.524e-23,1.178e-24
step32,32,MLP_OUT,u,residual,1024,512-1024,1.258291e+07,0.0003709336,0.0001260651,0.0004065037,9.566097e-05,0.0003169308,0.001745939,0.001763889,0.001565,0.001536,0,0,1.524e-23,1.178e-24
step32,32,MLP_OUT,v,hidden,4096,spike,3145728,0.0004567061,0.0003981759,0.001369794,0.001109908,0.001175839,0.001765842,0.001899129,0.001565,0.001558,0,0,1.524e-23,8.299e-24
step32,32,MLP_OUT,v,hidden,4096,32-64,3145728,0.0002554898,0.0003213713,0.001011531,0.000826097,0.000869948,0.001777422,0.001811255,0.001565,0.001558,0,0,1.524e-23,8.299e-24
step32,32,MLP_OUT,v,hidden,4096,64-128,6291456,0.0002827743,0.0002862965,0.001074632,0.0008113047,0.0008785197,0.001761459,0.001860119,0.001565,0.001558,0,0,1.524e-23,8.299e-24
step32,32,MLP_OUT,v,hidden,4096,128-256,1.258291e+07,0.0001800954,0.0001277715,0.0006837845,0.0005644497,0.0006272049,0.001756884,0.001804227,0.001565,0.001558,0,0,1.524e-23,8.299e-24
step32,32,MLP_OUT,v,hidden,4096,256-512,2.516582e+07,0.0001594165,9.327837e-05,0.0003210704,0.0001841323,0.0002364526,0.001763923,0.001795491,0.001565,0.001558,0,0,1.524e-23,8.299e-24
step32,32,MLP_OUT,v,hidden,4096,512-1024,5.033165e+07,0.0001776968,0.0001118154,0.0001561443,9.815722e-05,6.65265e-05,0.001770942,0.001767843,0.001565,0.001558,0,0,1.524e-23,8.299e-24
step64,64,Q,u,head,1024,spike,786432,0.0008837025,0.001075268,0.001501719,0.001864537,0.002098734,0.001720973,0.001914615,0.001565,0.001536,0,0,1.524e-23,1.178e-24
step64,64,Q,u,head,1024,32-64,786432,0.001253092,0.001038074,0.001496633,0.0006999906,0.0009093896,0.001746405,0.001896813,0.001565,0.001536,0,0,1.524e-23,1.178e-24
step64,64,Q,u,head,1024,64-128,1572864,0.0003566385,0.0003275167,0.001010259,0.001015812,0.001279665,0.001749584,0.001837594,0.001565,0.001536,0,0,1.524e-23,1.178e-24
step64,64,Q,u,head,1024,128-256,3145728,0.0002434691,0.0003393421,0.0003735224,0.0002285043,0.0004784303,0.001736141,0.001746359,0.001565,0.001536,0,0,1.524e-23,1.178e-24
step64,64,Q,u,head,1024,256-512,6291456,0.0003611275,0.0002378189,0.000240167,0.0003326377,0.0002704552,0.001776741,0.00174922,0.001565,0.001536,0,0,1.524e-23,1.178e-24
step64,64,Q,u,head,1024,512-1024,1.258291e+07,0.0004541758,0.0002590806,0.0003644625,0.0001577974,0.0002893643,0.001747767,0.001768101,0.001565,0.001536,0,0,1.524e-23,1.178e-24
step64,64,Q,v,residual,1024,spike,786432,0.0006072675,0.000343637,0.002596537,0.00198927,0.0022529,0.001730419,0.001923879,0.001565,0.001536,0,0,1.524e-23,1.178e-24
step64,64,Q,v,residual,1024,32-64,786432,0.0006093188,0.0007383029,0.001725515,0.001349598,0.001613451,0.001741863,0.00186684,0.001565,0.001536,0,0,1.524e-23,1.178e-24
step64,64,Q,v,residual,1024,64-128,1572864,0.0004177157,0.0004165968,0.001101176,0.0008271892,0.001042207,0.001752308,0.001830964,0.001565,0.001536,0,0,1.524e-23,1.178e-24
step64,64,Q,v,residual,1024,128-256,3145728,0.0005150818,0.0002932909,0.0006335576,0.0002230125,0.0004181076,0.001771791,0.001803126,0.001565,0.001536,0,0,1.524e-23,1.178e-24
step64,64,Q,v,residual,1024,256-512,6291456,0.0002184271,0.0002186882,0.0001864433,0.0003310723,0.0001609909,0.001742045,0.001744407,0.001565,0.001536,0,0,1.524e-23,1.178e-24
step64,64,Q,v,residual,1024,512-1024,1.258291e+07,0.0002726895,0.0002247502,0.0002721945,8.653609e-05,0.0003511202,0.001749595,0.001768805,0.001565,0.001536,0,0,1.524e-23,1.178e-24
step64,64,K,u,head,1024,spike,786432,0.0005994484,0.0008630789,0.001829783,0.002079441,0.002330552,0.001728421,0.001914978,0.001565,0.001536,0,0,1.524e-23,1.178e-24
step64,64,K,u,head,1024,32-64,786432,0.0007885091,0.0007042359,0.002033234,0.001442001,0.00171098,0.001687549,0.00180853,0.001565,0.001536,0,0,1.524e-23,1.178e-24
step64,64,K,u,head,1024,64-128,1572864,0.000961258,0.000692279,0.001799266,0.0009658517,0.001152198,0.001712072,0.001865296,0.001565,0.001536,0,0,1.524e-23,1.178e-24
step64,64,K,u,head,1024,128-256,3145728,0.000412474,0.0001486213,0.0004161199,0.0002302086,0.0003199888,0.001730783,0.001778603,0.001565,0.001536,0,0,1.524e-23,1.178e-24
step64,64,K,u,head,1024,256-512,6291456,0.0003696464,0.0001990311,0.0003641446,0.0003494927,0.0002754987,0.00174511,0.001753603,0.001565,0.001536,0,0,1.524e-23,1.178e-24
step64,64,K,u,head,1024,512-1024,1.258291e+07,0.000299861,8.736767e-05,0.0002363523,0.0001662754,0.0002007485,0.001747881,0.001764139,0.001565,0.001536,0,0,1.524e-23,1.178e-24
step64,64,K,v,residual,1024,spike,786432,0.0009314282,0.0007220293,0.002175649,0.00139156,0.001655413,0.001701355,0.002015795,0.001565,0.001536,0,0,1.524e-23,1.178e-24
step64,64,K,v,residual,1024,32-64,786432,0.0009888112,0.0007249584,0.002229055,0.001308487,0.001577466,0.001700992,0.00190535,0.001565,0.001536,0,0,1.524e-23,1.178e-24
step64,64,K,v,residual,1024,64-128,1572864,0.00051162,0.0007265339,0.0007171631,0.0007622679,0.0009335192,0.001766659,0.001855305,0.001565,0.001536,0,0,1.524e-23,1.178e-24
step64,64,K,v,residual,1024,128-256,3145728,0.0005831105,0.0003537834,0.0006701152,0.0007599745,0.0005257772,0.001751037,0.001764116,0.001565,0.001536,0,0,1.524e-23,1.178e-24
step64,64,K,v,residual,1024,256-512,6291456,0.000412474,0.0002303124,0.0003077189,0.0003823105,0.0002239437,0.001732372,0.001767476,0.001565,0.001536,0,0,1.524e-23,1.178e-24
step64,64,K,v,residual,1024,512-1024,1.258291e+07,0.0002729197,0.0001968058,0.0003238519,0.0001868163,0.0003535105,0.001743317,0.001762765,0.001565,0.001536,0,0,1.524e-23,1.178e-24
step64,64,V,u,head,1024,spike,786432,0.0005195295,0.0003808789,0.001536051,0.001371215,0.001635068,0.001730056,0.001905714,0.001565,0.001536,0,0,1.524e-23,1.178e-24
step64,64,V,u,head,1024,32-64,786432,0.000888153,0.0006731351,0.00199,0.001306365,0.001570218,0.001774561,0.001937321,0.001565,0.001536,0,0,1.524e-23,1.178e-24
step64,64,V,u,head,1024,64-128,1572864,0.000256636,0.0003478536,0.0007527669,0.0006059468,0.0008749258,0.001783553,0.001841863,0.001565,0.001536,0,0,1.524e-23,1.178e-24
step64,64,V,u,head,1024,128-256,3145728,0.0005149484,0.0002999305,0.0002428691,0.0003308893,0.0002566903,0.001753625,0.001780328,0.001565,0.001536,0,0,1.524e-23,1.178e-24
step64,64,V,u,head,1024,256-512,6291456,0.0004118382,0.0002667913,0.0004016558,0.0003200038,0.0002536704,0.001734779,0.001761573,0.001565,0.001536,0,0,1.524e-23,1.178e-24
step64,64,V,u,head,1024,512-1024,1.258291e+07,0.0003239813,0.0001667626,0.0003338655,0.0002886097,0.0002225057,0.001746723,0.001779988,0.001565,0.001536,0,0,1.524e-23,1.178e-24
step64,64,V,v,residual,1024,spike,786432,0.0005608062,0.0008297852,0.001968384,0.002019918,0.002234936,0.001824515,0.001889365,0.001565,0.001536,0,0,1.524e-23,1.178e-24
step64,64,V,v,residual,1024,32-64,786432,0.000680826,0.0005415389,0.001589457,0.001422041,0.001675376,0.00169536,0.001842862,0.001565,0.001536,0,0,1.524e-23,1.178e-24
step64,64,V,v,residual,1024,64-128,1572864,0.0008199747,0.0009288158,0.00107638,0.001321588,0.001572699,0.001768112,0.001774198,0.001565,0.001536,0,0,1.524e-23,1.178e-24
step64,64,V,v,residual,1024,128-256,3145728,0.0002695262,0.0004024658,0.0005009969,0.0004331831,0.0006086342,0.001754216,0.001771791,0.001565,0.001536,0,0,1.524e-23,1.178e-24
step64,64,V,v,residual,1024,256-512,6291456,0.0005507012,0.0003583717,0.0003461838,0.0002767795,0.0002101192,0.001737822,0.001731282,0.001565,0.001536,0,0,1.524e-23,1.178e-24
step64,64,V,v,residual,1024,512-1024,1.258291e+07,0.0002493245,0.0001694253,0.0002156099,0.0002604663,0.000172435,0.001743941,0.001774663,0.001565,0.001536,0,0,1.524e-23,1.178e-24
step64,64,O,u,residual,1024,spike,786432,0.0004996863,0.0004932016,0.001421611,0.001194046,0.001463025,0.001767476,0.001965477,0.001565,0.001536,0,0,1.524e-23,1.178e-24
step64,64,O,u,residual,1024,32-64,786432,0.0007750256,0.0005656267,0.00149409,0.001109915,0.001233224,0.001664843,0.001839411,0.001565,0.001536,0,0,1.524e-23,1.178e-24
step64,64,O,u,residual,1024,64-128,1572864,0.000788325,0.0005193461,0.001389821,0.0006521444,0.0009159972,0.001710892,0.001813616,0.001565,0.001536,0,0,1.524e-23,1.178e-24
step64,64,O,u,residual,1024,128-256,3145728,0.0002938346,0.0002694741,0.000377655,0.000286659,0.0004551994,0.001756123,0.001784279,0.001565,0.001536,0,0,1.524e-23,1.178e-24
step64,64,O,u,residual,1024,256-512,6291456,0.0002963725,0.000245694,0.0004909833,0.0006223674,0.0003587368,0.001752808,0.001742454,0.001565,0.001536,0,0,1.524e-23,1.178e-24
step64,64,O,u,residual,1024,512-1024,1.258291e+07,0.0003378147,0.0001036174,0.0002385775,0.0001352015,0.0001932871,0.001752467,0.001766477,0.001565,0.001536,0,0,1.524e-23,1.178e-24
step64,64,O,v,head,1024,spike,786432,0.0006612599,0.0009302389,0.001969655,0.001700129,0.001969108,0.001687004,0.001869565,0.001565,0.001536,0,0,1.524e-23,1.178e-24
step64,64,O,v,head,1024,32-64,786432,0.0007946829,0.0005452049,0.001607259,0.001261608,0.001437059,0.001744952,0.001887912,0.001565,0.001536,0,0,1.524e-23,1.178e-24
step64,64,O,v,head,1024,64-128,1572864,0.0006543155,0.0005718224,0.001497269,0.0009299454,0.001181056,0.001743317,0.001811164,0.001565,0.001536,0,0,1.524e-23,1.178e-24
step64,64,O,v,head,1024,128-256,3145728,0.0004127919,0.0003386001,0.0006284714,0.0002913935,0.0003222356,0.001725288,0.001778421,0.001565,0.001536,0,0,1.524e-23,1.178e-24
step64,64,O,v,head,1024,256-512,6291456,0.0003394623,0.0001454539,0.0002821287,0.000369831,0.0001548131,0.001752445,0.001739729,0.001565,0.001536,0,0,1.524e-23,1.178e-24
step64,64,O,v,head,1024,512-1024,1.258291e+07,0.0003239412,0.0001651294,0.0002903144,0.0003181453,0.0001628563,0.001727558,0.001751866,0.001565,0.001536,0,0,1.524e-23,1.178e-24
step64,64,MLP_IN,u,hidden,4096,spike,3145728,0.0003133952,0.0003247077,0.001320203,0.001160135,0.001226066,0.001758757,0.001904669,0.001565,0.001558,0,0,1.524e-23,8.299e-24
step64,64,MLP_IN,u,hidden,4096,32-64,3145728,0.0005238494,0.0004701112,0.0009317398,0.0006602542,0.0007125745,0.001751446,0.001837549,0.001565,0.001558,0,0,1.524e-23,8.299e-24
step64,64,MLP_IN,u,hidden,4096,64-128,6291456,0.0003207426,0.0003866733,0.0004690488,0.0005950378,0.0006535679,0.001790728,0.001832871,0.001565,0.001558,0,0,1.524e-23,8.299e-24
step64,64,MLP_IN,u,hidden,4096,128-256,1.258291e+07,0.0001852916,0.0001622463,0.000685215,0.0005444504,0.0006056306,0.001764615,0.001802501,0.001565,0.001558,0,0,1.524e-23,8.299e-24
step64,64,MLP_IN,u,hidden,4096,256-512,2.516582e+07,6.933603e-05,0.0001230743,0.0002313852,0.0001778562,0.0002315944,0.001764576,0.001797415,0.001565,0.001558,0,0,1.524e-23,8.299e-24
step64,64,MLP_IN,u,hidden,4096,512-1024,5.033165e+07,0.000170257,0.0001075018,0.000123779,0.0001434945,8.282006e-05,0.001773846,0.001769631,0.001565,0.001558,0,0,1.524e-23,8.299e-24
step64,64,MLP_IN,v,residual,1024,spike,786432,0.0006089506,0.0007661693,0.001033783,0.0009608882,0.001205741,0.001833598,0.001868293,0.001565,0.001536,0,0,1.524e-23,1.178e-24
step64,64,MLP_IN,v,residual,1024,32-64,786432,0.0007116098,0.0004558411,0.001700083,0.001030139,0.001252326,0.001635415,0.001880646,0.001565,0.001536,0,0,1.524e-23,1.178e-24
step64,64,MLP_IN,v,residual,1024,64-128,1572864,0.000660072,0.0005466073,0.001274109,0.0006550714,0.0008361349,0.001722063,0.00180744,0.001565,0.001536,0,0,1.524e-23,1.178e-24
step64,64,MLP_IN,v,residual,1024,128-256,3145728,0.000671393,0.0004619941,0.0009260178,0.0004052759,0.0005903281,0.001730419,0.001766432,0.001565,0.001536,0,0,1.524e-23,1.178e-24
step64,64,MLP_IN,v,residual,1024,256-512,6291456,0.0004610375,0.0002064553,0.0002978643,0.0005896273,0.0003447744,0.001731645,0.001751991,0.001565,0.001536,0,0,1.524e-23,1.178e-24
step64,64,MLP_IN,v,residual,1024,512-1024,1.258291e+07,0.0002418064,0.0002957682,0.0003120899,0.000148104,0.0002275022,0.001758212,0.001766614,0.001565,0.001536,0,0,1.524e-23,1.178e-24
step64,64,MLP_OUT,u,residual,1024,spike,786432,0.0006270113,0.0004697926,0.00163269,0.001100576,0.001315594,0.001656124,0.001841227,0.001565,0.001536,0,0,1.524e-23,1.178e-24
step64,64,MLP_OUT,u,residual,1024,32-64,786432,0.0008641238,0.0006390048,0.001511892,0.001033954,0.001229049,0.001770564,0.001843044,0.001565,0.001536,0,0,1.524e-23,1.178e-24
step64,64,MLP_OUT,u,residual,1024,64-128,1572864,0.0006673518,0.0004378343,0.001501083,0.0008337316,0.001078585,0.001689366,0.001845224,0.001565,0.001536,0,0,1.524e-23,1.178e-24
step64,64,MLP_OUT,u,residual,1024,128-256,3145728,0.0005048179,0.0002954189,0.000626564,0.0003663239,0.0006174349,0.001726877,0.001786641,0.001565,0.001536,0,0,1.524e-23,1.178e-24
step64,64,MLP_OUT,u,residual,1024,256-512,6291456,0.0002560714,0.0001269191,0.000348568,0.0001353469,0.0003727314,0.001745496,0.001761913,0.001565,0.001536,0,0,1.524e-23,1.178e-24
step64,64,MLP_OUT,u,residual,1024,512-1024,1.258291e+07,0.0002864701,0.0002045561,0.0003553232,0.0001788496,0.0003938676,0.001735858,0.001766784,0.001565,0.001536,0,0,1.524e-23,1.178e-24
step64,64,MLP_OUT,v,hidden,4096,spike,3145728,0.0002446076,0.0003105383,0.0005474091,0.0007278026,0.0007937333,0.001809256,0.0018514,0.001565,0.001558,0,0,1.524e-23,8.299e-24
step64,64,MLP_OUT,v,hidden,4096,32-64,3145728,0.0001977642,0.0001848747,0.000781695,0.0007787391,0.0008446206,0.001782417,0.001858439,0.001565,0.001558,0,0,1.524e-23,8.299e-24
step64,64,MLP_OUT,v,hidden,4096,64-128,6291456,0.0002923472,0.000229592,0.0007944107,0.0006282148,0.000689395,0.001784438,0.001823948,0.001565,0.001558,0,0,1.524e-23,8.299e-24
step64,64,MLP_OUT,v,hidden,4096,128-256,1.258291e+07,0.0001506904,0.0001338153,0.000431776,0.0003991372,0.0004576673,0.001768441,0.001815796,0.001565,0.001558,0,0,1.524e-23,8.299e-24
step64,64,MLP_OUT,v,hidden,4096,256-512,2.516582e+07,0.0001029725,8.56144e-05,0.0003671646,0.0003363193,0.00040225,0.001761436,0.001798454,0.001565,0.001558,0,0,1.524e-23,8.299e-24
step64,64,MLP_OUT,v,hidden,4096,512-1024,5.033165e+07,0.0001449767,9.064345e-05,0.0001272162,6.546054e-05,7.901401e-05,0.001766091,0.001772446,0.001565,0.001558,0,0,1.524e-23,8.299e-24
step128,128,Q,u,head,1024,spike,786432,0.0004117536,0.0006149611,0.001700083,0.001871791,0.002140769,0.001718067,0.00195258,0.001565,0.001536,0,0,1.524e-23,1.178e-24
step128,128,Q,u,head,1024,32-64,786432,0.001232101,0.0009631225,0.001959483,0.0008708931,0.001028112,0.001731691,0.001883734,0.001565,0.001536,0,0,1.524e-23,1.178e-24
step128,128,Q,u,head,1024,64-128,1572864,0.0004381838,0.0003052643,0.000869751,0.0006959971,0.0008048381,0.001712345,0.001862753,0.001565,0.001536,0,0,1.524e-23,1.178e-24
step128,128,Q,u,head,1024,128-256,3145728,0.0002951009,0.000436337,0.0004599889,0.0003436049,0.0004097409,0.001765842,0.001777286,0.001565,0.001536,0,0,1.524e-23,1.178e-24
step128,128,Q,u,head,1024,256-512,6291456,0.0003011905,0.0002448711,0.0003946622,0.0003088343,0.000260664,0.001777081,0.001753489,0.001565,0.001536,0,0,1.524e-23,1.178e-24
step128,128,Q,u,head,1024,512-1024,1.258291e+07,0.0002967671,0.0001869093,0.0002355576,0.00015739,0.000185341,0.00174242,0.001765637,0.001565,0.001536,0,0,1.524e-23,1.178e-24
step128,128,Q,v,residual,1024,spike,786432,0.0008072737,0.0006121785,0.001869202,0.001764518,0.002009371,0.001728603,0.001982189,0.001565,0.001536,0,0,1.524e-23,1.178e-24
step128,128,Q,v,residual,1024,32-64,786432,0.0005907372,0.0006940799,0.002376556,0.002115081,0.002378934,0.001769838,0.001899719,0.001565,0.001536,0,0,1.524e-23,1.178e-24
step128,128,Q,v,residual,1024,64-128,1572864,0.0002868675,0.0004362274,0.000773112,0.0006588399,0.0004080136,0.00175685,0.001758121,0.001565,0.001536,0,0,1.524e-23,1.178e-24
step128,128,Q,v,residual,1024,128-256,3145728,0.000456343,0.0001924903,0.0005238851,0.0004906538,0.0004048959,0.00175308,0.001744452,0.001565,0.001536,0,0,1.524e-23,1.178e-24
step128,128,Q,v,residual,1024,256-512,6291456,0.0001669905,0.0003921228,0.0003046989,0.000287805,0.000272433,0.0017566,0.001765342,0.001565,0.001536,0,0,1.524e-23,1.178e-24
step128,128,Q,v,residual,1024,512-1024,1.258291e+07,0.0003256861,0.00025107,0.0003269513,0.0001505036,0.0003742414,0.001747597,0.001761085,0.001565,0.001536,0,0,1.524e-23,1.178e-24
step128,128,K,u,head,1024,spike,786432,0.0004348203,0.0003849896,0.001654307,0.001675969,0.001944948,0.001757486,0.001923334,0.001565,0.001536,0,0,1.524e-23,1.178e-24
step128,128,K,u,head,1024,32-64,786432,0.0007046812,0.0006088264,0.001857758,0.00146146,0.001712571,0.001682281,0.001914978,0.001565,0.001536,0,0,1.524e-23,1.178e-24
step128,128,K,u,head,1024,64-128,1572864,0.0007927755,0.0005237966,0.001041412,0.0003330554,0.0005966859,0.001695542,0.001795178,0.001565,0.001536,0,0,1.524e-23,1.178e-24
step128,128,K,u,head,1024,128-256,3145728,0.0004540466,0.0002091937,0.0005483627,0.0002811544,0.000541839,0.001757531,0.001759756,0.001565,0.001536,0,0,1.524e-23,1.178e-24
step128,128,K,u,head,1024,256-512,6291456,0.0003691852,0.0001319776,0.0002395312,0.0004369516,0.0001730989,0.001753171,0.001749924,0.001565,0.001536,0,0,1.524e-23,1.178e-24
step128,128,K,u,head,1024,512-1024,1.258291e+07,0.0004205858,0.0001569552,0.0002212524,0.0002652347,0.000153614,0.00175341,0.001770701,0.001565,0.001536,0,0,1.524e-23,1.178e-24
step128,128,K,v,residual,1024,spike,786432,0.001072572,0.0008631731,0.002660116,0.001901532,0.002165162,0.001703898,0.001960391,0.001565,0.001536,0,0,1.524e-23,1.178e-24
step128,128,K,v,residual,1024,32-64,786432,0.001004491,0.0007355123,0.001820882,0.001071514,0.001316367,0.00166448,0.001898629,0.001565,0.001536,0,0,1.524e-23,1.178e-24
step128,128,K,v,residual,1024,64-128,1572864,0.0004043222,0.0005610486,0.0004609426,0.0006016737,0.0007839355,0.001714706,0.001787367,0.001565,0.001536,0,0,1.524e-23,1.178e-24
step128,128,K,v,residual,1024,128-256,3145728,0.0004913111,0.000251232,0.0001649857,0.0003605865,0.0001358374,0.001731328,0.001717295,0.001565,0.001536,0,0,1.524e-23,1.178e-24
step128,128,K,v,residual,1024,256-512,6291456,0.0003590682,0.0001670556,0.0001659393,0.0003779828,0.0001691183,0.001740092,0.001751741,0.001565,0.001536,0,0,1.524e-23,1.178e-24
step128,128,K,v,residual,1024,512-1024,1.258291e+07,0.0004806856,0.0002117066,0.0004036427,0.0002220535,0.0003172557,0.001754261,0.001752354,0.001565,0.001536,0,0,1.524e-23,1.178e-24
step128,128,V,u,head,1024,spike,786432,0.0006047983,0.0005122294,0.001449585,0.001142496,0.001351894,0.001712254,0.001877194,0.001565,0.001536,0,0,1.524e-23,1.178e-24
step128,128,V,u,head,1024,32-64,786432,0.0009165839,0.0007411329,0.001900991,0.001019196,0.001234214,0.001793816,0.001899719,0.001565,0.001536,0,0,1.524e-23,1.178e-24
step128,128,V,u,head,1024,64-128,1572864,0.0002983871,0.0003117595,0.0006752014,0.0005516978,0.0007645326,0.001782099,0.001819338,0.001565,0.001536,0,0,1.524e-23,1.178e-24
step128,128,V,u,head,1024,128-256,3145728,0.00042459,0.0001816835,0.0006240209,0.0003149275,0.0005468618,0.001757985,0.001794497,0.001565,0.001536,0,0,1.524e-23,1.178e-24
step128,128,V,u,head,1024,256-512,6291456,0.000401769,0.0001916588,0.0002972285,0.0005310475,0.0002671948,0.001731237,0.001742681,0.001565,0.001536,0,0,1.524e-23,1.178e-24
step128,128,V,u,head,1024,512-1024,1.258291e+07,0.0003074073,0.0001306543,0.0003754298,9.833748e-05,0.0003137377,0.001738389,0.00177422,0.001565,0.001536,0,0,1.524e-23,1.178e-24
step128,128,V,v,residual,1024,spike,786432,0.0004594571,0.0006936543,0.001313527,0.001468243,0.001713096,0.001793089,0.001895541,0.001565,0.001536,0,0,1.524e-23,1.178e-24
step128,128,V,v,residual,1024,32-64,786432,0.0007529521,0.0006441111,0.001590729,0.001251688,0.00151554,0.001679193,0.00186902,0.001565,0.001536,0,0,1.524e-23,1.178e-24
step128,128,V,v,residual,1024,64-128,1572864,0.0006763347,0.0008229912,0.0009015401,0.0005115902,0.0004434622,0.00174368,0.001757576,0.001565,0.001536,0,0,1.524e-23,1.178e-24
step128,128,V,v,residual,1024,128-256,3145728,0.0004452168,0.0003295255,0.000421524,0.0003087765,0.0005429738,0.001738185,0.00174695,0.001565,0.001536,0,0,1.524e-23,1.178e-24
step128,128,V,v,residual,1024,256-512,6291456,0.0004202067,0.0002544291,0.0003423691,0.0002115666,0.0002310285,0.001738912,0.001754307,0.001565,0.001536,0,0,1.524e-23,1.178e-24
step128,128,V,v,residual,1024,512-1024,1.258291e+07,0.0002956728,9.46674e-05,0.0004087289,0.0001760937,0.0004209466,0.001741001,0.001766273,0.001565,0.001536,0,0,1.524e-23,1.178e-24
step128,128,O,u,residual,1024,spike,786432,0.0009676158,0.0006986369,0.001926422,0.001437499,0.001646898,0.001808893,0.001999083,0.001565,0.001536,0,0,1.524e-23,1.178e-24
step128,128,O,u,residual,1024,32-64,786432,0.0007640404,0.0007200029,0.002217611,0.001843816,0.002112795,0.001655579,0.001907349,0.001565,0.001536,0,0,1.524e-23,1.178e-24
step128,128,O,u,residual,1024,64-128,1572864,0.0008744154,0.0006402181,0.001694361,0.001002675,0.001271654,0.001765478,0.00185912,0.001565,0.001536,0,0,1.524e-23,1.178e-24
step128,128,O,u,residual,1024,128-256,3145728,0.0006206929,0.0003568401,0.0005795161,0.0003990512,0.0005435646,0.001771972,0.001797812,0.001565,0.001536,0,0,1.524e-23,1.178e-24
step128,128,O,u,residual,1024,256-512,6291456,0.0003195359,0.0002463298,0.0003606478,0.000150651,0.0003735261,0.001733371,0.001737595,0.001565,0.001536,0,0,1.524e-23,1.178e-24
step128,128,O,u,residual,1024,512-1024,1.258291e+07,0.0002658866,0.0002294534,0.0002140999,8.997313e-05,0.0002941393,0.001748937,0.001767987,0.001565,0.001536,0,0,1.524e-23,1.178e-24
step128,128,O,v,head,1024,spike,786432,0.000251555,0.0004534017,0.002164205,0.002106135,0.002344453,0.001735869,0.001967112,0.001565,0.001536,0,0,1.524e-23,1.178e-24
step128,128,O,v,head,1024,32-64,786432,0.0008068148,0.0008564799,0.001485189,0.001183097,0.001446728,0.001773289,0.001933325,0.001565,0.001536,0,0,1.524e-23,1.178e-24
step128,128,O,v,head,1024,64-128,1572864,0.001262234,0.001011123,0.001508713,0.0005599864,0.0006500237,0.001755669,0.001805896,0.001565,0.001536,0,0,1.524e-23,1.178e-24
step128,128,O,v,head,1024,128-256,3145728,0.0003854532,0.0005250287,0.0005044937,0.0002128898,0.0004632576,0.001722699,0.001789729,0.001565,0.001536,0,0,1.524e-23,1.178e-24
step128,128,O,v,head,1024,256-512,6291456,0.0002429985,0.0001889173,0.0003813108,0.0004687859,0.0002672663,0.001758008,0.001727399,0.001565,0.001536,0,0,1.524e-23,1.178e-24
step128,128,O,v,head,1024,512-1024,1.258291e+07,0.0003476693,0.0001664092,0.0003538132,0.0002415279,0.0002480349,0.001740092,0.001766807,0.001565,0.001536,0,0,1.524e-23,1.178e-24
step128,128,MLP_IN,u,hidden,4096,spike,3145728,0.0005007632,0.0005247214,0.001603444,0.001336529,0.001399284,0.001760074,0.001846904,0.001565,0.001558,0,0,1.524e-23,8.299e-24
step128,128,MLP_IN,u,hidden,4096,32-64,3145728,0.0006292545,0.0005804945,0.001619021,0.001013791,0.00106753,0.001761028,0.001862072,0.001565,0.001558,0,0,1.524e-23,8.299e-24
step128,128,MLP_IN,u,hidden,4096,64-128,6291456,0.000360553,0.0004264344,0.0003992716,0.0007032216,0.0007704366,0.001787095,0.001812708,0.001565,0.001558,0,0,1.524e-23,8.299e-24
step128,128,MLP_IN,u,hidden,4096,128-256,1.258291e+07,0.0001641377,0.0001369337,0.000374794,0.0002729432,0.0003356985,0.001762299,0.00179754,0.001565,0.001558,0,0,1.524e-23,8.299e-24
step128,128,MLP_IN,u,hidden,4096,256-512,2.516582e+07,0.0001939717,0.0001327914,0.0003941456,0.0002607565,0.0003279714,0.001751616,0.001786669,0.001565,0.001558,0,0,1.524e-23,8.299e-24
step128,128,MLP_IN,u,hidden,4096,512-1024,5.033165e+07,0.0001691917,0.000108696,0.0001298587,0.0001013829,6.848816e-05,0.001771189,0.001773474,0.001565,0.001558,0,0,1.524e-23,8.299e-24
step128,128,MLP_IN,v,residual,1024,spike,786432,0.0006228966,0.0007013194,0.001089732,0.0009799617,0.001235796,0.001834869,0.00187338,0.001565,0.001536,0,0,1.524e-23,1.178e-24
step128,128,MLP_IN,v,residual,1024,32-64,786432,0.0006737148,0.0004982638,0.001650492,0.001185566,0.001449419,0.001668658,0.001832145,0.001565,0.001536,0,0,1.524e-23,1.178e-24
step128,128,MLP_IN,v,residual,1024,64-128,1572864,0.0006211662,0.0004117672,0.0006771088,0.0004899836,0.0007410947,0.001702808,0.001821518,0.001565,0.001536,0,0,1.524e-23,1.178e-24
step128,128,MLP_IN,v,residual,1024,128-256,3145728,0.0006427828,0.0004333838,0.0005435944,0.0003501114,0.0006012225,0.001737776,0.001750038,0.001565,0.001536,0,0,1.524e-23,1.178e-24
step128,128,MLP_IN,v,residual,1024,256-512,6291456,0.0004456481,0.0002306302,0.0003871918,0.0004820183,0.0003009369,0.00174041,0.001760869,0.001565,0.001536,0,0,1.524e-23,1.178e-24
step128,128,MLP_IN,v,residual,1024,512-1024,1.258291e+07,0.0002929433,0.0001568795,0.0002385775,0.0001225909,0.0003221072,0.001754011,0.001766091,0.001565,0.001536,0,0,1.524e-23,1.178e-24
step128,128,MLP_OUT,u,residual,1024,spike,786432,0.0008057419,0.0005546308,0.001874288,0.001394492,0.001639345,0.001727695,0.00194931,0.001565,0.001536,0,0,1.524e-23,1.178e-24
step128,128,MLP_OUT,u,residual,1024,32-64,786432,0.000630826,0.0004736073,0.00197347,0.001394177,0.001657808,0.001782372,0.001855941,0.001565,0.001536,0,0,1.524e-23,1.178e-24
step128,128,MLP_OUT,u,residual,1024,64-128,1572864,0.0003799594,0.0005495064,0.0007680257,0.0006648601,0.0009287128,0.001769384,0.001801809,0.001565,0.001536,0,0,1.524e-23,1.178e-24
step128,128,MLP_OUT,u,residual,1024,128-256,3145728,0.0003384504,0.00028996,0.0006214778,0.0002882299,0.0005330828,0.001756486,0.001830146,0.001565,0.001536,0,0,1.524e-23,1.178e-24
step128,128,MLP_OUT,u,residual,1024,256-512,6291456,0.0005685372,0.0003734421,0.0003964106,0.00058275,0.0003485528,0.001735846,0.001727445,0.001565,0.001536,0,0,1.524e-23,1.178e-24
step128,128,MLP_OUT,u,residual,1024,512-1024,1.258291e+07,0.0002423282,0.0001736299,0.0001349449,0.0002585406,0.0001871221,0.001746541,0.001758189,0.001565,0.001536,0,0,1.524e-23,1.178e-24
step128,128,MLP_OUT,v,hidden,4096,spike,3145728,0.0004880763,0.0005508315,0.0009412766,0.001237973,0.001296503,0.001765887,0.001844043,0.001565,0.001558,0,0,1.524e-23,8.299e-24
step128,128,MLP_OUT,v,hidden,4096,32-64,3145728,0.0004433456,0.0003805904,0.001174291,0.0008603633,0.000926294,0.001775287,0.001827512,0.001565,0.001558,0,0,1.524e-23,8.299e-24
step128,128,MLP_OUT,v,hidden,4096,64-128,6291456,0.0001736886,0.0001540164,0.0008290609,0.0008359413,0.0009031563,0.00175467,0.001841386,0.001565,0.001558,0,0,1.524e-23,8.299e-24
step128,128,MLP_OUT,v,hidden,4096,128-256,1.258291e+07,0.0001659547,0.000104695,0.0004843871,0.0003259539,0.0003839385,0.001775106,0.001808541,0.001565,0.001558,0,0,1.524e-23,8.299e-24
step128,128,MLP_OUT,v,hidden,4096,256-512,2.516582e+07,9.190407e-05,0.0001546593,0.0001198053,0.0001608988,0.0002281138,0.001767255,0.001785767,0.001565,0.001558,0,0,1.524e-23,8.299e-24
step128,128,MLP_OUT,v,hidden,4096,512-1024,5.033165e+07,0.0001681204,0.0001036845,0.0002234181,8.628362e-05,0.0001400218,0.001764016,0.001767298,0.001565,0.001558,0,0,1.524e-23,8.299e-24
step256,256,Q,u,head,1024,spike,786432,0.0008596142,0.0007028877,0.002315521,0.002066761,0.002330614,0.001767113,0.001963116,0.001565,0.001536,0,0,1.524e-23,1.178e-24
step256,256,Q,u,head,1024,32-64,786432,0.0006905059,0.0009594849,0.001359304,0.001317809,0.001581662,0.001760029,0.001877921,0.001565,0.001536,0,0,1.524e-23,1.178e-24
step256,256,Q,u,head,1024,64-128,1572864,0.0006512466,0.0004001356,0.001062393,0.000569832,0.0007649272,0.001804897,0.001817976,0.001565,0.001536,0,0,1.524e-23,1.178e-24
step256,256,Q,u,head,1024,128-256,3145728,0.0001974169,0.000406355,0.0003398259,0.0002088257,0.0003792481,0.001753444,0.00178378,0.001565,0.001536,0,0,1.524e-23,1.178e-24
step256,256,Q,u,head,1024,256-512,6291456,0.0005661006,0.00030247,0.0002792676,0.0006069524,0.0003620995,0.001761936,0.001718998,0.001565,0.001536,0,0,1.524e-23,1.178e-24
step256,256,Q,u,head,1024,512-1024,1.258291e+07,0.0003283087,0.0001536496,0.0003608863,0.0002184096,0.0003364123,0.00174603,0.001774572,0.001565,0.001536,0,0,1.524e-23,1.178e-24
step256,256,Q,v,residual,1024,spike,786432,0.0009282787,0.0007715523,0.002283732,0.00167254,0.001923651,0.001719157,0.001876831,0.001565,0.001536,0,0,1.524e-23,1.178e-24
step256,256,Q,v,residual,1024,32-64,786432,0.0009004391,0.001095534,0.0006815592,0.0005867327,0.0008503633,0.00181071,0.001890273,0.001565,0.001536,0,0,1.524e-23,1.178e-24
step256,256,Q,v,residual,1024,64-128,1572864,0.0004083866,0.0002740586,0.001303991,0.0009505411,0.00121952,0.001739684,0.001851309,0.001565,0.001536,0,0,1.524e-23,1.178e-24
step256,256,Q,v,residual,1024,128-256,3145728,0.0007488483,0.0005211829,0.0009476344,0.0003401896,0.0006091685,0.001737231,0.001819883,0.001565,0.001536,0,0,1.524e-23,1.178e-24
step256,256,Q,v,residual,1024,256-512,6291456,0.0002255412,0.0004430702,0.0005688667,0.0003907436,0.0002200169,0.001761073,0.001746178,0.001565,0.001536,0,0,1.524e-23,1.178e-24
step256,256,Q,v,residual,1024,512-1024,1.258291e+07,0.0004521761,0.0002315948,0.0004751682,0.0001345294,0.0003793823,0.001744236,0.001755805,0.001565,0.001536,0,0,1.524e-23,1.178e-24
step256,256,K,u,head,1024,spike,786432,0.0008504923,0.0009593333,0.002287547,0.002164672,0.002428525,0.001761845,0.001947857,0.001565,0.001536,0,0,1.524e-23,1.178e-24
step256,256,K,u,head,1024,32-64,786432,0.0009722069,0.0007085764,0.001890818,0.001227025,0.001383752,0.001761845,0.001813616,0.001565,0.001536,0,0,1.524e-23,1.178e-24
step256,256,K,u,head,1024,64-128,1572864,0.001062993,0.0008479753,0.001264572,0.0002834298,0.0004936643,0.001714161,0.001805987,0.001565,0.001536,0,0,1.524e-23,1.178e-24
step256,256,K,u,head,1024,128-256,3145728,0.000889873,0.0006262425,0.001218478,0.0004518728,0.0007157256,0.001706623,0.001784461,0.001565,0.001536,0,0,1.524e-23,1.178e-24
step256,256,K,u,head,1024,256-512,6291456,0.0005026221,0.0003458956,0.0007812182,0.0002796895,0.0005138867,0.001713548,0.001736936,0.001565,0.001536,0,0,1.524e-23,1.178e-24
step256,256,K,u,head,1024,512-1024,1.258291e+07,0.0003652135,0.0002084871,0.0004569689,0.000123247,0.0003868775,0.001739207,0.001764036,0.001565,0.001536,0,0,1.524e-23,1.178e-24
step256,256,K,v,residual,1024,spike,786432,0.001049846,0.000896602,0.002328237,0.001587085,0.00178218,0.001725878,0.001958393,0.001565,0.001536,0,0,1.524e-23,1.178e-24
step256,256,K,v,residual,1024,32-64,786432,0.0007286429,0.0005719164,0.001817067,0.001631886,0.001895739,0.001720065,0.001878648,0.001565,0.001536,0,0,1.524e-23,1.178e-24
step256,256,K,v,residual,1024,64-128,1572864,0.0003568036,0.0003140137,0.0006580353,0.000425559,0.0006704119,0.00174804,0.001832326,0.001565,0.001536,0,0,1.524e-23,1.178e-24
step256,256,K,v,residual,1024,128-256,3145728,0.0003792508,0.0001842182,0.0004997253,0.0003408771,0.0005236569,0.001729466,0.001772336,0.001565,0.001536,0,0,1.524e-23,1.178e-24
step256,256,K,v,residual,1024,256-512,6291456,0.0004696389,0.0002006599,0.0002102852,0.0005271772,0.0002581983,0.001745179,0.001744497,0.001565,0.001536,0,0,1.524e-23,1.178e-24
step256,256,K,v,residual,1024,512-1024,1.258291e+07,0.0004149738,0.0001638628,0.0003643036,0.0002003221,0.0002315769,0.001741648,0.001759631,0.001565,0.001536,0,0,1.524e-23,1.178e-24
step256,256,V,u,head,1024,spike,786432,0.0006861046,0.0004224741,0.002844493,0.002158388,0.002422019,0.00172061,0.001997085,0.001565,0.001536,0,0,1.524e-23,1.178e-24
step256,256,V,u,head,1024,32-64,786432,0.0007347944,0.0005983347,0.001631419,0.00139156,0.001655413,0.0017415,0.001941136,0.001565,0.001536,0,0,1.524e-23,1.178e-24
step256,256,V,u,head,1024,64-128,1572864,0.0006541849,0.000439167,0.0008430481,0.0005501724,0.0007950254,0.001732599,0.001857122,0.001565,0.001536,0,0,1.524e-23,1.178e-24
step256,256,V,u,head,1024,128-256,3145728,0.0005370163,0.0002921634,0.000693957,0.0003853686,0.0004812234,0.001716114,0.001792908,0.001565,0.001536,0,0,1.524e-23,1.178e-24
step256,256,V,u,head,1024,256-512,6291456,0.0005433713,0.0002797408,0.0003755887,0.0004648805,0.0002498626,0.001748744,0.001740183,0.001565,0.001536,0,0,1.524e-23,1.178e-24
step256,256,V,u,head,1024,512-1024,1.258291e+07,0.0003109955,0.0002677751,0.000203371,0.0002817376,0.0001882815,0.001753205,0.001755442,0.001565,0.001536,0,0,1.524e-23,1.178e-24
step256,256,V,v,residual,1024,spike,786432,0.0003053908,0.0004808418,0.002052307,0.00194847,0.002199581,0.001778739,0.002008166,0.001565,0.001536,0,0,1.524e-23,1.178e-24
step256,256,V,v,residual,1024,32-64,786432,0.0008279187,0.0006707,0.001926422,0.001336883,0.001600735,0.00170517,0.001896994,0.001565,0.001536,0,0,1.524e-23,1.178e-24
step256,256,V,v,residual,1024,64-128,1572864,0.0003857,0.0005054626,0.0008029938,0.0008267327,0.001002184,0.00176675,0.00183932,0.001565,0.001536,0,0,1.524e-23,1.178e-24
step256,256,V,v,residual,1024,128-256,3145728,0.0002048909,0.0003183993,0.0003077189,0.0001753784,0.0004202314,0.001758939,0.001772472,0.001565,0.001536,0,0,1.524e-23,1.178e-24
step256,256,V,v,residual,1024,256-512,6291456,0.0003779792,0.0001871951,0.0002932549,0.0004047734,0.0001599205,0.001736936,0.001750242,0.001565,0.001536,0,0,1.524e-23,1.178e-24
step256,256,V,v,residual,1024,512-1024,1.258291e+07,0.0004435562,0.0001987033,0.0005068779,0.0001880375,0.0003829154,0.001732611,0.001773164,0.001565,0.001536,0,0,1.524e-23,1.178e-24
step256,256,O,u,residual,1024,spike,786432,0.0008273223,0.0005634696,0.002362569,0.001757975,0.001972993,0.001755124,0.001860301,0.001565,0.001536,0,0,1.524e-23,1.178e-24
step256,256,O,u,residual,1024,32-64,786432,0.001444032,0.001180179,0.002484639,0.001277281,0.00148668,0.001710983,0.001894633,0.001565,0.001536,0,0,1.524e-23,1.178e-24
step256,256,O,u,residual,1024,64-128,1572864,0.000957274,0.000781823,0.001074473,0.0006582555,0.0009031085,0.001756032,0.001880737,0.001565,0.001536,0,0,1.524e-23,1.178e-24
step256,256,O,u,residual,1024,128-256,3145728,0.0005058947,0.0004067947,0.0005410512,0.0002545362,0.0005181667,0.001761119,0.001758848,0.001565,0.001536,0,0,1.524e-23,1.178e-24
step256,256,O,u,residual,1024,256-512,6291456,0.0003170995,0.0001937909,0.0001856486,0.0004206318,0.0002813448,0.001753308,0.001755328,0.001565,0.001536,0,0,1.524e-23,1.178e-24
step256,256,O,u,residual,1024,512-1024,1.258291e+07,0.0003653549,0.000120502,0.0003504753,0.0002119184,0.0002484933,0.001726082,0.001765966,0.001565,0.001536,0,0,1.524e-23,1.178e-24
step256,256,O,v,head,1024,spike,786432,0.0009741899,0.001169285,0.002023061,0.002396097,0.00265995,0.001852126,0.002006349,0.001565,0.001536,0,0,1.524e-23,1.178e-24
step256,256,O,v,head,1024,32-64,786432,0.001202051,0.001436555,0.0009752909,0.001597517,0.001848628,0.001828875,0.001884097,0.001565,0.001536,0,0,1.524e-23,1.178e-24
step256,256,O,v,head,1024,64-128,1572864,0.0008468271,0.0006318092,0.001532873,0.0009371897,0.001206169,0.001713707,0.001801809,0.001565,0.001536,0,0,1.524e-23,1.178e-24
step256,256,O,v,head,1024,128-256,3145728,0.0005118409,0.0003551145,0.0004968643,0.0004302048,0.0002295685,0.001735233,0.001739411,0.001565,0.001536,0,0,1.524e-23,1.178e-24
step256,256,O,v,head,1024,256-512,6291456,0.0003261629,0.0002322198,0.0002918243,0.0003640833,0.0001192304,0.001748426,0.001738435,0.001565,0.001536,0,0,1.524e-23,1.178e-24
step256,256,O,v,head,1024,512-1024,1.258291e+07,0.0003200038,0.0001468749,0.0002385775,0.0002295513,0.0001906343,0.001752592,0.00178269,0.001565,0.001536,0,0,1.524e-23,1.178e-24
step256,256,MLP_IN,u,hidden,4096,spike,3145728,0.0003249561,0.0003358613,0.001140912,0.0009504005,0.001016282,0.001754397,0.001871836,0.001565,0.001558,0,0,1.524e-23,8.299e-24
step256,256,MLP_IN,u,hidden,4096,32-64,3145728,0.000327597,0.0002616663,0.001018842,0.0007011212,0.0007571758,0.001764842,0.001829601,0.001565,0.001558,0,0,1.524e-23,8.299e-24
step256,256,MLP_IN,u,hidden,4096,64-128,6291456,0.0004053573,0.0004725723,0.0004496574,0.0005084213,0.0005711765,0.001799356,0.001818316,0.001565,0.001558,0,0,1.524e-23,8.299e-24
step256,256,MLP_IN,u,hidden,4096,128-256,1.258291e+07,0.0001910193,0.0001469638,0.0006094774,0.0004974819,0.0005592884,0.001766125,0.001822176,0.001565,0.001558,0,0,1.524e-23,8.299e-24
step256,256,MLP_IN,u,hidden,4096,256-512,2.516582e+07,0.0001462482,9.425318e-05,0.0003433228,0.000251607,0.0003123511,0.001749419,0.00179863,0.001565,0.001558,0,0,1.524e-23,8.299e-24
step256,256,MLP_IN,u,hidden,4096,512-1024,5.033165e+07,0.0001280967,6.816558e-05,0.0001362562,6.764126e-05,7.091476e-05,0.001777586,0.001764383,0.001565,0.001558,0,0,1.524e-23,8.299e-24
step256,256,MLP_IN,v,residual,1024,spike,786432,0.0005385018,0.0007479008,0.0007476807,0.001011751,0.001256604,0.001804715,0.001935141,0.001565,0.001536,0,0,1.524e-23,1.178e-24
step256,256,MLP_IN,v,residual,1024,32-64,786432,0.0004622205,0.0003202396,0.001725515,0.001462731,0.001713842,0.001676287,0.001829238,0.001565,0.001536,0,0,1.524e-23,1.178e-24
step256,256,MLP_IN,v,residual,1024,64-128,1572864,0.0003672686,0.0006014658,0.0007006327,0.0004285534,0.0006435713,0.001717885,0.001753489,0.001565,0.001536,0,0,1.524e-23,1.178e-24
step256,256,MLP_IN,v,residual,1024,128-256,3145728,0.0006770113,0.0005512868,0.0007616679,0.0003747483,0.0003548472,0.001704579,0.00178714,0.001565,0.001536,0,0,1.524e-23,1.178e-24
step256,256,MLP_IN,v,residual,1024,256-512,6291456,0.0004784365,0.0002145837,0.0003445943,0.0002714677,0.0002085404,0.001759143,0.001772199,0.001565,0.001536,0,0,1.524e-23,1.178e-24
step256,256,MLP_IN,v,residual,1024,512-1024,1.258291e+07,0.0003097156,0.0001924985,0.0002977848,0.00011651,0.0002633039,0.001749243,0.001767181,0.001565,0.001536,0,0,1.524e-23,1.178e-24
step256,256,MLP_OUT,u,residual,1024,spike,786432,0.001785233,0.001516254,0.003128052,0.001401806,0.001665437,0.001736232,0.001948584,0.001565,0.001536,0,0,1.524e-23,1.178e-24
step256,256,MLP_OUT,u,residual,1024,32-64,786432,0.0005033567,0.0006403924,0.0009524028,0.0006035782,0.0008484311,0.001672291,0.001823789,0.001565,0.001536,0,0,1.524e-23,1.178e-24
step256,256,MLP_OUT,u,residual,1024,64-128,1572864,0.0003409234,0.0003830361,0.001040141,0.0008995379,0.001163168,0.001756305,0.001820701,0.001565,0.001536,0,0,1.524e-23,1.178e-24
step256,256,MLP_OUT,u,residual,1024,128-256,3145728,0.0004459175,0.0003774961,0.000658989,0.000291686,0.0004951771,0.001752899,0.001797858,0.001565,0.001536,0,0,1.524e-23,1.178e-24
step256,256,MLP_OUT,u,residual,1024,256-512,6291456,0.000493942,0.0002490891,0.0005572637,0.0006204201,0.0003862229,0.001736573,0.001721155,0.001565,0.001536,0,0,1.524e-23,1.178e-24
step256,256,MLP_OUT,u,residual,1024,512-1024,1.258291e+07,0.0003647347,0.0001207357,0.0004432996,0.0002241492,0.0004391671,0.001751911,0.001773596,0.001565,0.001536,0,0,1.524e-23,1.178e-24
step256,256,MLP_OUT,v,hidden,4096,spike,3145728,0.0004807547,0.0004369037,0.001269976,0.0009276429,0.0009813811,0.001772336,0.001841727,0.001565,0.001558,0,0,1.524e-23,8.299e-24
step256,256,MLP_OUT,v,hidden,4096,32-64,3145728,0.0002640549,0.0002158503,0.0009241104,0.0008125242,0.0008648445,0.001769202,0.001876059,0.001565,0.001558,0,0,1.524e-23,8.299e-24
step256,256,MLP_OUT,v,hidden,4096,64-128,6291456,0.0002726276,0.000328047,0.0005048116,0.0007467727,0.0008139877,0.001774947,0.001835732,0.001565,0.001558,0,0,1.524e-23,8.299e-24
step256,256,MLP_OUT,v,hidden,4096,128-256,1.258291e+07,0.0001183808,0.0001855958,0.0005188783,0.0005517251,0.0006102552,0.001758246,0.001797483,0.001565,0.001558,0,0,1.524e-23,8.299e-24
step256,256,MLP_OUT,v,hidden,4096,256-512,2.516582e+07,0.000120292,5.553023e-05,0.0004739364,0.0003536444,0.0004203586,0.001765047,0.001782451,0.001565,0.001558,0,0,1.524e-23,8.299e-24
step256,256,MLP_OUT,v,hidden,4096,512-1024,5.033165e+07,0.0001872335,0.0001300269,0.0002583663,7.113281e-05,0.0001296629,0.001763216,0.001769174,0.001565,0.001558,0,0,1.524e-23,8.299e-24
step512,512,Q,u,head,1024,spike,786432,0.003521387,0.003755585,0.002791087,0.001556863,0.001820716,0.002229963,0.002077193,0.001565,0.001536,0,0,1.524e-23,1.178e-24
step512,512,Q,u,head,1024,32-64,786432,0.001079389,0.0008842936,0.001818339,0.001234048,0.001443447,0.001777649,0.00191407,0.001565,0.001536,0,0,1.524e-23,1.178e-24
step512,512,Q,u,head,1024,64-128,1572864,0.000492311,0.0006870531,0.0007826487,0.001027856,0.001278967,0.00171734,0.001857939,0.001565,0.001536,0,0,1.524e-23,1.178e-24
step512,512,Q,u,head,1024,128-256,3145728,0.0003342015,0.0003830628,0.0004990896,0.0003253914,0.0004826101,0.001761891,0.001790001,0.001565,0.001536,0,0,1.524e-23,1.178e-24
step512,512,Q,u,head,1024,256-512,6291456,0.0003663058,0.0001314791,0.0003442764,0.0002024706,0.0003318678,0.001753353,0.001746927,0.001565,0.001536,0,0,1.524e-23,1.178e-24
step512,512,Q,u,head,1024,512-1024,1.258291e+07,0.0003715693,0.0001262486,0.0004617373,0.0002427662,0.0004182172,0.001758155,0.001775446,0.001565,0.001536,0,0,1.524e-23,1.178e-24
step512,512,Q,v,residual,1024,spike,786432,0.003324677,0.003060825,0.004741669,0.001416991,0.001680844,0.001630147,0.001942408,0.001565,0.001536,0,0,1.524e-23,1.178e-24
step512,512,Q,v,residual,1024,32-64,786432,0.000607179,0.0006101565,0.001588186,0.001376256,0.001610453,0.001770746,0.001905532,0.001565,0.001536,0,0,1.524e-23,1.178e-24
step512,512,Q,v,residual,1024,64-128,1572864,0.0007385594,0.0005003763,0.001439412,0.0008568665,0.001120719,0.001730601,0.001822335,0.001565,0.001536,0,0,1.524e-23,1.178e-24
step512,512,Q,v,residual,1024,128-256,3145728,0.0004816413,0.0003249148,0.0007416407,0.0003923238,0.0006613027,0.001737095,0.001780828,0.001565,0.001536,0,0,1.524e-23,1.178e-24
step512,512,Q,v,residual,1024,256-512,6291456,0.0001824306,0.0003809965,0.0001956622,0.0001917435,0.0002223687,0.001768407,0.001758712,0.001565,0.001536,0,0,1.524e-23,1.178e-24
step512,512,Q,v,residual,1024,512-1024,1.258291e+07,0.0003898027,0.0002622078,0.000399828,0.0001836005,0.0002090288,0.00173504,0.001752422,0.001565,0.001536,0,0,1.524e-23,1.178e-24
step512,512,K,u,head,1024,spike,786432,0.003123011,0.00339199,0.001607259,0.001898878,0.00214999,0.002061026,0.001963479,0.001565,0.001536,0,0,1.524e-23,1.178e-24
step512,512,K,u,head,1024,32-64,786432,0.000869284,0.0006054313,0.002414703,0.001568381,0.001832012,0.001742227,0.001932598,0.001565,0.001536,0,0,1.524e-23,1.178e-24
step512,512,K,u,head,1024,64-128,1572864,0.0003885927,0.000231374,0.001132329,0.0008557995,0.001085115,0.00174259,0.00186793,0.001565,0.001536,0,0,1.524e-23,1.178e-24
step512,512,K,u,head,1024,128-256,3145728,0.0006967723,0.0004277933,0.0005989075,0.0004525735,0.0002448194,0.001728467,0.001766114,0.001565,0.001536,0,0,1.524e-23,1.178e-24
step512,512,K,u,head,1024,256-512,6291456,0.0003587048,0.0002111411,0.0003043811,0.0004034991,0.0001811351,0.001749107,0.001768952,0.001565,0.001536,0,0,1.524e-23,1.178e-24
step512,512,K,u,head,1024,512-1024,1.258291e+07,0.0002299649,0.0001681015,0.0002644062,0.0002129538,0.00019166,0.001742193,0.001773653,0.001565,0.001536,0,0,1.524e-23,1.178e-24
step512,512,K,v,residual,1024,spike,786432,0.001357176,0.001112323,0.002727509,0.001553049,0.001816902,0.001704443,0.001968384,0.001565,0.001536,0,0,1.524e-23,1.178e-24
step512,512,K,v,residual,1024,32-64,786432,0.0005965495,0.0004877085,0.001824697,0.001690333,0.00192453,0.00166448,0.001893725,0.001565,0.001536,0,0,1.524e-23,1.178e-24
step512,512,K,v,residual,1024,64-128,1572864,0.0005168978,0.0003287801,0.0009873708,0.0007889117,0.001052542,0.00173378,0.001800083,0.001565,0.001536,0,0,1.524e-23,1.178e-24
step512,512,K,v,residual,1024,128-256,3145728,0.0004792674,0.000316908,0.000544548,0.0002925895,0.0004600774,0.001746405,0.00174804,0.001565,0.001536,0,0,1.524e-23,1.178e-24
step512,512,K,v,residual,1024,256-512,6291456,0.0004174013,0.0001639811,0.0004800161,0.0002013229,0.0004121499,0.00172665,0.001760823,0.001565,0.001536,0,0,1.524e-23,1.178e-24
step512,512,K,v,residual,1024,512-1024,1.258291e+07,0.0003829951,0.0001373455,0.0003972848,0.0001302226,0.0003140858,0.001746484,0.001777955,0.001565,0.001536,0,0,1.524e-23,1.178e-24
step512,512,V,u,head,1024,spike,786432,0.0004365626,0.0005210277,0.001945496,0.001778966,0.002047945,0.001727331,0.0019306,0.001565,0.001536,0,0,1.524e-23,1.178e-24
step512,512,V,u,head,1024,32-64,786432,0.0008797529,0.0006846578,0.001506805,0.0007370926,0.0009819455,0.001748403,0.001826513,0.001565,0.001536,0,0,1.524e-23,1.178e-24
step512,512,V,u,head,1024,64-128,1572864,0.0004200375,0.0004645913,0.0004418691,0.0005628818,0.0005281696,0.001756214,0.001759756,0.001565,0.001536,0,0,1.524e-23,1.178e-24
step512,512,V,u,head,1024,128-256,3145728,0.0005627627,0.0002991322,0.0005601247,0.0003915293,0.000483354,0.001729693,0.001781191,0.001565,0.001536,0,0,1.524e-23,1.178e-24
step512,512,V,u,head,1024,256-512,6291456,0.000619155,0.000479868,0.000348568,0.0003855907,0.0001904955,0.001723017,0.001731941,0.001565,0.001536,0,0,1.524e-23,1.178e-24
step512,512,V,u,head,1024,512-1024,1.258291e+07,0.0002257092,0.0001907439,0.0002067884,0.0001956912,0.0002696851,0.001750378,0.001774958,0.001565,0.001536,0,0,1.524e-23,1.178e-24
step512,512,V,v,residual,1024,spike,786432,0.0009606322,0.0007456143,0.002822876,0.002114198,0.002359051,0.001786732,0.001992544,0.001565,0.001536,0,0,1.524e-23,1.178e-24
step512,512,V,v,residual,1024,32-64,786432,0.001077866,0.0008436687,0.002227783,0.001203757,0.00144861,0.001731328,0.001879374,0.001565,0.001536,0,0,1.524e-23,1.178e-24
step512,512,V,v,residual,1024,64-128,1572864,0.001207942,0.0009389628,0.001519521,0.0004978117,0.0007072107,0.001730329,0.001808257,0.001565,0.001536,0,0,1.524e-23,1.178e-24
step512,512,V,v,residual,1024,128-256,3145728,0.0004324618,0.0003336271,0.0003916423,0.0003345167,0.0003477521,0.001730737,0.00174972,0.001565,0.001536,0,0,1.524e-23,1.178e-24
step512,512,V,v,residual,1024,256-512,6291456,0.0005195478,0.0002909004,0.0003792445,0.0004669888,0.000277609,0.001743907,0.001733984,0.001565,0.001536,0,0,1.524e-23,1.178e-24
step512,512,V,v,residual,1024,512-1024,1.258291e+07,0.0003044943,6.365769e-05,0.0002427101,0.0001895183,0.000212114,0.001732679,0.001753046,0.001565,0.001536,0,0,1.524e-23,1.178e-24
step512,512,O,u,residual,1024,spike,786432,0.0008205817,0.001054779,0.001885732,0.001467433,0.001736412,0.001773834,0.002007802,0.001565,0.001536,0,0,1.524e-23,1.178e-24
step512,512,O,u,residual,1024,32-64,786432,0.0008346854,0.0006953984,0.001576742,0.001466161,0.00173514,0.001756396,0.001888275,0.001565,0.001536,0,0,1.524e-23,1.178e-24
step512,512,O,u,residual,1024,64-128,1572864,0.0005708973,0.0004659658,0.001300812,0.0008657313,0.001116842,0.001783553,0.001810528,0.001565,0.001536,0,0,1.524e-23,1.178e-24
step512,512,O,u,residual,1024,128-256,3145728,0.0002993589,0.0005629894,0.0003843307,0.0002418177,0.0004866707,0.001747086,0.001759847,0.001565,0.001536,0,0,1.524e-23,1.178e-24
step512,512,O,u,residual,1024,256-512,6291456,0.0002787612,0.0003073553,0.0004164378,0.0006142123,0.0003631012,0.001754125,0.001734643,0.001565,0.001536,0,0,1.524e-23,1.178e-24
step512,512,O,u,residual,1024,512-1024,1.258291e+07,0.0004384273,0.00020423,0.0004856586,0.0001561726,0.0003181335,0.001763105,0.001766772,0.001565,0.001536,0,0,1.524e-23,1.178e-24
step512,512,O,v,head,1024,spike,786432,0.01541651,0.01568549,0.006893158,0.009544418,0.009813397,0.003467197,0.002875555,0.001565,0.001536,0,2.288818e-05,1.524e-23,1.178e-24
step512,512,O,v,head,1024,32-64,786432,0.0008232413,0.001025606,0.004259745,0.0045111,0.004760428,0.00178764,0.00228355,0.001565,0.001536,0,0,1.524e-23,1.178e-24
step512,512,O,v,head,1024,64-128,1572864,0.0002772077,0.0005051332,0.002131144,0.002049033,0.002313067,0.001827967,0.00206139,0.001565,0.001536,0,0,1.524e-23,1.178e-24
step512,512,O,v,head,1024,128-256,3145728,0.0006505008,0.0003868702,0.001145999,0.0006035464,0.0008156883,0.001736005,0.001852353,0.001565,0.001536,0,0,1.524e-23,1.178e-24
step512,512,O,v,head,1024,256-512,6291456,0.0003048677,0.0002037685,0.0001808802,0.0002073112,0.0002021085,0.001754102,0.001762027,0.001565,0.001536,0,0,1.524e-23,1.178e-24
step512,512,O,v,head,1024,512-1024,1.258291e+07,0.000236291,0.0002726714,0.000525713,0.0003150762,0.0005840551,0.001758519,0.001787083,0.001565,0.001536,0,0,1.524e-23,1.178e-24
step512,512,MLP_IN,u,hidden,4096,spike,3145728,0.0004664416,0.0004005602,0.00131162,0.0009134512,0.0009793819,0.00175962,0.001880873,0.001565,0.001558,0,0,1.524e-23,8.299e-24
step512,512,MLP_IN,u,hidden,4096,32-64,3145728,0.0003366534,0.000284333,0.0007870992,0.0005590416,0.0005983266,0.001773653,0.001847994,0.001565,0.001558,0,0,1.524e-23,8.299e-24
step512,512,MLP_IN,u,hidden,4096,64-128,6291456,0.000243251,0.0003091325,0.0004378955,0.0005543928,0.0006203235,0.001805646,0.001831191,0.001565,0.001558,0,0,1.524e-23,8.299e-24
step512,512,MLP_IN,u,hidden,4096,128-256,1.258291e+07,0.0002308442,0.0001861159,0.0006714662,0.000442654,0.0005085847,0.001761062,0.001824254,0.001565,0.001558,0,0,1.524e-23,8.299e-24
step512,512,MLP_IN,u,hidden,4096,256-512,2.516582e+07,0.0001990842,0.0002230424,0.0002837976,0.0002576357,0.0003161659,0.00176881,0.001801809,0.001565,0.001558,0,0,1.524e-23,8.299e-24
step512,512,MLP_IN,u,hidden,4096,512-1024,5.033165e+07,7.906194e-05,8.835692e-05,0.0001353621,0.0001402239,7.300889e-05,0.001761882,0.001769372,0.001565,0.001558,0,0,1.524e-23,8.299e-24
step512,512,MLP_IN,v,residual,1024,spike,786432,0.00132756,0.001596539,0.0007413228,0.001231732,0.001476585,0.001782917,0.001908802,0.001565,0.001536,0,0,1.524e-23,1.178e-24
step512,512,MLP_IN,v,residual,1024,32-64,786432,0.0005880017,0.0004487146,0.001627604,0.001405752,0.00162077,0.001692454,0.001880282,0.001565,0.001536,0,0,1.524e-23,1.178e-24
step512,512,MLP_IN,v,residual,1024,64-128,1572864,0.000363108,0.000309312,0.0006332397,0.0006789212,0.0009425518,0.001717431,0.001827331,0.001565,0.001536,0,0,1.524e-23,1.178e-24
step512,512,MLP_IN,v,residual,1024,128-256,3145728,0.0004453202,0.0001874231,0.0003652573,0.0002859894,0.0002770063,0.001728875,0.001787912,0.001565,0.001536,0,0,1.524e-23,1.178e-24
step512,512,MLP_IN,v,residual,1024,256-512,6291456,0.0004481656,0.0002033127,0.0004253387,0.0004257698,0.0002605924,0.001735846,0.001736096,0.001565,0.001536,0,0,1.524e-23,1.178e-24
step512,512,MLP_IN,v,residual,1024,512-1024,1.258291e+07,0.0003951941,0.0001609968,0.0002286434,0.0002834156,0.0001591556,0.00174502,0.001753194,0.001565,0.001536,0,0,1.524e-23,1.178e-24
step512,512,MLP_OUT,u,residual,1024,spike,786432,0.002414273,0.002163161,0.004063924,0.001945917,0.002186546,0.001704443,0.001919338,0.001565,0.001536,0,0,1.524e-23,1.178e-24
step512,512,MLP_OUT,u,residual,1024,32-64,786432,0.0006875015,0.0009323545,0.001093547,0.001073668,0.001337521,0.001792363,0.001877558,0.001565,0.001536,0,0,1.524e-23,1.178e-24
step512,512,MLP_OUT,u,residual,1024,64-128,1572864,0.000688122,0.000437011,0.001485825,0.0009263814,0.00119536,0.001733326,0.001848402,0.001565,0.001536,0,0,1.524e-23,1.178e-24
step512,512,MLP_OUT,u,residual,1024,128-256,3145728,0.0002172994,0.0003129281,0.0003363291,0.0001994208,0.0004168442,0.001755987,0.001771064,0.001565,0.001536,0,0,1.524e-23,1.178e-24
step512,512,MLP_OUT,u,residual,1024,256-512,6291456,0.0004407663,0.0002338092,0.0004413923,0.0005211189,0.0002683789,0.001730533,0.001760165,0.001565,0.001536,0,0,1.524e-23,1.178e-24
step512,512,MLP_OUT,u,residual,1024,512-1024,1.258291e+07,0.000375543,0.0002238266,0.0004754066,0.000186679,0.0003718638,0.001747268,0.001767567,0.001565,0.001536,0,0,1.524e-23,1.178e-24
step512,512,MLP_OUT,v,hidden,4096,spike,3145728,0.00309758,0.003164795,0.001799901,0.001603557,0.001666313,0.002128419,0.001971926,0.001565,0.001558,0,0,1.524e-23,8.299e-24
step512,512,MLP_OUT,v,hidden,4096,32-64,3145728,0.001030191,0.001096073,0.0004739761,0.001262711,0.001329926,0.00185803,0.001934052,0.001565,0.001558,0,0,1.524e-23,8.299e-24
step512,512,MLP_OUT,v,hidden,4096,64-128,6291456,0.0003404067,0.0003989369,0.0007856687,0.0009167013,0.0009778815,0.001791137,0.001897222,0.001565,0.001558,0,0,1.524e-23,8.299e-24
step512,512,MLP_OUT,v,hidden,4096,128-256,1.258291e+07,0.000156051,0.0002232659,0.0005640189,0.0005988737,0.0006660887,0.001796121,0.001858291,0.001565,0.001558,0,0,1.524e-23,8.299e-24
step512,512,MLP_OUT,v,hidden,4096,256-512,2.516582e+07,0.0002075586,0.0001490285,0.0004654725,0.0003060219,0.0003547819,0.001777263,0.001806543,0.001565,0.001558,0,0,1.524e-23,8.299e-24
step512,512,MLP_OUT,v,hidden,4096,512-1024,5.033165e+07,8.797199e-05,4.559571e-05,9.445349e-05,6.2547e-05,7.752678e-05,0.001768558,0.001770735,0.001565,0.001558,0,0,1.524e-23,8.299e-24
step1000,1000,Q,u,head,1024,spike,786432,0.01917957,0.0194432,0.01052856,0.009038335,0.009307314,0.004147666,0.003003438,0.001565,0.001536,0,2.543132e-06,1.524e-23,1.178e-24
step1000,1000,Q,u,head,1024,32-64,786432,0.0006620702,0.0009069232,0.004906972,0.005311761,0.005562872,0.001790546,0.002468654,0.001565,0.001536,0,0,1.524e-23,1.178e-24
step1000,1000,Q,u,head,1024,64-128,1572864,0.0005638937,0.0004023875,0.003954569,0.003390676,0.003659655,0.001784007,0.002069382,0.001565,0.001536,0,0,1.524e-23,1.178e-24
step1000,1000,Q,u,head,1024,128-256,3145728,0.0003747483,0.0003042373,0.001227061,0.001029238,0.001292868,0.00176239,0.001855578,0.001565,0.001536,0,0,1.524e-23,1.178e-24
step1000,1000,Q,u,head,1024,256-512,6291456,0.0004528068,0.0002955881,0.0003412565,0.000393196,0.0002158413,0.001719293,0.001758485,0.001565,0.001536,0,0,1.524e-23,1.178e-24
step1000,1000,Q,u,head,1024,512-1024,1.258291e+07,0.000221773,0.0003784995,0.0005785624,0.0005696461,0.0008332766,0.00175492,0.00181365,0.001565,0.001536,0,0,1.524e-23,1.178e-24
step1000,1000,Q,v,residual,1024,spike,786432,0.00372006,0.00345643,0.005233765,0.001695043,0.001964022,0.00169972,0.002007257,0.001565,0.001536,0,0,1.524e-23,1.178e-24
step1000,1000,Q,v,residual,1024,32-64,786432,0.001160099,0.00141121,0.0009714762,0.0009161568,0.001125556,0.0017217,0.001875559,0.001565,0.001536,0,0,1.524e-23,1.178e-24
step1000,1000,Q,v,residual,1024,64-128,1572864,0.0004972771,0.0002336465,0.001083374,0.0006393836,0.0008841458,0.001681827,0.001804352,0.001565,0.001536,0,0,1.524e-23,1.178e-24
step1000,1000,Q,v,residual,1024,128-256,3145728,0.000402097,0.0002056328,0.0004857381,0.0001182165,0.000376472,0.001730556,0.001800764,0.001565,0.001536,0,0,1.524e-23,1.178e-24
step1000,1000,Q,v,residual,1024,256-512,6291456,0.0008109961,0.0005767988,0.0005002022,0.0003362252,0.0001713005,0.001733939,0.001766841,0.001565,0.001536,0,0,1.524e-23,1.178e-24
step1000,1000,Q,v,residual,1024,512-1024,1.258291e+07,0.0003121359,0.0002057215,0.0003320376,0.0001287344,0.0002676435,0.001751843,0.001773584,0.001565,0.001536,0,0,1.524e-23,1.178e-24
step1000,1000,K,u,head,1024,spike,786432,0.01314676,0.01341574,0.008693695,0.004715507,0.004979137,0.003358205,0.002435775,0.001565,0.001536,7.26609e-07,7.084438e-06,1.524e-23,1.178e-24
step1000,1000,K,u,head,1024,32-64,786432,0.0004225817,0.0006657532,0.002197266,0.002452208,0.002661607,0.001725696,0.002115522,0.001565,0.001536,0,0,1.524e-23,1.178e-24
step1000,1000,K,u,head,1024,64-128,1572864,0.0005348984,0.0002837873,0.002380371,0.002148356,0.002417335,0.001712617,0.001975832,0.001565,0.001536,0,0,1.524e-23,1.178e-24
step1000,1000,K,u,head,1024,128-256,3145728,0.0005817476,0.0003723487,0.001036326,0.000498674,0.000743527,0.001726014,0.001800855,0.001565,0.001536,0,0,1.524e-23,1.178e-24
step1000,1000,K,u,head,1024,256-512,6291456,0.0002609683,0.0002825844,0.0004666646,0.0004375839,0.0003161322,0.001763344,0.00175551,0.001565,0.001536,0,0,1.524e-23,1.178e-24
step1000,1000,K,u,head,1024,512-1024,1.258291e+07,0.0004453018,0.0001816713,0.0005704562,0.0002707542,0.0005346069,0.001750515,0.001770803,0.001565,0.001536,0,0,1.524e-23,1.178e-24
step1000,1000,K,v,residual,1024,spike,786432,0.002584671,0.002350474,0.004589081,0.002016103,0.002238607,0.001669203,0.001983824,0.001565,0.001536,0,0,1.524e-23,1.178e-24
step1000,1000,K,v,residual,1024,32-64,786432,0.0006358186,0.0005919648,0.002356211,0.001844192,0.002078389,0.001752218,0.001939683,0.001565,0.001536,0,0,1.524e-23,1.178e-24
step1000,1000,K,v,residual,1024,64-128,1572864,0.0004406924,0.0002874248,0.001077652,0.0007610778,0.001030057,0.001803262,0.001856668,0.001565,0.001536,0,0,1.524e-23,1.178e-24
step1000,1000,K,v,residual,1024,128-256,3145728,0.0006140101,0.0004907015,0.0006300608,0.0001972977,0.0002813848,0.001734234,0.001796495,0.001565,0.001536,0,0,1.524e-23,1.178e-24
step1000,1000,K,v,residual,1024,256-512,6291456,0.0003816837,0.0001487102,0.0005148252,0.0007604423,0.0005093313,0.001716387,0.001755669,0.001565,0.001536,0,0,1.524e-23,1.178e-24
step1000,1000,K,v,residual,1024,512-1024,1.258291e+07,0.0004555027,0.0002404848,0.000317653,0.0001992028,0.0002917539,0.001761675,0.001751309,0.001565,0.001536,0,0,1.524e-23,1.178e-24
step1000,1000,V,u,head,1024,spike,786432,0.001007502,0.001241699,0.001408895,0.001893407,0.002162386,0.001959301,0.002063751,0.001565,0.001536,0,0,1.524e-23,1.178e-24
step1000,1000,V,u,head,1024,32-64,786432,0.001093717,0.001288812,0.001359304,0.001412067,0.001621466,0.001781464,0.001875378,0.001565,0.001536,0,0,1.524e-23,1.178e-24
step1000,1000,V,u,head,1024,64-128,1572864,0.000450975,0.0004560764,0.000933965,0.0008394537,0.001084307,0.001770292,0.001862481,0.001565,0.001536,0,0,1.524e-23,1.178e-24
step1000,1000,V,u,head,1024,128-256,3145728,0.0005432828,0.0003338838,0.0004072189,0.0003673786,0.0004278189,0.001780737,0.001798357,0.001565,0.001536,0,0,1.524e-23,1.178e-24
step1000,1000,V,u,head,1024,256-512,6291456,0.0002829848,0.0002464544,0.0004065832,0.000497873,0.0002814618,0.001758916,0.001748335,0.001565,0.001536,0,0,1.524e-23,1.178e-24
step1000,1000,V,u,head,1024,512-1024,1.258291e+07,0.000271418,0.0002453761,0.0002388954,0.000131971,0.0002824168,0.001760846,0.001765501,0.001565,0.001536,0,0,1.524e-23,1.178e-24
step1000,1000,V,v,residual,1024,spike,786432,0.0005431203,0.0004198117,0.002488454,0.00217188,0.002440859,0.001771654,0.00189209,0.001565,0.001536,0,0,1.524e-23,1.178e-24
step1000,1000,V,v,residual,1024,32-64,786432,0.0003808403,0.0004270801,0.001443227,0.001333457,0.00157831,0.001687186,0.001902626,0.001565,0.001536,0,0,1.524e-23,1.178e-24
step1000,1000,V,v,residual,1024,64-128,1572864,0.0005049804,0.0005405636,0.0008074443,0.0005630987,0.0008142097,0.001773017,0.001825878,0.001565,0.001536,0,0,1.524e-23,1.178e-24
step1000,1000,V,v,residual,1024,128-256,3145728,0.000504641,0.000363095,0.000483195,0.0005516365,0.0003712761,0.001755124,0.001778693,0.001565,0.001536,0,0,1.524e-23,1.178e-24
step1000,1000,V,v,residual,1024,256-512,6291456,0.0002803189,0.0003348689,0.0003140767,0.0004489603,0.0002070371,0.001769157,0.001746655,0.001565,0.001536,0,0,1.524e-23,1.178e-24
step1000,1000,V,v,residual,1024,512-1024,1.258291e+07,0.0002880775,0.0001144048,0.0003026326,0.0002062141,0.0003239416,0.001747324,0.001780056,0.001565,0.001536,0,0,1.524e-23,1.178e-24
step1000,1000,O,u,residual,1024,spike,786432,0.001646211,0.001382358,0.005661011,0.0040148,0.004278653,0.001692636,0.002237229,0.001565,0.001536,0,0,1.524e-23,1.178e-24
step1000,1000,O,u,residual,1024,32-64,786432,0.0005319815,0.0007958342,0.002140045,0.002193992,0.002457622,0.001841954,0.002065023,0.001565,0.001536,0,0,1.524e-23,1.178e-24
step1000,1000,O,u,residual,1024,64-128,1572864,0.0003273435,0.0005945455,0.001552582,0.001700624,0.001964255,0.001709257,0.001973561,0.001565,0.001536,0,0,1.524e-23,1.178e-24
step1000,1000,O,u,residual,1024,128-256,3145728,0.0003089548,0.0004665668,0.0005846024,0.0005657491,0.0008106021,0.001743407,0.001845678,0.001565,0.001536,0,0,1.524e-23,1.178e-24
step1000,1000,O,u,residual,1024,256-512,6291456,0.0003094772,0.0001727048,0.0004440943,0.0002666496,0.0003502866,0.00174754,0.001753557,0.001565,0.001536,0,0,1.524e-23,1.178e-24
step1000,1000,O,u,residual,1024,512-1024,1.258291e+07,0.0002717276,9.876644e-05,0.0006253719,0.0004112283,0.0006564495,0.001746972,0.001781838,0.001565,0.001536,0,0,1.524e-23,1.178e-24
step1000,1000,O,v,head,1024,spike,786432,0.04706373,0.04732736,0.0108846,0.05719253,0.05746151,0.006967272,0.007111686,0.001565,0.001536,1.162574e-05,0.0001019069,1.524e-23,1.178e-24
step1000,1000,O,v,head,1024,32-64,786432,0.0163918,0.01666078,0.01355108,0.0298882,0.03015718,0.00380071,0.005201067,0.001565,0.001536,0,1.162574e-05,1.524e-23,1.178e-24
step1000,1000,O,v,head,1024,64-128,1572864,0.005114283,0.005383262,0.006474177,0.01158846,0.01185744,0.00236484,0.003240495,0.001565,0.001536,0,0,1.524e-23,1.178e-24
step1000,1000,O,v,head,1024,128-256,3145728,0.0009114405,0.001180419,0.002449989,0.003192489,0.003456119,0.001862072,0.002142134,0.001565,0.001536,0,0,1.524e-23,1.178e-24
step1000,1000,O,v,head,1024,256-512,6291456,0.000240037,0.0004405976,0.0009648005,0.0009787417,0.001229853,0.0017816,0.001844293,0.001565,0.001536,0,0,1.524e-23,1.178e-24
step1000,1000,O,v,head,1024,512-1024,1.258291e+07,0.0008553204,0.001122802,0.002396743,0.00320886,0.003472491,0.00184452,0.002009835,0.001565,0.001536,0,0,1.524e-23,1.178e-24
step1000,1000,MLP_IN,u,hidden,4096,spike,3145728,0.009179002,0.009116247,0.009628296,0.0008216517,0.000882832,0.001811981,0.00186357,0.001565,0.001558,0,0,1.524e-23,8.299e-24
step1000,1000,MLP_IN,u,hidden,4096,32-64,3145728,0.0002435997,0.0001777183,0.001020432,0.0008603633,0.000926294,0.001763026,0.001860164,0.001565,0.001558,0,0,1.524e-23,8.299e-24
step1000,1000,MLP_IN,u,hidden,4096,64-128,6291456,0.0003106929,0.0003734481,0.0006550153,0.0008317169,0.0008944721,0.001810687,0.001843838,0.001565,0.001558,0,0,1.524e-23,8.299e-24
step1000,1000,MLP_IN,u,hidden,4096,128-256,1.258291e+07,0.0001596275,0.0001210392,0.0006591479,0.0005538921,0.0006211071,0.001775991,0.001812992,0.001565,0.001558,0,0,1.524e-23,8.299e-24
step1000,1000,MLP_IN,u,hidden,4096,256-512,2.516582e+07,0.0001013921,0.0001599222,0.0003584623,0.0002838219,0.0003497033,0.00177531,0.001793436,0.001565,0.001558,0,0,1.524e-23,8.299e-24
step1000,1000,MLP_IN,u,hidden,4096,512-1024,5.033165e+07,0.0001079197,7.776562e-05,0.0001018445,4.406324e-05,8.504368e-05,0.001773865,0.001775903,0.001565,0.001558,0,0,1.524e-23,8.299e-24
step1000,1000,MLP_IN,v,residual,1024,spike,786432,0.00389808,0.003634449,0.005282084,0.001553013,0.001804124,0.001685188,0.001919701,0.001565,0.001536,0,0,1.524e-23,1.178e-24
step1000,1000,MLP_IN,v,residual,1024,32-64,786432,0.000556515,0.0007440861,0.002112071,0.001586183,0.001849814,0.001724425,0.001814706,0.001565,0.001536,0,0,1.524e-23,1.178e-24
step1000,1000,MLP_IN,v,residual,1024,64-128,1572864,0.0006336616,0.0008678588,0.0006510417,0.00044241,0.0007060405,0.001726968,0.00182288,0.001565,0.001536,0,0,1.524e-23,1.178e-24
step1000,1000,MLP_IN,v,residual,1024,128-256,3145728,0.0003298222,0.0003910217,0.0005149841,0.0003129903,0.0005207959,0.00174259,0.001840137,0.001565,0.001536,0,0,1.524e-23,1.178e-24
step1000,1000,MLP_IN,v,residual,1024,256-512,6291456,0.0004552089,0.0002601138,0.0002759298,0.0002997103,0.0001861291,0.001740365,0.001741591,0.001565,0.001536,0,0,1.524e-23,1.178e-24
step1000,1000,MLP_IN,v,residual,1024,512-1024,1.258291e+07,0.0002754234,0.000224043,0.0003071626,0.0001535479,0.0004014277,0.001738083,0.001772608,0.001565,0.001536,0,0,1.524e-23,1.178e-24
step1000,1000,MLP_OUT,u,residual,1024,spike,786432,0.003741796,0.003507599,0.008326213,0.004781133,0.005050112,0.001586732,0.002276103,0.001565,0.001536,0,0,1.524e-23,1.178e-24
step1000,1000,MLP_OUT,u,residual,1024,32-64,786432,0.001199627,0.001463258,0.001514435,0.002579365,0.002788764,0.001898448,0.002141498,0.001565,0.001536,0,0,1.524e-23,1.178e-24
step1000,1000,MLP_OUT,u,residual,1024,64-128,1572864,0.001190017,0.001453869,0.001124064,0.002030522,0.002294374,0.001906895,0.001951853,0.001565,0.001536,0,0,1.524e-23,1.178e-24
step1000,1000,MLP_OUT,u,residual,1024,128-256,3145728,0.0005555054,0.0008193582,0.0006958644,0.0009347048,0.001196377,0.001820428,0.001856758,0.001565,0.001536,0,0,1.524e-23,1.178e-24
step1000,1000,MLP_OUT,u,residual,1024,256-512,6291456,0.0003613813,0.0001165283,0.0002970695,0.0002286189,0.0002793574,0.001744293,0.001762685,0.001565,0.001536,0,0,1.524e-23,1.178e-24
step1000,1000,MLP_OUT,u,residual,1024,512-1024,1.258291e+07,0.0001775781,0.0003382948,0.0005579789,0.0005393669,0.0008029974,0.001773244,0.001805635,0.001565,0.001536,0,0,1.524e-23,1.178e-24
step1000,1000,MLP_OUT,v,hidden,4096,spike,3145728,0.008514768,0.008581983,0.002365112,0.006696288,0.00676217,0.002798353,0.002495175,0.001565,0.001558,4.995437e-07,9.536743e-07,1.524e-23,8.299e-24
step1000,1000,MLP_OUT,v,hidden,4096,32-64,3145728,0.006280627,0.006347842,0.00159359,0.005094892,0.005162107,0.002427919,0.002332642,0.001565,0.001558,0,0,1.524e-23,8.299e-24
step1000,1000,MLP_OUT,v,hidden,4096,64-128,6291456,0.004128661,0.004195876,0.0002938906,0.00433356,0.004399442,0.00219202,0.002239182,0.001565,0.001558,0,0,1.524e-23,8.299e-24
step1000,1000,MLP_OUT,v,hidden,4096,128-256,1.258291e+07,0.002131049,0.002196931,0.0008776983,0.002874915,0.002940797,0.001999162,0.002075638,0.001565,0.001558,0,0,1.524e-23,8.299e-24
step1000,1000,MLP_OUT,v,hidden,4096,256-512,2.516582e+07,0.0005985436,0.0006612988,0.0008876324,0.001392529,0.001459744,0.001834688,0.00192917,0.001565,0.001558,0,0,1.524e-23,8.299e-24
step1000,1000,MLP_OUT,v,hidden,4096,512-1024,5.033165e+07,6.123785e-05,0.0001004095,0.0003492037,0.0002982264,0.0003641078,0.001772424,0.001794253,0.001565,0.001558,0,0,1.524e-23,8.299e-24
step2000,2000,Q,u,head,1024,spike,786432,0.03346815,0.03373178,0.008441925,0.02738449,0.02765346,0.005668822,0.004987081,0.001565,0.001536,0,4.305158e-05,1.524e-23,1.178e-24
step2000,2000,Q,u,head,1024,32-64,786432,0.006842762,0.007106615,0.005284627,0.01208755,0.01235653,0.002572196,0.003362383,0.001565,0.001536,0,0,1.524e-23,1.178e-24
step2000,2000,Q,u,head,1024,64-128,1572864,0.001560042,0.001823895,0.004830043,0.006323328,0.00658718,0.001934596,0.002517973,0.001565,0.001536,0,0,1.524e-23,1.178e-24
step2000,2000,Q,u,head,1024,128-256,3145728,0.0003021854,0.0005145074,0.001656532,0.001726935,0.001990788,0.001818793,0.001961935,0.001565,0.001536,0,0,1.524e-23,1.178e-24
step2000,2000,Q,u,head,1024,256-512,6291456,0.0001993537,0.0003666174,0.0002074242,0.000169531,0.0002805322,0.0017717,0.001783553,0.001565,0.001536,0,0,1.524e-23,1.178e-24
step2000,2000,Q,u,head,1024,512-1024,1.258291e+07,0.000224976,0.0001906484,0.001616875,0.00146388,0.001727733,0.001752422,0.001913377,0.001565,0.001536,0,0,1.524e-23,1.178e-24
step2000,2000,Q,v,residual,1024,spike,786432,0.001001578,0.001246431,0.003107707,0.003748998,0.003983195,0.001998901,0.002157847,0.001565,0.001536,0,0,1.524e-23,1.178e-24
step2000,2000,Q,v,residual,1024,32-64,786432,0.001797189,0.002061042,0.001847585,0.003205202,0.003450055,0.001910255,0.002049764,0.001565,0.001536,0,0,1.524e-23,1.178e-24
step2000,2000,Q,v,residual,1024,64-128,1572864,0.0004055535,0.0005534279,0.001223246,0.001503211,0.001748064,0.001791999,0.001911436,0.001565,0.001536,0,0,1.524e-23,1.178e-24
step2000,2000,Q,v,residual,1024,128-256,3145728,0.0006045256,0.0003853142,0.001259486,0.0007223984,0.0009862512,0.001721836,0.001805215,0.001565,0.001536,0,0,1.524e-23,1.178e-24
step2000,2000,Q,v,residual,1024,256-512,6291456,0.0002341911,0.0004978217,0.0005435944,0.0003864034,0.0001770044,0.001764184,0.001732395,0.001565,0.001536,0,0,1.524e-23,1.178e-24
step2000,2000,Q,v,residual,1024,512-1024,1.258291e+07,0.0002781732,0.0002899171,0.0003861586,0.0001406571,0.0004045098,0.001746041,0.001786595,0.001565,0.001536,0,0,1.524e-23,1.178e-24
step2000,2000,K,u,head,1024,spike,786432,0.02773212,0.02799575,0.006871541,0.02282338,0.02309236,0.004951295,0.003960019,0.001565,0.001536,3.451393e-06,6.811959e-05,1.524e-23,1.178e-24
step2000,2000,K,u,head,1024,32-64,786432,0.004873957,0.005142936,0.003415426,0.00807491,0.008338762,0.002434685,0.002856663,0.001565,0.001536,0,0,1.524e-23,1.178e-24
step2000,2000,K,u,head,1024,64-128,1572864,0.0007964671,0.00106032,0.003583908,0.004153615,0.004422594,0.001807258,0.00225049,0.001565,0.001536,0,0,1.524e-23,1.178e-24
step2000,2000,K,u,head,1024,128-256,3145728,0.0006637216,0.0008204481,0.00116539,0.001566673,0.001824467,0.00177061,0.00189427,0.001565,0.001536,0,0,1.524e-23,1.178e-24
step2000,2000,K,u,head,1024,256-512,6291456,0.0001955131,0.0002031327,0.0003546079,0.0001793548,0.0004429854,0.001754897,0.001768453,0.001565,0.001536,0,0,1.524e-23,1.178e-24
step2000,2000,K,u,head,1024,512-1024,1.258291e+07,0.00021258,0.0004764328,0.001014392,0.001144455,0.001413434,0.00178353,0.001869145,0.001565,0.001536,0,0,1.524e-23,1.178e-24
step2000,2000,K,v,residual,1024,spike,786432,0.001959437,0.001693954,0.005443573,0.003498508,0.003749619,0.00169972,0.002183823,0.001565,0.001536,0,0,1.524e-23,1.178e-24
step2000,2000,K,v,residual,1024,32-64,786432,0.001057402,0.0007937713,0.002855937,0.002036244,0.002300096,0.001747495,0.001957666,0.001565,0.001536,0,0,1.524e-23,1.178e-24
step2000,2000,K,v,residual,1024,64-128,1572864,0.0007137692,0.0005383181,0.001188914,0.0008756933,0.001120546,0.001737685,0.001872381,0.001565,0.001536,0,0,1.524e-23,1.178e-24
step2000,2000,K,v,residual,1024,128-256,3145728,0.0006604655,0.0004093544,0.0007696152,0.0002311912,0.000367571,0.00170131,0.001807939,0.001565,0.001536,0,0,1.524e-23,1.178e-24
step2000,2000,K,v,residual,1024,256-512,6291456,0.0004656652,0.0001966863,0.0003040632,0.0004406952,0.0001958422,0.001732281,0.001735551,0.001565,0.001536,0,0,1.524e-23,1.178e-24
step2000,2000,K,v,residual,1024,512-1024,1.258291e+07,0.0003236472,0.0001687643,0.0002396901,0.000108962,0.0002353228,0.001757849,0.001772835,0.001565,0.001536,0,0,1.524e-23,1.178e-24
step2000,2000,V,u,head,1024,spike,786432,0.01151789,0.01178687,0.006003062,0.005527542,0.005796521,0.003374372,0.002509707,0.001565,0.001536,0,0,1.524e-23,1.178e-24
step2000,2000,V,u,head,1024,32-64,786432,0.002670334,0.002939313,0.00151062,0.004180954,0.004449933,0.00214277,0.002272106,0.001565,0.001536,0,0,1.524e-23,1.178e-24
step2000,2000,V,u,head,1024,64-128,1572864,0.0007990173,0.001011365,0.001791636,0.002027307,0.002278418,0.001860482,0.001980918,0.001565,0.001536,0,0,1.524e-23,1.178e-24
step2000,2000,V,u,head,1024,128-256,3145728,0.0005592659,0.0003154964,0.001050631,0.0004931625,0.0007549958,0.001761936,0.001827649,0.001565,0.001536,0,0,1.524e-23,1.178e-24
step2000,2000,V,u,head,1024,256-512,6291456,0.0005046987,0.0002535876,0.000494957,0.0002289795,0.0002560768,0.001736618,0.001767363,0.001565,0.001536,0,0,1.524e-23,1.178e-24
step2000,2000,V,u,head,1024,512-1024,1.258291e+07,0.0002227723,0.0002337607,0.0004619757,0.0002981361,0.0005492472,0.001771984,0.001795122,0.001565,0.001536,0,0,1.524e-23,1.178e-24
step2000,2000,V,v,residual,1024,spike,786432,0.002838566,0.003089677,0.001358032,0.00215339,0.002362789,0.001962208,0.002048129,0.001565,0.001536,0,0,1.524e-23,1.178e-24
step2000,2000,V,v,residual,1024,32-64,786432,0.00127034,0.001539319,0.001017253,0.001514605,0.001709701,0.001819974,0.001878103,0.001565,0.001536,0,0,1.524e-23,1.178e-24
step2000,2000,V,v,residual,1024,64-128,1572864,0.0002782679,0.000529379,0.0009581248,0.0009950459,0.001264025,0.001782644,0.001828966,0.001565,0.001536,0,0,1.524e-23,1.178e-24
step2000,2000,V,v,residual,1024,128-256,3145728,0.0003530799,0.0002215934,0.0006777445,0.0003704762,0.0004793173,0.00174209,0.001779465,0.001565,0.001536,0,0,1.524e-23,1.178e-24
step2000,2000,V,v,residual,1024,256-512,6291456,0.0003692859,0.0001558897,0.0003705025,0.0005796634,0.0003845683,0.001760142,0.001740183,0.001565,0.001536,0,0,1.524e-23,1.178e-24
step2000,2000,V,v,residual,1024,512-1024,1.258291e+07,0.0003831649,0.0002743239,0.000300169,0.0002359783,0.0002853006,0.001766455,0.001778557,0.001565,0.001536,0,0,1.524e-23,1.178e-24
step2000,2000,O,u,residual,1024,spike,786432,0.0009765168,0.0007075378,0.006874084,0.006040368,0.006291479,0.001683008,0.002416338,0.001565,0.001536,0,0,1.524e-23,1.178e-24
step2000,2000,O,u,residual,1024,32-64,786432,0.0007315721,0.0009657694,0.004121145,0.004295395,0.004564374,0.001819611,0.002247038,0.001565,0.001536,0,0,1.524e-23,1.178e-24
step2000,2000,O,u,residual,1024,64-128,1572864,0.0006909666,0.0008968615,0.002169291,0.002499729,0.002763582,0.001840046,0.0019801,0.001565,0.001536,0,0,1.524e-23,1.178e-24
step2000,2000,O,u,residual,1024,128-256,3145728,0.0006603063,0.0009292852,0.0007530848,0.0009190699,0.001188049,0.001785778,0.001899265,0.001565,0.001536,0,0,1.524e-23,1.178e-24
step2000,2000,O,u,residual,1024,256-512,6291456,0.0002446076,0.0005084604,0.0003636678,0.0002867137,0.0004590141,0.001766704,0.001736686,0.001565,0.001536,0,0,1.524e-23,1.178e-24
step2000,2000,O,u,residual,1024,512-1024,1.258291e+07,0.0001841891,0.0002818993,0.0006496906,0.0005759643,0.0008138124,0.001761993,0.001824992,0.001565,0.001536,0,0,1.524e-23,1.178e-24
step2000,2000,O,v,head,1024,spike,786432,0.05024724,0.05051622,0.03097661,0.08052499,0.08078862,0.00765973,0.0100619,0.001565,0.001536,3.99635e-06,4.850115e-05,1.524e-23,1.178e-24
step2000,2000,O,v,head,1024,32-64,786432,0.03505634,0.03531997,0.01385371,0.04880783,0.0490768,0.005855197,0.007327307,0.001565,0.001536,0,7.26609e-07,1.524e-23,1.178e-24
step2000,2000,O,v,head,1024,64-128,1572864,0.01879442,0.0190634,0.008454005,0.02724843,0.02751741,0.003934679,0.004880179,0.001565,0.001536,0,0,1.524e-23,1.178e-24
step2000,2000,O,v,head,1024,128-256,3145728,0.006953921,0.0072229,0.001527468,0.008352961,0.00862194,0.002452442,0.002614884,0.001565,0.001536,0,0,1.524e-23,1.178e-24
step2000,2000,O,v,head,1024,256-512,6291456,0.001560416,0.001829395,0.0007414818,0.00201415,0.002278003,0.001880055,0.001925196,0.001565,0.001536,0,0,1.524e-23,1.178e-24
step2000,2000,O,v,head,1024,512-1024,1.258291e+07,0.004228656,0.004492287,0.002045949,0.006268883,0.006532514,0.002134323,0.002297447,0.001565,0.001536,0,0,1.524e-23,1.178e-24
step2000,2000,MLP_IN,u,hidden,4096,spike,3145728,0.008339341,0.00827346,0.009471893,0.001316434,0.001383649,0.002235049,0.001934869,0.001565,0.001558,0,0,1.524e-23,8.299e-24
step2000,2000,MLP_IN,u,hidden,4096,32-64,3145728,0.000614212,0.000681427,0.0006361008,0.0009991785,0.001066394,0.001818248,0.001888048,0.001565,0.001558,0,0,1.524e-23,8.299e-24
step2000,2000,MLP_IN,u,hidden,4096,64-128,6291456,0.0001965545,0.0001933047,0.0009133021,0.0009122352,0.0009794502,0.001777036,0.001898993,0.001565,0.001558,0,0,1.524e-23,8.299e-24
step2000,2000,MLP_IN,u,hidden,4096,128-256,1.258291e+07,0.0001948558,0.0001460958,0.0006186167,0.0005680621,0.0006339929,0.001768146,0.00182741,0.001565,0.001558,0,0,1.524e-23,8.299e-24
step2000,2000,MLP_IN,u,hidden,4096,256-512,2.516582e+07,0.0001583651,9.248365e-05,0.0005385478,0.0004137259,0.0004796566,0.001785119,0.001804664,0.001565,0.001558,0,0,1.524e-23,8.299e-24
step2000,2000,MLP_IN,u,hidden,4096,512-1024,5.033165e+07,0.0001058023,9.89713e-05,0.0001155138,9.271495e-05,8.628992e-05,0.001773312,0.001773426,0.001565,0.001558,0,0,1.524e-23,8.299e-24
step2000,2000,MLP_IN,v,residual,1024,spike,786432,0.003829525,0.003578414,0.006969452,0.003181998,0.003445629,0.001811981,0.002068837,0.001565,0.001536,0,0,1.524e-23,1.178e-24
step2000,2000,MLP_IN,v,residual,1024,32-64,786432,0.001987042,0.002231895,0.001200358,0.002436861,0.002700491,0.001913343,0.001948765,0.001565,0.001536,0,0,1.524e-23,1.178e-24
step2000,2000,MLP_IN,v,residual,1024,64-128,1572864,0.0004743398,0.0007433187,0.001009623,0.001483963,0.001752942,0.001798176,0.001906804,0.001565,0.001536,0,0,1.524e-23,1.178e-24
step2000,2000,MLP_IN,v,residual,1024,128-256,3145728,0.0002668815,0.0004619766,0.0005048116,0.0005399502,0.0007421176,0.001786777,0.001784824,0.001565,0.001536,0,0,1.524e-23,1.178e-24
step2000,2000,MLP_IN,v,residual,1024,256-512,6291456,0.0005176505,0.0003026326,0.0004545848,0.0003434204,0.0002487203,0.001728285,0.001744656,0.001565,0.001536,0,0,1.524e-23,1.178e-24
step2000,2000,MLP_IN,v,residual,1024,512-1024,1.258291e+07,0.0002193808,0.000242689,0.0005020301,0.0003271664,0.0005238941,0.001751684,0.001793895,0.001565,0.001536,0,0,1.524e-23,1.178e-24
step2000,2000,MLP_OUT,u,residual,1024,spike,786432,0.00211584,0.001862193,0.01196925,0.009940296,0.01020415,0.001548949,0.003035227,0.001565,0.001536,0,0,1.524e-23,1.178e-24
step2000,2000,MLP_OUT,u,residual,1024,32-64,786432,0.001952284,0.002203395,0.005299886,0.007030533,0.007299512,0.002010527,0.002554394,0.001565,0.001536,0,0,1.524e-23,1.178e-24
step2000,2000,MLP_OUT,u,residual,1024,64-128,1572864,0.002312247,0.002575878,0.003367106,0.005436485,0.005700115,0.001965296,0.002271652,0.001565,0.001536,0,0,1.524e-23,1.178e-24
step2000,2000,MLP_OUT,u,residual,1024,128-256,3145728,0.001492613,0.001743724,0.0008888245,0.00223341,0.002497041,0.001924469,0.002012389,0.001565,0.001536,0,0,1.524e-23,1.178e-24
step2000,2000,MLP_OUT,u,residual,1024,256-512,6291456,0.0001984772,0.0004495882,0.0003139178,0.0003635546,0.0006325335,0.001790569,0.001782122,0.001565,0.001536,0,0,1.524e-23,1.178e-24
step2000,2000,MLP_OUT,u,residual,1024,512-1024,1.258291e+07,0.0006621241,0.000877142,0.001279593,0.001796236,0.002060088,0.00186172,0.001972732,0.001565,0.001536,0,0,1.524e-23,1.178e-24
step2000,2000,MLP_OUT,v,hidden,4096,spike,3145728,0.005600125,0.005666055,0.0008935928,0.006306694,0.006373909,0.002494176,0.002418427,0.001565,0.001558,4.995437e-07,8.628482e-07,1.524e-23,8.299e-24
step2000,2000,MLP_OUT,v,hidden,4096,32-64,3145728,0.002874913,0.002936093,0.002742767,0.005344437,0.005411652,0.00213623,0.002329963,0.001565,0.001558,0,0,1.524e-23,8.299e-24
step2000,2000,MLP_OUT,v,hidden,4096,64-128,6291456,0.003058974,0.003124856,0.001396497,0.004139096,0.004205026,0.002081258,0.00223455,0.001565,0.001558,0,0,1.524e-23,8.299e-24
step2000,2000,MLP_OUT,v,hidden,4096,128-256,1.258291e+07,0.002585377,0.002652592,0.0003547668,0.002870788,0.002936719,0.002016737,0.002081133,0.001565,0.001558,0,0,1.524e-23,8.299e-24
step2000,2000,MLP_OUT,v,hidden,4096,256-512,2.516582e+07,0.001626204,0.001692134,0.00025479,0.001481698,0.001548913,0.001941516,0.001933643,0.001565,0.001558,0,0,1.524e-23,8.299e-24
step2000,2000,MLP_OUT,v,hidden,4096,512-1024,5.033165e+07,0.0005080943,0.0005739758,0.0002563993,0.0002907177,0.0003579327,0.001813029,0.001797423,0.001565,0.001558,0,0,1.524e-23,8.299e-24
step3000,3000,Q,u,head,1024,spike,786432,0.03714552,0.03740915,0.007867177,0.0393283,0.03959728,0.005720956,0.00557073,0.001565,0.001536,0,8.628482e-05,1.524e-23,1.178e-24
step3000,3000,Q,u,head,1024,32-64,786432,0.01560979,0.01587877,0.00186793,0.0169556,0.01721923,0.003401075,0.003840492,0.001565,0.001536,0,0,1.524e-23,1.178e-24
step3000,3000,Q,u,head,1024,64-128,1572864,0.00564375,0.00590738,0.003868739,0.009371345,0.009634975,0.002304985,0.002765837,0.001565,0.001536,0,0,1.524e-23,1.178e-24
step3000,3000,Q,u,head,1024,128-256,3145728,0.002323581,0.002574693,0.001511256,0.003586815,0.003855794,0.001960981,0.002075513,0.001565,0.001536,0,0,1.524e-23,1.178e-24
step3000,3000,Q,u,head,1024,256-512,6291456,0.0003600761,0.0006237067,0.0002169609,0.000577037,0.0008406676,0.001782894,0.001797222,0.001565,0.001536,0,0,1.524e-23,1.178e-24
step3000,3000,Q,u,head,1024,512-1024,1.258291e+07,0.0007018944,0.0009657472,0.001844883,0.002487375,0.002738486,0.001870394,0.002015761,0.001565,0.001536,0,0,1.524e-23,1.178e-24
step3000,3000,Q,v,residual,1024,spike,786432,0.00259072,0.002854351,0.002999624,0.005362734,0.005626364,0.002063388,0.002343677,0.001565,0.001536,0,0,1.524e-23,1.178e-24
step3000,3000,Q,v,residual,1024,32-64,786432,0.0032845,0.003553479,0.001249949,0.004129241,0.004393094,0.002134414,0.002182188,0.001565,0.001536,0,0,1.524e-23,1.178e-24
step3000,3000,Q,v,residual,1024,64-128,1572864,0.001093333,0.00132753,0.001585007,0.002511388,0.002780367,0.001876831,0.001973924,0.001565,0.001536,0,0,1.524e-23,1.178e-24
step3000,3000,Q,v,residual,1024,128-256,3145728,0.0003352461,0.0004924648,0.0008122126,0.0007788697,0.001001766,0.00177279,0.001836504,0.001565,0.001536,0,0,1.524e-23,1.178e-24
step3000,3000,Q,v,residual,1024,256-512,6291456,0.0004234413,0.0002064813,0.000430584,0.0001681005,0.0003251818,0.00173219,0.001778194,0.001565,0.001536,0,0,1.524e-23,1.178e-24
step3000,3000,Q,v,residual,1024,512-1024,1.258291e+07,0.0003282113,0.0002004342,0.0006296635,0.0003401001,0.000555118,0.001783133,0.001801184,0.001565,0.001536,0,0,1.524e-23,1.178e-24
step3000,3000,K,u,head,1024,spike,786432,0.0368111,0.03707473,0.0087382,0.04073211,0.04100109,0.005677904,0.004865919,0.001565,0.001536,4.178002e-06,0.0001464117,1.524e-23,1.178e-24
step3000,3000,K,u,head,1024,32-64,786432,0.01256057,0.01282955,0.001069387,0.01299418,0.01326316,0.003220331,0.003348941,0.001565,0.001536,0,0,1.524e-23,1.178e-24
step3000,3000,K,u,head,1024,64-128,1572864,0.003491765,0.003760744,0.004370372,0.00784815,0.008117129,0.00217574,0.002647218,0.001565,0.001536,0,0,1.524e-23,1.178e-24
step3000,3000,K,u,head,1024,128-256,3145728,0.001184048,0.001428901,0.001646678,0.002681881,0.002945734,0.001889047,0.002022925,0.001565,0.001536,0,0,1.524e-23,1.178e-24
step3000,3000,K,u,head,1024,256-512,6291456,0.0003128665,0.0005577194,0.0007805824,0.000620083,0.0008665029,0.001792068,0.001805737,0.001565,0.001536,0,0,1.524e-23,1.178e-24
step3000,3000,K,u,head,1024,512-1024,1.258291e+07,0.0005838717,0.0008475022,0.001630545,0.002214416,0.002478047,0.001836345,0.001954374,0.001565,0.001536,0,0,1.524e-23,1.178e-24
step3000,3000,K,v,residual,1024,spike,786432,0.001123208,0.0008783552,0.004653931,0.0036168,0.003880653,0.001730419,0.00227247,0.001565,0.001536,0,0,1.524e-23,1.178e-24
step3000,3000,K,v,residual,1024,32-64,786432,0.0009186114,0.001182242,0.002203623,0.002773331,0.00304231,0.001861572,0.002125876,0.001565,0.001536,0,0,1.524e-23,1.178e-24
step3000,3000,K,v,residual,1024,64-128,1572864,0.0005972339,0.000501379,0.002524058,0.002455824,0.002706935,0.00177883,0.001939138,0.001565,0.001536,0,0,1.524e-23,1.178e-24
step3000,3000,K,v,residual,1024,128-256,3145728,0.0002608416,0.0004559367,0.0003875097,0.0004028142,0.0006717931,0.001781464,0.00178932,0.001565,0.001536,0,0,1.524e-23,1.178e-24
step3000,3000,K,v,residual,1024,256-512,6291456,0.0003546107,0.0002313021,0.0004065832,0.0002845743,0.0003335566,0.001755011,0.001735165,0.001565,0.001536,0,0,1.524e-23,1.178e-24
step3000,3000,K,v,residual,1024,512-1024,1.258291e+07,0.0004228849,0.0001780978,0.0007834435,0.0004009068,0.0006698858,0.001754454,0.001804636,0.001565,0.001536,0,0,1.524e-23,1.178e-24
step3000,3000,V,u,head,1024,spike,786432,0.02497741,0.02524639,0.012942,0.01235204,0.01262101,0.005039215,0.003494444,0.001565,0.001536,0,0,1.524e-23,1.178e-24
step3000,3000,V,u,head,1024,32-64,786432,0.008703063,0.008966916,0.001720428,0.008283025,0.008552004,0.002980368,0.002795991,0.001565,0.001536,0,0,1.524e-23,1.178e-24
step3000,3000,V,u,head,1024,64-128,1572864,0.002429231,0.002692862,0.00190417,0.0040841,0.004347953,0.002043134,0.002286457,0.001565,0.001536,0,0,1.524e-23,1.178e-24
step3000,3000,V,u,head,1024,128-256,3145728,0.0004496024,0.0006837997,0.001638412,0.001517024,0.001786003,0.001777649,0.001923743,0.001565,0.001536,0,0,1.524e-23,1.178e-24
step3000,3000,V,u,head,1024,256-512,6291456,0.0002031389,0.0003654199,0.000462691,0.000363781,0.000237847,0.001768475,0.001739911,0.001565,0.001536,0,0,1.524e-23,1.178e-24
step3000,3000,V,u,head,1024,512-1024,1.258291e+07,0.0002458792,0.0005097319,0.0005992254,0.0007434532,0.001007084,0.001806679,0.001847324,0.001565,0.001536,0,0,1.524e-23,1.178e-24
step3000,3000,V,v,residual,1024,spike,786432,0.007506098,0.007775077,0.002816518,0.004781628,0.005045259,0.002496447,0.002217611,0.001565,0.001536,0,0,1.524e-23,1.178e-24
step3000,3000,V,v,residual,1024,32-64,786432,0.002640311,0.002903942,0.001051585,0.003038238,0.00330209,0.002051944,0.002176739,0.001565,0.001536,0,0,1.524e-23,1.178e-24
step3000,3000,V,v,residual,1024,64-128,1572864,0.0009345945,0.001143993,0.001075745,0.001754171,0.00202315,0.001870292,0.001949219,0.001565,0.001536,0,0,1.524e-23,1.178e-24
step3000,3000,V,v,residual,1024,128-256,3145728,0.0004595219,0.0002691312,0.00105985,0.0006003281,0.0008641809,0.001736323,0.001829874,0.001565,0.001536,0,0,1.524e-23,1.178e-24
step3000,3000,V,v,residual,1024,256-512,6291456,0.0005038122,0.0002348332,0.0004793803,0.0003274345,0.0002783176,0.001760619,0.001730533,0.001565,0.001536,0,0,1.524e-23,1.178e-24
step3000,3000,V,v,residual,1024,512-1024,1.258291e+07,0.0001314816,0.0003935533,0.0005072753,0.0004680058,0.0007318586,0.001785755,0.001791659,0.001565,0.001536,0,0,1.524e-23,1.178e-24
step3000,3000,O,u,residual,1024,spike,786432,0.001249518,0.0009984073,0.00611496,0.005069778,0.005338757,0.001752036,0.002302079,0.001565,0.001536,0,0,1.524e-23,1.178e-24
step3000,3000,O,u,residual,1024,32-64,786432,0.0009312531,0.001195106,0.002883911,0.003647318,0.00391117,0.001841046,0.002191634,0.001565,0.001536,0,0,1.524e-23,1.178e-24
step3000,3000,O,u,residual,1024,64-128,1572864,0.0006985566,0.0009624093,0.002189,0.002497575,0.002742428,0.001827967,0.002030327,0.001565,0.001536,0,0,1.524e-23,1.178e-24
step3000,3000,O,u,residual,1024,128-256,3145728,0.0002160687,0.0004009508,0.001266797,0.001093449,0.001338302,0.001792862,0.001854897,0.001565,0.001536,0,0,1.524e-23,1.178e-24
step3000,3000,O,u,residual,1024,256-512,6291456,0.0002669831,0.000346014,0.0002524058,0.0002809547,0.0002139561,0.001769202,0.001755714,0.001565,0.001536,0,0,1.524e-23,1.178e-24
step3000,3000,O,u,residual,1024,512-1024,1.258291e+07,0.0002306547,0.000464852,0.0005838076,0.0006519616,0.0009209406,0.001797721,0.001816965,0.001565,0.001536,0,0,1.524e-23,1.178e-24
step3000,3000,O,v,head,1024,spike,786432,0.05781178,0.05808076,0.03182983,0.0891373,0.08940451,0.008429209,0.01122811,0.001565,0.001536,1.998175e-06,3.778367e-05,1.524e-23,1.178e-24
step3000,3000,O,v,head,1024,32-64,786432,0.04517115,0.04544013,0.01106517,0.05585661,0.05612024,0.007053557,0.008201417,0.001565,0.001536,1.271566e-06,0,1.524e-23,1.178e-24
step3000,3000,O,v,head,1024,64-128,1572864,0.02779329,0.02806227,0.00499471,0.032788,0.03305698,0.004858834,0.00533885,0.001565,0.001536,0,0,1.524e-23,1.178e-24
step3000,3000,O,v,head,1024,128-256,3145728,0.01098415,0.01125313,0.0006809235,0.01094268,0.01120631,0.002920287,0.002874919,0.001565,0.001536,0,0,1.524e-23,1.178e-24
step3000,3000,O,v,head,1024,256-512,6291456,0.002734138,0.002985249,0.0007357597,0.002332733,0.002601712,0.001989138,0.001944769,0.001565,0.001536,0,0,1.524e-23,1.178e-24
step3000,3000,O,v,head,1024,512-1024,1.258291e+07,0.00629344,0.006557071,0.001520952,0.007770046,0.008033677,0.00236702,0.002450602,0.001565,0.001536,0,0,1.524e-23,1.178e-24
step3000,3000,MLP_IN,u,hidden,4096,spike,3145728,0.007436529,0.007443483,0.009104729,0.001668199,0.001734081,0.002374513,0.001948629,0.001565,0.001558,2.633958e-06,3.178914e-07,1.524e-23,8.299e-24
step3000,3000,MLP_IN,u,hidden,4096,32-64,3145728,0.001489743,0.001548273,0.0005524953,0.001509887,0.001571067,0.001887594,0.001917203,0.001565,0.001558,0,0,1.524e-23,8.299e-24
step3000,3000,MLP_IN,u,hidden,4096,64-128,6291456,0.0004766684,0.0005425991,0.0006663005,0.001021693,0.001087624,0.001809756,0.001893407,0.001565,0.001558,0,0,1.524e-23,8.299e-24
step3000,3000,MLP_IN,u,hidden,4096,128-256,1.258291e+07,0.0001669287,0.0002236991,0.0006624858,0.0006955127,0.0007627277,0.001775117,0.001855407,0.001565,0.001558,0,0,1.524e-23,8.299e-24
step3000,3000,MLP_IN,u,hidden,4096,256-512,2.516582e+07,0.0001074536,9.449833e-05,0.0004399618,0.0004141232,0.0004800539,0.001774487,0.001813281,0.001565,0.001558,0,0,1.524e-23,8.299e-24
step3000,3000,MLP_IN,u,hidden,4096,512-1024,5.033165e+07,5.791652e-05,8.030833e-05,0.0001188318,0.0001348393,0.0001871596,0.001773968,0.001782593,0.001565,0.001558,0,0,1.524e-23,8.299e-24
step3000,3000,MLP_IN,v,residual,1024,spike,786432,0.001794984,0.001531131,0.005872091,0.004228002,0.004496981,0.001858847,0.002284822,0.001565,0.001536,0,0,1.524e-23,1.178e-24
step3000,3000,MLP_IN,v,residual,1024,32-64,786432,0.003874892,0.004126003,0.001317342,0.002638545,0.002907524,0.002173106,0.002087729,0.001565,0.001536,0,0,1.524e-23,1.178e-24
step3000,3000,MLP_IN,v,residual,1024,64-128,1572864,0.002904302,0.003173281,0.0009091695,0.002270426,0.002539405,0.002003715,0.00196357,0.001565,0.001536,0,0,1.524e-23,1.178e-24
step3000,3000,MLP_IN,v,residual,1024,128-256,3145728,0.0006938097,0.0009177562,0.0006418228,0.001024395,0.001288248,0.001838957,0.001845723,0.001565,0.001536,0,0,1.524e-23,1.178e-24
step3000,3000,MLP_IN,v,residual,1024,256-512,6291456,0.000313944,0.000205103,0.0003986359,0.0002309544,0.0004081022,0.001744974,0.001759597,0.001565,0.001536,0,0,1.524e-23,1.178e-24
step3000,3000,MLP_IN,v,residual,1024,512-1024,1.258291e+07,0.0003099686,0.0005441659,0.0002054373,0.0004407466,0.0007045994,0.001799992,0.00182808,0.001565,0.001536,0,0,1.524e-23,1.178e-24
step3000,3000,MLP_OUT,u,residual,1024,spike,786432,0.0004878143,0.0004911212,0.01031876,0.009986147,0.01024978,0.001837231,0.002887544,0.001565,0.001536,0,0,1.524e-23,1.178e-24
step3000,3000,MLP_OUT,u,residual,1024,32-64,786432,0.002316062,0.002579693,0.005074819,0.007146667,0.007410519,0.001934415,0.002588,0.001565,0.001536,0,0,1.524e-23,1.178e-24
step3000,3000,MLP_OUT,u,residual,1024,64-128,1572864,0.002188832,0.002452684,0.00231425,0.004294123,0.004563102,0.001992453,0.002298446,0.001565,0.001536,0,0,1.524e-23,1.178e-24
step3000,3000,MLP_OUT,u,residual,1024,128-256,3145728,0.001468136,0.001719247,0.0009174347,0.002185409,0.002449039,0.00189318,0.002001127,0.001565,0.001536,0,0,1.524e-23,1.178e-24
step3000,3000,MLP_OUT,u,residual,1024,256-512,6291456,0.0003138149,0.000489266,0.0003275871,0.0003075501,0.0005714029,0.001822017,0.001771723,0.001565,0.001536,0,0,1.524e-23,1.178e-24
step3000,3000,MLP_OUT,u,residual,1024,512-1024,1.258291e+07,0.0007434187,0.0009224232,0.001491865,0.001634405,0.001903384,0.001877614,0.001948743,0.001565,0.001536,0,0,1.524e-23,1.178e-24
step3000,3000,MLP_OUT,v,hidden,4096,spike,3145728,0.007387843,0.007455058,0.002185822,0.005202021,0.005269236,0.00274631,0.002362024,0.001565,0.001558,9.990874e-07,1.771109e-06,1.524e-23,8.299e-24
step3000,3000,MLP_OUT,v,hidden,4096,32-64,3145728,0.003169919,0.0032358,0.0010252,0.003993501,0.004059432,0.002093133,0.002267156,0.001565,0.001558,0,0,1.524e-23,8.299e-24
step3000,3000,MLP_OUT,v,hidden,4096,64-128,6291456,0.002481029,0.002548244,0.001144568,0.003415808,0.003481689,0.001994882,0.002137116,0.001565,0.001558,0,0,1.524e-23,8.299e-24
step3000,3000,MLP_OUT,v,hidden,4096,128-256,1.258291e+07,0.002157832,0.002223713,0.0003978411,0.002342135,0.002408066,0.001976819,0.002020053,0.001565,0.001558,0,0,1.524e-23,8.299e-24
step3000,3000,MLP_OUT,v,hidden,4096,256-512,2.516582e+07,0.001539414,0.001605295,0.0005796353,0.001025802,0.001093017,0.001923743,0.001885687,0.001565,0.001558,0,0,1.524e-23,8.299e-24
step3000,3000,MLP_OUT,v,hidden,4096,512-1024,5.033165e+07,0.0005613304,0.0006240856,0.0003626943,0.0002704905,0.000330334,0.001817976,0.001798346,0.001565,0.001558,0,0,1.524e-23,8.299e-24
step4000,4000,Q,u,head,1024,spike,786432,0.0394852,0.03974883,0.01082357,0.04717005,0.04743903,0.005880992,0.005989438,0.001565,0.001536,0,0.0001158941,1.524e-23,1.178e-24
step4000,4000,Q,u,head,1024,32-64,786432,0.02025482,0.0205238,0.001057943,0.02057271,0.02084169,0.00388536,0.004138947,0.001565,0.001536,0,0,1.524e-23,1.178e-24
step4000,4000,Q,u,head,1024,64-128,1572864,0.009999639,0.01026862,0.002269745,0.01205004,0.01231902,0.00276947,0.002980187,0.001565,0.001536,0,0,1.524e-23,1.178e-24
step4000,4000,Q,u,head,1024,128-256,3145728,0.004329904,0.004593535,0.001172384,0.00543871,0.00570234,0.002160118,0.002194632,0.001565,0.001536,0,0,1.524e-23,1.178e-24
step4000,4000,Q,u,head,1024,256-512,6291456,0.001203106,0.001472085,0.0007158915,0.0006230574,0.0008869101,0.0018613,0.001831827,0.001565,0.001536,0,0,1.524e-23,1.178e-24
step4000,4000,Q,u,head,1024,512-1024,1.258291e+07,0.001878405,0.002142036,0.001625299,0.003401661,0.003665292,0.001993191,0.002117645,0.001565,0.001536,0,0,1.524e-23,1.178e-24
step4000,4000,Q,v,residual,1024,spike,786432,0.003072644,0.003336274,0.004947662,0.006955895,0.007207007,0.002129328,0.002600352,0.001565,0.001536,0,0,1.524e-23,1.178e-24
step4000,4000,Q,v,residual,1024,32-64,786432,0.004449254,0.004718233,0.001438141,0.005764548,0.006028179,0.002195086,0.002322061,0.001565,0.001536,0,0,1.524e-23,1.178e-24
step4000,4000,Q,v,residual,1024,64-128,1572864,0.002148992,0.002417971,0.001890182,0.003676564,0.003940416,0.001958575,0.002149854,0.001565,0.001536,0,0,1.524e-23,1.178e-24
step4000,4000,Q,v,residual,1024,128-256,3145728,0.0003873391,0.0004192777,0.001296997,0.001300078,0.001555913,0.001783326,0.001918429,0.001565,0.001536,0,0,1.524e-23,1.178e-24
step4000,4000,Q,v,residual,1024,256-512,6291456,0.0003616991,0.0001460711,0.0006305377,0.0002735572,0.0004844666,0.001733576,0.001773993,0.001565,0.001536,0,0,1.524e-23,1.178e-24
step4000,4000,Q,v,residual,1024,512-1024,1.258291e+07,0.0001372159,0.0004061948,0.0007760525,0.0007625755,0.001013687,0.001773868,0.001852342,0.001565,0.001536,0,0,1.524e-23,1.178e-24
step4000,4000,K,u,head,1024,spike,786432,0.04242125,0.04268488,0.01524734,0.0545731,0.05484208,0.00615565,0.005488804,0.001565,0.001536,5.63122e-06,0.0001923697,1.524e-23,1.178e-24
step4000,4000,K,u,head,1024,32-64,786432,0.01872435,0.01898798,0.001276652,0.01913965,0.01940863,0.003719875,0.004002162,0.001565,0.001536,0,0,1.524e-23,1.178e-24
step4000,4000,K,u,head,1024,64-128,1572864,0.008652415,0.008921394,0.002798716,0.01104027,0.01130391,0.002635229,0.002879097,0.001565,0.001536,0,0,1.524e-23,1.178e-24
step4000,4000,K,u,head,1024,128-256,3145728,0.002754361,0.003018213,0.001956622,0.004676406,0.004940037,0.002061299,0.002165522,0.001565,0.001536,0,0,1.524e-23,1.178e-24
step4000,4000,K,u,head,1024,256-512,6291456,0.0007292887,0.0009982676,0.000363191,0.000980808,0.001231919,0.001818793,0.001804965,0.001565,0.001536,0,0,1.524e-23,1.178e-24
step4000,4000,K,u,head,1024,512-1024,1.258291e+07,0.001474824,0.001743803,0.001809438,0.003205663,0.003474642,0.001951354,0.00207339,0.001565,0.001536,0,0,1.524e-23,1.178e-24
step4000,4000,K,v,residual,1024,spike,786432,0.0007489065,0.0004799275,0.005952199,0.005281353,0.005544984,0.001744225,0.002465203,0.001565,0.001536,0,0,1.524e-23,1.178e-24
step4000,4000,K,v,residual,1024,32-64,786432,0.002242311,0.002505942,0.002530416,0.002998398,0.003267377,0.001838502,0.002221789,0.001565,0.001536,0,0,1.524e-23,1.178e-24
step4000,4000,K,v,residual,1024,64-128,1572864,0.0004564858,0.0006882138,0.002239863,0.002375331,0.00264431,0.001818157,0.002029056,0.001565,0.001536,0,0,1.524e-23,1.178e-24
step4000,4000,K,v,residual,1024,128-256,3145728,0.0004574815,0.0006724994,0.000799497,0.000775768,0.001026879,0.001740092,0.001851354,0.001565,0.001536,0,0,1.524e-23,1.178e-24
step4000,4000,K,v,residual,1024,256-512,6291456,0.0004944161,0.0002307855,0.0007516543,0.000368154,0.0005831719,0.001752127,0.001773925,0.001565,0.001536,0,0,1.524e-23,1.178e-24
step4000,4000,K,v,residual,1024,512-1024,1.258291e+07,0.0003326002,0.0001772555,0.00056084,0.0003720369,0.0006062342,0.001756464,0.001805385,0.001565,0.001536,0,0,1.524e-23,1.178e-24
step4000,4000,V,u,head,1024,spike,786432,0.0337563,0.03402528,0.01448568,0.01981867,0.02008765,0.006121318,0.004278637,0.001565,0.001536,0,7.26609e-07,1.524e-23,1.178e-24
step4000,4000,V,u,head,1024,32-64,786432,0.01443105,0.01470002,0.003300985,0.01179763,0.01206661,0.003750211,0.003297715,0.001565,0.001536,0,0,1.524e-23,1.178e-24
step4000,4000,V,u,head,1024,64-128,1572864,0.004951523,0.005220502,0.001332601,0.006279673,0.006548652,0.002331507,0.002552123,0.001565,0.001536,0,0,1.524e-23,1.178e-24
step4000,4000,V,u,head,1024,128-256,3145728,0.0007305603,0.0009995392,0.001867612,0.002178941,0.002430052,0.001852626,0.001972108,0.001565,0.001536,0,0,1.524e-23,1.178e-24
step4000,4000,V,u,head,1024,256-512,6291456,0.0003315998,0.0004237922,0.000412941,0.0001804391,0.000395457,0.001798062,0.001763162,0.001565,0.001536,0,0,1.524e-23,1.178e-24
step4000,4000,V,u,head,1024,512-1024,1.258291e+07,0.0005446121,0.0008082426,0.0009820461,0.001477287,0.001746266,0.001827354,0.001910005,0.001565,0.001536,0,0,1.524e-23,1.178e-24
step4000,4000,V,v,residual,1024,spike,786432,0.013485,0.01375398,0.004810333,0.008674667,0.008943646,0.003039405,0.002794357,0.001565,0.001536,0,0,1.524e-23,1.178e-24
step4000,4000,V,v,residual,1024,32-64,786432,0.005919184,0.006188163,0.000928243,0.006090846,0.006359825,0.002312433,0.002429781,0.001565,0.001536,0,0,1.524e-23,1.178e-24
step4000,4000,V,v,residual,1024,64-128,1572864,0.002576623,0.002827734,0.001265844,0.003394665,0.003639518,0.00195812,0.002145404,0.001565,0.001536,0,0,1.524e-23,1.178e-24
step4000,4000,V,v,residual,1024,128-256,3145728,0.0002951523,0.0005590051,0.001420975,0.001424303,0.001688155,0.001782644,0.001902626,0.001565,0.001536,0,0,1.524e-23,1.178e-24
step4000,4000,V,v,residual,1024,256-512,6291456,0.0004237591,0.0001621458,0.0004242261,0.0001808189,0.0003441211,0.001743362,0.001766228,0.001565,0.001536,0,0,1.524e-23,1.178e-24
step4000,4000,V,v,residual,1024,512-1024,1.258291e+07,0.0001994587,0.000452432,0.0008204778,0.0008179987,0.001081629,0.001787186,0.001859858,0.001565,0.001536,0,0,1.524e-23,1.178e-24
step4000,4000,O,u,residual,1024,spike,786432,0.0008875986,0.001156578,0.005062103,0.005505075,0.005768928,0.001788185,0.002311162,0.001565,0.001536,1.271566e-06,1.271566e-06,1.524e-23,1.178e-24
step4000,4000,O,u,residual,1024,32-64,786432,0.0005679744,0.0008128273,0.003575643,0.003798213,0.004067192,0.001733507,0.00215821,0.001565,0.001536,0,0,1.524e-23,1.178e-24
step4000,4000,O,u,residual,1024,64-128,1572864,0.001013905,0.001277758,0.001966476,0.00272734,0.002991192,0.001849038,0.002031508,0.001565,0.001536,0,0,1.524e-23,1.178e-24
step4000,4000,O,u,residual,1024,128-256,3145728,0.0003578483,0.0004147505,0.0006834666,0.0007198102,0.0009540074,0.00179091,0.001855941,0.001565,0.001536,0,0,1.524e-23,1.178e-24
step4000,4000,O,u,residual,1024,256-512,6291456,0.0003517731,0.0002429321,0.000521342,0.0001971876,0.0002784099,0.001760415,0.001780306,0.001565,0.001536,0,0,1.524e-23,1.178e-24
step4000,4000,O,u,residual,1024,512-1024,1.258291e+07,0.0002674812,0.0001714813,0.0006163915,0.0004478142,0.0007114447,0.001769168,0.00180778,0.001565,0.001536,0,0,1.524e-23,1.178e-24
step4000,4000,O,v,head,1024,spike,786432,0.0582759,0.05854488,0.02870178,0.08684212,0.08710575,0.008320763,0.01092093,0.001565,0.001536,7.26609e-07,2.85194e-05,1.524e-23,1.178e-24
step4000,4000,O,v,head,1024,32-64,786432,0.04476933,0.04503831,0.01051076,0.05492074,0.05518437,0.006907872,0.007966723,0.001565,0.001536,7.26609e-07,7.26609e-07,1.524e-23,1.178e-24
step4000,4000,O,v,head,1024,64-128,1572864,0.03032371,0.03059269,0.002642314,0.03261189,0.03288087,0.005191894,0.005110695,0.001565,0.001536,0,0,1.524e-23,1.178e-24
step4000,4000,O,v,head,1024,128-256,3145728,0.01362901,0.01389798,0.002215385,0.01158737,0.011851,0.003223328,0.002895355,0.001565,0.001536,0,0,1.524e-23,1.178e-24
step4000,4000,O,v,head,1024,256-512,6291456,0.003320422,0.003589401,0.001215458,0.002251035,0.002520014,0.002032734,0.001962526,0.001565,0.001536,0,0,1.524e-23,1.178e-24
step4000,4000,O,v,head,1024,512-1024,1.258291e+07,0.007271733,0.007540712,0.000749588,0.007915958,0.008179589,0.002472457,0.002485003,0.001565,0.001536,0,0,1.524e-23,1.178e-24
step4000,4000,MLP_IN,u,hidden,4096,spike,3145728,0.008312414,0.008351699,0.009354909,0.003115485,0.003181416,0.002462614,0.002096721,0.001565,0.001558,4.178002e-06,2.861023e-06,1.524e-23,8.299e-24
step4000,4000,MLP_IN,u,hidden,4096,32-64,3145728,0.00132915,0.001396365,0.0009705226,0.002244219,0.0023101,0.001901717,0.002007121,0.001565,0.001558,0,0,1.524e-23,8.299e-24
step4000,4000,MLP_IN,u,hidden,4096,64-128,6291456,0.0009090746,0.0009749561,0.0009698868,0.001673426,0.001740641,0.001840841,0.001940659,0.001565,0.001558,0,0,1.524e-23,8.299e-24
step4000,4000,MLP_IN,u,hidden,4096,128-256,1.258291e+07,0.0006432868,0.000706042,0.000449578,0.0009112971,0.0009764414,0.001824356,0.001863502,0.001565,0.001558,0,0,1.524e-23,8.299e-24
step4000,4000,MLP_IN,u,hidden,4096,256-512,2.516582e+07,0.0002024473,0.0002687641,0.0004002253,0.0005196974,0.0005855788,0.001795031,0.001823454,0.001565,0.001558,0,0,1.524e-23,8.299e-24
step4000,4000,MLP_IN,u,hidden,4096,512-1024,5.033165e+07,0.0001736125,0.0001198743,0.0001929402,9.112195e-05,0.0001155487,0.001777428,0.00177279,0.001565,0.001558,0,0,1.524e-23,8.299e-24
step4000,4000,MLP_IN,v,residual,1024,spike,786432,0.001749134,0.001485503,0.008282979,0.006564253,0.006815364,0.001852853,0.002468654,0.001565,0.001536,0,0,1.524e-23,1.178e-24
step4000,4000,MLP_IN,v,residual,1024,32-64,786432,0.004524698,0.004788551,0.000898997,0.00498204,0.005251019,0.002226148,0.002252488,0.001565,0.001536,0,0,1.524e-23,1.178e-24
step4000,4000,MLP_IN,v,residual,1024,64-128,1572864,0.003289586,0.003558565,0.0005607605,0.003228411,0.003492041,0.002086549,0.002116067,0.001565,0.001536,0,0,1.524e-23,1.178e-24
step4000,4000,MLP_IN,v,residual,1024,128-256,3145728,0.0009375748,0.001188686,0.0008665721,0.001615888,0.001884867,0.001841772,0.001912253,0.001565,0.001536,0,0,1.524e-23,1.178e-24
step4000,4000,MLP_IN,v,residual,1024,256-512,6291456,0.000342733,0.0002159094,0.0002156893,0.0002518649,0.0002187523,0.001779579,0.001767794,0.001565,0.001536,0,0,1.524e-23,1.178e-24
step4000,4000,MLP_IN,v,residual,1024,512-1024,1.258291e+07,0.0008102715,0.00107925,0.0004646778,0.001131103,0.001400082,0.001867612,0.001904896,0.001565,0.001536,0,0,1.524e-23,1.178e-24
step4000,4000,MLP_OUT,u,residual,1024,spike,786432,0.00229395,0.002562929,0.01071803,0.01260381,0.01287278,0.002029964,0.003023965,0.001565,0.001536,7.26609e-07,2.452305e-05,1.524e-23,1.178e-24
step4000,4000,MLP_OUT,u,residual,1024,32-64,786432,0.001700624,0.001964255,0.005840302,0.007540926,0.007804556,0.001942771,0.002599989,0.001565,0.001536,0,0,1.524e-23,1.178e-24
step4000,4000,MLP_OUT,u,residual,1024,64-128,1572864,0.002110209,0.002379188,0.002616247,0.004359358,0.004610469,0.002024605,0.002265022,0.001565,0.001536,0,0,1.524e-23,1.178e-24
step4000,4000,MLP_OUT,u,residual,1024,128-256,3145728,0.001579434,0.001843287,0.001312892,0.002229278,0.002492908,0.001900718,0.001961209,0.001565,0.001536,0,0,1.524e-23,1.178e-24
step4000,4000,MLP_OUT,u,residual,1024,256-512,6291456,0.00028399,0.000535101,0.0002975464,0.0001646579,0.0004285107,0.001791659,0.001790751,0.001565,0.001536,0,0,1.524e-23,1.178e-24
step4000,4000,MLP_OUT,u,residual,1024,512-1024,1.258291e+07,0.0007159211,0.0008731398,0.001542489,0.001534452,0.001798305,0.001875843,0.001953204,0.001565,0.001536,0,0,1.524e-23,1.178e-24
step4000,4000,MLP_OUT,v,hidden,4096,spike,3145728,0.009390241,0.009457456,0.004501979,0.005000264,0.005066194,0.002981413,0.00232474,0.001565,0.001558,2.270653e-06,4.632132e-06,1.524e-23,8.299e-24
step4000,4000,MLP_OUT,v,hidden,4096,32-64,3145728,0.002950078,0.003017293,0.001196225,0.004117694,0.004184909,0.00212297,0.00222029,0.001565,0.001558,0,0,1.524e-23,8.299e-24
step4000,4000,MLP_OUT,v,hidden,4096,64-128,6291456,0.002352461,0.002418342,0.0008659363,0.003109819,0.003177034,0.001990659,0.002107325,0.001565,0.001558,0,0,1.524e-23,8.299e-24
step4000,4000,MLP_OUT,v,hidden,4096,128-256,1.258291e+07,0.002041568,0.002107499,0.0001556079,0.002089149,0.002156364,0.001943793,0.002007973,0.001565,0.001558,0,0,1.524e-23,8.299e-24
step4000,4000,MLP_OUT,v,hidden,4096,256-512,2.516582e+07,0.001536831,0.001602712,0.0004363855,0.001100445,0.001166327,0.001919298,0.001872466,0.001565,0.001558,0,0,1.524e-23,8.299e-24
step4000,4000,MLP_OUT,v,hidden,4096,512-1024,5.033165e+07,0.0007668794,0.0008340943,0.0005932053,0.0002130513,0.0002789328,0.001831668,0.001798681,0.001565,0.001558,0,0,1.524e-23,8.299e-24
step6000,6000,Q,u,head,1024,spike,786432,0.04219236,0.04245599,0.01652781,0.05630752,0.0565765,0.005730947,0.006054288,0.001565,0.001536,1.453218e-06,0.0001631237,1.524e-23,1.178e-24
step6000,6000,Q,u,head,1024,32-64,786432,0.0258146,0.02607823,0.001233419,0.02617445,0.02643808,0.004084996,0.004356021,0.001565,0.001536,0,0,1.524e-23,1.178e-24
step6000,6000,Q,u,head,1024,64-128,1572864,0.01832953,0.01859316,0.001749039,0.01672227,0.0169859,0.003365925,0.003225599,0.001565,0.001536,0,0,1.524e-23,1.178e-24
step6000,6000,Q,u,head,1024,128-256,3145728,0.009999498,0.01026313,0.002519925,0.008001551,0.008265181,0.00259631,0.002350398,0.001565,0.001536,0,0,1.524e-23,1.178e-24
step6000,6000,Q,u,head,1024,256-512,6291456,0.002896691,0.003160321,0.001129786,0.001853689,0.00211732,0.002001853,0.001877876,0.001565,0.001536,0,0,1.524e-23,1.178e-24
step6000,6000,Q,u,head,1024,512-1024,1.258291e+07,0.004163867,0.004432846,0.000648737,0.004557594,0.004821225,0.002267372,0.002272379,0.001565,0.001536,0,0,1.524e-23,1.178e-24
step6000,6000,Q,v,residual,1024,spike,786432,0.003454003,0.003705114,0.006940206,0.009825434,0.01009441,0.002129509,0.002813975,0.001565,0.001536,0,0,1.524e-23,1.178e-24
step6000,6000,Q,v,residual,1024,32-64,786432,0.005957716,0.006208827,0.002234141,0.007732437,0.008001416,0.002173106,0.00254513,0.001565,0.001536,0,0,1.524e-23,1.178e-24
step6000,6000,Q,v,residual,1024,64-128,1572864,0.00359335,0.00385698,0.001436869,0.004850293,0.005113923,0.002056122,0.002222243,0.001565,0.001536,0,0,1.524e-23,1.178e-24
step6000,6000,Q,v,residual,1024,128-256,3145728,0.000669843,0.0009388219,0.00149409,0.002073437,0.00233729,0.00183269,0.00196298,0.001565,0.001536,0,0,1.524e-23,1.178e-24
step6000,6000,Q,v,residual,1024,256-512,6291456,0.0004066806,0.0005491277,0.0003247261,0.0003055294,0.0005205473,0.001737822,0.001759756,0.001565,0.001536,0,0,1.524e-23,1.178e-24
step6000,6000,Q,v,residual,1024,512-1024,1.258291e+07,0.0003402349,0.0005755527,0.000880003,0.00112477,0.001388622,0.001793759,0.001891284,0.001565,0.001536,0,0,1.524e-23,1.178e-24
step6000,6000,K,u,head,1024,spike,786432,0.04867735,0.04894098,0.02916209,0.07516993,0.07543891,0.006452106,0.006190345,0.001565,0.001536,3.451393e-06,0.0002657572,1.524e-23,1.178e-24
step6000,6000,K,u,head,1024,32-64,786432,0.02780078,0.02806441,0.002424876,0.02894011,0.02920374,0.004377638,0.004830133,0.001565,0.001536,0,0,1.524e-23,1.178e-24
step6000,6000,K,u,head,1024,64-128,1572864,0.01772617,0.0179898,0.001147588,0.01861308,0.01887672,0.003369558,0.003437678,0.001565,0.001536,0,0,1.524e-23,1.178e-24
step6000,6000,K,u,head,1024,128-256,3145728,0.008919621,0.009183252,0.0008150736,0.008432293,0.008695924,0.002563477,0.002391179,0.001565,0.001536,0,0,1.524e-23,1.178e-24
step6000,6000,K,u,head,1024,256-512,6291456,0.001762595,0.002031574,0.0005682309,0.00201618,0.002267291,0.001950764,0.001878897,0.001565,0.001536,0,0,1.524e-23,1.178e-24
step6000,6000,K,u,head,1024,512-1024,1.258291e+07,0.003787643,0.004056622,0.001566251,0.005158488,0.005422119,0.002208471,0.002295312,0.001565,0.001536,0,0,1.524e-23,1.178e-24
step6000,6000,K,v,residual,1024,spike,786432,0.000825668,0.001059865,0.006262461,0.006738494,0.007002347,0.001819611,0.002547128,0.001565,0.001536,0,0,1.524e-23,1.178e-24
step6000,6000,K,v,residual,1024,32-64,786432,0.003012385,0.003281364,0.002774556,0.005159598,0.005404451,0.001992725,0.002397265,0.001565,0.001536,0,0,1.524e-23,1.178e-24
step6000,6000,K,v,residual,1024,64-128,1572864,0.00179778,0.002031977,0.00198555,0.003063883,0.003332862,0.001890818,0.002103079,0.001565,0.001536,0,0,1.524e-23,1.178e-24
step6000,6000,K,v,residual,1024,128-256,3145728,0.0004751501,0.000720003,0.0008986791,0.001219334,0.001464187,0.001811936,0.001882144,0.001565,0.001536,0,0,1.524e-23,1.178e-24
step6000,6000,K,v,residual,1024,256-512,6291456,0.0002134028,0.000313933,0.0004115105,0.0003496193,0.0001644303,0.001760278,0.001719838,0.001565,0.001536,0,0,1.524e-23,1.178e-24
step6000,6000,K,v,residual,1024,512-1024,1.258291e+07,0.0001127902,0.0002588534,0.0006818771,0.0006611249,0.0009249776,0.001781327,0.001829874,0.001565,0.001536,0,0,1.524e-23,1.178e-24
step6000,6000,V,u,head,1024,spike,786432,0.04366816,0.04393714,0.01215235,0.0315158,0.03178478,0.006958553,0.005894616,0.001565,0.001536,0,0,1.524e-23,1.178e-24
step6000,6000,V,u,head,1024,32-64,786432,0.0241865,0.02445548,0.006076813,0.01811859,0.01838757,0.004777636,0.00422505,0.001565,0.001536,0,0,1.524e-23,1.178e-24
step6000,6000,V,u,head,1024,64-128,1572864,0.01047775,0.01074673,0.0004024506,0.01083951,0.01110849,0.003070286,0.003048125,0.001565,0.001536,0,0,1.524e-23,1.178e-24
step6000,6000,V,u,head,1024,128-256,3145728,0.002344672,0.002608303,0.0009021759,0.003115877,0.003379508,0.002048265,0.00213505,0.001565,0.001536,0,0,1.524e-23,1.178e-24
step6000,6000,V,u,head,1024,256-512,6291456,0.0006153246,0.0008843036,0.0005637805,0.0003639397,0.0006150507,0.001841863,0.001790433,0.001565,0.001536,0,0,1.524e-23,1.178e-24
step6000,6000,V,u,head,1024,512-1024,1.258291e+07,0.001087552,0.001356531,0.001546144,0.002633697,0.002902676,0.001907258,0.002012707,0.001565,0.001536,0,0,1.524e-23,1.178e-24
step6000,6000,V,v,residual,1024,spike,786432,0.02071894,0.02098792,0.003084819,0.0179258,0.01818943,0.003457932,0.003431774,0.001565,0.001536,0,0,1.524e-23,1.178e-24
step6000,6000,V,v,residual,1024,32-64,786432,0.01225921,0.01252819,0.001202901,0.01319381,0.01346279,0.002825782,0.00300798,0.001565,0.001536,0,0,1.524e-23,1.178e-24
step6000,6000,V,v,residual,1024,64-128,1572864,0.006300018,0.006568997,0.002368927,0.008668945,0.008937924,0.002328691,0.002608708,0.001565,0.001536,0,0,1.524e-23,1.178e-24
step6000,6000,V,v,residual,1024,128-256,3145728,0.001638635,0.001902266,0.002037366,0.003612949,0.00386406,0.001883598,0.002108483,0.001565,0.001536,0,0,1.524e-23,1.178e-24
step6000,6000,V,v,residual,1024,256-512,6291456,0.0002678334,0.0003511915,0.0006314913,0.0004471601,0.000716139,0.001769883,0.001804125,0.001565,0.001536,0,0,1.524e-23,1.178e-24
step6000,6000,V,v,residual,1024,512-1024,1.258291e+07,0.001079306,0.001342936,0.0009485086,0.001937538,0.002201391,0.001897074,0.001999072,0.001565,0.001536,1.248859e-07,0,1.524e-23,1.178e-24
step6000,6000,O,u,residual,1024,spike,786432,0.002358112,0.002567511,0.005139669,0.007155567,0.00741942,0.002026694,0.002410162,0.001565,0.001536,8.174351e-06,1.271566e-05,1.524e-23,1.178e-24
step6000,6000,O,u,residual,1024,32-64,786432,0.0006801583,0.000837377,0.003978729,0.003495965,0.003747076,0.001899901,0.002139319,0.001565,0.001536,0,0,1.524e-23,1.178e-24
step6000,6000,O,u,residual,1024,64-128,1572864,0.000546819,0.000815798,0.002010981,0.002146234,0.002410087,0.001819156,0.00199545,0.001565,0.001536,0,0,1.524e-23,1.178e-24
step6000,6000,O,u,residual,1024,128-256,3145728,0.000378122,0.0006419748,0.000553449,0.0005226593,0.0007916382,0.001759938,0.001821064,0.001565,0.001536,0,0,1.524e-23,1.178e-24
step6000,6000,O,u,residual,1024,256-512,6291456,0.0003552897,0.0002907921,0.0003223419,0.000352178,0.0001316713,0.00174645,0.001734643,0.001565,0.001536,0,0,1.524e-23,1.178e-24
step6000,6000,O,u,residual,1024,512-1024,1.258291e+07,0.0001556313,0.0003096193,0.0005997817,0.0005794979,0.0008243509,0.001776037,0.001798028,0.001565,0.001536,0,0,1.524e-23,1.178e-24
step6000,6000,O,v,head,1024,spike,786432,0.05703408,0.05729771,0.01865005,0.07491434,0.07518332,0.007939657,0.009920574,0.001565,0.001536,1.453218e-06,9.445917e-06,1.524e-23,1.178e-24
step6000,6000,O,v,head,1024,32-64,786432,0.04080841,0.04107738,0.007611593,0.0483933,0.04866227,0.006502242,0.007308597,0.001565,0.001536,0,0,1.524e-23,1.178e-24
step6000,6000,O,v,head,1024,64-128,1572864,0.03036821,0.03063719,0.003087362,0.02788993,0.02815891,0.005221685,0.004725411,0.001565,0.001536,0,0,1.524e-23,1.178e-24
step6000,6000,O,v,head,1024,128-256,3145728,0.0153577,0.01562668,0.005082448,0.01032152,0.01058515,0.003403028,0.002701078,0.001565,0.001536,0,0,1.524e-23,1.178e-24
step6000,6000,O,v,head,1024,256-512,6291456,0.004014556,0.004278187,0.002331893,0.001738771,0.002002402,0.002096176,0.001927285,0.001565,0.001536,0,0,1.524e-23,1.178e-24
step6000,6000,O,v,head,1024,512-1024,1.258291e+07,0.007822339,0.008087803,0.0009951591,0.006954159,0.007223138,0.00252483,0.002400376,0.001565,0.001536,0,0,1.524e-23,1.178e-24
step6000,6000,MLP_IN,u,hidden,4096,spike,3145728,0.008420179,0.008459464,0.009673754,0.005357574,0.005423504,0.002618563,0.002181644,0.001565,0.001558,6.448655e-06,7.311503e-06,1.524e-23,8.299e-24
step6000,6000,MLP_IN,u,hidden,4096,32-64,3145728,0.002039814,0.002105696,0.001061122,0.00255335,0.002620565,0.001977239,0.002111662,0.001565,0.001558,0,0,1.524e-23,8.299e-24
step6000,6000,MLP_IN,u,hidden,4096,64-128,6291456,0.001357776,0.001418956,0.0006761551,0.001897381,0.001964596,0.001911867,0.00201189,0.001565,0.001558,0,0,1.524e-23,8.299e-24
step6000,6000,MLP_IN,u,hidden,4096,128-256,1.258291e+07,0.0009108047,0.0009780197,0.000491937,0.001338631,0.001404562,0.0018707,0.001922301,0.001565,0.001558,0,0,1.524e-23,8.299e-24
step6000,6000,MLP_IN,u,hidden,4096,256-512,2.516582e+07,0.0005785443,0.0006417812,0.0001761913,0.0007111928,0.0007771235,0.001835341,0.001854652,0.001565,0.001558,0,0,1.524e-23,8.299e-24
step6000,6000,MLP_IN,u,hidden,4096,512-1024,5.033165e+07,0.0001130637,0.0001744411,0.0001368721,0.0001092923,0.0001453437,0.00179383,0.001780592,0.001565,0.001558,3.973643e-08,0,1.524e-23,8.299e-24
step6000,6000,MLP_IN,v,residual,1024,spike,786432,0.001350232,0.001155137,0.01067734,0.009700821,0.0099698,0.001862844,0.002698081,0.001565,0.001536,0,0,1.524e-23,1.178e-24
step6000,6000,MLP_IN,v,residual,1024,32-64,786432,0.005803472,0.006072451,0.002548218,0.00799438,0.008263359,0.002318246,0.002432142,0.001565,0.001536,0,0,1.524e-23,1.178e-24
step6000,6000,MLP_IN,v,residual,1024,64-128,1572864,0.005824948,0.006088578,0.0007247925,0.005140845,0.005404476,0.002223878,0.002264477,0.001565,0.001536,0,0,1.524e-23,1.178e-24
step6000,6000,MLP_IN,v,residual,1024,128-256,3145728,0.003033751,0.003284862,0.0005509059,0.002956931,0.003220562,0.002004533,0.002019246,0.001565,0.001536,0,0,1.524e-23,1.178e-24
step6000,6000,MLP_IN,v,residual,1024,256-512,6291456,0.0005094851,0.0007731156,0.0003582637,0.000509795,0.000685246,0.001820769,0.001783121,0.001565,0.001536,0,0,1.524e-23,1.178e-24
step6000,6000,MLP_IN,v,residual,1024,512-1024,1.258291e+07,0.001594449,0.001858079,0.0004248619,0.002013809,0.002282787,0.001979703,0.002028306,0.001565,0.001536,2.384186e-07,0,1.524e-23,1.178e-24
step6000,6000,MLP_OUT,u,residual,1024,spike,786432,0.006339296,0.006602927,0.0148201,0.02104573,0.02131471,0.002342769,0.003080096,0.001565,0.001536,2.470471e-05,4.613967e-05,1.524e-23,1.178e-24
step6000,6000,MLP_OUT,u,residual,1024,32-64,786432,0.002307476,0.002552329,0.004773458,0.006894897,0.007158749,0.002042861,0.002655938,0.001565,0.001536,0,0,1.524e-23,1.178e-24
step6000,6000,MLP_OUT,u,residual,1024,64-128,1572864,0.001985455,0.002249086,0.002518336,0.004141321,0.004405174,0.001980554,0.002238137,0.001565,0.001536,0,0,1.524e-23,1.178e-24
step6000,6000,MLP_OUT,u,residual,1024,128-256,3145728,0.001781051,0.002044681,0.000459671,0.001662721,0.001926574,0.001896359,0.001925468,0.001565,0.001536,0,0,1.524e-23,1.178e-24
step6000,6000,MLP_OUT,u,residual,1024,256-512,6291456,0.0002087906,0.0003764446,0.0005378723,0.0004674495,0.0007313022,0.001793839,0.001786232,0.001565,0.001536,0,0,1.524e-23,1.178e-24
step6000,6000,MLP_OUT,u,residual,1024,512-1024,1.258291e+07,0.0007455644,0.000918529,0.001989921,0.00161859,0.001887569,0.001851718,0.001933529,0.001565,0.001536,0,0,1.524e-23,1.178e-24
step6000,6000,MLP_OUT,v,hidden,4096,spike,3145728,0.0117207,0.01178792,0.006043752,0.005870547,0.005937762,0.003338223,0.002458436,0.001565,0.001558,3.133501e-06,6.811959e-06,1.524e-23,8.299e-24
step6000,6000,MLP_OUT,v,hidden,4096,32-64,3145728,0.004018829,0.004086044,0.0004733404,0.00410985,0.00417578,0.002274786,0.00227088,0.001565,0.001558,0,0,1.524e-23,8.299e-24
step6000,6000,MLP_OUT,v,hidden,4096,64-128,6291456,0.00236311,0.002428992,0.001223405,0.003390994,0.003458209,0.002040477,0.002153033,0.001565,0.001558,0,0,1.524e-23,8.299e-24
step6000,6000,MLP_OUT,v,hidden,4096,128-256,1.258291e+07,0.002333308,0.002399189,0.0003759066,0.002284755,0.002350686,0.001961595,0.002009676,0.001565,0.001558,0,0,1.524e-23,8.299e-24
step6000,6000,MLP_OUT,v,hidden,4096,256-512,2.516582e+07,0.001518989,0.001584871,0.0004523198,0.0010801,0.001145982,0.001894843,0.001880674,0.001565,0.001558,0,0,1.524e-23,8.299e-24
step6000,6000,MLP_OUT,v,hidden,4096,512-1024,5.033165e+07,0.0006238878,0.0006911028,0.0004603267,0.0002145351,0.0002530371,0.001818966,0.001791108,0.001565,0.001558,0,0,1.524e-23,8.299e-24
step8000,8000,Q,u,head,1024,spike,786432,0.04361906,0.04388269,0.02005514,0.06222157,0.06249055,0.00575111,0.006134215,0.001565,0.001536,1.453218e-06,0.0001618522,1.524e-23,1.178e-24
step8000,8000,Q,u,head,1024,32-64,786432,0.02810087,0.0283645,0.002574921,0.030644,0.03090763,0.004242488,0.004631406,0.001565,0.001536,0,0,1.524e-23,1.178e-24
step8000,8000,Q,u,head,1024,64-128,1572864,0.02263505,0.02289868,0.002451579,0.02034686,0.0206105,0.003672827,0.003457206,0.001565,0.001536,0,0,1.524e-23,1.178e-24
step8000,8000,Q,u,head,1024,128-256,3145728,0.01565002,0.01591365,0.005295436,0.0104544,0.01071803,0.003040405,0.002508073,0.001565,0.001536,0,0,1.524e-23,1.178e-24
step8000,8000,Q,u,head,1024,256-512,6291456,0.004564667,0.004828298,0.001777649,0.002787018,0.003050734,0.00212515,0.001946177,0.001565,0.001536,0,0,1.524e-23,1.178e-24
step8000,8000,Q,u,head,1024,512-1024,1.258291e+07,0.006473269,0.006742248,0.0006380081,0.005841539,0.006110518,0.002607505,0.002466826,0.001565,0.001536,0,0,1.524e-23,1.178e-24
step8000,8000,Q,v,residual,1024,spike,786432,0.002764806,0.002999003,0.00946935,0.01179763,0.01206661,0.002049764,0.002847762,0.001565,0.001536,0,0,1.524e-23,1.178e-24
step8000,8000,Q,v,residual,1024,32-64,786432,0.005853558,0.006117189,0.002318064,0.008130437,0.008399416,0.002213614,0.002590724,0.001565,0.001536,0,0,1.524e-23,1.178e-24
step8000,8000,Q,v,residual,1024,64-128,1572864,0.003801813,0.004065666,0.001887639,0.005498082,0.005761934,0.002082007,0.002297356,0.001565,0.001536,0,0,1.524e-23,1.178e-24
step8000,8000,Q,v,residual,1024,128-256,3145728,0.001283869,0.001547499,0.001375198,0.002495494,0.002764472,0.001885005,0.001978874,0.001565,0.001536,0,0,1.524e-23,1.178e-24
step8000,8000,Q,v,residual,1024,256-512,6291456,0.0002394699,0.0002561142,0.0003733635,0.0003943415,0.0005364121,0.001762436,0.001792885,0.001565,0.001536,0,0,1.524e-23,1.178e-24
step8000,8000,Q,v,residual,1024,512-1024,1.258291e+07,0.0005711377,0.0008401167,0.0006320477,0.001119598,0.001383229,0.001841409,0.001903591,0.001565,0.001536,0,0,1.524e-23,1.178e-24
step8000,8000,K,u,head,1024,spike,786432,0.05275908,0.05302271,0.0369428,0.08800306,0.08826669,0.006612505,0.00673948,0.001565,0.001536,2.724784e-06,0.0003273374,1.524e-23,1.178e-24
step8000,8000,K,u,head,1024,32-64,786432,0.03200839,0.03227202,0.004104614,0.03543781,0.03570144,0.004479908,0.005046118,0.001565,0.001536,0,0,1.524e-23,1.178e-24
step8000,8000,K,u,head,1024,64-128,1572864,0.02374322,0.02400685,0.0008360545,0.02383604,0.02409967,0.00372814,0.003799802,0.001565,0.001536,0,0,1.524e-23,1.178e-24
step8000,8000,K,u,head,1024,128-256,3145728,0.01484925,0.01511288,0.00347805,0.01162297,0.0118866,0.003026599,0.002590043,0.001565,0.001536,0,0,1.524e-23,1.178e-24
step8000,8000,K,u,head,1024,256-512,6291456,0.003691737,0.003955368,0.0005685488,0.003166422,0.003430052,0.002074537,0.001976649,0.001565,0.001536,0,0,1.524e-23,1.178e-24
step8000,8000,K,u,head,1024,512-1024,1.258291e+07,0.006039586,0.006308565,0.001086156,0.006890599,0.00715423,0.002511831,0.002523354,0.001565,0.001536,0,0,1.524e-23,1.178e-24
step8000,8000,K,v,residual,1024,spike,786432,0.0003726972,0.0005542367,0.007459005,0.007477348,0.007742017,0.001790728,0.002568381,0.001565,0.001536,0,0,1.524e-23,1.178e-24
step8000,8000,K,v,residual,1024,32-64,786432,0.002753371,0.003004482,0.003487905,0.00605312,0.006316973,0.001950219,0.00247265,0.001565,0.001536,0,0,1.524e-23,1.178e-24
step8000,8000,K,v,residual,1024,64-128,1572864,0.001964991,0.002199188,0.002073924,0.003600905,0.003864758,0.001913525,0.002115613,0.001565,0.001536,0,0,1.524e-23,1.178e-24
step8000,8000,K,v,residual,1024,128-256,3145728,0.0007180139,0.0008934649,0.0007772446,0.00128216,0.001528108,0.001825514,0.001890001,0.001565,0.001536,0,0,1.524e-23,1.178e-24
step8000,8000,K,v,residual,1024,256-512,6291456,0.0003444237,0.0001934478,0.0002075831,0.000430471,0.00017936,0.001749743,0.001772767,0.001565,0.001536,0,0,1.524e-23,1.178e-24
step8000,8000,K,v,residual,1024,512-1024,1.258291e+07,0.0002026376,0.0004474906,0.0007691383,0.0007927264,0.001056357,0.001796677,0.001847687,0.001565,0.001536,0,0,1.524e-23,1.178e-24
step8000,8000,V,u,head,1024,spike,786432,0.04581583,0.04608481,0.009198507,0.03812286,0.03839184,0.006916228,0.006480262,0.001565,0.001536,0,0,1.524e-23,1.178e-24
step8000,8000,V,u,head,1024,32-64,786432,0.02824534,0.02851431,0.005231222,0.02317179,0.02344077,0.005152929,0.004570734,0.001565,0.001536,0,0,1.524e-23,1.178e-24
step8000,8000,V,u,head,1024,64-128,1572864,0.01412206,0.01439103,0.001831055,0.0123995,0.01266336,0.003474463,0.003271739,0.001565,0.001536,0,0,1.524e-23,1.178e-24
step8000,8000,V,u,head,1024,128-256,3145728,0.004161245,0.004430224,0.0005038579,0.004225777,0.004494756,0.002244495,0.002223015,0.001565,0.001536,0,0,1.524e-23,1.178e-24
step8000,8000,V,u,head,1024,256-512,6291456,0.0008855995,0.001136711,0.0007287661,0.0004401848,0.0007038153,0.001867544,0.001806282,0.001565,0.001536,0,0,1.524e-23,1.178e-24
step8000,8000,V,u,head,1024,512-1024,1.258291e+07,0.001809802,0.002078781,0.001326084,0.003135886,0.003404865,0.001951933,0.002064069,0.001565,0.001536,0,0,1.524e-23,1.178e-24
step8000,8000,V,v,residual,1024,spike,786432,0.02225167,0.0225153,0.002681732,0.02359444,0.02385807,0.00355112,0.003864833,0.001565,0.001536,0,0,1.524e-23,1.178e-24
step8000,8000,V,v,residual,1024,32-64,786432,0.01574761,0.01601124,0.001398722,0.01682081,0.01708444,0.003067562,0.003254118,0.001565,0.001536,0,0,1.524e-23,1.178e-24
step8000,8000,V,v,residual,1024,64-128,1572864,0.009867891,0.01013152,0.002632777,0.01240099,0.01266997,0.002555847,0.002828598,0.001565,0.001536,0,0,1.524e-23,1.178e-24
step8000,8000,V,v,residual,1024,128-256,3145728,0.00427777,0.004541401,0.001806895,0.006084665,0.006348296,0.002119973,0.00225662,0.001565,0.001536,0,0,1.524e-23,1.178e-24
step8000,8000,V,v,residual,1024,256-512,6291456,0.0002499756,0.0005010866,0.0008861224,0.000962037,0.001140207,0.001795224,0.001826491,0.001565,0.001536,0,0,1.524e-23,1.178e-24
step8000,8000,V,v,residual,1024,512-1024,1.258291e+07,0.001786302,0.002050154,0.001285553,0.003011113,0.003280092,0.001986401,0.002151228,0.001565,0.001536,2.15712e-07,0,1.524e-23,1.178e-24
step8000,8000,O,u,residual,1024,spike,786432,0.003427499,0.003636898,0.006582896,0.009443188,0.009706819,0.002087366,0.002506074,0.001565,0.001536,1.544044e-05,2.452305e-05,1.524e-23,1.178e-24
step8000,8000,O,u,residual,1024,32-64,786432,0.0008572059,0.001052301,0.003846486,0.004361516,0.004630495,0.001850673,0.002177829,0.001565,0.001536,0,0,1.524e-23,1.178e-24
step8000,8000,O,u,residual,1024,64-128,1572864,0.001424575,0.001658773,0.001256307,0.001877051,0.002121904,0.00181189,0.001959664,0.001565,0.001536,0,0,1.524e-23,1.178e-24
step8000,8000,O,u,residual,1024,128-256,3145728,0.0002713664,0.0002955111,0.001122793,0.0008732935,0.001142272,0.00173714,0.001813707,0.001565,0.001536,0,0,1.524e-23,1.178e-24
step8000,8000,O,u,residual,1024,256-512,6291456,0.0003976465,0.0002846507,0.0003565152,0.0002885613,0.0002898384,0.001753648,0.001741841,0.001565,0.001536,0,0,1.524e-23,1.178e-24
step8000,8000,O,u,residual,1024,512-1024,1.258291e+07,0.0001626349,0.000413746,0.0005088647,0.0004193426,0.0005948634,0.001774413,0.001816647,0.001565,0.001536,0,0,1.524e-23,1.178e-24
step8000,8000,O,v,head,1024,spike,786432,0.05105595,0.05132493,0.01217651,0.06315031,0.06341394,0.007261004,0.00904719,0.001565,0.001536,7.26609e-07,1.089914e-05,1.524e-23,1.178e-24
step8000,8000,O,v,head,1024,32-64,786432,0.03583404,0.03610302,0.004688263,0.03992848,0.04019746,0.00587645,0.006431761,0.001565,0.001536,0,0,1.524e-23,1.178e-24
step8000,8000,O,v,head,1024,64-128,1572864,0.02778997,0.02805592,0.004284541,0.02378772,0.02405135,0.004969824,0.004268919,0.001565,0.001536,0,0,1.524e-23,1.178e-24
step8000,8000,O,v,head,1024,128-256,3145728,0.01599825,0.01626723,0.007436752,0.008561498,0.008830477,0.003399032,0.002588499,0.001565,0.001536,0,0,1.524e-23,1.178e-24
step8000,8000,O,v,head,1024,256-512,6291456,0.004457538,0.004721168,0.002839088,0.001618449,0.00188208,0.002125899,0.00189318,0.001565,0.001536,0,0,1.524e-23,1.178e-24
step8000,8000,O,v,head,1024,512-1024,1.258291e+07,0.00784483,0.008108461,0.002141158,0.005762702,0.006031681,0.00253683,0.002334504,0.001565,0.001536,4.541306e-08,0,1.524e-23,1.178e-24
step8000,8000,MLP_IN,u,hidden,4096,spike,3145728,0.008847425,0.00888671,0.01039759,0.007679135,0.007745065,0.002718925,0.002268519,0.001565,0.001558,7.629395e-06,1.444135e-05,1.524e-23,8.299e-24
step8000,8000,MLP_IN,u,hidden,4096,32-64,3145728,0.002454907,0.002520837,0.001105309,0.003434012,0.003499943,0.002042271,0.002218791,0.001565,0.001558,0,0,1.524e-23,8.299e-24
step8000,8000,MLP_IN,u,hidden,4096,64-128,6291456,0.00192758,0.001994795,0.000820001,0.00247038,0.002537595,0.001960595,0.002089364,0.001565,0.001558,0,0,1.524e-23,8.299e-24
step8000,8000,MLP_IN,u,hidden,4096,128-256,1.258291e+07,0.001457181,0.001524396,0.0004454454,0.001806464,0.001873679,0.001910528,0.001975014,0.001565,0.001558,0,0,1.524e-23,8.299e-24
step8000,8000,MLP_IN,u,hidden,4096,256-512,2.516582e+07,0.0007882576,0.0008554725,0.000240008,0.001000945,0.001066827,0.001853625,0.00187456,0.001565,0.001558,0,0,1.524e-23,8.299e-24
step8000,8000,MLP_IN,u,hidden,4096,512-1024,5.033165e+07,0.0002606214,0.0003265521,0.00021106,0.0001811521,0.0002439073,0.001811675,0.001784154,0.001565,0.001558,2.043588e-07,0,1.524e-23,8.299e-24
step8000,8000,MLP_IN,v,residual,1024,spike,786432,0.0009538576,0.0009775374,0.01175563,0.01157384,0.01184282,0.001896813,0.00278927,0.001565,0.001536,0,0,1.524e-23,1.178e-24
step8000,8000,MLP_IN,v,residual,1024,32-64,786432,0.007239455,0.007490566,0.003616333,0.0101985,0.01046213,0.002359118,0.002654848,0.001565,0.001536,0,0,1.524e-23,1.178e-24
step8000,8000,MLP_IN,v,residual,1024,64-128,1572864,0.00680928,0.007078259,0.0005804698,0.007012731,0.00728171,0.002305712,0.002353941,0.001565,0.001536,0,0,1.524e-23,1.178e-24
step8000,8000,MLP_IN,v,residual,1024,128-256,3145728,0.004354523,0.004623502,0.0005480448,0.003990855,0.004259834,0.002114841,0.002038729,0.001565,0.001536,0,0,1.524e-23,1.178e-24
step8000,8000,MLP_IN,v,residual,1024,256-512,6291456,0.001029286,0.001280398,0.000202179,0.001092957,0.001361935,0.001845019,0.001842249,0.001565,0.001536,0,0,1.524e-23,1.178e-24
step8000,8000,MLP_IN,v,residual,1024,512-1024,1.258291e+07,0.002716825,0.002985804,0.0003094673,0.002940565,0.003204418,0.002111038,0.002132098,0.001565,0.001536,2.384186e-06,6.925492e-07,1.524e-23,1.178e-24
step8000,8000,MLP_OUT,u,residual,1024,spike,786432,0.009217626,0.009486605,0.01849238,0.02753375,0.02779738,0.002504621,0.003049578,0.001565,0.001536,4.105341e-05,9.118943e-05,1.524e-23,1.178e-24
step8000,8000,MLP_OUT,u,residual,1024,32-64,786432,0.002274189,0.002483588,0.004483541,0.006300654,0.006569633,0.001990364,0.002517519,0.001565,0.001536,0,0,1.524e-23,1.178e-24
step8000,8000,MLP_OUT,u,residual,1024,64-128,1572864,0.001996789,0.0022479,0.00240771,0.004236688,0.004500541,0.001986912,0.002239772,0.001565,0.001536,0,0,1.524e-23,1.178e-24
step8000,8000,MLP_OUT,u,residual,1024,128-256,3145728,0.001173768,0.001436873,0.0006694794,0.001680279,0.00194391,0.001907939,0.001971881,0.001565,0.001536,0,0,1.524e-23,1.178e-24
step8000,8000,MLP_OUT,u,residual,1024,256-512,6291456,0.0002139311,0.0004777838,0.0003058116,0.0004350802,0.0007040591,0.001782145,0.001793021,0.001565,0.001536,0,0,1.524e-23,1.178e-24
step8000,8000,MLP_OUT,u,residual,1024,512-1024,1.258291e+07,0.0007305877,0.0009399867,0.002023776,0.001737738,0.002001369,0.001847767,0.001939615,0.001565,0.001536,0,0,1.524e-23,1.178e-24
step8000,8000,MLP_OUT,v,hidden,4096,spike,3145728,0.01374641,0.01381234,0.006897926,0.006870101,0.006936032,0.00363904,0.00254295,0.001565,0.001558,5.177089e-06,1.189822e-05,1.524e-23,8.299e-24
step8000,8000,MLP_OUT,v,hidden,4096,32-64,3145728,0.004737264,0.004804479,0.0004285177,0.00450093,0.004566811,0.002367338,0.00237147,0.001565,0.001558,3.633045e-07,0,1.524e-23,8.299e-24
step8000,8000,MLP_OUT,v,hidden,4096,64-128,6291456,0.003023053,0.003088934,0.0006124179,0.003513167,0.003579098,0.002095404,0.002212002,0.001565,0.001558,0,0,1.524e-23,8.299e-24
step8000,8000,MLP_OUT,v,hidden,4096,128-256,1.258291e+07,0.002229101,0.002296315,0.0003417333,0.002190262,0.002256193,0.001982973,0.002035413,0.001565,0.001558,0,0,1.524e-23,8.299e-24
step8000,8000,MLP_OUT,v,hidden,4096,256-512,2.516582e+07,0.001816059,0.00188194,0.000750502,0.001097113,0.001163044,0.001908529,0.001878727,0.001565,0.001558,0,0,1.524e-23,8.299e-24
step8000,8000,MLP_OUT,v,hidden,4096,512-1024,5.033165e+07,0.0007247969,0.0007906784,0.0006573399,0.0001336632,0.0001729482,0.001819562,0.001794307,0.001565,0.001558,3.122148e-08,0,1.524e-23,8.299e-24
step12000,12000,Q,u,head,1024,spike,786432,0.04843957,0.0487032,0.02521642,0.07237806,0.07264169,0.005960555,0.006658827,0.001565,0.001536,1.453218e-06,0.0001796541,1.524e-23,1.178e-24
step12000,12000,Q,u,head,1024,32-64,786432,0.03022184,0.03048547,0.007813772,0.03799238,0.03825601,0.004403069,0.005057199,0.001565,0.001536,0,0,1.524e-23,1.178e-24
step12000,12000,Q,u,head,1024,64-128,1572864,0.02816763,0.02843126,0.002463023,0.02570461,0.02596824,0.004018874,0.003652391,0.001565,0.001536,0,0,1.524e-23,1.178e-24
step12000,12000,Q,u,head,1024,128-256,3145728,0.02251393,0.02277756,0.008725166,0.01382585,0.01408291,0.003549485,0.002637954,0.001565,0.001536,0,0,1.524e-23,1.178e-24
step12000,12000,Q,u,head,1024,256-512,6291456,0.008436885,0.008705863,0.004796823,0.003806019,0.00406965,0.002365112,0.002031531,0.001565,0.001536,0,0,1.524e-23,1.178e-24
step12000,12000,Q,u,head,1024,512-1024,1.258291e+07,0.01070393,0.01097291,0.003098567,0.007619506,0.007888485,0.003142425,0.002706902,0.001565,0.001536,0,0,1.524e-23,1.178e-24
step12000,12000,Q,v,residual,1024,spike,786432,0.002754752,0.003018383,0.008453369,0.01105808,0.01132171,0.002000173,0.00276729,0.001565,0.001536,0,0,1.524e-23,1.178e-24
step12000,12000,Q,v,residual,1024,32-64,786432,0.005352066,0.005621045,0.003583272,0.008633201,0.008896831,0.002186911,0.002549853,0.001565,0.001536,0,0,1.524e-23,1.178e-24
step12000,12000,Q,v,residual,1024,64-128,1572864,0.004569167,0.004820278,0.001999537,0.005713826,0.005982805,0.002053306,0.002308437,0.001565,0.001536,0,0,1.524e-23,1.178e-24
step12000,12000,Q,v,residual,1024,128-256,3145728,0.002476523,0.002740376,0.0004873276,0.002723104,0.002992083,0.001937321,0.001986821,0.001565,0.001536,0,0,1.524e-23,1.178e-24
step12000,12000,Q,v,residual,1024,256-512,6291456,0.0004924596,0.0007614385,0.0007106463,0.0002958929,0.0003062673,0.001790705,0.00176977,0.001565,0.001536,0,0,1.524e-23,1.178e-24
step12000,12000,Q,v,residual,1024,512-1024,1.258291e+07,0.0009749549,0.001220776,0.0004711946,0.001329627,0.001598606,0.001894883,0.001929124,0.001565,0.001536,0,0,1.524e-23,1.178e-24
step12000,12000,K,u,head,1024,spike,786432,0.05824831,0.05849943,0.04512151,0.101338,0.1016016,0.006860461,0.007083711,0.001565,0.001536,1.271566e-06,0.0003981817,1.524e-23,1.178e-24
step12000,12000,K,u,head,1024,32-64,786432,0.03678185,0.03704548,0.007359823,0.04414167,0.04440531,0.004905337,0.005651746,0.001565,0.001536,0,0,1.524e-23,1.178e-24
step12000,12000,K,u,head,1024,64-128,1572864,0.03100513,0.03126876,0.001170476,0.03046281,0.03072644,0.004241489,0.004066831,0.001565,0.001536,0,0,1.524e-23,1.178e-24
step12000,12000,K,u,head,1024,128-256,3145728,0.02363259,0.02389622,0.007393519,0.01651119,0.01677482,0.003651301,0.002900578,0.001565,0.001536,0,0,1.524e-23,1.178e-24
step12000,12000,K,u,head,1024,256-512,6291456,0.007491653,0.007755283,0.002559344,0.005113507,0.005377137,0.002328941,0.002067044,0.001565,0.001536,0,0,1.524e-23,1.178e-24
step12000,12000,K,u,head,1024,512-1024,1.258291e+07,0.01052003,0.01078901,0.001262506,0.009257521,0.0095265,0.003068072,0.002878359,0.001565,0.001536,0,0,1.524e-23,1.178e-24
step12000,12000,K,v,residual,1024,spike,786432,0.0008619598,0.0009852684,0.006368001,0.006596152,0.006859783,0.001835959,0.002569834,0.001565,0.001536,0,0,1.524e-23,1.178e-24
step12000,12000,K,v,residual,1024,32-64,786432,0.002889538,0.003153169,0.003574371,0.00613955,0.006390661,0.001964206,0.002320789,0.001565,0.001536,0,0,1.524e-23,1.178e-24
step12000,12000,K,v,residual,1024,64-128,1572864,0.002635366,0.002904345,0.001464844,0.003781432,0.004039217,0.001935596,0.002111253,0.001565,0.001536,0,0,1.524e-23,1.178e-24
step12000,12000,K,v,residual,1024,128-256,3145728,0.001319613,0.001588592,0.0006637573,0.001736118,0.001987229,0.001878466,0.001898993,0.001565,0.001536,0,0,1.524e-23,1.178e-24
step12000,12000,K,v,residual,1024,256-512,6291456,0.0003304383,0.000594291,0.0006766319,0.0003685494,0.0002137735,0.001771564,0.001757077,0.001565,0.001536,0,0,1.524e-23,1.178e-24
step12000,12000,K,v,residual,1024,512-1024,1.258291e+07,0.0001763742,0.0004186721,0.0007274151,0.0008309584,0.001097688,0.001844974,0.001856077,0.001565,0.001536,0,0,1.524e-23,1.178e-24
step12000,12000,V,u,head,1024,spike,786432,0.04826918,0.04853281,0.008019765,0.04160313,0.04187211,0.006849925,0.006808326,0.001565,0.001536,0,2.179827e-06,1.524e-23,1.178e-24
step12000,12000,V,u,head,1024,32-64,786432,0.02931218,0.02958116,0.003224691,0.02659025,0.02685388,0.005171458,0.004884811,0.001565,0.001536,0,0,1.524e-23,1.178e-24
step12000,12000,V,u,head,1024,64-128,1572864,0.01766718,0.01793616,0.00199,0.0159156,0.01618458,0.003836859,0.003542855,0.001565,0.001536,0,0,1.524e-23,1.178e-24
step12000,12000,V,u,head,1024,128-256,3145728,0.007121309,0.00738494,0.002109528,0.005482084,0.005751063,0.002491906,0.002283868,0.001565,0.001536,0,0,1.524e-23,1.178e-24
step12000,12000,V,u,head,1024,256-512,6291456,0.00187912,0.002142751,0.00127697,0.0007153198,0.0009789503,0.001958711,0.001823062,0.001565,0.001536,0,0,1.524e-23,1.178e-24
step12000,12000,V,u,head,1024,512-1024,1.258291e+07,0.002979245,0.003248224,0.0008782546,0.003854638,0.004123617,0.002063615,0.002141748,0.001565,0.001536,0,0,1.524e-23,1.178e-24
step12000,12000,V,v,residual,1024,spike,786432,0.0223126,0.02256371,0.006703695,0.02894265,0.02920628,0.003269196,0.004249754,0.001565,0.001536,0,0,1.524e-23,1.178e-24
step12000,12000,V,v,residual,1024,32-64,786432,0.01849419,0.01875782,0.005123138,0.02336938,0.02363301,0.00296402,0.003504072,0.001565,0.001536,0,0,1.524e-23,1.178e-24
step12000,12000,V,v,residual,1024,64-128,1572864,0.01386697,0.0141306,0.003203074,0.01674325,0.01700688,0.002735501,0.002977371,0.001565,0.001536,0,0,1.524e-23,1.178e-24
step12000,12000,V,v,residual,1024,128-256,3145728,0.006849084,0.007100195,0.001889547,0.008592511,0.008856141,0.002247583,0.002359436,0.001565,0.001536,0,0,1.524e-23,1.178e-24
step12000,12000,V,v,residual,1024,256-512,6291456,0.001228556,0.001492186,0.001052221,0.002155527,0.002419158,0.001847789,0.001885618,0.001565,0.001536,0,0,1.524e-23,1.178e-24
step12000,12000,V,v,residual,1024,512-1024,1.258291e+07,0.003052519,0.003321498,0.001555125,0.004607644,0.004876623,0.002176432,0.002362047,0.001565,0.001536,1.010441e-06,0,1.524e-23,1.178e-24
step12000,12000,O,u,residual,1024,spike,786432,0.006809702,0.007073554,0.007807414,0.01362233,0.01389131,0.002197629,0.002511887,0.001565,0.001536,2.652123e-05,5.413237e-05,1.524e-23,1.178e-24
step12000,12000,O,u,residual,1024,32-64,786432,0.001576011,0.001839641,0.002474467,0.003154339,0.003414878,0.001882644,0.002197447,0.001565,0.001536,0,0,1.524e-23,1.178e-24
step12000,12000,O,u,residual,1024,64-128,1572864,0.000546235,0.000685522,0.002187729,0.00221677,0.002482185,0.001807712,0.001983915,0.001565,0.001536,0,0,1.524e-23,1.178e-24
step12000,12000,O,u,residual,1024,128-256,3145728,0.0004817673,0.0003584587,0.001235008,0.0008860674,0.001120265,0.001771291,0.001846268,0.001565,0.001536,0,0,1.524e-23,1.178e-24
step12000,12000,O,u,residual,1024,256-512,6291456,0.0002673566,0.0003425281,0.0002352397,0.0002361638,0.0003264746,0.001747903,0.001725833,0.001565,0.001536,0,0,1.524e-23,1.178e-24
step12000,12000,O,u,residual,1024,512-1024,1.258291e+07,0.0002187789,0.0004867803,0.0005830129,0.0006023364,0.000814766,0.001777002,0.001815058,0.001565,0.001536,0,0,1.524e-23,1.178e-24
step12000,12000,O,v,head,1024,spike,786432,0.04770714,0.04797078,0.005236308,0.04931313,0.04957676,0.006780534,0.007717496,0.001565,0.001536,1.453218e-06,5.086263e-06,1.524e-23,1.178e-24
step12000,12000,O,v,head,1024,32-64,786432,0.02803171,0.02830069,0.003871918,0.03128692,0.0315559,0.005023048,0.005520775,0.001565,0.001536,0,0,1.524e-23,1.178e-24
step12000,12000,O,v,head,1024,64-128,1572864,0.02359458,0.02386356,0.004594167,0.01900042,0.0192694,0.004502978,0.00378972,0.001565,0.001536,0,0,1.524e-23,1.178e-24
step12000,12000,O,v,head,1024,128-256,3145728,0.01537186,0.01563549,0.008335749,0.007036114,0.007299745,0.00334499,0.002432278,0.001565,0.001536,0,0,1.524e-23,1.178e-24
step12000,12000,O,v,head,1024,256-512,6291456,0.004510467,0.004774097,0.003474871,0.001054987,0.001318617,0.002180304,0.001840864,0.001565,0.001536,0,0,1.524e-23,1.178e-24
step12000,12000,O,v,head,1024,512-1024,1.258291e+07,0.007425036,0.007694015,0.0029579,0.004475181,0.004738811,0.002509503,0.002212638,0.001565,0.001536,4.541306e-08,0,1.524e-23,1.178e-24
step12000,12000,MLP_IN,u,hidden,4096,spike,3145728,0.009572853,0.009612138,0.01305707,0.01215621,0.01222343,0.002891768,0.002412296,0.001565,0.001558,1.130785e-05,2.197992e-05,1.524e-23,8.299e-24
step12000,12000,MLP_IN,u,hidden,4096,32-64,3145728,0.003278955,0.003344837,0.001520157,0.004398392,0.004465607,0.00213396,0.00231039,0.001565,0.001558,0,0,1.524e-23,8.299e-24
step12000,12000,MLP_IN,u,hidden,4096,64-128,6291456,0.002408391,0.002475606,0.0009406408,0.003259387,0.003326602,0.002064591,0.002181961,0.001565,0.001558,0,0,1.524e-23,8.299e-24
step12000,12000,MLP_IN,u,hidden,4096,128-256,1.258291e+07,0.00189142,0.001958635,0.000390927,0.002177626,0.002243557,0.001971824,0.002038956,0.001565,0.001558,0,0,1.524e-23,8.299e-24
step12000,12000,MLP_IN,u,hidden,4096,256-512,2.516582e+07,0.001083658,0.001150873,0.0001267592,0.00103959,0.001106805,0.001901899,0.001885772,0.001565,0.001558,0,0,1.524e-23,8.299e-24
step12000,12000,MLP_IN,u,hidden,4096,512-1024,5.033165e+07,0.0005634487,0.0006306637,0.0004037619,0.0002201246,0.0002786547,0.001838304,0.001775994,0.001565,0.001558,4.512923e-07,0,1.524e-23,8.299e-24
step12000,12000,MLP_IN,v,residual,1024,spike,786432,0.0007633703,0.001014481,0.01349767,0.0135117,0.01378068,0.001869747,0.002841405,0.001565,0.001536,0,0,1.524e-23,1.178e-24
step12000,12000,MLP_IN,v,residual,1024,32-64,786432,0.007718945,0.007982576,0.002770742,0.009867781,0.01011889,0.002248855,0.002534957,0.001565,0.001536,0,0,1.524e-23,1.178e-24
step12000,12000,MLP_IN,v,residual,1024,64-128,1572864,0.008396054,0.008659684,0.00137647,0.008864626,0.009128256,0.002360208,0.002357301,0.001565,0.001536,0,0,1.524e-23,1.178e-24
step12000,12000,MLP_IN,v,residual,1024,128-256,3145728,0.006191795,0.006455425,0.001387596,0.004953112,0.005222091,0.002200581,0.002115976,0.001565,0.001536,0,0,1.524e-23,1.178e-24
step12000,12000,MLP_IN,v,residual,1024,256-512,6291456,0.002241199,0.002504829,0.001070658,0.001261029,0.00151214,0.001888298,0.001822176,0.001565,0.001536,0,0,1.524e-23,1.178e-24
step12000,12000,MLP_IN,v,residual,1024,512-1024,1.258291e+07,0.004014562,0.004278414,0.0004556179,0.003734897,0.003998749,0.002304963,0.002246414,0.001565,0.001536,3.916877e-06,3.178914e-06,1.524e-23,1.178e-24
step12000,12000,MLP_OUT,u,residual,1024,spike,786432,0.01425988,0.01452351,0.02418518,0.03844506,0.03870869,0.002614521,0.003021604,0.001565,0.001536,7.247925e-05,0.000118074,1.524e-23,1.178e-24
step12000,12000,MLP_OUT,u,residual,1024,32-64,786432,0.002606294,0.002851147,0.005299886,0.007228011,0.007479122,0.002110254,0.002653758,0.001565,0.001536,0,0,1.524e-23,1.178e-24
step12000,12000,MLP_OUT,u,residual,1024,64-128,1572864,0.002418349,0.002682202,0.002215703,0.004152203,0.004415834,0.001980373,0.002135504,0.001565,0.001536,0,0,1.524e-23,1.178e-24
step12000,12000,MLP_OUT,u,residual,1024,128-256,3145728,0.001649444,0.001913074,0.0005868276,0.001802665,0.002047518,0.001902126,0.001923652,0.001565,0.001536,0,0,1.524e-23,1.178e-24
step12000,12000,MLP_OUT,u,residual,1024,256-512,6291456,0.0003213784,0.0005852311,0.0003310839,0.0005415921,0.0008052227,0.001804783,0.001785006,0.001565,0.001536,0,0,1.524e-23,1.178e-24
step12000,12000,MLP_OUT,u,residual,1024,512-1024,1.258291e+07,0.0008096632,0.001019062,0.00206542,0.001802469,0.002036666,0.001832758,0.001906951,0.001565,0.001536,0,0,1.524e-23,1.178e-24
step12000,12000,MLP_OUT,v,hidden,4096,spike,3145728,0.01768721,0.01775442,0.007894198,0.009948244,0.01001417,0.004129955,0.002905392,0.001565,0.001558,1.198905e-05,2.447764e-05,1.524e-23,8.299e-24
step12000,12000,MLP_OUT,v,hidden,4096,32-64,3145728,0.006250531,0.006316461,0.0005327861,0.006334668,0.006401883,0.002655892,0.002616019,0.001565,0.001558,1.0445e-06,0,1.524e-23,8.299e-24
step12000,12000,MLP_OUT,v,hidden,4096,64-128,6291456,0.00389962,0.003966835,0.0003202756,0.004016548,0.004082479,0.002244018,0.002331393,0.001565,0.001558,0,0,1.524e-23,8.299e-24
step12000,12000,MLP_OUT,v,hidden,4096,128-256,1.258291e+07,0.002485083,0.002552298,0.0003382365,0.002608107,0.002675322,0.002042634,0.002087775,0.001565,0.001558,0,0,1.524e-23,8.299e-24
step12000,12000,MLP_OUT,v,hidden,4096,256-512,2.516582e+07,0.00181114,0.001873896,0.0006337961,0.001250062,0.001312817,0.001929868,0.001897715,0.001565,0.001558,0,0,1.524e-23,8.299e-24
step12000,12000,MLP_OUT,v,hidden,4096,512-1024,5.033165e+07,0.0007827327,0.0008486141,0.0005857348,0.0002295435,0.0002967585,0.001833947,0.001780561,0.001565,0.001558,1.334009e-07,0,1.524e-23,8.299e-24
step16000,16000,Q,u,head,1024,spike,786432,0.05245633,0.05270744,0.02996063,0.08067884,0.08094248,0.006143661,0.007005964,0.001565,0.001536,1.453218e-06,0.0002128964,1.524e-23,1.178e-24
step16000,16000,Q,u,head,1024,32-64,786432,0.03289595,0.03315958,0.01038996,0.0432732,0.04353683,0.004457201,0.005583809,0.001565,0.001536,0,1.453218e-06,1.524e-23,1.178e-24
step16000,16000,Q,u,head,1024,64-128,1572864,0.03045507,0.03070618,0.001988729,0.02929487,0.0295585,0.004173824,0.003918602,0.001565,0.001536,0,0,1.524e-23,1.178e-24
step16000,16000,Q,u,head,1024,128-256,3145728,0.02668753,0.02695116,0.01071008,0.01604071,0.01630434,0.003741764,0.002782958,0.001565,0.001536,0,0,1.524e-23,1.178e-24
step16000,16000,Q,u,head,1024,256-512,6291456,0.01119477,0.0114584,0.005978902,0.005317911,0.005581542,0.002536637,0.002072629,0.001565,0.001536,0,0,1.524e-23,1.178e-24
step16000,16000,Q,u,head,1024,512-1024,1.258291e+07,0.01393458,0.01420356,0.005070845,0.008863733,0.009132712,0.003487099,0.002869674,0.001565,0.001536,0,0,1.524e-23,1.178e-24
step16000,16000,Q,v,residual,1024,spike,786432,0.002702508,0.002953619,0.00756073,0.009577479,0.009846458,0.001965659,0.002729325,0.001565,0.001536,0,0,1.524e-23,1.178e-24
step16000,16000,Q,v,residual,1024,32-64,786432,0.005780584,0.006049563,0.002683004,0.008132204,0.008395834,0.002189636,0.00247374,0.001565,0.001536,0,0,1.524e-23,1.178e-24
step16000,16000,Q,v,residual,1024,64-128,1572864,0.004243896,0.004512875,0.00148646,0.005560603,0.005829582,0.001997811,0.002249491,0.001565,0.001536,0,0,1.524e-23,1.178e-24
step16000,16000,Q,v,residual,1024,128-256,3145728,0.002694552,0.002928749,0.0006783803,0.002655393,0.002924372,0.001911481,0.0019707,0.001565,0.001536,0,0,1.524e-23,1.178e-24
step16000,16000,Q,v,residual,1024,256-512,6291456,0.0006344164,0.000898047,0.000374794,0.000489132,0.000699292,0.001788571,0.001798811,0.001565,0.001536,0,0,1.524e-23,1.178e-24
step16000,16000,Q,v,residual,1024,512-1024,1.258291e+07,0.001046489,0.001310342,0.0003774166,0.001260032,0.001523885,0.001918702,0.001923334,0.001565,0.001536,0,0,1.524e-23,1.178e-24
step16000,16000,K,u,head,1024,spike,786432,0.06057274,0.06082385,0.04685593,0.1062805,0.1065442,0.007023766,0.007384164,0.001565,0.001536,7.26609e-07,0.0003956386,1.524e-23,1.178e-24
step16000,16000,K,u,head,1024,32-64,786432,0.03759809,0.0378492,0.01021957,0.04781766,0.04806877,0.004974184,0.005773453,0.001565,0.001536,0,0,1.524e-23,1.178e-24
step16000,16000,K,u,head,1024,64-128,1572864,0.03525279,0.03551642,0.001350403,0.03452864,0.03479227,0.00447464,0.004232407,0.001565,0.001536,0,0,1.524e-23,1.178e-24
step16000,16000,K,u,head,1024,128-256,3145728,0.02796291,0.02822654,0.008309046,0.01976946,0.02002057,0.003858884,0.00298055,0.001565,0.001536,0,0,1.524e-23,1.178e-24
step16000,16000,K,u,head,1024,256-512,6291456,0.01075433,0.01101796,0.003888607,0.00692061,0.007171721,0.002523581,0.002155145,0.001565,0.001536,0,0,1.524e-23,1.178e-24
step16000,16000,K,u,head,1024,512-1024,1.258291e+07,0.01411252,0.0143815,0.003052553,0.01105997,0.01132894,0.003446238,0.003097125,0.001565,0.001536,4.541306e-08,0,1.524e-23,1.178e-24
step16000,16000,K,v,residual,1024,spike,786432,0.0005238494,0.0006873617,0.006899516,0.007022127,0.007285758,0.001859574,0.002442496,0.001565,0.001536,0,0,1.524e-23,1.178e-24
step16000,16000,K,v,residual,1024,32-64,786432,0.003180727,0.003444357,0.003346761,0.005418998,0.005663851,0.001963298,0.002282097,0.001565,0.001536,0,0,1.524e-23,1.178e-24
step16000,16000,K,v,residual,1024,64-128,1572864,0.00295555,0.003206661,0.0007076263,0.003277256,0.003528367,0.001927785,0.002098174,0.001565,0.001536,0,0,1.524e-23,1.178e-24
step16000,16000,K,v,residual,1024,128-256,3145728,0.001839225,0.002102856,0.0007937749,0.001241268,0.001486121,0.001877285,0.001897222,0.001565,0.001536,0,0,1.524e-23,1.178e-24
step16000,16000,K,v,residual,1024,256-512,6291456,0.0005754292,0.0008444082,0.0006200473,0.0003417071,0.0005293696,0.001804216,0.001776945,0.001565,0.001536,0,0,1.524e-23,1.178e-24
step16000,16000,K,v,residual,1024,512-1024,1.258291e+07,0.0005376276,0.0007470266,0.0005879402,0.000657702,0.0009213325,0.001846245,0.001861924,0.001565,0.001536,0,0,1.524e-23,1.178e-24
step16000,16000,V,u,head,1024,spike,786432,0.04908425,0.04934788,0.008074443,0.0423559,0.04262488,0.006819044,0.006633577,0.001565,0.001536,0,1.998175e-06,1.524e-23,1.178e-24
step16000,16000,V,u,head,1024,32-64,786432,0.02832848,0.02859211,0.002407074,0.02698521,0.02725419,0.004970006,0.004879179,0.001565,0.001536,0,0,1.524e-23,1.178e-24
step16000,16000,V,u,head,1024,64-128,1572864,0.01870414,0.01897312,0.002852758,0.01596583,0.0162348,0.003848666,0.00344667,0.001565,0.001536,0,0,1.524e-23,1.178e-24
step16000,16000,V,u,head,1024,128-256,3145728,0.008730298,0.008999277,0.002833049,0.006297652,0.006561283,0.002696219,0.002345131,0.001565,0.001536,0,0,1.524e-23,1.178e-24
step16000,16000,V,u,head,1024,256-512,6291456,0.002597855,0.002866834,0.001875401,0.0008590067,0.001122637,0.002012525,0.001821495,0.001565,0.001536,0,0,1.524e-23,1.178e-24
step16000,16000,V,u,head,1024,512-1024,1.258291e+07,0.003732171,0.00400115,0.0003616015,0.004024649,0.00428828,0.002124968,0.002176307,0.001565,0.001536,0,0,1.524e-23,1.178e-24
step16000,16000,V,v,residual,1024,spike,786432,0.0207829,0.02103401,0.009380341,0.03016324,0.03041435,0.003203619,0.004086449,0.001565,0.001536,0,0,1.524e-23,1.178e-24
step16000,16000,V,v,residual,1024,32-64,786432,0.01801343,0.01826454,0.006214142,0.02378899,0.02405262,0.002986545,0.003575643,0.001565,0.001536,0,0,1.524e-23,1.178e-24
step16000,16000,V,v,residual,1024,64-128,1572864,0.01454651,0.01479762,0.004285812,0.01869446,0.0189581,0.00272769,0.002985546,0.001565,0.001536,0,0,1.524e-23,1.178e-24
step16000,16000,V,v,residual,1024,128-256,3145728,0.008204255,0.008455366,0.001983643,0.0101737,0.01043733,0.002273333,0.002412796,0.001565,0.001536,0,0,1.524e-23,1.178e-24
step16000,16000,V,v,residual,1024,256-512,6291456,0.002049073,0.00228327,0.0006752014,0.002626691,0.002877802,0.001882417,0.001901377,0.001565,0.001536,0,0,1.524e-23,1.178e-24
step16000,16000,V,v,residual,1024,512-1024,1.258291e+07,0.003868247,0.004131877,0.001535257,0.005347695,0.005616674,0.002293223,0.002483107,0.001565,0.001536,1.294272e-06,0,1.524e-23,1.178e-24
step16000,16000,O,u,residual,1024,spike,786432,0.008484354,0.008748206,0.008385976,0.01613798,0.01640647,0.002323514,0.002533504,0.001565,0.001536,4.341489e-05,6.194342e-05,1.524e-23,1.178e-24
step16000,16000,O,u,residual,1024,32-64,786432,0.001606528,0.001870159,0.002413432,0.003731315,0.003994945,0.001956758,0.002178919,0.001565,0.001536,0,0,1.524e-23,1.178e-24
step16000,16000,O,u,residual,1024,64-128,1572864,0.0005523265,0.0008161793,0.00176239,0.002133519,0.002397371,0.001811709,0.001983279,0.001565,0.001536,0,0,1.524e-23,1.178e-24
step16000,16000,O,u,residual,1024,128-256,3145728,0.0002456007,0.0004776249,0.0008296967,0.0007159373,0.0009849162,0.001820246,0.001831509,0.001565,0.001536,0,0,1.524e-23,1.178e-24
step16000,16000,O,u,residual,1024,256-512,6291456,0.0001506192,0.000214433,0.0001926422,0.0002770487,0.0003909373,0.001761005,0.001754307,0.001565,0.001536,0,0,1.524e-23,1.178e-24
step16000,16000,O,u,residual,1024,512-1024,1.258291e+07,0.0002524354,0.000409654,0.0008030732,0.0007430957,0.000977293,0.001798164,0.001811311,0.001565,0.001536,0,0,1.524e-23,1.178e-24
step16000,16000,O,v,head,1024,spike,786432,0.04659707,0.0468607,0.007874807,0.04179768,0.04206666,0.006571089,0.006813594,0.001565,0.001536,1.453218e-06,0,1.524e-23,1.178e-24
step16000,16000,O,v,head,1024,32-64,786432,0.0248617,0.02513068,0.00329717,0.02772399,0.02799297,0.004683177,0.004977272,0.001565,0.001536,0,0,1.524e-23,1.178e-24
step16000,16000,O,v,head,1024,64-128,1572864,0.02081685,0.02108583,0.004760742,0.01614384,0.01641282,0.004156203,0.003493173,0.001565,0.001536,0,0,1.524e-23,1.178e-24
step16000,16000,O,v,head,1024,128-256,3145728,0.01469825,0.01496188,0.008880297,0.005978312,0.006247291,0.003258251,0.002330099,0.001565,0.001536,0,0,1.524e-23,1.178e-24
step16000,16000,O,v,head,1024,256-512,6291456,0.004583582,0.004847933,0.003815015,0.0008791189,0.001142972,0.002198923,0.001854533,0.001565,0.001536,0,0,1.524e-23,1.178e-24
step16000,16000,O,v,head,1024,512-1024,1.258291e+07,0.007117238,0.007386217,0.002892335,0.004234616,0.004498247,0.002486683,0.002178419,0.001565,0.001536,7.947286e-08,0,1.524e-23,1.178e-24
step16000,16000,MLP_IN,u,hidden,4096,spike,3145728,0.01030019,0.01033947,0.01435725,0.01536692,0.01543413,0.003042403,0.002571878,0.001565,0.001558,1.244318e-05,2.461388e-05,1.524e-23,8.299e-24
step16000,16000,MLP_IN,u,hidden,4096,32-64,3145728,0.003836678,0.003903892,0.001285553,0.004880951,0.004948166,0.002201852,0.002451533,0.001565,0.001558,0,0,1.524e-23,8.299e-24
step16000,16000,MLP_IN,u,hidden,4096,64-128,6291456,0.002970601,0.003036482,0.001156012,0.004007703,0.004074918,0.002105054,0.002241816,0.001565,0.001558,0,0,1.524e-23,8.299e-24
step16000,16000,MLP_IN,u,hidden,4096,128-256,1.258291e+07,0.002264484,0.002330366,0.0003794829,0.002455042,0.002522257,0.002019122,0.002079646,0.001565,0.001558,0,0,1.524e-23,8.299e-24
step16000,16000,MLP_IN,u,hidden,4096,256-512,2.516582e+07,0.001351982,0.001417913,0.0002358754,0.001178549,0.001245764,0.001930776,0.00191248,0.001565,0.001558,0,0,1.524e-23,8.299e-24
step16000,16000,MLP_IN,u,hidden,4096,512-1024,5.033165e+07,0.0008703372,0.0009362679,0.0006512602,0.0002790933,0.0003449747,0.00186925,0.00179637,0.001565,0.001558,6.897109e-07,0,1.524e-23,8.299e-24
step16000,16000,MLP_IN,v,residual,1024,spike,786432,0.0007388188,0.0008310112,0.01289241,0.01317523,0.01343886,0.001893906,0.002824874,0.001565,0.001536,0,0,1.524e-23,1.178e-24
step16000,16000,MLP_IN,v,residual,1024,32-64,786432,0.007678255,0.007941885,0.003487905,0.01101219,0.0112633,0.002316066,0.002583277,0.001565,0.001536,0,0,1.524e-23,1.178e-24
step16000,16000,MLP_IN,v,residual,1024,64-128,1572864,0.008335019,0.008598649,0.001139959,0.009318575,0.009582205,0.002358845,0.002317883,0.001565,0.001536,0,0,1.524e-23,1.178e-24
step16000,16000,MLP_IN,v,residual,1024,128-256,3145728,0.006846541,0.007097652,0.001721064,0.0052787,0.005532268,0.002238864,0.002099446,0.001565,0.001536,0,0,1.524e-23,1.178e-24
step16000,16000,MLP_IN,v,residual,1024,256-512,6291456,0.002850328,0.003101439,0.001242956,0.001733826,0.002002805,0.001935936,0.001874674,0.001565,0.001536,0,0,1.524e-23,1.178e-24
step16000,16000,MLP_IN,v,residual,1024,512-1024,1.258291e+07,0.005349761,0.00561874,0.001010577,0.004382259,0.004651238,0.002393745,0.002259198,0.001565,0.001536,1.035418e-05,5.722046e-06,1.524e-23,1.178e-24
step16000,16000,MLP_OUT,u,residual,1024,spike,786432,0.0170764,0.01734003,0.02739716,0.04421034,0.04447397,0.002576192,0.002938588,0.001565,0.001536,9.754726e-05,0.0001324245,1.524e-23,1.178e-24
step16000,16000,MLP_OUT,u,residual,1024,32-64,786432,0.002843688,0.003107541,0.003714244,0.006407466,0.006676445,0.002090091,0.002476647,0.001565,0.001536,0,0,1.524e-23,1.178e-24
step16000,16000,MLP_OUT,u,residual,1024,64-128,1572864,0.001859075,0.002128054,0.002387365,0.003970259,0.00422137,0.001980645,0.002152125,0.001565,0.001536,0,0,1.524e-23,1.178e-24
step16000,16000,MLP_OUT,u,residual,1024,128-256,3145728,0.001046351,0.001241446,0.001242638,0.001986231,0.00225521,0.001886595,0.001920428,0.001565,0.001536,0,0,1.524e-23,1.178e-24
step16000,16000,MLP_OUT,u,residual,1024,256-512,6291456,0.0005707281,0.0008218391,0.0002671878,0.0007463631,0.0009974741,0.001791636,0.001789752,0.001565,0.001536,0,0,1.524e-23,1.178e-24
step16000,16000,MLP_OUT,u,residual,1024,512-1024,1.258291e+07,0.0007878081,0.0009972071,0.002019167,0.00171768,0.001968791,0.001837242,0.001909597,0.001565,0.001536,0,0,1.524e-23,1.178e-24
step16000,16000,MLP_OUT,v,hidden,4096,spike,3145728,0.02085764,0.02092357,0.007653236,0.01351435,0.01358028,0.004505248,0.003154301,0.001565,0.001558,2.079918e-05,3.410521e-05,1.524e-23,8.299e-24
step16000,16000,MLP_OUT,v,hidden,4096,32-64,3145728,0.007775352,0.007842567,0.0008602142,0.00717867,0.007245885,0.002911114,0.002848398,0.001565,0.001558,1.861936e-06,0,1.524e-23,8.299e-24
step16000,16000,MLP_OUT,v,hidden,4096,64-128,6291456,0.004910674,0.004977889,0.0005003611,0.005202498,0.005269713,0.00240226,0.002513386,0.001565,0.001558,0,0,1.524e-23,8.299e-24
step16000,16000,MLP_OUT,v,hidden,4096,128-256,1.258291e+07,0.002976145,0.00304336,0.0003696283,0.002940859,0.003008074,0.002071233,0.002146948,0.001565,0.001558,0,0,1.524e-23,8.299e-24
step16000,16000,MLP_OUT,v,hidden,4096,256-512,2.516582e+07,0.001911594,0.001974349,0.0006708304,0.001310691,0.001376572,0.001943923,0.001904493,0.001565,0.001558,0,0,1.524e-23,8.299e-24
step16000,16000,MLP_OUT,v,hidden,4096,512-1024,5.033165e+07,0.0009891435,0.001055025,0.0007952452,0.000279981,0.0003147943,0.00186671,0.001796609,0.001565,0.001558,2.554485e-07,0,1.524e-23,8.299e-24
step24000,24000,Q,u,head,1024,spike,786432,0.05793551,0.05818662,0.03092957,0.08829425,0.08855788,0.006706783,0.007409595,0.001565,0.001536,1.453218e-06,0.0002328782,1.524e-23,1.178e-24
step24000,24000,Q,u,head,1024,32-64,786432,0.03532718,0.03559081,0.01902898,0.05377749,0.0540286,0.004623413,0.0061106,0.001565,0.001536,0,6.902786e-06,1.524e-23,1.178e-24
step24000,24000,Q,u,head,1024,64-128,1572864,0.03496658,0.03521769,0.002237956,0.03608874,0.03633985,0.004462015,0.004544758,0.001565,0.001536,0,7.26609e-07,1.524e-23,1.178e-24
step24000,24000,Q,u,head,1024,128-256,3145728,0.03036362,0.03062725,0.01067193,0.01979426,0.02004537,0.004014923,0.003002621,0.001565,0.001536,0,0,1.524e-23,1.178e-24
step24000,24000,Q,u,head,1024,256-512,6291456,0.01429977,0.01456341,0.006916841,0.007483436,0.007734547,0.002693403,0.002153692,0.001565,0.001536,0,0,1.524e-23,1.178e-24
step24000,24000,Q,u,head,1024,512-1024,1.258291e+07,0.01760408,0.01787306,0.006559531,0.01108834,0.01135732,0.003935167,0.003086544,0.001565,0.001536,4.541306e-08,0,1.524e-23,1.178e-24
step24000,24000,Q,v,residual,1024,spike,786432,0.002800034,0.003069012,0.007794698,0.010404,0.01067298,0.001999265,0.002878643,0.001565,0.001536,0,5.267915e-06,1.524e-23,1.178e-24
step24000,24000,Q,v,residual,1024,32-64,786432,0.005316957,0.005580588,0.00323232,0.007840941,0.008104794,0.002096085,0.002594902,0.001565,0.001536,0,0,1.524e-23,1.178e-24
step24000,24000,Q,v,residual,1024,64-128,1572864,0.004464372,0.004728003,0.001946131,0.005754517,0.006023496,0.002053034,0.002295358,0.001565,0.001536,0,0,1.524e-23,1.178e-24
step24000,24000,Q,v,residual,1024,128-256,3145728,0.002969647,0.003233277,0.0006602605,0.002587431,0.002840999,0.001964615,0.001986504,0.001565,0.001536,0,0,1.524e-23,1.178e-24
step24000,24000,Q,v,residual,1024,256-512,6291456,0.0007569556,0.0009896846,0.0006515185,0.000375261,0.0006391137,0.001821177,0.001803103,0.001565,0.001536,0,0,1.524e-23,1.178e-24
step24000,24000,Q,v,residual,1024,512-1024,1.258291e+07,0.001218945,0.001482798,0.0003972054,0.001511699,0.001780678,0.001952512,0.001932485,0.001565,0.001536,0,0,1.524e-23,1.178e-24
step24000,24000,K,u,head,1024,spike,786432,0.06586118,0.06611229,0.0426,0.1070231,0.1072868,0.007369813,0.00764429,0.001565,0.001536,0,0.000394912,1.524e-23,1.178e-24
step24000,24000,K,u,head,1024,32-64,786432,0.04150434,0.04175545,0.0111351,0.05263944,0.05289055,0.004964556,0.006047748,0.001565,0.001536,0,0,1.524e-23,1.178e-24
step24000,24000,K,u,head,1024,64-128,1572864,0.03794586,0.03819697,0.001567841,0.03787592,0.03812704,0.004622959,0.004354114,0.001565,0.001536,0,0,1.524e-23,1.178e-24
step24000,24000,K,u,head,1024,128-256,3145728,0.03259289,0.032844,0.009589831,0.02301323,0.02326434,0.004109065,0.003086771,0.001565,0.001536,0,0,1.524e-23,1.178e-24
step24000,24000,K,u,head,1024,256-512,6291456,0.01447287,0.0147365,0.006050269,0.008540377,0.008804007,0.002716541,0.002207711,0.001565,0.001536,0,0,1.524e-23,1.178e-24
step24000,24000,K,u,head,1024,512-1024,1.258291e+07,0.01803903,0.01830801,0.005221923,0.01281711,0.01308609,0.003969045,0.003331048,0.001565,0.001536,1.70299e-07,4.541306e-08,1.524e-23,1.178e-24
step24000,24000,K,v,residual,1024,spike,786432,0.001009669,0.001278648,0.005055745,0.005833989,0.006102968,0.001898448,0.002336593,0.001565,0.001536,0,0,1.524e-23,1.178e-24
step24000,24000,K,v,residual,1024,32-64,786432,0.002780314,0.002995332,0.00226593,0.004786219,0.005055198,0.001974378,0.00225158,0.001565,0.001536,0,0,1.524e-23,1.178e-24
step24000,24000,K,v,residual,1024,64-128,1572864,0.003088538,0.003352169,0.0005633036,0.003045867,0.00330972,0.001973379,0.002049673,0.001565,0.001536,0,0,1.524e-23,1.178e-24
step24000,24000,K,v,residual,1024,128-256,3145728,0.001709724,0.001943921,0.0006198883,0.001381461,0.001645092,0.001872108,0.001898084,0.001565,0.001536,0,0,1.524e-23,1.178e-24
step24000,24000,K,v,residual,1024,256-512,6291456,0.0005502602,0.000814113,0.0007985433,0.0002903481,0.0004172028,0.001763389,0.00177699,0.001565,0.001536,0,0,1.524e-23,1.178e-24
step24000,24000,K,v,residual,1024,512-1024,1.258291e+07,0.0006465813,0.0009104341,0.0002940496,0.0005616284,0.0007710274,0.001871427,0.001833155,0.001565,0.001536,0,0,1.524e-23,1.178e-24
step24000,24000,V,u,head,1024,spike,786432,0.05171766,0.05198129,0.0126152,0.04087834,0.04114732,0.006650289,0.006419227,0.001565,0.001536,0,2.724784e-06,1.524e-23,1.178e-24
step24000,24000,V,u,head,1024,32-64,786432,0.02832212,0.02858576,0.00224177,0.02614089,0.02640987,0.004684993,0.004619235,0.001565,0.001536,0,0,1.524e-23,1.178e-24
step24000,24000,V,u,head,1024,64-128,1572864,0.01900677,0.01927575,0.002859116,0.01625306,0.01651669,0.003851845,0.003379913,0.001565,0.001536,0,0,1.524e-23,1.178e-24
step24000,24000,V,u,head,1024,128-256,3145728,0.01106984,0.01133347,0.004049937,0.007120038,0.007383668,0.002935955,0.002426193,0.001565,0.001536,0,0,1.524e-23,1.178e-24
step24000,24000,V,u,head,1024,256-512,6291456,0.003849888,0.004113519,0.002753099,0.00109679,0.00136042,0.002119882,0.001863661,0.001565,0.001536,0,0,1.524e-23,1.178e-24
step24000,24000,V,u,head,1024,512-1024,1.258291e+07,0.004854089,0.005123068,0.0006389618,0.004295474,0.004564453,0.002243121,0.002199094,0.001565,0.001536,0,0,1.524e-23,1.178e-24
step24000,24000,V,v,residual,1024,spike,786432,0.01857419,0.0188253,0.01026535,0.02862465,0.02887576,0.002922785,0.003989628,0.001565,0.001536,0,0,1.524e-23,1.178e-24
step24000,24000,V,v,residual,1024,32-64,786432,0.0175671,0.0178013,0.005847931,0.02282133,0.02308496,0.002914429,0.003272647,0.001565,0.001536,0,0,1.524e-23,1.178e-24
step24000,24000,V,v,residual,1024,64-128,1572864,0.01368374,0.01391794,0.004741033,0.01838536,0.01863648,0.002588363,0.002940677,0.001565,0.001536,0,0,1.524e-23,1.178e-24
step24000,24000,V,v,residual,1024,128-256,3145728,0.009202434,0.009453545,0.001691182,0.01081637,0.01106748,0.002260889,0.002327283,0.001565,0.001536,0,0,1.524e-23,1.178e-24
step24000,24000,V,v,residual,1024,256-512,6291456,0.0033386,0.003572797,0.0007468859,0.004024619,0.00427573,0.001924946,0.001943452,0.001565,0.001536,0,0,1.524e-23,1.178e-24
step24000,24000,V,v,residual,1024,512-1024,1.258291e+07,0.004728999,0.004997978,0.00130709,0.005961011,0.006224864,0.002417042,0.002576862,0.001565,0.001536,1.964115e-06,3.633045e-07,1.524e-23,1.178e-24
step24000,24000,O,u,residual,1024,spike,786432,0.01083301,0.01109664,0.009426117,0.02009841,0.02036739,0.002337501,0.002488091,0.001565,0.001536,5.685715e-05,6.793794e-05,1.524e-23,1.178e-24
step24000,24000,O,u,residual,1024,32-64,786432,0.001272237,0.001487255,0.002962748,0.003648663,0.003912294,0.001920428,0.002147856,0.001565,0.001536,0,0,1.524e-23,1.178e-24
step24000,24000,O,u,residual,1024,64-128,1572864,0.0006059468,0.0008749258,0.001602809,0.001955573,0.002219204,0.001825242,0.001992907,0.001565,0.001536,0,0,1.524e-23,1.178e-24
step24000,24000,O,u,residual,1024,128-256,3145728,0.000699089,0.000968068,0.0004981359,0.0006955922,0.0009645712,0.001786277,0.00184209,0.001565,0.001536,0,0,1.524e-23,1.178e-24
step24000,24000,O,u,residual,1024,256-512,6291456,0.0002676744,0.0003266487,0.0003461838,0.0003681299,0.0005632251,0.001771246,0.001752967,0.001565,0.001536,0,0,1.524e-23,1.178e-24
step24000,24000,O,u,residual,1024,512-1024,1.258291e+07,0.000243779,0.0005073584,0.0005145073,0.000631048,0.000882159,0.001774981,0.001791261,0.001565,0.001536,0,0,1.524e-23,1.178e-24
step24000,24000,O,v,head,1024,spike,786432,0.04709541,0.04734652,0.01335271,0.03586074,0.03612972,0.006458464,0.006069728,0.001565,0.001536,1.998175e-06,1.453218e-06,1.524e-23,1.178e-24
step24000,24000,O,v,head,1024,32-64,786432,0.02258991,0.02285354,0.001764933,0.02424753,0.02451651,0.004195259,0.004512242,0.001565,0.001536,7.26609e-07,0,1.524e-23,1.178e-24
step24000,24000,O,v,head,1024,64-128,1572864,0.01780246,0.01806609,0.003152212,0.01478073,0.01504971,0.00381615,0.003326416,0.001565,0.001536,0,0,1.524e-23,1.178e-24
step24000,24000,O,v,head,1024,128-256,3145728,0.01446283,0.01473181,0.008680026,0.005782809,0.006051788,0.003291584,0.002272742,0.001565,0.001536,0,0,1.524e-23,1.178e-24
step24000,24000,O,v,head,1024,256-512,6291456,0.00546301,0.005731989,0.004599253,0.0009562815,0.001219912,0.002220245,0.001832213,0.001565,0.001536,0,0,1.524e-23,1.178e-24
step24000,24000,O,v,head,1024,512-1024,1.258291e+07,0.007021173,0.007284804,0.003363291,0.003684903,0.003948533,0.002495266,0.002159005,0.001565,0.001536,9.082613e-08,0,1.524e-23,1.178e-24
step24000,24000,MLP_IN,u,hidden,4096,spike,3145728,0.01100635,0.01105867,0.01530615,0.01858303,0.01865024,0.003177189,0.002838543,0.001565,0.001558,1.385098e-05,2.688453e-05,1.524e-23,8.299e-24
step24000,24000,MLP_IN,u,hidden,4096,32-64,3145728,0.004720519,0.00478645,0.002128919,0.006648427,0.006715642,0.002322197,0.00262869,0.001565,0.001558,1.816523e-07,0,1.524e-23,8.299e-24
step24000,24000,MLP_IN,u,hidden,4096,64-128,6291456,0.003854638,0.003921853,0.001171271,0.004784733,0.004850664,0.002202556,0.002369427,0.001565,0.001558,0,0,1.524e-23,8.299e-24
step24000,24000,MLP_IN,u,hidden,4096,128-256,1.258291e+07,0.003131753,0.003198968,0.0001838207,0.003219271,0.003285153,0.002133721,0.002164171,0.001565,0.001558,0,0,1.524e-23,8.299e-24
step24000,24000,MLP_IN,u,hidden,4096,256-512,2.516582e+07,0.001762118,0.001829333,0.0003462235,0.00160798,0.001675195,0.001977773,0.001926978,0.001565,0.001558,0,0,1.524e-23,8.299e-24
step24000,24000,MLP_IN,u,hidden,4096,512-1024,5.033165e+07,0.001209979,0.00127586,0.0009938876,0.0002701617,0.0003340671,0.001920947,0.001802098,0.001565,0.001558,1.126812e-06,0,1.524e-23,8.299e-24
step24000,24000,MLP_IN,v,residual,1024,spike,786432,0.001049212,0.001244307,0.01289241,0.01292982,0.01319345,0.0019108,0.002726782,0.001565,0.001536,0,0,1.524e-23,1.178e-24
step24000,24000,MLP_IN,v,residual,1024,32-64,786432,0.007452693,0.007721672,0.004346212,0.0116022,0.01185331,0.00228573,0.002599625,0.001565,0.001536,0,0,1.524e-23,1.178e-24
step24000,24000,MLP_IN,v,residual,1024,64-128,1572864,0.009231998,0.009483109,0.0008150736,0.008580431,0.008844061,0.00235721,0.002331961,0.001565,0.001536,0,0,1.524e-23,1.178e-24
step24000,24000,MLP_IN,v,residual,1024,128-256,3145728,0.007563814,0.007827445,0.002403577,0.005282833,0.005533944,0.002265976,0.002103942,0.001565,0.001536,0,0,1.524e-23,1.178e-24
step24000,24000,MLP_IN,v,residual,1024,256-512,6291456,0.004003638,0.004254749,0.001925945,0.002207343,0.002470974,0.001974129,0.001881622,0.001565,0.001536,0,0,1.524e-23,1.178e-24
step24000,24000,MLP_IN,v,residual,1024,512-1024,1.258291e+07,0.006682203,0.006951182,0.001484871,0.005335218,0.005604197,0.002419722,0.002273798,0.001565,0.001536,1.930055e-05,9.128026e-06,1.524e-23,1.178e-24
step24000,24000,MLP_OUT,u,residual,1024,spike,786432,0.01998193,0.02024556,0.02822622,0.04812803,0.04839166,0.00260017,0.002736046,0.001565,0.001536,0.0001338777,0.0001447768,1.524e-23,1.178e-24
step24000,24000,MLP_OUT,u,residual,1024,32-64,786432,0.002475323,0.002720176,0.003939311,0.005670453,0.005934083,0.002157847,0.002397991,0.001565,0.001536,0,0,1.524e-23,1.178e-24
step24000,24000,MLP_OUT,u,residual,1024,64-128,1572864,0.001722241,0.001985871,0.002281189,0.003606582,0.00384078,0.002009528,0.002120881,0.001565,0.001536,0,0,1.524e-23,1.178e-24
step24000,24000,MLP_OUT,u,residual,1024,128-256,3145728,0.001299445,0.001563076,0.0008627574,0.001969441,0.002203639,0.001899083,0.001905396,0.001565,0.001536,0,0,1.524e-23,1.178e-24
step24000,24000,MLP_OUT,u,residual,1024,256-512,6291456,0.0005576173,0.0007726352,0.0004917781,0.0008885182,0.001083613,0.001827308,0.001819429,0.001565,0.001536,0,0,1.524e-23,1.178e-24
step24000,24000,MLP_OUT,u,residual,1024,512-1024,1.258291e+07,0.0009481049,0.001157504,0.001675685,0.001831477,0.002079259,0.001857848,0.001888343,0.001565,0.001536,0,0,1.524e-23,1.178e-24
step24000,24000,MLP_OUT,v,hidden,4096,spike,3145728,0.0252598,0.02532573,0.006541888,0.01872841,0.01879434,0.004976954,0.003593899,0.001565,0.001558,3.029051e-05,5.240667e-05,1.524e-23,8.299e-24
step24000,24000,MLP_OUT,v,hidden,4096,32-64,3145728,0.01075601,0.01082194,0.0009978612,0.009844508,0.009911723,0.003277007,0.003298215,0.001565,0.001558,3.133501e-06,3.633045e-07,1.524e-23,8.299e-24
step24000,24000,MLP_OUT,v,hidden,4096,64-128,6291456,0.006160305,0.00622752,0.0002485911,0.006215086,0.006281016,0.002620243,0.002713567,0.001565,0.001558,1.816523e-07,0,1.524e-23,8.299e-24
step24000,24000,MLP_OUT,v,hidden,4096,128-256,1.258291e+07,0.003558443,0.003625658,0.0003619989,0.003848678,0.003915893,0.002194359,0.002264261,0.001565,0.001558,0,0,1.524e-23,8.299e-24
step24000,24000,MLP_OUT,v,hidden,4096,256-512,2.516582e+07,0.002239114,0.002306329,0.0007675091,0.001561513,0.001627443,0.001997488,0.00195287,0.001565,0.001558,0,0,1.524e-23,8.299e-24
step24000,24000,MLP_OUT,v,hidden,4096,512-1024,5.033165e+07,0.001210219,0.001277434,0.001096527,0.0001477934,0.0002105486,0.001894199,0.001788877,0.001565,0.001558,4.371007e-07,0,1.524e-23,8.299e-24
step32000,32000,Q,u,head,1024,spike,786432,0.06379616,0.06404727,0.03551229,0.09928683,0.09953794,0.007154192,0.008538382,0.001565,0.001536,1.453218e-06,0.0002259754,1.524e-23,1.178e-24
step32000,32000,Q,u,head,1024,32-64,786432,0.03853788,0.03880151,0.02518463,0.06327609,0.0635272,0.005087353,0.007179624,0.001565,0.001536,0,2.906436e-06,1.524e-23,1.178e-24
step32000,32000,Q,u,head,1024,64-128,1572864,0.03766993,0.03792104,0.007506053,0.04439206,0.04464317,0.004700615,0.005179723,0.001565,0.001536,0,0,1.524e-23,1.178e-24
step32000,32000,Q,u,head,1024,128-256,3145728,0.0326215,0.03287261,0.007565498,0.02507444,0.02532555,0.004134451,0.003420603,0.001565,0.001536,0,0,1.524e-23,1.178e-24
step32000,32000,Q,u,head,1024,256-512,6291456,0.01626991,0.01653354,0.007096132,0.00920164,0.009452751,0.002789565,0.002289976,0.001565,0.001536,0,0,1.524e-23,1.178e-24
step32000,32000,Q,u,head,1024,512-1024,1.258291e+07,0.01983758,0.02010656,0.006118933,0.01382643,0.01409006,0.00418294,0.003319218,0.001565,0.001536,4.541306e-08,9.082613e-08,1.524e-23,1.178e-24
step32000,32000,Q,v,residual,1024,spike,786432,0.002043873,0.002307726,0.01103465,0.01251275,0.01277638,0.001989819,0.003059387,0.001565,0.001536,0,1.435053e-05,1.524e-23,1.178e-24
step32000,32000,Q,v,residual,1024,32-64,786432,0.004894687,0.005145798,0.004922231,0.009543642,0.009807272,0.002058847,0.002683912,0.001565,0.001536,0,0,1.524e-23,1.178e-24
step32000,32000,Q,v,residual,1024,64-128,1572864,0.004166826,0.004430457,0.002367655,0.005880261,0.006143891,0.002048311,0.002319154,0.001565,0.001536,0,0,1.524e-23,1.178e-24
step32000,32000,Q,v,residual,1024,128-256,3145728,0.00260439,0.00286802,0.0005626678,0.002328601,0.002597579,0.001931418,0.001997357,0.001565,0.001536,0,0,1.524e-23,1.178e-24
step32000,32000,Q,v,residual,1024,256-512,6291456,0.00107708,0.001340711,0.001036485,0.0002549606,0.0004735878,0.001806668,0.001772994,0.001565,0.001536,0,0,1.524e-23,1.178e-24
step32000,32000,Q,v,residual,1024,512-1024,1.258291e+07,0.001387419,0.001648975,0.0003313224,0.001649028,0.001918007,0.001984903,0.001922062,0.001565,0.001536,0,0,1.524e-23,1.178e-24
step32000,32000,K,u,head,1024,spike,786432,0.07064227,0.07089338,0.03836187,0.1065781,0.1068417,0.007708595,0.007956005,0.001565,0.001536,0,0.0003618513,1.524e-23,1.178e-24
step32000,32000,K,u,head,1024,32-64,786432,0.04338128,0.04364491,0.01293182,0.05591499,0.0561661,0.005238124,0.006248111,0.001565,0.001536,0,0,1.524e-23,1.178e-24
step32000,32000,K,u,head,1024,64-128,1572864,0.03983096,0.04008207,0.002182643,0.04083613,0.04108724,0.00475611,0.00451533,0.001565,0.001536,0,0,1.524e-23,1.178e-24
step32000,32000,K,u,head,1024,128-256,3145728,0.03446431,0.03471542,0.01003583,0.02472412,0.02497523,0.00417782,0.003156662,0.001565,0.001536,0,0,1.524e-23,1.178e-24
step32000,32000,K,u,head,1024,256-512,6291456,0.01650531,0.01676894,0.007315636,0.009212925,0.009464036,0.002824079,0.002263909,0.001565,0.001536,0,0,1.524e-23,1.178e-24
step32000,32000,K,u,head,1024,512-1024,1.258291e+07,0.0205375,0.02080648,0.006707748,0.01382975,0.01409873,0.004215649,0.003469524,0.001565,0.001536,3.519512e-07,0,1.524e-23,1.178e-24
step32000,32000,K,v,residual,1024,spike,786432,0.001319931,0.00158891,0.004172007,0.005296612,0.005560243,0.001964569,0.002383096,0.001565,0.001536,0,0,1.524e-23,1.178e-24
step32000,32000,K,v,residual,1024,32-64,786432,0.00256988,0.002838859,0.002002716,0.003428187,0.003697166,0.001924969,0.002153306,0.001565,0.001536,0,0,1.524e-23,1.178e-24
step32000,32000,K,v,residual,1024,64-128,1572864,0.002108087,0.00237194,0.0007661184,0.002845669,0.0031093,0.001967112,0.002058847,0.001565,0.001536,0,0,1.524e-23,1.178e-24
step32000,32000,K,v,residual,1024,128-256,3145728,0.001906618,0.002170249,0.001022339,0.001009987,0.001278966,0.001852081,0.001858711,0.001565,0.001536,0,0,1.524e-23,1.178e-24
step32000,32000,K,v,residual,1024,256-512,6291456,0.0003658832,0.0006297359,0.0003608068,0.0002066651,0.0004216831,0.00178546,0.00175081,0.001565,0.001536,0,0,1.524e-23,1.178e-24
step32000,32000,K,v,residual,1024,512-1024,1.258291e+07,0.0007665615,0.00103554,0.0003445943,0.0004608533,0.000724706,0.001871892,0.001816477,0.001565,0.001536,0,0,1.524e-23,1.178e-24
step32000,32000,V,u,head,1024,spike,786432,0.05223138,0.05249501,0.01554871,0.03815641,0.03842005,0.006589799,0.005934579,0.001565,0.001536,0,0,1.524e-23,1.178e-24
step32000,32000,V,u,head,1024,32-64,786432,0.02729851,0.02756215,0.00136439,0.02661441,0.02687804,0.004403796,0.004599072,0.001565,0.001536,0,0,1.524e-23,1.178e-24
step32000,32000,V,u,head,1024,64-128,1572864,0.01815737,0.01842635,0.00177447,0.01645513,0.01670624,0.003714334,0.003327233,0.001565,0.001536,0,0,1.524e-23,1.178e-24
step32000,32000,V,u,head,1024,128-256,3145728,0.01233423,0.01260321,0.005462964,0.007013544,0.007277174,0.003047444,0.002369336,0.001565,0.001536,0,0,1.524e-23,1.178e-24
step32000,32000,V,u,head,1024,256-512,6291456,0.004347865,0.004611496,0.00333341,0.001255081,0.00152406,0.002227034,0.001880714,0.001565,0.001536,0,0,1.524e-23,1.178e-24
step32000,32000,V,u,head,1024,512-1024,1.258291e+07,0.005450949,0.005714579,0.00130105,0.004323926,0.004592905,0.002331064,0.002233687,0.001565,0.001536,0,0,1.524e-23,1.178e-24
step32000,32000,V,v,residual,1024,spike,786432,0.01684232,0.01709343,0.01032257,0.02716489,0.027416,0.002834683,0.003711519,0.001565,0.001536,0,0,1.524e-23,1.178e-24
step32000,32000,V,v,residual,1024,32-64,786432,0.01585558,0.0161067,0.006521861,0.02237744,0.02262856,0.002689543,0.003187997,0.001565,0.001536,0,0,1.524e-23,1.178e-24
step32000,32000,V,v,residual,1024,64-128,1572864,0.01351336,0.01376447,0.003840129,0.01725812,0.01750923,0.002516065,0.002842494,0.001565,0.001536,0,0,1.524e-23,1.178e-24
step32000,32000,V,v,residual,1024,128-256,3145728,0.008712873,0.00894707,0.001673063,0.01028612,0.01052031,0.002232234,0.002306938,0.001565,0.001536,0,0,1.524e-23,1.178e-24
step32000,32000,V,v,residual,1024,256-512,6291456,0.003800973,0.00403517,0.0004747709,0.004118388,0.004352585,0.001943838,0.00192095,0.001565,0.001536,0,0,1.524e-23,1.178e-24
step32000,32000,V,v,residual,1024,512-1024,1.258291e+07,0.005071765,0.005340744,0.0008758704,0.005807207,0.006076186,0.002456188,0.002571708,0.001565,0.001536,2.633958e-06,1.14668e-06,1.524e-23,1.178e-24
step32000,32000,O,u,residual,1024,spike,786432,0.0116531,0.01191695,0.01091258,0.02246734,0.02273632,0.0024385,0.002559844,0.001565,0.001536,6.158011e-05,7.338751e-05,1.524e-23,1.178e-24
step32000,32000,O,u,residual,1024,32-64,786432,0.00151363,0.001777483,0.00186793,0.003238262,0.003491554,0.001987821,0.002170563,0.001565,0.001536,0,0,1.524e-23,1.178e-24
step32000,32000,O,u,residual,1024,64-128,1572864,0.0005041401,0.0007049173,0.001784007,0.001985981,0.002237092,0.001845042,0.001980464,0.001565,0.001536,0,0,1.524e-23,1.178e-24
step32000,32000,O,u,residual,1024,128-256,3145728,0.0004790561,0.0006901212,0.0004790624,0.0006780981,0.0008931161,0.001802581,0.00180576,0.001565,0.001536,0,0,1.524e-23,1.178e-24
step32000,32000,O,u,residual,1024,256-512,6291456,0.0002300786,0.000470091,0.0002198219,0.0004182319,0.0006872109,0.001778512,0.001769634,0.001565,0.001536,0,0,1.524e-23,1.178e-24
step32000,32000,O,u,residual,1024,512-1024,1.258291e+07,8.357172e-05,0.0003525507,0.0004599094,0.0004654571,0.0007290877,0.001758167,0.001824742,0.001565,0.001536,0,0,1.524e-23,1.178e-24
step32000,32000,O,v,head,1024,spike,786432,0.04745526,0.04771773,0.0159289,0.03300149,0.03326743,0.006267911,0.005718776,0.001565,0.001536,2.724784e-06,0,1.524e-23,1.178e-24
step32000,32000,O,v,head,1024,32-64,786432,0.02142847,0.02169745,0.001580556,0.02294291,0.02321189,0.004062289,0.004225413,0.001565,0.001536,0,0,1.524e-23,1.178e-24
step32000,32000,O,v,head,1024,64-128,1572864,0.01730401,0.01756764,0.00389417,0.01344304,0.01371202,0.003620511,0.003070922,0.001565,0.001536,0,0,1.524e-23,1.178e-24
step32000,32000,O,v,head,1024,128-256,3145728,0.01496051,0.01522414,0.008605321,0.006388251,0.006651882,0.003242311,0.002280689,0.001565,0.001536,0,0,1.524e-23,1.178e-24
step32000,32000,O,v,head,1024,256-512,6291456,0.005769317,0.006032947,0.004635493,0.001137798,0.001401428,0.002275331,0.00185551,0.001565,0.001536,0,0,1.524e-23,1.178e-24
step32000,32000,O,v,head,1024,512-1024,1.258291e+07,0.007408903,0.007677882,0.003875097,0.003570706,0.003834558,0.002552748,0.002164727,0.001565,0.001536,1.816523e-07,0,1.524e-23,1.178e-24
step32000,32000,MLP_IN,u,hidden,4096,spike,3145728,0.01188437,0.01193669,0.01630147,0.02043125,0.02049846,0.003201893,0.002968334,0.001565,0.001558,1.59854e-05,2.960932e-05,1.524e-23,8.299e-24
step32000,32000,MLP_IN,u,hidden,4096,32-64,3145728,0.005762464,0.005829679,0.002045314,0.007449935,0.007515866,0.002431325,0.002750079,0.001565,0.001558,0,1.816523e-07,1.524e-23,8.299e-24
step32000,32000,MLP_IN,u,hidden,4096,64-128,6291456,0.005091713,0.005158928,0.0009109179,0.005493949,0.00555988,0.002308777,0.002462546,0.001565,0.001558,0,0,1.524e-23,8.299e-24
step32000,32000,MLP_IN,u,hidden,4096,128-256,1.258291e+07,0.003707773,0.003774988,0.0001591047,0.003576563,0.003643778,0.002209925,0.002200127,0.001565,0.001558,0,0,1.524e-23,8.299e-24
step32000,32000,MLP_IN,u,hidden,4096,256-512,2.516582e+07,0.002185986,0.002253201,0.0005820195,0.001622285,0.0016895,0.002018548,0.001964853,0.001565,0.001558,0,0,1.524e-23,8.299e-24
step32000,32000,MLP_IN,u,hidden,4096,512-1024,5.033165e+07,0.001537214,0.001603145,0.001319488,0.0003089806,0.0003749113,0.001959202,0.001804905,0.001565,0.001558,1.33117e-06,0,1.524e-23,8.299e-24
step32000,32000,MLP_IN,v,residual,1024,spike,786432,0.0008699216,0.001065017,0.01236216,0.01248477,0.0127484,0.001911527,0.002658481,0.001565,0.001536,0,0,1.524e-23,1.178e-24
step32000,32000,MLP_IN,v,residual,1024,32-64,786432,0.008380049,0.00863116,0.002466838,0.01051501,0.01076612,0.002264114,0.002405076,0.001565,0.001536,0,0,1.524e-23,1.178e-24
step32000,32000,MLP_IN,v,residual,1024,64-128,1572864,0.009478156,0.009741787,0.001432419,0.008169605,0.008420716,0.002380371,0.002237592,0.001565,0.001536,0,0,1.524e-23,1.178e-24
step32000,32000,MLP_IN,v,residual,1024,128-256,3145728,0.007988089,0.008248969,0.00376002,0.004619821,0.004883452,0.002257211,0.00207792,0.001565,0.001536,0,0,1.524e-23,1.178e-24
step32000,32000,MLP_IN,v,residual,1024,256-512,6291456,0.004430398,0.004679452,0.002320449,0.002168927,0.002420038,0.001979646,0.001866023,0.001565,0.001536,0,0,1.524e-23,1.178e-24
step32000,32000,MLP_IN,v,residual,1024,512-1024,1.258291e+07,0.006985093,0.007248723,0.001834551,0.005288329,0.005557308,0.002433834,0.002246221,0.001565,0.001536,2.019746e-05,9.434564e-06,1.524e-23,1.178e-24
step32000,32000,MLP_OUT,u,residual,1024,spike,786432,0.02204313,0.02230676,0.02991994,0.05123309,0.0514842,0.002657936,0.002698263,0.001565,0.001536,0.0001413255,0.0001529512,1.524e-23,1.178e-24
step32000,32000,MLP_OUT,u,residual,1024,32-64,786432,0.003136998,0.003405977,0.003344218,0.006481216,0.006750195,0.002205622,0.002512069,0.001565,0.001536,0,0,1.524e-23,1.178e-24
step32000,32000,MLP_OUT,u,residual,1024,64-128,1572864,0.002396052,0.002630249,0.001792908,0.003389899,0.00365353,0.002008438,0.002100082,0.001565,0.001536,0,0,1.524e-23,1.178e-24
step32000,32000,MLP_OUT,u,residual,1024,128-256,3145728,0.001018319,0.001275702,0.001477242,0.002287024,0.002538135,0.001886232,0.001914161,0.001565,0.001536,0,0,1.524e-23,1.178e-24
step32000,32000,MLP_OUT,u,residual,1024,256-512,6291456,0.0006329859,0.0008966165,0.0006888707,0.001161196,0.001334682,0.001771427,0.001761209,0.001565,0.001536,0,0,1.524e-23,1.178e-24
step32000,32000,MLP_OUT,u,residual,1024,512-1024,1.258291e+07,0.001066361,0.001275759,0.001535495,0.001731988,0.001947006,0.001851513,0.001890126,0.001565,0.001536,0,0,1.524e-23,1.178e-24
step32000,32000,MLP_OUT,v,hidden,4096,spike,3145728,0.02851109,0.02857831,0.005575816,0.02355241,0.02361834,0.005337942,0.003936313,0.001565,0.001558,3.760202e-05,7.184347e-05,1.524e-23,8.299e-24
step32000,32000,MLP_OUT,v,hidden,4096,32-64,3145728,0.01275608,0.01282329,0.001129468,0.01210387,0.0121698,0.003601483,0.003618831,0.001565,0.001558,5.177089e-06,3.633045e-07,1.524e-23,8.299e-24
step32000,32000,MLP_OUT,v,hidden,4096,64-128,6291456,0.007347471,0.007414686,0.0005459785,0.007741124,0.007807054,0.00281779,0.002947762,0.001565,0.001558,7.039025e-07,0,1.524e-23,8.299e-24
step32000,32000,MLP_OUT,v,hidden,4096,128-256,1.258291e+07,0.00432019,0.004387405,0.0003320376,0.004366761,0.004433976,0.002315839,0.002328453,0.001565,0.001558,4.541306e-08,0,1.524e-23,8.299e-24
step32000,32000,MLP_OUT,v,hidden,4096,256-512,2.516582e+07,0.002649552,0.002716767,0.0008605719,0.001841392,0.001908607,0.002043826,0.001981043,0.001565,0.001558,2.270653e-08,0,1.524e-23,8.299e-24
step32000,32000,MLP_OUT,v,hidden,4096,512-1024,5.033165e+07,0.00150075,0.001566632,0.001246373,0.0002581017,0.0003234613,0.001938862,0.001791858,0.001565,0.001558,6.159147e-07,0,1.524e-23,8.299e-24
step48000,48000,Q,u,head,1024,spike,786432,0.0712488,0.07149991,0.05255508,0.1238039,0.124055,0.00766627,0.009794326,0.001565,0.001536,1.271566e-06,0.0002610343,1.524e-23,1.178e-24
step48000,48000,Q,u,head,1024,32-64,786432,0.04438963,0.04465326,0.03941727,0.08334775,0.08359886,0.005723862,0.00844792,0.001565,0.001536,0,9.264265e-06,1.524e-23,1.178e-24
step48000,48000,Q,u,head,1024,64-128,1572864,0.04295201,0.04320313,0.01587359,0.05826993,0.05852104,0.005309877,0.006337665,0.001565,0.001536,0,7.26609e-07,1.524e-23,1.178e-24
step48000,48000,Q,u,head,1024,128-256,3145728,0.03613674,0.03638785,0.00399367,0.03318257,0.03343369,0.004405249,0.0040206,0.001565,0.001536,0,0,1.524e-23,1.178e-24
step48000,48000,Q,u,head,1024,256-512,6291456,0.0181771,0.01844073,0.005102158,0.0130769,0.01333857,0.002900373,0.002585252,0.001565,0.001536,0,0,1.524e-23,1.178e-24
step48000,48000,Q,u,head,1024,512-1024,1.258291e+07,0.02333669,0.02360567,0.005358378,0.01870813,0.01897176,0.004479351,0.003652822,0.001565,0.001536,3.519512e-07,4.541306e-08,1.524e-23,1.178e-24
step48000,48000,Q,v,residual,1024,spike,786432,0.002201547,0.0024654,0.01400503,0.01570311,0.01596674,0.002066839,0.003332229,0.001565,0.001536,0,1.525879e-05,1.524e-23,1.178e-24
step48000,48000,Q,v,residual,1024,32-64,786432,0.004932449,0.005201428,0.006629944,0.01146498,0.01173346,0.002039955,0.002920423,0.001565,0.001536,0,0,1.524e-23,1.178e-24
step48000,48000,Q,v,residual,1024,64-128,1572864,0.005107675,0.005358786,0.003075282,0.007421399,0.007685029,0.00207456,0.002532868,0.001565,0.001536,0,0,1.524e-23,1.178e-24
step48000,48000,Q,v,residual,1024,128-256,3145728,0.003061081,0.003295278,0.001078288,0.003524508,0.003793487,0.001940409,0.002090954,0.001565,0.001536,0,0,1.524e-23,1.178e-24
step48000,48000,Q,v,residual,1024,256-512,6291456,0.0009767331,0.001179785,0.0007063548,0.0004772008,0.0007461797,0.001791704,0.001772676,0.001565,0.001536,0,0,1.524e-23,1.178e-24
step48000,48000,Q,v,residual,1024,512-1024,1.258291e+07,0.001449074,0.001718053,0.0006360213,0.002035682,0.002299312,0.001988184,0.001968917,0.001565,0.001536,0,0,1.524e-23,1.178e-24
step48000,48000,K,u,head,1024,spike,786432,0.077407,0.07765811,0.03419113,0.1098599,0.110111,0.008225214,0.008662088,0.001565,0.001536,1.453218e-06,0.0003264291,1.524e-23,1.178e-24
step48000,48000,K,u,head,1024,32-64,786432,0.04805683,0.04832046,0.01535543,0.06239235,0.06264346,0.005864098,0.006803603,0.001565,0.001536,7.26609e-07,0,1.524e-23,1.178e-24
step48000,48000,K,u,head,1024,64-128,1572864,0.04429288,0.04454399,0.002623876,0.0453451,0.04559621,0.005191894,0.004932676,0.001565,0.001536,0,0,1.524e-23,1.178e-24
step48000,48000,K,u,head,1024,128-256,3145728,0.03670577,0.03695688,0.009053548,0.02776729,0.02801841,0.004355067,0.003337315,0.001565,0.001536,0,0,1.524e-23,1.178e-24
step48000,48000,K,u,head,1024,256-512,6291456,0.01790583,0.01815694,0.007306258,0.01070701,0.01095813,0.00285546,0.002302147,0.001565,0.001536,0,0,1.524e-23,1.178e-24
step48000,48000,K,u,head,1024,512-1024,1.258291e+07,0.02295864,0.02322762,0.007695754,0.01526289,0.01553187,0.00440434,0.0036278,0.001565,0.001536,7.152557e-07,0,1.524e-23,1.178e-24
step48000,48000,K,v,residual,1024,spike,786432,0.001275811,0.001526922,0.004065196,0.005082989,0.00534662,0.002007984,0.002349672,0.001565,0.001536,0,0,1.524e-23,1.178e-24
step48000,48000,K,v,residual,1024,32-64,786432,0.003033225,0.003296856,0.00140508,0.003627046,0.003890825,0.002056485,0.00220108,0.001565,0.001536,0,0,1.524e-23,1.178e-24
step48000,48000,K,v,residual,1024,64-128,1572864,0.003113224,0.003364335,0.0006758372,0.003173874,0.003442853,0.002053488,0.001992725,0.001565,0.001536,0,0,1.524e-23,1.178e-24
step48000,48000,K,v,residual,1024,128-256,3145728,0.002287452,0.002551082,0.001119932,0.001275175,0.001526287,0.001939637,0.001869156,0.001565,0.001536,0,0,1.524e-23,1.178e-24
step48000,48000,K,v,residual,1024,256-512,6291456,0.0004349396,0.0006985701,0.0007168452,0.000313328,0.0002045174,0.001788957,0.001759824,0.001565,0.001536,0,0,1.524e-23,1.178e-24
step48000,48000,K,v,residual,1024,512-1024,1.258291e+07,0.0009052655,0.001169118,0.0005076726,0.0004225235,0.0006915024,0.001895348,0.001835505,0.001565,0.001536,0,0,1.524e-23,1.178e-24
step48000,48000,V,u,head,1024,spike,786432,0.05294334,0.05319445,0.02007039,0.03479312,0.03505675,0.00653167,0.00556855,0.001565,0.001536,0,0,1.524e-23,1.178e-24
step48000,48000,V,u,head,1024,32-64,786432,0.02558953,0.02585316,0.002914429,0.02293959,0.02320322,0.004185086,0.004075913,0.001565,0.001536,0,0,1.524e-23,1.178e-24
step48000,48000,V,u,head,1024,64-128,1572864,0.01610443,0.0163734,0.001485189,0.01465216,0.01491579,0.003440766,0.003126235,0.001565,0.001536,0,0,1.524e-23,1.178e-24
step48000,48000,V,u,head,1024,128-256,3145728,0.01200603,0.01226966,0.006229083,0.0058081,0.00607173,0.003057207,0.002301625,0.001565,0.001536,0,0,1.524e-23,1.178e-24
step48000,48000,V,u,head,1024,256-512,6291456,0.004349436,0.004618415,0.003551165,0.0008354088,0.001099262,0.002244563,0.001832213,0.001565,0.001536,0,0,1.524e-23,1.178e-24
step48000,48000,V,u,head,1024,512-1024,1.258291e+07,0.005420651,0.00568963,0.001717885,0.003755138,0.004024117,0.002324059,0.002193905,0.001565,0.001536,0,0,1.524e-23,1.178e-24
step48000,48000,V,v,residual,1024,spike,786432,0.01782651,0.01807762,0.009084066,0.02662702,0.02687813,0.002934955,0.003739675,0.001565,0.001536,0,0,1.524e-23,1.178e-24
step48000,48000,V,v,residual,1024,32-64,786432,0.01603996,0.01629107,0.006046295,0.02149752,0.02174863,0.002811977,0.003298805,0.001565,0.001536,0,0,1.524e-23,1.178e-24
step48000,48000,V,v,residual,1024,64-128,1572864,0.01303017,0.01328128,0.003719966,0.01629363,0.01652783,0.002514612,0.002808253,0.001565,0.001536,0,0,1.524e-23,1.178e-24
step48000,48000,V,v,residual,1024,128-256,3145728,0.008572373,0.008823485,0.00181675,0.01033,0.01058111,0.002219382,0.002315249,0.001565,0.001536,0,0,1.524e-23,1.178e-24
step48000,48000,V,v,residual,1024,256-512,6291456,0.003897612,0.004131809,0.0007084211,0.004042999,0.004243374,0.00194268,0.001926263,0.001565,0.001536,0,0,1.524e-23,1.178e-24
step48000,48000,V,v,residual,1024,512-1024,1.258291e+07,0.005052954,0.005316807,0.0009183884,0.005829936,0.006098915,0.002434662,0.00251384,0.001565,0.001536,3.394626e-06,3.826051e-06,1.524e-23,1.178e-24
step48000,48000,O,u,residual,1024,spike,786432,0.01260508,0.01287406,0.01202138,0.02429126,0.02455489,0.002355303,0.002612159,0.001565,0.001536,7.048107e-05,8.501325e-05,1.524e-23,1.178e-24
step48000,48000,O,u,residual,1024,32-64,786432,0.00195995,0.002223803,0.002108256,0.003480742,0.003744595,0.001953852,0.002175649,0.001565,0.001536,0,0,1.524e-23,1.178e-24
step48000,48000,O,u,residual,1024,64-128,1572864,0.0007858213,0.0009952203,0.002008438,0.002545085,0.002814064,0.001883552,0.002011254,0.001565,0.001536,0,0,1.524e-23,1.178e-24
step48000,48000,O,u,residual,1024,128-256,3145728,0.0002598467,0.0004658007,0.0008598963,0.0007361389,0.0009809919,0.001769111,0.001847494,0.001565,0.001536,0,0,1.524e-23,1.178e-24
step48000,48000,O,u,residual,1024,256-512,6291456,0.0003257747,0.0002243233,0.0006456375,0.0003692767,0.0006382556,0.001753058,0.001770337,0.001565,0.001536,0,0,1.524e-23,1.178e-24
step48000,48000,O,u,residual,1024,512-1024,1.258291e+07,0.0002871812,0.0005561601,0.0004537106,0.000585779,0.0008494096,0.001772846,0.001816863,0.001565,0.001536,0,0,1.524e-23,1.178e-24
step48000,48000,O,v,head,1024,spike,786432,0.04764992,0.04791355,0.01955032,0.02979283,0.03006181,0.006350381,0.005263374,0.001565,0.001536,3.451393e-06,0,1.524e-23,1.178e-24
step48000,48000,O,v,head,1024,32-64,786432,0.01984587,0.0201095,0.001931508,0.02160444,0.02186807,0.003673372,0.004043761,0.001565,0.001536,0,0,1.524e-23,1.178e-24
step48000,48000,O,v,head,1024,64-128,1572864,0.01500184,0.01526547,0.002937953,0.01262034,0.01288931,0.003320785,0.002982639,0.001565,0.001536,0,0,1.524e-23,1.178e-24
step48000,48000,O,v,head,1024,128-256,3145728,0.0134405,0.01370947,0.008430799,0.005009697,0.005278676,0.003200259,0.0022296,0.001565,0.001536,0,0,1.524e-23,1.178e-24
step48000,48000,O,v,head,1024,256-512,6291456,0.005881991,0.00615097,0.005278269,0.000696069,0.000965048,0.0022994,0.001831872,0.001565,0.001536,0,0,1.524e-23,1.178e-24
step48000,48000,O,v,head,1024,512-1024,1.258291e+07,0.007005279,0.007271855,0.003977855,0.003093209,0.003362188,0.00252877,0.002116726,0.001565,0.001536,8.060819e-07,0,1.524e-23,1.178e-24
step48000,48000,MLP_IN,u,hidden,4096,spike,3145728,0.01246706,0.01251938,0.01712958,0.02288268,0.02294857,0.003298896,0.003273328,0.001565,0.001558,2.043588e-05,2.661205e-05,1.524e-23,8.299e-24
step48000,48000,MLP_IN,u,hidden,4096,32-64,3145728,0.007011141,0.007078356,0.002221743,0.008776393,0.008843608,0.002550988,0.002950805,0.001565,0.001558,5.449568e-07,0,1.524e-23,8.299e-24
step48000,48000,MLP_IN,u,hidden,4096,64-128,6291456,0.005989597,0.006056812,0.0009128253,0.00681691,0.006884125,0.002425693,0.002618971,0.001565,0.001558,0,0,1.524e-23,8.299e-24
step48000,48000,MLP_IN,u,hidden,4096,128-256,1.258291e+07,0.004829294,0.004896509,0.0005390644,0.004290229,0.004357444,0.002338148,0.002272742,0.001565,0.001558,0,0,1.524e-23,8.299e-24
step48000,48000,MLP_IN,u,hidden,4096,256-512,2.516582e+07,0.002735321,0.002801203,0.0008263588,0.001972125,0.00203934,0.002079913,0.001975587,0.001565,0.001558,0,0,1.524e-23,8.299e-24
step48000,48000,MLP_IN,u,hidden,4096,512-1024,5.033165e+07,0.00197203,0.00203796,0.001616895,0.0003595767,0.0004226992,0.002025085,0.001807568,0.001565,0.001558,1.876127e-06,0,1.524e-23,8.299e-24
step48000,48000,MLP_IN,v,residual,1024,spike,786432,0.0008089308,0.0009843819,0.01075745,0.01072316,0.01099214,0.001828875,0.002533867,0.001565,0.001536,0,0,1.524e-23,1.178e-24
step48000,48000,MLP_IN,v,residual,1024,32-64,786432,0.007635152,0.00785017,0.003107707,0.01056598,0.01082961,0.002229781,0.002420153,0.001565,0.001536,0,0,1.524e-23,1.178e-24
step48000,48000,MLP_IN,v,residual,1024,64-128,1572864,0.009080673,0.00931487,0.00142924,0.00795471,0.008205821,0.002375285,0.002270653,0.001565,0.001536,0,0,1.524e-23,1.178e-24
step48000,48000,MLP_IN,v,residual,1024,128-256,3145728,0.007882549,0.00813366,0.002671878,0.005247339,0.00551097,0.002241089,0.002082007,0.001565,0.001536,0,0,1.524e-23,1.178e-24
step48000,48000,MLP_IN,v,residual,1024,256-512,6291456,0.004400525,0.004651636,0.002433936,0.002134595,0.002395475,0.001948743,0.001822948,0.001565,0.001536,0,0,1.524e-23,1.178e-24
step48000,48000,MLP_IN,v,residual,1024,512-1024,1.258291e+07,0.007504588,0.007773567,0.002406359,0.00509823,0.005367209,0.002431325,0.002227034,0.001565,0.001536,2.243405e-05,1.024065e-05,1.524e-23,1.178e-24
step48000,48000,MLP_OUT,u,residual,1024,spike,786432,0.02421702,0.02448599,0.0288709,0.05252118,0.05277229,0.002772195,0.002697899,0.001565,0.001536,0.0001507714,0.0001872835,1.524e-23,1.178e-24
step48000,48000,MLP_OUT,u,residual,1024,32-64,786432,0.003489643,0.003753496,0.002761841,0.005657737,0.005921367,0.002174559,0.002428327,0.001565,0.001536,0,0,1.524e-23,1.178e-24
step48000,48000,MLP_OUT,u,residual,1024,64-128,1572864,0.002824193,0.003093172,0.002045314,0.004503681,0.004754792,0.002084096,0.002171743,0.001565,0.001536,0,0,1.524e-23,1.178e-24
step48000,48000,MLP_OUT,u,residual,1024,128-256,3145728,0.001427128,0.001678239,0.001014709,0.002305144,0.002556255,0.001888275,0.001950764,0.001565,0.001536,0,0,1.524e-23,1.178e-24
step48000,48000,MLP_OUT,u,residual,1024,256-512,6291456,0.0008584108,0.001092608,0.0004251798,0.0008585698,0.001092767,0.00180635,0.001814229,0.001565,0.001536,0,0,1.524e-23,1.178e-24
step48000,48000,MLP_OUT,u,residual,1024,512-1024,1.258291e+07,0.001299057,0.001508456,0.001813173,0.002111539,0.002351851,0.001879544,0.001917317,0.001565,0.001536,4.541306e-08,0,1.524e-23,1.178e-24
step48000,48000,MLP_OUT,v,hidden,4096,spike,3145728,0.03281312,0.03288033,0.004139264,0.02936791,0.02943384,0.005803108,0.004463605,0.001565,0.001558,4.455021e-05,9.813763e-05,1.524e-23,8.299e-24
step48000,48000,MLP_OUT,v,hidden,4096,32-64,3145728,0.01570007,0.01576728,0.0008290609,0.01511589,0.01518182,0.003957158,0.004022507,0.001565,0.001558,9.990874e-06,5.449568e-07,1.524e-23,8.299e-24
step48000,48000,MLP_OUT,v,hidden,4096,64-128,6291456,0.009208089,0.009275304,0.0005555153,0.009156114,0.009223329,0.003151099,0.003241017,0.001565,0.001558,9.990874e-07,0,1.524e-23,8.299e-24
step48000,48000,MLP_OUT,v,hidden,4096,128-256,1.258291e+07,0.005514588,0.005581803,0.0005218188,0.005095289,0.005162504,0.00247827,0.002497412,0.001565,0.001558,0,0,1.524e-23,8.299e-24
step48000,48000,MLP_OUT,v,hidden,4096,256-512,2.516582e+07,0.002997224,0.003063105,0.0009985765,0.002052989,0.002120204,0.002107881,0.002024934,0.001565,0.001558,0,0,1.524e-23,8.299e-24
step48000,48000,MLP_OUT,v,hidden,4096,512-1024,5.033165e+07,0.001930659,0.00199654,0.001671275,0.0003486293,0.0004098095,0.001979459,0.001802728,0.001565,0.001558,7.720221e-07,0,1.524e-23,8.299e-24
step64000,64000,Q,u,head,1024,spike,786432,0.07974032,0.07999143,0.08381271,0.163066,0.1633002,0.008403051,0.01114836,0.001565,0.001536,1.271566e-06,0.0004105341,1.524e-23,1.178e-24
step64000,64000,Q,u,head,1024,32-64,786432,0.05057453,0.05083816,0.05965296,0.1079703,0.1082045,0.006486439,0.009937831,0.001565,0.001536,0,3.451393e-05,1.524e-23,1.178e-24
step64000,64000,Q,u,head,1024,64-128,1572864,0.0491687,0.04941981,0.03138479,0.07812415,0.07835835,0.005984988,0.007784162,0.001565,0.001536,6.357829e-07,2.452305e-06,1.524e-23,1.178e-24
step64000,64000,Q,u,head,1024,128-256,3145728,0.03950989,0.039761,0.007513364,0.04611503,0.04636615,0.004663467,0.005019778,0.001565,0.001536,0,0,1.524e-23,1.178e-24
step64000,64000,Q,u,head,1024,256-512,6291456,0.02001821,0.02027242,0.0009326935,0.02011724,0.02036835,0.003061045,0.003067471,0.001565,0.001536,0,0,1.524e-23,1.178e-24
step64000,64000,Q,u,head,1024,512-1024,1.258291e+07,0.02690002,0.027169,0.00375096,0.02682928,0.02708039,0.004774605,0.004173585,0.001565,0.001536,5.336035e-07,4.541306e-08,1.524e-23,1.178e-24
step64000,64000,Q,v,residual,1024,spike,786432,0.00302425,0.003288103,0.0183169,0.02107243,0.02134141,0.002118792,0.003948938,0.001565,0.001536,7.26609e-07,2.325149e-05,1.524e-23,1.178e-24
step64000,64000,Q,v,residual,1024,32-64,786432,0.005328532,0.005586713,0.0109965,0.01631423,0.01658321,0.002184187,0.00363795,0.001565,0.001536,0,1.453218e-06,1.524e-23,1.178e-24
step64000,64000,Q,v,residual,1024,64-128,1572864,0.004892144,0.005143255,0.005993525,0.01074859,0.01101757,0.002089273,0.002938498,0.001565,0.001536,0,0,1.524e-23,1.178e-24
step64000,64000,Q,v,residual,1024,128-256,3145728,0.003570352,0.003821463,0.001818021,0.004840364,0.005104217,0.002002807,0.002235549,0.001565,0.001536,0,0,1.524e-23,1.178e-24
step64000,64000,Q,v,residual,1024,256-512,6291456,0.0008547072,0.00110063,0.0003898938,0.0008095746,0.001073205,0.001790138,0.001834847,0.001565,0.001536,0,0,1.524e-23,1.178e-24
step64000,64000,Q,v,residual,1024,512-1024,1.258291e+07,0.001827151,0.002091003,0.001624743,0.003271534,0.003522645,0.002016556,0.002083426,0.001565,0.001536,9.082613e-08,0,1.524e-23,1.178e-24
step64000,64000,K,u,head,1024,spike,786432,0.08510378,0.08535489,0.03780619,0.1214261,0.1216772,0.008773077,0.009482429,0.001565,0.001536,2.906436e-06,0.0003407796,1.524e-23,1.178e-24
step64000,64000,K,u,head,1024,32-64,786432,0.05501102,0.05527465,0.01694743,0.0712221,0.07147321,0.006516956,0.007612319,0.001565,0.001536,1.271566e-06,7.26609e-07,1.524e-23,1.178e-24
step64000,64000,K,u,head,1024,64-128,1572864,0.04775726,0.04800837,0.004711787,0.05112437,0.05137548,0.00563567,0.005508241,0.001565,0.001536,0,0,1.524e-23,1.178e-24
step64000,64000,K,u,head,1024,128-256,3145728,0.03799768,0.03824879,0.008228302,0.03020266,0.03045377,0.004574458,0.003589494,0.001565,0.001536,0,0,1.524e-23,1.178e-24
step64000,64000,K,u,head,1024,256-512,6291456,0.01867671,0.01892782,0.007221858,0.01146132,0.01172495,0.002954642,0.002405462,0.001565,0.001536,0,0,1.524e-23,1.178e-24
step64000,64000,K,u,head,1024,512-1024,1.258291e+07,0.0245547,0.02482367,0.007572174,0.01703418,0.01730316,0.00449536,0.003740992,0.001565,0.001536,1.282919e-06,4.541306e-08,1.524e-23,1.178e-24
step64000,64000,K,v,residual,1024,spike,786432,0.002550807,0.002819786,0.004319509,0.006274446,0.006538077,0.002058847,0.002377465,0.001565,0.001536,0,0,1.524e-23,1.178e-24
step64000,64000,K,v,residual,1024,32-64,786432,0.004136449,0.004405428,0.001560211,0.005582715,0.005846345,0.002094632,0.002319699,0.001565,0.001536,0,0,1.524e-23,1.178e-24
step64000,64000,K,v,residual,1024,64-128,1572864,0.004439577,0.004703207,0.001298904,0.00350003,0.003769009,0.00209445,0.002085549,0.001565,0.001536,0,0,1.524e-23,1.178e-24
step64000,64000,K,v,residual,1024,128-256,3145728,0.003044669,0.0033083,0.001765569,0.001570533,0.001834386,0.001990636,0.001918475,0.001565,0.001536,0,0,1.524e-23,1.178e-24
step64000,64000,K,v,residual,1024,256-512,6291456,0.0006185219,0.0008821524,0.0004798571,0.0003407439,0.0004974704,0.001810369,0.001758984,0.001565,0.001536,0,0,1.524e-23,1.178e-24
step64000,64000,K,v,residual,1024,512-1024,1.258291e+07,0.0009502388,0.001195742,0.0003247261,0.0008050935,0.001056205,0.001913922,0.001874163,0.001565,0.001536,4.541306e-08,0,1.524e-23,1.178e-24
step64000,64000,V,u,head,1024,spike,786432,0.05711281,0.05736392,0.02227656,0.03673431,0.03700329,0.006935665,0.005794162,0.001565,0.001536,0,0,1.524e-23,1.178e-24
step64000,64000,V,u,head,1024,32-64,786432,0.02613122,0.02639485,0.00136439,0.02476683,0.02503046,0.004336947,0.004308973,0.001565,0.001536,0,0,1.524e-23,1.178e-24
step64000,64000,V,u,head,1024,64-128,1572864,0.01823352,0.01849715,0.002556483,0.01614512,0.0164141,0.003525144,0.00331479,0.001565,0.001536,0,0,1.524e-23,1.178e-24
step64000,64000,V,u,head,1024,128-256,3145728,0.01258109,0.01284473,0.005209605,0.00739406,0.007657691,0.003040995,0.002353577,0.001565,0.001536,0,0,1.524e-23,1.178e-24
step64000,64000,V,u,head,1024,256-512,6291456,0.004818326,0.005087305,0.003840923,0.001135303,0.001386414,0.00225083,0.001868339,0.001565,0.001536,0,0,1.524e-23,1.178e-24
step64000,64000,V,u,head,1024,512-1024,1.258291e+07,0.005742914,0.006011892,0.00172925,0.004066036,0.004335015,0.002396652,0.002227045,0.001565,0.001536,0,0,1.524e-23,1.178e-24
step64000,64000,V,v,residual,1024,spike,786432,0.01891497,0.01916608,0.009426117,0.02834109,0.0285922,0.003100259,0.003853208,0.001565,0.001536,0,0,1.524e-23,1.178e-24
step64000,64000,V,v,residual,1024,32-64,786432,0.01667193,0.01692304,0.005003611,0.02137291,0.02162402,0.002920787,0.003273555,0.001565,0.001536,0,0,1.524e-23,1.178e-24
step64000,64000,V,v,residual,1024,64-128,1572864,0.01380518,0.0140563,0.003802617,0.0172524,0.01750351,0.002595629,0.002882912,0.001565,0.001536,0,0,1.524e-23,1.178e-24
step64000,64000,V,v,residual,1024,128-256,3145728,0.008942717,0.009193828,0.001390139,0.01033286,0.01058397,0.002251171,0.002355076,0.001565,0.001536,0,0,1.524e-23,1.178e-24
step64000,64000,V,v,residual,1024,256-512,6291456,0.003695592,0.003929789,0.0005747477,0.004152084,0.004386281,0.0019311,0.001962049,0.001565,0.001536,0,0,1.524e-23,1.178e-24
step64000,64000,V,v,residual,1024,512-1024,1.258291e+07,0.005583094,0.005852073,0.0005686283,0.006013995,0.006282974,0.002459344,0.002531937,0.001565,0.001536,4.564013e-06,6.073997e-06,1.524e-23,1.178e-24
step64000,64000,O,u,residual,1024,spike,786432,0.01403177,0.01430075,0.01076253,0.0247231,0.02499208,0.002428691,0.002578917,0.001565,0.001536,7.847377e-05,9.736561e-05,1.524e-23,1.178e-24
step64000,64000,O,u,residual,1024,32-64,786432,0.0009486338,0.001217613,0.002852122,0.003615602,0.003879233,0.001963842,0.002299354,0.001565,0.001536,0,0,1.524e-23,1.178e-24
step64000,64000,O,u,residual,1024,64-128,1572864,0.0005792439,0.0008482229,0.00214386,0.002544198,0.002795309,0.001812526,0.002039047,0.001565,0.001536,0,0,1.524e-23,1.178e-24
step64000,64000,O,u,residual,1024,128-256,3145728,0.000464803,0.000733782,0.0006138484,0.0006900447,0.0009348976,0.001769974,0.001813889,0.001565,0.001536,0,0,1.524e-23,1.178e-24
step64000,64000,O,u,residual,1024,256-512,6291456,0.0003086111,0.0004478982,0.0002247492,0.0002477936,0.0003863862,0.001785778,0.001745701,0.001565,0.001536,0,0,1.524e-23,1.178e-24
step64000,64000,O,u,residual,1024,512-1024,1.258291e+07,0.0005223313,0.0007677115,0.0004550616,0.0007837948,0.001034906,0.001782826,0.001829863,0.001565,0.001536,0,0,1.524e-23,1.178e-24
step64000,64000,O,v,head,1024,spike,786432,0.04980014,0.05006377,0.01834615,0.03250127,0.03277025,0.006571997,0.005451747,0.001565,0.001536,6.902786e-06,0,1.524e-23,1.178e-24
step64000,64000,O,v,head,1024,32-64,786432,0.02329054,0.02355417,0.001075745,0.02408604,0.02435502,0.004071372,0.004206521,0.001565,0.001536,0,0,1.524e-23,1.178e-24
step64000,64000,O,v,head,1024,64-128,1572864,0.01576414,0.01602777,0.00180308,0.0141157,0.01438468,0.003388904,0.003183547,0.001565,0.001536,0,0,1.524e-23,1.178e-24
step64000,64000,O,v,head,1024,128-256,3145728,0.0145428,0.01480643,0.008261045,0.006340708,0.006609687,0.003204028,0.002299627,0.001565,0.001536,0,0,1.524e-23,1.178e-24
step64000,64000,O,v,head,1024,256-512,6291456,0.006363615,0.006627245,0.005521615,0.0009125687,0.001157422,0.00237667,0.001829919,0.001565,0.001536,0,0,1.524e-23,1.178e-24
step64000,64000,O,v,head,1024,512-1024,1.258291e+07,0.007601863,0.007870842,0.004116933,0.003591345,0.003860324,0.002598763,0.002152068,0.001565,0.001536,2.951849e-07,0,1.524e-23,1.178e-24
step64000,64000,MLP_IN,u,hidden,4096,spike,3145728,0.0135711,0.01362342,0.01829179,0.02554407,0.02560995,0.00340707,0.003395081,0.001565,0.001558,2.197992e-05,2.965473e-05,1.524e-23,8.299e-24
step64000,64000,MLP_IN,u,hidden,4096,32-64,3145728,0.007932073,0.007999288,0.002197901,0.009627706,0.009694921,0.002625874,0.003057571,0.001565,0.001558,2.81561e-06,0,1.524e-23,8.299e-24
step64000,64000,MLP_IN,u,hidden,4096,64-128,6291456,0.006973471,0.007040686,0.0008767446,0.007645653,0.007712868,0.002584412,0.002729984,0.001565,0.001558,3.633045e-07,0,1.524e-23,8.299e-24
step64000,64000,MLP_IN,u,hidden,4096,128-256,1.258291e+07,0.005587385,0.0056546,0.0006582737,0.004986093,0.005053308,0.002425671,0.002342746,0.001565,0.001558,0,0,1.524e-23,8.299e-24
step64000,64000,MLP_IN,u,hidden,4096,256-512,2.516582e+07,0.003016178,0.00308206,0.0006682873,0.002347891,0.002413772,0.002109584,0.002016743,0.001565,0.001558,0,0,1.524e-23,8.299e-24
step64000,64000,MLP_IN,u,hidden,4096,512-1024,5.033165e+07,0.002413597,0.002480812,0.002044141,0.0003820718,0.0004492867,0.00208218,0.001809895,0.001565,0.001558,2.704916e-06,0,1.524e-23,8.299e-24
step64000,64000,MLP_IN,v,residual,1024,spike,786432,0.0007720554,0.0009582838,0.01052221,0.0106002,0.01085131,0.001862844,0.002515702,0.001565,0.001536,0,0,1.524e-23,1.178e-24
step64000,64000,MLP_IN,v,residual,1024,32-64,786432,0.007685774,0.007936885,0.001906077,0.00946099,0.009724621,0.002188183,0.002385457,0.001565,0.001536,0,0,1.524e-23,1.178e-24
step64000,64000,MLP_IN,v,residual,1024,64-128,1572864,0.009559417,0.009793615,0.002661387,0.00722367,0.007487301,0.002351307,0.002260571,0.001565,0.001536,0,0,1.524e-23,1.178e-24
step64000,64000,MLP_IN,v,residual,1024,128-256,3145728,0.007842804,0.008077001,0.003304482,0.004552746,0.004816377,0.002240953,0.002039728,0.001565,0.001536,0,0,1.524e-23,1.178e-24
step64000,64000,MLP_IN,v,residual,1024,256-512,6291456,0.004320408,0.004554605,0.002520402,0.001869465,0.002103662,0.00197976,0.001860732,0.001565,0.001536,0,0,1.524e-23,1.178e-24
step64000,64000,MLP_IN,v,residual,1024,512-1024,1.258291e+07,0.007160868,0.007429847,0.002251466,0.004950831,0.005214684,0.002456427,0.002200467,0.001565,0.001536,2.169609e-05,9.55945e-06,1.524e-23,1.178e-24
step64000,64000,MLP_OUT,u,residual,1024,spike,786432,0.02487618,0.02513981,0.02683004,0.05061002,0.05086113,0.002897898,0.002715338,0.001565,0.001536,0.0001540411,0.0001622155,1.524e-23,1.178e-24
step64000,64000,MLP_OUT,u,residual,1024,32-64,786432,0.003120963,0.003384594,0.002508799,0.005586529,0.00585016,0.002279736,0.002427419,0.001565,0.001536,0,0,1.524e-23,1.178e-24
step64000,64000,MLP_OUT,u,residual,1024,64-128,1572864,0.002270848,0.0025347,0.00217247,0.004090532,0.004354163,0.002056667,0.00212515,0.001565,0.001536,0,0,1.524e-23,1.178e-24
step64000,64000,MLP_OUT,u,residual,1024,128-256,3145728,0.001390606,0.001654459,0.0008382797,0.002069837,0.002338816,0.001893316,0.001935868,0.001565,0.001536,0,0,1.524e-23,1.178e-24
step64000,64000,MLP_OUT,u,residual,1024,256-512,6291456,0.0008378589,0.001039982,0.0003555616,0.00106672,0.001281738,0.001792295,0.001794883,0.001565,0.001536,0,0,1.524e-23,1.178e-24
step64000,64000,MLP_OUT,u,residual,1024,512-1024,1.258291e+07,0.001387113,0.001596512,0.001452843,0.001914855,0.002129873,0.00188924,0.001918532,0.001565,0.001536,2.270653e-07,0,1.524e-23,1.178e-24
step64000,64000,MLP_OUT,v,hidden,4096,spike,3145728,0.03576262,0.03582855,0.003939311,0.03390581,0.03397174,0.006127675,0.00478027,0.001565,0.001558,4.913693e-05,0.0001206625,1.524e-23,8.299e-24
step64000,64000,MLP_OUT,v,hidden,4096,32-64,3145728,0.01832246,0.01838839,0.001484235,0.01707378,0.01713971,0.004250708,0.004361652,0.001565,0.001558,1.267024e-05,1.725696e-06,1.524e-23,8.299e-24
step64000,64000,MLP_OUT,v,hidden,4096,64-128,6291456,0.01065672,0.01072394,0.0003318787,0.01074478,0.01081199,0.00331479,0.003432228,0.001565,0.001558,1.498631e-06,0,1.524e-23,8.299e-24
step64000,64000,MLP_OUT,v,hidden,4096,128-256,1.258291e+07,0.006113813,0.006181028,0.0008306503,0.00561385,0.005681065,0.002592802,0.002569732,0.001565,0.001558,4.541306e-08,0,1.524e-23,8.299e-24
step64000,64000,MLP_OUT,v,hidden,4096,256-512,2.516582e+07,0.003450757,0.003517972,0.001398166,0.002079432,0.002145313,0.00216878,0.002044604,0.001565,0.001558,0,0,1.524e-23,8.299e-24
step64000,64000,MLP_OUT,v,hidden,4096,512-1024,5.033165e+07,0.002211237,0.002277119,0.001939495,0.0002919084,0.0003504385,0.002032992,0.001810613,0.001565,0.001558,9.536743e-07,0,1.524e-23,8.299e-24
step96000,96000,Q,u,head,1024,spike,786432,0.1021695,0.1024037,0.1398671,0.2393246,0.2395396,0.009626479,0.01251421,0.001565,0.001536,3.033593e-05,0.0007436843,1.524e-23,1.178e-24
step96000,96000,Q,u,head,1024,32-64,786432,0.06751432,0.06777796,0.0817337,0.1457295,0.1459637,0.007839203,0.01192983,0.001565,0.001536,1.362392e-05,0.0001603989,1.524e-23,1.178e-24
step96000,96000,Q,u,head,1024,64-128,1572864,0.05636322,0.05661433,0.04617437,0.0984266,0.0986608,0.006565911,0.009249914,0.001565,0.001536,7.26609e-07,1.089914e-06,1.524e-23,1.178e-24
step96000,96000,Q,u,head,1024,128-256,3145728,0.04562262,0.04587373,0.0231816,0.06506708,0.06530127,0.005100114,0.005949338,0.001565,0.001536,0,0,1.524e-23,1.178e-24
step96000,96000,Q,u,head,1024,256-512,6291456,0.02377839,0.0240295,0.01014868,0.03292222,0.03317333,0.003279913,0.003829093,0.001565,0.001536,0,0,1.524e-23,1.178e-24
step96000,96000,Q,u,head,1024,512-1024,1.258291e+07,0.03298933,0.03325296,0.0114305,0.041007,0.04125811,0.005271673,0.005156472,0.001565,0.001536,1.11262e-06,9.082613e-08,1.524e-23,1.178e-24
step96000,96000,Q,v,residual,1024,spike,786432,0.003794893,0.004058524,0.02693558,0.03046676,0.03073574,0.002220517,0.00506501,0.001565,0.001536,1.453218e-06,1.98001e-05,1.524e-23,1.178e-24
step96000,96000,Q,v,residual,1024,32-64,786432,0.008265718,0.008529349,0.02298864,0.03105041,0.03131939,0.002347492,0.005117871,0.001565,0.001536,0,6.721133e-06,1.524e-23,1.178e-24
step96000,96000,Q,v,residual,1024,64-128,1572864,0.007728482,0.007992112,0.01635488,0.02396652,0.0242355,0.002318791,0.004404159,0.001565,0.001536,0,0,1.524e-23,1.178e-24
step96000,96000,Q,v,residual,1024,128-256,3145728,0.005403106,0.005666736,0.005001386,0.01014319,0.01040682,0.002081599,0.002709071,0.001565,0.001536,0,0,1.524e-23,1.178e-24
step96000,96000,Q,v,residual,1024,256-512,6291456,0.001447265,0.001710895,0.0008260409,0.0021686,0.002402798,0.001851831,0.001945087,0.001565,0.001536,0,0,1.524e-23,1.178e-24
step96000,96000,Q,v,residual,1024,512-1024,1.258291e+07,0.002662569,0.002926422,0.004248063,0.006714249,0.00697788,0.002111741,0.00234538,0.001565,0.001536,7.947286e-08,0,1.524e-23,1.178e-24
step96000,96000,K,u,head,1024,spike,786432,0.1020957,0.1023468,0.0512263,0.153322,0.1535731,0.01011585,0.01074237,0.001565,0.001536,2.270653e-05,0.0004454113,1.524e-23,1.178e-24
step96000,96000,K,u,head,1024,32-64,786432,0.06963646,0.06988757,0.02732086,0.09544034,0.09569145,0.007973444,0.009561085,0.001565,0.001536,1.271566e-06,7.26609e-06,1.524e-23,1.178e-24
step96000,96000,K,u,head,1024,64-128,1572864,0.05760056,0.05786419,0.01145935,0.06758034,0.06783145,0.006749289,0.00693403,0.001565,0.001536,3.633045e-07,7.26609e-07,1.524e-23,1.178e-24
step96000,96000,K,u,head,1024,128-256,3145728,0.04241255,0.04266366,0.004903158,0.03833909,0.0385902,0.005043257,0.0043686,0.001565,0.001536,0,0,1.524e-23,1.178e-24
step96000,96000,K,u,head,1024,256-512,6291456,0.02023088,0.02048199,0.005733967,0.01455271,0.01480382,0.003107639,0.002644198,0.001565,0.001536,0,0,1.524e-23,1.178e-24
step96000,96000,K,u,head,1024,512-1024,1.258291e+07,0.02853511,0.02879874,0.007342656,0.02129045,0.02155408,0.004740897,0.004001969,0.001565,0.001536,1.498631e-06,1.248859e-07,1.524e-23,1.178e-24
step96000,96000,K,v,residual,1024,spike,786432,0.004065737,0.004329367,0.004788717,0.00842544,0.008694419,0.002193269,0.00257819,0.001565,0.001536,0,0,1.524e-23,1.178e-24
step96000,96000,K,v,residual,1024,32-64,786432,0.007206504,0.007470135,0.0007781982,0.006933117,0.007196748,0.002277193,0.002440498,0.001565,0.001536,0,0,1.524e-23,1.178e-24
step96000,96000,K,v,residual,1024,64-128,1572864,0.005699699,0.005963329,0.001206716,0.005279327,0.005514466,0.002175104,0.002283823,0.001565,0.001536,0,0,1.524e-23,1.178e-24
step96000,96000,K,v,residual,1024,128-256,3145728,0.004171484,0.004422595,0.001681964,0.002870605,0.003139584,0.002007939,0.00201802,0.001565,0.001536,0,0,1.524e-23,1.178e-24
step96000,96000,K,v,residual,1024,256-512,6291456,0.001027012,0.001290643,0.0006573995,0.00057442,0.0008382727,0.001811663,0.001812117,0.001565,0.001536,0,0,1.524e-23,1.178e-24
step96000,96000,K,v,residual,1024,512-1024,1.258291e+07,0.001762913,0.002031892,0.0002322197,0.001634723,0.001903702,0.001998583,0.001979748,0.001565,0.001536,0,0,1.524e-23,1.178e-24
step96000,96000,V,u,head,1024,spike,786432,0.06319089,0.063442,0.02100754,0.04455875,0.04482238,0.007511139,0.006584712,0.001565,0.001536,4.722959e-06,4.541306e-06,1.524e-23,1.178e-24
step96000,96000,V,u,head,1024,32-64,786432,0.03104963,0.03131326,0.00170517,0.03111575,0.03137939,0.004731133,0.004885537,0.001565,0.001536,0,0,1.524e-23,1.178e-24
step96000,96000,V,u,head,1024,64-128,1572864,0.02027707,0.02054605,0.0006205241,0.02014278,0.02040641,0.003792082,0.00362369,0.001565,0.001536,0,0,1.524e-23,1.178e-24
step96000,96000,V,u,head,1024,128-256,3145728,0.01400302,0.01426665,0.00502936,0.009181564,0.009445194,0.003187634,0.00247869,0.001565,0.001536,0,0,1.524e-23,1.178e-24
step96000,96000,V,u,head,1024,256-512,6291456,0.005234287,0.005503266,0.003759543,0.001507505,0.001771136,0.002287252,0.001909074,0.001565,0.001536,0,0,1.524e-23,1.178e-24
step96000,96000,V,u,head,1024,512-1024,1.258291e+07,0.00718773,0.007456709,0.002104044,0.005083686,0.005352665,0.002546833,0.002351352,0.001565,0.001536,0,0,1.524e-23,1.178e-24
step96000,96000,V,v,residual,1024,spike,786432,0.02439807,0.0246617,0.008820852,0.03286532,0.03311643,0.003610338,0.004509517,0.001565,0.001536,0,0,1.524e-23,1.178e-24
step96000,96000,V,v,residual,1024,32-64,786432,0.02129916,0.02155027,0.005677541,0.0269767,0.02722781,0.003346579,0.00367646,0.001565,0.001536,0,0,1.524e-23,1.178e-24
step96000,96000,V,v,residual,1024,64-128,1572864,0.01783668,0.01808779,0.003344218,0.02078608,0.02103719,0.00291452,0.00317628,0.001565,0.001536,0,0,1.524e-23,1.178e-24
step96000,96000,V,v,residual,1024,128-256,3145728,0.01108116,0.01131536,0.001532555,0.01255174,0.01280285,0.002390589,0.002483413,0.001565,0.001536,0,0,1.524e-23,1.178e-24
step96000,96000,V,v,residual,1024,256-512,6291456,0.004275744,0.004509941,0.00035127,0.004468386,0.004702583,0.001965909,0.001956168,0.001565,0.001536,0,0,1.524e-23,1.178e-24
step96000,96000,V,v,residual,1024,512-1024,1.258291e+07,0.006799505,0.007068484,0.0006624858,0.007403658,0.007672637,0.002623138,0.00268448,0.001565,0.001536,4.847844e-06,4.212062e-06,1.524e-23,1.178e-24
step96000,96000,O,u,residual,1024,spike,786432,0.01434204,0.01461101,0.01380285,0.0272095,0.02747672,0.002540407,0.002734593,0.001565,0.001536,7.593064e-05,9.28243e-05,1.524e-23,1.178e-24
step96000,96000,O,u,residual,1024,32-64,786432,0.001541605,0.001805457,0.003840129,0.004919734,0.005188713,0.001978193,0.002363296,0.001565,0.001536,0,0,1.524e-23,1.178e-24
step96000,96000,O,u,residual,1024,64-128,1572864,0.000691563,0.0009554157,0.002161026,0.002542401,0.002806031,0.001821064,0.002113342,0.001565,0.001536,0,0,1.524e-23,1.178e-24
step96000,96000,O,u,residual,1024,128-256,3145728,0.0003059911,0.0004394779,0.001156807,0.001062179,0.001323788,0.001742908,0.00186961,0.001565,0.001536,0,0,1.524e-23,1.178e-24
step96000,96000,O,u,residual,1024,256-512,6291456,0.0003111544,0.0001593521,0.0005922318,0.0004196728,0.0006565356,0.001740433,0.001772426,0.001565,0.001536,0,0,1.524e-23,1.178e-24
step96000,96000,O,u,residual,1024,512-1024,1.258291e+07,0.0003571276,0.0005553564,0.0008955797,0.001124972,0.001376083,0.001805203,0.001853784,0.001565,0.001536,0,0,1.524e-23,1.178e-24
step96000,96000,O,v,head,1024,spike,786432,0.06361687,0.06386798,0.01815542,0.0480403,0.04830393,0.007862999,0.007002149,0.001565,0.001536,1.453218e-06,1.271566e-06,1.524e-23,1.178e-24
step96000,96000,O,v,head,1024,32-64,786432,0.03441801,0.03468164,0.002388,0.03511864,0.03538227,0.005027226,0.005360376,0.001565,0.001536,0,0,1.524e-23,1.178e-24
step96000,96000,O,v,head,1024,64-128,1572864,0.02390534,0.02416897,0.001646042,0.0230127,0.02327633,0.004118601,0.00380952,0.001565,0.001536,0,0,1.524e-23,1.178e-24
step96000,96000,O,v,head,1024,128-256,3145728,0.01780373,0.01806736,0.00771745,0.01011171,0.01037534,0.003493627,0.002609889,0.001565,0.001536,0,0,1.524e-23,1.178e-24
step96000,96000,O,v,head,1024,256-512,6291456,0.007966265,0.008229895,0.005880992,0.002164727,0.002433706,0.002461524,0.001920859,0.001565,0.001536,0,0,1.524e-23,1.178e-24
step96000,96000,O,v,head,1024,512-1024,1.258291e+07,0.01021064,0.01047962,0.004396359,0.00581428,0.006083259,0.002853609,0.002409481,0.001565,0.001536,9.082613e-08,0,1.524e-23,1.178e-24
step96000,96000,MLP_IN,u,hidden,4096,spike,3145728,0.01491896,0.01497128,0.02124214,0.03093138,0.03099726,0.003422964,0.003693081,0.001565,0.001558,3.446851e-05,2.874647e-05,1.524e-23,8.299e-24
step96000,96000,MLP_IN,u,hidden,4096,32-64,3145728,0.00972816,0.009795375,0.002493223,0.01206699,0.01213292,0.002873421,0.00336974,0.001565,0.001558,2.81561e-06,0,1.524e-23,8.299e-24
step96000,96000,MLP_IN,u,hidden,4096,64-128,6291456,0.008692946,0.008760161,0.0008296967,0.009296781,0.009363996,0.002775533,0.002956209,0.001565,0.001558,1.816523e-07,0,1.524e-23,8.299e-24
step96000,96000,MLP_IN,u,hidden,4096,128-256,1.258291e+07,0.006860699,0.006927914,0.001092354,0.00590329,0.005970505,0.002581721,0.002447026,0.001565,0.001558,0,0,1.524e-23,8.299e-24
step96000,96000,MLP_IN,u,hidden,4096,256-512,2.516582e+07,0.003511713,0.003578928,0.0008858442,0.002695863,0.002761744,0.002200473,0.002056587,0.001565,0.001558,0,0,1.524e-23,8.299e-24
step96000,96000,MLP_IN,u,hidden,4096,512-1024,5.033165e+07,0.003101995,0.003167925,0.002587239,0.0005904695,0.0006576845,0.00216022,0.001825046,0.001565,0.001558,4.55266e-06,0,1.524e-23,8.299e-24
step96000,96000,MLP_IN,v,residual,1024,spike,786432,0.001183792,0.001340518,0.00995636,0.0107032,0.01095431,0.001879919,0.002527691,0.001565,0.001536,0,0,1.524e-23,1.178e-24
step96000,96000,MLP_IN,v,residual,1024,32-64,786432,0.006690138,0.006941249,0.002278646,0.008574709,0.008838339,0.002168383,0.002386729,0.001565,0.001536,0,0,1.524e-23,1.178e-24
step96000,96000,MLP_IN,v,residual,1024,64-128,1572864,0.00888815,0.00915178,0.001967112,0.007412379,0.007646576,0.002351852,0.002255848,0.001565,0.001536,0,0,1.524e-23,1.178e-24
step96000,96000,MLP_IN,v,residual,1024,128-256,3145728,0.007913702,0.008164813,0.003371239,0.004548822,0.004799933,0.002250172,0.002054669,0.001565,0.001536,0,0,1.524e-23,1.178e-24
step96000,96000,MLP_IN,v,residual,1024,256-512,6291456,0.004427787,0.004642805,0.002755006,0.001892362,0.002143473,0.001943134,0.001840455,0.001565,0.001536,0,0,1.524e-23,1.178e-24
step96000,96000,MLP_IN,v,residual,1024,512-1024,1.258291e+07,0.007077104,0.007346083,0.002600829,0.004476275,0.004745254,0.002412331,0.002194813,0.001565,0.001536,2.068565e-05,8.287884e-06,1.524e-23,1.178e-24
step96000,96000,MLP_OUT,u,residual,1024,spike,786432,0.0258769,0.02614053,0.02451197,0.05022982,0.05048093,0.002905891,0.002906073,0.001565,0.001536,0.0001420521,0.0001442319,1.524e-23,1.178e-24
step96000,96000,MLP_OUT,u,residual,1024,32-64,786432,0.004433219,0.00469685,0.003128052,0.007458274,0.007721905,0.002317883,0.00262324,0.001565,0.001536,0,0,1.524e-23,1.178e-24
step96000,96000,MLP_OUT,u,residual,1024,64-128,1572864,0.003088043,0.003357022,0.001742681,0.004266534,0.004517645,0.002082825,0.002207256,0.001565,0.001536,0,0,1.524e-23,1.178e-24
step96000,96000,MLP_OUT,u,residual,1024,128-256,3145728,0.001358396,0.001627375,0.001304944,0.002315952,0.002567063,0.001878829,0.001950219,0.001565,0.001536,0,0,1.524e-23,1.178e-24
step96000,96000,MLP_OUT,u,residual,1024,256-512,6291456,0.0006242256,0.0008932045,0.0009716352,0.001247987,0.001482184,0.001808053,0.001838684,0.001565,0.001536,0,0,1.524e-23,1.178e-24
step96000,96000,MLP_OUT,u,residual,1024,512-1024,1.258291e+07,0.001227134,0.001436533,0.001623154,0.002150172,0.002401283,0.001906122,0.001930316,0.001565,0.001536,2.15712e-07,1.70299e-07,1.524e-23,1.178e-24
step96000,96000,MLP_OUT,v,hidden,4096,spike,3145728,0.03937376,0.03944098,0.004301389,0.03798309,0.03804902,0.006367638,0.005113057,0.001565,0.001558,6.666638e-05,0.0001319249,1.524e-23,8.299e-24
step96000,96000,MLP_OUT,v,hidden,4096,32-64,3145728,0.01979016,0.01985609,0.0004212062,0.01964171,0.01970764,0.004498527,0.004721369,0.001565,0.001558,1.880101e-05,3.40598e-06,1.524e-23,8.299e-24
step96000,96000,MLP_OUT,v,hidden,4096,64-128,6291456,0.01204781,0.01211503,0.0004531542,0.01195245,0.01201966,0.003513949,0.003633,0.001565,0.001558,1.226153e-06,0,1.524e-23,8.299e-24
step96000,96000,MLP_OUT,v,hidden,4096,128-256,1.258291e+07,0.00696163,0.007028845,0.000762701,0.006435702,0.006501633,0.002719902,0.00268356,0.001565,0.001558,0,0,1.524e-23,8.299e-24
step96000,96000,MLP_OUT,v,hidden,4096,256-512,2.516582e+07,0.003996577,0.004063792,0.001582861,0.002413716,0.002480931,0.002225637,0.002063677,0.001565,0.001558,0,0,1.524e-23,8.299e-24
step96000,96000,MLP_OUT,v,hidden,4096,512-1024,5.033165e+07,0.002683685,0.0027509,0.002385716,0.0003033524,0.0003692338,0.002104416,0.001804675,0.001565,0.001558,1.257374e-06,0,1.524e-23,8.299e-24
step128000,128000,Q,u,head,1024,spike,786432,0.1085349,0.1087691,0.1663348,0.2693534,0.2695485,0.009991055,0.01249259,0.001565,0.001536,2.85194e-05,0.0008276077,1.524e-23,1.178e-24
step128000,128000,Q,u,head,1024,32-64,786432,0.0705025,0.07076613,0.1104991,0.1736114,0.1738264,0.008152735,0.01258341,0.001565,0.001536,1.798357e-05,0.0002232506,1.524e-23,1.178e-24
step128000,128000,Q,u,head,1024,64-128,1572864,0.0580722,0.05832331,0.06544749,0.116293,0.116508,0.006602787,0.01037916,0.001565,0.001536,3.633045e-07,8.083525e-06,1.524e-23,1.178e-24
step128000,128000,Q,u,head,1024,128-256,3145728,0.04593384,0.04618495,0.03837268,0.07834438,0.0785594,0.005184628,0.00676037,0.001565,0.001536,0,0,1.524e-23,1.178e-24
step128000,128000,Q,u,head,1024,256-512,6291456,0.02502019,0.02528382,0.02199173,0.04477686,0.04501106,0.003372964,0.004487514,0.001565,0.001536,0,0,1.524e-23,1.178e-24
step128000,128000,Q,u,head,1024,512-1024,1.258291e+07,0.03533584,0.03559947,0.02391315,0.05469738,0.05493158,0.0054516,0.006044104,0.001565,0.001536,1.237506e-06,3.86011e-07,1.524e-23,1.178e-24
step128000,128000,Q,v,residual,1024,spike,786432,0.004449749,0.00471338,0.02951177,0.03396152,0.03422515,0.002288637,0.005337851,0.001565,0.001536,3.633045e-06,1.18074e-05,1.524e-23,1.178e-24
step128000,128000,Q,v,residual,1024,32-64,786432,0.009948,0.01021163,0.02619425,0.03614225,0.03640588,0.002468654,0.005411239,0.001565,0.001536,0,8.90096e-06,1.524e-23,1.178e-24
step128000,128000,Q,v,residual,1024,64-128,1572864,0.008919939,0.009183569,0.02176603,0.03068597,0.0309496,0.002433868,0.004764284,0.001565,0.001536,0,0,1.524e-23,1.178e-24
step128000,128000,Q,v,residual,1024,128-256,3145728,0.006095045,0.006347024,0.01009496,0.01593676,0.01620039,0.002157348,0.003155799,0.001565,0.001536,0,0,1.524e-23,1.178e-24
step128000,128000,Q,v,residual,1024,256-512,6291456,0.001933162,0.002196792,0.002170404,0.003914261,0.004177892,0.001840591,0.00208371,0.001565,0.001536,0,0,1.524e-23,1.178e-24
step128000,128000,Q,v,residual,1024,512-1024,1.258291e+07,0.003040383,0.003304236,0.006740888,0.009669447,0.009933078,0.002171471,0.00262408,0.001565,0.001536,4.541306e-08,0,1.524e-23,1.178e-24
step128000,128000,K,u,head,1024,spike,786432,0.11377,0.1140042,0.05401611,0.1677161,0.1679673,0.01069859,0.01134909,0.001565,0.001536,3.851028e-05,0.000433059,1.524e-23,1.178e-24
step128000,128000,K,u,head,1024,32-64,786432,0.08077792,0.08102903,0.03103511,0.1096119,0.1098461,0.008724213,0.01032857,0.001565,0.001536,3.451393e-06,1.344227e-05,1.524e-23,1.178e-24
step128000,128000,K,u,head,1024,64-128,1572864,0.0651669,0.06541802,0.01659393,0.08003914,0.08029025,0.0073343,0.007805234,0.001565,0.001536,3.633045e-07,6.357829e-07,1.524e-23,1.178e-24
step128000,128000,K,u,head,1024,128-256,3145728,0.04548381,0.04574744,0.002260526,0.04465242,0.04490353,0.005389849,0.005053611,0.001565,0.001536,0,0,1.524e-23,1.178e-24
step128000,128000,K,u,head,1024,256-512,6291456,0.02112622,0.02137734,0.004411697,0.01682102,0.01707213,0.003215517,0.002805937,0.001565,0.001536,0,0,1.524e-23,1.178e-24
step128000,128000,K,u,head,1024,512-1024,1.258291e+07,0.03151376,0.03177739,0.007340272,0.02431232,0.02457595,0.004901965,0.004112039,0.001565,0.001536,1.964115e-06,9.082613e-08,1.524e-23,1.178e-24
step128000,128000,K,v,residual,1024,spike,786432,0.004968053,0.005237032,0.005518595,0.01048665,0.01075563,0.00230553,0.00272987,0.001565,0.001536,0,0,1.524e-23,1.178e-24
step128000,128000,K,v,residual,1024,32-64,786432,0.007428918,0.007680029,0.002152761,0.009036177,0.009287288,0.002417428,0.002553304,0.001565,0.001536,0,0,1.524e-23,1.178e-24
step128000,128000,K,v,residual,1024,64-128,1572864,0.006767319,0.007036298,0.0006573995,0.007139887,0.007408866,0.002227147,0.002381279,0.001565,0.001536,0,0,1.524e-23,1.178e-24
step128000,128000,K,v,residual,1024,128-256,3145728,0.003925229,0.004188859,0.0003550847,0.003859248,0.004128227,0.002050491,0.002072607,0.001565,0.001536,0,0,1.524e-23,1.178e-24
step128000,128000,K,v,residual,1024,256-512,6291456,0.0008181976,0.001052395,0.00030152,0.0008683106,0.001132163,0.001829987,0.001804284,0.001565,0.001536,0,0,1.524e-23,1.178e-24
step128000,128000,K,v,residual,1024,512-1024,1.258291e+07,0.001920364,0.002165217,0.0003005664,0.002081379,0.002345009,0.002031417,0.002020098,0.001565,0.001536,0,0,1.524e-23,1.178e-24
step128000,128000,V,u,head,1024,spike,786432,0.06530042,0.06555153,0.02112071,0.04629316,0.04655679,0.007757641,0.006599245,0.001565,0.001536,5.994524e-06,5.812872e-06,1.524e-23,1.178e-24
step128000,128000,V,u,head,1024,32-64,786432,0.03154682,0.03181045,0.001585642,0.03313246,0.03339609,0.004754203,0.004960741,0.001565,0.001536,0,0,1.524e-23,1.178e-24
step128000,128000,V,u,head,1024,64-128,1572864,0.02125603,0.02151966,0.0005257924,0.02079636,0.02105999,0.003876368,0.00369181,0.001565,0.001536,0,0,1.524e-23,1.178e-24
step128000,128000,V,u,head,1024,128-256,3145728,0.01462305,0.01489203,0.005677859,0.009114171,0.009377801,0.003152529,0.002549262,0.001565,0.001536,0,0,1.524e-23,1.178e-24
step128000,128000,V,u,head,1024,256-512,6291456,0.005651202,0.005920181,0.004003207,0.00166057,0.001924201,0.002309209,0.001908575,0.001565,0.001536,0,0,1.524e-23,1.178e-24
step128000,128000,V,u,head,1024,512-1024,1.258291e+07,0.007466839,0.007735818,0.001995007,0.005481307,0.005744938,0.002570164,0.002405133,0.001565,0.001536,0,0,1.524e-23,1.178e-24
step128000,128000,V,v,residual,1024,spike,786432,0.02737724,0.02762835,0.009211222,0.03646512,0.03671623,0.003979456,0.004729135,0.001565,0.001536,0,0,1.524e-23,1.178e-24
step128000,128000,V,v,residual,1024,32-64,786432,0.0235867,0.02383782,0.006348928,0.02977033,0.03002144,0.003442492,0.004011972,0.001565,0.001536,0,0,1.524e-23,1.178e-24
step128000,128000,V,v,residual,1024,64-128,1572864,0.01879036,0.01904147,0.003891627,0.02244675,0.02269786,0.003080005,0.003316425,0.001565,0.001536,0,0,1.524e-23,1.178e-24
step128000,128000,V,v,residual,1024,128-256,3145728,0.01181422,0.01204842,0.001502991,0.0132937,0.01354481,0.002447083,0.002541497,0.001565,0.001536,0,0,1.524e-23,1.178e-24
step128000,128000,V,v,residual,1024,256-512,6291456,0.004329626,0.004563824,0.0007092158,0.004985595,0.005219793,0.001956281,0.001991817,0.001565,0.001536,0,0,1.524e-23,1.178e-24
step128000,128000,V,v,residual,1024,512-1024,1.258291e+07,0.007004625,0.007273604,0.0008134047,0.007691826,0.007960805,0.002628485,0.002688385,0.001565,0.001536,4.859198e-06,4.325594e-06,1.524e-23,1.178e-24
step128000,128000,O,u,residual,1024,spike,786432,0.01577509,0.01604407,0.01868439,0.03371738,0.03398101,0.002579462,0.003058116,0.001565,0.001536,8.029029e-05,0.0001026335,1.524e-23,1.178e-24
step128000,128000,O,u,residual,1024,32-64,786432,0.001765474,0.002029105,0.004201253,0.005437261,0.00570624,0.001956031,0.002412705,0.001565,0.001536,0,0,1.524e-23,1.178e-24
step128000,128000,O,u,residual,1024,64-128,1572864,0.0007281917,0.0009730446,0.002631505,0.003054768,0.003318621,0.00188219,0.002154577,0.001565,0.001536,0,0,1.524e-23,1.178e-24
step128000,128000,O,u,residual,1024,128-256,3145728,0.0005735891,0.0008247001,0.0006488164,0.001023405,0.001274517,0.001779284,0.00184863,0.001565,0.001536,0,0,1.524e-23,1.178e-24
step128000,128000,O,u,residual,1024,256-512,6291456,0.0002693489,0.000319701,0.0005276998,0.0004104095,0.0006055046,0.001762095,0.001772018,0.001565,0.001536,0,0,1.524e-23,1.178e-24
step128000,128000,O,u,residual,1024,512-1024,1.258291e+07,0.0005153661,0.0007789966,0.0006579558,0.001094864,0.001363843,0.00178563,0.001853659,0.001565,0.001536,0,0,1.524e-23,1.178e-24
step128000,128000,O,v,head,1024,spike,786432,0.06744046,0.06769157,0.01502101,0.05316979,0.05343342,0.008016314,0.007439023,0.001565,0.001536,1.998175e-06,3.269741e-06,1.524e-23,1.178e-24
step128000,128000,O,v,head,1024,32-64,786432,0.03790973,0.03817336,0.002597809,0.0404961,0.04075973,0.005449568,0.00590497,0.001565,0.001536,0,0,1.524e-23,1.178e-24
step128000,128000,O,v,head,1024,64-128,1572864,0.0280659,0.02832954,0.001577377,0.02725274,0.02751637,0.004452206,0.004300617,0.001565,0.001536,0,0,1.524e-23,1.178e-24
step128000,128000,O,v,head,1024,128-256,3145728,0.02057161,0.02083524,0.00807635,0.0126595,0.01291371,0.003680365,0.002782095,0.001565,0.001536,0,0,1.524e-23,1.178e-24
step128000,128000,O,v,head,1024,256-512,6291456,0.008966333,0.009235312,0.005983988,0.003168488,0.003432119,0.002553577,0.001979692,0.001565,0.001536,0,0,1.524e-23,1.178e-24
step128000,128000,O,v,head,1024,512-1024,1.258291e+07,0.01205759,0.01232657,0.004839023,0.007218566,0.007487545,0.003021604,0.002554031,0.001565,0.001536,0,0,1.524e-23,1.178e-24
step128000,128000,MLP_IN,u,hidden,4096,spike,3145728,0.01642004,0.01647236,0.02325598,0.03516124,0.03522712,0.00348191,0.0039018,0.001565,0.001558,4.055386e-05,3.887358e-05,1.524e-23,8.299e-24
step128000,128000,MLP_IN,u,hidden,4096,32-64,3145728,0.01031372,0.01038093,0.003031095,0.01271676,0.01278269,0.002926236,0.003503618,0.001565,0.001558,2.361479e-06,0,1.524e-23,8.299e-24
step128000,128000,MLP_IN,u,hidden,4096,64-128,6291456,0.009590672,0.009657886,0.0005119642,0.009847369,0.009914584,0.002878303,0.003041858,0.001565,0.001558,0,0,1.524e-23,8.299e-24
step128000,128000,MLP_IN,u,hidden,4096,128-256,1.258291e+07,0.007845845,0.00791306,0.001348972,0.006548212,0.006615427,0.002687114,0.002518438,0.001565,0.001558,0,0,1.524e-23,8.299e-24
step128000,128000,MLP_IN,u,hidden,4096,256-512,2.516582e+07,0.004032199,0.004098081,0.0009794235,0.003062074,0.003127955,0.002235327,0.002113666,0.001565,0.001558,0,0,1.524e-23,8.299e-24
step128000,128000,MLP_IN,u,hidden,4096,512-1024,5.033165e+07,0.003413727,0.003479658,0.002777934,0.0006887774,0.0007559924,0.002198455,0.001833195,0.001565,0.001558,5.568777e-06,0,1.524e-23,8.299e-24
step128000,128000,MLP_IN,v,residual,1024,spike,786432,0.001215017,0.001430035,0.01003393,0.01111021,0.01137384,0.001880827,0.002557119,0.001565,0.001536,0,0,1.524e-23,1.178e-24
step128000,128000,MLP_IN,v,residual,1024,32-64,786432,0.006359522,0.006593719,0.003999074,0.01011966,0.01038329,0.002126421,0.002391452,0.001565,0.001536,0,0,1.524e-23,1.178e-24
step128000,128000,MLP_IN,v,residual,1024,64-128,1572864,0.009076977,0.009340608,0.001628876,0.007823849,0.00808748,0.002377646,0.002293087,0.001565,0.001536,0,0,1.524e-23,1.178e-24
step128000,128000,MLP_IN,v,residual,1024,128-256,3145728,0.007368947,0.007632577,0.00295035,0.004704063,0.004967693,0.002210935,0.002083324,0.001565,0.001536,0,0,1.524e-23,1.178e-24
step128000,128000,MLP_IN,v,residual,1024,256-512,6291456,0.004088983,0.00432318,0.002583186,0.001530047,0.001745065,0.001949242,0.001861709,0.001565,0.001536,0,0,1.524e-23,1.178e-24
step128000,128000,MLP_IN,v,residual,1024,512-1024,1.258291e+07,0.006630784,0.006899763,0.00212431,0.004617975,0.004886954,0.00242231,0.002182177,0.001565,0.001536,1.699584e-05,8.424123e-06,1.524e-23,1.178e-24
step128000,128000,MLP_OUT,u,residual,1024,spike,786432,0.02497028,0.02523391,0.02693303,0.04995898,0.05021009,0.002896263,0.003118969,0.001565,0.001536,0.0001362392,0.0001298814,1.524e-23,1.178e-24
step128000,128000,MLP_OUT,u,residual,1024,32-64,786432,0.004019886,0.004283739,0.004502614,0.008510635,0.008779614,0.002296629,0.002672105,0.001565,0.001536,0,0,1.524e-23,1.178e-24
step128000,128000,MLP_OUT,u,residual,1024,64-128,1572864,0.003497228,0.003731425,0.002066294,0.005074724,0.005338355,0.002061481,0.002327329,0.001565,0.001536,0,0,1.524e-23,1.178e-24
step128000,128000,MLP_OUT,u,residual,1024,128-256,3145728,0.001683066,0.001946919,0.001029968,0.002389636,0.002658615,0.001912208,0.001967021,0.001565,0.001536,0,0,1.524e-23,1.178e-24
step128000,128000,MLP_OUT,u,residual,1024,256-512,6291456,0.0009376324,0.001132728,0.0003925959,0.001168832,0.001403029,0.001804147,0.001797404,0.001565,0.001536,0,0,1.524e-23,1.178e-24
step128000,128000,MLP_OUT,u,residual,1024,512-1024,1.258291e+07,0.001310104,0.001519503,0.001775265,0.002430393,0.002681504,0.001903046,0.001940602,0.001565,0.001536,1.362392e-07,1.589457e-07,1.524e-23,1.178e-24
step128000,128000,MLP_OUT,v,hidden,4096,spike,3145728,0.03905841,0.03912563,0.0045681,0.03868658,0.03875251,0.006408828,0.005170413,0.001565,0.001558,6.416866e-05,0.0001361029,1.524e-23,8.299e-24
step128000,128000,MLP_OUT,v,hidden,4096,32-64,3145728,0.01999012,0.02005605,0.0005156199,0.01990524,0.01997117,0.004502387,0.004755293,0.001565,0.001558,1.98001e-05,2.770197e-06,1.524e-23,8.299e-24
step128000,128000,MLP_OUT,v,hidden,4096,64-128,6291456,0.01262288,0.01269009,0.0004143715,0.01220851,0.01227572,0.003573486,0.003705547,0.001565,0.001558,1.407805e-06,0,1.524e-23,8.299e-24
step128000,128000,MLP_OUT,v,hidden,4096,128-256,1.258291e+07,0.007392532,0.007459747,0.0008806388,0.006612029,0.006679244,0.002749477,0.002724069,0.001565,0.001558,0,0,1.524e-23,8.299e-24
step128000,128000,MLP_OUT,v,hidden,4096,256-512,2.516582e+07,0.004204417,0.004270298,0.00180455,0.002579457,0.002646672,0.002255661,0.002067418,0.001565,0.001558,0,0,1.524e-23,8.299e-24
step128000,128000,MLP_OUT,v,hidden,4096,512-1024,5.033165e+07,0.002906744,0.002972626,0.002553225,0.0003875828,0.000447281,0.002117327,0.001816687,0.001565,0.001558,1.439026e-06,0,1.524e-23,8.299e-24
step143000,143000,Q,u,head,1024,spike,786432,0.1105732,0.1108074,0.1702118,0.27446,0.2746551,0.01020976,0.0125865,0.001565,0.001536,3.505888e-05,0.0008839199,1.524e-23,1.178e-24
step143000,143000,Q,u,head,1024,32-64,786432,0.07221785,0.07248148,0.113369,0.1782958,0.1785108,0.008266812,0.01279395,0.001565,0.001536,1.943679e-05,0.0002535865,1.524e-23,1.178e-24
step143000,143000,Q,u,head,1024,64-128,1572864,0.05860372,0.05885483,0.06922277,0.1206977,0.1209127,0.006677173,0.01062756,0.001565,0.001536,3.633045e-07,1.280648e-05,1.524e-23,1.178e-24
step143000,143000,Q,u,head,1024,128-256,3145728,0.0470064,0.04725751,0.0399526,0.08000505,0.08022006,0.005181131,0.006937481,0.001565,0.001536,0,3.633045e-07,1.524e-23,1.178e-24
step143000,143000,Q,u,head,1024,256-512,6291456,0.02568511,0.02593622,0.02252642,0.0457628,0.045997,0.003380299,0.004521688,0.001565,0.001536,0,0,1.524e-23,1.178e-24
step143000,143000,Q,u,head,1024,512-1024,1.258291e+07,0.03612835,0.03639198,0.02463953,0.05607917,0.05631337,0.005508332,0.006104027,0.001565,0.001536,1.464571e-06,6.017231e-07,1.524e-23,1.178e-24
step143000,143000,Q,v,residual,1024,spike,786432,0.004831219,0.00509485,0.03044128,0.03502405,0.03529303,0.002270471,0.00524757,0.001565,0.001536,3.451393e-06,1.326061e-05,1.524e-23,1.178e-24
step143000,143000,Q,v,residual,1024,32-64,786432,0.01014333,0.0104123,0.02644094,0.03621219,0.03647582,0.002430689,0.005425044,0.001565,0.001536,0,9.627569e-06,1.524e-23,1.178e-24
step143000,143000,Q,v,residual,1024,64-128,1572864,0.008973345,0.009236975,0.02231534,0.03128678,0.03155041,0.002498082,0.004762831,0.001565,0.001536,0,0,1.524e-23,1.178e-24
step143000,143000,Q,v,residual,1024,128-256,3145728,0.005959098,0.006222729,0.01059024,0.01637386,0.01663749,0.002190862,0.003202711,0.001565,0.001536,0,0,1.524e-23,1.178e-24
step143000,143000,Q,v,residual,1024,256-512,6291456,0.001743747,0.001994859,0.003002644,0.004608218,0.004871849,0.001877081,0.002097629,0.001565,0.001536,0,0,1.524e-23,1.178e-24
step143000,143000,Q,v,residual,1024,512-1024,1.258291e+07,0.003141393,0.003405246,0.00701348,0.009991392,0.01025502,0.002174991,0.00266485,0.001565,0.001536,2.497718e-07,0,1.524e-23,1.178e-24
step143000,143000,K,u,head,1024,spike,786432,0.1163881,0.1166223,0.05602519,0.1722569,0.172508,0.01079541,0.01148696,0.001565,0.001536,3.923689e-05,0.0004802886,1.524e-23,1.178e-24
step143000,143000,K,u,head,1024,32-64,786432,0.08327782,0.08352893,0.03429159,0.1142977,0.1145319,0.008784703,0.01054964,0.001565,0.001536,2.724784e-06,1.525879e-05,1.524e-23,1.178e-24
step143000,143000,K,u,head,1024,64-128,1572864,0.06724782,0.06749893,0.01743507,0.08258672,0.08283783,0.007509232,0.008023035,0.001565,0.001536,1.453218e-06,1.089914e-06,1.524e-23,1.178e-24
step143000,143000,K,u,head,1024,128-256,3145728,0.04709573,0.04734684,0.001529058,0.04658297,0.04683408,0.005527587,0.005252293,0.001565,0.001536,0,0,1.524e-23,1.178e-24
step143000,143000,K,u,head,1024,256-512,6291456,0.02145726,0.02172089,0.004154205,0.01744838,0.01769949,0.003227529,0.002859184,0.001565,0.001536,0,0,1.524e-23,1.178e-24
step143000,143000,K,u,head,1024,512-1024,1.258291e+07,0.03205051,0.03231415,0.007126729,0.02500421,0.02526784,0.004926784,0.004138243,0.001565,0.001536,1.839229e-06,1.248859e-07,1.524e-23,1.178e-24
step143000,143000,K,v,residual,1024,spike,786432,0.005274886,0.005525997,0.005877177,0.01072736,0.01097847,0.002331143,0.002734411,0.001565,0.001536,0,0,1.524e-23,1.178e-24
step143000,143000,K,v,residual,1024,32-64,786432,0.007562432,0.007813543,0.003344218,0.01056852,0.01083215,0.002406529,0.002701896,0.001565,0.001536,0,0,1.524e-23,1.178e-24
step143000,143000,K,v,residual,1024,64-128,1572864,0.006825034,0.007088665,0.0009110769,0.006678804,0.006942435,0.002304077,0.002373377,0.001565,0.001536,0,0,1.524e-23,1.178e-24
step143000,143000,K,v,residual,1024,128-256,3145728,0.004106885,0.004375864,0.0004049937,0.003838688,0.004102541,0.002065386,0.002050536,0.001565,0.001536,0,0,1.524e-23,1.178e-24
step143000,143000,K,v,residual,1024,256-512,6291456,0.0009290734,0.001144091,0.0004088084,0.0009287656,0.001197745,0.001831282,0.001839592,0.001565,0.001536,0,0,1.524e-23,1.178e-24
step143000,143000,K,v,residual,1024,512-1024,1.258291e+07,0.001964376,0.002233355,0.0003985564,0.002246047,0.002509677,0.002036833,0.002056179,0.001565,0.001536,0,0,1.524e-23,1.178e-24
step143000,143000,V,u,head,1024,spike,786432,0.06585228,0.06610339,0.02218755,0.04699839,0.04726737,0.007750193,0.006771088,0.001565,0.001536,4.722959e-06,5.267915e-06,1.524e-23,1.178e-24
step143000,143000,V,u,head,1024,32-64,786432,0.03162438,0.03188801,0.001491547,0.03237969,0.03264332,0.004892622,0.0050156,0.001565,0.001536,0,0,1.524e-23,1.178e-24
step143000,143000,V,u,head,1024,64-128,1572864,0.02096244,0.02123142,0.0007514954,0.02070863,0.02097226,0.003898166,0.003702527,0.001565,0.001536,0,0,1.524e-23,1.178e-24
step143000,143000,V,u,head,1024,128-256,3145728,0.01504889,0.01531252,0.005262375,0.009834653,0.01010363,0.003199441,0.002564703,0.001565,0.001536,0,0,1.524e-23,1.178e-24
step143000,143000,V,u,head,1024,256-512,6291456,0.005722587,0.005986217,0.004065832,0.001855364,0.002119216,0.002291725,0.00191164,0.001565,0.001536,0,0,1.524e-23,1.178e-24
step143000,143000,V,u,head,1024,512-1024,1.258291e+07,0.007569518,0.007838497,0.002126535,0.005731946,0.006000925,0.002581301,0.002393337,0.001565,0.001536,0,0,1.524e-23,1.178e-24
step143000,143000,V,v,residual,1024,spike,786432,0.02850131,0.02875242,0.009354909,0.03714922,0.03740034,0.004060473,0.004845574,0.001565,0.001536,0,0,1.524e-23,1.178e-24
step143000,143000,V,v,residual,1024,32-64,786432,0.0243382,0.02458931,0.005580902,0.0299191,0.03017021,0.003518967,0.00400961,0.001565,0.001536,0,0,1.524e-23,1.178e-24
step143000,143000,V,v,residual,1024,64-128,1572864,0.0193473,0.01959841,0.003341039,0.02237819,0.02264182,0.003149759,0.003316879,0.001565,0.001536,0,0,1.524e-23,1.178e-24
step143000,143000,V,v,residual,1024,128-256,3145728,0.01223035,0.01248146,0.001591682,0.01379246,0.01402666,0.002503804,0.002582732,0.001565,0.001536,0,0,1.524e-23,1.178e-24
step143000,143000,V,v,residual,1024,256-512,6291456,0.004578467,0.004793485,0.0006599426,0.005064441,0.005315552,0.001967793,0.001996358,0.001565,0.001536,0,0,1.524e-23,1.178e-24
step143000,143000,V,v,residual,1024,512-1024,1.258291e+07,0.00727422,0.007538073,0.0006961028,0.007814692,0.00808367,0.002638181,0.002739123,0.001565,0.001536,3.428686e-06,3.644398e-06,1.524e-23,1.178e-24
step143000,143000,O,u,residual,1024,spike,786432,0.01559453,0.01586351,0.01860174,0.03419626,0.03446524,0.002518063,0.003103529,0.001565,0.001536,8.337838e-05,0.0001115345,1.524e-23,1.178e-24
step143000,143000,O,u,residual,1024,32-64,786432,0.001301668,0.001546521,0.004900614,0.005914519,0.006178372,0.001945859,0.002473922,0.001565,0.001536,0,0,1.524e-23,1.178e-24
step143000,143000,O,u,residual,1024,64-128,1572864,0.0007695175,0.00101437,0.002828598,0.003329005,0.003597984,0.001873198,0.002104441,0.001565,0.001536,0,0,1.524e-23,1.178e-24
step143000,143000,O,u,residual,1024,128-256,3145728,0.0002230125,0.0004181076,0.001625697,0.001596882,0.001847993,0.001788639,0.001883507,0.001565,0.001536,0,0,1.524e-23,1.178e-24
step143000,143000,O,u,residual,1024,256-512,6291456,0.0002783938,0.0003320377,0.0003929138,0.0002159715,0.0004828067,0.001767181,0.001786277,0.001565,0.001536,0,0,1.524e-23,1.178e-24
step143000,143000,O,u,residual,1024,512-1024,1.258291e+07,0.0004971384,0.0007121564,0.0006429354,0.001047834,0.001311465,0.001808768,0.001830521,0.001565,0.001536,0,0,1.524e-23,1.178e-24
step143000,143000,O,v,head,1024,spike,786432,0.06855181,0.06880292,0.01533381,0.05496397,0.0552276,0.008239746,0.007699331,0.001565,0.001536,2.724784e-06,5.449568e-06,1.524e-23,1.178e-24
step143000,143000,O,v,head,1024,32-64,786432,0.03940764,0.03967127,0.002782186,0.04184777,0.0421114,0.005608877,0.00604248,0.001565,0.001536,0,0,1.524e-23,1.178e-24
step143000,143000,O,v,head,1024,64-128,1572864,0.02937435,0.02963798,0.00118192,0.02842131,0.02868494,0.004593531,0.004409881,0.001565,0.001536,0,0,1.524e-23,1.178e-24
step143000,143000,O,v,head,1024,128-256,3145728,0.02090381,0.02116744,0.00785478,0.01304903,0.01331266,0.003728412,0.002822195,0.001565,0.001536,0,0,1.524e-23,1.178e-24
step143000,143000,O,v,head,1024,256-512,6291456,0.009667937,0.009931568,0.006165663,0.003502274,0.003765905,0.002598967,0.00200342,0.001565,0.001536,0,0,1.524e-23,1.178e-24
step143000,143000,O,v,head,1024,512-1024,1.258291e+07,0.01254587,0.01281485,0.004957755,0.007697072,0.007966051,0.003067051,0.002592609,0.001565,0.001536,0,0,1.524e-23,1.178e-24
step143000,143000,MLP_IN,u,hidden,4096,spike,3145728,0.01657676,0.01662908,0.02406152,0.03574853,0.03581574,0.003467469,0.003895714,0.001565,0.001558,4.436856e-05,3.960019e-05,1.524e-23,8.299e-24
step143000,143000,MLP_IN,u,hidden,4096,32-64,3145728,0.010802,0.01086921,0.00320212,0.01353618,0.0136034,0.002948125,0.003570511,0.001565,0.001558,1.907349e-06,0,1.524e-23,8.299e-24
step143000,143000,MLP_IN,u,hidden,4096,64-128,6291456,0.009964989,0.0100322,0.0008751551,0.01012616,0.01019337,0.002924193,0.003065677,0.001565,0.001558,9.082613e-08,0,1.524e-23,8.299e-24
step143000,143000,MLP_IN,u,hidden,4096,128-256,1.258291e+07,0.007779565,0.007846779,0.001233101,0.006613618,0.006680833,0.002719311,0.002567564,0.001565,0.001558,0,0,1.524e-23,8.299e-24
step143000,143000,MLP_IN,u,hidden,4096,256-512,2.516582e+07,0.004072871,0.004140086,0.0009980599,0.003117268,0.00318355,0.00224999,0.002123027,0.001565,0.001558,0,0,1.524e-23,8.299e-24
step143000,143000,MLP_IN,u,hidden,4096,512-1024,5.033165e+07,0.003453324,0.003519255,0.002970099,0.000534302,0.000601517,0.002204549,0.001832017,0.001565,0.001558,5.852608e-06,0,1.524e-23,8.299e-24
step143000,143000,MLP_IN,v,residual,1024,spike,786432,0.001523767,0.001774878,0.00951767,0.01073001,0.01099364,0.00189536,0.002579462,0.001565,0.001536,7.26609e-07,0,1.524e-23,1.178e-24
step143000,143000,MLP_IN,v,residual,1024,32-64,786432,0.006186598,0.006437709,0.003863017,0.009693577,0.009944688,0.002152761,0.002387637,0.001565,0.001536,0,0,1.524e-23,1.178e-24
step143000,143000,MLP_IN,v,residual,1024,64-128,1572864,0.00920466,0.009455771,0.001796087,0.007481688,0.007732799,0.002368019,0.002215703,0.001565,0.001536,0,0,1.524e-23,1.178e-24
step143000,143000,MLP_IN,v,residual,1024,128-256,3145728,0.00735326,0.007604371,0.002991994,0.004361266,0.004612377,0.002200989,0.002042452,0.001565,0.001536,0,0,1.524e-23,1.178e-24
step143000,143000,MLP_IN,v,residual,1024,256-512,6291456,0.004029787,0.004244804,0.00249958,0.001819039,0.002082669,0.001923697,0.001861799,0.001565,0.001536,0,0,1.524e-23,1.178e-24
step143000,143000,MLP_IN,v,residual,1024,512-1024,1.258291e+07,0.006658759,0.006927738,0.002243439,0.004586822,0.004855801,0.002399717,0.002197777,0.001565,0.001536,1.732508e-05,9.173439e-06,1.524e-23,1.178e-24
step143000,143000,MLP_OUT,u,residual,1024,spike,786432,0.02573195,0.02599558,0.02680461,0.05021711,0.05046822,0.002934955,0.003074828,0.001565,0.001536,0.0001324245,0.0001242501,1.524e-23,1.178e-24
step143000,143000,MLP_OUT,u,residual,1024,32-64,786432,0.003699416,0.003950527,0.005030314,0.008508513,0.008772366,0.002338046,0.002750578,0.001565,0.001536,0,0,1.524e-23,1.178e-24
step143000,143000,MLP_OUT,u,residual,1024,64-128,1572864,0.002494858,0.002763837,0.002151489,0.004380449,0.00464408,0.002049492,0.002254214,0.001565,0.001536,0,0,1.524e-23,1.178e-24
step143000,143000,MLP_OUT,u,residual,1024,128-256,3145728,0.001810755,0.002079734,0.001656214,0.00295555,0.003206661,0.001902717,0.001972516,0.001565,0.001536,0,0,1.524e-23,1.178e-24
step143000,143000,MLP_OUT,u,residual,1024,256-512,6291456,0.0007186497,0.0008962163,0.0006364187,0.001209136,0.001424154,0.001802581,0.001779715,0.001565,0.001536,0,0,1.524e-23,1.178e-24
step143000,143000,MLP_OUT,u,residual,1024,512-1024,1.258291e+07,0.001347615,0.001557014,0.001945496,0.0024505,0.002701611,0.00189696,0.001952046,0.001565,0.001536,1.362392e-07,3.178914e-07,1.524e-23,1.178e-24
step143000,143000,MLP_OUT,v,hidden,4096,spike,3145728,0.03913916,0.03920637,0.004360199,0.03820816,0.03827409,0.006391207,0.005164283,0.001565,0.001558,6.344205e-05,0.0001255671,1.524e-23,8.299e-24
step143000,143000,MLP_OUT,v,hidden,4096,32-64,3145728,0.01962677,0.0196927,0.0006303787,0.02018626,0.02025219,0.004458473,0.004776591,0.001565,0.001558,1.839229e-05,2.406892e-06,1.524e-23,8.299e-24
step143000,143000,MLP_OUT,v,hidden,4096,64-128,6291456,0.01246234,0.01252956,0.0004401207,0.01239765,0.01246487,0.00356488,0.003706115,0.001565,0.001558,1.339685e-06,9.082613e-08,1.524e-23,8.299e-24
step143000,143000,MLP_OUT,v,hidden,4096,128-256,1.258291e+07,0.007187333,0.007254548,0.000737985,0.006751583,0.006818798,0.002765258,0.002711478,0.001565,0.001558,1.248859e-07,0,1.524e-23,8.299e-24
step143000,143000,MLP_OUT,v,hidden,4096,256-512,2.516582e+07,0.004090771,0.004156652,0.001626054,0.00254256,0.002608441,0.002246482,0.002064404,0.001565,0.001558,0,0,1.524e-23,8.299e-24
step143000,143000,MLP_OUT,v,hidden,4096,512-1024,5.033165e+07,0.002942791,0.003008721,0.002677202,0.0003319797,0.00039316,0.002122888,0.001804826,0.001565,0.001558,1.410643e-06,0,1.524e-23,8.299e-24
