rev,step,M,side,class,n,band,count,ks_pt_trained,ks_exact_trained,ks_trained_vs_null,ks_pt_null,ks_exact_null,tail10_trained,tail10_null,tail10_pt,tail10_exact,tail100_trained,tail100_null,tail100_pt,tail100_exact
step0,0,Q,u,head,1024,spike,786432,0.001894587,0.001625608,0.003520966,0.001658663,0.001922293,0.00180417,0.002011072,0.001565,0.001536,0,0,1.524e-23,1.178e-24
step0,0,Q,u,head,1024,32-64,786432,0.001502569,0.001268372,0.001809438,0.001082569,0.001346422,0.001757486,0.001885732,0.001565,0.001536,0,0,1.524e-23,1.178e-24
step0,0,Q,u,head,1024,64-128,1572864,0.0006518463,0.0003879935,0.001143773,0.0006836868,0.0009285398,0.00176784,0.001843589,0.001565,0.001536,0,0,1.524e-23,1.178e-24
step0,0,Q,u,head,1024,128-256,3145728,0.0007208738,0.0004866766,0.0009762446,0.0003288127,0.0005799237,0.001755851,0.001788775,0.001565,0.001536,0,0,1.524e-23,1.178e-24
step0,0,Q,u,head,1024,256-512,6291456,0.0002660815,0.0003270411,0.000497818,0.0002971989,0.0001960443,0.001765433,0.001749402,0.001565,0.001536,0,0,1.524e-23,1.178e-24
step0,0,Q,u,head,1024,512-1024,1.258291e+07,0.0003620938,0.0001242009,0.0004599889,0.0001258412,0.0003615257,0.001732202,0.001760415,0.001565,0.001536,0,0,1.524e-23,1.178e-24
step0,0,Q,v,residual,1024,spike,786432,0.001094396,0.000860199,0.002783457,0.001965886,0.002234865,0.001696814,0.001931145,0.001565,0.001536,0,0,1.524e-23,1.178e-24
step0,0,Q,v,residual,1024,32-64,786432,0.0003257439,0.0004474252,0.001552582,0.001317773,0.001582552,0.001775287,0.001883734,0.001565,0.001536,0,0,1.524e-23,1.178e-24
step0,0,Q,v,residual,1024,64-128,1572864,0.0005746502,0.000535626,0.0008360545,0.000690891,0.0009420021,0.001782099,0.001816795,0.001565,0.001536,0,0,1.524e-23,1.178e-24
step0,0,Q,v,residual,1024,128-256,3145728,0.0006086492,0.0003575381,0.0005868276,0.0005100667,0.0003328833,0.001740864,0.001775969,0.001565,0.001536,0,0,1.524e-23,1.178e-24
step0,0,Q,v,residual,1024,256-512,6291456,0.0004510978,0.0002060045,0.0005216599,0.0002371208,0.0003459618,0.001755919,0.001769565,0.001565,0.001536,0,0,1.524e-23,1.178e-24
step0,0,Q,v,residual,1024,512-1024,1.258291e+07,0.0003144009,0.000185301,0.0002470016,0.0001280768,0.0002645652,0.00173613,0.00176449,0.001565,0.001536,0,0,1.524e-23,1.178e-24
step0,0,K,u,head,1024,spike,786432,0.0005548697,0.0008187224,0.001672109,0.001990541,0.002254172,0.001779465,0.001923334,0.001565,0.001536,0,0,1.524e-23,1.178e-24
step0,0,K,u,head,1024,32-64,786432,0.0006032631,0.0008668936,0.001544952,0.001382659,0.001646512,0.001762027,0.00187011,0.001565,0.001536,0,0,1.524e-23,1.178e-24
step0,0,K,u,head,1024,64-128,1572864,0.0004691721,0.000632265,0.001075745,0.0006807095,0.0009149068,0.00177883,0.00182615,0.001565,0.001536,0,0,1.524e-23,1.178e-24
step0,0,K,u,head,1024,128-256,3145728,0.0003148102,0.0002855563,0.000459671,0.0002640836,0.0004436105,0.001731101,0.001791999,0.001565,0.001536,0,0,1.524e-23,1.178e-24
step0,0,K,u,head,1024,256-512,6291456,0.0004070663,0.0001976673,0.0004750888,0.0006573354,0.0003937049,0.00173982,0.001727944,0.001565,0.001536,0,0,1.524e-23,1.178e-24
step0,0,K,u,head,1024,512-1024,1.258291e+07,0.0004103621,0.0001953442,0.0003294945,0.000330458,0.0001341503,0.001741114,0.001769372,0.001565,0.001536,0,0,1.524e-23,1.178e-24
step0,0,K,v,residual,1024,spike,786432,0.0008705556,0.0006770658,0.002674103,0.001803547,0.0020674,0.00178764,0.001987276,0.001565,0.001536,0,0,1.524e-23,1.178e-24
step0,0,K,v,residual,1024,32-64,786432,0.0005910443,0.0007128716,0.001539866,0.001677617,0.001911814,0.001732781,0.001777649,0.001565,0.001536,0,0,1.524e-23,1.178e-24
step0,0,K,v,residual,1024,64-128,1572864,0.0007158458,0.0004468668,0.001430511,0.0007952695,0.0010589,0.00173269,0.001805714,0.001565,0.001536,0,0,1.524e-23,1.178e-24
step0,0,K,v,residual,1024,128-256,3145728,0.0005730453,0.0003219343,0.0003569921,0.0003947082,0.0003449631,0.001740092,0.001753489,0.001565,0.001536,0,0,1.524e-23,1.178e-24
step0,0,K,v,residual,1024,256-512,6291456,0.0002719266,0.0001970223,0.0002670288,0.0001577202,0.0003301091,0.00175962,0.001755851,0.001565,0.001536,0,0,1.524e-23,1.178e-24
step0,0,K,v,residual,1024,512-1024,1.258291e+07,0.0002709587,0.0002130758,0.0003915628,0.0001715362,0.0003322761,0.001763798,0.001764275,0.001565,0.001536,0,0,1.524e-23,1.178e-24
step0,0,V,u,head,1024,spike,786432,0.001289583,0.001465034,0.002328237,0.002562672,0.002826525,0.00180308,0.001986549,0.001565,0.001536,0,0,1.524e-23,1.178e-24
step0,0,V,u,head,1024,32-64,786432,0.001017382,0.0008601633,0.001578013,0.001341933,0.001593044,0.001701355,0.001873743,0.001565,0.001536,0,0,1.524e-23,1.178e-24
step0,0,V,u,head,1024,64-128,1572864,0.0005321566,0.0003633712,0.0007864634,0.000724121,0.0005091031,0.001747858,0.001802263,0.001565,0.001536,0,0,1.524e-23,1.178e-24
step0,0,V,u,head,1024,128-256,3145728,0.0004302048,0.0002429333,0.000486056,0.0004830821,0.0003007042,0.001715478,0.001772608,0.001565,0.001536,0,0,1.524e-23,1.178e-24
step0,0,V,u,head,1024,256-512,6291456,0.0005433997,0.0003283818,0.0003536542,0.0004230006,0.0001718895,0.001732599,0.001755646,0.001565,0.001536,0,0,1.524e-23,1.178e-24
step0,0,V,u,head,1024,512-1024,1.258291e+07,0.0003164049,0.0001409538,0.0003628731,6.797365e-05,0.0003103345,0.001754942,0.00177447,0.001565,0.001536,0,0,1.524e-23,1.178e-24
step0,0,V,v,residual,1024,spike,786432,0.0006932421,0.0006283385,0.001661936,0.001222406,0.001473517,0.001749493,0.001906077,0.001565,0.001536,0,0,1.524e-23,1.178e-24
step0,0,V,v,residual,1024,32-64,786432,0.0006690288,0.0005601877,0.001360575,0.0009901342,0.001234987,0.001770928,0.001912435,0.001565,0.001536,0,0,1.524e-23,1.178e-24
step0,0,V,v,residual,1024,64-128,1572864,0.0003068692,0.0005410664,0.0006942749,0.0004647964,0.0005569888,0.00177011,0.001827694,0.001565,0.001536,0,0,1.524e-23,1.178e-24
step0,0,V,v,residual,1024,128-256,3145728,0.0002296153,0.00029413,0.0003048579,0.0003203217,0.0003200956,0.001753262,0.001750719,0.001565,0.001536,0,0,1.524e-23,1.178e-24
step0,0,V,v,residual,1024,256-512,6291456,0.0004384273,0.00020423,0.0002427101,0.0004015519,0.0002386073,0.001740365,0.001761096,0.001565,0.001536,0,0,1.524e-23,1.178e-24
step0,0,V,v,residual,1024,512-1024,1.258291e+07,0.0003098984,0.0001356039,0.0002904733,0.0002570767,0.0002742645,0.001745519,0.001770553,0.001565,0.001536,0,0,1.524e-23,1.178e-24
step0,0,O,u,residual,1024,spike,786432,0.001032726,0.001226833,0.001603444,0.002103601,0.002354712,0.001776196,0.001998538,0.001565,0.001536,0,0,1.524e-23,1.178e-24
step0,0,O,u,residual,1024,32-64,786432,0.0005672477,0.0006619304,0.001024882,0.0008091466,0.001060258,0.001748766,0.001873561,0.001565,0.001536,0,0,1.524e-23,1.178e-24
step0,0,O,u,residual,1024,64-128,1572864,0.0003269612,0.0004445008,0.0009269714,0.0006000102,0.000863863,0.001762208,0.001834234,0.001565,0.001536,0,0,1.524e-23,1.178e-24
step0,0,O,u,residual,1024,128-256,3145728,0.0003535928,0.0004928798,0.0004301071,0.000342482,0.0005935931,0.001756169,0.00178991,0.001565,0.001536,0,0,1.524e-23,1.178e-24
step0,0,O,u,residual,1024,256-512,6291456,0.0007304505,0.0004668199,0.0006241798,0.0002159921,0.0002541809,0.001742249,0.00175526,0.001565,0.001536,0,0,1.524e-23,1.178e-24
step0,0,O,u,residual,1024,512-1024,1.258291e+07,0.0003228866,0.0001351147,0.0003103415,0.0001816415,0.0001861255,0.001745485,0.001754738,0.001565,0.001536,0,0,1.524e-23,1.178e-24
step0,0,O,v,head,1024,spike,786432,0.0008132638,0.0009525509,0.002263387,0.001785324,0.002054303,0.001755124,0.001922971,0.001565,0.001536,0,0,1.524e-23,1.178e-24
step0,0,O,v,head,1024,32-64,786432,0.0008752528,0.0006303998,0.001982371,0.001540297,0.001791408,0.00171625,0.001875741,0.001565,0.001536,0,0,1.524e-23,1.178e-24
step0,0,O,v,head,1024,64-128,1572864,0.0009733378,0.0007043589,0.001669566,0.0008225342,0.001086387,0.001656124,0.001913616,0.001565,0.001536,0,0,1.524e-23,1.178e-24
step0,0,O,v,head,1024,128-256,3145728,0.0003586792,0.0003442916,0.0003328323,0.0002279345,0.0002818038,0.001748993,0.001790728,0.001565,0.001536,0,0,1.524e-23,1.178e-24
step0,0,O,v,head,1024,256-512,6291456,0.0006445347,0.000380682,0.0005157789,0.0004119232,0.0003016579,0.001745542,0.001769043,0.001565,0.001536,0,0,1.524e-23,1.178e-24
step0,0,O,v,head,1024,512-1024,1.258291e+07,0.0004342734,0.0001652945,0.0002308687,0.0002353652,0.000231804,0.001741114,0.001754273,0.001565,0.001536,0,0,1.524e-23,1.178e-24
step0,0,MLP_IN,u,hidden,4096,spike,3145728,0.0002617275,0.0002799243,0.0009196599,0.0007702446,0.000822565,0.001759711,0.001896177,0.001565,0.001558,0,0,1.524e-23,8.299e-24
step0,0,MLP_IN,u,hidden,4096,32-64,3145728,0.0005409473,0.0004824172,0.001063665,0.0006781082,0.0007453232,0.00172883,0.001863843,0.001565,0.001558,0,0,1.524e-23,8.299e-24
step0,0,MLP_IN,u,hidden,4096,64-128,6291456,0.0003248949,0.0002589642,0.0006461143,0.0004659056,0.0005196438,0.001766091,0.001840773,0.001565,0.001558,0,0,1.524e-23,8.299e-24
step0,0,MLP_IN,u,hidden,4096,128-256,1.258291e+07,0.0001609786,9.822335e-05,0.000427405,0.0003185174,0.0003844481,0.001766239,0.001806554,0.001565,0.001558,0,0,1.524e-23,8.299e-24
step0,0,MLP_IN,u,hidden,4096,256-512,2.516582e+07,8.426934e-05,0.0001043063,0.0001864433,0.000189763,0.0002509433,0.001763855,0.001791063,0.001565,0.001558,0,0,1.524e-23,8.299e-24
step0,0,MLP_IN,u,hidden,4096,512-1024,5.033165e+07,0.0001003924,6.465343e-05,0.0001091758,0.0001371061,7.21176e-05,0.001765961,0.001763528,0.001565,0.001558,0,0,1.524e-23,8.299e-24
step0,0,MLP_IN,v,residual,1024,spike,786432,0.0003935559,0.0003474256,0.001361847,0.001170983,0.001328201,0.001779647,0.001884824,0.001565,0.001536,0,0,1.524e-23,1.178e-24
step0,0,MLP_IN,v,residual,1024,32-64,786432,0.0006829925,0.0006644816,0.001426697,0.001007511,0.001258622,0.001736051,0.001845042,0.001565,0.001536,0,0,1.524e-23,1.178e-24
step0,0,MLP_IN,v,residual,1024,64-128,1572864,0.001249143,0.001054048,0.001728694,0.0005666976,0.0008348714,0.001738049,0.00177447,0.001565,0.001536,0,0,1.524e-23,1.178e-24
step0,0,MLP_IN,v,residual,1024,128-256,3145728,0.000333186,0.0002610041,0.0005187988,0.0007264796,0.0004816266,0.001734597,0.001732826,0.001565,0.001536,0,0,1.524e-23,1.178e-24
step0,0,MLP_IN,v,residual,1024,256-512,6291456,0.0003167331,0.0002689064,0.0004789035,0.0004667595,0.0002379875,0.001744815,0.001751695,0.001565,0.001536,0,0,1.524e-23,1.178e-24
step0,0,MLP_IN,v,residual,1024,512-1024,1.258291e+07,0.0002319478,0.0001406561,0.0002980232,0.0002169347,0.0003257757,0.001741875,0.001765013,0.001565,0.001536,0,0,1.524e-23,1.178e-24
step0,0,MLP_OUT,u,residual,1024,spike,786432,0.0009118744,0.001040438,0.00155894,0.001466582,0.001730435,0.001790546,0.001886095,0.001565,0.001536,0,0,1.524e-23,1.178e-24
step0,0,MLP_OUT,u,residual,1024,32-64,786432,0.001283741,0.00102011,0.001815796,0.0008718786,0.001116732,0.001651764,0.00189427,0.001565,0.001536,0,0,1.524e-23,1.178e-24
step0,0,MLP_OUT,u,residual,1024,64-128,1572864,0.0005249861,0.0003647913,0.001087189,0.0006758829,0.0009448619,0.001737685,0.00177556,0.001565,0.001536,0,0,1.524e-23,1.178e-24
step0,0,MLP_OUT,u,residual,1024,128-256,3145728,0.0006532312,0.0004382133,0.0008748372,0.0003860331,0.0006371442,0.001753762,0.001775151,0.001565,0.001536,0,0,1.524e-23,1.178e-24
step0,0,MLP_OUT,u,residual,1024,256-512,6291456,0.0004160159,0.0001948044,0.0002387365,0.0003157611,0.0001428413,0.001745905,0.001724334,0.001565,0.001536,0,0,1.524e-23,1.178e-24
step0,0,MLP_OUT,u,residual,1024,512-1024,1.258291e+07,0.0004088421,0.0001447098,0.0003486474,0.0001884852,0.0002171923,0.001744418,0.001772177,0.001565,0.001536,0,0,1.524e-23,1.178e-24
step0,0,MLP_OUT,v,hidden,4096,spike,3145728,0.0004029012,0.0004301051,0.0008366903,0.000793924,0.0008598547,0.001764297,0.001863934,0.001565,0.001558,0,0,1.524e-23,8.299e-24
step0,0,MLP_OUT,v,hidden,4096,32-64,3145728,0.0002366585,0.0002850163,0.0009648005,0.00083743,0.0008959601,0.001772154,0.001837367,0.001565,0.001558,0,0,1.524e-23,8.299e-24
step0,0,MLP_OUT,v,hidden,4096,64-128,6291456,0.0003029604,0.0003230793,0.0007715225,0.0005080363,0.0005752512,0.001764479,0.001817998,0.001565,0.001558,0,0,1.524e-23,8.299e-24
step0,0,MLP_OUT,v,hidden,4096,128-256,1.258291e+07,0.0001938009,0.0001310456,0.000530084,0.0004265766,0.0004937915,0.001772483,0.001820178,0.001565,0.001558,0,0,1.524e-23,8.299e-24
step0,0,MLP_OUT,v,hidden,4096,256-512,2.516582e+07,0.000185478,0.000136718,0.0003634294,0.0002196078,0.0002854893,0.001765802,0.001779585,0.001565,0.001558,0,0,1.524e-23,8.299e-24
step0,0,MLP_OUT,v,hidden,4096,512-1024,5.033165e+07,0.0001041193,8.056851e-05,6.751219e-05,6.481997e-05,9.128511e-05,0.001771578,0.001766994,0.001565,0.001558,0,0,1.524e-23,8.299e-24
step1,1,Q,u,head,1024,spike,786432,0.001894587,0.001625608,0.003966014,0.002148105,0.002399216,0.00180417,0.001961118,0.001565,0.001536,0,0,1.524e-23,1.178e-24
step1,1,Q,u,head,1024,32-64,786432,0.001502569,0.001268372,0.003218333,0.00181888,0.00208251,0.001757486,0.001974923,0.001565,0.001536,0,0,1.524e-23,1.178e-24
step1,1,Q,u,head,1024,64-128,1572864,0.0006518463,0.0003879935,0.001075745,0.0004628436,0.0006877511,0.00176784,0.001785006,0.001565,0.001536,0,0,1.524e-23,1.178e-24
step1,1,Q,u,head,1024,128-256,3145728,0.0007208738,0.0004866766,0.000717481,0.0002585803,0.0004415301,0.001755851,0.001730465,0.001565,0.001536,0,0,1.524e-23,1.178e-24
step1,1,Q,u,head,1024,256-512,6291456,0.0002660815,0.0003270411,0.0002757708,0.0002904037,0.0002208985,0.001765433,0.001738775,0.001565,0.001536,0,0,1.524e-23,1.178e-24
step1,1,Q,u,head,1024,512-1024,1.258291e+07,0.0003620938,0.0001242009,0.0003558795,0.0001594725,0.0002937247,0.001732202,0.001768419,0.001565,0.001536,0,0,1.524e-23,1.178e-24
step1,1,Q,v,residual,1024,spike,786432,0.001094396,0.000860199,0.002239227,0.001353377,0.001604488,0.001696814,0.00190862,0.001565,0.001536,0,0,1.524e-23,1.178e-24
step1,1,Q,v,residual,1024,32-64,786432,0.0003257439,0.0004474252,0.001546224,0.001227602,0.001491232,0.001775287,0.001829057,0.001565,0.001536,0,0,1.524e-23,1.178e-24
step1,1,Q,v,residual,1024,64-128,1572864,0.0005746502,0.000535626,0.001067479,0.0006623006,0.0007711416,0.001782099,0.001848039,0.001565,0.001536,0,0,1.524e-23,1.178e-24
step1,1,Q,v,residual,1024,128-256,3145728,0.0006086492,0.0003575381,0.0005327861,0.0003330463,0.0002352609,0.001740864,0.001799947,0.001565,0.001536,0,0,1.524e-23,1.178e-24
step1,1,Q,v,residual,1024,256-512,6291456,0.0004510978,0.0002060045,0.0001632373,0.0005266332,0.0002755221,0.001755919,0.001731055,0.001565,0.001536,0,0,1.524e-23,1.178e-24
step1,1,Q,v,residual,1024,512-1024,1.258291e+07,0.0003144009,0.000185301,0.0002332528,0.0003028015,0.0002174269,0.00173613,0.001760415,0.001565,0.001536,0,0,1.524e-23,1.178e-24
step1,1,K,u,head,1024,spike,786432,0.0005548697,0.0008187224,0.0009702047,0.001062224,0.001326077,0.001779465,0.001898448,0.001565,0.001536,0,0,1.524e-23,1.178e-24
step1,1,K,u,head,1024,32-64,786432,0.0006032631,0.0008668936,0.0008443197,0.001089778,0.001358757,0.001762027,0.001891727,0.001565,0.001536,0,0,1.524e-23,1.178e-24
step1,1,K,u,head,1024,64-128,1572864,0.0004691721,0.000632265,0.0007228851,0.0003471017,0.0005337434,0.00177883,0.001812708,0.001565,0.001536,0,0,1.524e-23,1.178e-24
step1,1,K,u,head,1024,128-256,3145728,0.0003148102,0.0002855563,0.0003252029,0.0003273242,0.0003125382,0.001731101,0.001735914,0.001565,0.001536,0,0,1.524e-23,1.178e-24
step1,1,K,u,head,1024,256-512,6291456,0.0004070663,0.0001976673,0.0004032453,0.0001889404,0.0004400515,0.00173982,0.001764933,0.001565,0.001536,0,0,1.524e-23,1.178e-24
step1,1,K,u,head,1024,512-1024,1.258291e+07,0.0004103621,0.0001953442,0.0005163352,0.0001603302,0.0004114413,0.001741114,0.001768396,0.001565,0.001536,0,0,1.524e-23,1.178e-24
step1,1,K,v,residual,1024,spike,786432,0.0008705556,0.0006770658,0.003182729,0.002312174,0.002576026,0.00178764,0.001953852,0.001565,0.001536,0,0,1.524e-23,1.178e-24
step1,1,K,v,residual,1024,32-64,786432,0.0005910443,0.0007128716,0.00113678,0.001102618,0.001297713,0.001732781,0.001824879,0.001565,0.001536,0,0,1.524e-23,1.178e-24
step1,1,K,v,residual,1024,64-128,1572864,0.0007158458,0.0004468668,0.00120163,0.0007298724,0.0009392714,0.00173269,0.001831327,0.001565,0.001536,0,0,1.524e-23,1.178e-24
step1,1,K,v,residual,1024,128-256,3145728,0.0005730453,0.0003219343,0.0009514491,0.0003784037,0.0006295148,0.001740092,0.001775651,0.001565,0.001536,0,0,1.524e-23,1.178e-24
step1,1,K,v,residual,1024,256-512,6291456,0.0002719266,0.0001970223,0.0001791318,0.0002621991,0.0001587798,0.00175962,0.001773335,0.001565,0.001536,0,0,1.524e-23,1.178e-24
step1,1,K,v,residual,1024,512-1024,1.258291e+07,0.0002709587,0.0002130758,0.0002481143,0.000142767,0.000243588,0.001763798,0.001764899,0.001565,0.001536,0,0,1.524e-23,1.178e-24
step1,1,V,u,head,1024,spike,786432,0.001289583,0.001465034,0.001978556,0.002033655,0.002267853,0.00180308,0.001995268,0.001565,0.001536,0,0,1.524e-23,1.178e-24
step1,1,V,u,head,1024,32-64,786432,0.001017382,0.0008601633,0.001013438,0.0008305474,0.001005998,0.001701355,0.001823607,0.001565,0.001536,0,0,1.524e-23,1.178e-24
step1,1,V,u,head,1024,64-128,1572864,0.0005321566,0.0003633712,0.001363754,0.0008461321,0.001109763,0.001747858,0.001769929,0.001565,0.001536,0,0,1.524e-23,1.178e-24
step1,1,V,u,head,1024,128-256,3145728,0.0004302048,0.0002429333,0.0005830129,0.000371015,0.0005860329,0.001715478,0.001772199,0.001565,0.001536,0,0,1.524e-23,1.178e-24
step1,1,V,u,head,1024,256-512,6291456,0.0005433997,0.0003283818,0.0005033811,0.0003230726,0.0002017451,0.001732599,0.001737526,0.001565,0.001536,0,0,1.524e-23,1.178e-24
step1,1,V,u,head,1024,512-1024,1.258291e+07,0.0003164049,0.0001409538,0.0003932317,0.0003272846,0.0002987087,0.001754942,0.001750276,0.001565,0.001536,0,0,1.524e-23,1.178e-24
step1,1,V,v,residual,1024,spike,786432,0.0006932421,0.0006283385,0.002230326,0.002045145,0.002308997,0.001749493,0.001993452,0.001565,0.001536,0,0,1.524e-23,1.178e-24
step1,1,V,v,residual,1024,32-64,786432,0.0006690288,0.0005601877,0.001244863,0.001090163,0.001341274,0.001770928,0.00181071,0.001565,0.001536,0,0,1.524e-23,1.178e-24
step1,1,V,v,residual,1024,64-128,1572864,0.0003068692,0.0005410664,0.0008970896,0.0006515481,0.0008087667,0.00177011,0.001813798,0.001565,0.001536,0,0,1.524e-23,1.178e-24
step1,1,V,v,residual,1024,128-256,3145728,0.0002296153,0.00029413,0.0003166199,0.0002426839,0.0004121392,0.001753262,0.001758621,0.001565,0.001536,0,0,1.524e-23,1.178e-24
step1,1,V,v,residual,1024,256-512,6291456,0.0004384273,0.00020423,0.0004037221,0.0002418948,0.00028689,0.001740365,0.001775492,0.001565,0.001536,0,0,1.524e-23,1.178e-24
step1,1,V,v,residual,1024,512-1024,1.258291e+07,0.0003098984,0.0001356039,0.0002913475,0.0001968496,0.0003094776,0.001745519,0.001774163,0.001565,0.001536,0,0,1.524e-23,1.178e-24
step1,1,O,u,residual,1024,spike,786432,0.001032726,0.001226833,0.001928965,0.002623286,0.002892265,0.001776196,0.002027784,0.001565,0.001536,0,0,1.524e-23,1.178e-24
step1,1,O,u,residual,1024,32-64,786432,0.0005672477,0.0006619304,0.001389821,0.001211766,0.001368493,0.001748766,0.001863389,0.001565,0.001536,0,0,1.524e-23,1.178e-24
step1,1,O,u,residual,1024,64-128,1572864,0.0003269612,0.0004445008,0.0006930033,0.0005281306,0.0007880565,0.001762208,0.001800719,0.001565,0.001536,0,0,1.524e-23,1.178e-24
step1,1,O,u,residual,1024,128-256,3145728,0.0003535928,0.0004928798,0.000614802,0.0003146284,0.000388234,0.001756169,0.001787322,0.001565,0.001536,0,0,1.524e-23,1.178e-24
step1,1,O,u,residual,1024,256-512,6291456,0.0007304505,0.0004668199,0.0002147357,0.0007183217,0.0004672107,0.001742249,0.001741909,0.001565,0.001536,0,0,1.524e-23,1.178e-24
step1,1,O,u,residual,1024,512-1024,1.258291e+07,0.0003228866,0.0001351147,0.0002444585,0.0002815266,0.0001608319,0.001745485,0.001761141,0.001565,0.001536,0,0,1.524e-23,1.178e-24
step1,1,O,v,head,1024,spike,786432,0.0008132638,0.0009525509,0.001633962,0.001165176,0.001399373,0.001755124,0.001918974,0.001565,0.001536,0,0,1.524e-23,1.178e-24
step1,1,O,v,head,1024,32-64,786432,0.0008752528,0.0006303998,0.0008659363,0.000587334,0.0007445527,0.00171625,0.00184922,0.001565,0.001536,0,0,1.524e-23,1.178e-24
step1,1,O,v,head,1024,64-128,1572864,0.0009733378,0.0007043589,0.001084646,0.0004857318,0.0006951308,0.001656124,0.001840046,0.001565,0.001536,0,0,1.524e-23,1.178e-24
step1,1,O,v,head,1024,128-256,3145728,0.0003586792,0.0003442916,0.0007343292,0.0005085906,0.000665317,0.001748993,0.001790228,0.001565,0.001536,0,0,1.524e-23,1.178e-24
step1,1,O,v,head,1024,256-512,6291456,0.0006445347,0.000380682,0.0003197988,0.0003967384,0.0001697801,0.001745542,0.001735551,0.001565,0.001536,0,0,1.524e-23,1.178e-24
step1,1,O,v,head,1024,512-1024,1.258291e+07,0.0004342734,0.0001652945,0.0004929701,0.0001153712,0.0003276757,0.001741114,0.0017587,0.001565,0.001536,0,0,1.524e-23,1.178e-24
step1,1,MLP_IN,u,hidden,4096,spike,3145728,0.0002617275,0.0002799243,0.00110817,0.000932278,0.0009981375,0.001759711,0.00186734,0.001565,0.001558,0,0,1.524e-23,8.299e-24
step1,1,MLP_IN,u,hidden,4096,32-64,3145728,0.0005409473,0.0004824172,0.001622518,0.001160201,0.001204052,0.00172883,0.001836504,0.001565,0.001558,0,0,1.524e-23,8.299e-24
step1,1,MLP_IN,u,hidden,4096,64-128,6291456,0.0003248949,0.0002589642,0.0006829898,0.0005036041,0.0005694855,0.001766091,0.001841409,0.001565,0.001558,0,0,1.524e-23,8.299e-24
step1,1,MLP_IN,u,hidden,4096,128-256,1.258291e+07,0.0001609786,9.822335e-05,0.0006124973,0.0005155067,0.0005827217,0.001766239,0.001802865,0.001565,0.001558,0,0,1.524e-23,8.299e-24
step1,1,MLP_IN,u,hidden,4096,256-512,2.516582e+07,8.426934e-05,0.0001043063,0.0003155867,0.0002431807,0.0003059359,0.001763855,0.001778818,0.001565,0.001558,0,0,1.524e-23,8.299e-24
step1,1,MLP_IN,u,hidden,4096,512-1024,5.033165e+07,0.0001003924,6.465343e-05,0.0001129905,0.0001380199,8.382883e-05,0.001765961,0.001775438,0.001565,0.001558,0,0,1.524e-23,8.299e-24
step1,1,MLP_IN,v,residual,1024,spike,786432,0.0003935559,0.0003474256,0.002053579,0.00189595,0.002164929,0.001779647,0.001908984,0.001565,0.001536,0,0,1.524e-23,1.178e-24
step1,1,MLP_IN,v,residual,1024,32-64,786432,0.0006829925,0.0006644816,0.000696818,0.0007892268,0.00103408,0.001736051,0.00182833,0.001565,0.001536,0,0,1.524e-23,1.178e-24
step1,1,MLP_IN,v,residual,1024,64-128,1572864,0.001249143,0.001054048,0.001374563,0.0005724248,0.0008172778,0.001738049,0.001848312,0.001565,0.001536,0,0,1.524e-23,1.178e-24
step1,1,MLP_IN,v,residual,1024,128-256,3145728,0.000333186,0.0002610041,0.0005264282,0.0004996214,0.0002654241,0.001734597,0.001744043,0.001565,0.001536,0,0,1.524e-23,1.178e-24
step1,1,MLP_IN,v,residual,1024,256-512,6291456,0.0003167331,0.0002689064,0.0003334681,0.0002999404,9.877989e-05,0.001744815,0.001754057,0.001565,0.001536,0,0,1.524e-23,1.178e-24
step1,1,MLP_IN,v,residual,1024,512-1024,1.258291e+07,0.0002319478,0.0001406561,0.0002874533,0.0001279695,0.0003122641,0.001741875,0.001772517,0.001565,0.001536,0,0,1.524e-23,1.178e-24
step1,1,MLP_OUT,u,residual,1024,spike,786432,0.0009118744,0.001040438,0.001759847,0.001428014,0.001696993,0.001790546,0.001878103,0.001565,0.001536,0,0,1.524e-23,1.178e-24
step1,1,MLP_OUT,u,residual,1024,32-64,786432,0.001283741,0.00102011,0.001775106,0.0005243159,0.000775427,0.001651764,0.001778557,0.001565,0.001536,0,0,1.524e-23,1.178e-24
step1,1,MLP_OUT,u,residual,1024,64-128,1572864,0.0005249861,0.0003647913,0.0007972717,0.0005173585,0.0007812112,0.001737685,0.001830146,0.001565,0.001536,0,0,1.524e-23,1.178e-24
step1,1,MLP_OUT,u,residual,1024,128-256,3145728,0.0006532312,0.0004382133,0.001091639,0.0004704436,0.0006534259,0.001753762,0.001775605,0.001565,0.001536,0,0,1.524e-23,1.178e-24
step1,1,MLP_OUT,u,residual,1024,256-512,6291456,0.0004160159,0.0001948044,0.0002533595,0.0002269354,0.000172117,0.001745905,0.001751514,0.001565,0.001536,0,0,1.524e-23,1.178e-24
step1,1,MLP_OUT,u,residual,1024,512-1024,1.258291e+07,0.0004088421,0.0001447098,0.0003889402,0.0001915051,0.000249077,0.001744418,0.001772767,0.001565,0.001536,0,0,1.524e-23,1.178e-24
step1,1,MLP_OUT,v,hidden,4096,spike,3145728,0.0004029012,0.0004301051,0.001267751,0.001144522,0.001207277,0.001764297,0.001857122,0.001565,0.001558,0,0,1.524e-23,8.299e-24
step1,1,MLP_OUT,v,hidden,4096,32-64,3145728,0.0002366585,0.0002850163,0.0008424123,0.001011576,0.001078791,0.001772154,0.001868112,0.001565,0.001558,0,0,1.524e-23,8.299e-24
step1,1,MLP_OUT,v,hidden,4096,64-128,6291456,0.0003029604,0.0003230793,0.0008440018,0.0006506688,0.0007091989,0.001764479,0.001836368,0.001565,0.001558,0,0,1.524e-23,8.299e-24
step1,1,MLP_OUT,v,hidden,4096,128-256,1.258291e+07,0.0001938009,0.0001310456,0.0004580021,0.0003426688,0.0004038491,0.001772483,0.001798164,0.001565,0.001558,0,0,1.524e-23,8.299e-24
step1,1,MLP_OUT,v,hidden,4096,256-512,2.516582e+07,0.000185478,0.000136718,0.0003663699,0.0002574893,0.0002883091,0.001765802,0.001799589,0.001565,0.001558,0,0,1.524e-23,8.299e-24
step1,1,MLP_OUT,v,hidden,4096,512-1024,5.033165e+07,0.0001041193,8.056851e-05,0.00010554,9.085288e-05,6.509508e-05,0.001771578,0.001767527,0.001565,0.001558,0,0,1.524e-23,8.299e-24
step2,2,Q,u,head,1024,spike,786432,0.001895859,0.00162688,0.002613068,0.000997537,0.001206936,0.00180417,0.001906985,0.001565,0.001536,0,0,1.524e-23,1.178e-24
step2,2,Q,u,head,1024,32-64,786432,0.001497483,0.001263285,0.003505707,0.002120131,0.002373699,0.001756396,0.001912798,0.001565,0.001536,0,0,1.524e-23,1.178e-24
step2,2,Q,u,head,1024,64-128,1572864,0.0006569325,0.0003930798,0.001504898,0.001273311,0.00139662,0.001767749,0.001858212,0.001565,0.001536,0,0,1.524e-23,1.178e-24
step2,2,Q,u,head,1024,128-256,3145728,0.0007211917,0.0004869945,0.0008061727,0.0002601843,0.000524037,0.001755805,0.001785324,0.001565,0.001536,0,0,1.524e-23,1.178e-24
step2,2,Q,u,head,1024,256-512,6291456,0.0002670351,0.0003281537,0.000647068,0.0005904376,0.0003214587,0.001765478,0.001734234,0.001565,0.001536,0,0,1.524e-23,1.178e-24
step2,2,Q,u,head,1024,512-1024,1.258291e+07,0.0003630474,0.0001250751,0.0004189809,0.0001024307,0.0003662834,0.001732225,0.001779534,0.001565,0.001536,0,0,1.524e-23,1.178e-24
step2,2,Q,v,residual,1024,spike,786432,0.001091853,0.0008576559,0.002590179,0.00196843,0.002237408,0.001696814,0.001971835,0.001565,0.001536,0,0,1.524e-23,1.178e-24
step2,2,Q,v,residual,1024,32-64,786432,0.0003232008,0.0004436105,0.001110077,0.0007939979,0.001057628,0.001775287,0.001815433,0.001565,0.001536,0,0,1.524e-23,1.178e-24
step2,2,Q,v,residual,1024,64-128,1572864,0.0005727429,0.0005375333,0.0006402334,0.0005116002,0.0007627113,0.001782099,0.001786368,0.001565,0.001536,0,0,1.524e-23,1.178e-24
step2,2,Q,v,residual,1024,128-256,3145728,0.0006083313,0.0003572202,0.0004752477,0.0005034943,0.0002893242,0.001740819,0.001788503,0.001565,0.001536,0,0,1.524e-23,1.178e-24
step2,2,Q,v,residual,1024,256-512,6291456,0.0004501441,0.0002076474,0.000333786,0.0004763487,0.0002812535,0.001755941,0.001756078,0.001565,0.001536,0,0,1.524e-23,1.178e-24
step2,2,Q,v,residual,1024,512-1024,1.258291e+07,0.0003120168,0.0001870494,0.0002765656,0.0002116005,0.0002811046,0.001736175,0.001767783,0.001565,0.001536,0,0,1.524e-23,1.178e-24
step2,2,K,u,head,1024,spike,786432,0.0005548697,0.0008187224,0.001467387,0.001156995,0.001314214,0.001779465,0.001965477,0.001565,0.001536,0,0,1.524e-23,1.178e-24
step2,2,K,u,head,1024,32-64,786432,0.0006108925,0.000874523,0.001013438,0.0009478574,0.001211488,0.001762208,0.001889183,0.001565,0.001536,0,0,1.524e-23,1.178e-24
step2,2,K,u,head,1024,64-128,1572864,0.0004672647,0.0006354439,0.0007991791,0.0007030071,0.0009668598,0.00177883,0.001799992,0.001565,0.001536,0,0,1.524e-23,1.178e-24
step2,2,K,u,head,1024,128-256,3145728,0.0003151281,0.0002830131,0.0002619425,0.0002805364,0.000403845,0.001731418,0.001783189,0.001565,0.001536,0,0,1.524e-23,1.178e-24
step2,2,K,u,head,1024,256-512,6291456,0.0004062716,0.0001968726,0.0003005664,0.0003586947,0.0002953103,0.001739752,0.001731214,0.001565,0.001536,0,0,1.524e-23,1.178e-24
step2,2,K,u,head,1024,512-1024,1.258291e+07,0.0004113953,0.0001963774,0.0002930959,0.0002455377,0.0001478999,0.001741057,0.001773369,0.001565,0.001536,0,0,1.524e-23,1.178e-24
step2,2,K,v,residual,1024,spike,786432,0.0008667409,0.0006770658,0.00233078,0.001691353,0.001886448,0.00178764,0.001990909,0.001565,0.001536,0,0,1.524e-23,1.178e-24
step2,2,K,v,residual,1024,32-64,786432,0.0005961306,0.0007192294,0.0006930033,0.0004655215,0.0006068336,0.001732781,0.001805987,0.001565,0.001536,0,0,1.524e-23,1.178e-24
step2,2,K,v,residual,1024,64-128,1572864,0.0007164816,0.0004475026,0.001158396,0.0005120255,0.0007568784,0.00173269,0.001804806,0.001565,0.001536,0,0,1.524e-23,1.178e-24
step2,2,K,v,residual,1024,128-256,3145728,0.0005673233,0.0003162122,0.0008357366,0.0004090314,0.0006726619,0.001739865,0.001799084,0.001565,0.001536,0,0,1.524e-23,1.178e-24
step2,2,K,v,residual,1024,256-512,6291456,0.0002693834,0.0001962275,0.0003897349,0.0004278178,0.0002775701,0.00175962,0.001753807,0.001565,0.001536,0,0,1.524e-23,1.178e-24
step2,2,K,v,residual,1024,512-1024,1.258291e+07,0.0002702434,0.0002131553,0.0002348423,0.0002062204,0.0002432453,0.001763866,0.001774913,0.001565,0.001536,0,0,1.524e-23,1.178e-24
step2,2,V,u,head,1024,spike,786432,0.001288311,0.001463762,0.001855214,0.001774375,0.002038006,0.00180308,0.002009074,0.001565,0.001536,0,0,1.524e-23,1.178e-24
step2,2,V,u,head,1024,32-64,786432,0.001013567,0.0008563486,0.001720428,0.001317388,0.001586367,0.001701355,0.001877013,0.001565,0.001536,0,0,1.524e-23,1.178e-24
step2,2,V,u,head,1024,64-128,1572864,0.0005302492,0.0003640069,0.001282374,0.0009560035,0.001190201,0.001747767,0.001871563,0.001565,0.001536,0,0,1.524e-23,1.178e-24
step2,2,V,u,head,1024,128-256,3145728,0.0004292511,0.0002388007,0.0004762014,0.000200101,0.0003045437,0.001715388,0.001773244,0.001565,0.001536,0,0,1.524e-23,1.178e-24
step2,2,V,u,head,1024,256-512,6291456,0.0005451481,0.0003301302,0.000424703,0.0003762344,0.0002527129,0.001732713,0.0017665,0.001565,0.001536,0,0,1.524e-23,1.178e-24
step2,2,V,u,head,1024,512-1024,1.258291e+07,0.0003152128,0.0001397617,0.0004251798,0.0001546104,0.0003696283,0.001754897,0.001777876,0.001565,0.001536,0,0,1.524e-23,1.178e-24
step2,2,V,v,residual,1024,spike,786432,0.0006894274,0.0006245238,0.002226512,0.001879841,0.002143694,0.001749493,0.001983098,0.001565,0.001536,0,0,1.524e-23,1.178e-24
step2,2,V,v,residual,1024,32-64,786432,0.0006677572,0.0005589162,0.001903534,0.001676595,0.001891613,0.001770928,0.001857031,0.001565,0.001536,0,0,1.524e-23,1.178e-24
step2,2,V,v,residual,1024,64-128,1572864,0.0003113197,0.0005455169,0.000614802,0.0004083109,0.0006119447,0.001769929,0.00183932,0.001565,0.001536,0,0,1.524e-23,1.178e-24
step2,2,V,v,residual,1024,128-256,3145728,0.0002308868,0.0002890437,0.0003751119,0.0004614755,0.0006369265,0.001753398,0.001758485,0.001565,0.001536,0,0,1.524e-23,1.178e-24
step2,2,V,v,residual,1024,256-512,6291456,0.0004395399,0.0002053427,0.0002358754,0.0004592971,0.000289311,0.001740297,0.001739025,0.001565,0.001536,0,0,1.524e-23,1.178e-24
step2,2,V,v,residual,1024,512-1024,1.258291e+07,0.0003097395,0.0001341734,0.0004241467,0.000222921,0.0004418794,0.001745292,0.001749368,0.001565,0.001536,0,0,1.524e-23,1.178e-24
step2,2,O,u,residual,1024,spike,786432,0.001033998,0.001231919,0.001819611,0.001819195,0.002064048,0.001775832,0.001996722,0.001565,0.001536,0,0,1.524e-23,1.178e-24
step2,2,O,u,residual,1024,32-64,786432,0.0005621615,0.0006733744,0.001669566,0.001207138,0.00146453,0.001748766,0.001850855,0.001565,0.001536,0,0,1.524e-23,1.178e-24
step2,2,O,u,residual,1024,64-128,1572864,0.000324029,0.0004324209,0.001184464,0.0008683106,0.001132163,0.001762572,0.001817794,0.001565,0.001536,0,0,1.524e-23,1.178e-24
step2,2,O,u,residual,1024,128-256,3145728,0.0003451844,0.0004827073,0.0005989075,0.000313226,0.000382745,0.001755533,0.001779783,0.001565,0.001536,0,0,1.524e-23,1.178e-24
step2,2,O,u,residual,1024,256-512,6291456,0.0007331525,0.000469522,0.000682195,0.0002824075,0.0002462954,0.001742159,0.001761913,0.001565,0.001536,0,0,1.524e-23,1.178e-24
step2,2,O,u,residual,1024,512-1024,1.258291e+07,0.000314542,0.0001387705,0.0005290508,0.0002487858,0.0004638037,0.001745905,0.001764706,0.001565,0.001536,0,0,1.524e-23,1.178e-24
step2,2,O,v,head,1024,spike,786432,0.000827251,0.0009665381,0.001913706,0.001814991,0.002078844,0.001753671,0.00203832,0.001565,0.001536,0,0,1.524e-23,1.178e-24
step2,2,O,v,head,1024,32-64,786432,0.0008676234,0.0006227704,0.001496633,0.0009898191,0.00125345,0.00171843,0.001921154,0.001565,0.001536,0,0,1.524e-23,1.178e-24
step2,2,O,v,head,1024,64-128,1572864,0.0009803315,0.0007113525,0.001965205,0.001134778,0.001398408,0.001655942,0.001805987,0.001565,0.001536,0,0,1.524e-23,1.178e-24
step2,2,O,v,head,1024,128-256,3145728,0.0003589971,0.0003544642,0.0008824666,0.0007621997,0.0005280025,0.00174863,0.001765433,0.001565,0.001536,0,0,1.524e-23,1.178e-24
step2,2,O,v,head,1024,256-512,6291456,0.0006561378,0.000392285,0.0006650289,0.0001961151,0.0003415896,0.001744702,0.001744793,0.001565,0.001536,0,0,1.524e-23,1.178e-24
step2,2,O,v,head,1024,512-1024,1.258291e+07,0.0004306177,0.0001616387,0.0002761682,0.0002534488,0.0002818108,0.001740955,0.001750617,0.001565,0.001536,0,0,1.524e-23,1.178e-24
step2,2,MLP_IN,u,hidden,4096,spike,3145728,0.0002610918,0.0002811958,0.00130717,0.001103129,0.001170344,0.001759665,0.001869474,0.001565,0.001558,0,0,1.524e-23,8.299e-24
step2,2,MLP_IN,u,hidden,4096,32-64,3145728,0.0005399936,0.0004814635,0.001573245,0.001116163,0.001183378,0.00172883,0.001842499,0.001565,0.001558,0,0,1.524e-23,8.299e-24
step2,2,MLP_IN,u,hidden,4096,64-128,6291456,0.0003250539,0.0002591231,0.0009139379,0.0009024581,0.0009416297,0.001766159,0.0018311,0.001565,0.001558,0,0,1.524e-23,8.299e-24
step2,2,MLP_IN,u,hidden,4096,128-256,1.258291e+07,0.0001613759,9.862072e-05,0.000478665,0.0004114211,0.0004773519,0.001766125,0.001847483,0.001565,0.001558,0,0,1.524e-23,8.299e-24
step2,2,MLP_IN,u,hidden,4096,256-512,2.516582e+07,8.279909e-05,0.0001047036,0.0002853076,0.0002212372,0.0002797673,0.001763826,0.001791965,0.001565,0.001558,0,0,1.524e-23,8.299e-24
step2,2,MLP_IN,u,hidden,4096,512-1024,5.033165e+07,0.0001002136,6.485211e-05,8.583069e-05,0.0001072783,5.996391e-05,0.001765981,0.001772821,0.001565,0.001558,0,0,1.524e-23,8.299e-24
step2,2,MLP_IN,v,residual,1024,spike,786432,0.0003922844,0.0003486972,0.001252492,0.001021923,0.001266776,0.001779647,0.001784552,0.001565,0.001536,0,0,1.524e-23,1.178e-24
step2,2,MLP_IN,v,residual,1024,32-64,786432,0.0006715485,0.0006670248,0.0009206136,0.000731312,0.0006898674,0.001736232,0.001818339,0.001565,0.001536,0,0,1.524e-23,1.178e-24
step2,2,MLP_IN,v,residual,1024,64-128,1572864,0.001254865,0.00105977,0.001070023,0.0007201732,0.0009840259,0.001738049,0.001779829,0.001565,0.001536,0,0,1.524e-23,1.178e-24
step2,2,MLP_IN,v,residual,1024,128-256,3145728,0.0003322323,0.0002648188,0.0003156662,0.0003389671,0.0002203497,0.001734734,0.001754988,0.001565,0.001536,0,0,1.524e-23,1.178e-24
step2,2,MLP_IN,v,residual,1024,256-512,6291456,0.0003203888,0.0002712906,0.0003681183,0.0004030962,0.0001392435,0.001744656,0.001734529,0.001565,0.001536,0,0,1.524e-23,1.178e-24
step2,2,MLP_IN,v,residual,1024,512-1024,1.258291e+07,0.0002340141,0.0001385898,0.0003213882,0.0001568798,0.0003755924,0.001741875,0.001770235,0.001565,0.001536,0,0,1.524e-23,1.178e-24
step2,2,MLP_OUT,u,residual,1024,spike,786432,0.0009055166,0.001031074,0.001571655,0.001447473,0.00171098,0.001791454,0.001883734,0.001565,0.001536,0,0,1.524e-23,1.178e-24
step2,2,MLP_OUT,u,residual,1024,32-64,786432,0.001295185,0.001031554,0.002957662,0.001710687,0.001961798,0.001653944,0.001864842,0.001565,0.001536,0,0,1.524e-23,1.178e-24
step2,2,MLP_OUT,u,residual,1024,64-128,1572864,0.000513542,0.0003717849,0.0006510417,0.0004492845,0.0006834818,0.00173823,0.001805714,0.001565,0.001536,0,0,1.524e-23,1.178e-24
step2,2,MLP_OUT,u,residual,1024,128-256,3145728,0.0006735763,0.0004585583,0.0009009043,0.0003379643,0.0006069433,0.001753989,0.001791,0.001565,0.001536,0,0,1.524e-23,1.178e-24
step2,2,MLP_OUT,u,residual,1024,256-512,6291456,0.0004082186,0.0001716462,0.0004331271,0.0001434251,0.0003188761,0.001745156,0.001748199,0.001565,0.001536,0,0,1.524e-23,1.178e-24
step2,2,MLP_OUT,u,residual,1024,512-1024,1.258291e+07,0.0004065374,0.0001399414,0.0003392696,0.0001309255,0.0002071492,0.001744111,0.001762367,0.001565,0.001536,0,0,1.524e-23,1.178e-24
step2,2,MLP_OUT,v,hidden,4096,spike,3145728,0.0003987686,0.0004259725,0.001145999,0.001097397,0.001151135,0.001764025,0.001860891,0.001565,0.001558,0,0,1.524e-23,8.299e-24
step2,2,MLP_OUT,v,hidden,4096,32-64,3145728,0.0002210836,0.0002870144,0.001173655,0.0009538449,0.001002605,0.001772653,0.001842998,0.001565,0.001558,0,0,1.524e-23,8.299e-24
step2,2,MLP_OUT,v,hidden,4096,64-128,6291456,0.0003115435,0.0003146552,0.0009094874,0.0006273127,0.0006900679,0.001764139,0.001813321,0.001565,0.001558,0,0,1.524e-23,8.299e-24
step2,2,MLP_OUT,v,hidden,4096,128-256,1.258291e+07,0.0001951519,0.0001323967,0.0005025864,0.000383041,0.0004442213,0.001772097,0.001809949,0.001565,0.001558,0,0,1.524e-23,8.299e-24
step2,2,MLP_OUT,v,hidden,4096,256-512,2.516582e+07,0.0001870277,0.0001382677,0.0003995895,0.0003326183,0.0003984997,0.001765314,0.001785784,0.001565,0.001558,0,0,1.524e-23,8.299e-24
step2,2,MLP_OUT,v,hidden,4096,512-1024,5.033165e+07,0.0001009205,7.878037e-05,8.529425e-05,7.669056e-05,6.338471e-05,0.001771382,0.001772057,0.001565,0.001558,0,0,1.524e-23,8.299e-24
step4,4,Q,u,head,1024,spike,786432,0.001893316,0.001624337,0.003767649,0.001982838,0.002246691,0.00180417,0.001939138,0.001565,0.001536,0,0,1.524e-23,1.178e-24
step4,4,Q,u,head,1024,32-64,786432,0.001502569,0.001268372,0.00230662,0.0009289145,0.001178194,0.001758939,0.001902989,0.001565,0.001536,0,0,1.524e-23,1.178e-24
step4,4,Q,u,head,1024,64-128,1572864,0.0006461242,0.0003822715,0.001052221,0.0006493049,0.0008444,0.001766841,0.00179318,0.001565,0.001536,0,0,1.524e-23,1.178e-24
step4,4,Q,u,head,1024,128-256,3145728,0.0007157876,0.0004815903,0.0005776087,0.000301282,0.0002556356,0.001754397,0.001802672,0.001565,0.001536,0,0,1.524e-23,1.178e-24
step4,4,Q,u,head,1024,256-512,6291456,0.0002638562,0.000324339,0.0004906654,0.0004634244,0.0002228267,0.001765592,0.001748426,0.001565,0.001536,0,0,1.524e-23,1.178e-24
step4,4,Q,u,head,1024,512-1024,1.258291e+07,0.0003698026,0.0001207835,0.000379324,0.0002122954,0.0002873047,0.001731895,0.00176138,0.001565,0.001536,0,0,1.524e-23,1.178e-24
step4,4,Q,v,residual,1024,spike,786432,0.001098211,0.0008640137,0.001691182,0.001199132,0.001468111,0.00169536,0.001906622,0.001565,0.001536,0,0,1.524e-23,1.178e-24
step4,4,Q,v,residual,1024,32-64,786432,0.0003287946,0.0004677702,0.001478831,0.001338109,0.001572306,0.001777286,0.001863207,0.001565,0.001536,0,0,1.524e-23,1.178e-24
step4,4,Q,v,residual,1024,64-128,1572864,0.0005550742,0.0005311755,0.0007356008,0.000450128,0.0006595269,0.001783734,0.001777831,0.001565,0.001536,0,0,1.524e-23,1.178e-24
step4,4,Q,v,residual,1024,128-256,3145728,0.0006029271,0.0003518161,0.0008653005,0.0004468525,0.0006416639,0.001740229,0.001763389,0.001565,0.001536,0,0,1.524e-23,1.178e-24
step4,4,Q,v,residual,1024,256-512,6291456,0.0004390179,0.0002093424,0.000448068,0.0003075663,0.0002873891,0.001755964,0.001723221,0.001565,0.001536,0,0,1.524e-23,1.178e-24
step4,4,Q,v,residual,1024,512-1024,1.258291e+07,0.0003110631,0.0001911025,0.0003694693,0.0002603765,0.0002935023,0.001736289,0.00177405,0.001565,0.001536,0,0,1.524e-23,1.178e-24
step4,4,K,u,head,1024,spike,786432,0.0005535981,0.0008174508,0.001622518,0.002176116,0.002439969,0.001778739,0.001965477,0.001565,0.001536,0,0,1.524e-23,1.178e-24
step4,4,K,u,head,1024,32-64,786432,0.0006172503,0.0008808808,0.000937144,0.00114183,0.001298557,0.001763662,0.001902262,0.001565,0.001536,0,0,1.524e-23,1.178e-24
step4,4,K,u,head,1024,64-128,1572864,0.0004748941,0.000632265,0.0008576711,0.0007100401,0.0008814152,0.001779465,0.001890092,0.001565,0.001536,0,0,1.524e-23,1.178e-24
step4,4,K,u,head,1024,128-256,3145728,0.0003396057,0.0002846014,0.0005747477,0.0003788237,0.0005542748,0.001730828,0.001777331,0.001565,0.001536,0,0,1.524e-23,1.178e-24
step4,4,K,u,head,1024,256-512,6291456,0.000405,0.000195601,0.0002214114,0.000361572,0.0002043533,0.001739865,0.001748653,0.001565,0.001536,0,0,1.524e-23,1.178e-24
step4,4,K,u,head,1024,512-1024,1.258291e+07,0.0004174352,0.0002024173,0.0004679362,0.0001599852,0.0002655189,0.001741307,0.001758371,0.001565,0.001536,0,0,1.524e-23,1.178e-24
step4,4,K,v,residual,1024,spike,786432,0.0008629262,0.0006821521,0.002482096,0.001777819,0.001972915,0.001787458,0.001934415,0.001565,0.001536,0,0,1.524e-23,1.178e-24
step4,4,K,v,residual,1024,32-64,786432,0.0006050316,0.0007390679,0.001223246,0.001080415,0.001325268,0.001731873,0.001926604,0.001565,0.001536,0,0,1.524e-23,1.178e-24
step4,4,K,v,residual,1024,64-128,1572864,0.0007234752,0.0004544962,0.001878738,0.001155263,0.001424242,0.001733053,0.0018712,0.001565,0.001536,0,0,1.524e-23,1.178e-24
step4,4,K,v,residual,1024,128-256,3145728,0.0005765421,0.0003254311,0.0005343755,0.0001855447,0.0003637563,0.001739093,0.001786096,0.001565,0.001536,0,0,1.524e-23,1.178e-24
step4,4,K,v,residual,1024,256-512,6291456,0.0002612772,0.0001843066,0.0002377828,0.0003548617,0.0001178592,0.001760392,0.001728603,0.001565,0.001536,0,0,1.524e-23,1.178e-24
step4,4,K,v,residual,1024,512-1024,1.258291e+07,0.0002609451,0.000218321,0.0003380775,0.0001353577,0.0002516111,0.001763775,0.001768305,0.001565,0.001536,0,0,1.524e-23,1.178e-24
step4,4,V,u,head,1024,spike,786432,0.001280682,0.001456133,0.001839956,0.002080712,0.002331823,0.001803444,0.001898448,0.001565,0.001536,0,0,1.524e-23,1.178e-24
step4,4,V,u,head,1024,32-64,786432,0.001026283,0.0008690643,0.001784007,0.001093977,0.001345088,0.001702445,0.001826695,0.001565,0.001536,0,0,1.524e-23,1.178e-24
step4,4,V,u,head,1024,64-128,1572864,0.0005182579,0.0003665501,0.001413981,0.0009748754,0.001219728,0.001749311,0.001844769,0.001565,0.001536,0,0,1.524e-23,1.178e-24
step4,4,V,u,head,1024,128-256,3145728,0.0004308405,0.0002318071,0.0003846486,0.0002180278,0.0003813108,0.00171507,0.001772971,0.001565,0.001536,0,0,1.524e-23,1.178e-24
step4,4,V,u,head,1024,256-512,6291456,0.0005550028,0.0003399848,0.0003290176,0.0003055199,0.0001966789,0.001733076,0.001742181,0.001565,0.001536,0,0,1.524e-23,1.178e-24
step4,4,V,u,head,1024,512-1024,1.258291e+07,0.0003176764,0.0001422254,0.0003948212,0.0001328814,0.0003833807,0.001754443,0.001766364,0.001565,0.001536,0,0,1.524e-23,1.178e-24
step4,4,V,v,residual,1024,spike,786432,0.0007046862,0.0006397826,0.001977285,0.001596237,0.001830434,0.001751128,0.001971835,0.001565,0.001536,0,0,1.524e-23,1.178e-24
step4,4,V,v,residual,1024,32-64,786432,0.0006893738,0.0005805328,0.001876831,0.001187457,0.001360765,0.001770564,0.001899538,0.001565,0.001536,0,0,1.524e-23,1.178e-24
step4,4,V,v,residual,1024,64-128,1572864,0.0003189491,0.0005531463,0.0009918213,0.0008203802,0.001065233,0.001769111,0.001842045,0.001565,0.001536,0,0,1.524e-23,1.178e-24
step4,4,V,v,residual,1024,128-256,3145728,0.000236291,0.00029413,0.0003096263,0.0003334744,0.0004803376,0.001753308,0.001774515,0.001565,0.001536,0,0,1.524e-23,1.178e-24
step4,4,V,v,residual,1024,256-512,6291456,0.0004347715,0.0002005743,0.0004029274,0.0002216253,0.0002297898,0.001740251,0.001736437,0.001565,0.001536,0,0,1.524e-23,1.178e-24
step4,4,V,v,residual,1024,512-1024,1.258291e+07,0.0002923349,0.0001340939,0.0003066063,0.0002448997,0.0002418176,0.001745508,0.001773562,0.001565,0.001536,0,0,1.524e-23,1.178e-24
step4,4,O,u,residual,1024,spike,786432,0.00103527,0.001210721,0.001768748,0.002380912,0.002644543,0.001777649,0.001982371,0.001565,0.001536,0,0,1.524e-23,1.178e-24
step4,4,O,u,residual,1024,32-64,786432,0.0006028927,0.0007979879,0.001249949,0.001362518,0.001577536,0.001750946,0.001858484,0.001565,0.001536,0,0,1.524e-23,1.178e-24
step4,4,O,u,residual,1024,64-128,1572864,0.0003719687,0.0004273346,0.0008633931,0.0005942232,0.0007026205,0.001754852,0.001800446,0.001565,0.001536,0,0,1.524e-23,1.178e-24
step4,4,O,u,residual,1024,128-256,3145728,0.0003912886,0.0005480151,0.0006081263,0.0002931988,0.0003663007,0.001755215,0.001756396,0.001565,0.001536,0,0,1.524e-23,1.178e-24
step4,4,O,u,residual,1024,256-512,6291456,0.0006929393,0.0004293087,0.000421524,0.0003396213,0.0001717244,0.001745655,0.001753466,0.001565,0.001536,0,0,1.524e-23,1.178e-24
step4,4,O,u,residual,1024,512-1024,1.258291e+07,0.0003149393,0.0001198442,0.000371774,0.0001502009,0.0003143304,0.001744293,0.001774618,0.001565,0.001536,0,0,1.524e-23,1.178e-24
step4,4,O,v,head,1024,spike,786432,0.0008336088,0.0009728959,0.002845764,0.002438909,0.002707888,0.001752036,0.001978556,0.001565,0.001536,0,0,1.524e-23,1.178e-24
step4,4,O,v,head,1024,32-64,786432,0.0008638087,0.0006189557,0.001546224,0.00127034,0.001539319,0.001722608,0.001878829,0.001565,0.001536,0,0,1.524e-23,1.178e-24
step4,4,O,v,head,1024,64-128,1572864,0.0009644369,0.0006954579,0.0009746552,0.0004698078,0.0006265343,0.001656578,0.001816704,0.001565,0.001536,0,0,1.524e-23,1.178e-24
step4,4,O,v,head,1024,128-256,3145728,0.000388561,0.0004044383,0.00050354,0.0004195128,0.000224795,0.001746178,0.001761028,0.001565,0.001536,0,0,1.524e-23,1.178e-24
step4,4,O,v,head,1024,256-512,6291456,0.0006400843,0.0003762315,0.0005203883,0.0004007482,0.0002566762,0.001746791,0.001727399,0.001565,0.001536,0,0,1.524e-23,1.178e-24
step4,4,O,v,head,1024,512-1024,1.258291e+07,0.0004432539,0.0001742749,0.000268062,0.0002307279,0.0002430383,0.001742749,0.001779307,0.001565,0.001536,0,0,1.524e-23,1.178e-24
step4,4,MLP_IN,u,hidden,4096,spike,3145728,0.0002620454,0.0002738843,0.001301448,0.001106057,0.001168812,0.001759211,0.001844497,0.001565,0.001558,0,0,1.524e-23,8.299e-24
step4,4,MLP_IN,u,hidden,4096,32-64,3145728,0.0005644712,0.0005059411,0.001285553,0.0008292839,0.0008951653,0.00172992,0.00187833,0.001565,0.001558,0,0,1.524e-23,8.299e-24
step4,4,MLP_IN,u,hidden,4096,64-128,6291456,0.0003153582,0.0002494274,0.0006101926,0.0004458784,0.0004996167,0.001766,0.001845905,0.001565,0.001558,0,0,1.524e-23,8.299e-24
step4,4,MLP_IN,u,hidden,4096,128-256,1.258291e+07,0.0001658264,0.0001030712,0.0005056858,0.0004041311,0.0004528911,0.001765944,0.001808711,0.001565,0.001558,0,0,1.524e-23,8.299e-24
step4,4,MLP_IN,u,hidden,4096,256-512,2.516582e+07,8.319646e-05,0.0001089952,0.0003481706,0.000351056,0.0004169374,0.001763753,0.001782139,0.001565,0.001558,0,0,1.524e-23,8.299e-24
step4,4,MLP_IN,u,hidden,4096,512-1024,5.033165e+07,9.75711e-05,5.845455e-05,0.0001414617,6.823656e-05,0.0001140089,0.001765947,0.001770445,0.001565,0.001558,0,0,1.524e-23,8.299e-24
step4,4,MLP_IN,v,residual,1024,spike,786432,0.0003859265,0.000346154,0.001454671,0.001294995,0.001558625,0.00177892,0.001820701,0.001565,0.001536,0,0,1.524e-23,1.178e-24
step4,4,MLP_IN,v,residual,1024,32-64,786432,0.0006601044,0.0007026286,0.001281738,0.001138518,0.001402371,0.001737867,0.001854306,0.001565,0.001536,0,0,1.524e-23,1.178e-24
step4,4,MLP_IN,v,residual,1024,64-128,1572864,0.00123452,0.001039425,0.001854579,0.0007171988,0.0009322167,0.00173932,0.001785914,0.001565,0.001536,0,0,1.524e-23,1.178e-24
step4,4,MLP_IN,v,residual,1024,128-256,3145728,0.0003188808,0.0002768987,0.0002657572,0.0004925826,0.0002287299,0.001733417,0.001747676,0.001565,0.001536,0,0,1.524e-23,1.178e-24
step4,4,MLP_IN,v,residual,1024,256-512,6291456,0.0003029048,0.0002708138,0.0004159609,0.0005943441,0.000343233,0.001744384,0.001765569,0.001565,0.001536,0,0,1.524e-23,1.178e-24
step4,4,MLP_IN,v,residual,1024,512-1024,1.258291e+07,0.0002341731,0.0001462987,0.0001959006,0.0001778701,0.0002098981,0.001741739,0.001765944,0.001565,0.001536,0,0,1.524e-23,1.178e-24
step4,4,MLP_OUT,u,residual,1024,spike,786432,0.0009936312,0.001048067,0.001162211,0.0008837839,0.001152763,0.001786187,0.001845405,0.001565,0.001536,0,0,1.524e-23,1.178e-24
step4,4,MLP_OUT,u,residual,1024,32-64,786432,0.001314258,0.001050628,0.002910614,0.001683599,0.001952578,0.001659212,0.001848493,0.001565,0.001536,0,0,1.524e-23,1.178e-24
step4,4,MLP_OUT,u,residual,1024,64-128,1572864,0.0005822065,0.0004347274,0.001242956,0.0009026429,0.001166496,0.001732599,0.001825605,0.001565,0.001536,0,0,1.524e-23,1.178e-24
step4,4,MLP_OUT,u,residual,1024,128-256,3145728,0.0006535491,0.0004385312,0.001140912,0.0005637542,0.0007693125,0.00175685,0.00177892,0.001565,0.001536,0,0,1.524e-23,1.178e-24
step4,4,MLP_OUT,u,residual,1024,256-512,6291456,0.0004705254,0.0002194143,0.0003353755,0.0003637138,0.0002004948,0.001745542,0.00174729,0.001565,0.001536,0,0,1.524e-23,1.178e-24
step4,4,MLP_OUT,u,residual,1024,512-1024,1.258291e+07,0.0004046912,0.0001508559,0.0003356934,0.0001760823,0.0001960698,0.001745644,0.001774402,0.001565,0.001536,0,0,1.524e-23,1.178e-24
step4,4,MLP_OUT,v,hidden,4096,spike,3145728,0.0004228798,0.000446838,0.001233419,0.001113619,0.001180834,0.001767613,0.001851808,0.001565,0.001558,0,0,1.524e-23,8.299e-24
step4,4,MLP_OUT,v,hidden,4096,32-64,3145728,0.000247149,0.0002918074,0.000790596,0.0009781977,0.001045413,0.001775242,0.001842771,0.001565,0.001558,0,0,1.524e-23,8.299e-24
step4,4,MLP_OUT,v,hidden,4096,64-128,6291456,0.0003079753,0.0003427886,0.0007696152,0.0006297366,0.000682057,0.00176516,0.001840319,0.001565,0.001558,0,0,1.524e-23,8.299e-24
step4,4,MLP_OUT,v,hidden,4096,128-256,1.258291e+07,0.0002057218,0.0001429666,0.0005160173,0.00033687,0.0004027515,0.001771382,0.001817192,0.001565,0.001558,0,0,1.524e-23,8.299e-24
step4,4,MLP_OUT,v,hidden,4096,256-512,2.516582e+07,0.0001849615,0.0001362014,0.0004225175,0.000352248,0.0004181295,0.001767703,0.00178592,0.001565,0.001558,0,0,1.524e-23,8.299e-24
step4,4,MLP_OUT,v,hidden,4096,512-1024,5.033165e+07,9.660912e-05,8.692633e-05,0.0001412034,0.000117861,8.704122e-05,0.001771285,0.001771163,0.001565,0.001558,0,0,1.524e-23,8.299e-24
step8,8,Q,u,head,1024,spike,786432,0.001867884,0.001598905,0.004233042,0.002365158,0.002634137,0.001809075,0.001973833,0.001565,0.001536,0,0,1.524e-23,1.178e-24
step8,8,Q,u,head,1024,32-64,786432,0.001431361,0.001197164,0.002719879,0.001469976,0.001738955,0.001759484,0.00190753,0.001565,0.001536,0,0,1.524e-23,1.178e-24
step8,8,Q,u,head,1024,64-128,1572864,0.0006289581,0.0003651053,0.001363754,0.0008102076,0.001055061,0.001767658,0.001820791,0.001565,0.001536,0,0,1.524e-23,1.178e-24
step8,8,Q,u,head,1024,128-256,3145728,0.0007265959,0.000503381,0.00107034,0.0004353261,0.0005669594,0.001757622,0.00179586,0.001565,0.001536,0,0,1.524e-23,1.178e-24
step8,8,Q,u,head,1024,256-512,6291456,0.0002617899,0.0003268821,0.0006693204,0.0005935493,0.0003424383,0.001763571,0.001729057,0.001565,0.001536,0,0,1.524e-23,1.178e-24
step8,8,Q,u,head,1024,512-1024,1.258291e+07,0.00037771,0.0001435128,0.0003665288,0.0001718465,0.0002230161,0.001733167,0.001765206,0.001565,0.001536,0,0,1.524e-23,1.178e-24
step8,8,Q,v,residual,1024,spike,786432,0.001080409,0.0008462118,0.002886454,0.002055281,0.002306392,0.001694452,0.001974742,0.001565,0.001536,0,0,1.524e-23,1.178e-24
step8,8,Q,v,residual,1024,32-64,786432,0.0003111028,0.0004741281,0.0004272461,0.0004235931,0.0004834918,0.001778194,0.001815614,0.001565,0.001536,0,0,1.524e-23,1.178e-24
step8,8,Q,v,residual,1024,64-128,1572864,0.0006269176,0.0005051084,0.001044591,0.0008097824,0.001060893,0.001782826,0.001852217,0.001565,0.001536,0,0,1.524e-23,1.178e-24
step8,8,Q,v,residual,1024,128-256,3145728,0.0006190295,0.000355399,0.0006608963,0.0002357726,0.0004112236,0.001742635,0.001778648,0.001565,0.001536,0,0,1.524e-23,1.178e-24
step8,8,Q,v,residual,1024,256-512,6291456,0.0004185139,0.0001925475,0.0004288356,0.0002631784,0.0002868266,0.001752672,0.00174838,0.001565,0.001536,0,0,1.524e-23,1.178e-24
step8,8,Q,v,residual,1024,512-1024,1.258291e+07,0.000317103,0.0001742542,0.0002233187,0.000248527,0.0002757066,0.001737333,0.001769429,0.001565,0.001536,0,0,1.524e-23,1.178e-24
step8,8,K,u,head,1024,spike,786432,0.0005637706,0.0008276234,0.002040863,0.002316839,0.002585817,0.001778557,0.001925696,0.001565,0.001536,0,0,1.524e-23,1.178e-24
step8,8,K,u,head,1024,32-64,786432,0.000591819,0.0008554495,0.00116094,0.001286409,0.001531262,0.001765297,0.001890818,0.001565,0.001536,0,0,1.524e-23,1.178e-24
step8,8,K,u,head,1024,64-128,1572864,0.0004989044,0.0006100126,0.0008786519,0.0006866913,0.0009556702,0.001777921,0.001802989,0.001565,0.001536,0,0,1.524e-23,1.178e-24
step8,8,K,u,head,1024,128-256,3145728,0.0003170354,0.0002820582,0.000576973,0.0004430277,0.0003814928,0.001732917,0.001766795,0.001565,0.001536,0,0,1.524e-23,1.178e-24
step8,8,K,u,head,1024,256-512,6291456,0.0003935559,0.0002048025,0.0003628731,0.000489281,0.0002381699,0.001739547,0.001745474,0.001565,0.001536,0,0,1.524e-23,1.178e-24
step8,8,K,u,head,1024,512-1024,1.258291e+07,0.0004086932,0.0001936753,0.0002800624,0.0001876904,0.0002771943,0.001740365,0.001758996,0.001565,0.001536,0,0,1.524e-23,1.178e-24
step8,8,K,v,residual,1024,spike,786432,0.0008807281,0.0006198453,0.002335866,0.001504892,0.001718991,0.001787458,0.001932053,0.001565,0.001536,0,0,1.524e-23,1.178e-24
step8,8,K,v,residual,1024,32-64,786432,0.0005605267,0.0007149081,0.001677195,0.001442423,0.001706275,0.001733871,0.001888638,0.001565,0.001536,0,0,1.524e-23,1.178e-24
step8,8,K,v,residual,1024,64-128,1572864,0.0006495498,0.0004046969,0.001495997,0.0009219209,0.001141319,0.001733871,0.001852853,0.001565,0.001536,0,0,1.524e-23,1.178e-24
step8,8,K,v,residual,1024,128-256,3145728,0.0005590581,0.0003079471,0.0006930033,0.0003100735,0.0004254907,0.001735051,0.001768657,0.001565,0.001536,0,0,1.524e-23,1.178e-24
step8,8,K,v,residual,1024,256-512,6291456,0.0002801918,0.0001952739,0.0002632141,0.0002863744,0.0001647289,0.001756827,0.001763185,0.001565,0.001536,0,0,1.524e-23,1.178e-24
step8,8,K,v,residual,1024,512-1024,1.258291e+07,0.0002611041,0.0002114863,0.0003767808,0.0001346116,0.0003982422,0.001764627,0.001770235,0.001565,0.001536,0,0,1.524e-23,1.178e-24
step8,8,V,u,head,1024,spike,786432,0.001248893,0.001424344,0.002235413,0.001965036,0.002228889,0.001803807,0.001979828,0.001565,0.001536,0,0,1.524e-23,1.178e-24
step8,8,V,u,head,1024,32-64,786432,0.001025011,0.0008677927,0.001944224,0.001781509,0.002050488,0.001703172,0.001908075,0.001565,0.001536,0,0,1.524e-23,1.178e-24
step8,8,V,u,head,1024,64-128,1572864,0.000473438,0.0003436619,0.0008964539,0.0005052857,0.0007182065,0.001744861,0.001823516,0.001565,0.001536,0,0,1.524e-23,1.178e-24
step8,8,V,u,head,1024,128-256,3145728,0.0004000051,0.0002026032,0.0004313787,0.0002507874,0.0004127821,0.001713435,0.001760846,0.001565,0.001536,0,0,1.524e-23,1.178e-24
step8,8,V,u,head,1024,256-512,6291456,0.0005321146,0.0003170966,0.0005598068,0.0002348922,0.0003625482,0.001732713,0.001747041,0.001565,0.001536,0,0,1.524e-23,1.178e-24
step8,8,V,u,head,1024,512-1024,1.258291e+07,0.0003280738,0.0001334039,0.0002961953,9.341434e-05,0.000238816,0.001754772,0.001767669,0.001565,0.001536,0,0,1.524e-23,1.178e-24
step8,8,V,v,residual,1024,spike,786432,0.0006805264,0.0006196625,0.001621246,0.001267589,0.001528256,0.001748766,0.001875378,0.001565,0.001536,0,0,1.524e-23,1.178e-24
step8,8,V,v,residual,1024,32-64,786432,0.0006639425,0.0005551015,0.002152761,0.001656046,0.001919898,0.001771473,0.001939138,0.001565,0.001536,0,0,1.524e-23,1.178e-24
step8,8,V,v,residual,1024,64-128,1572864,0.0003068692,0.0005410664,0.0006643931,0.000413859,0.0003936005,0.001769929,0.001800265,0.001565,0.001536,0,0,1.524e-23,1.178e-24
step8,8,V,v,residual,1024,128-256,3145728,0.0002137207,0.0002846014,0.0004173915,0.000371015,0.0003010221,0.001755896,0.001812572,0.001565,0.001536,0,0,1.524e-23,1.178e-24
step8,8,V,v,residual,1024,256-512,6291456,0.0004012766,0.0002235008,0.0003147125,0.000389631,0.0001554337,0.00174125,0.001744656,0.001565,0.001536,0,0,1.524e-23,1.178e-24
step8,8,V,v,residual,1024,512-1024,1.258291e+07,0.0002905865,0.0001410081,0.0003033479,0.0002580638,0.0002353803,0.001745235,0.001756782,0.001565,0.001536,0,0,1.524e-23,1.178e-24
step8,8,O,u,residual,1024,spike,786432,0.001181715,0.001432826,0.001352946,0.001945541,0.00221452,0.001764933,0.001980736,0.001565,0.001536,0,0,1.524e-23,1.178e-24
step8,8,O,u,residual,1024,32-64,786432,0.0005111237,0.0005915662,0.001369476,0.001048626,0.001293479,0.001745496,0.001904261,0.001565,0.001536,0,0,1.524e-23,1.178e-24
step8,8,O,u,residual,1024,64-128,1572864,0.0005173123,0.0003789418,0.0007540385,0.0006002181,0.0006924105,0.001751763,0.001846858,0.001565,0.001536,0,0,1.524e-23,1.178e-24
step8,8,O,u,residual,1024,128-256,3145728,0.0003535928,0.0005259824,0.000518163,0.0001987111,0.0004251728,0.001751219,0.001761754,0.001565,0.001536,0,0,1.524e-23,1.178e-24
step8,8,O,u,residual,1024,256-512,6291456,0.0006767268,0.0004130963,0.0005690257,0.0003869353,0.0002476483,0.001747154,0.001750674,0.001565,0.001536,0,0,1.524e-23,1.178e-24
step8,8,O,u,residual,1024,512-1024,1.258291e+07,0.0003528694,0.0001307116,0.0003264745,0.0002067271,0.0002582877,0.001747767,0.001770814,0.001565,0.001536,0,0,1.524e-23,1.178e-24
step8,8,O,v,head,1024,spike,786432,0.000705934,0.000881385,0.001782735,0.001492014,0.001755866,0.001746586,0.001910255,0.001565,0.001536,0,0,1.524e-23,1.178e-24
step8,8,O,v,head,1024,32-64,786432,0.0008765243,0.0006316714,0.0017217,0.001750346,0.001965364,0.001725696,0.001861754,0.001565,0.001536,0,0,1.524e-23,1.178e-24
step8,8,O,v,head,1024,64-128,1572864,0.0007654368,0.0004964579,0.001260757,0.0006002147,0.0008152327,0.00165903,0.001886095,0.001565,0.001536,0,0,1.524e-23,1.178e-24
step8,8,O,v,head,1024,128-256,3145728,0.0003628118,0.0002886606,0.0003118515,0.0002086841,0.0004324209,0.001746223,0.00177002,0.001565,0.001536,0,0,1.524e-23,1.178e-24
step8,8,O,v,head,1024,256-512,6291456,0.0005670054,0.0003178914,0.0002992948,0.0002946213,0.0001387335,0.001742454,0.001750696,0.001565,0.001536,0,0,1.524e-23,1.178e-24
step8,8,O,v,head,1024,512-1024,1.258291e+07,0.0004157563,0.0001467773,0.0004018148,0.0001070109,0.0002550375,0.001742601,0.001767295,0.001565,0.001536,0,0,1.524e-23,1.178e-24
step8,8,MLP_IN,u,hidden,4096,spike,3145728,0.0002992387,0.0002811958,0.001380603,0.001217355,0.001283286,0.001756895,0.001828284,0.001565,0.001558,0,0,1.524e-23,8.299e-24
step8,8,MLP_IN,u,hidden,4096,32-64,3145728,0.0005647891,0.000506259,0.001464526,0.001018111,0.001083993,0.001732599,0.001833007,0.001565,0.001558,0,0,1.524e-23,8.299e-24
step8,8,MLP_IN,u,hidden,4096,64-128,6291456,0.000333478,0.0002675473,0.0008188883,0.0004854104,0.0005513411,0.001768884,0.00182917,0.001565,0.001558,0,0,1.524e-23,8.299e-24
step8,8,MLP_IN,u,hidden,4096,128-256,1.258291e+07,0.000155177,9.270324e-05,0.0004643599,0.0003572762,0.0004244912,0.001766364,0.001812038,0.001565,0.001558,0,0,1.524e-23,8.299e-24
step8,8,MLP_IN,u,hidden,4096,256-512,2.516582e+07,8.832246e-05,9.341847e-05,0.0002603531,0.0002292852,0.0002965002,0.001764116,0.001789547,0.001565,0.001558,0,0,1.524e-23,8.299e-24
step8,8,MLP_IN,u,hidden,4096,512-1024,5.033165e+07,9.441205e-05,5.583195e-05,0.0001117984,0.0001016815,9.824933e-05,0.001765654,0.001773031,0.001565,0.001558,0,0,1.524e-23,8.299e-24
step8,8,MLP_IN,v,residual,1024,spike,786432,0.0003871981,0.000355055,0.001580556,0.001265639,0.00151675,0.001780374,0.001850855,0.001565,0.001536,0,0,1.524e-23,1.178e-24
step8,8,MLP_IN,v,residual,1024,32-64,786432,0.0006486603,0.0007051717,0.001504262,0.001054595,0.001318448,0.001741682,0.00178873,0.001565,0.001536,0,0,1.524e-23,1.178e-24
step8,8,MLP_IN,v,residual,1024,64-128,1572864,0.001346418,0.001151322,0.001494726,0.0004150713,0.0006787019,0.001733144,0.001819429,0.001565,0.001536,0,0,1.524e-23,1.178e-24
step8,8,MLP_IN,v,residual,1024,128-256,3145728,0.0003311102,0.0002899322,0.00055631,0.0003201624,0.0005891414,0.001738912,0.001793952,0.001565,0.001536,0,0,1.524e-23,1.178e-24
step8,8,MLP_IN,v,residual,1024,256-512,6291456,0.000288016,0.0002930662,0.0002921422,0.0002956095,0.000195189,0.001746541,0.001737935,0.001565,0.001536,0,0,1.524e-23,1.178e-24
step8,8,MLP_IN,v,residual,1024,512-1024,1.258291e+07,0.0002516571,0.0001382617,0.0002070268,0.0001064479,0.0002419879,0.001742465,0.001776434,0.001565,0.001536,0,0,1.524e-23,1.178e-24
step8,8,MLP_OUT,u,residual,1024,spike,786432,0.001096251,0.001145515,0.001861572,0.001415924,0.001630942,0.001774924,0.00187229,0.001565,0.001536,0,0,1.524e-23,1.178e-24
step8,8,MLP_OUT,u,residual,1024,32-64,786432,0.001530424,0.001266794,0.002061208,0.001085502,0.001330355,0.001656124,0.001813979,0.001565,0.001536,0,0,1.524e-23,1.178e-24
step8,8,MLP_OUT,u,residual,1024,64-128,1572864,0.0005162914,0.000359565,0.001110077,0.0008167671,0.001050964,0.001732599,0.001818339,0.001565,0.001536,0,0,1.524e-23,1.178e-24
step8,8,MLP_OUT,u,residual,1024,128-256,3145728,0.0006669005,0.0004518826,0.0003687541,0.0004913472,0.0002776471,0.001759892,0.001781418,0.001565,0.001536,0,0,1.524e-23,1.178e-24
step8,8,MLP_OUT,u,residual,1024,256-512,6291456,0.0004619513,0.000227754,0.0002198219,0.0003655815,0.0001561825,0.001741341,0.001747835,0.001565,0.001536,0,0,1.524e-23,1.178e-24
step8,8,MLP_OUT,u,residual,1024,512-1024,1.258291e+07,0.0004527723,0.0001891417,0.0002214909,0.0002728661,0.0001456452,0.001741409,0.001763253,0.001565,0.001536,0,0,1.524e-23,1.178e-24
step8,8,MLP_OUT,v,hidden,4096,spike,3145728,0.0003822382,0.0004094422,0.001113256,0.001073742,0.001139624,0.001771019,0.001859165,0.001565,0.001558,0,0,1.524e-23,8.299e-24
step8,8,MLP_OUT,v,hidden,4096,32-64,3145728,0.0002318919,0.0002978227,0.0007756551,0.0008702891,0.0009314694,0.001776468,0.0018613,0.001565,0.001558,0,0,1.524e-23,8.299e-24
step8,8,MLP_OUT,v,hidden,4096,64-128,6291456,0.0002728485,0.0002347981,0.0008595785,0.0007533078,0.0008191893,0.001762663,0.00186457,0.001565,0.001558,0,0,1.524e-23,8.299e-24
step8,8,MLP_OUT,v,hidden,4096,128-256,1.258291e+07,0.0001816109,0.0001157295,0.0005780856,0.0005129791,0.0005741594,0.001768952,0.00181969,0.001565,0.001558,0,0,1.524e-23,8.299e-24
step8,8,MLP_OUT,v,hidden,4096,256-512,2.516582e+07,0.0001848025,0.0001360425,0.0003064076,0.0001687666,0.0002359816,0.001766733,0.001793754,0.001565,0.001558,0,0,1.524e-23,8.299e-24
step8,8,MLP_OUT,v,hidden,4096,512-1024,5.033165e+07,8.595975e-05,0.0001156955,9.981791e-05,0.0001067105,5.744954e-05,0.001768546,0.001778639,0.001565,0.001558,0,0,1.524e-23,8.299e-24
step16,16,Q,u,head,1024,spike,786432,0.0018356,0.00157197,0.00371933,0.001966271,0.002217383,0.001813979,0.001978011,0.001565,0.001536,0,0,1.524e-23,1.178e-24
step16,16,Q,u,head,1024,32-64,786432,0.001448143,0.001253048,0.003049215,0.001638318,0.001901948,0.001760574,0.001892635,0.001565,0.001536,0,0,1.524e-23,1.178e-24
step16,16,Q,u,head,1024,64-128,1572864,0.0006594756,0.0003956229,0.00100263,0.0005571661,0.000802019,0.001764207,0.001812072,0.001565,0.001536,0,0,1.524e-23,1.178e-24
step16,16,Q,u,head,1024,128-256,3145728,0.00073804,0.0005038427,0.0007696152,0.0002430585,0.0003046919,0.001752763,0.001783235,0.001565,0.001536,0,0,1.524e-23,1.178e-24
step16,16,Q,u,head,1024,256-512,6291456,0.0002460543,0.0003510419,0.0003418922,0.0003163969,0.000237685,0.001768703,0.001764002,0.001565,0.001536,0,0,1.524e-23,1.178e-24
step16,16,Q,u,head,1024,512-1024,1.258291e+07,0.000385092,0.000133981,0.0004064242,0.000164986,0.0003235377,0.001732043,0.001767136,0.001565,0.001536,0,0,1.524e-23,1.178e-24
step16,16,Q,v,residual,1024,spike,786432,0.001140173,0.0009059754,0.002930959,0.002469426,0.002738405,0.001693726,0.002020881,0.001565,0.001536,0,0,1.524e-23,1.178e-24
step16,16,Q,v,residual,1024,32-64,786432,0.0003059064,0.0005135466,0.00104777,0.0007442968,0.0009954078,0.001762935,0.001851218,0.001565,0.001536,0,0,1.524e-23,1.178e-24
step16,16,Q,v,residual,1024,64-128,1572864,0.0007623394,0.0006056129,0.001291911,0.0009992367,0.001233434,0.001781282,0.001820428,0.001565,0.001536,0,0,1.524e-23,1.178e-24
step16,16,Q,v,residual,1024,128-256,3145728,0.0006420278,0.0003909167,0.000650088,0.0001400328,0.0003691605,0.001737004,0.001772835,0.001565,0.001536,0,0,1.524e-23,1.178e-24
step16,16,Q,v,residual,1024,256-512,6291456,0.0004242811,0.0001997637,0.000295639,0.0003517173,0.0001944986,0.001751627,0.001734052,0.001565,0.001536,0,0,1.524e-23,1.178e-24
step16,16,Q,v,residual,1024,512-1024,1.258291e+07,0.0003233019,0.0001577176,0.000336647,0.0002230623,0.000264775,0.001733814,0.001760926,0.001565,0.001536,0,0,1.524e-23,1.178e-24
step16,16,K,u,head,1024,spike,786432,0.0006438793,0.000907732,0.002072652,0.002439404,0.002703035,0.001782009,0.001963116,0.001565,0.001536,0,0,1.524e-23,1.178e-24
step16,16,K,u,head,1024,32-64,786432,0.0005104388,0.0007740693,0.001346588,0.001566615,0.001835594,0.001767113,0.001911163,0.001565,0.001536,0,0,1.524e-23,1.178e-24
step16,16,K,u,head,1024,64-128,1572864,0.0003762129,0.0005992042,0.0006624858,0.0006082754,0.0008721282,0.001770837,0.001831963,0.001565,0.001536,0,0,1.524e-23,1.178e-24
step16,16,K,u,head,1024,128-256,3145728,0.0003748916,0.0002947739,0.0004240672,0.0002526685,0.0003577176,0.001730964,0.001773198,0.001565,0.001536,0,0,1.524e-23,1.178e-24
step16,16,K,u,head,1024,256-512,6291456,0.0004328155,0.0002234165,0.0003596942,0.0001614247,0.0002535221,0.00174561,0.001754307,0.001565,0.001536,0,0,1.524e-23,1.178e-24
step16,16,K,u,head,1024,512-1024,1.258291e+07,0.0003788114,0.0002131177,0.0002703667,0.0002495805,0.0002122757,0.001744168,0.001777002,0.001565,0.001536,0,0,1.524e-23,1.178e-24
step16,16,K,v,residual,1024,spike,786432,0.000831137,0.0006211169,0.001852671,0.001198444,0.001407843,0.00178001,0.001916068,0.001565,0.001536,0,0,1.524e-23,1.178e-24
step16,16,K,v,residual,1024,32-64,786432,0.0006635236,0.0007599196,0.001192729,0.0009905955,0.001259574,0.001728603,0.00185358,0.001565,0.001536,0,0,1.524e-23,1.178e-24
step16,16,K,v,residual,1024,64-128,1572864,0.0006861785,0.0004223258,0.001132965,0.000981613,0.001173814,0.001737413,0.001784824,0.001565,0.001536,0,0,1.524e-23,1.178e-24
step16,16,K,v,residual,1024,128-256,3145728,0.0006356338,0.000371781,0.0008757909,0.0002683067,0.0005096697,0.001728966,0.001746268,0.001565,0.001536,0,0,1.524e-23,1.178e-24
step16,16,K,v,residual,1024,256-512,6291456,0.0002405825,0.0002351692,0.0004593531,0.0004937883,0.0003183372,0.001758167,0.001737731,0.001565,0.001536,0,0,1.524e-23,1.178e-24
step16,16,K,v,residual,1024,512-1024,1.258291e+07,0.0002089576,0.0002226137,0.0002380212,0.0001439691,0.0002622695,0.001764729,0.001770224,0.001565,0.001536,0,0,1.524e-23,1.178e-24
step16,16,V,u,head,1024,spike,786432,0.001231091,0.001406542,0.002028147,0.001885778,0.002154757,0.001798539,0.001905714,0.001565,0.001536,0,0,1.524e-23,1.178e-24
step16,16,V,u,head,1024,32-64,786432,0.001054257,0.0008970387,0.002006531,0.001338154,0.001602007,0.001705351,0.001900627,0.001565,0.001536,0,0,1.524e-23,1.178e-24
step16,16,V,u,head,1024,64-128,1572864,0.0005855623,0.0003761634,0.001017888,0.0004760326,0.0007398853,0.001741318,0.001835233,0.001565,0.001536,0,0,1.524e-23,1.178e-24
step16,16,V,u,head,1024,128-256,3145728,0.0004044555,0.0002304283,0.0003598531,0.0003192606,0.0002879639,0.001710755,0.001776468,0.001565,0.001536,0,0,1.524e-23,1.178e-24
step16,16,V,u,head,1024,256-512,6291456,0.0004682425,0.0002731473,0.0002516111,0.0003098402,0.000196414,0.00173521,0.001724198,0.001565,0.001536,0,0,1.524e-23,1.178e-24
step16,16,V,u,head,1024,512-1024,1.258291e+07,0.000373069,0.000197618,0.0005278587,0.0002295292,0.0004246244,0.001752036,0.001768578,0.001565,0.001536,0,0,1.524e-23,1.178e-24
step16,16,V,v,residual,1024,spike,786432,0.0006485746,0.000591688,0.001714071,0.001453941,0.001717571,0.001748948,0.001882099,0.001565,0.001536,0,0,1.524e-23,1.178e-24
step16,16,V,v,residual,1024,32-64,786432,0.0006022552,0.0004521047,0.002385457,0.002016749,0.002285728,0.00177002,0.001896449,0.001565,0.001536,0,0,1.524e-23,1.178e-24
step16,16,V,v,residual,1024,64-128,1572864,0.0003286023,0.000456264,0.0005836487,0.0005621938,0.0006496041,0.001768566,0.001815887,0.001565,0.001536,0,0,1.524e-23,1.178e-24
step16,16,V,v,residual,1024,128-256,3145728,0.0002363621,0.000321324,0.0004253387,0.0003774411,0.0006116383,0.001757849,0.001755624,0.001565,0.001536,0,0,1.524e-23,1.178e-24
step16,16,V,v,residual,1024,256-512,6291456,0.000404086,0.0002429611,0.0003980001,0.0002312723,0.0002978679,0.001742295,0.001764139,0.001565,0.001536,0,0,1.524e-23,1.178e-24
step16,16,V,v,residual,1024,512-1024,1.258291e+07,0.000296293,0.0001050523,0.0002223651,0.0002327426,0.0001684613,0.001741795,0.001764388,0.001565,0.001536,0,0,1.524e-23,1.178e-24
step16,16,O,u,residual,1024,spike,786432,0.001419498,0.001670609,0.00138092,0.001646444,0.001858482,0.001767113,0.001958575,0.001565,0.001536,0,0,1.524e-23,1.178e-24
step16,16,O,u,residual,1024,32-64,786432,0.0006130653,0.0008081604,0.00168101,0.001451287,0.001702398,0.001765842,0.001863207,0.001565,0.001536,0,0,1.524e-23,1.178e-24
step16,16,O,u,residual,1024,64-128,1572864,0.0005497372,0.0003933238,0.001046499,0.000634547,0.0008495649,0.001754307,0.001828784,0.001565,0.001536,0,0,1.524e-23,1.178e-24
step16,16,O,u,residual,1024,128-256,3145728,0.0005496633,0.0006236573,0.0006195704,0.0003434357,0.0005945467,0.00175299,0.001740183,0.001565,0.001536,0,0,1.524e-23,1.178e-24
step16,16,O,u,residual,1024,256-512,6291456,0.0005656237,0.0003220088,0.0006491343,0.000261472,0.0003471411,0.00174972,0.001736664,0.001565,0.001536,0,0,1.524e-23,1.178e-24
step16,16,O,u,residual,1024,512-1024,1.258291e+07,0.0002546545,0.0001191401,0.0002360344,0.0001724715,0.0002492852,0.001752899,0.001768941,0.001565,0.001536,0,0,1.524e-23,1.178e-24
step16,16,O,v,head,1024,spike,786432,0.0007433277,0.0008826147,0.001759847,0.001561905,0.001796102,0.001723153,0.001897721,0.001565,0.001536,0,0,1.524e-23,1.178e-24
step16,16,O,v,head,1024,32-64,786432,0.0009528183,0.0007300903,0.002492269,0.001539451,0.001784304,0.001749493,0.001918066,0.001565,0.001536,0,0,1.524e-23,1.178e-24
step16,16,O,v,head,1024,64-128,1572864,0.0006696482,0.0004057954,0.001325607,0.0007027603,0.0009476133,0.001657213,0.001870473,0.001565,0.001536,0,0,1.524e-23,1.178e-24
step16,16,O,v,head,1024,128-256,3145728,0.0002226586,0.0002839656,0.0009593964,0.0009829561,0.0008262296,0.001753444,0.00174863,0.001565,0.001536,0,0,1.524e-23,1.178e-24
step16,16,O,v,head,1024,256-512,6291456,0.0004603528,0.0002092418,0.0003266335,0.0004437828,0.0002343838,0.001746359,0.001738934,0.001565,0.001536,0,0,1.524e-23,1.178e-24
step16,16,O,v,head,1024,512-1024,1.258291e+07,0.0003241852,0.0001259434,0.0002306302,0.0002642356,0.0001860248,0.001740331,0.00176356,0.001565,0.001536,0,0,1.524e-23,1.178e-24
step16,16,MLP_IN,u,hidden,4096,spike,3145728,0.000342472,0.0002986209,0.0009104411,0.0007415459,0.0008074273,0.001757168,0.001902126,0.001565,0.001558,0,0,1.524e-23,8.299e-24
step16,16,MLP_IN,u,hidden,4096,32-64,3145728,0.0005590671,0.000500537,0.001273791,0.0009997623,0.001052083,0.001729602,0.001849174,0.001565,0.001558,0,0,1.524e-23,8.299e-24
step16,16,MLP_IN,u,hidden,4096,64-128,6291456,0.0003194908,0.00025356,0.00117286,0.0008821945,0.0009494095,0.00177447,0.001853262,0.001565,0.001558,0,0,1.524e-23,8.299e-24
step16,16,MLP_IN,u,hidden,4096,128-256,1.258291e+07,0.0001241826,0.0001098304,0.0005334218,0.0004333501,0.0004992315,0.001765478,0.001818396,0.001565,0.001558,0,0,1.524e-23,8.299e-24
step16,16,MLP_IN,u,hidden,4096,256-512,2.516582e+07,0.0001004202,0.0001580792,0.0002569358,0.0001693129,0.0002230511,0.001764059,0.00178777,0.001565,0.001558,0,0,1.524e-23,8.299e-24
step16,16,MLP_IN,u,hidden,4096,512-1024,5.033165e+07,9.482929e-05,7.122898e-05,0.0001917283,0.0001224062,0.0001808037,0.001764808,0.001781537,0.001565,0.001558,0,0,1.524e-23,8.299e-24
step16,16,MLP_IN,v,residual,1024,spike,786432,0.0003630383,0.0004553686,0.001585642,0.001293613,0.001544724,0.001775832,0.001852853,0.001565,0.001536,0,0,1.524e-23,1.178e-24
step16,16,MLP_IN,v,residual,1024,32-64,786432,0.0006681103,0.0005716573,0.001401265,0.001014294,0.001259147,0.001739865,0.001820519,0.001565,0.001536,0,0,1.524e-23,1.178e-24
step16,16,MLP_IN,v,residual,1024,64-128,1572864,0.001308271,0.001113175,0.001478195,0.000347819,0.0006167979,0.001735415,0.00183496,0.001565,0.001536,0,0,1.524e-23,1.178e-24
step16,16,MLP_IN,v,residual,1024,128-256,3145728,0.0003124415,0.0002981974,0.000527064,0.0003904064,0.0006054243,0.001735324,0.001767703,0.001565,0.001536,0,0,1.524e-23,1.178e-24
step16,16,MLP_IN,v,residual,1024,256-512,6291456,0.0003132883,0.0002792379,0.0004210472,0.0003998035,0.0001656062,0.001744225,0.001731237,0.001565,0.001536,0,0,1.524e-23,1.178e-24
step16,16,MLP_IN,v,residual,1024,512-1024,1.258291e+07,0.0002562665,0.0001370042,0.0003910859,0.0002150003,0.0004342434,0.001743884,0.001783223,0.001565,0.001536,0,0,1.524e-23,1.178e-24
step16,16,MLP_OUT,u,residual,1024,spike,786432,0.001160206,0.001344769,0.001581828,0.001521649,0.001766502,0.001772381,0.001899356,0.001565,0.001536,0,0,1.524e-23,1.178e-24
step16,16,MLP_OUT,u,residual,1024,32-64,786432,0.001329517,0.001065886,0.002040863,0.001512521,0.00172192,0.001681555,0.001799629,0.001565,0.001536,0,0,1.524e-23,1.178e-24
step16,16,MLP_OUT,u,residual,1024,64-128,1572864,0.0003469172,0.000294579,0.0005785624,0.0005062982,0.0006817492,0.001738866,0.001837231,0.001565,0.001536,0,0,1.524e-23,1.178e-24
step16,16,MLP_OUT,u,residual,1024,128-256,3145728,0.0005923294,0.0003498756,0.0007810593,0.0002914025,0.0004610945,0.001750855,0.001773516,0.001565,0.001536,0,0,1.524e-23,1.178e-24
step16,16,MLP_OUT,u,residual,1024,256-512,6291456,0.0004624191,0.0002113081,0.0003026326,0.0004129508,0.0001490981,0.001756555,0.001755783,0.001565,0.001536,0,0,1.524e-23,1.178e-24
step16,16,MLP_OUT,u,residual,1024,512-1024,1.258291e+07,0.000393321,0.0001415309,0.0002819697,0.0001872931,0.0001962614,0.001744781,0.0017488,0.001565,0.001536,0,0,1.524e-23,1.178e-24
step16,16,MLP_OUT,v,hidden,4096,spike,3145728,0.0002118845,0.0002384166,0.001039823,0.001064972,0.00111871,0.001777876,0.00187011,0.001565,0.001558,0,0,1.524e-23,8.299e-24
step16,16,MLP_OUT,v,hidden,4096,32-64,3145728,0.0002322081,0.0002781134,0.0008888245,0.0006863633,0.0007401015,0.001784415,0.001858847,0.001565,0.001558,0,0,1.524e-23,8.299e-24
step16,16,MLP_OUT,v,hidden,4096,64-128,6291456,0.0001591995,0.0001632875,0.0007136663,0.00058069,0.0006462317,0.001752422,0.001829579,0.001565,0.001558,0,0,1.524e-23,8.299e-24
step16,16,MLP_OUT,v,hidden,4096,128-256,1.258291e+07,0.0001128077,0.0001264786,0.0005806287,0.0004882475,0.0005554625,0.001777161,0.001830555,0.001565,0.001558,0,0,1.524e-23,8.299e-24
step16,16,MLP_OUT,v,hidden,4096,256-512,2.516582e+07,0.0001546426,0.0001085218,0.0003453493,0.0002347168,0.000297472,0.001763463,0.001779993,0.001565,0.001558,0,0,1.524e-23,8.299e-24
step16,16,MLP_OUT,v,hidden,4096,512-1024,5.033165e+07,7.647105e-05,0.0001122782,8.593003e-05,6.874437e-05,7.812692e-05,0.001768771,0.001766943,0.001565,0.001558,0,0,1.524e-23,8.299e-24
step32,32,Q,u,head,1024,spike,786432,0.001978015,0.001714385,0.003064473,0.001811566,0.002056419,0.001804897,0.001869383,0.001565,0.001536,0,0,1.524e-23,1.178e-24
step32,32,Q,u,head,1024,32-64,786432,0.001473073,0.001258055,0.003022512,0.001830324,0.002093955,0.001768021,0.00190862,0.001565,0.001536,0,0,1.524e-23,1.178e-24
step32,32,Q,u,head,1024,64-128,1572864,0.0007720544,0.0005378571,0.001804352,0.001079094,0.001274189,0.001750492,0.001803353,0.001565,0.001536,0,0,1.524e-23,1.178e-24
step32,32,Q,u,head,1024,128-256,3145728,0.0007105822,0.00048545,0.0008576711,0.000174016,0.0004107194,0.001756259,0.001798357,0.001565,0.001536,0,0,1.524e-23,1.178e-24
step32,32,Q,u,head,1024,256-512,6291456,0.0002528078,0.0003863185,0.000500679,0.0003904167,0.0001406518,0.001761187,0.001751423,0.001565,0.001536,0,0,1.524e-23,1.178e-24
step32,32,Q,u,head,1024,512-1024,1.258291e+07,0.000403817,0.0001439101,0.0002218882,0.0002424021,0.0001776007,0.001735324,0.001762345,0.001565,0.001536,0,0,1.524e-23,1.178e-24
step32,32,Q,v,residual,1024,spike,786432,0.0009888563,0.0007546591,0.002548218,0.001906618,0.002170249,0.001697177,0.001969655,0.001565,0.001536,0,0,1.524e-23,1.178e-24
step32,32,Q,v,residual,1024,32-64,786432,0.0005347883,0.0005834827,0.0009727478,0.0008914133,0.001160392,0.00176348,0.001843044,0.001565,0.001536,0,0,1.524e-23,1.178e-24
step32,32,Q,v,residual,1024,64-128,1572864,0.0005117077,0.0004728565,0.0007953644,0.0006171764,0.0008810291,0.001782372,0.001830237,0.001565,0.001536,0,0,1.524e-23,1.178e-24
step32,32,Q,v,residual,1024,128-256,3145728,0.0006454145,0.000381784,0.0005013148,0.0001559818,0.0003437292,0.001729193,0.001750356,0.001565,0.001536,0,0,1.524e-23,1.178e-24
step32,32,Q,v,residual,1024,256-512,6291456,0.0005085224,0.0002743251,0.0002390544,0.0004796341,0.0002160036,0.001745315,0.001724379,0.001565,0.001536,0,0,1.524e-23,1.178e-24
step32,32,Q,v,residual,1024,512-1024,1.258291e+07,0.0002873802,0.0001270808,0.0002186298,0.0001808189,0.000197491,0.001736561,0.001756759,0.001565,0.001536,0,0,1.524e-23,1.178e-24
step32,32,K,u,head,1024,spike,786432,0.0007138154,0.0009776681,0.001421611,0.001722167,0.00198602,0.001799811,0.001953307,0.001565,0.001536,0,0,1.524e-23,1.178e-24
step32,32,K,u,head,1024,32-64,786432,0.0004240735,0.0006176667,0.001111348,0.001092742,0.001356595,0.001758575,0.001864297,0.001565,0.001536,0,0,1.524e-23,1.178e-24
step32,32,K,u,head,1024,64-128,1572864,0.0003766037,0.0006330738,0.001117706,0.0009395922,0.001203223,0.001767295,0.00183278,0.001565,0.001536,0,0,1.524e-23,1.178e-24
step32,32,K,u,head,1024,128-256,3145728,0.0003208501,0.0002885824,0.0005178452,0.0003381038,0.0003940876,0.001734597,0.001759665,0.001565,0.001536,0,0,1.524e-23,1.178e-24
step32,32,K,u,head,1024,256-512,6291456,0.0003420575,0.0002540756,0.000316143,0.0003656212,0.0002205906,0.00173319,0.001734075,0.001565,0.001536,0,0,1.524e-23,1.178e-24
step32,32,K,u,head,1024,512-1024,1.258291e+07,0.0003918349,0.0001866665,0.0003274282,0.0001632554,0.0002306119,0.001740876,0.001768748,0.001565,0.001536,0,0,1.524e-23,1.178e-24
step32,32,K,v,residual,1024,spike,786432,0.0008324086,0.00062366,0.002366384,0.001690342,0.001941453,0.001775106,0.001960391,0.001565,0.001536,0,0,1.524e-23,1.178e-24
step32,32,K,v,residual,1024,32-64,786432,0.0005690614,0.0007840793,0.001214345,0.001066889,0.001335868,0.001740229,0.001916431,0.001565,0.001536,0,0,1.524e-23,1.178e-24
step32,32,K,v,residual,1024,64-128,1572864,0.0007357696,0.0004719168,0.001426697,0.001035476,0.001269674,0.001730873,0.001803262,0.001565,0.001536,0,0,1.524e-23,1.178e-24
step32,32,K,v,residual,1024,128-256,3145728,0.0005752706,0.0003576576,0.0006548564,0.0001949703,0.0003724099,0.001727286,0.001787821,0.001565,0.001536,0,0,1.524e-23,1.178e-24
step32,32,K,v,residual,1024,256-512,6291456,0.0002569539,0.0002098969,0.0002760887,0.0003996872,0.0001844748,0.0017618,0.001732213,0.001565,0.001536,0,0,1.524e-23,1.178e-24
step32,32,K,v,residual,1024,512-1024,1.258291e+07,0.0002492947,0.0002377185,0.0002422333,0.0002803901,0.0002442996,0.001765524,0.001748528,0.001565,0.001536,0,0,1.524e-23,1.178e-24
step32,32,V,u,head,1024,spike,786432,0.001012381,0.001187832,0.00161616,0.001871014,0.002134645,0.001792726,0.00184268,0.001565,0.001536,0,0,1.524e-23,1.178e-24
step32,32,V,u,head,1024,32-64,786432,0.001013567,0.0008563486,0.001964569,0.001365707,0.001634686,0.001712799,0.001887004,0.001565,0.001536,0,0,1.524e-23,1.178e-24
step32,32,V,u,head,1024,64-128,1572864,0.0005049065,0.0003067865,0.001277924,0.0008939565,0.001162935,0.001739593,0.001813071,0.001565,0.001536,0,0,1.524e-23,1.178e-24
step32,32,V,u,head,1024,128-256,3145728,0.0003913307,0.000243144,0.0006631215,0.0002717909,0.0004811898,0.001714843,0.001770655,0.001565,0.001536,0,0,1.524e-23,1.178e-24
step32,32,V,u,head,1024,256-512,6291456,0.00056899,0.0003539721,0.0002031326,0.0004927867,0.0002585895,0.001731918,0.001735619,0.001565,0.001536,0,0,1.524e-23,1.178e-24
step32,32,V,u,head,1024,512-1024,1.258291e+07,0.0003434916,0.0001341068,0.0004010201,0.0001973049,0.0003061459,0.001753614,0.001758837,0.001565,0.001536,0,0,1.524e-23,1.178e-24
step32,32,V,v,residual,1024,spike,786432,0.0005661357,0.0004921417,0.001318614,0.001447898,0.001692751,0.001736051,0.001940409,0.001565,0.001536,0,0,1.524e-23,1.178e-24
step32,32,V,v,residual,1024,32-64,786432,0.0005094309,0.0005372517,0.002082825,0.001573394,0.001837247,0.00178764,0.001910073,0.001565,0.001536,0,0,1.524e-23,1.178e-24
step32,32,V,v,residual,1024,64-128,1572864,0.0002951326,0.0005287432,0.0006141663,0.0007361417,0.0009997722,0.001766477,0.001815251,0.001565,0.001536,0,0,1.524e-23,1.178e-24
step32,32,V,v,residual,1024,128-256,3145728,0.000229206,0.0003011661,0.0004717509,0.0005866893,0.0006709625,0.001758394,0.001751673,0.001565,0.001536,0,0,1.524e-23,1.178e-24
step32,32,V,v,residual,1024,256-512,6291456,0.0003494177,0.0001774195,0.0002581278,0.0004826052,0.0002314942,0.001738821,0.001725447,0.001565,0.001536,0,0,1.524e-23,1.178e-24
step32,32,V,v,residual,1024,512-1024,1.258291e+07,0.0003060042,0.000104676,0.0002587636,0.0003081841,0.0002217383,0.001740967,0.001757701,0.001565,0.001536,0,0,1.524e-23,1.178e-24
step32,32,O,u,residual,1024,spike,786432,0.0008053681,0.001069221,0.001457214,0.00196511,0.002228741,0.001781645,0.001937685,0.001565,0.001536,0,0,1.524e-23,1.178e-24
step32,32,O,u,residual,1024,32-64,786432,0.0005144458,0.0006537329,0.001578013,0.00135935,0.001628328,0.001790183,0.001875015,0.001565,0.001536,0,0,1.524e-23,1.178e-24
step32,32,O,u,residual,1024,64-128,1572864,0.0003951101,0.0005370084,0.0006669362,0.0004092302,0.0006434275,0.001758666,0.001802626,0.001565,0.001536,0,0,1.524e-23,1.178e-24
step32,32,O,u,residual,1024,128-256,3145728,0.0003801007,0.0003466536,0.0003843307,0.0001879778,0.000422175,0.001759438,0.00174477,0.001565,0.001536,0,0,1.524e-23,1.178e-24
step32,32,O,u,residual,1024,256-512,6291456,0.0006100797,0.0003589686,0.0003550847,0.0003654712,0.000304201,0.001730873,0.001763071,0.001565,0.001536,0,0,1.524e-23,1.178e-24
step32,32,O,u,residual,1024,512-1024,1.258291e+07,0.0002507726,0.0001252501,0.0003159046,0.0001496811,0.0003554178,0.001747472,0.001758666,0.001565,0.001536,0,0,1.524e-23,1.178e-24
step32,32,O,v,head,1024,spike,786432,0.0007305502,0.0009455682,0.001870473,0.001870519,0.002139498,0.001722245,0.001948402,0.001565,0.001536,0,0,1.524e-23,1.178e-24
step32,32,O,v,head,1024,32-64,786432,0.0006631279,0.0004537289,0.001204173,0.0007348356,0.0008920543,0.001740955,0.001891908,0.001565,0.001536,0,0,1.524e-23,1.178e-24
step32,32,O,v,head,1024,64-128,1572864,0.0008002304,0.0005553775,0.00159963,0.001025985,0.001289838,0.001692999,0.001843316,0.001565,0.001536,0,0,1.524e-23,1.178e-24
step32,32,O,v,head,1024,128-256,3145728,0.0004367438,0.0003694051,0.000515302,0.0005863624,0.0007814575,0.001723971,0.00181675,0.001565,0.001536,0,0,1.524e-23,1.178e-24
step32,32,O,v,head,1024,256-512,6291456,0.0004646932,0.0002010627,0.0004431407,0.0004750771,0.0002808261,0.001743589,0.001735846,0.001565,0.001536,0,0,1.524e-23,1.178e-24
step32,32,O,v,head,1024,512-1024,1.258291e+07,0.0002419614,0.0002134344,0.0002779166,0.000255732,0.0002349007,0.001749334,0.001769236,0.001565,0.001536,0,0,1.524e-23,1.178e-24
step32,32,MLP_IN,u,hidden,4096,spike,3145728,0.0003855666,0.0003318284,0.001338641,0.001144632,0.001210514,0.0017514,0.001860392,0.001565,0.001558,0,0,1.524e-23,8.299e-24
step32,32,MLP_IN,u,hidden,4096,32-64,3145728,0.0005966465,0.0005429083,0.001396497,0.0009891833,0.001055065,0.001728694,0.001860164,0.001565,0.001558,0,0,1.524e-23,8.299e-24
step32,32,MLP_IN,u,hidden,4096,64-128,6291456,0.0003331601,0.0002672294,0.0009091695,0.0005778134,0.0006450284,0.001777672,0.001828171,0.001565,0.001558,0,0,1.524e-23,8.299e-24
step32,32,MLP_IN,u,hidden,4096,128-256,1.258291e+07,0.0002146716,0.0001487902,0.0007255077,0.0005455262,0.0006054293,0.001763446,0.001809347,0.001565,0.001558,0,0,1.524e-23,8.299e-24
step32,32,MLP_IN,u,hidden,4096,256-512,2.516582e+07,0.0001193169,0.0001086375,0.0002335707,0.0001894849,0.0002506651,0.001764246,0.001780805,0.001565,0.001558,0,0,1.524e-23,8.299e-24
step32,32,MLP_IN,u,hidden,4096,512-1024,5.033165e+07,9.743202e-05,7.458713e-05,0.0001475414,0.000114119,8.611085e-05,0.001765966,0.001767803,0.001565,0.001558,0,0,1.524e-23,8.299e-24
step32,32,MLP_IN,v,residual,1024,spike,786432,0.0005283419,0.0005114576,0.001761119,0.001762931,0.002026562,0.001778376,0.001923697,0.001565,0.001536,0,0,1.524e-23,1.178e-24
step32,32,MLP_IN,v,residual,1024,32-64,786432,0.0005519889,0.0005363726,0.001027425,0.0007102052,0.0009272682,0.001725878,0.001864297,0.001565,0.001536,0,0,1.524e-23,1.178e-24
step32,32,MLP_IN,v,residual,1024,64-128,1572864,0.001055229,0.0008601339,0.001389186,0.0003433685,0.0006123474,0.001736868,0.001789729,0.001565,0.001536,0,0,1.524e-23,1.178e-24
step32,32,MLP_IN,v,residual,1024,128-256,3145728,0.0002910001,0.000219324,0.0005741119,0.0005996409,0.000354788,0.001738912,0.001766931,0.001565,0.001536,0,0,1.524e-23,1.178e-24
step32,32,MLP_IN,v,residual,1024,256-512,6291456,0.0002248691,0.0002486858,0.0003204346,0.0004893326,0.0002444796,0.001740001,0.00173244,0.001565,0.001536,0,0,1.524e-23,1.178e-24
step32,32,MLP_IN,v,residual,1024,512-1024,1.258291e+07,0.0002427651,0.0001920868,0.0001777013,0.0001614554,0.0002632945,0.001739377,0.001783008,0.001565,0.001536,0,0,1.524e-23,1.178e-24
step32,32,MLP_OUT,u,residual,1024,spike,786432,0.001004573,0.001245587,0.002057393,0.001296147,0.001530345,0.001742045,0.001910437,0.001565,0.001536,0,0,1.524e-23,1.178e-24
step32,32,MLP_OUT,u,residual,1024,32-64,786432,0.001110927,0.0008767294,0.002077738,0.001254435,0.001469453,0.00169754,0.001864842,0.001565,0.001536,0,0,1.524e-23,1.178e-24
step32,32,MLP_OUT,u,residual,1024,64-128,1572864,0.0009264305,0.0006628,0.00159963,0.0007913447,0.001042456,0.001748766,0.001872471,0.001565,0.001536,0,0,1.524e-23,1.178e-24
step32,32,MLP_OUT,u,residual,1024,128-256,3145728,0.0004925115,0.0002517913,0.0005060832,0.0003251672,0.0002814668,0.001772926,0.001780873,0.001565,0.001536,0,0,1.524e-23,1.178e-24
step32,32,MLP_OUT,u,residual,1024,256-512,6291456,0.0004190424,0.0002797553,0.0005774498,0.0002920809,0.0003348294,0.001759189,0.001773289,0.001565,0.001536,0,0,1.524e-23,1.178e-24
step32,32,MLP_OUT,u,residual,1024,512-1024,1.258291e+07,0.0003525876,0.0001014766,0.0004429817,0.0001499262,0.0003620572,0.001734972,0.001769838,0.001565,0.001536,0,0,1.524e-23,1.178e-24
step32,32,MLP_OUT,v,hidden,4096,spike,3145728,0.0002982279,0.0003654429,0.001241684,0.001096453,0.001163668,0.001767976,0.001839365,0.001565,0.001558,0,0,1.524e-23,8.299e-24
step32,32,MLP_OUT,v,hidden,4096,32-64,3145728,0.0003181117,0.0003792919,0.0007972717,0.0008233846,0.0008905995,0.001781872,0.001879874,0.001565,0.001558,0,0,1.524e-23,8.299e-24
step32,32,MLP_OUT,v,hidden,4096,64-128,6291456,0.0002964454,0.0003506174,0.0008665721,0.0007192195,0.0007851502,0.001761732,0.001812867,0.001565,0.001558,0,0,1.524e-23,8.299e-24
step32,32,MLP_OUT,v,hidden,4096,128-256,1.258291e+07,0.0001541801,0.0001233603,0.0003803571,0.0003290789,0.0003902592,0.001786936,0.001808473,0.001565,0.001558,0,0,1.524e-23,8.299e-24
step32,32,MLP_OUT,v,hidden,4096,256-512,2.516582e+07,0.0001531143,8.71836e-05,0.0002620618,0.0001858048,0.0002336553,0.001767919,0.001785267,0.001565,0.001558,0,0,1.524e-23,8.299e-24
step32,32,MLP_OUT,v,hidden,4096,512-1024,5.033165e+07,8.389379e-05,4.704567e-05,9.719531e-05,7.379684e-05,0.0001075544,0.001765183,0.001773241,0.001565,0.001558,0,0,1.524e-23,8.299e-24
step64,64,Q,u,head,1024,spike,786432,0.001950151,0.00169904,0.002433777,0.001478702,0.00163592,0.001799447,0.001960028,0.001565,0.001536,0,0,1.524e-23,1.178e-24
step64,64,Q,u,head,1024,32-64,786432,0.001685555,0.001421925,0.00308609,0.001465473,0.001679572,0.00176675,0.001868657,0.001565,0.001536,0,0,1.524e-23,1.178e-24
step64,64,Q,u,head,1024,64-128,1572864,0.0008089208,0.0005578097,0.001304626,0.0005549436,0.0008185741,0.00174913,0.001812889,0.001565,0.001536,0,0,1.524e-23,1.178e-24
step64,64,Q,u,head,1024,128-256,3145728,0.0008193011,0.0005556706,0.0008379618,0.0004774666,0.0006868656,0.001755851,0.001777921,0.001565,0.001536,0,0,1.524e-23,1.178e-24
step64,64,Q,u,head,1024,256-512,6291456,0.0002910034,0.0003998444,0.0005528132,0.0004765076,0.0002814125,0.001768703,0.001728875,0.001565,0.001536,0,0,1.524e-23,1.178e-24
step64,64,Q,u,head,1024,512-1024,1.258291e+07,0.0003093238,0.0001514415,0.0002423922,0.000162727,0.0002154439,0.001729454,0.001778341,0.001565,0.001536,0,0,1.524e-23,1.178e-24
step64,64,Q,v,residual,1024,spike,786432,0.0008297915,0.0007123736,0.002438863,0.002090921,0.002354774,0.001706441,0.001936958,0.001565,0.001536,0,0,1.524e-23,1.178e-24
step64,64,Q,v,residual,1024,32-64,786432,0.000386341,0.0005148182,0.001480103,0.001169036,0.001432889,0.001733326,0.001910618,0.001565,0.001536,0,0,1.524e-23,1.178e-24
step64,64,Q,v,residual,1024,64-128,1572864,0.0004636907,0.0005305397,0.000972112,0.0007112722,0.000975125,0.00179209,0.00178991,0.001565,0.001536,0,0,1.524e-23,1.178e-24
step64,64,Q,v,residual,1024,128-256,3145728,0.0004406924,0.0002172427,0.0006198883,0.0003433585,0.0005583764,0.001744361,0.001784597,0.001565,0.001536,0,0,1.524e-23,1.178e-24
step64,64,Q,v,residual,1024,256-512,6291456,0.0003549718,0.0001059642,0.0001824697,0.0004658798,0.000202027,0.001753762,0.001751582,0.001565,0.001536,0,0,1.524e-23,1.178e-24
step64,64,Q,v,residual,1024,512-1024,1.258291e+07,0.000365502,0.000156103,0.0003626347,0.0001776768,0.0003268015,0.001739241,0.001774538,0.001565,0.001536,0,0,1.524e-23,1.178e-24
step64,64,K,u,head,1024,spike,786432,0.0005434995,0.00080713,0.001195272,0.001374147,0.001619,0.001784733,0.001930782,0.001565,0.001536,0,0,1.524e-23,1.178e-24
step64,64,K,u,head,1024,32-64,786432,0.0007140199,0.0009290378,0.001477559,0.00116561,0.001410463,0.001758757,0.001857758,0.001565,0.001536,0,0,1.524e-23,1.178e-24
step64,64,K,u,head,1024,64-128,1572864,0.0007046677,0.0009495206,0.0007120768,0.0006751951,0.0008845941,0.001780737,0.001809801,0.001565,0.001536,0,0,1.524e-23,1.178e-24
step64,64,K,u,head,1024,128-256,3145728,0.0002637008,0.0003302929,0.0002762477,0.0002011411,0.0003156451,0.001740047,0.001782372,0.001565,0.001536,0,0,1.524e-23,1.178e-24
step64,64,K,u,head,1024,256-512,6291456,0.0003720462,0.000278761,0.0002179146,0.0002825664,0.0003036015,0.001761664,0.001736845,0.001565,0.001536,0,0,1.524e-23,1.178e-24
step64,64,K,u,head,1024,512-1024,1.258291e+07,0.0003823323,0.0001872372,0.0004073779,0.0002019469,0.0003012058,0.001746734,0.001770678,0.001565,0.001536,0,0,1.524e-23,1.178e-24
step64,64,K,v,residual,1024,spike,786432,0.000718573,0.0006342997,0.001981099,0.001371377,0.001580776,0.001782372,0.00192842,0.001565,0.001536,0,0,1.524e-23,1.178e-24
step64,64,K,v,residual,1024,32-64,786432,0.0007529375,0.0009480326,0.001318614,0.0008718786,0.001116732,0.001741682,0.001849765,0.001565,0.001536,0,0,1.524e-23,1.178e-24
step64,64,K,v,residual,1024,64-128,1572864,0.0008428278,0.0005979749,0.001372655,0.0008358405,0.001070038,0.001720519,0.001840501,0.001565,0.001536,0,0,1.524e-23,1.178e-24
step64,64,K,v,residual,1024,128-256,3145728,0.0005001906,0.0003074931,0.0004688899,0.0003864069,0.0002374686,0.001733099,0.001761436,0.001565,0.001536,0,0,1.524e-23,1.178e-24
step64,64,K,v,residual,1024,256-512,6291456,0.000261913,0.0001537157,0.0002654394,0.0002769384,0.0002227356,0.001765138,0.001773039,0.001565,0.001536,0,0,1.524e-23,1.178e-24
step64,64,K,v,residual,1024,512-1024,1.258291e+07,0.0002847747,0.0003734466,0.0003157457,0.0001313226,0.0003824337,0.001762663,0.001765524,0.001565,0.001536,0,0,1.524e-23,1.178e-24
step64,64,V,u,head,1024,spike,786432,0.001036541,0.001211992,0.001996358,0.002012048,0.002263159,0.001817067,0.001984914,0.001565,0.001536,0,0,1.524e-23,1.178e-24
step64,64,V,u,head,1024,32-64,786432,0.0009334587,0.00077624,0.00155131,0.0009872759,0.001250906,0.001715887,0.001829057,0.001565,0.001536,0,0,1.524e-23,1.178e-24
step64,64,V,u,head,1024,64-128,1572864,0.0005874176,0.0003184387,0.001321157,0.0008922236,0.001137077,0.001735415,0.001850219,0.001565,0.001536,0,0,1.524e-23,1.178e-24
step64,64,V,u,head,1024,128-256,3145728,0.0005394975,0.000382771,0.000614802,0.0003184296,0.0005632825,0.001712663,0.001759211,0.001565,0.001536,0,0,1.524e-23,1.178e-24
step64,64,V,u,head,1024,256-512,6291456,0.0005557975,0.0003407796,0.000377814,0.0002342219,0.000123017,0.001721586,0.001766386,0.001565,0.001536,0,0,1.524e-23,1.178e-24
step64,64,V,u,head,1024,512-1024,1.258291e+07,0.0004159275,0.0001648164,0.0003259977,0.0001842363,0.0002063426,0.001751253,0.001769441,0.001565,0.001536,0,0,1.524e-23,1.178e-24
step64,64,V,v,residual,1024,spike,786432,0.0004706399,0.0004855722,0.00134786,0.001555981,0.001800834,0.001736051,0.001920428,0.001565,0.001536,0,0,1.524e-23,1.178e-24
step64,64,V,v,residual,1024,32-64,786432,0.0006425562,0.0005160441,0.001552582,0.001131864,0.001326959,0.001780737,0.001816341,0.001565,0.001536,0,0,1.524e-23,1.178e-24
step64,64,V,v,residual,1024,64-128,1572864,0.0002944969,0.0005408231,0.0009117126,0.001014505,0.001265616,0.00177447,0.001821972,0.001565,0.001536,0,0,1.524e-23,1.178e-24
step64,64,V,v,residual,1024,128-256,3145728,0.000310113,0.0002699328,0.0003938675,0.0002748055,0.0003474342,0.001755442,0.001771382,0.001565,0.001536,0,0,1.524e-23,1.178e-24
step64,64,V,v,residual,1024,256-512,6291456,0.0004030962,0.0001965212,0.0002269745,0.0004192347,0.0001556042,0.001732576,0.001739071,0.001565,0.001536,0,0,1.524e-23,1.178e-24
step64,64,V,v,residual,1024,512-1024,1.258291e+07,0.0003377159,0.0001809894,0.0003623168,0.0002009308,0.0003084432,0.001739468,0.001755805,0.001565,0.001536,0,0,1.524e-23,1.178e-24
step64,64,O,u,residual,1024,spike,786432,0.0005504586,0.0007076773,0.001223246,0.00143877,0.001648169,0.001740774,0.001920064,0.001565,0.001536,0,0,1.524e-23,1.178e-24
step64,64,O,u,residual,1024,32-64,786432,0.0007074124,0.0009416097,0.0009714762,0.000484051,0.000728904,0.001795632,0.001800537,0.001565,0.001536,0,0,1.524e-23,1.178e-24
step64,64,O,u,residual,1024,64-128,1572864,0.0004284719,0.0003141398,0.001045227,0.0007909496,0.001005968,0.001756032,0.001835051,0.001565,0.001536,0,0,1.524e-23,1.178e-24
step64,64,O,u,residual,1024,128-256,3145728,0.0003677547,0.0002753449,0.0005197525,0.0004284148,0.0006038658,0.001745496,0.001768385,0.001565,0.001536,0,0,1.524e-23,1.178e-24
step64,64,O,u,residual,1024,256-512,6291456,0.0006726226,0.0004576047,0.0005292892,0.0005752344,0.0003113817,0.001742204,0.001736709,0.001565,0.001536,0,0,1.524e-23,1.178e-24
step64,64,O,u,residual,1024,512-1024,1.258291e+07,0.000317589,7.518139e-05,0.0001994769,0.0003310903,0.0001670684,0.001744395,0.001744577,0.001565,0.001536,0,0,1.524e-23,1.178e-24
step64,64,O,v,head,1024,spike,786432,0.0004506013,0.000714454,0.002028147,0.002062525,0.002331504,0.001690637,0.001918429,0.001565,0.001536,0,0,1.524e-23,1.178e-24
step64,64,O,v,head,1024,32-64,786432,0.0003689158,0.000294689,0.001622518,0.001560633,0.00179483,0.001731146,0.001854669,0.001565,0.001536,0,0,1.524e-23,1.178e-24
step64,64,O,v,head,1024,64-128,1572864,0.0005970358,0.0004403094,0.001543045,0.0009795726,0.001246223,0.001712708,0.001830964,0.001565,0.001536,0,0,1.524e-23,1.178e-24
step64,64,O,v,head,1024,128-256,3145728,0.0002621113,0.0002638651,0.0005261103,0.0004791663,0.0007133636,0.001727876,0.001762526,0.001565,0.001536,0,0,1.524e-23,1.178e-24
step64,64,O,v,head,1024,256-512,6291456,0.0002614756,0.0002261834,0.0003037453,0.0004381676,0.0002443148,0.001748199,0.001741318,0.001565,0.001536,0,0,1.524e-23,1.178e-24
step64,64,O,v,head,1024,512-1024,1.258291e+07,0.0003577411,9.199585e-05,0.0002431075,0.0001481834,0.0002078145,0.001753977,0.001781498,0.001565,0.001536,0,0,1.524e-23,1.178e-24
step64,64,MLP_IN,u,hidden,4096,spike,3145728,0.0002455595,0.0002535393,0.001562436,0.001373832,0.001439713,0.001760664,0.001877739,0.001565,0.001558,0,0,1.524e-23,8.299e-24
step64,64,MLP_IN,u,hidden,4096,32-64,3145728,0.0005691233,0.0005079431,0.001071612,0.0006101828,0.0006761135,0.001729738,0.001825968,0.001565,0.001558,0,0,1.524e-23,8.299e-24
step64,64,MLP_IN,u,hidden,4096,64-128,6291456,0.0003071963,0.0002399814,0.0008824666,0.0006500996,0.0006988596,0.001772313,0.001847244,0.001565,0.001558,0,0,1.524e-23,8.299e-24
step64,64,MLP_IN,u,hidden,4096,128-256,1.258291e+07,0.000159707,0.0001174236,0.0004748503,0.0003402691,0.000407484,0.001771098,0.001824243,0.001565,0.001558,0,0,1.524e-23,8.299e-24
step64,64,MLP_IN,u,hidden,4096,256-512,2.516582e+07,9.049336e-05,0.0001176973,0.0001585484,0.0001542864,0.0001935714,0.001766318,0.001788622,0.001565,0.001558,0,0,1.524e-23,8.299e-24
step64,64,MLP_IN,u,hidden,4096,512-1024,5.033165e+07,7.612899e-05,0.0001017829,0.0001538197,0.0001097275,8.576924e-05,0.00177151,0.001772245,0.001565,0.001558,0,0,1.524e-23,8.299e-24
step64,64,MLP_IN,v,residual,1024,spike,786432,0.0003796573,0.0004636447,0.001374563,0.001037643,0.001306622,0.001774379,0.001876286,0.001565,0.001536,0,0,1.524e-23,1.178e-24
step64,64,MLP_IN,v,residual,1024,32-64,786432,0.0003485384,0.000399996,0.001237233,0.001126192,0.001371045,0.001722245,0.001823425,0.001565,0.001536,0,0,1.524e-23,1.178e-24
step64,64,MLP_IN,v,residual,1024,64-128,1572864,0.001129571,0.0009541201,0.001468023,0.0003825725,0.0006464252,0.001734961,0.001773562,0.001565,0.001536,0,0,1.524e-23,1.178e-24
step64,64,MLP_IN,v,residual,1024,128-256,3145728,0.0002496289,0.0003454837,0.0004177094,0.0002696077,0.0003500882,0.001733144,0.001790001,0.001565,0.001536,0,0,1.524e-23,1.178e-24
step64,64,MLP_IN,v,residual,1024,256-512,6291456,0.0003061755,0.0002227498,0.0002668699,0.0004849318,0.0002898366,0.001741296,0.001735074,0.001565,0.001536,0,0,1.524e-23,1.178e-24
step64,64,MLP_IN,v,residual,1024,512-1024,1.258291e+07,0.0002110158,0.0001858573,0.0003538132,0.000191009,0.0004152387,0.001741125,0.001783984,0.001565,0.001536,0,0,1.524e-23,1.178e-24
step64,64,MLP_OUT,u,residual,1024,spike,786432,0.0007163134,0.0009505106,0.001130422,0.001408941,0.00167792,0.001760392,0.00193714,0.001565,0.001536,0,0,1.524e-23,1.178e-24
step64,64,MLP_OUT,u,residual,1024,32-64,786432,0.000858949,0.00064955,0.001789093,0.001150036,0.001413667,0.001695179,0.001897176,0.001565,0.001536,0,0,1.524e-23,1.178e-24
step64,64,MLP_OUT,u,residual,1024,64-128,1572864,0.0004114275,0.0003882352,0.0007801056,0.0005415921,0.0008052227,0.001775287,0.001820156,0.001565,0.001536,0,0,1.524e-23,1.178e-24
step64,64,MLP_OUT,u,residual,1024,128-256,3145728,0.0007207628,0.0005453117,0.0005337397,0.0004107515,0.000254025,0.001758893,0.001733825,0.001565,0.001536,0,0,1.524e-23,1.178e-24
step64,64,MLP_OUT,u,residual,1024,256-512,6291456,0.0004998727,0.0003047775,0.0004177094,0.0002573394,0.0002820582,0.001743839,0.001724606,0.001565,0.001536,0,0,1.524e-23,1.178e-24
step64,64,MLP_OUT,u,residual,1024,512-1024,1.258291e+07,0.0003562155,0.0001593133,0.0003918012,0.0001202488,0.0003051,0.001738071,0.001784597,0.001565,0.001536,0,0,1.524e-23,1.178e-24
step64,64,MLP_OUT,v,hidden,4096,spike,3145728,0.0003292898,0.0002700696,0.00107638,0.0008899272,0.0009558579,0.001761527,0.001851173,0.001565,0.001558,0,0,1.524e-23,8.299e-24
step64,64,MLP_OUT,v,hidden,4096,32-64,3145728,0.0002883565,0.0003068509,0.0007610321,0.0007042335,0.0007627636,0.001784007,0.001868929,0.001565,0.001558,0,0,1.524e-23,8.299e-24
step64,64,MLP_OUT,v,hidden,4096,64-128,6291456,0.0003967835,0.0003382534,0.001002471,0.0006926394,0.0007553946,0.00178051,0.001817226,0.001565,0.001558,0,0,1.524e-23,8.299e-24
step64,64,MLP_OUT,v,hidden,4096,128-256,1.258291e+07,0.0001614987,0.0001096801,0.000568072,0.0004065733,0.000472504,0.001763809,0.00180694,0.001565,0.001558,0,0,1.524e-23,8.299e-24
step64,64,MLP_OUT,v,hidden,4096,256-512,2.516582e+07,0.0001362382,0.0001021644,0.0003950596,0.0003083051,0.0003742358,0.001768589,0.001795791,0.001565,0.001558,0,0,1.524e-23,8.299e-24
step64,64,MLP_OUT,v,hidden,4096,512-1024,5.033165e+07,8.567453e-05,7.423446e-05,0.0001081427,7.932023e-05,0.0001191349,0.001771413,0.001767258,0.001565,0.001558,0,0,1.524e-23,8.299e-24
step128,128,Q,u,head,1024,spike,786432,0.0009827498,0.0008020698,0.002782186,0.001858298,0.002121929,0.001786005,0.00187447,0.001565,0.001536,0,0,1.524e-23,1.178e-24
step128,128,Q,u,head,1024,32-64,786432,0.001011129,0.0009152737,0.002155304,0.001782093,0.002003822,0.001699902,0.001978556,0.001565,0.001536,0,0,1.524e-23,1.178e-24
step128,128,Q,u,head,1024,64-128,1572864,0.0006662547,0.0003972758,0.001454671,0.0008434789,0.00109459,0.001784643,0.00180744,0.001565,0.001536,0,0,1.524e-23,1.178e-24
step128,128,Q,u,head,1024,128-256,3145728,0.0007777674,0.0005266564,0.0004905065,0.0004496458,0.0002584967,0.001762072,0.00176507,0.001565,0.001536,0,0,1.524e-23,1.178e-24
step128,128,Q,u,head,1024,256-512,6291456,0.000325249,0.0002143114,0.0003840129,0.0005412562,0.0002901451,0.001768589,0.001742386,0.001565,0.001536,0,0,1.524e-23,1.178e-24
step128,128,Q,u,head,1024,512-1024,1.258291e+07,0.0002564743,8.819655e-05,0.0002875328,0.0001759989,0.0003057023,0.001738389,0.001779886,0.001565,0.001536,0,0,1.524e-23,1.178e-24
step128,128,Q,v,residual,1024,spike,786432,0.0006490986,0.000442725,0.002117157,0.001759006,0.002010117,0.00172388,0.001942952,0.001565,0.001536,0,0,1.524e-23,1.178e-24
step128,128,Q,v,residual,1024,32-64,786432,0.0004241621,0.0003338745,0.001543681,0.001149366,0.001306585,0.00176893,0.00187011,0.001565,0.001536,0,0,1.524e-23,1.178e-24
step128,128,Q,v,residual,1024,64-128,1572864,0.0004234671,0.0004109273,0.0006300608,0.0005537606,0.0007631595,0.001754125,0.001887458,0.001565,0.001536,0,0,1.524e-23,1.178e-24
step128,128,Q,v,residual,1024,128-256,3145728,0.0006281077,0.0003591288,0.0006965001,0.0001782077,0.0004130929,0.001743317,0.001768793,0.001565,0.001536,0,0,1.524e-23,1.178e-24
step128,128,Q,v,residual,1024,256-512,6291456,0.0004675144,0.0002333171,0.0003608068,0.0007005288,0.0004783956,0.001754874,0.001776922,0.001565,0.001536,0,0,1.524e-23,1.178e-24
step128,128,Q,v,residual,1024,512-1024,1.258291e+07,0.0003194513,0.0001622327,0.0002619425,0.0002252324,0.0003106746,0.001737799,0.001768192,0.001565,0.001536,0,0,1.524e-23,1.178e-24
step128,128,K,u,head,1024,spike,786432,0.0005556385,0.000712365,0.002250671,0.002073119,0.002336972,0.001768566,0.001982371,0.001565,0.001536,0,0,1.524e-23,1.178e-24
step128,128,K,u,head,1024,32-64,786432,0.0007018652,0.0007690691,0.00113678,0.0009481725,0.001193025,0.001706623,0.001852126,0.001565,0.001536,0,0,1.524e-23,1.178e-24
step128,128,K,u,head,1024,64-128,1572864,0.0003644742,0.0005595693,0.0008195241,0.0007783688,0.0009896858,0.001744043,0.001805896,0.001565,0.001536,0,0,1.524e-23,1.178e-24
step128,128,K,u,head,1024,128-256,3145728,0.0003908574,0.0002672238,0.0004533132,0.0003257348,0.0003954606,0.001756305,0.001794134,0.001565,0.001536,0,0,1.524e-23,1.178e-24
step128,128,K,u,head,1024,256-512,6291456,0.0003692408,0.0002032555,0.000556469,0.0006473402,0.0003786779,0.001740615,0.00173932,0.001565,0.001536,0,0,1.524e-23,1.178e-24
step128,128,K,u,head,1024,512-1024,1.258291e+07,0.0001731256,0.0002312661,0.0001192888,0.0001279179,0.0002422944,0.001742715,0.001762288,0.001565,0.001536,0,0,1.524e-23,1.178e-24
step128,128,K,v,residual,1024,spike,786432,0.0006635423,0.0004880913,0.0018514,0.001422151,0.001685782,0.001753852,0.001979465,0.001565,0.001536,0,0,1.524e-23,1.178e-24
step128,128,K,v,residual,1024,32-64,786432,0.0008457618,0.001052236,0.00157547,0.001302939,0.001547792,0.00178764,0.001913888,0.001565,0.001536,0,0,1.524e-23,1.178e-24
step128,128,K,v,residual,1024,64-128,1572864,0.0006279332,0.0005811208,0.001253764,0.000963752,0.001227383,0.001726514,0.001859756,0.001565,0.001536,0,0,1.524e-23,1.178e-24
step128,128,K,v,residual,1024,128-256,3145728,0.0006118371,0.0003776398,0.0008640289,0.0002806692,0.0004863891,0.001751945,0.001785596,0.001565,0.001536,0,0,1.524e-23,1.178e-24
step128,128,K,v,residual,1024,256-512,6291456,0.0003422562,0.0002768764,0.0004364649,0.0003764811,0.0003917651,0.001765842,0.001767658,0.001565,0.001536,0,0,1.524e-23,1.178e-24
step128,128,K,v,residual,1024,512-1024,1.258291e+07,0.000226039,0.0002196794,0.0002520879,0.0002027416,0.0001967785,0.001747097,0.001755726,0.001565,0.001536,0,0,1.524e-23,1.178e-24
step128,128,V,u,head,1024,spike,786432,0.0006919023,0.0009128183,0.001876831,0.001789949,0.002034802,0.001793998,0.001905895,0.001565,0.001536,0,0,1.524e-23,1.178e-24
step128,128,V,u,head,1024,32-64,786432,0.001138181,0.0009809621,0.001181285,0.0008377231,0.0009026267,0.001726968,0.001914615,0.001565,0.001536,0,0,1.524e-23,1.178e-24
step128,128,V,u,head,1024,64-128,1572864,0.0007143997,0.0004695468,0.001448313,0.000735432,0.0009992847,0.00171843,0.001801082,0.001565,0.001536,0,0,1.524e-23,1.178e-24
step128,128,V,u,head,1024,128-256,3145728,0.0006411513,0.0004261334,0.0008592606,0.0003926417,0.0006616206,0.001721791,0.001779602,0.001565,0.001536,0,0,1.524e-23,1.178e-24
step128,128,V,u,head,1024,256-512,6291456,0.0004954695,0.0003387431,0.0005408923,0.0002620135,0.0003056441,0.001723744,0.001753671,0.001565,0.001536,0,0,1.524e-23,1.178e-24
step128,128,V,u,head,1024,512-1024,1.258291e+07,0.0003462516,0.0001511565,0.0002403259,0.0002646151,0.000178664,0.001755056,0.001754114,0.001565,0.001536,0,0,1.524e-23,1.178e-24
step128,128,V,v,residual,1024,spike,786432,0.0004313497,0.0004787597,0.001716614,0.001961176,0.002195373,0.001773471,0.001892271,0.001565,0.001536,0,0,1.524e-23,1.178e-24
step128,128,V,v,residual,1024,32-64,786432,0.0006149708,0.000456264,0.001588186,0.001284496,0.001465801,0.001751309,0.001908802,0.001565,0.001536,0,0,1.524e-23,1.178e-24
step128,128,V,v,residual,1024,64-128,1572864,0.0005984867,0.0007739377,0.000855128,0.0007095274,0.0009189263,0.0017613,0.001822608,0.001565,0.001536,0,0,1.524e-23,1.178e-24
step128,128,V,v,residual,1024,128-256,3145728,0.000362565,0.0003881157,0.0006128947,0.0003509879,0.0005141824,0.0017618,0.001785006,0.001565,0.001536,0,0,1.524e-23,1.178e-24
step128,128,V,v,residual,1024,256-512,6291456,0.0003403642,0.0002387295,0.0004105568,0.0004505654,0.0001815864,0.001738094,0.001740138,0.001565,0.001536,0,0,1.524e-23,1.178e-24
step128,128,V,v,residual,1024,512-1024,1.258291e+07,0.000397936,0.0001504906,0.0004122257,0.0001449289,0.0002779203,0.001748028,0.001770519,0.001565,0.001536,0,0,1.524e-23,1.178e-24
step128,128,O,u,residual,1024,spike,786432,0.0009258616,0.000802553,0.002337138,0.001769419,0.001984437,0.001841046,0.001925696,0.001565,0.001536,0,0,1.524e-23,1.178e-24
step128,128,O,u,residual,1024,32-64,786432,0.0005775059,0.0007529569,0.001430511,0.001282368,0.001491767,0.001757486,0.001949492,0.001565,0.001536,0,0,1.524e-23,1.178e-24
step128,128,O,u,residual,1024,64-128,1572864,0.0004639931,0.000489567,0.0009676615,0.0008702919,0.001133922,0.001771109,0.001833325,0.001565,0.001536,0,0,1.524e-23,1.178e-24
step128,128,O,u,residual,1024,128-256,3145728,0.0003668824,0.0005819003,0.0004796982,0.0004161656,0.0006851446,0.001739411,0.001804851,0.001565,0.001536,0,0,1.524e-23,1.178e-24
step128,128,O,u,residual,1024,256-512,6291456,0.000240757,0.0002683901,0.0003067652,0.0002189524,0.000336452,0.00175417,0.001765297,0.001565,0.001536,0,0,1.524e-23,1.178e-24
step128,128,O,u,residual,1024,512-1024,1.258291e+07,0.0003220339,6.569705e-05,0.0002701283,0.0001053353,0.0002813923,0.001728716,0.00177061,0.001565,0.001536,0,0,1.524e-23,1.178e-24
step128,128,O,v,head,1024,spike,786432,0.0007050895,0.0004956906,0.00288264,0.002478327,0.002747306,0.001743498,0.002015977,0.001565,0.001536,0,0,1.524e-23,1.178e-24
step128,128,O,v,head,1024,32-64,786432,0.001051118,0.0007872652,0.002473195,0.001540297,0.001791408,0.00176457,0.001946767,0.001565,0.001536,0,0,1.524e-23,1.178e-24
step128,128,O,v,head,1024,64-128,1572864,0.0004564464,0.0004966268,0.001338323,0.0009229518,0.001174063,0.001705533,0.001822517,0.001565,0.001536,0,0,1.524e-23,1.178e-24
step128,128,O,v,head,1024,128-256,3145728,0.0006130997,0.0003619886,0.000691096,0.0002539889,0.0004633879,0.001751673,0.001772744,0.001565,0.001536,0,0,1.524e-23,1.178e-24
step128,128,O,v,head,1024,256-512,6291456,0.0002007127,0.000244547,0.0003069242,0.0003471835,0.000163332,0.001751718,0.001752286,0.001565,0.001536,0,0,1.524e-23,1.178e-24
step128,128,O,v,head,1024,512-1024,1.258291e+07,0.0002970515,0.0001577645,0.0002965927,0.0001651545,0.0002429995,0.001745235,0.001773562,0.001565,0.001536,0,0,1.524e-23,1.178e-24
step128,128,MLP_IN,u,hidden,4096,spike,3145728,0.0003318329,0.000264618,0.001212756,0.0008809229,0.0009481379,0.00175912,0.001855896,0.001565,0.001558,0,0,1.524e-23,8.299e-24
step128,128,MLP_IN,u,hidden,4096,32-64,3145728,0.0006694437,0.0006157055,0.00129509,0.0006581844,0.0007241151,0.001714479,0.001841227,0.001565,0.001558,0,0,1.524e-23,8.299e-24
step128,128,MLP_IN,u,hidden,4096,64-128,6291456,0.0002104504,0.0001783874,0.0007939339,0.0006345571,0.000701772,0.001786777,0.001829533,0.001565,0.001558,0,0,1.524e-23,8.299e-24
step128,128,MLP_IN,u,hidden,4096,128-256,1.258291e+07,0.0001512549,0.0001860681,0.0004279613,0.0004155752,0.000475524,0.001771734,0.001809563,0.001565,0.001558,0,0,1.524e-23,8.299e-24
step128,128,MLP_IN,u,hidden,4096,256-512,2.516582e+07,0.0001438021,0.0001290111,0.000326554,0.0002827888,0.0003486702,0.001770888,0.001800753,0.001565,0.001558,0,0,1.524e-23,8.299e-24
step128,128,MLP_IN,u,hidden,4096,512-1024,5.033165e+07,0.0001102948,6.532484e-05,7.794301e-05,9.667413e-05,8.053359e-05,0.001759052,0.001771853,0.001565,0.001558,0,0,1.524e-23,8.299e-24
step128,128,MLP_IN,v,residual,1024,spike,786432,0.0006963872,0.0004452762,0.001696269,0.001216246,0.001425645,0.001803807,0.001899538,0.001565,0.001536,0,0,1.524e-23,1.178e-24
step128,128,MLP_IN,v,residual,1024,32-64,786432,0.0005263892,0.000594616,0.0009015401,0.0009210354,0.001155233,0.001757486,0.00186575,0.001565,0.001536,0,0,1.524e-23,1.178e-24
step128,128,MLP_IN,v,residual,1024,64-128,1572864,0.00111443,0.0009751428,0.001305898,0.0002867738,0.0005017917,0.001722245,0.001818521,0.001565,0.001536,0,0,1.524e-23,1.178e-24
step128,128,MLP_IN,v,residual,1024,128-256,3145728,0.0004572255,0.000386493,0.0003449122,0.0003569564,0.0002986857,0.001724425,0.001783734,0.001565,0.001536,0,0,1.524e-23,1.178e-24
step128,128,MLP_IN,v,residual,1024,256-512,6291456,0.0003428558,0.0001716722,0.000298818,0.0004491349,0.0002450274,0.001741886,0.001766182,0.001565,0.001536,0,0,1.524e-23,1.178e-24
step128,128,MLP_IN,v,residual,1024,512-1024,1.258291e+07,0.000269031,0.0001432031,0.0002017021,0.0002011278,0.000263859,0.001740717,0.001765387,0.001565,0.001536,0,0,1.524e-23,1.178e-24
step128,128,MLP_OUT,u,residual,1024,spike,786432,0.001008513,0.0008852048,0.001584371,0.001457755,0.001721386,0.001815978,0.001925332,0.001565,0.001536,0,0,1.524e-23,1.178e-24
step128,128,MLP_OUT,u,residual,1024,32-64,786432,0.0007876375,0.0006483504,0.001204173,0.0008524874,0.0008691661,0.001677922,0.00186575,0.001565,0.001536,0,0,1.524e-23,1.178e-24
step128,128,MLP_OUT,u,residual,1024,64-128,1572864,0.000817571,0.0005485921,0.001179377,0.0005033712,0.000767224,0.001752308,0.001806895,0.001565,0.001536,0,0,1.524e-23,1.178e-24
step128,128,MLP_OUT,u,residual,1024,128-256,3145728,0.0005964001,0.0004396736,0.0004084905,0.0003215932,0.0004670334,0.001763707,0.001761936,0.001565,0.001536,0,0,1.524e-23,1.178e-24
step128,128,MLP_OUT,u,residual,1024,256-512,6291456,0.0002572874,0.0001407099,0.0003225009,0.0003370598,0.0003215782,0.001753625,0.001730556,0.001565,0.001536,0,0,1.524e-23,1.178e-24
step128,128,MLP_OUT,u,residual,1024,512-1024,1.258291e+07,0.0004051964,0.0001932283,0.0003722509,0.0003157794,0.000275673,0.001739445,0.001753659,0.001565,0.001536,0,0,1.524e-23,1.178e-24
step128,128,MLP_OUT,v,hidden,4096,spike,3145728,0.0001908388,0.0002493689,0.0007559458,0.0008109347,0.0008632551,0.001762663,0.001865614,0.001565,0.001558,0,0,1.524e-23,8.299e-24
step128,128,MLP_OUT,v,hidden,4096,32-64,3145728,0.0002455097,0.0002951889,0.0007607142,0.0009331605,0.0009990912,0.001747358,0.001891954,0.001565,0.001558,0,0,1.524e-23,8.299e-24
step128,128,MLP_OUT,v,hidden,4096,64-128,6291456,0.000285937,0.0003382574,0.0006440481,0.0005706764,0.0006318567,0.001776309,0.001824084,0.001565,0.001558,0,0,1.524e-23,8.299e-24
step128,128,MLP_OUT,v,hidden,4096,128-256,1.258291e+07,9.810324e-05,7.67469e-05,0.0004195372,0.000340523,0.0004017033,0.001780033,0.001813798,0.001565,0.001558,0,0,1.524e-23,8.299e-24
step128,128,MLP_OUT,v,hidden,4096,256-512,2.516582e+07,9.772174e-05,4.214191e-05,0.0003207127,0.0002498687,0.0003170836,0.001760585,0.001803801,0.001565,0.001558,0,0,1.524e-23,8.299e-24
step128,128,MLP_OUT,v,hidden,4096,512-1024,5.033165e+07,0.0001334249,6.74942e-05,0.0001073877,0.0001065416,7.350997e-05,0.0017682,0.001775708,0.001565,0.001558,0,0,1.524e-23,8.299e-24
step256,256,Q,u,head,1024,spike,786432,0.0008705556,0.0006226573,0.002154032,0.001714927,0.00195978,0.001756214,0.00194931,0.001565,0.001536,0,0,1.524e-23,1.178e-24
step256,256,Q,u,head,1024,32-64,786432,0.001001322,0.0007863044,0.001627604,0.001381461,0.001645092,0.001736596,0.001961663,0.001565,0.001536,0,0,1.524e-23,1.178e-24
step256,256,Q,u,head,1024,64-128,1572864,0.0006336605,0.0004582095,0.001837413,0.001271027,0.001480897,0.001767113,0.001823698,0.001565,0.001536,0,0,1.524e-23,1.178e-24
step256,256,Q,u,head,1024,128-256,3145728,0.0003356997,0.0003681219,0.000462532,0.0003238523,0.0002589487,0.001755215,0.001783008,0.001565,0.001536,0,0,1.524e-23,1.178e-24
step256,256,Q,u,head,1024,256-512,6291456,0.0002038883,0.0003615945,0.0004043579,0.0003097395,0.0001401444,0.001757667,0.001741773,0.001565,0.001536,0,0,1.524e-23,1.178e-24
step256,256,Q,u,head,1024,512-1024,1.258291e+07,0.0004337727,0.0002199023,0.000402689,0.0002539836,0.0002666351,0.001742863,0.001750276,0.001565,0.001536,0,0,1.524e-23,1.178e-24
step256,256,Q,v,residual,1024,spike,786432,0.0008053167,0.0005604637,0.001862844,0.001285015,0.001434098,0.001698994,0.001891908,0.001565,0.001536,0,0,1.524e-23,1.178e-24
step256,256,Q,v,residual,1024,32-64,786432,0.001007811,0.0007441802,0.002096812,0.001299125,0.001543978,0.001758212,0.001892271,0.001565,0.001536,0,0,1.524e-23,1.178e-24
step256,256,Q,v,residual,1024,64-128,1572864,0.0004151305,0.0005735565,0.0009466807,0.0006612599,0.0009302389,0.001735051,0.001848039,0.001565,0.001536,0,0,1.524e-23,1.178e-24
step256,256,Q,v,residual,1024,128-256,3145728,0.0004562719,0.0002114189,0.0002555847,0.0004400594,0.0001994408,0.001733371,0.001769611,0.001565,0.001536,0,0,1.524e-23,1.178e-24
step256,256,Q,v,residual,1024,256-512,6291456,0.0002888142,0.0001512083,0.0002846718,0.0002157354,0.0003078418,0.001750787,0.001755964,0.001565,0.001536,0,0,1.524e-23,1.178e-24
step256,256,Q,v,residual,1024,512-1024,1.258291e+07,0.000464791,0.0001958121,0.0002535184,0.0003363629,0.0001976205,0.001744429,0.001765115,0.001565,0.001536,0,0,1.524e-23,1.178e-24
step256,256,K,u,head,1024,spike,786432,0.0005054117,0.0005902266,0.003042857,0.002894514,0.003145626,0.001790365,0.001903716,0.001565,0.001536,0,0,1.524e-23,1.178e-24
step256,256,K,u,head,1024,32-64,786432,0.0007160533,0.0005927447,0.001609802,0.001379695,0.001648674,0.001727695,0.00185031,0.001565,0.001536,0,0,1.524e-23,1.178e-24
step256,256,K,u,head,1024,64-128,1572864,0.001071508,0.0008373108,0.001109441,0.0004194479,0.0006833006,0.001728058,0.001809983,0.001565,0.001536,0,0,1.524e-23,1.178e-24
step256,256,K,u,head,1024,128-256,3145728,0.0004318654,0.0002601156,0.0003054937,0.0004328552,0.0002793635,0.001774243,0.001789502,0.001565,0.001536,0,0,1.524e-23,1.178e-24
step256,256,K,u,head,1024,256-512,6291456,0.0002547963,0.0003430852,0.000295639,0.0001941767,0.0004283739,0.001739457,0.001764638,0.001565,0.001536,0,0,1.524e-23,1.178e-24
step256,256,K,u,head,1024,512-1024,1.258291e+07,0.0003149052,0.0002411207,0.0002996922,0.0002721829,0.0001484119,0.001756486,0.001763877,0.001565,0.001536,0,0,1.524e-23,1.178e-24
step256,256,K,v,residual,1024,spike,786432,0.0007140199,0.0009290378,0.001734416,0.001245294,0.001496405,0.001753489,0.001883552,0.001565,0.001536,0,0,1.524e-23,1.178e-24
step256,256,K,v,residual,1024,32-64,786432,0.0008233031,0.0006185364,0.002274831,0.0014612,0.001656295,0.001726423,0.001847222,0.001565,0.001536,0,0,1.524e-23,1.178e-24
step256,256,K,v,residual,1024,64-128,1572864,0.000444192,0.0003410763,0.001091639,0.0007146136,0.0009240126,0.001760392,0.001900537,0.001565,0.001536,0,0,1.524e-23,1.178e-24
step256,256,K,v,residual,1024,128-256,3145728,0.0003493169,0.0002836101,0.000474294,0.0002101619,0.0004251799,0.0017712,0.001790319,0.001565,0.001536,0,0,1.524e-23,1.178e-24
step256,256,K,v,residual,1024,256-512,6291456,0.0002881045,0.0001984446,0.0002881686,0.0003378829,0.0001919372,0.001760914,0.001747336,0.001565,0.001536,0,0,1.524e-23,1.178e-24
step256,256,K,v,residual,1024,512-1024,1.258291e+07,0.0004191836,0.0002189167,0.0002129078,0.0002657215,0.0002664514,0.001730953,0.001764252,0.001565,0.001536,0,0,1.524e-23,1.178e-24
step256,256,V,u,head,1024,spike,786432,0.0008737807,0.001049232,0.001753489,0.001784474,0.002048326,0.0017415,0.001954033,0.001565,0.001536,0,0,1.524e-23,1.178e-24
step256,256,V,u,head,1024,32-64,786432,0.001217103,0.001392554,0.001303355,0.001042899,0.00121835,0.001751491,0.001877013,0.001565,0.001536,0,0,1.524e-23,1.178e-24
step256,256,V,u,head,1024,64-128,1572864,0.0004236453,0.0003245441,0.0009937286,0.0007116116,0.0009067068,0.00174804,0.001817522,0.001565,0.001536,0,0,1.524e-23,1.178e-24
step256,256,V,u,head,1024,128-256,3145728,0.0004589313,0.000224734,0.0004800161,0.0002541641,0.0003748449,0.001713707,0.001786187,0.001565,0.001536,0,0,1.524e-23,1.178e-24
step256,256,V,u,head,1024,256-512,6291456,0.0003333155,0.0001630274,0.0003390312,0.0004790167,0.0002216663,0.001727104,0.001752694,0.001565,0.001536,0,0,1.524e-23,1.178e-24
step256,256,V,u,head,1024,512-1024,1.258291e+07,0.0002689005,9.97421e-05,0.0002128283,0.000344628,0.0001574787,0.001751934,0.001747631,0.001565,0.001536,0,0,1.524e-23,1.178e-24
step256,256,V,v,residual,1024,spike,786432,0.0005535529,0.0007877502,0.001942952,0.001923029,0.002160162,0.001817249,0.001986731,0.001565,0.001536,0,0,1.524e-23,1.178e-24
step256,256,V,v,residual,1024,32-64,786432,0.0005475779,0.0003698141,0.001841227,0.001485235,0.001754213,0.001776196,0.001898084,0.001565,0.001536,0,0,1.524e-23,1.178e-24
step256,256,V,v,residual,1024,64-128,1572864,0.0004178782,0.0002583178,0.0007909139,0.000468787,0.0006799734,0.001775015,0.001803716,0.001565,0.001536,0,0,1.524e-23,1.178e-24
step256,256,V,v,residual,1024,128-256,3145728,0.0001953541,0.0003573997,0.0003678004,0.0002421039,0.0004499049,0.001776059,0.001806259,0.001565,0.001536,0,0,1.524e-23,1.178e-24
step256,256,V,v,residual,1024,256-512,6291456,0.000402097,0.000187079,0.0002749761,0.0002744352,0.0002810772,0.001743907,0.001761028,0.001565,0.001536,0,0,1.524e-23,1.178e-24
step256,256,V,v,residual,1024,512-1024,1.258291e+07,0.0001965721,0.0002142691,0.0002106826,0.0002436077,0.0002868787,0.001760892,0.001758632,0.001565,0.001536,0,0,1.524e-23,1.178e-24
step256,256,O,u,residual,1024,spike,786432,0.001006451,0.0007970516,0.002291361,0.001555592,0.001819445,0.001715887,0.001917884,0.001565,0.001536,0,0,1.524e-23,1.178e-24
step256,256,O,u,residual,1024,32-64,786432,0.0006502371,0.0009140898,0.001237233,0.001138222,0.001333317,0.001721882,0.001848857,0.001565,0.001536,0,0,1.524e-23,1.178e-24
step256,256,O,u,residual,1024,64-128,1572864,0.0009022116,0.0007454852,0.001371384,0.001064521,0.001309374,0.001775742,0.001859029,0.001565,0.001536,0,0,1.524e-23,1.178e-24
step256,256,O,u,residual,1024,128-256,3145728,0.0002141459,0.0003147634,0.0004975001,0.000497714,0.0003652361,0.001788775,0.001781872,0.001565,0.001536,0,0,1.524e-23,1.178e-24
step256,256,O,u,residual,1024,256-512,6291456,0.0006772064,0.0004323535,0.0004558563,0.0003386493,0.0001306076,0.001729761,0.001741863,0.001565,0.001536,0,0,1.524e-23,1.178e-24
step256,256,O,u,residual,1024,512-1024,1.258291e+07,0.0003097211,0.0001589023,0.000215292,0.0001960933,0.0001432826,0.001749799,0.001778183,0.001565,0.001536,0,0,1.524e-23,1.178e-24
step256,256,O,v,head,1024,spike,786432,0.001643285,0.001877482,0.001134237,0.001621713,0.001885566,0.001823062,0.001984732,0.001565,0.001536,0,0,1.524e-23,1.178e-24
step256,256,O,v,head,1024,32-64,786432,0.0007856571,0.0005905619,0.001439412,0.0007858734,0.001054852,0.001723153,0.001917158,0.001565,0.001536,0,0,1.524e-23,1.178e-24
step256,256,O,v,head,1024,64-128,1572864,0.0007350599,0.0004714293,0.00146548,0.0007341243,0.0009940502,0.00171843,0.001840137,0.001565,0.001536,0,0,1.524e-23,1.178e-24
step256,256,O,v,head,1024,128-256,3145728,0.000530885,0.000321486,0.0006233851,0.0004451609,0.000696272,0.001712572,0.001780964,0.001565,0.001536,0,0,1.524e-23,1.178e-24
step256,256,O,v,head,1024,256-512,6291456,0.0003178524,0.0004361173,0.0005114873,0.0003993848,0.0002345396,0.001724629,0.001754261,0.001565,0.001536,0,0,1.524e-23,1.178e-24
step256,256,O,v,head,1024,512-1024,1.258291e+07,0.000350678,0.0001696581,0.0002081394,0.000279711,0.0001795222,0.001754318,0.001764218,0.001565,0.001536,0,0,1.524e-23,1.178e-24
step256,256,MLP_IN,u,hidden,4096,spike,3145728,0.0003654622,0.0003166772,0.001491229,0.001125767,0.001188522,0.001782326,0.001865569,0.001565,0.001558,0,0,1.524e-23,8.299e-24
step256,256,MLP_IN,u,hidden,4096,32-64,3145728,0.0005489528,0.0004817378,0.001380285,0.0008647776,0.0009275328,0.001723289,0.001871381,0.001565,0.001558,0,0,1.524e-23,8.299e-24
step256,256,MLP_IN,u,hidden,4096,64-128,6291456,0.000286674,0.0002207926,0.0009698868,0.0006964903,0.000762421,0.001766341,0.001841295,0.001565,0.001558,0,0,1.524e-23,8.299e-24
step256,256,MLP_IN,u,hidden,4096,128-256,1.258291e+07,0.0001259761,0.0001747361,0.0004567305,0.000388668,0.000455883,0.001765512,0.001814649,0.001565,0.001558,0,0,1.524e-23,8.299e-24
step256,256,MLP_IN,u,hidden,4096,256-512,2.516582e+07,7.46613e-05,0.0001042364,0.0001734893,0.0002096395,0.0002755703,0.001766415,0.001790433,0.001565,0.001558,0,0,1.524e-23,8.299e-24
step256,256,MLP_IN,u,hidden,4096,512-1024,5.033165e+07,0.000133481,7.584649e-05,9.298325e-05,0.0001414175,7.553606e-05,0.001760764,0.001765353,0.001565,0.001558,0,0,1.524e-23,8.299e-24
step256,256,MLP_IN,v,residual,1024,spike,786432,0.0004105452,0.0005631377,0.001459757,0.001319044,0.001570156,0.001818884,0.001882099,0.001565,0.001536,0,0,1.524e-23,1.178e-24
step256,256,MLP_IN,v,residual,1024,32-64,786432,0.0005829772,0.0004902395,0.0005455017,0.001128479,0.000913461,0.00171952,0.001780555,0.001565,0.001536,0,0,1.524e-23,1.178e-24
step256,256,MLP_IN,v,residual,1024,64-128,1572864,0.000787333,0.0007023285,0.0008621216,0.0004723804,0.0006817793,0.001731509,0.001794906,0.001565,0.001536,0,0,1.524e-23,1.178e-24
step256,256,MLP_IN,v,residual,1024,128-256,3145728,0.0005366365,0.00037991,0.0003633499,0.0003210767,0.0001891491,0.001714979,0.00176902,0.001565,0.001536,0,0,1.524e-23,1.178e-24
step256,256,MLP_IN,v,residual,1024,256-512,6291456,0.0003355701,0.0001788437,0.0002346039,0.0004519856,0.0002765345,0.001733144,0.001728626,0.001565,0.001536,0,0,1.524e-23,1.178e-24
step256,256,MLP_IN,v,residual,1024,512-1024,1.258291e+07,0.0003650287,0.0002153715,0.0003038247,0.0001337091,0.0002438318,0.001731918,0.001775571,0.001565,0.001536,0,0,1.524e-23,1.178e-24
step256,256,MLP_OUT,u,residual,1024,spike,786432,0.001500017,0.001248906,0.001564026,0.0006656584,0.0008750573,0.001722972,0.001835959,0.001565,0.001536,0,0,1.524e-23,1.178e-24
step256,256,MLP_OUT,u,residual,1024,32-64,786432,0.0006566688,0.0009202994,0.001439412,0.00136079,0.001536241,0.001704443,0.001907712,0.001565,0.001536,0,0,1.524e-23,1.178e-24
step256,256,MLP_OUT,u,residual,1024,64-128,1572864,0.0003866854,0.0003549259,0.0007896423,0.0005927202,0.0007878154,0.001734234,0.001758848,0.001565,0.001536,0,0,1.524e-23,1.178e-24
step256,256,MLP_OUT,u,residual,1024,128-256,3145728,0.0004779958,0.0002268847,0.0009040833,0.0006301583,0.0007725566,0.001725606,0.001747041,0.001565,0.001536,0,0,1.524e-23,1.178e-24
step256,256,MLP_OUT,u,residual,1024,256-512,6291456,0.000499664,0.0002548111,0.0002778371,0.0004672547,0.0002199197,0.001708394,0.001727581,0.001565,0.001536,0,0,1.524e-23,1.178e-24
step256,256,MLP_OUT,u,residual,1024,512-1024,1.258291e+07,0.0003384504,0.0001042867,0.0002530416,0.0002136294,0.0001963082,0.001744463,0.001756237,0.001565,0.001536,0,0,1.524e-23,1.178e-24
step256,256,MLP_OUT,v,hidden,4096,spike,3145728,0.0002460837,0.0002221255,0.001304309,0.001118809,0.00118474,0.001778966,0.001874833,0.001565,0.001558,0,0,1.524e-23,8.299e-24
step256,256,MLP_OUT,v,hidden,4096,32-64,3145728,0.0003478709,0.0002866906,0.001084328,0.0007942057,0.0008569609,0.001780828,0.001846223,0.001565,0.001558,0,0,1.524e-23,8.299e-24
step256,256,MLP_OUT,v,hidden,4096,64-128,6291456,0.0002862514,0.0003521821,0.0008172989,0.0009379288,0.00100386,0.001791409,0.001850196,0.001565,0.001558,0,0,1.524e-23,8.299e-24
step256,256,MLP_OUT,v,hidden,4096,128-256,1.258291e+07,0.0001794399,0.0002453706,0.00041008,0.0005225798,0.0005897948,0.00178672,0.001812855,0.001565,0.001558,0,0,1.524e-23,8.299e-24
step256,256,MLP_OUT,v,hidden,4096,256-512,2.516582e+07,9.91361e-05,0.0001618913,0.0003254016,0.0002651969,0.0003189351,0.001779079,0.001782622,0.001565,0.001558,0,0,1.524e-23,8.299e-24
step256,256,MLP_OUT,v,hidden,4096,512-1024,5.033165e+07,7.211761e-05,9.306952e-05,0.0001058976,4.495576e-05,7.302341e-05,0.001763954,0.001775174,0.001565,0.001558,0,0,1.524e-23,8.299e-24
step512,512,Q,u,head,1024,spike,786432,0.004027516,0.004291368,0.002494812,0.001690452,0.001954082,0.002320063,0.002047766,0.001565,0.001536,0,0,1.524e-23,1.178e-24
step512,512,Q,u,head,1024,32-64,786432,0.0009636318,0.0008267128,0.001902262,0.001589924,0.001853777,0.001750401,0.001936958,0.001565,0.001536,0,0,1.524e-23,1.178e-24
step512,512,Q,u,head,1024,64-128,1572864,0.0007523451,0.0005181478,0.001909892,0.001352992,0.001621971,0.001709802,0.001880464,0.001565,0.001536,0,0,1.524e-23,1.178e-24
step512,512,Q,u,head,1024,128-256,3145728,0.0004156403,0.0005435646,0.00071462,0.0003790295,0.0003898868,0.001767658,0.001818112,0.001565,0.001536,0,0,1.524e-23,1.178e-24
step512,512,Q,u,head,1024,256-512,6291456,0.0004643753,0.0002248974,0.0005172094,0.0006931165,0.0004241376,0.001736255,0.001741409,0.001565,0.001536,0,0,1.524e-23,1.178e-24
step512,512,Q,u,head,1024,512-1024,1.258291e+07,0.0002389017,0.0002852282,0.0002921422,0.0002401824,0.0003129356,0.001741988,0.001770394,0.001565,0.001536,0,0,1.524e-23,1.178e-24
step512,512,Q,v,residual,1024,spike,786432,0.003879006,0.003615376,0.004940033,0.001359174,0.001549873,0.001648857,0.001889183,0.001565,0.001536,0,0,1.524e-23,1.178e-24
step512,512,Q,v,residual,1024,32-64,786432,0.0008882862,0.001027573,0.001514435,0.001265254,0.001534233,0.001771109,0.001905532,0.001565,0.001536,0,0,1.524e-23,1.178e-24
step512,512,Q,v,residual,1024,64-128,1572864,0.0004151305,0.000571857,0.0003973643,0.000264669,0.0003506131,0.00174041,0.001838957,0.001565,0.001536,0,0,1.524e-23,1.178e-24
step512,512,Q,v,residual,1024,128-256,3145728,0.000580935,0.0003858398,0.0003732045,0.0003385901,0.0001996395,0.001753171,0.001756441,0.001565,0.001536,0,0,1.524e-23,1.178e-24
step512,512,Q,v,residual,1024,256-512,6291456,0.000473438,0.0002478274,0.0003935496,0.0005274951,0.0002585162,0.001737481,0.001747404,0.001565,0.001536,0,0,1.524e-23,1.178e-24
step512,512,Q,v,residual,1024,512-1024,1.258291e+07,0.0003067012,0.0001183835,0.0003829002,0.0001804744,0.000365193,0.001737719,0.001776003,0.001565,0.001536,0,0,1.524e-23,1.178e-24
step512,512,K,u,head,1024,spike,786432,0.002887772,0.003156751,0.0009409587,0.002256614,0.002501467,0.002165658,0.002009256,0.001565,0.001536,0,0,1.524e-23,1.178e-24
step512,512,K,u,head,1024,32-64,786432,0.0005986687,0.0007815362,0.001825968,0.001746327,0.00201018,0.001787821,0.001958211,0.001565,0.001536,0,0,1.524e-23,1.178e-24
step512,512,K,u,head,1024,64-128,1572864,0.00058577,0.0003515727,0.001213074,0.0008722584,0.001028985,0.001718521,0.00191516,0.001565,0.001536,0,0,1.524e-23,1.178e-24
step512,512,K,u,head,1024,128-256,3145728,0.0005409383,0.0003257158,0.0008907318,0.0004172966,0.0006809271,0.001790047,0.001779602,0.001565,0.001536,0,0,1.524e-23,1.178e-24
step512,512,K,u,head,1024,256-512,6291456,0.0005247747,0.0002611442,0.0003801982,0.0003219627,0.0002389106,0.001743612,0.001760778,0.001565,0.001536,0,0,1.524e-23,1.178e-24
step512,512,K,u,head,1024,512-1024,1.258291e+07,0.0002671237,0.0001021838,0.000379165,0.0001175305,0.0003813832,0.001749005,0.001774765,0.001565,0.001536,0,0,1.524e-23,1.178e-24
step512,512,K,v,residual,1024,spike,786432,0.002499853,0.002230874,0.003957113,0.00145726,0.001726239,0.001649766,0.00198001,0.001565,0.001536,0,0,1.524e-23,1.178e-24
step512,512,K,v,residual,1024,32-64,786432,0.0009903791,0.000795284,0.001508077,0.001128735,0.001373588,0.001807258,0.00188991,0.001565,0.001536,0,0,1.524e-23,1.178e-24
step512,512,K,v,residual,1024,64-128,1572864,0.0006003084,0.0004430897,0.0009727478,0.0005545732,0.0007496684,0.001730601,0.00183496,0.001565,0.001536,0,0,1.524e-23,1.178e-24
step512,512,K,v,residual,1024,128-256,3145728,0.0007020731,0.0004382204,0.00081412,0.0002224264,0.0004672793,0.001772109,0.001795178,0.001565,0.001536,0,0,1.524e-23,1.178e-24
step512,512,K,v,residual,1024,256-512,6291456,0.0004736681,0.0002506726,0.0002282461,0.0003403126,0.0001259002,0.001739366,0.001737231,0.001565,0.001536,0,0,1.524e-23,1.178e-24
step512,512,K,v,residual,1024,512-1024,1.258291e+07,0.0003476027,0.0001665187,0.0005691846,0.000221582,0.0004239234,0.001745031,0.001771155,0.001565,0.001536,0,0,1.524e-23,1.178e-24
step512,512,V,u,head,1024,spike,786432,0.0005084646,0.0006317732,0.00202179,0.001658544,0.001892741,0.001722245,0.001953488,0.001565,0.001536,0,0,1.524e-23,1.178e-24
step512,512,V,u,head,1024,32-64,786432,0.0003447326,0.0004223498,0.001524607,0.001405511,0.001656622,0.001802535,0.001873925,0.001565,0.001536,0,0,1.524e-23,1.178e-24
step512,512,V,u,head,1024,64-128,1572864,0.0008023122,0.0005333333,0.001344045,0.0006841381,0.000899156,0.001701446,0.001831509,0.001565,0.001536,0,0,1.524e-23,1.178e-24
step512,512,V,u,head,1024,128-256,3145728,0.0006082212,0.0003445907,0.0005184809,0.0002469559,0.0003041924,0.001707713,0.00174477,0.001565,0.001536,0,0,1.524e-23,1.178e-24
step512,512,V,u,head,1024,256-512,6291456,0.0003904656,0.0003351535,0.0002093315,0.0003674368,0.0002028039,0.001724811,0.001730306,0.001565,0.001536,0,0,1.524e-23,1.178e-24
step512,512,V,u,head,1024,512-1024,1.258291e+07,0.0002326352,0.0002493166,0.00015076,0.0002424076,0.0002160797,0.001751321,0.001764297,0.001565,0.001536,0,0,1.524e-23,1.178e-24
step512,512,V,v,residual,1024,spike,786432,0.0008748015,0.001031528,0.001628876,0.001200825,0.001464678,0.001726241,0.001898084,0.001565,0.001536,0,0,1.524e-23,1.178e-24
step512,512,V,v,residual,1024,32-64,786432,0.000714079,0.0005172736,0.001496633,0.001078334,0.001347312,0.001804715,0.001854488,0.001565,0.001536,0,0,1.524e-23,1.178e-24
step512,512,V,v,residual,1024,64-128,1572864,0.000740087,0.0005833605,0.001244227,0.0007339137,0.0009787666,0.001736141,0.00185358,0.001565,0.001536,0,0,1.524e-23,1.178e-24
step512,512,V,v,residual,1024,128-256,3145728,0.0002454718,0.0004186667,0.0006729762,0.0005959335,0.0004524238,0.001756169,0.001745951,0.001565,0.001536,0,0,1.524e-23,1.178e-24
step512,512,V,v,residual,1024,256-512,6291456,0.0002960518,0.0001703601,0.0003999074,0.0003921806,0.0002528935,0.001763412,0.001735574,0.001565,0.001536,0,0,1.524e-23,1.178e-24
step512,512,V,v,residual,1024,512-1024,1.258291e+07,0.0003357032,0.0001146526,0.0005122821,0.0001765788,0.0004404316,0.001749481,0.001761493,0.001565,0.001536,0,0,1.524e-23,1.178e-24
step512,512,O,u,residual,1024,spike,786432,0.001926376,0.001657397,0.003960927,0.002034551,0.00230353,0.001627059,0.001929147,0.001565,0.001536,0,0,1.524e-23,1.178e-24
step512,512,O,u,residual,1024,32-64,786432,0.0007093954,0.0007936686,0.001780192,0.001699353,0.001962983,0.001827058,0.001901354,0.001565,0.001536,0,0,1.524e-23,1.178e-24
step512,512,O,u,residual,1024,64-128,1572864,0.0002047578,0.0003894207,0.001337051,0.00123325,0.001497103,0.001791545,0.00182942,0.001565,0.001536,0,0,1.524e-23,1.178e-24
step512,512,O,u,residual,1024,128-256,3145728,0.0008798106,0.0006286995,0.0007638931,0.0002814181,0.0005232282,0.001749674,0.001752445,0.001565,0.001536,0,0,1.524e-23,1.178e-24
step512,512,O,u,residual,1024,256-512,6291456,0.0004340906,0.0002011467,0.0003550847,0.0003743529,0.0002176264,0.001745792,0.001741023,0.001565,0.001536,0,0,1.524e-23,1.178e-24
step512,512,O,u,residual,1024,512-1024,1.258291e+07,0.0002263825,0.0001165224,0.0001339912,0.0002912346,0.0001936542,0.001756941,0.001762492,0.001565,0.001536,0,0,1.524e-23,1.178e-24
step512,512,O,v,head,1024,spike,786432,0.01861372,0.01887735,0.01071548,0.008792073,0.009055925,0.00386556,0.002905346,0.001565,0.001536,1.453218e-06,1.63487e-05,1.524e-23,1.178e-24
step512,512,O,v,head,1024,32-64,786432,0.001712845,0.001981824,0.002836863,0.004298433,0.004562064,0.001844315,0.002228147,0.001565,0.001536,0,0,1.524e-23,1.178e-24
step512,512,O,v,head,1024,64-128,1572864,0.0005314687,0.0002636217,0.002154032,0.001651122,0.001891543,0.001745678,0.002005532,0.001565,0.001536,0,0,1.524e-23,1.178e-24
step512,512,O,v,head,1024,128-256,3145728,0.0005056524,0.0002881685,0.001235644,0.0007706728,0.00100487,0.001757168,0.001840728,0.001565,0.001536,0,0,1.524e-23,1.178e-24
step512,512,O,v,head,1024,256-512,6291456,0.0005939344,0.0003249555,0.0005207062,0.0003157691,0.0002880133,0.001754193,0.001782009,0.001565,0.001536,0,0,1.524e-23,1.178e-24
step512,512,O,v,head,1024,512-1024,1.258291e+07,0.0001889928,0.0002103957,0.0006046295,0.0004974902,0.000761343,0.001753603,0.001809915,0.001565,0.001536,0,0,1.524e-23,1.178e-24
step512,512,MLP_IN,u,hidden,4096,spike,3145728,0.0002858685,0.0003098268,0.001232147,0.001123649,0.001184829,0.001762254,0.001890727,0.001565,0.001558,0,0,1.524e-23,8.299e-24
step512,512,MLP_IN,u,hidden,4096,32-64,3145728,0.0005328837,0.0004717034,0.001648903,0.001307393,0.001373274,0.001760619,0.001873698,0.001565,0.001558,0,0,1.524e-23,8.299e-24
step512,512,MLP_IN,u,hidden,4096,64-128,6291456,0.0002679529,0.0002286679,0.0007727941,0.0006629527,0.0007288835,0.001763889,0.00185224,0.001565,0.001558,0,0,1.524e-23,8.299e-24
step512,512,MLP_IN,u,hidden,4096,128-256,1.258291e+07,0.000131216,9.109434e-05,0.000617822,0.000506065,0.0005672453,0.00176851,0.001805521,0.001565,0.001558,0,0,1.524e-23,8.299e-24
step512,512,MLP_IN,u,hidden,4096,256-512,2.516582e+07,7.450648e-05,0.0001290509,0.0002547105,0.0003108641,0.0003780791,0.001775197,0.001792885,0.001565,0.001558,0,0,1.524e-23,8.299e-24
step512,512,MLP_IN,u,hidden,4096,512-1024,5.033165e+07,9.953805e-05,0.000130259,0.0001897415,0.0001263681,6.361292e-05,0.001767366,0.001772631,0.001565,0.001558,0,0,1.524e-23,8.299e-24
step512,512,MLP_IN,v,residual,1024,spike,786432,0.0007388154,0.000588955,0.001441956,0.001078917,0.001288316,0.001819611,0.001951127,0.001565,0.001536,0,0,1.524e-23,1.178e-24
step512,512,MLP_IN,v,residual,1024,32-64,786432,0.0007665391,0.0005910881,0.001097361,0.0007496237,0.0009646416,0.001713162,0.001863389,0.001565,0.001536,0,0,1.524e-23,1.178e-24
step512,512,MLP_IN,v,residual,1024,64-128,1572864,0.0006733004,0.0004639014,0.00096639,0.0007985076,0.000955234,0.001696087,0.00179091,0.001565,0.001536,0,0,1.524e-23,1.178e-24
step512,512,MLP_IN,v,residual,1024,128-256,3145728,0.0004918729,0.0002282424,0.0005861918,0.0002610928,0.0004952901,0.001770428,0.001781191,0.001565,0.001536,0,0,1.524e-23,1.178e-24
step512,512,MLP_IN,v,residual,1024,256-512,6291456,0.0004546876,0.000333447,0.0003817876,0.0004218062,0.000249725,0.001761232,0.001767976,0.001565,0.001536,0,0,1.524e-23,1.178e-24
step512,512,MLP_IN,v,residual,1024,512-1024,1.258291e+07,0.0003441273,0.0001015511,0.0003160636,0.0002286939,0.0002539194,0.001747268,0.001765512,0.001565,0.001536,0,0,1.524e-23,1.178e-24
step512,512,MLP_OUT,u,residual,1024,spike,786432,0.002017929,0.00174895,0.003944397,0.002014582,0.002248779,0.001667204,0.001930055,0.001565,0.001536,0,0,1.524e-23,1.178e-24
step512,512,MLP_OUT,u,residual,1024,32-64,786432,0.0007487372,0.0005732862,0.001553853,0.001143809,0.00140199,0.001811436,0.001985277,0.001565,0.001536,0,0,1.524e-23,1.178e-24
step512,512,MLP_OUT,u,residual,1024,64-128,1572864,0.0004223648,0.0002941824,0.0008506775,0.0007069842,0.0009163832,0.001740592,0.001828512,0.001565,0.001536,0,0,1.524e-23,1.178e-24
step512,512,MLP_OUT,u,residual,1024,128-256,3145728,0.000502684,0.0003017687,0.0007282893,0.000447319,0.0007162979,0.001723199,0.001803489,0.001565,0.001536,0,0,1.524e-23,1.178e-24
step512,512,MLP_OUT,u,residual,1024,256-512,6291456,0.0003787036,0.0001731229,0.0002937317,0.0004729767,0.0002104441,0.001759189,0.001758053,0.001565,0.001536,0,0,1.524e-23,1.178e-24
step512,512,MLP_OUT,u,residual,1024,512-1024,1.258291e+07,0.0004798455,0.0002847504,0.0006183783,0.000190632,0.0004191551,0.001731169,0.001780567,0.001565,0.001536,0,0,1.524e-23,1.178e-24
step512,512,MLP_OUT,v,hidden,4096,spike,3145728,0.003253983,0.003321197,0.001761754,0.001715883,0.001781765,0.00217247,0.001944905,0.001565,0.001558,0,0,1.524e-23,8.299e-24
step512,512,MLP_OUT,v,hidden,4096,32-64,3145728,0.001096838,0.001159594,0.0006586711,0.001455138,0.001521069,0.001885323,0.001897766,0.001565,0.001558,0,0,1.524e-23,8.299e-24
step512,512,MLP_OUT,v,hidden,4096,64-128,6291456,0.0002349831,0.0002961633,0.001136303,0.001152579,0.001218461,0.001796995,0.001864479,0.001565,0.001558,0,0,1.524e-23,8.299e-24
step512,512,MLP_OUT,v,hidden,4096,128-256,1.258291e+07,0.0001725257,0.0002384564,0.0007023017,0.000809,0.000876215,0.001788991,0.001851877,0.001565,0.001558,0,0,1.524e-23,8.299e-24
step512,512,MLP_OUT,v,hidden,4096,256-512,2.516582e+07,9.535205e-05,0.0001012914,0.0002451738,0.0002206068,0.0002865375,0.001780436,0.001804817,0.001565,0.001558,0,0,1.524e-23,8.299e-24
step512,512,MLP_OUT,v,hidden,4096,512-1024,5.033165e+07,0.0001142287,8.649938e-05,0.0001675089,8.80297e-05,0.0001214374,0.001768237,0.001773431,0.001565,0.001558,0,0,1.524e-23,8.299e-24
step1000,1000,Q,u,head,1024,spike,786432,0.01452768,0.01479666,0.007831573,0.007123778,0.007387631,0.003666106,0.00285739,0.001565,0.001536,0,3.269741e-06,1.524e-23,1.178e-24
step1000,1000,Q,u,head,1024,32-64,786432,0.0009255705,0.001082789,0.00411733,0.004020275,0.004265128,0.0018009,0.002237592,0.001565,0.001536,0,0,1.524e-23,1.178e-24
step1000,1000,Q,u,head,1024,64-128,1572864,0.0005188963,0.0006581834,0.002001444,0.001978592,0.00219361,0.00177011,0.001967021,0.001565,0.001536,0,0,1.524e-23,1.178e-24
step1000,1000,Q,u,head,1024,128-256,3145728,0.0002887403,0.0004175434,0.0008014043,0.0005201833,0.0007762946,0.001754397,0.001852263,0.001565,0.001536,0,0,1.524e-23,1.178e-24
step1000,1000,Q,u,head,1024,256-512,6291456,0.0004310492,0.000235954,0.0002428691,0.0004045196,0.000281211,0.001744883,0.001766568,0.001565,0.001536,0,0,1.524e-23,1.178e-24
step1000,1000,Q,u,head,1024,512-1024,1.258291e+07,0.0001248582,0.0002185504,0.0005638599,0.0004415414,0.0007053941,0.001751525,0.001787424,0.001565,0.001536,0,0,1.524e-23,1.178e-24
step1000,1000,Q,v,residual,1024,spike,786432,0.004288946,0.004019967,0.006314596,0.002188906,0.002452536,0.00163814,0.001967294,0.001565,0.001536,0,0,1.524e-23,1.178e-24
step1000,1000,Q,v,residual,1024,32-64,786432,0.0007119474,0.0008691661,0.000928243,0.001046083,0.001290936,0.001795996,0.001853398,0.001565,0.001536,0,0,1.524e-23,1.178e-24
step1000,1000,Q,v,residual,1024,64-128,1572864,0.0004270258,0.0002779852,0.001188914,0.0008428793,0.001106732,0.001733417,0.001859211,0.001565,0.001536,0,0,1.524e-23,1.178e-24
step1000,1000,Q,v,residual,1024,128-256,3145728,0.0002895534,0.0001858161,0.0004205704,0.0004087044,0.000512275,0.00176893,0.001766614,0.001565,0.001536,0,0,1.524e-23,1.178e-24
step1000,1000,Q,v,residual,1024,256-512,6291456,0.0004429916,0.0002188052,0.0001730919,0.0004820183,0.0002183878,0.001739615,0.001732826,0.001565,0.001536,0,0,1.524e-23,1.178e-24
step1000,1000,Q,v,residual,1024,512-1024,1.258291e+07,0.0006596346,0.0003957818,0.0006725788,0.0001918084,0.0002908707,0.001734302,0.001763253,0.001565,0.001536,0,0,1.524e-23,1.178e-24
step1000,1000,K,u,head,1024,spike,786432,0.01007593,0.01034491,0.006254832,0.004489094,0.004752947,0.00304104,0.002340044,0.001565,0.001536,7.26609e-07,3.814697e-06,1.524e-23,1.178e-24
step1000,1000,K,u,head,1024,32-64,786432,0.0006684128,0.0004173017,0.002747854,0.002258347,0.002527325,0.001729874,0.002014705,0.001565,0.001536,0,0,1.524e-23,1.178e-24
step1000,1000,K,u,head,1024,64-128,1572864,0.0006904245,0.0004754066,0.001370112,0.001391139,0.001660118,0.001790274,0.001922971,0.001565,0.001536,0,0,1.524e-23,1.178e-24
step1000,1000,K,u,head,1024,128-256,3145728,0.0006071369,0.000392119,0.0009285609,0.0004890661,0.0007529189,0.001746632,0.001793362,0.001565,0.001536,0,0,1.524e-23,1.178e-24
step1000,1000,K,u,head,1024,256-512,6291456,0.0003337403,0.0002427411,0.0002277692,0.000421888,0.000226309,0.001718158,0.001747245,0.001565,0.001536,0,0,1.524e-23,1.178e-24
step1000,1000,K,u,head,1024,512-1024,1.258291e+07,0.0001995301,0.0003360113,0.0002535184,0.0001802107,0.0004491897,0.001754204,0.001793294,0.001565,0.001536,0,0,1.524e-23,1.178e-24
step1000,1000,K,v,residual,1024,spike,786432,0.002788122,0.002553925,0.004278819,0.001709525,0.001973156,0.001625788,0.001945132,0.001565,0.001536,0,0,1.524e-23,1.178e-24
step1000,1000,K,v,residual,1024,32-64,786432,0.001002409,0.0007575564,0.00209554,0.001627004,0.001895357,0.001712981,0.001901354,0.001565,0.001536,0,0,1.524e-23,1.178e-24
step1000,1000,K,v,residual,1024,64-128,1572864,0.0004171193,0.0006860983,0.001174927,0.001343455,0.001612434,0.001771564,0.001827603,0.001565,0.001536,0,0,1.524e-23,1.178e-24
step1000,1000,K,v,residual,1024,128-256,3145728,0.0004124028,0.0001924128,0.0003805161,0.0003517621,0.0003135732,0.001737095,0.001763344,0.001565,0.001536,0,0,1.524e-23,1.178e-24
step1000,1000,K,v,residual,1024,256-512,6291456,0.000284082,0.0001172315,0.0002290408,0.0002541085,0.0001896011,0.001754761,0.001765228,0.001565,0.001536,0,0,1.524e-23,1.178e-24
step1000,1000,K,v,residual,1024,512-1024,1.258291e+07,0.0003360211,0.0001544194,0.000328064,0.0001963269,0.0003096415,0.001754715,0.001766818,0.001565,0.001536,0,0,1.524e-23,1.178e-24
step1000,1000,V,u,head,1024,spike,786432,0.001215787,0.001423839,0.001361847,0.002033664,0.002284776,0.001903534,0.002008166,0.001565,0.001536,0,0,1.524e-23,1.178e-24
step1000,1000,V,u,head,1024,32-64,786432,0.0004646598,0.0004156361,0.001508077,0.001393221,0.001638073,0.00175803,0.001926967,0.001565,0.001536,0,0,1.524e-23,1.178e-24
step1000,1000,V,u,head,1024,64-128,1572864,0.0004263964,0.000660986,0.0006523132,0.0004088021,0.000618201,0.001773925,0.001788003,0.001565,0.001536,0,0,1.524e-23,1.178e-24
step1000,1000,V,u,head,1024,128-256,3145728,0.0006506198,0.0004553485,0.0008662542,0.0004379569,0.0005869161,0.001744861,0.001784461,0.001565,0.001536,0,0,1.524e-23,1.178e-24
step1000,1000,V,u,head,1024,256-512,6291456,0.0002234216,0.0001675289,0.0004197756,0.0004672647,0.0002522468,0.001740524,0.001752853,0.001565,0.001536,0,0,1.524e-23,1.178e-24
step1000,1000,V,u,head,1024,512-1024,1.258291e+07,0.0003393828,0.0001175556,0.0004593531,0.0001780596,0.0003889492,0.001753387,0.001759609,0.001565,0.001536,0,0,1.524e-23,1.178e-24
step1000,1000,V,v,residual,1024,spike,786432,0.0009562935,0.0008994069,0.002213796,0.00188786,0.002132713,0.001755851,0.001988729,0.001565,0.001536,0,0,1.524e-23,1.178e-24
step1000,1000,V,v,residual,1024,32-64,786432,0.0007818512,0.0009051598,0.000831604,0.0007952695,0.0010589,0.001702445,0.001866659,0.001565,0.001536,0,0,1.524e-23,1.178e-24
step1000,1000,V,v,residual,1024,64-128,1572864,0.0008976797,0.0006287007,0.001601537,0.0008836433,0.001147274,0.00175803,0.001813525,0.001565,0.001536,0,0,1.524e-23,1.178e-24
step1000,1000,V,v,residual,1024,128-256,3145728,0.0003223062,0.0002385514,0.0005118052,0.0003212031,0.0004571068,0.001756123,0.001798403,0.001565,0.001536,0,0,1.524e-23,1.178e-24
step1000,1000,V,v,residual,1024,256-512,6291456,0.0002320312,0.0002976983,0.0003814697,0.000410511,0.0001902349,0.00174452,0.001759711,0.001565,0.001536,0,0,1.524e-23,1.178e-24
step1000,1000,V,v,residual,1024,512-1024,1.258291e+07,0.0003913581,0.0001695423,0.0003682772,0.0001833621,0.0003271206,0.001744906,0.001768305,0.001565,0.001536,0,0,1.524e-23,1.178e-24
step1000,1000,O,u,residual,1024,spike,786432,0.001221544,0.0009704328,0.004585266,0.003438781,0.003702634,0.00165903,0.002173832,0.001565,0.001536,0,0,1.524e-23,1.178e-24
step1000,1000,O,u,residual,1024,32-64,786432,0.0006576145,0.0008330655,0.003168742,0.002778802,0.003029913,0.001787458,0.00205594,0.001565,0.001536,0,0,1.524e-23,1.178e-24
step1000,1000,O,u,residual,1024,64-128,1572864,0.0003330065,0.0005540637,0.002023061,0.002079441,0.002330552,0.001790274,0.001952489,0.001565,0.001536,0,0,1.524e-23,1.178e-24
step1000,1000,O,u,residual,1024,128-256,3145728,0.0002615889,0.0004183154,0.0005919139,0.0006750985,0.0008505496,0.001740274,0.001805215,0.001565,0.001536,0,0,1.524e-23,1.178e-24
step1000,1000,O,u,residual,1024,256-512,6291456,0.0003029045,0.0005540156,0.0005404154,0.000416551,0.0002887746,0.00173051,0.001757213,0.001565,0.001536,0,0,1.524e-23,1.178e-24
step1000,1000,O,u,residual,1024,512-1024,1.258291e+07,0.0002246932,0.0002485207,0.0005113284,0.000465934,0.0007295645,0.001774947,0.00180283,0.001565,0.001536,0,0,1.524e-23,1.178e-24
step1000,1000,O,v,head,1024,spike,786432,0.04964247,0.0499061,0.004690806,0.0537598,0.05402343,0.007065364,0.006964184,0.001565,0.001536,1.816523e-05,9.70023e-05,1.524e-23,1.178e-24
step1000,1000,O,v,head,1024,32-64,786432,0.01280521,0.01306884,0.01879756,0.03151503,0.03177866,0.003320058,0.004831042,0.001565,0.001536,0,4.886446e-05,1.524e-23,1.178e-24
step1000,1000,O,v,head,1024,64-128,1572864,0.004334813,0.004603792,0.00534757,0.009652501,0.00992148,0.002284731,0.002910432,0.001565,0.001536,0,0,1.524e-23,1.178e-24
step1000,1000,O,v,head,1024,128-256,3145728,0.0008186162,0.001087595,0.002998034,0.003637109,0.00388822,0.001850401,0.002077193,0.001565,0.001536,0,0,1.524e-23,1.178e-24
step1000,1000,O,v,head,1024,256-512,6291456,0.0001963008,0.0003863759,0.001275222,0.001181556,0.001432668,0.001787731,0.001819815,0.001565,0.001536,0,0,1.524e-23,1.178e-24
step1000,1000,O,v,head,1024,512-1024,1.258291e+07,0.0008827295,0.001123829,0.002242486,0.003032669,0.003296299,0.001819974,0.001994689,0.001565,0.001536,0,0,1.524e-23,1.178e-24
step1000,1000,MLP_IN,u,hidden,4096,spike,3145728,0.009281363,0.009218608,0.009928068,0.0008434117,0.0009106267,0.001762663,0.001893634,0.001565,0.001558,0,0,1.524e-23,8.299e-24
step1000,1000,MLP_IN,u,hidden,4096,32-64,3145728,0.0001819315,0.0001451874,0.0007464091,0.0007464548,0.0008136698,0.001755987,0.001851536,0.001565,0.001558,0,0,1.524e-23,8.299e-24
step1000,1000,MLP_IN,u,hidden,4096,64-128,6291456,0.0002886356,0.0003545663,0.0007494291,0.0007032319,0.000747083,0.001779011,0.001855873,0.001565,0.001558,0,0,1.524e-23,8.299e-24
step1000,1000,MLP_IN,u,hidden,4096,128-256,1.258291e+07,0.0001422921,0.0001738546,0.0004911423,0.0004183786,0.0004811338,0.001772086,0.001820757,0.001565,0.001558,0,0,1.524e-23,8.299e-24
step1000,1000,MLP_IN,u,hidden,4096,256-512,2.516582e+07,0.0001053078,9.602409e-05,0.0001813571,0.0001674709,0.0002286511,0.001777927,0.001792181,0.001565,0.001558,0,0,1.524e-23,8.299e-24
step1000,1000,MLP_IN,u,hidden,4096,512-1024,5.033165e+07,0.0001804371,0.0001132222,0.000209252,8.672922e-05,0.0001526107,0.001768907,0.001764246,0.001565,0.001558,0,0,1.524e-23,8.299e-24
step1000,1000,MLP_IN,v,residual,1024,spike,786432,0.003990904,0.003727273,0.005558014,0.00156711,0.00183074,0.001689366,0.00193169,0.001565,0.001536,0,0,1.524e-23,1.178e-24
step1000,1000,MLP_IN,v,residual,1024,32-64,786432,0.0006404473,0.0004282976,0.001467387,0.001003732,0.001267585,0.001686459,0.001871745,0.001565,0.001536,0,0,1.524e-23,1.178e-24
step1000,1000,MLP_IN,v,residual,1024,64-128,1572864,0.0005069239,0.0006958432,0.001045863,0.0008004149,0.0009678515,0.001776922,0.001762118,0.001565,0.001536,0,0,1.524e-23,1.178e-24
step1000,1000,MLP_IN,v,residual,1024,128-256,3145728,0.0006374672,0.0003738367,0.0008853277,0.0003047603,0.0005496132,0.001768748,0.001815387,0.001565,0.001536,0,0,1.524e-23,1.178e-24
step1000,1000,MLP_IN,v,residual,1024,256-512,6291456,0.0003384504,0.0002354871,0.0003522237,0.0003794097,0.0001930548,0.001750129,0.001742318,0.001565,0.001536,0,0,1.524e-23,1.178e-24
step1000,1000,MLP_IN,v,residual,1024,512-1024,1.258291e+07,0.0002511406,0.0001979185,0.0002349218,0.0002157231,0.0001953952,0.001740058,0.001767465,0.001565,0.001536,0,0,1.524e-23,1.178e-24
step1000,1000,MLP_OUT,u,residual,1024,spike,786432,0.002899901,0.00263627,0.007802327,0.004985855,0.005254834,0.00155131,0.002341316,0.001565,0.001536,0,0,1.524e-23,1.178e-24
step1000,1000,MLP_OUT,u,residual,1024,32-64,786432,0.001876026,0.002139879,0.002658844,0.003983085,0.004246715,0.001953852,0.002239409,0.001565,0.001536,0,0,1.524e-23,1.178e-24
step1000,1000,MLP_OUT,u,residual,1024,64-128,1572864,0.001854484,0.002118114,0.0006065369,0.001783912,0.002047542,0.001944497,0.001925151,0.001565,0.001536,0,0,1.524e-23,1.178e-24
step1000,1000,MLP_OUT,u,residual,1024,128-256,3145728,0.0008657313,0.001116842,0.0004377365,0.001010295,0.001225313,0.001819293,0.001875105,0.001565,0.001536,0,0,1.524e-23,1.178e-24
step1000,1000,MLP_OUT,u,residual,1024,256-512,6291456,0.0003709152,0.0001910985,0.000430584,0.0003711481,0.000254446,0.001751968,0.001764638,0.001565,0.001536,0,0,1.524e-23,1.178e-24
step1000,1000,MLP_OUT,u,residual,1024,512-1024,1.258291e+07,0.0002009431,0.000415961,0.0005887349,0.0006136001,0.0008774528,0.001777365,0.001857803,0.001565,0.001536,0,0,1.524e-23,1.178e-24
step1000,1000,MLP_OUT,v,hidden,4096,spike,3145728,0.009016719,0.009083933,0.002599398,0.006519149,0.00658508,0.002800987,0.00254849,0.001565,0.001558,3.178914e-07,3.178914e-07,1.524e-23,8.299e-24
step1000,1000,MLP_OUT,v,hidden,4096,32-64,3145728,0.006807691,0.006874906,0.001448631,0.005418683,0.005484564,0.002443177,0.002376874,0.001565,0.001558,0,0,1.524e-23,8.299e-24
step1000,1000,MLP_OUT,v,hidden,4096,64-128,6291456,0.004088765,0.00415598,0.0003538132,0.00404802,0.00411395,0.002218587,0.00223178,0.001565,0.001558,0,0,1.524e-23,8.299e-24
step1000,1000,MLP_OUT,v,hidden,4096,128-256,1.258291e+07,0.002096325,0.002162256,0.0009100437,0.002952083,0.003017965,0.001990057,0.002088842,0.001565,0.001558,0,0,1.524e-23,8.299e-24
step1000,1000,MLP_OUT,v,hidden,4096,256-512,2.516582e+07,0.0006318947,0.0006991097,0.0008758307,0.001468466,0.001535681,0.001831974,0.001939768,0.001565,0.001558,0,0,1.524e-23,8.299e-24
step1000,1000,MLP_OUT,v,hidden,4096,512-1024,5.033165e+07,8.664989e-05,0.00014518,0.0002258023,0.0002337739,0.0002996553,0.001776769,0.001799836,0.001565,0.001558,0,0,1.524e-23,8.299e-24
step2000,2000,Q,u,head,1024,spike,786432,0.03332906,0.03359803,0.006481171,0.02879211,0.02906109,0.005742936,0.004927681,0.001565,0.001536,7.26609e-07,6.575811e-05,1.524e-23,1.178e-24
step2000,2000,Q,u,head,1024,32-64,786432,0.0065325,0.006796353,0.005421956,0.01178661,0.01205046,0.002618154,0.003279368,0.001565,0.001536,0,0,1.524e-23,1.178e-24
step2000,2000,Q,u,head,1024,64-128,1572864,0.001165295,0.001428926,0.004833221,0.005782912,0.006046765,0.001913979,0.002487001,0.001565,0.001536,0,0,1.524e-23,1.178e-24
step2000,2000,Q,u,head,1024,128-256,3145728,0.0004432898,0.0007071425,0.001692136,0.002115399,0.002379251,0.001781373,0.001963706,0.001565,0.001536,0,0,1.524e-23,1.178e-24
step2000,2000,Q,u,head,1024,256-512,6291456,0.0003115435,0.0001490219,0.0004975001,0.0003014252,0.0005650557,0.001766636,0.001773584,0.001565,0.001536,0,0,1.524e-23,1.178e-24
step2000,2000,Q,u,head,1024,512-1024,1.258291e+07,0.0001546479,0.0003758362,0.001644532,0.001650556,0.001914187,0.001775333,0.001907065,0.001565,0.001536,0,0,1.524e-23,1.178e-24
step2000,2000,Q,v,residual,1024,spike,786432,0.001122976,0.001146656,0.004032135,0.00313827,0.003407249,0.001910618,0.002062843,0.001565,0.001536,0,0,1.524e-23,1.178e-24
step2000,2000,Q,v,residual,1024,32-64,786432,0.001428399,0.00167951,0.001272837,0.001995509,0.002229706,0.001898629,0.001982916,0.001565,0.001536,0,0,1.524e-23,1.178e-24
step2000,2000,Q,v,residual,1024,64-128,1572864,0.0003135384,0.0004528255,0.001710892,0.001753535,0.002022514,0.001770383,0.001920973,0.001565,0.001536,0,0,1.524e-23,1.178e-24
step2000,2000,Q,v,residual,1024,128-256,3145728,0.0007075134,0.0004574306,0.001222928,0.0005234723,0.0007871029,0.001766114,0.001798948,0.001565,0.001536,0,0,1.524e-23,1.178e-24
step2000,2000,Q,v,residual,1024,256-512,6291456,0.0005255295,0.0002913323,0.0005071958,0.0004079496,0.0002633519,0.001746427,0.001756146,0.001565,0.001536,0,0,1.524e-23,1.178e-24
step2000,2000,Q,v,residual,1024,512-1024,1.258291e+07,0.0003008997,0.0001572499,0.0005257924,0.0003128509,0.0005818299,0.001753898,0.001782905,0.001565,0.001536,0,0,1.524e-23,1.178e-24
step2000,2000,K,u,head,1024,spike,786432,0.02573654,0.02600552,0.004670461,0.02239105,0.02266003,0.004673367,0.003794716,0.001565,0.001536,5.086263e-06,7.175264e-05,1.524e-23,1.178e-24
step2000,2000,K,u,head,1024,32-64,786432,0.004505624,0.004769477,0.004015605,0.008136795,0.008405774,0.002429054,0.002839043,0.001565,0.001536,0,0,1.524e-23,1.178e-24
step2000,2000,K,u,head,1024,64-128,1572864,0.0008218533,0.001056051,0.003671646,0.004244532,0.004513511,0.001855578,0.002287274,0.001565,0.001536,0,0,1.524e-23,1.178e-24
step2000,2000,K,u,head,1024,128-256,3145728,0.0003178851,0.0005272841,0.001303037,0.001338228,0.001601859,0.001810165,0.001923152,0.001565,0.001536,0,0,1.524e-23,1.178e-24
step2000,2000,K,u,head,1024,256-512,6291456,0.0005084113,0.0003329603,0.0006375313,0.0001859763,0.0004038119,0.001755987,0.001773017,0.001565,0.001536,0,0,1.524e-23,1.178e-24
step2000,2000,K,u,head,1024,512-1024,1.258291e+07,0.0001104215,0.0002709332,0.001241048,0.001163308,0.001426939,0.001785335,0.001862867,0.001565,0.001536,0,0,1.524e-23,1.178e-24
step2000,2000,K,v,residual,1024,spike,786432,0.001868661,0.00160503,0.004376729,0.002941988,0.003186841,0.001735687,0.002111707,0.001565,0.001536,0,0,1.524e-23,1.178e-24
step2000,2000,K,v,residual,1024,32-64,786432,0.0006444451,0.0007491003,0.001523336,0.001495783,0.00172998,0.001735687,0.001935686,0.001565,0.001536,0,0,1.524e-23,1.178e-24
step2000,2000,K,v,residual,1024,64-128,1572864,0.0009436635,0.0008203549,0.002333323,0.001792067,0.002043178,0.001707531,0.001896268,0.001565,0.001536,0,0,1.524e-23,1.178e-24
step2000,2000,K,v,residual,1024,128-256,3145728,0.0002047773,0.0002918396,0.000266393,0.0002043979,0.0004434622,0.001787504,0.001825015,0.001565,0.001536,0,0,1.524e-23,1.178e-24
step2000,2000,K,v,residual,1024,256-512,6291456,0.000466301,0.0002067574,0.0004051526,0.0005784495,0.0003344066,0.00174477,0.001738026,0.001565,0.001536,0,0,1.524e-23,1.178e-24
step2000,2000,K,v,residual,1024,512-1024,1.258291e+07,0.0002824803,0.0001046943,0.0002958775,0.0001655085,0.0002544017,0.001736982,0.001774334,0.001565,0.001536,0,0,1.524e-23,1.178e-24
step2000,2000,V,u,head,1024,spike,786432,0.01404491,0.01430876,0.005607605,0.008642028,0.008905881,0.003781637,0.002928416,0.001565,0.001536,0,0,1.524e-23,1.178e-24
step2000,2000,V,u,head,1024,32-64,786432,0.00364096,0.003904812,0.001089732,0.004457305,0.004721158,0.002219246,0.002333505,0.001565,0.001536,0,0,1.524e-23,1.178e-24
step2000,2000,V,u,head,1024,64-128,1572864,0.0007099555,0.0009441528,0.00165685,0.002199078,0.002462709,0.001882099,0.002037321,0.001565,0.001536,0,0,1.524e-23,1.178e-24
step2000,2000,V,u,head,1024,128-256,3145728,0.0003063497,0.0005512026,0.0006027222,0.000623926,0.0008875566,0.001781146,0.001811073,0.001565,0.001536,0,0,1.524e-23,1.178e-24
step2000,2000,V,u,head,1024,256-512,6291456,0.000397144,0.0003020279,0.0003743172,0.0003928781,0.0001941157,0.001756191,0.001759098,0.001565,0.001536,0,0,1.524e-23,1.178e-24
step2000,2000,V,u,head,1024,512-1024,1.258291e+07,0.0001809443,0.0004445748,0.0005371571,0.0005390206,0.0007690741,0.001769259,0.001800265,0.001565,0.001536,0,0,1.524e-23,1.178e-24
step2000,2000,V,v,residual,1024,spike,786432,0.002045534,0.002290387,0.0008595785,0.002304544,0.002568397,0.001991635,0.002004169,0.001565,0.001536,0,0,1.524e-23,1.178e-24
step2000,2000,V,v,residual,1024,32-64,786432,0.001158818,0.001393015,0.001911163,0.002086039,0.002301057,0.001725878,0.001867748,0.001565,0.001536,0,0,1.524e-23,1.178e-24
step2000,2000,V,v,residual,1024,64-128,1572864,0.0002917786,0.0004064552,0.001600266,0.001308487,0.001577466,0.001765751,0.001862662,0.001565,0.001536,0,0,1.524e-23,1.178e-24
step2000,2000,V,v,residual,1024,128-256,3145728,0.0003336154,0.0003933836,0.0003207525,0.000389202,0.0005652146,0.001755987,0.001752717,0.001565,0.001536,0,0,1.524e-23,1.178e-24
step2000,2000,V,v,residual,1024,256-512,6291456,0.0004540963,0.0002685872,0.0006098747,0.0002433002,0.0003412875,0.001759506,0.001752308,0.001565,0.001536,0,0,1.524e-23,1.178e-24
step2000,2000,V,v,residual,1024,512-1024,1.258291e+07,0.0004617016,0.0002466837,0.000364542,0.0001826385,0.0001529161,0.001747631,0.001767283,0.001565,0.001536,0,0,1.524e-23,1.178e-24
step2000,2000,O,u,residual,1024,spike,786432,0.0007916446,0.000528014,0.006589254,0.005797609,0.00606124,0.001695542,0.002366202,0.001565,0.001536,0,0,1.524e-23,1.178e-24
step2000,2000,O,u,residual,1024,32-64,786432,0.0007278026,0.0009916553,0.003248851,0.003412928,0.003681907,0.001812163,0.002271198,0.001565,0.001536,0,0,1.524e-23,1.178e-24
step2000,2000,O,u,residual,1024,64-128,1572864,0.0006597377,0.0009108487,0.002297719,0.002763653,0.003027284,0.001802172,0.002015977,0.001565,0.001536,0,0,1.524e-23,1.178e-24
step2000,2000,O,u,residual,1024,128-256,3145728,0.0006540733,0.0008596682,0.0004634857,0.0009767855,0.001240416,0.001797449,0.001901309,0.001565,0.001536,0,0,1.524e-23,1.178e-24
step2000,2000,O,u,residual,1024,256-512,6291456,0.0001324967,0.0002631061,0.0002325376,0.0003017739,0.0001557669,0.001761005,0.001769634,0.001565,0.001536,0,0,1.524e-23,1.178e-24
step2000,2000,O,u,residual,1024,512-1024,1.258291e+07,0.0003986114,0.0001899218,0.0008066495,0.0004981205,0.000761751,0.001757974,0.001817635,0.001565,0.001536,0,0,1.524e-23,1.178e-24
step2000,2000,O,v,head,1024,spike,786432,0.05673731,0.05700629,0.0285848,0.08507465,0.08533828,0.008186704,0.0103104,0.001565,0.001536,1.053583e-05,6.158011e-05,1.524e-23,1.178e-24
step2000,2000,O,v,head,1024,32-64,786432,0.03573867,0.03600765,0.01885732,0.05428368,0.05454731,0.006154378,0.007654099,0.001565,0.001536,7.26609e-07,2.306984e-05,1.524e-23,1.178e-24
step2000,2000,O,v,head,1024,64-128,1572864,0.01761505,0.01788403,0.0104421,0.02788739,0.02815637,0.00392605,0.004996254,0.001565,0.001536,0,0,1.524e-23,1.178e-24
step2000,2000,O,v,head,1024,128-256,3145728,0.006430036,0.006699015,0.002703031,0.008667851,0.008931482,0.002489272,0.002692949,0.001565,0.001536,0,0,1.524e-23,1.178e-24
step2000,2000,O,v,head,1024,256-512,6291456,0.001735574,0.002004553,0.000614961,0.002020405,0.002289384,0.001883711,0.001943656,0.001565,0.001536,0,0,1.524e-23,1.178e-24
step2000,2000,O,v,head,1024,512-1024,1.258291e+07,0.004086858,0.004355837,0.002666632,0.006636207,0.006899837,0.002133665,0.002296868,0.001565,0.001536,0,0,1.524e-23,1.178e-24
step2000,2000,MLP_IN,u,hidden,4096,spike,3145728,0.008732891,0.008667009,0.009642919,0.001075576,0.001141507,0.002211389,0.00191298,0.001565,0.001558,0,0,1.524e-23,8.299e-24
step2000,2000,MLP_IN,u,hidden,4096,32-64,3145728,0.0006084799,0.0006622181,0.0008875529,0.001420761,0.001479291,0.00183219,0.001919746,0.001565,0.001558,0,0,1.524e-23,8.299e-24
step2000,2000,MLP_IN,u,hidden,4096,64-128,6291456,0.0001897713,0.0002557021,0.0008740425,0.0007848279,0.0008475831,0.00178982,0.00184427,0.001565,0.001558,0,0,1.524e-23,8.299e-24
step2000,2000,MLP_IN,u,hidden,4096,128-256,1.258291e+07,0.0001286205,0.0001913757,0.0007513364,0.0007321285,0.0007954705,0.001768464,0.001854386,0.001565,0.001558,0,0,1.524e-23,8.299e-24
step2000,2000,MLP_IN,u,hidden,4096,256-512,2.516582e+07,0.0001122311,0.0001333308,0.0003692309,0.0002917906,0.0003590056,0.0017725,0.001809977,0.001565,0.001558,0,0,1.524e-23,8.299e-24
step2000,2000,MLP_IN,u,hidden,4096,512-1024,5.033165e+07,0.000139081,0.0001163352,0.0001649857,8.310839e-05,0.0001425526,0.001773204,0.001782281,0.001565,0.001558,0,0,1.524e-23,8.299e-24
step2000,2000,MLP_IN,v,residual,1024,spike,786432,0.002851655,0.002587802,0.005574544,0.002722889,0.002986742,0.001863389,0.002069927,0.001565,0.001536,0,0,1.524e-23,1.178e-24
step2000,2000,MLP_IN,v,residual,1024,32-64,786432,0.001736317,0.001945716,0.001794179,0.002260113,0.002523744,0.001972562,0.001994723,0.001565,0.001536,0,0,1.524e-23,1.178e-24
step2000,2000,MLP_IN,v,residual,1024,64-128,1572864,0.0007987635,0.001043616,0.001190186,0.001581623,0.001839641,0.001809166,0.001900264,0.001565,0.001536,0,0,1.524e-23,1.178e-24
step2000,2000,MLP_IN,v,residual,1024,128-256,3145728,0.0002062167,0.0004698472,0.0005572637,0.0005897344,0.0008587133,0.001795723,0.001874969,0.001565,0.001536,0,0,1.524e-23,1.178e-24
step2000,2000,MLP_IN,v,residual,1024,256-512,6291456,0.000313059,0.0001628502,0.0001924833,0.0003380135,0.0001356437,0.001746132,0.001765683,0.001565,0.001536,0,0,1.524e-23,1.178e-24
step2000,2000,MLP_IN,v,residual,1024,512-1024,1.258291e+07,0.0002068065,0.0001692287,0.0004529953,0.0002461888,0.0004910417,0.001781237,0.001793918,0.001565,0.001536,0,0,1.524e-23,1.178e-24
step2000,2000,MLP_OUT,u,residual,1024,spike,786432,0.001311715,0.001048084,0.01215363,0.01087575,0.01114473,0.00170299,0.002959115,0.001565,0.001536,0,1.271566e-06,1.524e-23,1.178e-24
step2000,2000,MLP_OUT,u,residual,1024,32-64,786432,0.001880691,0.00214967,0.005541484,0.007125124,0.007388754,0.00197238,0.002549126,0.001565,0.001536,0,0,1.524e-23,1.178e-24
step2000,2000,MLP_OUT,u,residual,1024,64-128,1572864,0.001746327,0.00201018,0.003379186,0.005107075,0.005370928,0.002002262,0.002260299,0.001565,0.001536,0,0,1.524e-23,1.178e-24
step2000,2000,MLP_OUT,u,residual,1024,128-256,3145728,0.001576151,0.00184513,0.001050631,0.002626783,0.002895762,0.001915795,0.002006985,0.001565,0.001536,0,0,1.524e-23,1.178e-24
step2000,2000,MLP_OUT,u,residual,1024,256-512,6291456,0.0003088432,0.0005039383,0.0002303123,0.00025081,0.0004863528,0.001805555,0.001785869,0.001565,0.001536,0,0,1.524e-23,1.178e-24
step2000,2000,MLP_OUT,u,residual,1024,512-1024,1.258291e+07,0.0005813258,0.0008261787,0.0010794,0.001602799,0.001866652,0.001859472,0.001972789,0.001565,0.001536,0,0,1.524e-23,1.178e-24
step2000,2000,MLP_OUT,v,hidden,4096,spike,3145728,0.005275631,0.005341513,0.000755628,0.005945887,0.006013102,0.002485866,0.002406756,0.001565,0.001558,3.178914e-07,0,1.524e-23,8.299e-24
step2000,2000,MLP_OUT,v,hidden,4096,32-64,3145728,0.003144413,0.003210344,0.0021197,0.005130496,0.005197711,0.002118474,0.002324604,0.001565,0.001558,0,0,1.524e-23,8.299e-24
step2000,2000,MLP_OUT,v,hidden,4096,64-128,6291456,0.002801623,0.002868838,0.001398563,0.003988648,0.004054529,0.002070813,0.002201557,0.001565,0.001558,0,0,1.524e-23,8.299e-24
step2000,2000,MLP_OUT,v,hidden,4096,128-256,1.258291e+07,0.002543752,0.002609633,0.0003863176,0.00287055,0.002936481,0.00202582,0.002076399,0.001565,0.001558,0,0,1.524e-23,8.299e-24
step2000,2000,MLP_OUT,v,hidden,4096,256-512,2.516582e+07,0.001676584,0.001742465,0.0003316005,0.001443352,0.001510567,0.001923788,0.001918725,0.001565,0.001558,0,0,1.524e-23,8.299e-24
step2000,2000,MLP_OUT,v,hidden,4096,512-1024,5.033165e+07,0.000387273,0.0004484532,0.0002909501,0.0001537646,0.000219646,0.001821498,0.001792402,0.001565,0.001558,0,0,1.524e-23,8.299e-24
step3000,3000,Q,u,head,1024,spike,786432,0.03912916,0.03939279,0.008249919,0.04059097,0.04085995,0.005892254,0.005721501,0.001565,0.001536,1.453218e-06,0.000104995,1.524e-23,1.178e-24
step3000,3000,Q,u,head,1024,32-64,786432,0.01595311,0.01622209,0.0009892782,0.01654439,0.01681337,0.003636315,0.003799983,0.001565,0.001536,0,0,1.524e-23,1.178e-24
step3000,3000,Q,u,head,1024,64-128,1572864,0.006233897,0.006502876,0.003156026,0.008998281,0.00926726,0.002303169,0.002797717,0.001565,0.001536,0,0,1.524e-23,1.178e-24
step3000,3000,Q,u,head,1024,128-256,3145728,0.002140091,0.00240907,0.001345634,0.003400072,0.003663702,0.001946177,0.002084051,0.001565,0.001536,0,0,1.524e-23,1.178e-24
step3000,3000,Q,u,head,1024,256-512,6291456,0.0005285586,0.0007921891,0.0002463659,0.0004707023,0.0007343329,0.001823198,0.001787118,0.001565,0.001536,0,0,1.524e-23,1.178e-24
step3000,3000,Q,u,head,1024,512-1024,1.258291e+07,0.0008727372,0.001141716,0.001637777,0.002470857,0.002739836,0.001856316,0.002014887,0.001565,0.001536,0,0,1.524e-23,1.178e-24
step3000,3000,Q,v,residual,1024,spike,786432,0.001617862,0.001868974,0.004979451,0.005859842,0.006123695,0.002069382,0.002423604,0.001565,0.001536,0,0,1.524e-23,1.178e-24
step3000,3000,Q,v,residual,1024,32-64,786432,0.003068755,0.003332608,0.0009651184,0.003674871,0.00394385,0.002019246,0.002274105,0.001565,0.001536,0,0,1.524e-23,1.178e-24
step3000,3000,Q,v,residual,1024,64-128,1572864,0.0006145971,0.0008657081,0.002309163,0.002426614,0.002690467,0.001798811,0.002025513,0.001565,0.001536,0,0,1.524e-23,1.178e-24
step3000,3000,Q,v,residual,1024,128-256,3145728,0.0003402415,0.0004317118,0.0009657542,0.0006740789,0.0009379317,0.001791046,0.001852444,0.001565,0.001536,0,0,1.524e-23,1.178e-24
step3000,3000,Q,v,residual,1024,256-512,6291456,0.0002354935,0.0001866827,0.0002269745,0.0001075034,0.0002829544,0.001748902,0.001776514,0.001565,0.001536,0,0,1.524e-23,1.178e-24
step3000,3000,Q,v,residual,1024,512-1024,1.258291e+07,0.000252813,0.0001731353,0.0004548232,0.0002020102,0.0004658629,0.001755374,0.001806486,0.001565,0.001536,0,0,1.524e-23,1.178e-24
step3000,3000,K,u,head,1024,spike,786432,0.03499785,0.03526148,0.008252462,0.03883748,0.03910646,0.005642846,0.004743304,0.001565,0.001536,4.904611e-06,0.0001122611,1.524e-23,1.178e-24
step3000,3000,K,u,head,1024,32-64,786432,0.01307174,0.01334072,0.001181285,0.01425303,0.01452201,0.003313155,0.003467741,0.001565,0.001536,0,0,1.524e-23,1.178e-24
step3000,3000,K,u,head,1024,64-128,1572864,0.003880229,0.004149208,0.003896077,0.007568405,0.007837384,0.002220335,0.002582096,0.001565,0.001536,0,0,1.524e-23,1.178e-24
step3000,3000,K,u,head,1024,128-256,3145728,0.001380389,0.001614586,0.001668294,0.002677749,0.002941601,0.001922562,0.002034823,0.001565,0.001536,0,0,1.524e-23,1.178e-24
step3000,3000,K,u,head,1024,256-512,6291456,0.0002870676,0.0005105373,0.0005202293,0.0006020314,0.0008362286,0.001793498,0.001789842,0.001565,0.001536,0,0,1.524e-23,1.178e-24
step3000,3000,K,u,head,1024,512-1024,1.258291e+07,0.0007563095,0.001025288,0.001312733,0.001950866,0.002219845,0.001857633,0.001957065,0.001565,0.001536,0,0,1.524e-23,1.178e-24
step3000,3000,K,v,residual,1024,spike,786432,0.001253297,0.0009894441,0.00524648,0.004213119,0.004447316,0.001680102,0.002308437,0.001565,0.001536,0,0,1.524e-23,1.178e-24
step3000,3000,K,v,residual,1024,32-64,786432,0.001099869,0.001260773,0.002615611,0.003220145,0.003483776,0.001782735,0.002136957,0.001565,0.001536,0,0,1.524e-23,1.178e-24
step3000,3000,K,v,residual,1024,64-128,1572864,0.0004759811,0.0006226214,0.001906077,0.001564493,0.001828346,0.001735142,0.001938139,0.001565,0.001536,0,0,1.524e-23,1.178e-24
step3000,3000,K,v,residual,1024,128-256,3145728,0.0004127848,0.0002894762,0.001270612,0.001036439,0.00128755,0.001767703,0.001819247,0.001565,0.001536,0,0,1.524e-23,1.178e-24
step3000,3000,K,v,residual,1024,256-512,6291456,0.0004658583,0.0002707631,0.0004839897,0.0003075304,0.0002747811,0.001736164,0.001741954,0.001565,0.001536,0,0,1.524e-23,1.178e-24
step3000,3000,K,v,residual,1024,512-1024,1.258291e+07,0.0003798957,0.0001162651,0.0005989869,0.0002224088,0.0004827218,0.001736414,0.001791364,0.001565,0.001536,0,0,1.524e-23,1.178e-24
step3000,3000,V,u,head,1024,spike,786432,0.02944569,0.02971467,0.01318232,0.0162888,0.01655778,0.005406153,0.003943307,0.001565,0.001536,7.26609e-07,0,1.524e-23,1.178e-24
step3000,3000,V,u,head,1024,32-64,786432,0.0102921,0.01056108,0.001894633,0.009047236,0.009316215,0.002975101,0.002954029,0.001565,0.001536,0,0,1.524e-23,1.178e-24
step3000,3000,V,u,head,1024,64-128,1572864,0.002841995,0.003110974,0.002127965,0.004873743,0.005137595,0.002072471,0.002311071,0.001565,0.001536,0,0,1.524e-23,1.178e-24
step3000,3000,V,u,head,1024,128-256,3145728,0.0004974052,0.0007610358,0.001089414,0.001431052,0.001694683,0.001819701,0.001934869,0.001565,0.001536,0,0,1.524e-23,1.178e-24
step3000,3000,V,u,head,1024,256-512,6291456,0.0004003282,0.0003180293,0.0004461606,0.0001664802,0.0004301108,0.001777876,0.001774039,0.001565,0.001536,0,0,1.524e-23,1.178e-24
step3000,3000,V,u,head,1024,512-1024,1.258291e+07,0.0004352268,0.0006863379,0.0009037654,0.001251346,0.001520325,0.001784222,0.001870462,0.001565,0.001536,0,0,1.524e-23,1.178e-24
step3000,3000,V,v,residual,1024,spike,786432,0.007315364,0.007584342,0.0031751,0.00458404,0.004853019,0.002554031,0.002304804,0.001565,0.001536,0,0,1.524e-23,1.178e-24
step3000,3000,V,v,residual,1024,32-64,786432,0.002253645,0.002504756,0.002112071,0.003408227,0.003659338,0.001948402,0.002070291,0.001565,0.001536,0,0,1.524e-23,1.178e-24
step3000,3000,V,v,residual,1024,64-128,1572864,0.0007534485,0.001022427,0.001331329,0.001984819,0.00224845,0.001806259,0.001951581,0.001565,0.001536,0,0,1.524e-23,1.178e-24
step3000,3000,V,v,residual,1024,128-256,3145728,0.0002100286,0.0004548815,0.0007247925,0.0006902914,0.0009541441,0.00177002,0.001804942,0.001565,0.001536,0,0,1.524e-23,1.178e-24
step3000,3000,V,v,residual,1024,256-512,6291456,0.0001916495,0.0003625862,0.00050958,0.0005361338,0.000272281,0.001737413,0.001770088,0.001565,0.001536,0,0,1.524e-23,1.178e-24
step3000,3000,V,v,residual,1024,512-1024,1.258291e+07,0.0002489768,0.0003337649,0.0006082058,0.0003980358,0.0006504784,0.001767056,0.001804499,0.001565,0.001536,0,0,1.524e-23,1.178e-24
step3000,3000,O,u,residual,1024,spike,786432,0.000508088,0.0006473751,0.00495402,0.004768839,0.005032691,0.001788185,0.002277556,0.001565,0.001536,0,0,1.524e-23,1.178e-24
step3000,3000,O,u,residual,1024,32-64,786432,0.0004706231,0.000508812,0.004006704,0.003803299,0.004072278,0.001780192,0.002084096,0.001565,0.001536,0,0,1.524e-23,1.178e-24
step3000,3000,O,u,residual,1024,64-128,1572864,0.0006026273,0.0008662578,0.001907984,0.002454553,0.002705664,0.001778194,0.001999991,0.001565,0.001536,0,0,1.524e-23,1.178e-24
step3000,3000,O,u,residual,1024,128-256,3145728,0.0002522008,0.0005033119,0.000790596,0.0008180908,0.00096054,0.001771155,0.001816523,0.001565,0.001536,0,0,1.524e-23,1.178e-24
step3000,3000,O,u,residual,1024,256-512,6291456,0.0002375625,0.0003674039,0.0002252261,0.0001981662,0.0003426178,0.001760528,0.001755987,0.001565,0.001536,0,0,1.524e-23,1.178e-24
step3000,3000,O,u,residual,1024,512-1024,1.258291e+07,0.0002112144,0.0003212877,0.0005884171,0.0004632807,0.0007143918,0.001771087,0.001814138,0.001565,0.001536,0,0,1.524e-23,1.178e-24
step3000,3000,O,v,head,1024,spike,786432,0.07479785,0.07506148,0.01742808,0.09160795,0.09187158,0.009702592,0.01111348,0.001565,0.001536,8.174351e-06,3.99635e-05,1.524e-23,1.178e-24
step3000,3000,O,v,head,1024,32-64,786432,0.04947921,0.04974819,0.01166534,0.06072671,0.06099034,0.007270631,0.008463723,0.001565,0.001536,7.26609e-07,1.998175e-06,1.524e-23,1.178e-24
step3000,3000,O,v,head,1024,64-128,1572864,0.0285041,0.02877308,0.007283529,0.03562042,0.0358894,0.005035945,0.005595979,0.001565,0.001536,0,0,1.524e-23,1.178e-24
step3000,3000,O,v,head,1024,128-256,3145728,0.01090581,0.01116944,0.002185504,0.01287274,0.01314172,0.002912158,0.003079278,0.001565,0.001536,0,0,1.524e-23,1.178e-24
step3000,3000,O,v,head,1024,256-512,6291456,0.002242042,0.002493153,0.0002907117,0.002455934,0.002719565,0.001979147,0.001965477,0.001565,0.001536,0,0,1.524e-23,1.178e-24
step3000,3000,O,v,head,1024,512-1024,1.258291e+07,0.006022261,0.00629124,0.002689521,0.008670932,0.008939911,0.00233984,0.002511388,0.001565,0.001536,0,0,1.524e-23,1.178e-24
step3000,3000,MLP_IN,u,hidden,4096,spike,3145728,0.007432397,0.007441894,0.009344419,0.001963343,0.002030558,0.002364068,0.001995132,0.001565,0.001558,8.174351e-07,6.357829e-07,1.524e-23,8.299e-24
step3000,3000,MLP_IN,u,hidden,4096,32-64,3145728,0.0009402252,0.001001405,0.000696818,0.00157156,0.001637442,0.001882916,0.001901672,0.001565,0.001558,0,0,1.524e-23,8.299e-24
step3000,3000,MLP_IN,u,hidden,4096,64-128,6291456,0.0002897517,0.0003420721,0.0009469986,0.001141294,0.001207176,0.001805646,0.001911822,0.001565,0.001558,0,0,1.524e-23,8.299e-24
step3000,3000,MLP_IN,u,hidden,4096,128-256,1.258291e+07,0.0004172227,0.0004831534,0.0004314582,0.0007849436,0.0008517373,0.001818078,0.001841477,0.001565,0.001558,0,0,1.524e-23,8.299e-24
step3000,3000,MLP_IN,u,hidden,4096,256-512,2.516582e+07,0.0001438796,0.0001502643,0.0003496408,0.0002742427,0.0003354229,0.001779096,0.001804902,0.001565,0.001558,0,0,1.524e-23,8.299e-24
step3000,3000,MLP_IN,u,hidden,4096,512-1024,5.033165e+07,8.516364e-05,7.425836e-05,0.0001320243,8.155548e-05,0.0001254065,0.001762901,0.00177294,0.001565,0.001558,0,0,1.524e-23,8.299e-24
step3000,3000,MLP_IN,v,residual,1024,spike,786432,0.002129332,0.001878658,0.007132212,0.005140986,0.005409965,0.001918066,0.002330053,0.001565,0.001536,0,0,1.524e-23,1.178e-24
step3000,3000,MLP_IN,v,residual,1024,32-64,786432,0.003668934,0.003932787,0.0009091695,0.003728277,0.003997255,0.002151853,0.00208446,0.001565,0.001536,0,0,1.524e-23,1.178e-24
step3000,3000,MLP_IN,v,residual,1024,64-128,1572864,0.002022892,0.002286745,0.001052221,0.00252918,0.002744198,0.002012525,0.002064024,0.001565,0.001536,0,0,1.524e-23,1.178e-24
step3000,3000,MLP_IN,v,residual,1024,128-256,3145728,0.0006517232,0.0009207021,0.0003827413,0.0008909548,0.001154585,0.001802944,0.001875423,0.001565,0.001536,0,0,1.524e-23,1.178e-24
step3000,3000,MLP_IN,v,residual,1024,256-512,6291456,0.0004661977,0.0002023449,0.0002888044,0.0003511174,0.0002490222,0.001746904,0.001764093,0.001565,0.001536,0,0,1.524e-23,1.178e-24
step3000,3000,MLP_IN,v,residual,1024,512-1024,1.258291e+07,0.0004050271,0.0006643968,0.0003413359,0.0006241644,0.000887795,0.001798425,0.001849424,0.001565,0.001536,0,0,1.524e-23,1.178e-24
step3000,3000,MLP_OUT,u,residual,1024,spike,786432,0.0008163843,0.001066678,0.009827932,0.01038238,0.01065136,0.001809801,0.002900623,0.001565,0.001536,0,3.814697e-06,1.524e-23,1.178e-24
step3000,3000,MLP_OUT,u,residual,1024,32-64,786432,0.002169758,0.002433611,0.005217234,0.006946609,0.007215588,0.001954397,0.00249899,0.001565,0.001536,0,0,1.524e-23,1.178e-24
step3000,3000,MLP_OUT,u,residual,1024,64-128,1572864,0.002075027,0.002338879,0.003226598,0.005301625,0.005565477,0.001969292,0.002333323,0.001565,0.001536,0,0,1.524e-23,1.178e-24
step3000,3000,MLP_OUT,u,residual,1024,128-256,3145728,0.001321203,0.001590182,0.0007187525,0.001891603,0.002155456,0.001914887,0.00198001,0.001565,0.001536,0,0,1.524e-23,1.178e-24
step3000,3000,MLP_OUT,u,residual,1024,256-512,6291456,0.0002893787,0.0004438568,0.0002614657,0.0002053936,0.0004204115,0.00178739,0.001779761,0.001565,0.001536,0,0,1.524e-23,1.178e-24
step3000,3000,MLP_OUT,u,residual,1024,512-1024,1.258291e+07,0.0006927945,0.0008500132,0.001203458,0.001365249,0.001628879,0.001866874,0.001953488,0.001565,0.001536,0,0,1.524e-23,1.178e-24
step3000,3000,MLP_OUT,v,hidden,4096,spike,3145728,0.006730443,0.006797658,0.001572609,0.005157834,0.005225049,0.002712431,0.002320744,0.001565,0.001558,4.995437e-07,9.536743e-07,1.524e-23,8.299e-24
step3000,3000,MLP_OUT,v,hidden,4096,32-64,3145728,0.002786224,0.002852105,0.001309077,0.004005019,0.004070901,0.002036867,0.002212615,0.001565,0.001558,0,0,1.524e-23,8.299e-24
step3000,3000,MLP_OUT,v,hidden,4096,64-128,6291456,0.002392246,0.002455001,0.001187801,0.003374323,0.003440204,0.001997743,0.002135617,0.001565,0.001558,0,0,1.524e-23,8.299e-24
step3000,3000,MLP_OUT,v,hidden,4096,128-256,1.258291e+07,0.002083268,0.002150483,0.0002842744,0.002167612,0.002233543,0.001968758,0.002014705,0.001565,0.001558,0,0,1.524e-23,8.299e-24
step3000,3000,MLP_OUT,v,hidden,4096,256-512,2.516582e+07,0.00160957,0.001676785,0.0005834103,0.001103272,0.001169203,0.001918713,0.001880651,0.001565,0.001558,0,0,1.524e-23,8.299e-24
step3000,3000,MLP_OUT,v,hidden,4096,512-1024,5.033165e+07,0.00058737,0.000654585,0.0004208883,0.0002609054,0.0003146436,0.001823689,0.001791633,0.001565,0.001558,0,0,1.524e-23,8.299e-24
step4000,4000,Q,u,head,1024,spike,786432,0.04106449,0.04132812,0.01265081,0.04985814,0.05012712,0.006049565,0.006019411,0.001565,0.001536,1.453218e-06,0.0001227969,1.524e-23,1.178e-24
step4000,4000,Q,u,head,1024,32-64,786432,0.02123901,0.02150799,0.001361847,0.02036036,0.02062934,0.004019419,0.004101526,0.001565,0.001536,1.453218e-06,0,1.524e-23,1.178e-24
step4000,4000,Q,u,head,1024,64-128,1572864,0.01073969,0.01100867,0.00169309,0.01177856,0.01204754,0.002833957,0.00295857,0.001565,0.001536,0,0,1.524e-23,1.178e-24
step4000,4000,Q,u,head,1024,128-256,3145728,0.004412556,0.004676187,0.0004498164,0.004303837,0.004567468,0.002126103,0.002171108,0.001565,0.001536,0,0,1.524e-23,1.178e-24
step4000,4000,Q,u,head,1024,256-512,6291456,0.001032682,0.00126981,0.0003539721,0.0010846,0.001341506,0.001869315,0.001831032,0.001565,0.001536,0,0,1.524e-23,1.178e-24
step4000,4000,Q,u,head,1024,512-1024,1.258291e+07,0.001762136,0.002025767,0.001679182,0.003404205,0.003670702,0.002006883,0.002110549,0.001565,0.001536,0,0,1.524e-23,1.178e-24
step4000,4000,Q,v,residual,1024,spike,786432,0.002552463,0.002803574,0.004698435,0.006961868,0.007230847,0.002044496,0.002554212,0.001565,0.001536,0,0,1.524e-23,1.178e-24
step4000,4000,Q,v,residual,1024,32-64,786432,0.004346753,0.004610383,0.001588186,0.005571197,0.005835049,0.002186548,0.002359663,0.001565,0.001536,0,0,1.524e-23,1.178e-24
step4000,4000,Q,v,residual,1024,64-128,1572864,0.001888957,0.002157936,0.001893997,0.003237312,0.003500942,0.001932144,0.002107711,0.001565,0.001536,0,0,1.524e-23,1.178e-24
step4000,4000,Q,v,residual,1024,128-256,3145728,0.0002941206,0.0003377511,0.0007918676,0.0008556661,0.001100519,0.001803126,0.001871336,0.001565,0.001536,0,0,1.524e-23,1.178e-24
step4000,4000,Q,v,residual,1024,256-512,6291456,0.0002193911,0.0002307822,0.0004313787,0.0002277755,0.0004630986,0.001751491,0.001752036,0.001565,0.001536,0,0,1.524e-23,1.178e-24
step4000,4000,Q,v,residual,1024,512-1024,1.258291e+07,0.0002918127,0.00013467,0.001059294,0.0008868278,0.001150681,0.001784427,0.001834358,0.001565,0.001536,0,0,1.524e-23,1.178e-24
step4000,4000,K,u,head,1024,spike,786432,0.04125141,0.04151504,0.01559575,0.05397293,0.0542419,0.005989801,0.005601429,0.001565,0.001536,4.904611e-06,0.0001596723,1.524e-23,1.178e-24
step4000,4000,K,u,head,1024,32-64,786432,0.02072325,0.02098688,0.002348582,0.01945373,0.01972271,0.003978366,0.003957476,0.001565,0.001536,0,0,1.524e-23,1.178e-24
step4000,4000,K,u,head,1024,64-128,1572864,0.009079025,0.009348004,0.002415339,0.0111237,0.01139268,0.002688817,0.002909433,0.001565,0.001536,0,0,1.524e-23,1.178e-24
step4000,4000,K,u,head,1024,128-256,3145728,0.003191994,0.003460973,0.001159668,0.004161245,0.004430224,0.002047448,0.002163978,0.001565,0.001536,0,0,1.524e-23,1.178e-24
step4000,4000,K,u,head,1024,256-512,6291456,0.0006003737,0.0008370967,0.0003779729,0.000892911,0.001158167,0.001798721,0.001819701,0.001565,0.001536,0,0,1.524e-23,1.178e-24
step4000,4000,K,u,head,1024,512-1024,1.258291e+07,0.001496935,0.001760566,0.001575232,0.003025975,0.003294954,0.001940477,0.002047437,0.001565,0.001536,0,0,1.524e-23,1.178e-24
step4000,4000,K,v,residual,1024,spike,786432,0.001290208,0.001039097,0.006106059,0.005063916,0.005327546,0.001764933,0.002354032,0.001565,0.001536,0,0,1.524e-23,1.178e-24
step4000,4000,K,v,residual,1024,32-64,786432,0.00118896,0.001457939,0.002694448,0.003432423,0.003696276,0.001896631,0.002174559,0.001565,0.001536,0,0,1.524e-23,1.178e-24
step4000,4000,K,v,residual,1024,64-128,1572864,0.0009014018,0.000985675,0.001927058,0.002268519,0.002537498,0.001801718,0.001980554,0.001565,0.001536,0,0,1.524e-23,1.178e-24
step4000,4000,K,v,residual,1024,128-256,3145728,0.0004258616,0.0002664228,0.001177788,0.0007519262,0.001003037,0.001753171,0.001843997,0.001565,0.001536,0,0,1.524e-23,1.178e-24
step4000,4000,K,v,residual,1024,256-512,6291456,0.0003659907,0.0002638238,0.0003404617,0.0003627691,0.0001633751,0.001730692,0.001759529,0.001565,0.001536,0,0,1.524e-23,1.178e-24
step4000,4000,K,v,residual,1024,512-1024,1.258291e+07,0.000276422,0.0001096493,0.0005429586,0.0002665366,0.0005301671,0.001736584,0.001800094,0.001565,0.001536,0,0,1.524e-23,1.178e-24
step4000,4000,V,u,head,1024,spike,786432,0.03654612,0.0368151,0.01284281,0.0237033,0.02397228,0.006336757,0.004794893,0.001565,0.001536,7.26609e-07,1.453218e-06,1.524e-23,1.178e-24
step4000,4000,V,u,head,1024,32-64,786432,0.01681184,0.01707569,0.003978729,0.01284922,0.0131182,0.00392605,0.003536769,0.001565,0.001536,0,0,1.524e-23,1.178e-24
step4000,4000,V,u,head,1024,64-128,1572864,0.004757609,0.005026588,0.00248909,0.006918635,0.007187614,0.00241543,0.002627327,0.001565,0.001536,0,0,1.524e-23,1.178e-24
step4000,4000,V,u,head,1024,128-256,3145728,0.0008839088,0.001079004,0.001492818,0.002025435,0.002289288,0.001851672,0.002044178,0.001565,0.001536,0,0,1.524e-23,1.178e-24
step4000,4000,V,u,head,1024,256-512,6291456,0.0001290433,0.0003727314,0.0002140999,0.0002282918,0.0004972707,0.001787912,0.001798675,0.001565,0.001536,0,0,1.524e-23,1.178e-24
step4000,4000,V,u,head,1024,512-1024,1.258291e+07,0.000735432,0.0009992847,0.001181523,0.001741761,0.002009957,0.001832156,0.0019212,0.001565,0.001536,0,0,1.524e-23,1.178e-24
step4000,4000,V,v,residual,1024,spike,786432,0.01167351,0.01193715,0.003985087,0.007895619,0.008159471,0.002966018,0.00262542,0.001565,0.001536,0,0,1.524e-23,1.178e-24
step4000,4000,V,v,residual,1024,32-64,786432,0.005259242,0.005528221,0.000811259,0.005477101,0.005740953,0.00228573,0.002372015,0.001565,0.001536,0,0,1.524e-23,1.178e-24
step4000,4000,V,v,residual,1024,64-128,1572864,0.001619244,0.001882875,0.00270462,0.004035145,0.004298998,0.00198991,0.002130872,0.001565,0.001536,0,0,1.524e-23,1.178e-24
step4000,4000,V,v,residual,1024,128-256,3145728,0.0003889303,0.0006527831,0.001325289,0.001502401,0.00177138,0.001777104,0.00194872,0.001565,0.001536,0,0,1.524e-23,1.178e-24
step4000,4000,V,v,residual,1024,256-512,6291456,0.0003904656,0.0001358625,0.0002037684,0.0003768146,0.0003359752,0.001748539,0.001763162,0.001565,0.001536,0,0,1.524e-23,1.178e-24
step4000,4000,V,v,residual,1024,512-1024,1.258291e+07,0.000303791,0.00057277,0.0006287098,0.0007572076,0.00102106,0.00180316,0.001839229,0.001565,0.001536,0,0,1.524e-23,1.178e-24
step4000,4000,O,u,residual,1024,spike,786432,0.00074695,0.001010581,0.004792531,0.005283401,0.00555238,0.001833779,0.002397446,0.001565,0.001536,0,0,1.524e-23,1.178e-24
step4000,4000,O,u,residual,1024,32-64,786432,0.0007566274,0.001025606,0.003320058,0.003958925,0.004222556,0.001789638,0.002123696,0.001565,0.001536,0,0,1.524e-23,1.178e-24
step4000,4000,O,u,residual,1024,64-128,1572864,0.0005077766,0.0007419738,0.001870473,0.002143129,0.00240676,0.001822608,0.00202297,0.001565,0.001536,0,0,1.524e-23,1.178e-24
step4000,4000,O,u,residual,1024,128-256,3145728,0.0003828452,0.0006170425,0.0006945928,0.0007793722,0.001024225,0.001795269,0.001860074,0.001565,0.001536,0,0,1.524e-23,1.178e-24
step4000,4000,O,u,residual,1024,256-512,6291456,0.0003876073,0.0001427544,0.0003188451,0.0002567001,0.0002403296,0.00172002,0.001753557,0.001565,0.001536,0,0,1.524e-23,1.178e-24
step4000,4000,O,u,residual,1024,512-1024,1.258291e+07,0.0001717746,0.0002302043,0.0004789829,0.0003789203,0.0006184681,0.001776184,0.001818021,0.001565,0.001536,0,0,1.524e-23,1.178e-24
step4000,4000,O,v,head,1024,spike,786432,0.06035414,0.06061777,0.02363586,0.08399,0.08425363,0.008659908,0.01071766,0.001565,0.001536,7.26609e-07,2.43414e-05,1.524e-23,1.178e-24
step4000,4000,O,v,head,1024,32-64,786432,0.04605997,0.04632895,0.01042557,0.05617832,0.05644195,0.007069361,0.007942563,0.001565,0.001536,7.26609e-07,7.26609e-07,1.524e-23,1.178e-24
step4000,4000,O,v,head,1024,64-128,1572864,0.0316277,0.03189668,0.002559662,0.03388777,0.0341514,0.005335672,0.005430312,0.001565,0.001536,0,0,1.524e-23,1.178e-24
step4000,4000,O,v,head,1024,128-256,3145728,0.01384263,0.01411161,0.001719157,0.01249954,0.01276852,0.003183138,0.002943993,0.001565,0.001536,0,0,1.524e-23,1.178e-24
step4000,4000,O,v,head,1024,256-512,6291456,0.002851532,0.003120511,0.0007160505,0.002370629,0.002627853,0.002017929,0.001967317,0.001565,0.001536,0,0,1.524e-23,1.178e-24
step4000,4000,O,v,head,1024,512-1024,1.258291e+07,0.006872938,0.007141917,0.001252254,0.008022372,0.008286003,0.002409685,0.002493109,0.001565,0.001536,0,0,1.524e-23,1.178e-24
step4000,4000,MLP_IN,u,hidden,4096,spike,3145728,0.008067002,0.008106287,0.008585612,0.002258839,0.002320019,0.002460253,0.002009256,0.001565,0.001558,2.81561e-06,1.316979e-06,1.524e-23,8.299e-24
step4000,4000,MLP_IN,u,hidden,4096,32-64,3145728,0.001663431,0.001729312,0.0005184809,0.001842648,0.001908579,0.001914615,0.001967476,0.001565,0.001558,0,0,1.524e-23,8.299e-24
step4000,4000,MLP_IN,u,hidden,4096,64-128,6291456,0.0007701378,0.0008373527,0.0008339882,0.00148101,0.001543765,0.001846064,0.001965818,0.001565,0.001558,0,0,1.524e-23,8.299e-24
step4000,4000,MLP_IN,u,hidden,4096,128-256,1.258291e+07,0.0005682644,0.0006310196,0.0004865328,0.0009190087,0.0009848902,0.001801661,0.001879999,0.001565,0.001558,0,0,1.524e-23,8.299e-24
step4000,4000,MLP_IN,u,hidden,4096,256-512,2.516582e+07,0.0002513545,0.0003125347,0.0002910296,0.0004028937,0.0004701086,0.00179473,0.00181663,0.001565,0.001558,0,0,1.524e-23,8.299e-24
step4000,4000,MLP_IN,u,hidden,4096,512-1024,5.033165e+07,9.845719e-05,9.513411e-05,0.0001394749,0.0001183847,5.245396e-05,0.001775813,0.001775103,0.001565,0.001558,0,0,1.524e-23,8.299e-24
step4000,4000,MLP_IN,v,residual,1024,spike,786432,0.001674185,0.001410332,0.008796692,0.007338252,0.007607231,0.001927694,0.002550034,0.001565,0.001536,0,0,1.524e-23,1.178e-24
step4000,4000,MLP_IN,v,residual,1024,32-64,786432,0.00517327,0.005436901,0.001228333,0.004682446,0.004946077,0.002257937,0.002284822,0.001565,0.001536,0,0,1.524e-23,1.178e-24
step4000,4000,MLP_IN,v,residual,1024,64-128,1572864,0.003633545,0.003902524,0.0004367828,0.003393078,0.003656709,0.002074832,0.002096721,0.001565,0.001536,0,0,1.524e-23,1.178e-24
step4000,4000,MLP_IN,v,residual,1024,128-256,3145728,0.001458635,0.001722488,0.0005957286,0.00152571,0.001789563,0.001920927,0.001907939,0.001565,0.001536,0,0,1.524e-23,1.178e-24
step4000,4000,MLP_IN,v,residual,1024,256-512,6291456,0.0001319863,0.0003768392,0.0002636909,0.000213023,0.0004549924,0.001783939,0.001764615,0.001565,0.001536,0,0,1.524e-23,1.178e-24
step4000,4000,MLP_IN,v,residual,1024,512-1024,1.258291e+07,0.0008048118,0.001068665,0.0004138152,0.001116973,0.001361826,0.00185241,0.001906168,0.001565,0.001536,0,0,1.524e-23,1.178e-24
step4000,4000,MLP_OUT,u,residual,1024,spike,786432,0.002928883,0.003192736,0.01014582,0.01273478,0.01300376,0.00208446,0.00296293,0.001565,0.001536,2.724784e-06,2.234323e-05,1.524e-23,1.178e-24
step4000,4000,MLP_OUT,u,residual,1024,32-64,786432,0.001632736,0.001901715,0.006350199,0.00744252,0.007711499,0.001932235,0.002542768,0.001565,0.001536,0,0,1.524e-23,1.178e-24
step4000,4000,MLP_OUT,u,residual,1024,64-128,1572864,0.002059346,0.002328325,0.003325144,0.005266657,0.005530509,0.002046403,0.002247492,0.001565,0.001536,0,0,1.524e-23,1.178e-24
step4000,4000,MLP_OUT,u,residual,1024,128-256,3145728,0.001711255,0.001980234,0.0005184809,0.001849077,0.00209393,0.001883234,0.001954624,0.001565,0.001536,0,0,1.524e-23,1.178e-24
step4000,4000,MLP_OUT,u,residual,1024,256-512,6291456,0.0001812097,0.0004222496,0.0002776782,0.0003480361,0.0005822334,0.001762981,0.001792113,0.001565,0.001536,0,0,1.524e-23,1.178e-24
step4000,4000,MLP_OUT,u,residual,1024,512-1024,1.258291e+07,0.000786334,0.0009435527,0.001456499,0.001454656,0.001718286,0.001867045,0.00193941,0.001565,0.001536,0,0,1.524e-23,1.178e-24
step4000,4000,MLP_OUT,v,hidden,4096,spike,3145728,0.008529176,0.008595107,0.003398577,0.005573636,0.005640851,0.00294263,0.002347447,0.001565,0.001558,2.406892e-06,2.134414e-06,1.524e-23,8.299e-24
step4000,4000,MLP_OUT,v,hidden,4096,32-64,3145728,0.002743131,0.002810346,0.00127538,0.003807499,0.003870254,0.002095722,0.002192316,0.001565,0.001558,0,0,1.524e-23,8.299e-24
step4000,4000,MLP_OUT,v,hidden,4096,64-128,6291456,0.001917352,0.001983283,0.001222293,0.002903843,0.002969725,0.001971812,0.002103874,0.001565,0.001558,0,0,1.524e-23,8.299e-24
step4000,4000,MLP_OUT,v,hidden,4096,128-256,1.258291e+07,0.002066817,0.002134032,0.0002670288,0.001965966,0.002033181,0.001942601,0.001985743,0.001565,0.001558,0,0,1.524e-23,8.299e-24
step4000,4000,MLP_OUT,v,hidden,4096,256-512,2.516582e+07,0.001346533,0.001412414,0.0003436009,0.001249417,0.001315299,0.001884279,0.001876031,0.001565,0.001558,0,0,1.524e-23,8.299e-24
step4000,4000,MLP_OUT,v,hidden,4096,512-1024,5.033165e+07,0.0005538798,0.0006183057,0.0005567273,0.0001659529,0.0002182732,0.001818092,0.001781864,0.001565,0.001558,0,0,1.524e-23,8.299e-24
step6000,6000,Q,u,head,1024,spike,786432,0.04325031,0.04351394,0.01845678,0.0595195,0.05978847,0.00597981,0.006274632,0.001565,0.001536,1.453218e-06,0.0001580375,1.524e-23,1.178e-24
step6000,6000,Q,u,head,1024,32-64,786432,0.02811818,0.02838716,0.001722972,0.0265656,0.02683458,0.00465938,0.004513513,0.001565,0.001536,0,0,1.524e-23,1.178e-24
step6000,6000,Q,u,head,1024,64-128,1572864,0.01795201,0.01822099,0.00160408,0.01646555,0.01673453,0.003445126,0.00324994,0.001565,0.001536,0,0,1.524e-23,1.178e-24
step6000,6000,Q,u,head,1024,128-256,3145728,0.00938134,0.009650319,0.00211366,0.007678891,0.007942521,0.002572332,0.002363296,0.001565,0.001536,0,0,1.524e-23,1.178e-24
step6000,6000,Q,u,head,1024,256-512,6291456,0.003026391,0.003290021,0.001408418,0.001674129,0.00192524,0.002005713,0.0018858,0.001565,0.001536,0,0,1.524e-23,1.178e-24
step6000,6000,Q,u,head,1024,512-1024,1.258291e+07,0.004124393,0.004388246,0.0008268356,0.004653518,0.004917148,0.002301863,0.002272004,0.001565,0.001536,0,0,1.524e-23,1.178e-24
step6000,6000,Q,v,residual,1024,spike,786432,0.003084088,0.003347718,0.007684072,0.01023488,0.01050386,0.00210535,0.002751123,0.001565,0.001536,0,0,1.524e-23,1.178e-24
step6000,6000,Q,v,residual,1024,32-64,786432,0.005801424,0.006065054,0.002429962,0.007367993,0.007631623,0.002245767,0.002581097,0.001565,0.001536,0,0,1.524e-23,1.178e-24
step6000,6000,Q,v,residual,1024,64-128,1572864,0.003678545,0.003942175,0.0008875529,0.004566098,0.004829728,0.002087275,0.002173923,0.001565,0.001536,0,0,1.524e-23,1.178e-24
step6000,6000,Q,v,residual,1024,128-256,3145728,0.001199835,0.001450946,0.0008265177,0.001928375,0.002197354,0.001846223,0.001944996,0.001565,0.001536,0,0,1.524e-23,1.178e-24
step6000,6000,Q,v,residual,1024,256-512,6291456,0.0002555875,0.000464602,0.000289917,0.0001596662,0.0003086727,0.001749288,0.001757077,0.001565,0.001536,0,0,1.524e-23,1.178e-24
step6000,6000,Q,v,residual,1024,512-1024,1.258291e+07,0.0003178021,0.0005816549,0.0008256435,0.0009757579,0.001239611,0.001791931,0.001877717,0.001565,0.001536,0,0,1.524e-23,1.178e-24
step6000,6000,K,u,head,1024,spike,786432,0.04674075,0.04700439,0.02803421,0.07262044,0.07288942,0.00627336,0.006507692,0.001565,0.001536,2.906436e-06,0.0002430507,1.524e-23,1.178e-24
step6000,6000,K,u,head,1024,32-64,786432,0.02894851,0.02921749,0.001261393,0.02873284,0.02899647,0.004610697,0.004746937,0.001565,0.001536,0,0,1.524e-23,1.178e-24
step6000,6000,K,u,head,1024,64-128,1572864,0.01754002,0.017809,0.0008157094,0.01768357,0.0179472,0.003481729,0.00345657,0.001565,0.001536,0,0,1.524e-23,1.178e-24
step6000,6000,K,u,head,1024,128-256,3145728,0.008112317,0.008381296,0.0004278819,0.007948285,0.008217264,0.002456483,0.002441633,0.001565,0.001536,0,0,1.524e-23,1.178e-24
step6000,6000,K,u,head,1024,256-512,6291456,0.00154454,0.001808414,0.0004130999,0.001717875,0.001981728,0.00189679,0.001884165,0.001565,0.001536,0,0,1.524e-23,1.178e-24
step6000,6000,K,u,head,1024,512-1024,1.258291e+07,0.003437191,0.003701044,0.001711925,0.005003198,0.005266829,0.002198685,0.002306972,0.001565,0.001536,0,0,1.524e-23,1.178e-24
step6000,6000,K,v,residual,1024,spike,786432,0.001374022,0.001110391,0.007987976,0.006794443,0.007058296,0.001753126,0.002544948,0.001565,0.001536,0,0,1.524e-23,1.178e-24
step6000,6000,K,v,residual,1024,32-64,786432,0.001681866,0.001926719,0.003931681,0.004793849,0.005062828,0.001855759,0.002392905,0.001565,0.001536,0,0,1.524e-23,1.178e-24
step6000,6000,K,v,residual,1024,64-128,1572864,0.001315866,0.001566977,0.001650492,0.002890736,0.003154589,0.001892181,0.002066204,0.001565,0.001536,0,0,1.524e-23,1.178e-24
step6000,6000,K,v,residual,1024,128-256,3145728,0.0005899116,0.0008535422,0.0006828308,0.0009048681,0.001168721,0.001809256,0.001880192,0.001565,0.001536,0,0,1.524e-23,1.178e-24
step6000,6000,K,v,residual,1024,256-512,6291456,0.0002981938,0.0004932889,0.0003679593,0.0001482015,0.000411832,0.001750424,0.001753739,0.001565,0.001536,0,0,1.524e-23,1.178e-24
step6000,6000,K,v,residual,1024,512-1024,1.258291e+07,0.0002633034,0.000183344,0.0009123484,0.0006633139,0.0009237167,0.001766318,0.001823346,0.001565,0.001536,0,0,1.524e-23,1.178e-24
step6000,6000,V,u,head,1024,spike,786432,0.04338333,0.04365231,0.009268443,0.03460825,0.03487723,0.006910597,0.006066459,0.001565,0.001536,0,1.453218e-06,1.524e-23,1.178e-24
step6000,6000,V,u,head,1024,32-64,786432,0.02493291,0.02520189,0.005153656,0.02023574,0.02050472,0.004696982,0.004331316,0.001565,0.001536,0,0,1.524e-23,1.178e-24
step6000,6000,V,u,head,1024,64-128,1572864,0.01036521,0.01063419,0.001855214,0.01219436,0.01246334,0.002976463,0.003089814,0.001565,0.001536,0,0,1.524e-23,1.178e-24
step6000,6000,V,u,head,1024,128-256,3145728,0.00234142,0.002605272,0.001521111,0.003617968,0.003886947,0.002033234,0.002157257,0.001565,0.001536,0,0,1.524e-23,1.178e-24
step6000,6000,V,u,head,1024,256-512,6291456,0.0005685028,0.0008223147,0.0004043579,0.0005608166,0.0007362676,0.001816136,0.001801809,0.001565,0.001536,0,0,1.524e-23,1.178e-24
step6000,6000,V,u,head,1024,512-1024,1.258291e+07,0.001263982,0.001532961,0.001714071,0.002932912,0.003201891,0.001887412,0.002038467,0.001565,0.001536,0,0,1.524e-23,1.178e-24
step6000,6000,V,v,residual,1024,spike,786432,0.01886295,0.01912658,0.002789815,0.01631473,0.01657836,0.003240858,0.003395081,0.001565,0.001536,0,0,1.524e-23,1.178e-24
step6000,6000,V,v,residual,1024,32-64,786432,0.01211171,0.01238069,0.0008875529,0.01250335,0.01277233,0.002804529,0.002921331,0.001565,0.001536,0,0,1.524e-23,1.178e-24
step6000,6000,V,v,residual,1024,64-128,1572864,0.00626491,0.006533393,0.002090454,0.008020942,0.008284572,0.002376466,0.002456483,0.001565,0.001536,0,0,1.524e-23,1.178e-24
step6000,6000,V,v,residual,1024,128-256,3145728,0.001569225,0.001820336,0.001822472,0.003126293,0.003390146,0.001895677,0.00201852,0.001565,0.001536,0,0,1.524e-23,1.178e-24
step6000,6000,V,v,residual,1024,256-512,6291456,0.0004648522,0.0002661394,0.001103719,0.0006608864,0.0009247392,0.00174343,0.00179066,0.001565,0.001536,0,0,1.524e-23,1.178e-24
step6000,6000,V,v,residual,1024,512-1024,1.258291e+07,0.0009888709,0.001252724,0.0008389155,0.001724387,0.001988017,0.001879295,0.001974401,0.001565,0.001536,0,0,1.524e-23,1.178e-24
step6000,6000,O,u,residual,1024,spike,786432,0.002282928,0.00254678,0.005929311,0.00747088,0.007721991,0.001993633,0.002546583,0.001565,0.001536,7.447742e-06,1.580375e-05,1.524e-23,1.178e-24
step6000,6000,O,u,residual,1024,32-64,786432,0.001650538,0.001919517,0.002554576,0.003470149,0.003739128,0.001828875,0.002119155,0.001565,0.001536,0,0,1.524e-23,1.178e-24
step6000,6000,O,u,residual,1024,64-128,1572864,0.0004386444,0.0005825361,0.001878738,0.001784678,0.001999696,0.001767022,0.001969565,0.001565,0.001536,0,0,1.524e-23,1.178e-24
step6000,6000,O,u,residual,1024,128-256,3145728,0.0003422849,0.000549724,0.0008811951,0.0009261307,0.001177242,0.001779556,0.00185862,0.001565,0.001536,0,0,1.524e-23,1.178e-24
step6000,6000,O,u,residual,1024,256-512,6291456,0.0004530052,0.0001891524,0.000500838,0.0003279798,0.0003171004,0.001761754,0.001750106,0.001565,0.001536,0,0,1.524e-23,1.178e-24
step6000,6000,O,u,residual,1024,512-1024,1.258291e+07,0.0002531392,0.0001837565,0.0006366571,0.0004249351,0.000634334,0.001772846,0.001810483,0.001565,0.001536,0,0,1.524e-23,1.178e-24
step6000,6000,O,v,head,1024,spike,786432,0.05585407,0.0561177,0.01098506,0.06664789,0.06691687,0.008075714,0.009289696,0.001565,0.001536,0,6.539481e-06,1.524e-23,1.178e-24
step6000,6000,O,v,head,1024,32-64,786432,0.03789143,0.03816041,0.008241018,0.04585398,0.04612296,0.006127312,0.006869725,0.001565,0.001536,0,0,1.524e-23,1.178e-24
step6000,6000,O,v,head,1024,64-128,1572864,0.02805778,0.02832676,0.001592,0.02697363,0.02723726,0.004994801,0.004604703,0.001565,0.001536,0,0,1.524e-23,1.178e-24
step6000,6000,O,v,head,1024,128-256,3145728,0.01456202,0.014831,0.004465739,0.0103123,0.01057593,0.003356434,0.002774057,0.001565,0.001536,0,0,1.524e-23,1.178e-24
step6000,6000,O,v,head,1024,256-512,6291456,0.003606683,0.003875662,0.00183026,0.001980369,0.002243999,0.002089591,0.001902103,0.001565,0.001536,0,0,1.524e-23,1.178e-24
step6000,6000,O,v,head,1024,512-1024,1.258291e+07,0.007159358,0.007428337,0.0004312197,0.006728139,0.006997118,0.002480654,0.002383857,0.001565,0.001536,0,0,1.524e-23,1.178e-24
step6000,6000,MLP_IN,u,hidden,4096,spike,3145728,0.008801013,0.008840298,0.009043694,0.004259333,0.004325214,0.002634639,0.002103806,0.001565,0.001558,6.267003e-06,9.037199e-06,1.524e-23,8.299e-24
step6000,6000,MLP_IN,u,hidden,4096,32-64,3145728,0.001786663,0.001849418,0.001077334,0.002745992,0.002813207,0.001959301,0.00208455,0.001565,0.001558,1.816523e-07,0,1.524e-23,8.299e-24
step6000,6000,MLP_IN,u,hidden,4096,64-128,6291456,0.001078651,0.001145866,0.0008451144,0.001845564,0.001912779,0.001875446,0.001984074,0.001565,0.001558,0,0,1.524e-23,8.299e-24
step6000,6000,MLP_IN,u,hidden,4096,128-256,1.258291e+07,0.0009719865,0.001034742,0.0006155968,0.001394715,0.00146193,0.001867862,0.001921631,0.001565,0.001558,0,0,1.524e-23,8.299e-24
step6000,6000,MLP_IN,u,hidden,4096,256-512,2.516582e+07,0.0004432261,0.0005104411,0.0002965132,0.0006465575,0.0007137724,0.001820451,0.001839802,0.001565,0.001558,0,0,1.524e-23,8.299e-24
step6000,6000,MLP_IN,u,hidden,4096,512-1024,5.033165e+07,0.000135388,0.000202603,0.000146091,8.716356e-05,0.0001483438,0.001781248,0.001783763,0.001565,0.001558,9.082613e-08,0,1.524e-23,8.299e-24
step6000,6000,MLP_IN,v,residual,1024,spike,786432,0.001140778,0.001164458,0.01117452,0.01075672,0.01102035,0.001923697,0.002776191,0.001565,0.001536,0,0,1.524e-23,1.178e-24
step6000,6000,MLP_IN,v,residual,1024,32-64,786432,0.006952191,0.007215821,0.002245585,0.0084946,0.008758231,0.002274831,0.00244068,0.001565,0.001536,0,0,1.524e-23,1.178e-24
step6000,6000,MLP_IN,v,residual,1024,64-128,1572864,0.00559543,0.005859061,0.0009314219,0.00621659,0.006480221,0.002190635,0.002270744,0.001565,0.001536,0,0,1.524e-23,1.178e-24
step6000,6000,MLP_IN,v,residual,1024,128-256,3145728,0.003251121,0.0035201,0.0005400976,0.002968693,0.003232324,0.0020301,0.002017566,0.001565,0.001536,0,0,1.524e-23,1.178e-24
step6000,6000,MLP_IN,v,residual,1024,256-512,6291456,0.0006188886,0.0008699997,0.0002479553,0.0006460011,0.0009149801,0.001778171,0.001792272,0.001565,0.001536,0,0,1.524e-23,1.178e-24
step6000,6000,MLP_IN,v,residual,1024,512-1024,1.258291e+07,0.001698007,0.00196186,0.0004862944,0.002082974,0.002346827,0.00198597,0.002017566,0.001565,0.001536,7.947286e-08,4.541306e-08,1.524e-23,1.178e-24
step6000,6000,MLP_OUT,u,residual,1024,spike,786432,0.007063594,0.007332572,0.01498922,0.02143992,0.02170889,0.002346402,0.002985273,0.001565,0.001536,3.015427e-05,6.975446e-05,1.524e-23,1.178e-24
step6000,6000,MLP_OUT,u,residual,1024,32-64,786432,0.001913752,0.002182731,0.004722595,0.006636347,0.006905326,0.001970019,0.002490452,0.001565,0.001536,0,0,1.524e-23,1.178e-24
step6000,6000,MLP_OUT,u,residual,1024,64-128,1572864,0.002403305,0.002672284,0.001899083,0.004112075,0.004375928,0.002026422,0.00218673,0.001565,0.001536,0,0,1.524e-23,1.178e-24
step6000,6000,MLP_OUT,u,residual,1024,128-256,3145728,0.001285599,0.001554578,0.0004475911,0.001589821,0.0018588,0.001883552,0.001915795,0.001565,0.001536,0,0,1.524e-23,1.178e-24
step6000,6000,MLP_OUT,u,residual,1024,256-512,6291456,0.000401133,0.000652244,0.0003471375,0.0004102505,0.0006053457,0.001788094,0.001783666,0.001565,0.001536,0,0,1.524e-23,1.178e-24
step6000,6000,MLP_OUT,u,residual,1024,512-1024,1.258291e+07,0.0008081096,0.0009873525,0.001770337,0.001568779,0.001832409,0.001848505,0.001912889,0.001565,0.001536,0,0,1.524e-23,1.178e-24
step6000,6000,MLP_OUT,v,hidden,4096,spike,3145728,0.01165967,0.01172688,0.006068865,0.005818413,0.005885628,0.003346262,0.002405167,0.001565,0.001558,4.768372e-06,5.767459e-06,1.524e-23,8.299e-24
step6000,6000,MLP_OUT,v,hidden,4096,32-64,3145728,0.003542731,0.003608662,0.0006608963,0.003919329,0.003986544,0.002232143,0.002252942,0.001565,0.001558,1.816523e-07,0,1.524e-23,8.299e-24
step6000,6000,MLP_OUT,v,hidden,4096,64-128,6291456,0.002329462,0.002392218,0.001023769,0.003128201,0.003194132,0.002015046,0.00213589,0.001565,0.001558,0,0,1.524e-23,8.299e-24
step6000,6000,MLP_OUT,v,hidden,4096,128-256,1.258291e+07,0.00215211,0.002217991,0.000288566,0.001936579,0.002002461,0.001946574,0.001993929,0.001565,0.001558,0,0,1.524e-23,8.299e-24
step6000,6000,MLP_OUT,v,hidden,4096,256-512,2.516582e+07,0.001734798,0.001800679,0.0008422534,0.0009603163,0.001027531,0.001900792,0.001885301,0.001565,0.001558,0,0,1.524e-23,8.299e-24
step6000,6000,MLP_OUT,v,hidden,4096,512-1024,5.033165e+07,0.0005826003,0.0006483822,0.0004504522,0.0001734653,0.0002272036,0.001825157,0.001788037,0.001565,0.001558,3.122148e-08,0,1.524e-23,8.299e-24
step8000,8000,Q,u,head,1024,spike,786432,0.0447978,0.04506143,0.02266566,0.06555943,0.06582841,0.006017776,0.006499699,0.001565,0.001536,2.179827e-06,0.0001778376,1.524e-23,1.178e-24
step8000,8000,Q,u,head,1024,32-64,786432,0.03061349,0.03087712,0.001233419,0.03108905,0.03135268,0.004670461,0.004661923,0.001565,0.001536,0,0,1.524e-23,1.178e-24
step8000,8000,Q,u,head,1024,64-128,1572864,0.0228207,0.02308433,0.002653758,0.0203653,0.02062893,0.003762291,0.003496261,0.001565,0.001536,0,0,1.524e-23,1.178e-24
step8000,8000,Q,u,head,1024,128-256,3145728,0.01464244,0.01491142,0.004938761,0.00975345,0.01001708,0.002958525,0.002504258,0.001565,0.001536,0,0,1.524e-23,1.178e-24
step8000,8000,Q,u,head,1024,256-512,6291456,0.004607564,0.004876543,0.002126535,0.002659226,0.002922856,0.00212683,0.001939319,0.001565,0.001536,0,0,1.524e-23,1.178e-24
step8000,8000,Q,u,head,1024,512-1024,1.258291e+07,0.006553775,0.006822754,0.001029412,0.005843227,0.006106857,0.002597684,0.002440509,0.001565,0.001536,0,0,1.524e-23,1.178e-24
step8000,8000,Q,v,residual,1024,spike,786432,0.002477056,0.002746035,0.007987976,0.01046503,0.01073401,0.002030872,0.002739316,0.001565,0.001536,0,0,1.524e-23,1.178e-24
step8000,8000,Q,v,residual,1024,32-64,786432,0.006498242,0.006761872,0.002531687,0.008777664,0.009046643,0.002191089,0.002604712,0.001565,0.001536,0,0,1.524e-23,1.178e-24
step8000,8000,Q,v,residual,1024,64-128,1572864,0.004524136,0.004789441,0.001098633,0.005491162,0.005754792,0.002168655,0.002279191,0.001565,0.001536,0,0,1.524e-23,1.178e-24
step8000,8000,Q,v,residual,1024,128-256,3145728,0.002071098,0.002313067,0.0005858739,0.002240404,0.002504035,0.001909528,0.001973879,0.001565,0.001536,0,0,1.524e-23,1.178e-24
step8000,8000,Q,v,residual,1024,256-512,6291456,0.0002474991,0.0003324502,0.0005702972,0.0003259135,0.0003086022,0.001778035,0.001749652,0.001565,0.001536,0,0,1.524e-23,1.178e-24
step8000,8000,Q,v,residual,1024,512-1024,1.258291e+07,0.0004543365,0.0007181892,0.0008384387,0.001191203,0.001454834,0.001835914,0.001922539,0.001565,0.001536,0,0,1.524e-23,1.178e-24
step8000,8000,K,u,head,1024,spike,786432,0.05059614,0.05085977,0.03854243,0.08804503,0.08830866,0.006463732,0.007071359,0.001565,0.001536,2.179827e-06,0.0003115336,1.524e-23,1.178e-24
step8000,8000,K,u,head,1024,32-64,786432,0.03301802,0.03328165,0.002967834,0.03559421,0.03585784,0.004826319,0.005274636,0.001565,0.001536,0,0,1.524e-23,1.178e-24
step8000,8000,K,u,head,1024,64-128,1572864,0.0245602,0.02482383,0.00180308,0.02301397,0.0232776,0.004027594,0.003725597,0.001565,0.001536,0,0,1.524e-23,1.178e-24
step8000,8000,K,u,head,1024,128-256,3145728,0.01336056,0.01362419,0.002511978,0.0108791,0.01114273,0.002936772,0.002623331,0.001565,0.001536,0,0,1.524e-23,1.178e-24
step8000,8000,K,u,head,1024,256-512,6291456,0.003377324,0.003646303,0.0005423228,0.002979819,0.00324345,0.002033188,0.001962321,0.001565,0.001536,0,0,1.524e-23,1.178e-24
step8000,8000,K,u,head,1024,512-1024,1.258291e+07,0.005637691,0.00590667,0.001270294,0.006787107,0.007056086,0.002462319,0.002498388,0.001565,0.001536,4.541306e-08,0,1.524e-23,1.178e-24
step8000,8000,K,v,residual,1024,spike,786432,0.001248463,0.001073012,0.008106232,0.007343723,0.007594834,0.001745315,0.002582913,0.001565,0.001536,0,0,1.524e-23,1.178e-24
step8000,8000,K,v,residual,1024,32-64,786432,0.002144327,0.00240818,0.003300985,0.005000337,0.005263968,0.001934415,0.002300989,0.001565,0.001536,0,0,1.524e-23,1.178e-24
step8000,8000,K,v,residual,1024,64-128,1572864,0.002026671,0.002277782,0.001933416,0.003557251,0.00382623,0.001940682,0.002075104,0.001565,0.001536,0,0,1.524e-23,1.178e-24
step8000,8000,K,v,residual,1024,128-256,3145728,0.0007112271,0.0009454244,0.0006971359,0.001153992,0.001422971,0.001824924,0.001878511,0.001565,0.001536,0,0,1.524e-23,1.178e-24
step8000,8000,K,v,residual,1024,256-512,6291456,0.000337011,0.0003003966,0.0002951622,0.0002280934,0.0002450873,0.001741568,0.001761255,0.001565,0.001536,0,0,1.524e-23,1.178e-24
step8000,8000,K,v,residual,1024,512-1024,1.258291e+07,0.0001928192,0.0003949043,0.0006874402,0.0006491245,0.0009129772,0.001787697,0.001845984,0.001565,0.001536,0,0,1.524e-23,1.178e-24
step8000,8000,V,u,head,1024,spike,786432,0.0452983,0.04556728,0.006773631,0.03975173,0.04002071,0.007038298,0.006550562,0.001565,0.001536,0,1.453218e-06,1.524e-23,1.178e-24
step8000,8000,V,u,head,1024,32-64,786432,0.0282873,0.02855628,0.00402832,0.02425898,0.02452796,0.005041213,0.00464503,0.001565,0.001536,0,0,1.524e-23,1.178e-24
step8000,8000,V,u,head,1024,64-128,1572864,0.01351043,0.01377941,0.001351674,0.01486211,0.01513109,0.003372374,0.003388723,0.001565,0.001536,0,0,1.524e-23,1.178e-24
step8000,8000,V,u,head,1024,128-256,3145728,0.004039492,0.004308471,0.001013756,0.004863149,0.005132128,0.002230871,0.002310026,0.001565,0.001536,0,0,1.524e-23,1.178e-24
step8000,8000,V,u,head,1024,256-512,6291456,0.0007965227,0.001065502,0.0006408691,0.0003681478,0.0005865994,0.001860074,0.001825878,0.001565,0.001536,0,0,1.524e-23,1.178e-24
step8000,8000,V,u,head,1024,512-1024,1.258291e+07,0.001850253,0.002119232,0.001772642,0.003483836,0.003747467,0.001949923,0.00209151,0.001565,0.001536,0,0,1.524e-23,1.178e-24
step8000,8000,V,v,residual,1024,spike,786432,0.02103987,0.0213035,0.001951853,0.0228048,0.02306843,0.003440857,0.003841582,0.001565,0.001536,0,0,1.524e-23,1.178e-24
step8000,8000,V,v,residual,1024,32-64,786432,0.0161277,0.01637881,0.001075745,0.01676105,0.01702468,0.00299817,0.003294264,0.001565,0.001536,0,0,1.524e-23,1.178e-24
step8000,8000,V,v,residual,1024,64-128,1572864,0.01005672,0.01032035,0.001542409,0.01143397,0.01170294,0.002567655,0.002783821,0.001565,0.001536,0,0,1.524e-23,1.178e-24
step8000,8000,V,v,residual,1024,128-256,3145728,0.003637109,0.003892733,0.002046903,0.005607651,0.00587663,0.002060754,0.002235095,0.001565,0.001536,0,0,1.524e-23,1.178e-24
step8000,8000,V,v,residual,1024,256-512,6291456,0.0003152351,0.000584214,0.0006774267,0.0008809901,0.001132101,0.001780374,0.001820519,0.001565,0.001536,0,0,1.524e-23,1.178e-24
step8000,8000,V,v,residual,1024,512-1024,1.258291e+07,0.001585587,0.001831694,0.001360178,0.002928242,0.003191872,0.001975809,0.002126001,0.001565,0.001536,2.838316e-07,0,1.524e-23,1.178e-24
step8000,8000,O,u,residual,1024,spike,786432,0.003789733,0.004053586,0.006093343,0.009687255,0.009951108,0.002125695,0.002629598,0.001565,0.001536,1.707531e-05,3.088088e-05,1.524e-23,1.178e-24
step8000,8000,O,u,residual,1024,32-64,786432,0.001358203,0.001553298,0.00283432,0.003672749,0.003936602,0.001950945,0.002135322,0.001565,0.001536,0,0,1.524e-23,1.178e-24
step8000,8000,O,u,residual,1024,64-128,1572864,0.0005078217,0.0007716745,0.00202179,0.002483909,0.002747539,0.001790365,0.002011345,0.001565,0.001536,0,0,1.524e-23,1.178e-24
step8000,8000,O,u,residual,1024,128-256,3145728,0.0002991295,0.0005426196,0.0005261103,0.0005383608,0.0007334559,0.001780192,0.001838366,0.001565,0.001536,0,0,1.524e-23,1.178e-24
step8000,8000,O,u,residual,1024,256-512,6291456,0.0003709232,0.000257803,0.0004874865,0.0003105342,0.0002957194,0.001746132,0.001749765,0.001565,0.001536,0,0,1.524e-23,1.178e-24
step8000,8000,O,u,residual,1024,512-1024,1.258291e+07,0.0001257324,0.0003206026,0.0004878839,0.0004669147,0.0007307459,0.001773528,0.001811981,0.001565,0.001536,0,0,1.524e-23,1.178e-24
step8000,8000,O,v,head,1024,spike,786432,0.0475973,0.04786627,0.009737651,0.05724466,0.05751364,0.007164365,0.008305686,0.001565,0.001536,0,0,1.524e-23,1.178e-24
step8000,8000,O,v,head,1024,32-64,786432,0.03299463,0.03326361,0.004820506,0.03757609,0.03784506,0.005552383,0.006099156,0.001565,0.001536,0,0,1.524e-23,1.178e-24
step8000,8000,O,v,head,1024,64-128,1572864,0.02545171,0.02572068,0.002389908,0.02323713,0.02350076,0.004661651,0.004147121,0.001565,0.001536,0,0,1.524e-23,1.178e-24
step8000,8000,O,v,head,1024,128-256,3145728,0.01481569,0.01508467,0.005949656,0.008866038,0.009135017,0.003332456,0.002570516,0.001565,0.001536,0,0,1.524e-23,1.178e-24
step8000,8000,O,v,head,1024,256-512,6291456,0.004195577,0.004464556,0.003153483,0.001055867,0.001319719,0.00213623,0.001873425,0.001565,0.001536,0,0,1.524e-23,1.178e-24
step8000,8000,O,v,head,1024,512-1024,1.258291e+07,0.00685579,0.007119421,0.001524131,0.005557185,0.005826164,0.002468109,0.002296312,0.001565,0.001536,4.541306e-08,0,1.524e-23,1.178e-24
step8000,8000,MLP_IN,u,hidden,4096,spike,3145728,0.009641836,0.009681121,0.008996328,0.006348338,0.006415553,0.002798762,0.002217111,0.001565,0.001558,6.902786e-06,1.221611e-05,1.524e-23,8.299e-24
step8000,8000,MLP_IN,u,hidden,4096,32-64,3145728,0.002240719,0.002301899,0.001389821,0.003311306,0.003377237,0.002045041,0.002133824,0.001565,0.001558,4.995437e-07,0,1.524e-23,8.299e-24
step8000,8000,MLP_IN,u,hidden,4096,64-128,6291456,0.001511687,0.001574442,0.0009709994,0.002404803,0.002467558,0.001921518,0.002082779,0.001565,0.001558,0,0,1.524e-23,8.299e-24
step8000,8000,MLP_IN,u,hidden,4096,128-256,1.258291e+07,0.001294341,0.001361556,0.0003362497,0.001592621,0.001658502,0.001921313,0.001953375,0.001565,0.001558,0,0,1.524e-23,8.299e-24
step8000,8000,MLP_IN,u,hidden,4096,256-512,2.516582e+07,0.0006704232,0.0007363539,0.0003021161,0.0006809533,0.0007468841,0.001855583,0.001847392,0.001565,0.001558,0,0,1.524e-23,8.299e-24
step8000,8000,MLP_IN,u,hidden,4096,512-1024,5.033165e+07,0.0002905771,0.0003564585,0.000175039,0.0001528506,0.0002187321,0.001796493,0.00178164,0.001565,0.001558,1.788139e-07,0,1.524e-23,8.299e-24
step8000,8000,MLP_IN,v,residual,1024,spike,786432,0.001203442,0.001467073,0.01179123,0.01288659,0.01315022,0.002073015,0.00290244,0.001565,0.001536,0,0,1.524e-23,1.178e-24
step8000,8000,MLP_IN,v,residual,1024,32-64,786432,0.006916587,0.007180218,0.003590902,0.0102519,0.01051553,0.00233187,0.00262324,0.001565,0.001536,0,0,1.524e-23,1.178e-24
step8000,8000,MLP_IN,v,residual,1024,64-128,1572864,0.006332303,0.006595933,0.001269023,0.007601325,0.007864956,0.002333051,0.002301171,0.001565,0.001536,0,0,1.524e-23,1.178e-24
step8000,8000,MLP_IN,v,residual,1024,128-256,3145728,0.004628722,0.004892353,0.001200994,0.003699031,0.003968009,0.002116476,0.002056258,0.001565,0.001536,0,0,1.524e-23,1.178e-24
step8000,8000,MLP_IN,v,residual,1024,256-512,6291456,0.0009011246,0.001156641,0.0002290408,0.0008593645,0.001107696,0.001852308,0.001827762,0.001565,0.001536,0,0,1.524e-23,1.178e-24
step8000,8000,MLP_IN,v,residual,1024,512-1024,1.258291e+07,0.002560844,0.002824697,0.0004300276,0.00288406,0.003147913,0.002122641,0.002183994,0.001565,0.001536,6.925492e-07,4.087176e-07,1.524e-23,1.178e-24
step8000,8000,MLP_OUT,u,residual,1024,spike,786432,0.009775843,0.01004482,0.02161535,0.03139119,0.03166017,0.002548763,0.003121694,0.001565,0.001536,5.068098e-05,0.0001195272,1.524e-23,1.178e-24
step8000,8000,MLP_OUT,u,residual,1024,32-64,786432,0.002339727,0.002608706,0.004432678,0.006471044,0.006740023,0.002101353,0.00260453,0.001565,0.001536,0,0,1.524e-23,1.178e-24
step8000,8000,MLP_OUT,u,residual,1024,64-128,1572864,0.001596671,0.001841524,0.003549576,0.004435903,0.004704882,0.001973652,0.002200172,0.001565,0.001536,0,0,1.524e-23,1.178e-24
step8000,8000,MLP_OUT,u,residual,1024,128-256,3145728,0.001128878,0.001397857,0.0008633931,0.001866386,0.002135365,0.001856895,0.001943997,0.001565,0.001536,0,0,1.524e-23,1.178e-24
step8000,8000,MLP_OUT,u,residual,1024,256-512,6291456,0.0002303965,0.0003346611,0.0005122821,0.0004710601,0.0007052574,0.001786527,0.001778557,0.001565,0.001536,0,0,1.524e-23,1.178e-24
step8000,8000,MLP_OUT,u,residual,1024,512-1024,1.258291e+07,0.0007284778,0.0008856965,0.001894077,0.001567348,0.001830979,0.001823596,0.001913286,0.001565,0.001536,0,0,1.524e-23,1.178e-24
step8000,8000,MLP_OUT,v,hidden,4096,spike,3145728,0.01403273,0.01409994,0.007508596,0.006621828,0.006687758,0.003618467,0.002500943,0.001565,0.001558,7.765634e-06,7.765634e-06,1.524e-23,8.299e-24
step8000,8000,MLP_OUT,v,hidden,4096,32-64,3145728,0.004138992,0.004206207,0.0006790161,0.004769689,0.004836904,0.002354849,0.002395766,0.001565,0.001558,0,0,1.524e-23,8.299e-24
step8000,8000,MLP_OUT,v,hidden,4096,64-128,6291456,0.002602408,0.002668339,0.001077334,0.00359508,0.003662295,0.002070177,0.002189545,0.001565,0.001558,0,0,1.524e-23,8.299e-24
step8000,8000,MLP_OUT,v,hidden,4096,128-256,1.258291e+07,0.002230134,0.002297349,0.0004054705,0.002280697,0.002346578,0.001972516,0.002026433,0.001565,0.001558,0,0,1.524e-23,8.299e-24
step8000,8000,MLP_OUT,v,hidden,4096,256-512,2.516582e+07,0.001701737,0.001767618,0.000781854,0.001013905,0.001079836,0.001899418,0.001878313,0.001565,0.001558,0,0,1.524e-23,8.299e-24
step8000,8000,MLP_OUT,v,hidden,4096,512-1024,5.033165e+07,0.0006732878,0.000736043,0.0005642176,0.0001878798,0.0002550948,0.001819812,0.001795227,0.001565,0.001558,5.10897e-08,0,1.524e-23,8.299e-24
step12000,12000,Q,u,head,1024,spike,786432,0.04796654,0.04823017,0.02513504,0.07165581,0.07191944,0.006023952,0.006708236,0.001565,0.001536,2.724784e-06,0.0001961844,1.524e-23,1.178e-24
step12000,12000,Q,u,head,1024,32-64,786432,0.0339221,0.03418573,0.002727509,0.03593615,0.03618726,0.004877545,0.004894802,0.001565,0.001536,0,0,1.524e-23,1.178e-24
step12000,12000,Q,u,head,1024,64-128,1572864,0.02838062,0.02864425,0.003827413,0.02471024,0.02497387,0.004144669,0.003650302,0.001565,0.001536,0,0,1.524e-23,1.178e-24
step12000,12000,Q,u,head,1024,128-256,3145728,0.02107039,0.02133402,0.007583936,0.01348645,0.01375008,0.003401348,0.002677282,0.001565,0.001536,0,0,1.524e-23,1.178e-24
step12000,12000,Q,u,head,1024,256-512,6291456,0.008216286,0.008479917,0.004240672,0.004082157,0.004333268,0.002337864,0.002004419,0.001565,0.001536,0,0,1.524e-23,1.178e-24
step12000,12000,Q,u,head,1024,512-1024,1.258291e+07,0.01070949,0.01097847,0.003240108,0.007469382,0.007738361,0.00311218,0.00266527,0.001565,0.001536,0,0,1.524e-23,1.178e-24
step12000,12000,Q,v,residual,1024,spike,786432,0.002925032,0.003182415,0.007565816,0.01043833,0.01070731,0.002023061,0.002804166,0.001565,0.001536,0,0,1.524e-23,1.178e-24
step12000,12000,Q,v,residual,1024,32-64,786432,0.005249445,0.005485307,0.004122416,0.009214306,0.009477937,0.002090091,0.002622332,0.001565,0.001536,0,0,1.524e-23,1.178e-24
step12000,12000,Q,v,residual,1024,64-128,1572864,0.005486076,0.005749706,0.001532237,0.006099111,0.00636809,0.002087457,0.002268746,0.001565,0.001536,0,0,1.524e-23,1.178e-24
step12000,12000,Q,v,residual,1024,128-256,3145728,0.002776369,0.003039999,0.000330925,0.002578005,0.002841635,0.001942498,0.001958892,0.001565,0.001536,0,0,1.524e-23,1.178e-24
step12000,12000,Q,v,residual,1024,256-512,6291456,0.0005688569,0.0008327096,0.0003876686,0.0003910181,0.0005861132,0.001787663,0.001778603,0.001565,0.001536,0,0,1.524e-23,1.178e-24
step12000,12000,Q,v,residual,1024,512-1024,1.258291e+07,0.0008840462,0.001147899,0.0006078084,0.001300961,0.001564814,0.001904794,0.00194335,0.001565,0.001536,0,0,1.524e-23,1.178e-24
step12000,12000,K,u,head,1024,spike,786432,0.0552755,0.05553913,0.04673513,0.1014918,0.1017555,0.006865547,0.007606506,0.001565,0.001536,0,0.0003683908,1.524e-23,1.178e-24
step12000,12000,K,u,head,1024,32-64,786432,0.03698276,0.03724639,0.007352193,0.04377535,0.04403401,0.00514203,0.005784534,0.001565,0.001536,0,0,1.524e-23,1.178e-24
step12000,12000,K,u,head,1024,64-128,1572864,0.03181194,0.03207557,0.001857758,0.03050339,0.0307545,0.004445939,0.004227684,0.001565,0.001536,0,0,1.524e-23,1.178e-24
step12000,12000,K,u,head,1024,128-256,3145728,0.02192551,0.02218914,0.005976677,0.01612452,0.01637563,0.003471602,0.002891995,0.001565,0.001536,0,0,1.524e-23,1.178e-24
step12000,12000,K,u,head,1024,256-512,6291456,0.006812319,0.007075949,0.001925627,0.004929289,0.005192919,0.00227197,0.002093224,0.001565,0.001536,0,0,1.524e-23,1.178e-24
step12000,12000,K,u,head,1024,512-1024,1.258291e+07,0.00999042,0.0102594,0.0009045601,0.009291615,0.009560594,0.002953563,0.002832038,0.001565,0.001536,4.541306e-08,0,1.524e-23,1.178e-24
step12000,12000,K,v,residual,1024,spike,786432,0.0009912804,0.0007276498,0.008043925,0.007052645,0.007316275,0.001819247,0.002483731,0.001565,0.001536,0,0,1.524e-23,1.178e-24
step12000,12000,K,v,residual,1024,32-64,786432,0.002218928,0.002487907,0.003512065,0.005077408,0.005346387,0.001969655,0.002361116,0.001565,0.001536,0,0,1.524e-23,1.178e-24
step12000,12000,K,v,residual,1024,64-128,1572864,0.002099401,0.00236838,0.001227697,0.003099872,0.003350983,0.001920882,0.002136594,0.001565,0.001536,0,0,1.524e-23,1.178e-24
step12000,12000,K,v,residual,1024,128-256,3145728,0.001068864,0.001319975,0.0004816055,0.001381461,0.001645092,0.001861209,0.001909619,0.001565,0.001536,0,0,1.524e-23,1.178e-24
step12000,12000,K,v,residual,1024,256-512,6291456,0.0003989895,0.0006140074,0.0004959106,0.0002055809,0.0003817665,0.001735551,0.001752104,0.001565,0.001536,0,0,1.524e-23,1.178e-24
step12000,12000,K,v,residual,1024,512-1024,1.258291e+07,0.0003361203,0.0005381691,0.0004818439,0.0006466608,0.0009105135,0.001818419,0.001846768,0.001565,0.001536,0,0,1.524e-23,1.178e-24
step12000,12000,V,u,head,1024,spike,786432,0.04529449,0.04556347,0.003138224,0.04340367,0.04367265,0.006752559,0.006880806,0.001565,0.001536,0,1.271566e-06,1.524e-23,1.178e-24
step12000,12000,V,u,head,1024,32-64,786432,0.02991236,0.03018134,0.0023791,0.02825932,0.0285283,0.00527718,0.004962921,0.001565,0.001536,0,0,1.524e-23,1.178e-24
step12000,12000,V,u,head,1024,64-128,1572864,0.01629262,0.0165616,0.0005645752,0.01600588,0.01627486,0.003686087,0.003552028,0.001565,0.001536,0,0,1.524e-23,1.178e-24
step12000,12000,V,u,head,1024,128-256,3145728,0.007567451,0.00783643,0.001737277,0.005900924,0.006164554,0.002600715,0.002370244,0.001565,0.001536,0,0,1.524e-23,1.178e-24
step12000,12000,V,u,head,1024,256-512,6291456,0.00161527,0.001878901,0.0007610321,0.0008736786,0.001140842,0.001946018,0.001816818,0.001565,0.001536,0,0,1.524e-23,1.178e-24
step12000,12000,V,u,head,1024,512-1024,1.258291e+07,0.002951032,0.003220011,0.001236121,0.004129376,0.004398355,0.002046506,0.002177091,0.001565,0.001536,0,0,1.524e-23,1.178e-24
step12000,12000,V,v,residual,1024,spike,786432,0.02192095,0.02217206,0.007161458,0.02860823,0.02887186,0.003214155,0.004084814,0.001565,0.001536,0,0,1.524e-23,1.178e-24
step12000,12000,V,v,residual,1024,32-64,786432,0.01787621,0.01813984,0.004577637,0.02234577,0.0226094,0.002938407,0.003472646,0.001565,0.001536,0,0,1.524e-23,1.178e-24
step12000,12000,V,v,residual,1024,64-128,1572864,0.01272372,0.01297483,0.004019419,0.01664852,0.01691215,0.002628781,0.00297392,0.001565,0.001536,0,0,1.524e-23,1.178e-24
step12000,12000,V,v,residual,1024,128-256,3145728,0.006872859,0.007141838,0.002387683,0.009138966,0.009402597,0.002248037,0.002384549,0.001565,0.001536,0,0,1.524e-23,1.178e-24
step12000,12000,V,v,residual,1024,256-512,6291456,0.001080718,0.001349697,0.000893116,0.001968607,0.002232237,0.001869361,0.001890818,0.001565,0.001536,0,0,1.524e-23,1.178e-24
step12000,12000,V,v,residual,1024,512-1024,1.258291e+07,0.002830948,0.003099927,0.00151825,0.004327923,0.004591776,0.002147618,0.002339863,0.001565,0.001536,8.401417e-07,0,1.524e-23,1.178e-24
step12000,12000,O,u,residual,1024,spike,786432,0.007085631,0.007349484,0.006868998,0.01395463,0.01421848,0.002411979,0.002783639,0.001565,0.001536,2.81561e-05,3.396897e-05,1.524e-23,1.178e-24
step12000,12000,O,u,residual,1024,32-64,786432,0.001342819,0.001611798,0.002872467,0.003868644,0.004132274,0.001918066,0.002308618,0.001565,0.001536,0,0,1.524e-23,1.178e-24
step12000,12000,O,u,residual,1024,64-128,1572864,0.0009274384,0.001191291,0.00169754,0.002342444,0.002587297,0.001837594,0.002037957,0.001565,0.001536,0,0,1.524e-23,1.178e-24
step12000,12000,O,u,residual,1024,128-256,3145728,0.0003360049,0.0005454039,0.0007743835,0.0008355678,0.001099421,0.001778376,0.001820383,0.001565,0.001536,0,0,1.524e-23,1.178e-24
step12000,12000,O,u,residual,1024,256-512,6291456,0.0002121809,0.000297476,0.0003760656,0.0003646278,0.0002496345,0.001757304,0.001736573,0.001565,0.001536,0,0,1.524e-23,1.178e-24
step12000,12000,O,u,residual,1024,512-1024,1.258291e+07,0.0002286984,0.0002988791,0.0006522338,0.0005601066,0.0008182616,0.001772744,0.00180551,0.001565,0.001536,0,0,1.524e-23,1.178e-24
step12000,12000,O,v,head,1024,spike,786432,0.04149809,0.04176172,0.003584544,0.04459894,0.04486792,0.006450835,0.00703521,0.001565,0.001536,0,7.26609e-07,1.524e-23,1.178e-24
step12000,12000,O,v,head,1024,32-64,786432,0.0252953,0.02556428,0.00495402,0.03020736,0.03047634,0.004706247,0.005243937,0.001565,0.001536,0,0,1.524e-23,1.178e-24
step12000,12000,O,v,head,1024,64-128,1572864,0.02113156,0.02140054,0.003213247,0.01853234,0.01879597,0.004125686,0.003742036,0.001565,0.001536,0,0,1.524e-23,1.178e-24
step12000,12000,O,v,head,1024,128-256,3145728,0.01397137,0.01424035,0.007380486,0.006590889,0.006859868,0.003224146,0.002426829,0.001565,0.001536,0,0,1.524e-23,1.178e-24
step12000,12000,O,v,head,1024,256-512,6291456,0.004339441,0.004603072,0.003481547,0.0008578941,0.001121525,0.002143883,0.001847858,0.001565,0.001536,0,0,1.524e-23,1.178e-24
step12000,12000,O,v,head,1024,512-1024,1.258291e+07,0.006441798,0.006710777,0.002148072,0.004293726,0.004562705,0.002451522,0.002186378,0.001565,0.001536,0,0,1.524e-23,1.178e-24
step12000,12000,MLP_IN,u,hidden,4096,spike,3145728,0.01012948,0.01016877,0.01088111,0.01017013,0.01023606,0.00295907,0.00239999,0.001565,0.001558,1.167116e-05,1.73932e-05,1.524e-23,8.299e-24
step12000,12000,MLP_IN,u,hidden,4096,32-64,3145728,0.003134773,0.003201988,0.0008751551,0.004009928,0.004077143,0.002173242,0.002280689,0.001565,0.001558,1.816523e-07,0,1.524e-23,8.299e-24
step12000,12000,MLP_IN,u,hidden,4096,64-128,6291456,0.001991477,0.002058692,0.001482328,0.003353024,0.003418905,0.002024469,0.002153533,0.001565,0.001558,0,0,1.524e-23,8.299e-24
step12000,12000,MLP_IN,u,hidden,4096,128-256,1.258291e+07,0.001803921,0.001871136,0.0003662109,0.002005164,0.002071046,0.001971086,0.00201089,0.001565,0.001558,0,0,1.524e-23,8.299e-24
step12000,12000,MLP_IN,u,hidden,4096,256-512,2.516582e+07,0.001147276,0.001214491,0.0002425512,0.001023378,0.001090593,0.001895422,0.001888729,0.001565,0.001558,0,0,1.524e-23,8.299e-24
step12000,12000,MLP_IN,u,hidden,4096,512-1024,5.033165e+07,0.0005561571,0.000623372,0.0004456242,0.0001900495,0.0002559802,0.001842459,0.001781308,0.001565,0.001558,3.547896e-07,0,1.524e-23,8.299e-24
step12000,12000,MLP_IN,v,residual,1024,spike,786432,0.00141776,0.001576427,0.01236725,0.01322355,0.01348718,0.001949492,0.002796173,0.001565,0.001536,0,0,1.524e-23,1.178e-24
step12000,12000,MLP_IN,v,residual,1024,32-64,786432,0.008124455,0.008358653,0.004250844,0.01193037,0.012194,0.002356575,0.002577464,0.001565,0.001536,0,0,1.524e-23,1.178e-24
step12000,12000,MLP_IN,v,residual,1024,64-128,1572864,0.007972622,0.008236253,0.001277924,0.008290514,0.008554144,0.002359935,0.00240226,0.001565,0.001536,0,0,1.524e-23,1.178e-24
step12000,12000,MLP_IN,v,residual,1024,128-256,3145728,0.005939279,0.00619325,0.0009021759,0.005478446,0.005742077,0.002169518,0.002111526,0.001565,0.001536,0,0,1.524e-23,1.178e-24
step12000,12000,MLP_IN,v,residual,1024,256-512,6291456,0.00262843,0.002862628,0.0009415944,0.001773629,0.00202474,0.001928125,0.001876332,0.001565,0.001536,0,0,1.524e-23,1.178e-24
step12000,12000,MLP_IN,v,residual,1024,512-1024,1.258291e+07,0.004439185,0.004703038,0.0003035863,0.004341195,0.004605048,0.002372833,0.002312024,0.001565,0.001536,4.439127e-06,4.405067e-06,1.524e-23,1.178e-24
step12000,12000,MLP_OUT,u,residual,1024,spike,786432,0.01456075,0.01482972,0.02936681,0.04366738,0.04393101,0.002847217,0.003100804,0.001565,0.001536,8.10169e-05,0.0001840137,1.524e-23,1.178e-24
step12000,12000,MLP_OUT,u,residual,1024,32-64,786432,0.00330781,0.003571662,0.002961477,0.006020059,0.006283912,0.00226266,0.002570198,0.001565,0.001536,0,0,1.524e-23,1.178e-24
step12000,12000,MLP_OUT,u,residual,1024,64-128,1572864,0.001973301,0.002237154,0.002714793,0.00462473,0.004893709,0.001972925,0.00222633,0.001565,0.001536,0,0,1.524e-23,1.178e-24
step12000,12000,MLP_OUT,u,residual,1024,128-256,3145728,0.0009776201,0.001211817,0.001270612,0.002072765,0.002323876,0.001873243,0.00194486,0.001565,0.001536,0,0,1.524e-23,1.178e-24
step12000,12000,MLP_OUT,u,residual,1024,256-512,6291456,0.0001780094,0.0004418621,0.0005758603,0.0004375677,0.0007014205,0.001774175,0.001794474,0.001565,0.001536,0,0,1.524e-23,1.178e-24
step12000,12000,MLP_OUT,u,residual,1024,512-1024,1.258291e+07,0.0008248784,0.001005711,0.0023609,0.001915122,0.002178752,0.001837992,0.001902308,0.001565,0.001536,0,0,1.524e-23,1.178e-24
step12000,12000,MLP_OUT,v,hidden,4096,spike,3145728,0.01702991,0.01709584,0.007520676,0.009517501,0.009583432,0.004053297,0.002776555,0.001565,0.001558,1.534962e-05,1.716614e-05,1.524e-23,8.299e-24
step12000,12000,MLP_OUT,v,hidden,4096,32-64,3145728,0.00593105,0.00599698,0.0003557205,0.005960828,0.006028043,0.002620697,0.002609798,0.001565,0.001558,8.174351e-07,0,1.524e-23,8.299e-24
step12000,12000,MLP_OUT,v,hidden,4096,64-128,6291456,0.003347919,0.003415134,0.001073201,0.004264578,0.004330459,0.002200513,0.002305076,0.001565,0.001558,9.082613e-08,0,1.524e-23,8.299e-24
step12000,12000,MLP_OUT,v,hidden,4096,128-256,1.258291e+07,0.002390767,0.002456648,0.0004015764,0.002694653,0.002761867,0.00201651,0.002079044,0.001565,0.001558,0,0,1.524e-23,8.299e-24
step12000,12000,MLP_OUT,v,hidden,4096,256-512,2.516582e+07,0.001848254,0.001911009,0.0008235375,0.001113757,0.001179638,0.001907604,0.001905975,0.001565,0.001558,0,0,1.524e-23,8.299e-24
step12000,12000,MLP_OUT,v,hidden,4096,512-1024,5.033165e+07,0.0007837062,0.0008495876,0.0005665024,0.0003141381,0.0003753183,0.001832349,0.001784892,0.001565,0.001558,1.532691e-07,0,1.524e-23,8.299e-24
step16000,16000,Q,u,head,1024,spike,786432,0.0504231,0.05067421,0.02602132,0.07472665,0.07499028,0.005973816,0.006919134,0.001565,0.001536,3.451393e-06,0.0001923697,1.524e-23,1.178e-24
step16000,16000,Q,u,head,1024,32-64,786432,0.03560057,0.0358642,0.004618327,0.03973824,0.04000187,0.004951295,0.005085536,0.001565,0.001536,7.26609e-07,0,1.524e-23,1.178e-24
step16000,16000,Q,u,head,1024,64-128,1572864,0.03106807,0.0313317,0.003871282,0.02813711,0.02840074,0.004340217,0.003796895,0.001565,0.001536,0,0,1.524e-23,1.178e-24
step16000,16000,Q,u,head,1024,128-256,3145728,0.02531678,0.02558041,0.009543419,0.01584489,0.01610852,0.003669012,0.002694675,0.001565,0.001536,0,0,1.524e-23,1.178e-24
step16000,16000,Q,u,head,1024,256-512,6291456,0.01107906,0.01134269,0.006421725,0.004715984,0.004979614,0.00249765,0.002034959,0.001565,0.001536,0,0,1.524e-23,1.178e-24
step16000,16000,Q,u,head,1024,512-1024,1.258291e+07,0.01329919,0.01356817,0.00478665,0.008698827,0.008967806,0.003447351,0.002837385,0.001565,0.001536,0,4.541306e-08,1.524e-23,1.178e-24
step16000,16000,Q,v,residual,1024,spike,786432,0.002324889,0.002588742,0.008215586,0.01020867,0.0104723,0.001952762,0.002758571,0.001565,0.001536,0,0,1.524e-23,1.178e-24
step16000,16000,Q,v,residual,1024,32-64,786432,0.005413596,0.005677227,0.002930959,0.008326753,0.008590384,0.002092997,0.002471379,0.001565,0.001536,0,0,1.524e-23,1.178e-24
step16000,16000,Q,v,residual,1024,64-128,1572864,0.00504218,0.005276377,0.001040141,0.005584127,0.005853106,0.002094541,0.002238501,0.001565,0.001536,0,0,1.524e-23,1.178e-24
step16000,16000,Q,v,residual,1024,128-256,3145728,0.003327275,0.003590905,0.0008223852,0.002646241,0.002907842,0.001956758,0.001942498,0.001565,0.001536,0,0,1.524e-23,1.178e-24
step16000,16000,Q,v,residual,1024,256-512,6291456,0.0007117039,0.0009459012,0.0005151431,0.0002530317,0.0005211126,0.001805442,0.001782985,0.001565,0.001536,0,0,1.524e-23,1.178e-24
step16000,16000,Q,v,residual,1024,512-1024,1.258291e+07,0.001310235,0.001579214,0.0001886686,0.001377469,0.001646448,0.001943304,0.001944837,0.001565,0.001536,0,0,1.524e-23,1.178e-24
step16000,16000,K,u,head,1024,spike,786432,0.05904686,0.05929797,0.04981867,0.108062,0.1083256,0.007062095,0.007893335,0.001565,0.001536,7.26609e-07,0.0004101708,1.524e-23,1.178e-24
step16000,16000,K,u,head,1024,32-64,786432,0.04012734,0.04039097,0.008767446,0.04889479,0.04915842,0.00529698,0.006061372,0.001565,0.001536,0,0,1.524e-23,1.178e-24
step16000,16000,K,u,head,1024,64-128,1572864,0.03587205,0.03613568,0.001868566,0.03459349,0.03485712,0.004728045,0.004273914,0.001565,0.001536,0,0,1.524e-23,1.178e-24
step16000,16000,K,u,head,1024,128-256,3145728,0.02664588,0.02690951,0.007219315,0.01949417,0.01974528,0.003813925,0.002973466,0.001565,0.001536,0,0,1.524e-23,1.178e-24
step16000,16000,K,u,head,1024,256-512,6291456,0.009887918,0.01015155,0.003425598,0.00646232,0.006725951,0.00247533,0.002132938,0.001565,0.001536,0,0,1.524e-23,1.178e-24
step16000,16000,K,u,head,1024,512-1024,1.258291e+07,0.01323832,0.0135073,0.002378146,0.01086017,0.01112915,0.003379129,0.0030626,0.001565,0.001536,1.70299e-07,0,1.524e-23,1.178e-24
step16000,16000,K,v,residual,1024,spike,786432,0.0004100736,0.0006194726,0.005781809,0.005652577,0.00591643,0.001803262,0.002429236,0.001565,0.001536,0,0,1.524e-23,1.178e-24
step16000,16000,K,v,residual,1024,32-64,786432,0.002689792,0.002940903,0.003445943,0.005610689,0.00587432,0.001923334,0.002297174,0.001565,0.001536,0,0,1.524e-23,1.178e-24
step16000,16000,K,v,residual,1024,64-128,1572864,0.00265418,0.002889955,0.0005105337,0.002895777,0.003129974,0.001965659,0.001997539,0.001565,0.001536,0,0,1.524e-23,1.178e-24
step16000,16000,K,v,residual,1024,128-256,3145728,0.001724674,0.001975785,0.0007791519,0.0009818718,0.001245502,0.001862662,0.001860301,0.001565,0.001536,0,0,1.524e-23,1.178e-24
step16000,16000,K,v,residual,1024,256-512,6291456,0.0002391001,0.000508079,0.0002555847,0.0002265537,0.0004216044,0.001756259,0.001768248,0.001565,0.001536,0,0,1.524e-23,1.178e-24
step16000,16000,K,v,residual,1024,512-1024,1.258291e+07,0.0004639288,0.0007329078,0.0002698898,0.0006122252,0.0008812041,0.001837583,0.001841012,0.001565,0.001536,0,0,1.524e-23,1.178e-24
step16000,16000,V,u,head,1024,spike,786432,0.04643431,0.04669794,0.004216512,0.04241694,0.04268592,0.006624858,0.006919498,0.001565,0.001536,7.26609e-07,3.269741e-06,1.524e-23,1.178e-24
step16000,16000,V,u,head,1024,32-64,786432,0.02981826,0.03008724,0.00142924,0.02843989,0.02870886,0.005153293,0.00502105,0.001565,0.001536,0,0,1.524e-23,1.178e-24
step16000,16000,V,u,head,1024,64-128,1572864,0.01724121,0.01751018,0.0009161631,0.01681905,0.01708802,0.003758567,0.003530956,0.001565,0.001536,0,0,1.524e-23,1.178e-24
step16000,16000,V,u,head,1024,128-256,3145728,0.008946147,0.009215126,0.002620697,0.00632545,0.006594429,0.00276729,0.002396856,0.001565,0.001536,0,0,1.524e-23,1.178e-24
step16000,16000,V,u,head,1024,256-512,6291456,0.002121402,0.002373063,0.00118796,0.001105831,0.00137481,0.002013434,0.00183823,0.001565,0.001536,0,0,1.524e-23,1.178e-24
step16000,16000,V,u,head,1024,512-1024,1.258291e+07,0.003610657,0.003879636,0.0006115437,0.004144574,0.004408204,0.002142566,0.002198412,0.001565,0.001536,0,0,1.524e-23,1.178e-24
step16000,16000,V,v,residual,1024,spike,786432,0.02009244,0.02034355,0.009737651,0.02942573,0.02967685,0.003129142,0.003970192,0.001565,0.001536,0,0,1.524e-23,1.178e-24
step16000,16000,V,v,residual,1024,32-64,786432,0.01662118,0.01688481,0.006088257,0.02239027,0.0226539,0.002870106,0.003419967,0.001565,0.001536,0,0,1.524e-23,1.178e-24
step16000,16000,V,v,residual,1024,64-128,1572864,0.01401054,0.01426165,0.004603068,0.01817058,0.01843421,0.002635138,0.002987816,0.001565,0.001536,0,0,1.524e-23,1.178e-24
step16000,16000,V,v,residual,1024,128-256,3145728,0.008264765,0.008528395,0.001935005,0.009882832,0.01014646,0.002253623,0.002399308,0.001565,0.001536,0,0,1.524e-23,1.178e-24
step16000,16000,V,v,residual,1024,256-512,6291456,0.001935436,0.002186547,0.001026154,0.002859657,0.003123287,0.001868044,0.001915841,0.001565,0.001536,0,0,1.524e-23,1.178e-24
step16000,16000,V,v,residual,1024,512-1024,1.258291e+07,0.003851459,0.004120438,0.001397928,0.005084799,0.005353778,0.002284459,0.002484889,0.001565,0.001536,7.493155e-07,0,1.524e-23,1.178e-24
step16000,16000,O,u,residual,1024,spike,786432,0.009061223,0.009330202,0.008135478,0.01711829,0.01738557,0.00243414,0.002830505,0.001565,0.001536,4.087176e-05,6.484985e-05,1.524e-23,1.178e-24
step16000,16000,O,u,residual,1024,32-64,786432,0.001455527,0.00170038,0.003468831,0.004122957,0.004386588,0.001954942,0.002290635,0.001565,0.001536,0,0,1.524e-23,1.178e-24
step16000,16000,O,u,residual,1024,64-128,1572864,0.0008589884,0.001127967,0.001780192,0.002377097,0.002640728,0.001846041,0.002056485,0.001565,0.001536,0,0,1.524e-23,1.178e-24
step16000,16000,O,u,residual,1024,128-256,3145728,0.0007532998,0.0009287509,0.0006952286,0.0007866837,0.001031537,0.001781237,0.001854987,0.001565,0.001536,0,0,1.524e-23,1.178e-24
step16000,16000,O,u,residual,1024,256-512,6291456,0.0002159956,0.000279833,0.0003296534,0.0001273613,0.0003963402,0.001752513,0.001766114,0.001565,0.001536,0,0,1.524e-23,1.178e-24
step16000,16000,O,u,residual,1024,512-1024,1.258291e+07,0.0001649758,0.0004288285,0.0006270409,0.0005605578,0.0007946643,0.00176927,0.001812606,0.001565,0.001536,0,0,1.524e-23,1.178e-24
step16000,16000,O,v,head,1024,spike,786432,0.03880823,0.03907721,0.001982371,0.03854248,0.03881145,0.006183624,0.006300245,0.001565,0.001536,0,1.271566e-06,1.524e-23,1.178e-24
step16000,16000,O,v,head,1024,32-64,786432,0.02238215,0.02265113,0.003967285,0.02599848,0.02626746,0.004391806,0.00472859,0.001565,0.001536,0,0,1.524e-23,1.178e-24
step16000,16000,O,v,head,1024,64-128,1572864,0.01880396,0.01907294,0.002998352,0.01580561,0.01607459,0.003914697,0.003476733,0.001565,0.001536,0,0,1.524e-23,1.178e-24
step16000,16000,O,v,head,1024,128-256,3145728,0.01286448,0.01313346,0.006776174,0.006159052,0.006422682,0.003119015,0.002386593,0.001565,0.001536,0,0,1.524e-23,1.178e-24
step16000,16000,O,v,head,1024,256-512,6291456,0.004472619,0.004741598,0.003923416,0.0005874535,0.0008513063,0.002182643,0.001833757,0.001565,0.001536,0,0,1.524e-23,1.178e-24
step16000,16000,O,v,head,1024,512-1024,1.258291e+07,0.005976961,0.00624594,0.002064308,0.003918137,0.004187116,0.002433084,0.002146982,0.001565,0.001536,0,0,1.524e-23,1.178e-24
step16000,16000,MLP_IN,u,hidden,4096,spike,3145728,0.01054846,0.01058775,0.01221625,0.01281665,0.01288253,0.003080141,0.002471333,0.001565,0.001558,1.194364e-05,1.943679e-05,1.524e-23,8.299e-24
step16000,16000,MLP_IN,u,hidden,4096,32-64,3145728,0.003910746,0.003977961,0.001140277,0.004851246,0.004917128,0.002206893,0.002414295,0.001565,0.001558,0,0,1.524e-23,8.299e-24
step16000,16000,MLP_IN,u,hidden,4096,64-128,6291456,0.002707387,0.002773268,0.0008500417,0.003460312,0.003526194,0.002098401,0.002202488,0.001565,0.001558,0,0,1.524e-23,8.299e-24
step16000,16000,MLP_IN,u,hidden,4096,128-256,1.258291e+07,0.002022312,0.002089527,0.0005346934,0.002543734,0.002610949,0.002000707,0.002056599,0.001565,0.001558,0,0,1.524e-23,8.299e-24
step16000,16000,MLP_IN,u,hidden,4096,256-512,2.516582e+07,0.001340255,0.001406136,0.0002879699,0.001147573,0.001213454,0.001923357,0.001899929,0.001565,0.001558,0,0,1.524e-23,8.299e-24
step16000,16000,MLP_IN,u,hidden,4096,512-1024,5.033165e+07,0.000711014,0.0007769447,0.000600795,0.0001405722,0.0001991023,0.001862614,0.001789124,0.001565,0.001558,4.371007e-07,0,1.524e-23,8.299e-24
step16000,16000,MLP_IN,v,residual,1024,spike,786432,0.001587647,0.001726934,0.01268514,0.0134092,0.01367283,0.002003079,0.002803802,0.001565,0.001536,0,0,1.524e-23,1.178e-24
step16000,16000,MLP_IN,v,residual,1024,32-64,786432,0.008359814,0.008623445,0.00327301,0.0109945,0.01125813,0.002431415,0.002523513,0.001565,0.001536,0,0,1.524e-23,1.178e-24
step16000,16000,MLP_IN,v,residual,1024,64-128,1572864,0.008486476,0.008755455,0.0009981791,0.008795961,0.009059592,0.002314976,0.002413704,0.001565,0.001536,0,0,1.524e-23,1.178e-24
step16000,16000,MLP_IN,v,residual,1024,128-256,3145728,0.006719812,0.006983443,0.001342773,0.005979333,0.006230444,0.002233778,0.002113933,0.001565,0.001536,0,0,1.524e-23,1.178e-24
step16000,16000,MLP_IN,v,residual,1024,256-512,6291456,0.003312383,0.003563494,0.001075109,0.00231668,0.002585659,0.001922426,0.001866931,0.001565,0.001536,0,0,1.524e-23,1.178e-24
step16000,16000,MLP_IN,v,residual,1024,512-1024,1.258291e+07,0.005798092,0.006061944,0.000575463,0.005287375,0.005556354,0.002432494,0.002330303,0.001565,0.001536,1.277242e-05,1.079696e-05,1.524e-23,1.178e-24
step16000,16000,MLP_OUT,u,residual,1024,spike,786432,0.01881668,0.01908565,0.03464635,0.05344445,0.05370808,0.003016517,0.002990723,0.001565,0.001536,0.0001033601,0.0002049037,1.524e-23,1.178e-24
step16000,16000,MLP_OUT,u,residual,1024,32-64,786432,0.003374781,0.00364376,0.002924601,0.006259964,0.006528943,0.002219246,0.002433414,0.001565,0.001536,0,0,1.524e-23,1.178e-24
step16000,16000,MLP_OUT,u,residual,1024,64-128,1572864,0.001991953,0.002260932,0.001850128,0.003442174,0.003711153,0.001992725,0.002131598,0.001565,0.001536,0,0,1.524e-23,1.178e-24
step16000,16000,MLP_OUT,u,residual,1024,128-256,3145728,0.0009627983,0.001226429,0.001268069,0.0020343,0.002285411,0.00184645,0.001910437,0.001565,0.001536,0,0,1.524e-23,1.178e-24
step16000,16000,MLP_OUT,u,residual,1024,256-512,6291456,0.000224293,0.000401338,0.001140436,0.001112048,0.001375679,0.001783598,0.001806305,0.001565,0.001536,0,0,1.524e-23,1.178e-24
step16000,16000,MLP_OUT,u,residual,1024,512-1024,1.258291e+07,0.0007710394,0.0009804383,0.002041181,0.00197255,0.002223661,0.001836731,0.001895746,0.001565,0.001536,0,0,1.524e-23,1.178e-24
step16000,16000,MLP_OUT,v,hidden,4096,spike,3145728,0.01950915,0.01957508,0.007727623,0.01178152,0.01184745,0.004379136,0.00303877,0.001565,0.001558,2.034505e-05,2.692995e-05,1.524e-23,8.299e-24
step16000,16000,MLP_OUT,v,hidden,4096,32-64,3145728,0.007797287,0.007864502,0.0008007685,0.007199119,0.007265049,0.002858253,0.002781686,0.001565,0.001558,2.043588e-06,0,1.524e-23,8.299e-24
step16000,16000,MLP_OUT,v,hidden,4096,64-128,6291456,0.004336983,0.004402914,0.0008006096,0.005009856,0.005077071,0.002342224,0.002435639,0.001565,0.001558,1.589457e-07,0,1.524e-23,8.299e-24
step16000,16000,MLP_OUT,v,hidden,4096,128-256,1.258291e+07,0.00257449,0.002641705,0.000341018,0.002743369,0.002810584,0.002069825,0.002153771,0.001565,0.001558,0,0,1.524e-23,8.299e-24
step16000,16000,MLP_OUT,v,hidden,4096,256-512,2.516582e+07,0.001980418,0.002043173,0.0008207957,0.001270994,0.001336875,0.001945269,0.001920286,0.001565,0.001558,0,0,1.524e-23,8.299e-24
step16000,16000,MLP_OUT,v,hidden,4096,512-1024,5.033165e+07,0.001053506,0.001116261,0.0009052753,0.0002418575,0.0003030377,0.001852626,0.001797949,0.001565,0.001558,2.440952e-07,0,1.524e-23,8.299e-24
step24000,24000,Q,u,head,1024,spike,786432,0.05456713,0.05481824,0.03012848,0.08390862,0.08417225,0.006358192,0.008038839,0.001565,0.001536,7.26609e-07,0.0001745678,1.524e-23,1.178e-24
step24000,24000,Q,u,head,1024,32-64,786432,0.03829883,0.03856246,0.01056035,0.04828051,0.04853162,0.005060105,0.006079356,0.001565,0.001536,0,0,1.524e-23,1.178e-24
step24000,24000,Q,u,head,1024,64-128,1572864,0.0349508,0.03521443,0.002323786,0.03409683,0.03434794,0.004633404,0.004255386,0.001565,0.001536,0,0,1.524e-23,1.178e-24
step24000,24000,Q,u,head,1024,128-256,3145728,0.02958733,0.02985096,0.01076889,0.01894708,0.01919819,0.003881636,0.002916381,0.001565,0.001536,0,0,1.524e-23,1.178e-24
step24000,24000,Q,u,head,1024,256-512,6291456,0.01390607,0.0141697,0.007431984,0.006474082,0.006737713,0.002696264,0.002146948,0.001565,0.001536,0,0,1.524e-23,1.178e-24
step24000,24000,Q,u,head,1024,512-1024,1.258291e+07,0.01710419,0.01737317,0.006550074,0.01055412,0.0108231,0.003907658,0.003040859,0.001565,0.001536,4.541306e-08,4.541306e-08,1.524e-23,1.178e-24
step24000,24000,Q,v,residual,1024,spike,786432,0.001884506,0.002153485,0.008146922,0.009600367,0.009869346,0.001934233,0.002654666,0.001565,0.001536,0,0,1.524e-23,1.178e-24
step24000,24000,Q,v,residual,1024,32-64,786432,0.005059606,0.005328585,0.003032684,0.007547284,0.007810914,0.002106803,0.002377828,0.001565,0.001536,0,0,1.524e-23,1.178e-24
step24000,24000,Q,v,residual,1024,64-128,1572864,0.004953925,0.005217556,0.000822703,0.004972363,0.005235994,0.00204822,0.002179282,0.001565,0.001536,0,0,1.524e-23,1.178e-24
step24000,24000,Q,v,residual,1024,128-256,3145728,0.003169919,0.003433549,0.0008042653,0.002481684,0.002745314,0.00189704,0.001919338,0.001565,0.001536,0,0,1.524e-23,1.178e-24
step24000,24000,Q,v,residual,1024,256-512,6291456,0.001101857,0.001370836,0.000767231,0.0003607969,0.0006246497,0.00182313,0.001789093,0.001565,0.001536,0,0,1.524e-23,1.178e-24
step24000,24000,Q,v,residual,1024,512-1024,1.258291e+07,0.001284407,0.001553386,0.0002328555,0.001259388,0.001504241,0.00197515,0.001901593,0.001565,0.001536,0,0,1.524e-23,1.178e-24
step24000,24000,K,u,head,1024,spike,786432,0.06312731,0.06337842,0.04624685,0.1086647,0.1089284,0.0073046,0.00827971,0.001565,0.001536,0,0.0004292443,1.524e-23,1.178e-24
step24000,24000,K,u,head,1024,32-64,786432,0.04304813,0.04331176,0.01192347,0.05433825,0.05458936,0.005529676,0.006412324,0.001565,0.001536,0,0,1.524e-23,1.178e-24
step24000,24000,K,u,head,1024,64-128,1572864,0.03984378,0.04010741,0.002855937,0.03928037,0.03953148,0.00505075,0.004553931,0.001565,0.001536,0,0,1.524e-23,1.178e-24
step24000,24000,K,u,head,1024,128-256,3145728,0.03175058,0.03201421,0.009401321,0.02253893,0.02279004,0.004085041,0.003056753,0.001565,0.001536,0,0,1.524e-23,1.178e-24
step24000,24000,K,u,head,1024,256-512,6291456,0.01378717,0.01405081,0.005375226,0.008411948,0.008675579,0.002665338,0.002199082,0.001565,0.001536,0,0,1.524e-23,1.178e-24
step24000,24000,K,u,head,1024,512-1024,1.258291e+07,0.01737186,0.01764084,0.004993439,0.01237842,0.0126474,0.003852004,0.003310942,0.001565,0.001536,3.40598e-07,0,1.524e-23,1.178e-24
step24000,24000,K,v,residual,1024,spike,786432,0.0004948097,0.0006899048,0.005456289,0.005423659,0.00567477,0.001879193,0.002304077,0.001565,0.001536,0,0,1.524e-23,1.178e-24
step24000,24000,K,v,residual,1024,32-64,786432,0.002140586,0.002404217,0.002335866,0.004389491,0.00465847,0.002014705,0.002166748,0.001565,0.001536,0,0,1.524e-23,1.178e-24
step24000,24000,K,v,residual,1024,64-128,1572864,0.002641473,0.002892584,0.0007712046,0.002457982,0.002726961,0.002012434,0.001987548,0.001565,0.001536,0,0,1.524e-23,1.178e-24
step24000,24000,K,v,residual,1024,128-256,3145728,0.001879796,0.002113993,0.001023928,0.001242172,0.001437268,0.001867294,0.001856577,0.001565,0.001536,0,0,1.524e-23,1.178e-24
step24000,24000,K,v,residual,1024,256-512,6291456,0.0001992203,0.0004440732,0.0002911886,0.0001093303,0.0002447694,0.001765478,0.001759733,0.001565,0.001536,0,0,1.524e-23,1.178e-24
step24000,24000,K,v,residual,1024,512-1024,1.258291e+07,0.0006654876,0.0009264081,0.000377814,0.0004871349,0.0007561138,0.001862889,0.001813151,0.001565,0.001536,0,0,1.524e-23,1.178e-24
step24000,24000,V,u,head,1024,spike,786432,0.04715656,0.04742019,0.005906423,0.04289123,0.04316021,0.006523496,0.006668272,0.001565,0.001536,7.26609e-07,2.179827e-06,1.524e-23,1.178e-24
step24000,24000,V,u,head,1024,32-64,786432,0.02940119,0.02967017,0.001338959,0.02856118,0.02882481,0.004980178,0.004950024,0.001565,0.001536,0,0,1.524e-23,1.178e-24
step24000,24000,V,u,head,1024,64-128,1572864,0.01718271,0.01745169,0.0007667542,0.0172927,0.01756168,0.003695806,0.003474826,0.001565,0.001536,0,0,1.524e-23,1.178e-24
step24000,24000,V,u,head,1024,128-256,3145728,0.01024918,0.01051816,0.003603617,0.006770498,0.007039477,0.00290194,0.002359572,0.001565,0.001536,0,0,1.524e-23,1.178e-24
step24000,24000,V,u,head,1024,256-512,6291456,0.003192629,0.003461608,0.002066135,0.001243179,0.001506809,0.002122221,0.001856668,0.001565,0.001536,0,0,1.524e-23,1.178e-24
step24000,24000,V,u,head,1024,512-1024,1.258291e+07,0.004541443,0.004810422,0.0005561511,0.00416045,0.004429429,0.002232018,0.002214057,0.001565,0.001536,0,0,1.524e-23,1.178e-24
step24000,24000,V,v,residual,1024,spike,786432,0.01842542,0.01867653,0.009471893,0.02756798,0.02781909,0.002936954,0.00380289,0.001565,0.001536,0,0,1.524e-23,1.178e-24
step24000,24000,V,v,residual,1024,32-64,786432,0.01687538,0.01712649,0.006530762,0.02290017,0.0231638,0.002829415,0.003409068,0.001565,0.001536,0,0,1.524e-23,1.178e-24
step24000,24000,V,v,residual,1024,64-128,1572864,0.01356549,0.01381661,0.00431633,0.01745076,0.01770187,0.002601169,0.002893085,0.001565,0.001536,0,0,1.524e-23,1.178e-24
step24000,24000,V,v,residual,1024,128-256,3145728,0.00949564,0.009759271,0.001216253,0.01070638,0.01095749,0.002294177,0.002352442,0.001565,0.001536,0,0,1.524e-23,1.178e-24
step24000,24000,V,v,residual,1024,256-512,6291456,0.003123555,0.003374666,0.0007206599,0.003570352,0.003827258,0.001908234,0.001940432,0.001565,0.001536,0,0,1.524e-23,1.178e-24
step24000,24000,V,v,residual,1024,512-1024,1.258291e+07,0.004597153,0.004866132,0.001220226,0.00571393,0.005977783,0.002404985,0.002552294,0.001565,0.001536,1.067207e-06,2.270653e-07,1.524e-23,1.178e-24
step24000,24000,O,u,residual,1024,spike,786432,0.01182815,0.01209713,0.0102183,0.02192226,0.02218611,0.002615066,0.002886454,0.001565,0.001536,5.158924e-05,0.000112806,1.524e-23,1.178e-24
step24000,24000,O,u,residual,1024,32-64,786432,0.002307476,0.002552329,0.003075918,0.004453069,0.004722048,0.002053034,0.002308982,0.001565,0.001536,0,0,1.524e-23,1.178e-24
step24000,24000,O,u,residual,1024,64-128,1572864,0.0008290546,0.001038454,0.001485189,0.002169337,0.002438316,0.001858393,0.001943316,0.001565,0.001536,0,0,1.524e-23,1.178e-24
step24000,24000,O,u,residual,1024,128-256,3145728,0.0003172846,0.0004307218,0.001057943,0.0009915491,0.001260528,0.001780555,0.001862935,0.001565,0.001536,0,0,1.524e-23,1.178e-24
step24000,24000,O,u,residual,1024,256-512,6291456,0.0003929598,0.0001502546,0.0002487501,0.0002749404,0.0002836477,0.001749334,0.00175526,0.001565,0.001536,0,0,1.524e-23,1.178e-24
step24000,24000,O,u,residual,1024,512-1024,1.258291e+07,0.0002158045,0.0004308224,0.0007764498,0.0008198266,0.001083457,0.001774958,0.001806713,0.001565,0.001536,0,0,1.524e-23,1.178e-24
step24000,24000,O,v,head,1024,spike,786432,0.03800128,0.03826491,0.005673726,0.03317647,0.03344545,0.005872636,0.005743299,0.001565,0.001536,0,0,1.524e-23,1.178e-24
step24000,24000,O,v,head,1024,32-64,786432,0.02055999,0.02082897,0.002925873,0.02282896,0.02309259,0.004128956,0.004433042,0.001565,0.001536,0,0,1.524e-23,1.178e-24
step24000,24000,O,v,head,1024,64-128,1572864,0.01564348,0.01591246,0.001936595,0.01393895,0.01420793,0.003576279,0.003230322,0.001565,0.001536,0,0,1.524e-23,1.178e-24
step24000,24000,O,v,head,1024,128-256,3145728,0.01179368,0.01205731,0.006631533,0.005401339,0.005670318,0.003017244,0.002252034,0.001565,0.001536,0,0,1.524e-23,1.178e-24
step24000,24000,O,v,head,1024,256-512,6291456,0.004552831,0.004816684,0.00421683,0.0006134845,0.0008645955,0.002172992,0.001804352,0.001565,0.001536,0,0,1.524e-23,1.178e-24
step24000,24000,O,v,head,1024,512-1024,1.258291e+07,0.005773113,0.006042092,0.002614101,0.003212895,0.003481874,0.002418121,0.002109448,0.001565,0.001536,2.043588e-07,0,1.524e-23,1.178e-24
step24000,24000,MLP_IN,u,hidden,4096,spike,3145728,0.0111817,0.01122099,0.01408609,0.01677995,0.01684716,0.003154936,0.002683095,0.001565,0.001558,1.376016e-05,2.152579e-05,1.524e-23,8.299e-24
step24000,24000,MLP_IN,u,hidden,4096,32-64,3145728,0.004987445,0.005054659,0.001941045,0.006601165,0.006667096,0.002363932,0.002563159,0.001565,0.001558,6.811959e-07,0,1.524e-23,8.299e-24
step24000,24000,MLP_IN,u,hidden,4096,64-128,6291456,0.003876732,0.003943947,0.0009407997,0.004660652,0.004727867,0.002218678,0.002331416,0.001565,0.001558,0,0,1.524e-23,8.299e-24
step24000,24000,MLP_IN,u,hidden,4096,128-256,1.258291e+07,0.002888248,0.002955463,0.0004259745,0.002766337,0.002833552,0.002113444,0.002116589,0.001565,0.001558,0,0,1.524e-23,8.299e-24
step24000,24000,MLP_IN,u,hidden,4096,256-512,2.516582e+07,0.001965251,0.002032466,0.0005567471,0.00147512,0.001541002,0.001988008,0.001928034,0.001565,0.001558,0,0,1.524e-23,8.299e-24
step24000,24000,MLP_IN,u,hidden,4096,512-1024,5.033165e+07,0.001116222,0.001183437,0.0008785923,0.0002724664,0.000337842,0.001920294,0.001786933,0.001565,0.001558,6.868726e-07,0,1.524e-23,8.299e-24
step24000,24000,MLP_IN,v,residual,1024,spike,786432,0.001224733,0.00140071,0.01236725,0.01248859,0.01275222,0.001934778,0.002626147,0.001565,0.001536,0,0,1.524e-23,1.178e-24
step24000,24000,MLP_IN,v,residual,1024,32-64,786432,0.007979121,0.0082481,0.003400167,0.01120558,0.01146921,0.002262115,0.002538409,0.001565,0.001536,0,0,1.524e-23,1.178e-24
step24000,24000,MLP_IN,v,residual,1024,64-128,1572864,0.008805498,0.009069129,0.0007724762,0.008703137,0.008966767,0.002365385,0.002300989,0.001565,0.001536,0,0,1.524e-23,1.178e-24
step24000,24000,MLP_IN,v,residual,1024,128-256,3145728,0.007898117,0.008132314,0.00224336,0.005722159,0.00597327,0.002228101,0.002101944,0.001565,0.001536,0,0,1.524e-23,1.178e-24
step24000,24000,MLP_IN,v,residual,1024,256-512,6291456,0.004269236,0.004520347,0.001537959,0.002731277,0.002982388,0.001961776,0.001880896,0.001565,0.001536,0,0,1.524e-23,1.178e-24
step24000,24000,MLP_IN,v,residual,1024,512-1024,1.258291e+07,0.007359153,0.007628132,0.001453718,0.006179874,0.006443504,0.002456994,0.002281938,0.001565,0.001536,2.541996e-05,1.32152e-05,1.524e-23,1.178e-24
step24000,24000,MLP_OUT,u,residual,1024,spike,786432,0.02283991,0.02310889,0.03675842,0.05910546,0.05936909,0.003041222,0.002784366,0.001565,0.001536,0.0001591274,0.0002223424,1.524e-23,1.178e-24
step24000,24000,MLP_OUT,u,residual,1024,32-64,786432,0.003813471,0.00408245,0.002166748,0.005691995,0.005955848,0.002236503,0.002465203,0.001565,0.001536,0,0,1.524e-23,1.178e-24
step24000,24000,MLP_OUT,u,residual,1024,64-128,1572864,0.002397442,0.002661073,0.001801173,0.003521011,0.00378999,0.002026422,0.00214722,0.001565,0.001536,0,0,1.524e-23,1.178e-24
step24000,24000,MLP_OUT,u,residual,1024,128-256,3145728,0.0007777827,0.001022636,0.001326561,0.001925374,0.002189004,0.001879465,0.001921063,0.001565,0.001536,0,0,1.524e-23,1.178e-24
step24000,24000,MLP_OUT,u,residual,1024,256-512,6291456,0.0002133409,0.0004474359,0.0007804235,0.0009292424,0.001198221,0.001764797,0.00181323,0.001565,0.001536,0,0,1.524e-23,1.178e-24
step24000,24000,MLP_OUT,u,residual,1024,512-1024,1.258291e+07,0.001022333,0.001231732,0.002068202,0.002222254,0.002473365,0.001852263,0.001886073,0.001565,0.001536,0,0,1.524e-23,1.178e-24
step24000,24000,MLP_OUT,v,hidden,4096,spike,3145728,0.02482991,0.02489713,0.007789294,0.01725371,0.01731964,0.004916464,0.003479821,0.001565,0.001558,2.960932e-05,5.426861e-05,1.524e-23,8.299e-24
step24000,24000,MLP_OUT,v,hidden,4096,32-64,3145728,0.01007318,0.01013911,0.0008595785,0.009305682,0.009372897,0.003245717,0.003156844,0.001565,0.001558,5.313328e-06,3.633045e-07,1.524e-23,8.299e-24
step24000,24000,MLP_OUT,v,hidden,4096,64-128,6291456,0.005802677,0.005869892,0.0002698898,0.005987158,0.006053088,0.002602464,0.002665883,0.001565,0.001558,3.40598e-07,0,1.524e-23,8.299e-24
step24000,24000,MLP_OUT,v,hidden,4096,128-256,1.258291e+07,0.003358489,0.003425704,0.0003765424,0.003534442,0.003601657,0.002181416,0.002251239,0.001565,0.001558,0,0,1.524e-23,8.299e-24
step24000,24000,MLP_OUT,v,hidden,4096,256-512,2.516582e+07,0.002235914,0.002301795,0.000680089,0.001582549,0.001649764,0.001993974,0.001955208,0.001565,0.001558,0,0,1.524e-23,8.299e-24
step24000,24000,MLP_OUT,v,hidden,4096,512-1024,5.033165e+07,0.001134797,0.001200679,0.0009341439,0.0002584517,0.0003256667,0.001887239,0.001786771,0.001565,0.001558,4.371007e-07,0,1.524e-23,8.299e-24
step32000,32000,Q,u,head,1024,spike,786432,0.06082451,0.06107562,0.04996109,0.1103316,0.1105828,0.00682631,0.009301503,0.001565,0.001536,7.26609e-07,0.0002693903,1.524e-23,1.178e-24
step32000,32000,Q,u,head,1024,32-64,786432,0.04230299,0.04256662,0.02518972,0.06609642,0.06634753,0.005619231,0.007401421,0.001565,0.001536,0,4.904611e-06,1.524e-23,1.178e-24
step32000,32000,Q,u,head,1024,64-128,1572864,0.03783651,0.03808762,0.008829753,0.04614937,0.04640048,0.0049463,0.005389259,0.001565,0.001536,0,0,1.524e-23,1.178e-24
step32000,32000,Q,u,head,1024,128-256,3145728,0.0323088,0.03257243,0.007288933,0.0250684,0.02531951,0.004134224,0.003448577,0.001565,0.001536,0,0,1.524e-23,1.178e-24
step32000,32000,Q,u,head,1024,256-512,6291456,0.01575985,0.01602348,0.006727695,0.009032155,0.009295785,0.00276922,0.002332755,0.001565,0.001536,0,0,1.524e-23,1.178e-24
step32000,32000,Q,u,head,1024,512-1024,1.258291e+07,0.01966147,0.01993045,0.006105185,0.01392315,0.01418678,0.004159405,0.003308671,0.001565,0.001536,9.082613e-08,0,1.524e-23,1.178e-24
step32000,32000,Q,v,residual,1024,spike,786432,0.002009505,0.002260616,0.009660085,0.01148278,0.01174641,0.001956395,0.00300362,0.001565,0.001536,0,7.26609e-07,1.524e-23,1.178e-24
step32000,32000,Q,v,residual,1024,32-64,786432,0.00524564,0.005496751,0.005149841,0.009524494,0.009788347,0.001978375,0.002708617,0.001565,0.001536,0,0,1.524e-23,1.178e-24
step32000,32000,Q,v,residual,1024,64-128,1572864,0.003928924,0.004166057,0.003200531,0.006844108,0.007107738,0.00205267,0.002398536,0.001565,0.001536,0,0,1.524e-23,1.178e-24
step32000,32000,Q,v,residual,1024,128-256,3145728,0.00303247,0.003266668,0.0009431839,0.003332361,0.003595992,0.001921154,0.002015023,0.001565,0.001536,0,0,1.524e-23,1.178e-24
step32000,32000,Q,v,residual,1024,256-512,6291456,0.001238936,0.001490047,0.0005955696,0.0007046421,0.00091966,0.001797177,0.001812594,0.001565,0.001536,0,0,1.524e-23,1.178e-24
step32000,32000,Q,v,residual,1024,512-1024,1.258291e+07,0.001524256,0.001793235,0.0004502932,0.001821325,0.002090304,0.002006167,0.001971131,0.001565,0.001536,0,0,1.524e-23,1.178e-24
step32000,32000,K,u,head,1024,spike,786432,0.06771767,0.06796878,0.04129918,0.1079285,0.1081921,0.007748377,0.008855366,0.001565,0.001536,7.26609e-07,0.0003362383,1.524e-23,1.178e-24
step32000,32000,K,u,head,1024,32-64,786432,0.047065,0.04732863,0.009532928,0.05592516,0.05617628,0.005923317,0.006555648,0.001565,0.001536,0,0,1.524e-23,1.178e-24
step32000,32000,K,u,head,1024,64-128,1572864,0.04180962,0.04207325,0.002703985,0.0411394,0.04139051,0.005168097,0.004574821,0.001565,0.001536,0,0,1.524e-23,1.178e-24
step32000,32000,K,u,head,1024,128-256,3145728,0.03324584,0.03349695,0.009088516,0.02438334,0.02463445,0.004209791,0.003188315,0.001565,0.001536,0,0,1.524e-23,1.178e-24
step32000,32000,K,u,head,1024,256-512,6291456,0.01573299,0.01599662,0.006460985,0.009332611,0.009583722,0.002784071,0.002258755,0.001565,0.001536,0,0,1.524e-23,1.178e-24
step32000,32000,K,u,head,1024,512-1024,1.258291e+07,0.01995981,0.02022879,0.006274462,0.01370188,0.01397086,0.004123745,0.003431252,0.001565,0.001536,5.222502e-07,4.541306e-08,1.524e-23,1.178e-24
step32000,32000,K,v,residual,1024,spike,786432,0.001073372,0.001268467,0.004465739,0.00436074,0.00462437,0.001848857,0.00226593,0.001565,0.001536,0,7.26609e-07,1.524e-23,1.178e-24
step32000,32000,K,v,residual,1024,32-64,786432,0.002893243,0.003144354,0.001443227,0.004028861,0.004292492,0.001895178,0.00216475,0.001565,0.001536,0,0,1.524e-23,1.178e-24
step32000,32000,K,v,residual,1024,64-128,1572864,0.002256439,0.002525418,0.0003617605,0.002554481,0.002818111,0.001941227,0.002034596,0.001565,0.001536,0,0,1.524e-23,1.178e-24
step32000,32000,K,v,residual,1024,128-256,3145728,0.002128396,0.002379507,0.001217524,0.0010387,0.001302553,0.001923334,0.001871336,0.001565,0.001536,0,0,1.524e-23,1.178e-24
step32000,32000,K,v,residual,1024,256-512,6291456,0.0005383949,0.0008073738,0.000729084,0.0002846157,0.0001878527,0.001792658,0.001754375,0.001565,0.001536,0,0,1.524e-23,1.178e-24
step32000,32000,K,v,residual,1024,512-1024,1.258291e+07,0.00062417,0.0008880227,0.0002511342,0.0004573326,0.0007263115,0.001886379,0.001851014,0.001565,0.001536,0,0,1.524e-23,1.178e-24
step32000,32000,V,u,head,1024,spike,786432,0.04696201,0.04722564,0.009278615,0.03947708,0.03974606,0.006377992,0.006308419,0.001565,0.001536,1.271566e-06,1.453218e-06,1.524e-23,1.178e-24
step32000,32000,V,u,head,1024,32-64,786432,0.02892485,0.02918848,0.003187815,0.02644861,0.02671759,0.004945119,0.004767282,0.001565,0.001536,0,0,1.524e-23,1.178e-24
step32000,32000,V,u,head,1024,64-128,1572864,0.01615642,0.01642005,0.0008602142,0.01633267,0.01660165,0.003615425,0.003437769,0.001565,0.001536,0,0,1.524e-23,1.178e-24
step32000,32000,V,u,head,1024,128-256,3145728,0.01030418,0.01057316,0.003921191,0.00645801,0.006726989,0.002915337,0.00232029,0.001565,0.001536,0,0,1.524e-23,1.178e-24
step32000,32000,V,u,head,1024,256-512,6291456,0.003584693,0.003848546,0.00290966,0.0007599836,0.001023614,0.002163842,0.001818702,0.001565,0.001536,0,0,1.524e-23,1.178e-24
step32000,32000,V,u,head,1024,512-1024,1.258291e+07,0.004740284,0.005009263,0.0007929802,0.003947304,0.004216283,0.002250013,0.002193655,0.001565,0.001536,0,0,1.524e-23,1.178e-24
step32000,32000,V,v,residual,1024,spike,786432,0.0168741,0.0171083,0.009545644,0.02641974,0.02665394,0.002901168,0.003645034,0.001565,0.001536,0,0,1.524e-23,1.178e-24
step32000,32000,V,v,residual,1024,32-64,786432,0.01548556,0.01573667,0.006601969,0.02188789,0.022139,0.002689907,0.003261021,0.001565,0.001536,0,0,1.524e-23,1.178e-24
step32000,32000,V,v,residual,1024,64-128,1572864,0.01248211,0.01271631,0.00437355,0.01685566,0.01708986,0.002476919,0.002812158,0.001565,0.001536,0,0,1.524e-23,1.178e-24
step32000,32000,V,v,residual,1024,128-256,3145728,0.008807931,0.009059042,0.001930555,0.01073466,0.01096886,0.002256348,0.002353623,0.001565,0.001536,0,0,1.524e-23,1.178e-24
step32000,32000,V,v,residual,1024,256-512,6291456,0.003606423,0.003840621,0.0008554459,0.004301661,0.004552772,0.001899379,0.001934369,0.001565,0.001536,0,0,1.524e-23,1.178e-24
step32000,32000,V,v,residual,1024,512-1024,1.258291e+07,0.005196776,0.005465755,0.0006700357,0.005626009,0.005894988,0.002467712,0.002538216,0.001565,0.001536,1.691637e-06,1.11262e-06,1.524e-23,1.178e-24
step32000,32000,O,u,residual,1024,spike,786432,0.01286829,0.01313727,0.01306407,0.02573781,0.02600679,0.002658481,0.002809434,0.001565,0.001536,6.684803e-05,0.0001327878,1.524e-23,1.178e-24
step32000,32000,O,u,residual,1024,32-64,786432,0.002303236,0.002554347,0.00216802,0.003660422,0.003917147,0.002011072,0.002225422,0.001565,0.001536,0,0,1.524e-23,1.178e-24
step32000,32000,O,u,residual,1024,64-128,1572864,0.0004719712,0.0007168241,0.002144496,0.002031757,0.002282868,0.001823425,0.001955123,0.001565,0.001536,0,0,1.524e-23,1.178e-24
step32000,32000,O,u,residual,1024,128-256,3145728,0.0003855047,0.0006303576,0.0004758835,0.0006807185,0.0009318295,0.001795405,0.001798176,0.001565,0.001536,0,0,1.524e-23,1.178e-24
step32000,32000,O,u,residual,1024,256-512,6291456,0.0001972723,0.0004046547,0.0004982948,0.0005261744,0.0007898049,0.001752604,0.001764888,0.001565,0.001536,0,0,1.524e-23,1.178e-24
step32000,32000,O,u,residual,1024,512-1024,1.258291e+07,0.0001315191,0.000341982,0.0007303556,0.0007858917,0.001049522,0.00177774,0.001816068,0.001565,0.001536,0,0,1.524e-23,1.178e-24
step32000,32000,O,v,head,1024,spike,786432,0.03724675,0.03751573,0.007068634,0.03017812,0.03044709,0.005813417,0.005428314,0.001565,0.001536,0,0,1.524e-23,1.178e-24
step32000,32000,O,v,head,1024,32-64,786432,0.01948298,0.01975196,0.003159841,0.02221939,0.02248836,0.004010337,0.004221417,0.001565,0.001536,0,0,1.524e-23,1.178e-24
step32000,32000,O,v,head,1024,64-128,1572864,0.01487609,0.01514507,0.002045314,0.01295031,0.01321929,0.003390448,0.003117698,0.001565,0.001536,0,0,1.524e-23,1.178e-24
step32000,32000,O,v,head,1024,128-256,3145728,0.01126185,0.01153065,0.006020864,0.005250341,0.00551932,0.002891404,0.002214659,0.001565,0.001536,0,0,1.524e-23,1.178e-24
step32000,32000,O,v,head,1024,256-512,6291456,0.004606134,0.004875113,0.004076481,0.0007684476,0.001005898,0.00224781,0.001842408,0.001565,0.001536,0,0,1.524e-23,1.178e-24
step32000,32000,O,v,head,1024,512-1024,1.258291e+07,0.005934284,0.006203263,0.002777418,0.003312951,0.00358193,0.002417326,0.002113853,0.001565,0.001536,4.541306e-08,0,1.524e-23,1.178e-24
step32000,32000,MLP_IN,u,hidden,4096,spike,3145728,0.01202901,0.01208133,0.01585579,0.01952176,0.01958897,0.00323836,0.002827917,0.001565,0.001558,1.893725e-05,2.770197e-05,1.524e-23,8.299e-24
step32000,32000,MLP_IN,u,hidden,4096,32-64,3145728,0.005200432,0.005267647,0.001567205,0.006598518,0.006665733,0.002441815,0.002649035,0.001565,0.001558,1.135327e-06,0,1.524e-23,8.299e-24
step32000,32000,MLP_IN,u,hidden,4096,64-128,6291456,0.004598822,0.004666037,0.000875473,0.005447116,0.005514331,0.00230435,0.002435139,0.001565,0.001558,0,0,1.524e-23,8.299e-24
step32000,32000,MLP_IN,u,hidden,4096,128-256,1.258291e+07,0.003493593,0.003560808,0.0001841386,0.003448453,0.003515668,0.00219051,0.002183051,0.001565,0.001558,0,0,1.524e-23,8.299e-24
step32000,32000,MLP_IN,u,hidden,4096,256-512,2.516582e+07,0.002007827,0.002073708,0.0004056295,0.0016328,0.001698731,0.001999537,0.001960368,0.001565,0.001558,0,0,1.524e-23,8.299e-24
step32000,32000,MLP_IN,u,hidden,4096,512-1024,5.033165e+07,0.001452233,0.001519448,0.001139979,0.0003278697,0.0003937512,0.001960956,0.001792508,0.001565,0.001558,1.084237e-06,0,1.524e-23,8.299e-24
step32000,32000,MLP_IN,v,residual,1024,spike,786432,0.000989093,0.001104514,0.01186498,0.01229266,0.01254377,0.001896631,0.002596901,0.001565,0.001536,0,0,1.524e-23,1.178e-24
step32000,32000,MLP_IN,v,residual,1024,32-64,786432,0.007556066,0.007790263,0.003607432,0.01075788,0.01100899,0.002143678,0.002430325,0.001565,0.001536,0,0,1.524e-23,1.178e-24
step32000,32000,MLP_IN,v,residual,1024,64-128,1572864,0.009612832,0.009863943,0.001265208,0.008566969,0.00881808,0.00234613,0.00230435,0.001565,0.001536,0,0,1.524e-23,1.178e-24
step32000,32000,MLP_IN,v,residual,1024,128-256,3145728,0.008197897,0.008449008,0.00265344,0.005686665,0.005950296,0.002214477,0.002125922,0.001565,0.001536,0,0,1.524e-23,1.178e-24
step32000,32000,MLP_IN,v,residual,1024,256-512,6291456,0.004448518,0.004682715,0.001780669,0.002801531,0.003052642,0.00196902,0.00187154,0.001565,0.001536,0,0,1.524e-23,1.178e-24
step32000,32000,MLP_IN,v,residual,1024,512-1024,1.258291e+07,0.008035547,0.008304526,0.001940409,0.006095137,0.006364116,0.00245461,0.002253158,0.001565,0.001536,2.661205e-05,1.580375e-05,1.524e-23,1.178e-24
step32000,32000,MLP_OUT,u,residual,1024,spike,786432,0.0235024,0.02377137,0.03922272,0.06167148,0.06193511,0.002972921,0.002869742,0.001565,0.001536,0.0001685733,0.0002190726,1.524e-23,1.178e-24
step32000,32000,MLP_OUT,u,residual,1024,32-64,786432,0.004078452,0.004342083,0.00155894,0.005637392,0.005901022,0.002324604,0.002430507,0.001565,0.001536,0,0,1.524e-23,1.178e-24
step32000,32000,MLP_OUT,u,residual,1024,64-128,1572864,0.002096643,0.002360496,0.002159119,0.003527864,0.003791495,0.002005713,0.002211616,0.001565,0.001536,0,0,1.524e-23,1.178e-24
step32000,32000,MLP_OUT,u,residual,1024,128-256,3145728,0.001198282,0.001464932,0.0009326935,0.001657272,0.001891469,0.001865887,0.001898947,0.001565,0.001536,0,0,1.524e-23,1.178e-24
step32000,32000,MLP_OUT,u,residual,1024,256-512,6291456,0.0006682535,0.0009372325,0.0008982023,0.001309431,0.001524448,0.001791137,0.001786618,0.001565,0.001536,0,0,1.524e-23,1.178e-24
step32000,32000,MLP_OUT,u,residual,1024,512-1024,1.258291e+07,0.001114203,0.001323602,0.002133846,0.002229437,0.002493067,0.00186701,0.001904771,0.001565,0.001536,0,0,1.524e-23,1.178e-24
step32000,32000,MLP_OUT,v,hidden,4096,spike,3145728,0.02828857,0.02835578,0.007465363,0.02120192,0.02126785,0.005338987,0.003783317,0.001565,0.001558,3.701165e-05,6.970905e-05,1.524e-23,8.299e-24
step32000,32000,MLP_OUT,v,hidden,4096,32-64,3145728,0.01183366,0.01189959,0.0008996328,0.01136286,0.01142879,0.003492764,0.003470058,0.001565,0.001558,8.946373e-06,8.628482e-07,1.524e-23,8.299e-24
step32000,32000,MLP_OUT,v,hidden,4096,64-128,6291456,0.006917626,0.006983556,0.0005254745,0.007420848,0.007486779,0.002754484,0.002881413,0.001565,0.001558,7.947286e-07,9.082613e-08,1.524e-23,8.299e-24
step32000,32000,MLP_OUT,v,hidden,4096,128-256,1.258291e+07,0.003981318,0.004048533,0.0003622373,0.004314707,0.004381922,0.002269007,0.00231375,0.001565,0.001558,0,0,1.524e-23,8.299e-24
step32000,32000,MLP_OUT,v,hidden,4096,256-512,2.516582e+07,0.002665248,0.002732463,0.00122114,0.001503315,0.00157053,0.00202704,0.001958313,0.001565,0.001558,0,0,1.524e-23,8.299e-24
step32000,32000,MLP_OUT,v,hidden,4096,512-1024,5.033165e+07,0.001439616,0.001505497,0.001176318,0.0002840694,0.0003468247,0.001921682,0.001788437,0.001565,0.001558,5.137353e-07,0,1.524e-23,8.299e-24
step48000,48000,Q,u,head,1024,spike,786432,0.07787748,0.07812859,0.09123993,0.1683723,0.1686234,0.008386884,0.01173019,0.001565,0.001536,0,0.0004524958,1.524e-23,1.178e-24
step48000,48000,Q,u,head,1024,32-64,786432,0.0538984,0.05416203,0.05794907,0.109378,0.1096291,0.007005601,0.0104163,0.001565,0.001536,7.26609e-07,3.542219e-05,1.524e-23,1.178e-24
step48000,48000,Q,u,head,1024,64-128,1572864,0.0471165,0.04738013,0.03007126,0.07546532,0.07571643,0.005930129,0.007750829,0.001565,0.001536,0,2.906436e-06,1.524e-23,1.178e-24
step48000,48000,Q,u,head,1024,128-256,3145728,0.03683419,0.0370853,0.006375313,0.04201201,0.04226312,0.004523868,0.004835401,0.001565,0.001536,0,0,1.524e-23,1.178e-24
step48000,48000,Q,u,head,1024,256-512,6291456,0.0187697,0.01902081,0.001582464,0.01747476,0.01772588,0.002962635,0.002888135,0.001565,0.001536,0,0,1.524e-23,1.178e-24
step48000,48000,Q,u,head,1024,512-1024,1.258291e+07,0.02490144,0.02517041,0.003523509,0.02399813,0.02424925,0.004546268,0.003977321,0.001565,0.001536,2.611251e-07,4.541306e-08,1.524e-23,1.178e-24
step48000,48000,Q,v,residual,1024,spike,786432,0.002374554,0.002638185,0.01343282,0.01561487,0.01588385,0.002028329,0.003415244,0.001565,0.001536,0,0,1.524e-23,1.178e-24
step48000,48000,Q,v,residual,1024,32-64,786432,0.004812922,0.005081901,0.008655548,0.01346593,0.01373491,0.002077012,0.003261929,0.001565,0.001536,0,0,1.524e-23,1.178e-24
step48000,48000,Q,v,residual,1024,64-128,1572864,0.005150382,0.005414013,0.005334218,0.009771778,0.01002289,0.002081462,0.002836046,0.001565,0.001536,0,0,1.524e-23,1.178e-24
step48000,48000,Q,v,residual,1024,128-256,3145728,0.003426457,0.003690087,0.001840274,0.004862195,0.005131174,0.001971744,0.002236366,0.001565,0.001536,0,0,1.524e-23,1.178e-24
step48000,48000,Q,v,residual,1024,256-512,6291456,0.001107806,0.001358917,0.0007042885,0.0006303759,0.00075738,0.001819588,0.00182397,0.001565,0.001536,0,0,1.524e-23,1.178e-24
step48000,48000,Q,v,residual,1024,512-1024,1.258291e+07,0.001722858,0.001991837,0.001157045,0.002762382,0.003026012,0.002022516,0.002054101,0.001565,0.001536,4.541306e-08,0,1.524e-23,1.178e-24
step48000,48000,K,u,head,1024,spike,786432,0.07660845,0.07685956,0.04640961,0.1222907,0.1225418,0.008455731,0.009897323,0.001565,0.001536,6.176177e-06,0.0003600348,1.524e-23,1.178e-24
step48000,48000,K,u,head,1024,32-64,786432,0.05467151,0.05493514,0.01473236,0.06897397,0.06922508,0.0068274,0.007807414,0.001565,0.001536,0,2.724784e-06,1.524e-23,1.178e-24
step48000,48000,K,u,head,1024,64-128,1572864,0.04631849,0.0465696,0.002391815,0.0479658,0.04821691,0.005740756,0.005342302,0.001565,0.001536,0,0,1.524e-23,1.178e-24
step48000,48000,K,u,head,1024,128-256,3145728,0.03574255,0.03599367,0.008338928,0.02759563,0.02784674,0.004432179,0.003435861,0.001565,0.001536,0,0,1.524e-23,1.178e-24
step48000,48000,K,u,head,1024,256-512,6291456,0.01698262,0.01724625,0.006254832,0.01074273,0.01100636,0.002881754,0.002344404,0.001565,0.001536,0,0,1.524e-23,1.178e-24
step48000,48000,K,u,head,1024,512-1024,1.258291e+07,0.02248816,0.02275714,0.006750425,0.01573774,0.01600672,0.004292499,0.003623883,0.001565,0.001536,8.514949e-07,4.541306e-08,1.524e-23,1.178e-24
step48000,48000,K,v,residual,1024,spike,786432,0.002087875,0.002244602,0.005695343,0.006729172,0.006998151,0.001942589,0.00234949,0.001565,0.001536,0,1.271566e-06,1.524e-23,1.178e-24
step48000,48000,K,v,residual,1024,32-64,786432,0.00414064,0.004374837,0.001981099,0.005168961,0.005437939,0.002034142,0.002230145,0.001565,0.001536,0,0,1.524e-23,1.178e-24
step48000,48000,K,v,residual,1024,64-128,1572864,0.003499816,0.003763669,0.0006465912,0.00310634,0.003369971,0.001997993,0.002087094,0.001565,0.001536,0,0,1.524e-23,1.178e-24
step48000,48000,K,v,residual,1024,128-256,3145728,0.002394581,0.002658212,0.001330694,0.001282487,0.001533598,0.00192674,0.001879556,0.001565,0.001536,0,0,1.524e-23,1.178e-24
step48000,48000,K,v,residual,1024,256-512,6291456,0.0005412559,0.0008102349,0.0006855329,0.0002691927,0.000124702,0.001802399,0.001732735,0.001565,0.001536,0,0,1.524e-23,1.178e-24
step48000,48000,K,v,residual,1024,512-1024,1.258291e+07,0.001058807,0.00132266,0.0005023479,0.0006874759,0.0009317435,0.0019254,0.001847324,0.001565,0.001536,0,0,1.524e-23,1.178e-24
step48000,48000,V,u,head,1024,spike,786432,0.05041177,0.0506754,0.01289495,0.03924056,0.03950954,0.006658827,0.006179991,0.001565,0.001536,7.26609e-07,0,1.524e-23,1.178e-24
step48000,48000,V,u,head,1024,32-64,786432,0.02906726,0.02933089,0.003270467,0.02616251,0.02643149,0.004691896,0.004439763,0.001565,0.001536,0,0,1.524e-23,1.178e-24
step48000,48000,V,u,head,1024,64-128,1572864,0.01734102,0.01761,0.0007419586,0.01760537,0.017869,0.003540947,0.003435498,0.001565,0.001536,0,0,1.524e-23,1.178e-24
step48000,48000,V,u,head,1024,128-256,3145728,0.0112693,0.01153828,0.003834724,0.007434573,0.007703552,0.002904892,0.002348128,0.001565,0.001536,0,0,1.524e-23,1.178e-24
step48000,48000,V,u,head,1024,256-512,6291456,0.004438605,0.004707584,0.003214041,0.001288478,0.001552109,0.002239159,0.00186457,0.001565,0.001536,0,0,1.524e-23,1.178e-24
step48000,48000,V,u,head,1024,512-1024,1.258291e+07,0.005197809,0.005466788,0.0009619395,0.004489547,0.004758526,0.002293746,0.002258085,0.001565,0.001536,0,0,1.524e-23,1.178e-24
step48000,48000,V,v,residual,1024,spike,786432,0.0181088,0.01835991,0.009124756,0.02673648,0.02700011,0.003112611,0.003892989,0.001565,0.001536,0,0,1.524e-23,1.178e-24
step48000,48000,V,v,residual,1024,32-64,786432,0.01615059,0.0164017,0.00575765,0.02142504,0.02167615,0.002876463,0.003309886,0.001565,0.001536,0,0,1.524e-23,1.178e-24
step48000,48000,V,v,residual,1024,64-128,1572864,0.01368502,0.01393613,0.00401179,0.01750289,0.01773709,0.002622604,0.002881368,0.001565,0.001536,0,0,1.524e-23,1.178e-24
step48000,48000,V,v,residual,1024,128-256,3145728,0.009604172,0.00981919,0.001229286,0.01058939,0.01082358,0.002231098,0.002342179,0.001565,0.001536,0,0,1.524e-23,1.178e-24
step48000,48000,V,v,residual,1024,256-512,6291456,0.004203741,0.004437939,0.0005987485,0.004558122,0.00477314,0.001909937,0.001926218,0.001565,0.001536,0,0,1.524e-23,1.178e-24
step48000,48000,V,v,residual,1024,512-1024,1.258291e+07,0.005655493,0.005924472,0.001016061,0.006423042,0.006692021,0.002498309,0.002576204,0.001565,0.001536,3.292447e-06,4.382361e-06,1.524e-23,1.178e-24
step48000,48000,O,u,residual,1024,spike,786432,0.01429922,0.01456308,0.01349767,0.02767567,0.02794465,0.002771105,0.002774738,0.001565,0.001536,8.428664e-05,0.0001191639,1.524e-23,1.178e-24
step48000,48000,O,u,residual,1024,32-64,786432,0.001326784,0.001590415,0.002751668,0.003815238,0.004078869,0.001962026,0.002382914,0.001565,0.001536,0,0,1.524e-23,1.178e-24
step48000,48000,O,u,residual,1024,64-128,1572864,0.000528842,0.0006860606,0.002850215,0.00263141,0.002895041,0.001839047,0.002041862,0.001565,0.001536,0,0,1.524e-23,1.178e-24
step48000,48000,O,u,residual,1024,128-256,3145728,0.000500902,0.0007645326,0.0006427765,0.0009789007,0.001230012,0.001802808,0.001844588,0.001565,0.001536,0,0,1.524e-23,1.178e-24
step48000,48000,O,u,residual,1024,256-512,6291456,0.0001918179,0.0003023039,0.0003242493,0.000206123,0.0002273821,0.001741659,0.001770224,0.001565,0.001536,0,0,1.524e-23,1.178e-24
step48000,48000,O,u,residual,1024,512-1024,1.258291e+07,0.0002330785,0.000496709,0.0006784598,0.0008588295,0.001127808,0.001776184,0.001837242,0.001565,0.001536,0,0,1.524e-23,1.178e-24
step48000,48000,O,v,head,1024,spike,786432,0.03903379,0.03929743,0.00566864,0.03384072,0.03410435,0.005967095,0.005754925,0.001565,0.001536,0,0,1.524e-23,1.178e-24
step48000,48000,O,v,head,1024,32-64,786432,0.02023956,0.02050854,0.00279363,0.02303319,0.02330217,0.004114423,0.004407247,0.001565,0.001536,0,0,1.524e-23,1.178e-24
step48000,48000,O,v,head,1024,64-128,1572864,0.01571533,0.01598431,0.001437505,0.01467964,0.01494862,0.003430957,0.003227779,0.001565,0.001536,0,0,1.524e-23,1.178e-24
step48000,48000,O,v,head,1024,128-256,3145728,0.0119782,0.01224717,0.006240845,0.00573735,0.006006329,0.002947489,0.002279463,0.001565,0.001536,0,0,1.524e-23,1.178e-24
step48000,48000,O,v,head,1024,256-512,6291456,0.005017008,0.005285987,0.003969351,0.001267864,0.001518975,0.002227624,0.001831032,0.001565,0.001536,0,0,1.524e-23,1.178e-24
step48000,48000,O,v,head,1024,512-1024,1.258291e+07,0.006571974,0.006840953,0.002935251,0.003636724,0.003905703,0.002525761,0.002155622,0.001565,0.001536,3.40598e-07,0,1.524e-23,1.178e-24
step48000,48000,MLP_IN,u,hidden,4096,spike,3145728,0.01342805,0.01348037,0.01891994,0.02460025,0.02466613,0.003347715,0.003075282,0.001565,0.001558,2.393268e-05,2.811069e-05,1.524e-23,8.299e-24
step48000,48000,MLP_IN,u,hidden,4096,32-64,3145728,0.006461928,0.006527859,0.002191544,0.008584704,0.008651919,0.00254186,0.002862612,0.001565,0.001558,1.0445e-06,0,1.524e-23,8.299e-24
step48000,48000,MLP_IN,u,hidden,4096,64-128,6291456,0.006079561,0.006146776,0.0007050832,0.00641732,0.006484535,0.002459435,0.002602645,0.001565,0.001558,1.816523e-07,0,1.524e-23,8.299e-24
step48000,48000,MLP_IN,u,hidden,4096,128-256,1.258291e+07,0.004706587,0.004773802,0.0005903244,0.004222916,0.004290131,0.002302045,0.002272265,0.001565,0.001558,0,0,1.524e-23,8.299e-24
step48000,48000,MLP_IN,u,hidden,4096,256-512,2.516582e+07,0.002567337,0.002634552,0.0006340742,0.002007093,0.002074308,0.002063524,0.001986407,0.001565,0.001558,0,0,1.524e-23,8.299e-24
step48000,48000,MLP_IN,u,hidden,4096,512-1024,5.033165e+07,0.002025193,0.002092408,0.001724621,0.0003086389,0.0003758538,0.002043,0.001805865,0.001565,0.001558,1.944247e-06,0,1.524e-23,8.299e-24
step48000,48000,MLP_IN,v,residual,1024,spike,786432,0.0008798475,0.000936734,0.01120249,0.01148267,0.01173378,0.001903171,0.002475557,0.001565,0.001536,0,0,1.524e-23,1.178e-24
step48000,48000,MLP_IN,v,residual,1024,32-64,786432,0.007679407,0.007913605,0.003065745,0.01019966,0.01045077,0.002174196,0.002479008,0.001565,0.001536,0,0,1.524e-23,1.178e-24
step48000,48000,MLP_IN,v,residual,1024,64-128,1572864,0.009235813,0.009486924,0.001405716,0.008088335,0.008351965,0.002383822,0.00231543,0.001565,0.001536,0,0,1.524e-23,1.178e-24
step48000,48000,MLP_IN,v,residual,1024,128-256,3145728,0.008309795,0.008560906,0.003280958,0.005348001,0.005599112,0.002260844,0.002063433,0.001565,0.001536,0,0,1.524e-23,1.178e-24
step48000,48000,MLP_IN,v,residual,1024,256-512,6291456,0.004465207,0.004711241,0.002255281,0.002288922,0.00252312,0.001966931,0.00186382,0.001565,0.001536,0,0,1.524e-23,1.178e-24
step48000,48000,MLP_IN,v,residual,1024,512-1024,1.258291e+07,0.008054779,0.008323758,0.002100388,0.006138212,0.00640719,0.002470005,0.002236661,0.001565,0.001536,2.749761e-05,1.428241e-05,1.524e-23,1.178e-24
step48000,48000,MLP_OUT,u,residual,1024,spike,786432,0.02440012,0.0246691,0.03614299,0.06011254,0.06037617,0.002989633,0.002806164,0.001565,0.001536,0.0001709348,0.000193823,1.524e-23,1.178e-24
step48000,48000,MLP_OUT,u,residual,1024,32-64,786432,0.003873656,0.004137509,0.001785278,0.005389752,0.005634605,0.002320608,0.002536229,0.001565,0.001536,0,0,1.524e-23,1.178e-24
step48000,48000,MLP_OUT,u,residual,1024,64-128,1572864,0.002918925,0.003187904,0.001755397,0.004514104,0.004783083,0.002084369,0.002098083,0.001565,0.001536,0,0,1.524e-23,1.178e-24
step48000,48000,MLP_OUT,u,residual,1024,128-256,3145728,0.00087594,0.001140365,0.001351357,0.00212044,0.002354637,0.001878239,0.001938956,0.001565,0.001536,0,0,1.524e-23,1.178e-24
step48000,48000,MLP_OUT,u,residual,1024,256-512,6291456,0.0006188886,0.0008699997,0.0007424355,0.001106298,0.001321316,0.001772109,0.001804988,0.001565,0.001536,0,0,1.524e-23,1.178e-24
step48000,48000,MLP_OUT,u,residual,1024,512-1024,1.258291e+07,0.001165543,0.001374942,0.002138694,0.002553885,0.002788082,0.001858882,0.001907156,0.001565,0.001536,0,0,1.524e-23,1.178e-24
step48000,48000,MLP_OUT,v,hidden,4096,spike,3145728,0.03322224,0.03328946,0.006493251,0.02738522,0.02745116,0.005810011,0.004260881,0.001565,0.001558,4.890987e-05,9.913672e-05,1.524e-23,8.299e-24
step48000,48000,MLP_OUT,v,hidden,4096,32-64,3145728,0.01555892,0.01562614,0.001407623,0.01458533,0.01465126,0.003935859,0.00395961,0.001565,0.001558,1.067207e-05,9.990874e-07,1.524e-23,8.299e-24
step48000,48000,MLP_OUT,v,hidden,4096,64-128,6291456,0.008906672,0.008972603,0.0002520879,0.008833399,0.008899329,0.003034524,0.003115313,0.001565,0.001558,1.135327e-06,0,1.524e-23,8.299e-24
step48000,48000,MLP_OUT,v,hidden,4096,128-256,1.258291e+07,0.004952892,0.005018774,0.0003902117,0.004910117,0.004977332,0.002416157,0.002456994,0.001565,0.001558,0,0,1.524e-23,8.299e-24
step48000,48000,MLP_OUT,v,hidden,4096,256-512,2.516582e+07,0.00301318,0.003080395,0.001124223,0.002030045,0.002095976,0.002096012,0.002012838,0.001565,0.001558,0,0,1.524e-23,8.299e-24
step48000,48000,MLP_OUT,v,hidden,4096,512-1024,5.033165e+07,0.001867618,0.001934833,0.001583338,0.0003040279,0.0003699093,0.001982558,0.001801252,0.001565,0.001558,6.442978e-07,0,1.524e-23,8.299e-24
step64000,64000,Q,u,head,1024,spike,786432,0.09003873,0.09028984,0.1343587,0.2235976,0.2238318,0.009371076,0.0124252,0.001565,0.001536,4.722959e-06,0.0006461371,1.524e-23,1.178e-24
step64000,64000,Q,u,head,1024,32-64,786432,0.06771523,0.06797886,0.07767359,0.1409039,0.1411381,0.008219583,0.01217706,0.001565,0.001536,8.719308e-06,0.0001233419,1.524e-23,1.178e-24
step64000,64000,Q,u,head,1024,64-128,1572864,0.05558895,0.05585258,0.04045359,0.0924547,0.09268889,0.006850833,0.008897236,0.001565,0.001536,9.990874e-07,2.089001e-06,1.524e-23,1.178e-24
step64000,64000,Q,u,head,1024,128-256,3145728,0.0408889,0.04114001,0.01665783,0.05611145,0.05636256,0.00485284,0.005738168,0.001565,0.001536,0,0,1.524e-23,1.178e-24
step64000,64000,Q,u,head,1024,256-512,6291456,0.02136115,0.02161226,0.004641215,0.02562391,0.02587502,0.003181253,0.003473214,0.001565,0.001536,0,0,1.524e-23,1.178e-24
step64000,64000,Q,u,head,1024,512-1024,1.258291e+07,0.02934224,0.02960587,0.006395658,0.03267967,0.03293078,0.004917644,0.004487685,0.001565,0.001536,3.178914e-07,4.541306e-08,1.524e-23,1.178e-24
step64000,64000,Q,v,residual,1024,spike,786432,0.0028208,0.003084653,0.01746496,0.02018361,0.02045259,0.002156394,0.004095168,0.001565,0.001536,0,0,1.524e-23,1.178e-24
step64000,64000,Q,v,residual,1024,32-64,786432,0.005943729,0.00619484,0.01452764,0.0198624,0.02012603,0.002049946,0.004062108,0.001565,0.001536,0,1.453218e-06,1.524e-23,1.178e-24
step64000,64000,Q,v,residual,1024,64-128,1572864,0.005880897,0.006144527,0.009504954,0.015321,0.01558463,0.002195722,0.003442219,0.001565,0.001536,0,0,1.524e-23,1.178e-24
step64000,64000,Q,v,residual,1024,128-256,3145728,0.004283064,0.004534175,0.002491633,0.006003426,0.006272405,0.002058438,0.002402623,0.001565,0.001536,0,0,1.524e-23,1.178e-24
step64000,64000,Q,v,residual,1024,256-512,6291456,0.001389131,0.001623328,0.0004630089,0.0009727594,0.001223653,0.001835641,0.001857394,0.001565,0.001536,0,0,1.524e-23,1.178e-24
step64000,64000,Q,v,residual,1024,512-1024,1.258291e+07,0.002076298,0.002340151,0.002365192,0.004306839,0.004575818,0.002071937,0.002131837,0.001565,0.001536,7.947286e-08,0,1.524e-23,1.178e-24
step64000,64000,K,u,head,1024,spike,786432,0.08685982,0.08711093,0.05367533,0.1400087,0.1402598,0.00927698,0.0108728,0.001565,0.001536,1.198905e-05,0.0003633045,1.524e-23,1.178e-24
step64000,64000,K,u,head,1024,32-64,786432,0.06452233,0.06478596,0.0185407,0.08227836,0.08252948,0.007821219,0.0089075,0.001565,0.001536,1.271566e-06,0,1.524e-23,1.178e-24
step64000,64000,K,u,head,1024,64-128,1572864,0.05224525,0.05249636,0.006016413,0.05746885,0.05771996,0.006367093,0.00620733,0.001565,0.001536,0,0,1.524e-23,1.178e-24
step64000,64000,K,u,head,1024,128-256,3145728,0.03845746,0.03872109,0.007075628,0.0322076,0.03245871,0.004715511,0.003822463,0.001565,0.001536,0,0,1.524e-23,1.178e-24
step64000,64000,K,u,head,1024,256-512,6291456,0.01800342,0.01825453,0.005911827,0.01212969,0.01239332,0.002914202,0.002483164,0.001565,0.001536,0,0,1.524e-23,1.178e-24
step64000,64000,K,u,head,1024,512-1024,1.258291e+07,0.02509018,0.02535916,0.006904205,0.01818598,0.01845496,0.00446709,0.00378393,0.001565,0.001536,1.521338e-06,0,1.524e-23,1.178e-24
step64000,64000,K,v,residual,1024,spike,786432,0.00300772,0.003271573,0.004297892,0.007263229,0.007532208,0.002097175,0.002449036,0.001565,0.001536,0,2.724784e-06,1.524e-23,1.178e-24
step64000,64000,K,v,residual,1024,32-64,786432,0.004617101,0.00488608,0.002468109,0.006918635,0.007187614,0.002057757,0.002405984,0.001565,0.001536,0,0,1.524e-23,1.178e-24
step64000,64000,K,v,residual,1024,64-128,1572864,0.004558468,0.004822099,0.000579834,0.004256612,0.004525591,0.002107893,0.002175649,0.001565,0.001536,0,0,1.524e-23,1.178e-24
step64000,64000,K,v,residual,1024,128-256,3145728,0.003033225,0.003296856,0.0009578069,0.002210766,0.002474619,0.002012207,0.00195585,0.001565,0.001536,0,0,1.524e-23,1.178e-24
step64000,64000,K,v,residual,1024,256-512,6291456,0.0007830706,0.001017268,0.0005790393,0.0004265074,0.0006019585,0.001788207,0.001804624,0.001565,0.001536,0,0,1.524e-23,1.178e-24
step64000,64000,K,v,residual,1024,512-1024,1.258291e+07,0.001438187,0.001707166,0.0005188783,0.001030729,0.001299708,0.00195476,0.001898811,0.001565,0.001536,0,0,1.524e-23,1.178e-24
step64000,64000,V,u,head,1024,spike,786432,0.05396706,0.05423069,0.01205571,0.04203038,0.04229936,0.006962367,0.00619852,0.001565,0.001536,0,7.26609e-07,1.524e-23,1.178e-24
step64000,64000,V,u,head,1024,32-64,786432,0.03090086,0.03116449,0.001898448,0.03010995,0.03037358,0.004849752,0.004695892,0.001565,0.001536,0,0,1.524e-23,1.178e-24
step64000,64000,V,u,head,1024,64-128,1572864,0.01901631,0.01928529,0.0006243388,0.01931308,0.01957671,0.003682727,0.003608794,0.001565,0.001536,0,0,1.524e-23,1.178e-24
step64000,64000,V,u,head,1024,128-256,3145728,0.01238351,0.01265249,0.003611565,0.008848413,0.009112044,0.002994447,0.002520925,0.001565,0.001536,0,0,1.524e-23,1.178e-24
step64000,64000,V,u,head,1024,256-512,6291456,0.00453588,0.004804859,0.003070196,0.001504308,0.001773287,0.002250967,0.001897585,0.001565,0.001536,0,0,1.524e-23,1.178e-24
step64000,64000,V,u,head,1024,512-1024,1.258291e+07,0.00596353,0.006232509,0.00114131,0.00487809,0.005147069,0.002417042,0.002312762,0.001565,0.001536,0,0,1.524e-23,1.178e-24
step64000,64000,V,v,residual,1024,spike,786432,0.02160688,0.02185799,0.009699504,0.03126442,0.03151553,0.003293719,0.004151117,0.001565,0.001536,0,0,1.524e-23,1.178e-24
step64000,64000,V,v,residual,1024,32-64,786432,0.02006827,0.02030247,0.004514058,0.02413601,0.02437021,0.003051758,0.003513155,0.001565,0.001536,0,0,1.524e-23,1.178e-24
step64000,64000,V,v,residual,1024,64-128,1572864,0.01619954,0.01645065,0.003286997,0.01948654,0.01973765,0.0027771,0.003057026,0.001565,0.001536,0,0,1.524e-23,1.178e-24
step64000,64000,V,v,residual,1024,128-256,3145728,0.01049084,0.01072504,0.001621882,0.01200845,0.01224431,0.002342996,0.002384458,0.001565,0.001536,0,0,1.524e-23,1.178e-24
step64000,64000,V,v,residual,1024,256-512,6291456,0.004512264,0.004763375,0.0005629857,0.004879034,0.005094051,0.00195476,0.001963456,0.001565,0.001536,0,0,1.524e-23,1.178e-24
step64000,64000,V,v,residual,1024,512-1024,1.258291e+07,0.006799823,0.007068802,0.0007611911,0.007343497,0.007612476,0.002581108,0.002671582,0.001565,0.001536,3.621692e-06,6.18753e-06,1.524e-23,1.178e-24
step64000,64000,O,u,residual,1024,spike,786432,0.01449335,0.01476233,0.01439158,0.02862808,0.02889706,0.00272987,0.002788725,0.001565,0.001536,0.0001035418,0.0001402355,1.524e-23,1.178e-24
step64000,64000,O,u,residual,1024,32-64,786432,0.001906499,0.002167472,0.002030691,0.003740142,0.004003995,0.002020518,0.002299717,0.001565,0.001536,0,0,1.524e-23,1.178e-24
step64000,64000,O,u,residual,1024,64-128,1572864,0.001236393,0.001487504,0.001799266,0.00270318,0.002967033,0.001892816,0.002038502,0.001565,0.001536,0,0,1.524e-23,1.178e-24
step64000,64000,O,u,residual,1024,128-256,3145728,0.0002067785,0.0004706313,0.001293818,0.0012685,0.001519611,0.001807167,0.00182011,0.001565,0.001536,0,0,1.524e-23,1.178e-24
step64000,64000,O,u,residual,1024,256-512,6291456,0.0001993207,0.0002645754,0.0002977053,0.0002636449,0.000514756,0.001765524,0.001779988,0.001565,0.001536,0,0,1.524e-23,1.178e-24
step64000,64000,O,u,residual,1024,512-1024,1.258291e+07,0.0004435043,0.0007124832,0.0007236799,0.001098538,0.001362168,0.001787912,0.001845065,0.001565,0.001536,0,0,1.524e-23,1.178e-24
step64000,64000,O,v,head,1024,spike,786432,0.04591424,0.04617787,0.005158742,0.04088011,0.04114374,0.00646355,0.006288256,0.001565,0.001536,0,1.271566e-06,1.524e-23,1.178e-24
step64000,64000,O,v,head,1024,32-64,786432,0.02545347,0.0257171,0.004041036,0.02887144,0.02913507,0.004469735,0.004824684,0.001565,0.001536,0,0,1.524e-23,1.178e-24
step64000,64000,O,v,head,1024,64-128,1572864,0.01922676,0.01949573,0.0008576711,0.01867921,0.01894284,0.003697986,0.003535134,0.001565,0.001536,0,0,1.524e-23,1.178e-24
step64000,64000,O,v,head,1024,128-256,3145728,0.01375888,0.01402251,0.005383174,0.008453097,0.008722076,0.003104619,0.002417882,0.001565,0.001536,0,0,1.524e-23,1.178e-24
step64000,64000,O,v,head,1024,256-512,6291456,0.005684263,0.005953242,0.004512469,0.001300007,0.00156386,0.002315317,0.001913343,0.001565,0.001536,0,0,1.524e-23,1.178e-24
step64000,64000,O,v,head,1024,512-1024,1.258291e+07,0.008185353,0.008454332,0.003293435,0.004936741,0.00520572,0.002657062,0.002277227,0.001565,0.001536,3.178914e-07,0,1.524e-23,1.178e-24
step64000,64000,MLP_IN,u,hidden,4096,spike,3145728,0.01436169,0.01441401,0.02028529,0.02730646,0.02737234,0.003383636,0.003300939,0.001565,0.001558,2.438681e-05,3.292447e-05,1.524e-23,8.299e-24
step64000,64000,MLP_IN,u,hidden,4096,32-64,3145728,0.008018857,0.008086072,0.001731555,0.009750412,0.009817627,0.002621106,0.003087452,0.001565,0.001558,1.63487e-06,0,1.524e-23,8.299e-24
step64000,64000,MLP_IN,u,hidden,4096,64-128,6291456,0.007027036,0.007094251,0.0005210241,0.006901254,0.006967185,0.002584026,0.002688362,0.001565,0.001558,3.633045e-07,0,1.524e-23,8.299e-24
step64000,64000,MLP_IN,u,hidden,4096,128-256,1.258291e+07,0.005276964,0.005344179,0.0005444686,0.004929986,0.004997201,0.002405893,0.002324706,0.001565,0.001558,4.541306e-08,0,1.524e-23,8.299e-24
step64000,64000,MLP_IN,u,hidden,4096,256-512,2.516582e+07,0.002948131,0.003015346,0.0007861853,0.002240762,0.002306643,0.00211232,0.002022664,0.001565,0.001558,0,0,1.524e-23,8.299e-24
step64000,64000,MLP_IN,u,hidden,4096,512-1024,5.033165e+07,0.002433703,0.002500918,0.001988908,0.0004525519,0.0005153071,0.002080148,0.00181541,0.001565,0.001558,2.914951e-06,0,1.524e-23,8.299e-24
step64000,64000,MLP_IN,v,residual,1024,spike,786432,0.0005049949,0.0006504211,0.01026026,0.01059777,0.0108614,0.001874288,0.002496084,0.001565,0.001536,0,0,1.524e-23,1.178e-24
step64000,64000,MLP_IN,v,residual,1024,32-64,786432,0.007305576,0.007556687,0.002848307,0.009984765,0.01023588,0.002253759,0.002396356,0.001565,0.001536,0,0,1.524e-23,1.178e-24
step64000,64000,MLP_IN,v,residual,1024,64-128,1572864,0.009792123,0.01004323,0.002463659,0.007658051,0.007927029,0.002378827,0.002199809,0.001565,0.001536,0,0,1.524e-23,1.178e-24
step64000,64000,MLP_IN,v,residual,1024,128-256,3145728,0.008385135,0.008636246,0.00312233,0.005298401,0.005532598,0.002225921,0.002088865,0.001565,0.001536,0,0,1.524e-23,1.178e-24
step64000,64000,MLP_IN,v,residual,1024,256-512,6291456,0.004795337,0.005029535,0.002628485,0.002186402,0.0024206,0.001962139,0.001864229,0.001565,0.001536,0,0,1.524e-23,1.178e-24
step64000,64000,MLP_IN,v,residual,1024,512-1024,1.258291e+07,0.008186068,0.008455047,0.002490679,0.005753404,0.006022383,0.002479758,0.002194836,0.001565,0.001536,2.633958e-05,1.49636e-05,1.524e-23,1.178e-24
step64000,64000,MLP_OUT,u,residual,1024,spike,786432,0.02562973,0.0258987,0.03455226,0.0589108,0.05916191,0.002989633,0.002768017,0.001565,0.001536,0.0001531328,0.000202179,1.524e-23,1.178e-24
step64000,64000,MLP_OUT,u,residual,1024,32-64,786432,0.003985554,0.004249407,0.002841949,0.006592338,0.006855968,0.002308437,0.00260562,0.001565,0.001536,0,0,1.524e-23,1.178e-24
step64000,64000,MLP_OUT,u,residual,1024,64-128,1572864,0.002709117,0.002978096,0.001251856,0.003517056,0.003780687,0.00207792,0.002182552,0.001565,0.001536,0,0,1.524e-23,1.178e-24
step64000,64000,MLP_OUT,u,residual,1024,128-256,3145728,0.001539016,0.00179609,0.00103728,0.002274231,0.00250768,0.001910845,0.001936549,0.001565,0.001536,0,0,1.524e-23,1.178e-24
step64000,64000,MLP_OUT,u,residual,1024,256-512,6291456,0.0006088078,0.0008777868,0.0006195704,0.001044536,0.001278734,0.001782009,0.001794247,0.001565,0.001536,0,0,1.524e-23,1.178e-24
step64000,64000,MLP_OUT,u,residual,1024,512-1024,1.258291e+07,0.001323217,0.001532616,0.001969258,0.002448513,0.002699624,0.00187934,0.001921109,0.001565,0.001536,7.947286e-08,2.497718e-07,1.524e-23,1.178e-24
step64000,64000,MLP_OUT,v,hidden,4096,spike,3145728,0.03643581,0.03650302,0.006085078,0.03109279,0.03115872,0.006097022,0.004594303,0.001565,0.001558,5.767459e-05,0.0001193455,1.524e-23,8.299e-24
step64000,64000,MLP_OUT,v,hidden,4096,32-64,3145728,0.01764906,0.01771628,0.001311938,0.01647805,0.01654398,0.004181589,0.004226276,0.001565,0.001558,1.430511e-05,2.724784e-06,1.524e-23,8.299e-24
step64000,64000,MLP_OUT,v,hidden,4096,64-128,6291456,0.01011281,0.01018002,0.000327905,0.01026582,0.01033175,0.0032439,0.003342356,0.001565,0.001558,7.26609e-07,0,1.524e-23,8.299e-24
step64000,64000,MLP_OUT,v,hidden,4096,128-256,1.258291e+07,0.005904402,0.005971617,0.00055933,0.005389675,0.005455556,0.002538363,0.002549228,0.001565,0.001558,9.082613e-08,0,1.524e-23,8.299e-24
step64000,64000,MLP_OUT,v,hidden,4096,256-512,2.516582e+07,0.003461981,0.003527863,0.001411239,0.002214382,0.002280313,0.002160549,0.002025298,0.001565,0.001558,0,0,1.524e-23,8.299e-24
step64000,64000,MLP_OUT,v,hidden,4096,512-1024,5.033165e+07,0.002203331,0.002270546,0.001912693,0.0003141323,0.0003678705,0.002025616,0.001802175,0.001565,0.001558,7.010642e-07,0,1.524e-23,8.299e-24
step96000,96000,Q,u,head,1024,spike,786432,0.04891132,0.04917495,0.02838008,0.07572306,0.07599204,0.006669544,0.007105873,0.001565,0.001536,1.271566e-06,0.0002406892,1.524e-23,1.178e-24
step96000,96000,Q,u,head,1024,32-64,786432,0.03156843,0.03183206,0.0008761088,0.03222075,0.03248438,0.00489462,0.005267189,0.001565,0.001536,0,0,1.524e-23,1.178e-24
step96000,96000,Q,u,head,1024,64-128,1572864,0.02447945,0.02474308,0.004203796,0.02034051,0.02060414,0.003957022,0.003536224,0.001565,0.001536,0,0,1.524e-23,1.178e-24
step96000,96000,Q,u,head,1024,128-256,3145728,0.01429421,0.01455784,0.005066236,0.009268348,0.009531978,0.002963429,0.002515929,0.001565,0.001536,0,0,1.524e-23,1.178e-24
step96000,96000,Q,u,head,1024,256-512,6291456,0.004765098,0.005028728,0.002282937,0.002578054,0.002829165,0.002116022,0.00194461,0.001565,0.001536,0,0,1.524e-23,1.178e-24
step96000,96000,Q,u,head,1024,512-1024,1.258291e+07,0.007309085,0.007578064,0.001647154,0.00596361,0.006232589,0.002671866,0.002396311,0.001565,0.001536,0,0,1.524e-23,1.178e-24
step96000,96000,Q,v,residual,1024,spike,786432,0.004485243,0.004736354,0.005631765,0.009449051,0.00971803,0.002271743,0.00278709,0.001565,0.001536,0,0,1.524e-23,1.178e-24
step96000,96000,Q,v,residual,1024,32-64,786432,0.005932321,0.006196174,0.002660116,0.008237249,0.008506228,0.002226148,0.002528781,0.001565,0.001536,0,0,1.524e-23,1.178e-24
step96000,96000,Q,v,residual,1024,64-128,1572864,0.003265176,0.003516287,0.002199809,0.005196935,0.005465914,0.002106439,0.002289182,0.001565,0.001536,0,0,1.524e-23,1.178e-24
step96000,96000,Q,v,residual,1024,128-256,3145728,0.0009560125,0.001207124,0.001571337,0.002300308,0.002569287,0.00186952,0.001976376,0.001565,0.001536,0,0,1.524e-23,1.178e-24
step96000,96000,Q,v,residual,1024,256-512,6291456,0.0002452416,0.0002949328,0.0004024506,0.0002833442,0.0004755586,0.001744021,0.001766228,0.001565,0.001536,0,0,1.524e-23,1.178e-24
step96000,96000,Q,v,residual,1024,512-1024,1.258291e+07,0.0003521261,0.000596979,0.0008340677,0.001043145,0.001306776,0.001806872,0.001877149,0.001565,0.001536,0,0,1.524e-23,1.178e-24
step96000,96000,K,u,head,1024,spike,786432,0.05422519,0.05448882,0.02830887,0.07957845,0.07984742,0.006846473,0.006885892,0.001565,0.001536,0,0.0002746582,1.524e-23,1.178e-24
step96000,96000,K,u,head,1024,32-64,786432,0.03462146,0.03488509,0.001874288,0.03342442,0.0336934,0.004970187,0.005125318,0.001565,0.001536,0,0,1.524e-23,1.178e-24
step96000,96000,K,u,head,1024,64-128,1572864,0.02386529,0.02412892,0.00301679,0.02085803,0.02112166,0.0040602,0.003646215,0.001565,0.001536,0,0,1.524e-23,1.178e-24
step96000,96000,K,u,head,1024,128-256,3145728,0.01203192,0.0123009,0.002812068,0.009443506,0.009707137,0.00285135,0.002505893,0.001565,0.001536,0,0,1.524e-23,1.178e-24
step96000,96000,K,u,head,1024,256-512,6291456,0.003121899,0.003390878,0.000925223,0.002464517,0.002728148,0.002028374,0.001920382,0.001565,0.001536,0,0,1.524e-23,1.178e-24
step96000,96000,K,u,head,1024,512-1024,1.258291e+07,0.005860613,0.006129592,0.0004896323,0.006075825,0.006344804,0.002462671,0.002401261,0.001565,0.001536,9.082613e-08,0,1.524e-23,1.178e-24
step96000,96000,K,v,residual,1024,spike,786432,0.0008341929,0.001103172,0.007106781,0.007570948,0.007839927,0.001946949,0.002744039,0.001565,0.001536,0,0,1.524e-23,1.178e-24
step96000,96000,K,v,residual,1024,32-64,786432,0.003518853,0.003769964,0.002707163,0.006093884,0.006357515,0.00199654,0.002437773,0.001565,0.001536,0,0,1.524e-23,1.178e-24
step96000,96000,K,v,residual,1024,64-128,1572864,0.001969701,0.00223868,0.001924515,0.00380372,0.004067573,0.001937594,0.00218673,0.001565,0.001536,0,0,1.524e-23,1.178e-24
step96000,96000,K,v,residual,1024,128-256,3145728,0.0004864778,0.0007206751,0.001110395,0.001392092,0.001661071,0.001803625,0.001872971,0.001565,0.001536,0,0,1.524e-23,1.178e-24
step96000,96000,K,v,residual,1024,256-512,6291456,0.0004718741,0.0002568562,0.0003245672,0.000375712,0.0003020478,0.001732554,0.001729625,0.001565,0.001536,0,0,1.524e-23,1.178e-24
step96000,96000,K,v,residual,1024,512-1024,1.258291e+07,0.0002463018,0.0002961742,0.0009152095,0.000773057,0.001007254,0.001777558,0.001866511,0.001565,0.001536,0,0,1.524e-23,1.178e-24
step96000,96000,V,u,head,1024,spike,786432,0.02418826,0.0244519,0.01215617,0.01223802,0.01250187,0.004466829,0.003279913,0.001565,0.001536,0,0,1.524e-23,1.178e-24
step96000,96000,V,u,head,1024,32-64,786432,0.01021962,0.0104886,0.002442678,0.00826183,0.008525682,0.002922785,0.002747127,0.001565,0.001536,0,0,1.524e-23,1.178e-24
step96000,96000,V,u,head,1024,64-128,1572864,0.00413242,0.004396273,0.001493454,0.005112871,0.005376502,0.002236139,0.002304077,0.001565,0.001536,0,0,1.524e-23,1.178e-24
step96000,96000,V,u,head,1024,128-256,3145728,0.001659225,0.001923077,0.0007632573,0.001535003,0.001798633,0.001965568,0.00191139,0.001565,0.001536,0,0,1.524e-23,1.178e-24
step96000,96000,V,u,head,1024,256-512,6291456,0.0005997663,0.0008633968,0.0008249283,0.000228097,0.000237039,0.001803875,0.001785165,0.001565,0.001536,0,0,1.524e-23,1.178e-24
step96000,96000,V,u,head,1024,512-1024,1.258291e+07,0.0003632641,0.0005812682,0.0007732709,0.001090909,0.001354539,0.001850537,0.001864025,0.001565,0.001536,0,0,1.524e-23,1.178e-24
step96000,96000,V,v,residual,1024,spike,786432,0.01673131,0.01700029,0.002683004,0.01440561,0.01467459,0.003169287,0.003233955,0.001565,0.001536,0,0,1.524e-23,1.178e-24
step96000,96000,V,v,residual,1024,32-64,786432,0.009787783,0.01005141,0.001570384,0.009103185,0.009372164,0.002551488,0.00270571,0.001565,0.001536,0,0,1.524e-23,1.178e-24
step96000,96000,V,v,residual,1024,64-128,1572864,0.004787491,0.00505647,0.001373927,0.00596482,0.006228451,0.002223878,0.002393995,0.001565,0.001536,0,0,1.524e-23,1.178e-24
step96000,96000,V,v,residual,1024,128-256,3145728,0.001044637,0.001313616,0.001473109,0.002392179,0.002661158,0.00192288,0.002011481,0.001565,0.001536,0,0,1.524e-23,1.178e-24
step96000,96000,V,v,residual,1024,256-512,6291456,0.0005214552,0.0002597021,0.0006958644,0.000258118,0.0005219707,0.001752104,0.001771813,0.001565,0.001536,0,0,1.524e-23,1.178e-24
step96000,96000,V,v,residual,1024,512-1024,1.258291e+07,0.0007930415,0.001037894,0.0006441275,0.001194379,0.001453234,0.001865455,0.001920428,0.001565,0.001536,0,0,1.524e-23,1.178e-24
step96000,96000,O,u,residual,1024,spike,786432,0.001864546,0.002115657,0.004695892,0.005797114,0.006066093,0.00201416,0.002452669,0.001565,0.001536,1.271566e-06,3.269741e-06,1.524e-23,1.178e-24
step96000,96000,O,u,residual,1024,32-64,786432,0.0007617136,0.001030693,0.003303528,0.003928334,0.004192186,0.001873016,0.002155122,0.001565,0.001536,0,0,1.524e-23,1.178e-24
step96000,96000,O,u,residual,1024,64-128,1572864,0.000309672,0.0005786509,0.002317429,0.002384867,0.002653846,0.001826332,0.002003261,0.001565,0.001536,0,0,1.524e-23,1.178e-24
step96000,96000,O,u,residual,1024,128-256,3145728,0.0003368176,0.0005319128,0.001020749,0.001001507,0.00126536,0.001788775,0.001860528,0.001565,0.001536,0,0,1.524e-23,1.178e-24
step96000,96000,O,u,residual,1024,256-512,6291456,0.0004332923,0.0002238934,0.0004844666,0.0001450968,0.0003647112,0.001750605,0.001741341,0.001565,0.001536,0,0,1.524e-23,1.178e-24
step96000,96000,O,u,residual,1024,512-1024,1.258291e+07,0.0002028608,0.0002718469,0.0008265177,0.000623657,0.000874768,0.001772517,0.001806373,0.001565,0.001536,0,0,1.524e-23,1.178e-24
step96000,96000,O,v,head,1024,spike,786432,0.04624739,0.04651102,0.003396352,0.04700524,0.04726887,0.006669726,0.007090432,0.001565,0.001536,7.26609e-07,3.99635e-06,1.524e-23,1.178e-24
step96000,96000,O,v,head,1024,32-64,786432,0.02796863,0.02823226,0.002808889,0.03020228,0.03047125,0.005026681,0.00521451,0.001565,0.001536,0,0,1.524e-23,1.178e-24
step96000,96000,O,v,head,1024,64-128,1572864,0.02020586,0.02047484,0.002832413,0.0174472,0.01771618,0.00400525,0.003560657,0.001565,0.001536,0,0,1.524e-23,1.178e-24
step96000,96000,O,v,head,1024,128-256,3145728,0.01408391,0.01435289,0.00747776,0.006688023,0.006951654,0.003195445,0.00239286,0.001565,0.001536,0,0,1.524e-23,1.178e-24
step96000,96000,O,v,head,1024,256-512,6291456,0.00487507,0.005144049,0.003972371,0.0009026985,0.001171677,0.002175377,0.00185249,0.001565,0.001536,0,0,1.524e-23,1.178e-24
step96000,96000,O,v,head,1024,512-1024,1.258291e+07,0.007125044,0.007388675,0.002979596,0.00422681,0.004495789,0.002505143,0.002182381,0.001565,0.001536,0,0,1.524e-23,1.178e-24
step96000,96000,MLP_IN,u,hidden,4096,spike,3145728,0.009419312,0.009458597,0.007650375,0.00585656,0.005923775,0.002846582,0.002331416,0.001565,0.001558,1.058124e-05,1.07629e-05,1.524e-23,8.299e-24
step96000,96000,MLP_IN,u,hidden,4096,32-64,3145728,0.003269559,0.003336774,0.0002943675,0.003322965,0.00339018,0.002097311,0.002169155,0.001565,0.001558,0,0,1.524e-23,8.299e-24
step96000,96000,MLP_IN,u,hidden,4096,64-128,6291456,0.00169006,0.001755991,0.0008438428,0.002500421,0.002567636,0.001981758,0.002069587,0.001565,0.001558,9.082613e-08,0,1.524e-23,8.299e-24
step96000,96000,MLP_IN,u,hidden,4096,128-256,1.258291e+07,0.0008502647,0.0009161462,0.000919342,0.001641497,0.001707378,0.001864059,0.001960368,0.001565,0.001558,0,0,1.524e-23,8.299e-24
step96000,96000,MLP_IN,u,hidden,4096,256-512,2.516582e+07,0.0003291613,0.0003939054,0.0005079905,0.0007712901,0.0008385051,0.001814229,0.001854936,0.001565,0.001558,0,0,1.524e-23,8.299e-24
step96000,96000,MLP_IN,u,hidden,4096,512-1024,5.033165e+07,0.0001841919,0.0002469471,0.0001570781,4.999244e-05,0.0001108724,0.00179471,0.001783133,0.001565,0.001558,2.639634e-07,0,1.524e-23,8.299e-24
step96000,96000,MLP_IN,v,residual,1024,spike,786432,0.0009993213,0.00115654,0.008979797,0.008711928,0.008963039,0.002007257,0.002619789,0.001565,0.001536,0,0,1.524e-23,1.178e-24
step96000,96000,MLP_IN,v,residual,1024,32-64,786432,0.004783676,0.005052655,0.002141317,0.006924993,0.007193972,0.002196357,0.002337864,0.001565,0.001536,0,0,1.524e-23,1.178e-24
step96000,96000,MLP_IN,v,residual,1024,64-128,1572864,0.004610743,0.004879722,0.0007928212,0.004531906,0.004800885,0.002127693,0.00220108,0.001565,0.001536,0,0,1.524e-23,1.178e-24
step96000,96000,MLP_IN,v,residual,1024,128-256,3145728,0.002424604,0.002693583,0.0004545848,0.002301329,0.00255244,0.001997494,0.001956304,0.001565,0.001536,0,0,1.524e-23,1.178e-24
step96000,96000,MLP_IN,v,residual,1024,256-512,6291456,0.0003215588,0.000516654,0.000363191,0.000485138,0.0007271697,0.001793907,0.001793907,0.001565,0.001536,0,0,1.524e-23,1.178e-24
step96000,96000,MLP_IN,v,residual,1024,512-1024,1.258291e+07,0.0009913346,0.001255187,0.0008163452,0.001602634,0.001866265,0.001925412,0.001977489,0.001565,0.001536,0,0,1.524e-23,1.178e-24
step96000,96000,MLP_OUT,u,residual,1024,spike,786432,0.007549717,0.007800828,0.01183065,0.01841995,0.01868893,0.002454122,0.003229595,0.001565,0.001536,1.235235e-05,6.267003e-05,1.524e-23,1.178e-24
step96000,96000,MLP_OUT,u,residual,1024,32-64,786432,0.001790795,0.002041906,0.004934947,0.006373555,0.006637407,0.001990909,0.002508618,0.001565,0.001536,0,0,1.524e-23,1.178e-24
step96000,96000,MLP_OUT,u,residual,1024,64-128,1572864,0.002212991,0.002476844,0.001900355,0.003653114,0.003916744,0.001963298,0.002155849,0.001565,0.001536,0,0,1.524e-23,1.178e-24
step96000,96000,MLP_OUT,u,residual,1024,128-256,3145728,0.001091542,0.001347376,0.0009689331,0.001620088,0.00187692,0.001870609,0.001927557,0.001565,0.001536,0,0,1.524e-23,1.178e-24
step96000,96000,MLP_OUT,u,residual,1024,256-512,6291456,0.0003845846,0.0002383054,0.0004442533,0.0001822493,0.0004051679,0.001762731,0.001787753,0.001565,0.001536,0,0,1.524e-23,1.178e-24
step96000,96000,MLP_OUT,u,residual,1024,512-1024,1.258291e+07,0.0005623095,0.0007032268,0.001776934,0.001417542,0.001681173,0.001826332,0.001897505,0.001565,0.001536,0,0,1.524e-23,1.178e-24
step96000,96000,MLP_OUT,v,hidden,4096,spike,3145728,0.0121614,0.01222733,0.005511602,0.006799211,0.006865142,0.003286634,0.002481733,0.001565,0.001558,1.103537e-05,7.039025e-06,1.524e-23,8.299e-24
step96000,96000,MLP_OUT,v,hidden,4096,32-64,3145728,0.003893366,0.003959296,0.001451174,0.005123923,0.005189854,0.002268428,0.002361116,0.001565,0.001558,3.178914e-07,0,1.524e-23,8.299e-24
step96000,96000,MLP_OUT,v,hidden,4096,64-128,6291456,0.003119056,0.003184937,0.001011054,0.003802925,0.003868856,0.002076331,0.002203941,0.001565,0.001558,0,0,1.524e-23,8.299e-24
step96000,96000,MLP_OUT,v,hidden,4096,128-256,1.258291e+07,0.002337899,0.002405114,0.0002043247,0.002200557,0.002263313,0.002018736,0.002034414,0.001565,0.001558,0,0,1.524e-23,8.299e-24
step96000,96000,MLP_OUT,v,hidden,4096,256-512,2.516582e+07,0.001581653,0.001647535,0.0005208651,0.001190017,0.001255947,0.001931645,0.001906026,0.001565,0.001558,0,0,1.524e-23,8.299e-24
step96000,96000,MLP_OUT,v,hidden,4096,512-1024,5.033165e+07,0.0005059898,0.0005732048,0.000373443,0.0001813869,0.0002473177,0.001824209,0.001792979,0.001565,0.001558,8.231118e-08,0,1.524e-23,8.299e-24
step128000,128000,Q,u,head,1024,spike,786432,0.0524361,0.05269973,0.04151281,0.09299777,0.0932614,0.006716592,0.007764544,0.001565,0.001536,2.543132e-06,0.0003048125,1.524e-23,1.178e-24
step128000,128000,Q,u,head,1024,32-64,786432,0.03856332,0.03882695,0.003302256,0.04186557,0.0421292,0.005379813,0.005816142,0.001565,0.001536,7.26609e-07,0,1.524e-23,1.178e-24
step128000,128000,Q,u,head,1024,64-128,1572864,0.0334726,0.03373623,0.005633036,0.02801123,0.02827486,0.004707246,0.004122235,0.001565,0.001536,0,0,1.524e-23,1.178e-24
step128000,128000,Q,u,head,1024,128-256,3145728,0.02357314,0.02383678,0.009537697,0.01407507,0.01432619,0.003583908,0.002768517,0.001565,0.001536,0,0,1.524e-23,1.178e-24
step128000,128000,Q,u,head,1024,256-512,6291456,0.008262857,0.008526488,0.003920873,0.004519368,0.004782998,0.002362819,0.002042566,0.001565,0.001536,0,0,1.524e-23,1.178e-24
step128000,128000,Q,u,head,1024,512-1024,1.258291e+07,0.01254221,0.01281119,0.004042705,0.008499509,0.008768488,0.003285862,0.002698649,0.001565,0.001536,1.816523e-07,4.541306e-08,1.524e-23,1.178e-24
step128000,128000,Q,v,residual,1024,spike,786432,0.003952448,0.004186645,0.007303874,0.01078165,0.01105063,0.002213614,0.002774193,0.001565,0.001536,0,0,1.524e-23,1.178e-24
step128000,128000,Q,v,residual,1024,32-64,786432,0.005589072,0.005852703,0.003793081,0.009084533,0.009348385,0.002189455,0.002656846,0.001565,0.001536,0,0,1.524e-23,1.178e-24
step128000,128000,Q,v,residual,1024,64-128,1572864,0.004575775,0.004844754,0.001270294,0.005582855,0.005851834,0.00214495,0.002299173,0.001565,0.001536,0,0,1.524e-23,1.178e-24
step128000,128000,Q,v,residual,1024,128-256,3145728,0.002351984,0.002615614,0.000579834,0.002126104,0.002395083,0.001925559,0.001975105,0.001565,0.001536,0,0,1.524e-23,1.178e-24
step128000,128000,Q,v,residual,1024,256-512,6291456,0.0001353955,0.0003361491,0.0002770424,0.0002023623,0.0002842561,0.001760278,0.001787186,0.001565,0.001536,0,0,1.524e-23,1.178e-24
step128000,128000,Q,v,residual,1024,512-1024,1.258291e+07,0.0008302431,0.001094096,0.0004330476,0.001125302,0.001394281,0.00186004,0.001925207,0.001565,0.001536,0,0,1.524e-23,1.178e-24
step128000,128000,K,u,head,1024,spike,786432,0.05971708,0.05998071,0.03868993,0.09668023,0.09694386,0.007239024,0.007865542,0.001565,0.001536,0,0.0003593082,1.524e-23,1.178e-24
step128000,128000,K,u,head,1024,32-64,786432,0.04273151,0.04299514,0.002498627,0.04517164,0.04543527,0.005625952,0.005957286,0.001565,0.001536,0,0,1.524e-23,1.178e-24
step128000,128000,K,u,head,1024,64-128,1572864,0.03323991,0.03350354,0.003337224,0.03060395,0.03086758,0.004698708,0.004225322,0.001565,0.001536,0,0,1.524e-23,1.178e-24
step128000,128000,K,u,head,1024,128-256,3145728,0.02096421,0.02122784,0.005768776,0.01531433,0.01557796,0.003560293,0.002835138,0.001565,0.001536,0,0,1.524e-23,1.178e-24
step128000,128000,K,u,head,1024,256-512,6291456,0.006179874,0.006443504,0.002078533,0.004204019,0.00446765,0.002275104,0.002027239,0.001565,0.001536,0,0,1.524e-23,1.178e-24
step128000,128000,K,u,head,1024,512-1024,1.258291e+07,0.01073818,0.01100716,0.001957099,0.008868184,0.009137163,0.003022307,0.002750204,0.001565,0.001536,2.951849e-07,0,1.524e-23,1.178e-24
step128000,128000,K,v,residual,1024,spike,786432,0.0008367293,0.0009289217,0.00795873,0.008249964,0.008518943,0.001906985,0.002744584,0.001565,0.001536,0,0,1.524e-23,1.178e-24
step128000,128000,K,v,residual,1024,32-64,786432,0.003062397,0.00332625,0.004225413,0.007257367,0.007520997,0.002034142,0.002430144,0.001565,0.001536,0,0,1.524e-23,1.178e-24
step128000,128000,K,v,residual,1024,64-128,1572864,0.003513382,0.003782361,0.001398087,0.004293488,0.004562466,0.002043679,0.002189818,0.001565,0.001536,0,0,1.524e-23,1.178e-24
step128000,128000,K,v,residual,1024,128-256,3145728,0.001574629,0.001828346,0.0007623037,0.002221013,0.002484643,0.001884006,0.00191743,0.001565,0.001536,0,0,1.524e-23,1.178e-24
step128000,128000,K,v,residual,1024,256-512,6291456,0.0002077537,0.0004028488,0.0003399849,0.0003865676,0.0005816628,0.001769861,0.001790864,0.001565,0.001536,0,0,1.524e-23,1.178e-24
step128000,128000,K,v,residual,1024,512-1024,1.258291e+07,0.0003971504,0.0006438994,0.0006900628,0.0009574736,0.001221104,0.001818555,0.001889342,0.001565,0.001536,0,0,1.524e-23,1.178e-24
step128000,128000,V,u,head,1024,spike,786432,0.03194354,0.03220717,0.01512146,0.01705556,0.01732454,0.005249932,0.003869193,0.001565,0.001536,0,7.26609e-07,1.524e-23,1.178e-24
step128000,128000,V,u,head,1024,32-64,786432,0.01474943,0.01501306,0.003084819,0.0116964,0.01196003,0.003388723,0.003159659,0.001565,0.001536,0,0,1.524e-23,1.178e-24
step128000,128000,V,u,head,1024,64-128,1572864,0.007570948,0.007839927,0.001472473,0.006221676,0.006485307,0.00261225,0.002432869,0.001565,0.001536,0,0,1.524e-23,1.178e-24
step128000,128000,V,u,head,1024,128-256,3145728,0.003106481,0.00337546,0.0009514491,0.002439545,0.002708524,0.002099083,0.002004941,0.001565,0.001536,0,0,1.524e-23,1.178e-24
step128000,128000,V,u,head,1024,256-512,6291456,0.000925446,0.001189077,0.001032511,0.0002233394,0.0003772586,0.001879283,0.001780964,0.001565,0.001536,0,0,1.524e-23,1.178e-24
step128000,128000,V,u,head,1024,512-1024,1.258291e+07,0.00118133,0.001450309,0.0004491011,0.001512041,0.001779565,0.001904056,0.001913945,0.001565,0.001536,0,0,1.524e-23,1.178e-24
step128000,128000,V,v,residual,1024,spike,786432,0.01906767,0.0193313,0.001818339,0.01797236,0.01824134,0.003197625,0.003369104,0.001565,0.001536,0,0,1.524e-23,1.178e-24
step128000,128000,V,v,residual,1024,32-64,786432,0.0115578,0.01182143,0.001859029,0.01258092,0.0128499,0.002694448,0.002874465,0.001565,0.001536,0,0,1.524e-23,1.178e-24
step128000,128000,V,v,residual,1024,64-128,1572864,0.00743475,0.007698381,0.00237147,0.009445096,0.009708726,0.002384004,0.002508708,0.001565,0.001536,0,0,1.524e-23,1.178e-24
step128000,128000,V,v,residual,1024,128-256,3145728,0.002228783,0.002497762,0.001936277,0.004165059,0.004434038,0.002003761,0.002091499,0.001565,0.001536,0,0,1.524e-23,1.178e-24
step128000,128000,V,v,residual,1024,256-512,6291456,0.0003962057,0.0006473167,0.0003441175,0.0003425841,0.0005180351,0.001783485,0.001809983,0.001565,0.001536,0,0,1.524e-23,1.178e-24
step128000,128000,V,v,residual,1024,512-1024,1.258291e+07,0.001286858,0.001553465,0.001009305,0.002225604,0.002494583,0.001922153,0.00201726,0.001565,0.001536,0,0,1.524e-23,1.178e-24
step128000,128000,O,u,residual,1024,spike,786432,0.003632014,0.003866211,0.00527064,0.008556412,0.008825391,0.002149309,0.002664475,0.001565,0.001536,4.541306e-06,9.082613e-06,1.524e-23,1.178e-24
step128000,128000,O,u,residual,1024,32-64,786432,0.0007233915,0.0008806102,0.003309886,0.003799905,0.004063758,0.001888093,0.002220335,0.001565,0.001536,0,0,1.524e-23,1.178e-24
step128000,128000,O,u,residual,1024,64-128,1572864,0.001043106,0.001277303,0.00207456,0.002559072,0.002828051,0.001840591,0.002039319,0.001565,0.001536,0,0,1.524e-23,1.178e-24
step128000,128000,O,u,residual,1024,128-256,3145728,0.0002271975,0.000490828,0.001172384,0.001257691,0.001508803,0.001762617,0.001872835,0.001565,0.001536,0,0,1.524e-23,1.178e-24
step128000,128000,O,u,residual,1024,256-512,6291456,0.0002601328,0.00033324,0.0004185041,0.0004203554,0.0002679755,0.001761618,0.00175442,0.001565,0.001536,0,0,1.524e-23,1.178e-24
step128000,128000,O,u,residual,1024,512-1024,1.258291e+07,0.0002592739,0.000510385,0.0002685388,0.0003900862,0.0006411973,0.0017566,0.001794736,0.001565,0.001536,0,0,1.524e-23,1.178e-24
step128000,128000,O,v,head,1024,spike,786432,0.04698744,0.04725107,0.005776723,0.04433827,0.04460725,0.00667463,0.006813049,0.001565,0.001536,7.26609e-07,7.26609e-07,1.524e-23,1.178e-24
step128000,128000,O,v,head,1024,32-64,786432,0.02626219,0.02652582,0.003236135,0.0290833,0.02935228,0.00476928,0.00493204,0.001565,0.001536,0,0,1.524e-23,1.178e-24
step128000,128000,O,v,head,1024,64-128,1572864,0.01997952,0.0202485,0.002466838,0.01774397,0.0180076,0.003993534,0.003525325,0.001565,0.001536,0,0,1.524e-23,1.178e-24
step128000,128000,O,v,head,1024,128-256,3145728,0.01430279,0.01456643,0.00743262,0.007072812,0.007341791,0.003164473,0.002397174,0.001565,0.001536,0,0,1.524e-23,1.178e-24
step128000,128000,O,v,head,1024,256-512,6291456,0.005021318,0.005284949,0.00376002,0.0014331,0.001702079,0.00226316,0.001878943,0.001565,0.001536,0,0,1.524e-23,1.178e-24
step128000,128000,O,v,head,1024,512-1024,1.258291e+07,0.007707324,0.007976303,0.003266891,0.004533355,0.004796985,0.002587545,0.002213149,0.001565,0.001536,0,0,1.524e-23,1.178e-24
step128000,128000,MLP_IN,u,hidden,4096,spike,3145728,0.009996408,0.01004873,0.009390195,0.009005592,0.009072807,0.002887135,0.002439544,0.001565,0.001558,1.394181e-05,1.030877e-05,1.524e-23,8.299e-24
step128000,128000,MLP_IN,u,hidden,4096,32-64,3145728,0.003820147,0.003887362,0.0007578532,0.004204263,0.004270194,0.002218156,0.002306121,0.001565,0.001558,1.816523e-07,0,1.524e-23,8.299e-24
step128000,128000,MLP_IN,u,hidden,4096,64-128,6291456,0.002567037,0.002632919,0.001019796,0.003504266,0.003570197,0.002046313,0.002183642,0.001565,0.001558,0,0,1.524e-23,8.299e-24
step128000,128000,MLP_IN,u,hidden,4096,128-256,1.258291e+07,0.001529024,0.001596239,0.0007343292,0.002096802,0.002162733,0.001926615,0.002033188,0.001565,0.001558,0,0,1.524e-23,8.299e-24
step128000,128000,MLP_IN,u,hidden,4096,256-512,2.516582e+07,0.000578489,0.0006457039,0.0003280242,0.0008706153,0.000936546,0.001830935,0.001865302,0.001565,0.001558,0,0,1.524e-23,8.299e-24
step128000,128000,MLP_IN,u,hidden,4096,512-1024,5.033165e+07,0.0004612904,0.0005272211,0.000320673,0.000204239,0.0002669942,0.001837421,0.001793214,0.001565,0.001558,1.240344e-06,0,1.524e-23,8.299e-24
step128000,128000,MLP_IN,v,residual,1024,spike,786432,0.001173117,0.001312404,0.008984884,0.009902223,0.01016585,0.001975468,0.002624875,0.001565,0.001536,0,0,1.524e-23,1.178e-24
step128000,128000,MLP_IN,v,residual,1024,32-64,786432,0.005922999,0.006191978,0.002236684,0.008129166,0.008398145,0.002164205,0.00239236,0.001565,0.001536,0,0,1.524e-23,1.178e-24
step128000,128000,MLP_IN,v,residual,1024,64-128,1572864,0.005479608,0.005730719,0.001242956,0.00567225,0.005932176,0.00214059,0.002261207,0.001565,0.001536,0,0,1.524e-23,1.178e-24
step128000,128000,MLP_IN,v,residual,1024,128-256,3145728,0.003173733,0.003437364,0.0006399155,0.003109978,0.003378957,0.002039001,0.001994587,0.001565,0.001536,0,0,1.524e-23,1.178e-24
step128000,128000,MLP_IN,v,residual,1024,256-512,6291456,0.0005935491,0.000862528,0.000345548,0.0007132535,0.0009768841,0.001802967,0.001802876,0.001565,0.001536,0,0,1.524e-23,1.178e-24
step128000,128000,MLP_IN,v,residual,1024,512-1024,1.258291e+07,0.001714434,0.001983413,0.0006287893,0.002329793,0.002598772,0.002037389,0.002098299,0.001565,0.001536,4.200708e-07,0,1.524e-23,1.178e-24
step128000,128000,MLP_OUT,u,residual,1024,spike,786432,0.01020994,0.01047357,0.01776123,0.02704158,0.02730544,0.00285085,0.003528232,0.001565,0.001536,2.688453e-05,0.0001131694,1.524e-23,1.178e-24
step128000,128000,MLP_OUT,u,residual,1024,32-64,786432,0.003423486,0.003674597,0.004384359,0.007352239,0.007621218,0.002052125,0.002734956,0.001565,0.001536,0,0,1.524e-23,1.178e-24
step128000,128000,MLP_OUT,u,residual,1024,64-128,1572864,0.001630614,0.001894467,0.002815882,0.004108475,0.004377454,0.001955305,0.002196267,0.001565,0.001536,0,0,1.524e-23,1.178e-24
step128000,128000,MLP_OUT,u,residual,1024,128-256,3145728,0.001204854,0.001473833,0.0009997686,0.001579966,0.001848945,0.001898811,0.00191139,0.001565,0.001536,0,0,1.524e-23,1.178e-24
step128000,128000,MLP_OUT,u,residual,1024,256-512,6291456,0.0001661959,0.0003468196,0.0004665057,0.000334704,0.0004029204,0.001785392,0.001775832,0.001565,0.001536,0,0,1.524e-23,1.178e-24
step128000,128000,MLP_OUT,u,residual,1024,512-1024,1.258291e+07,0.000776082,0.0009333007,0.001875003,0.001506374,0.001775353,0.001833348,0.001892635,0.001565,0.001536,0,0,1.524e-23,1.178e-24
step128000,128000,MLP_OUT,v,hidden,4096,spike,3145728,0.01386774,0.01393496,0.006138484,0.007878135,0.007944065,0.003505525,0.002596038,0.001565,0.001558,1.562209e-05,1.276107e-05,1.524e-23,8.299e-24
step128000,128000,MLP_OUT,v,hidden,4096,32-64,3145728,0.004305885,0.0043731,0.001113574,0.00513862,0.005204502,0.002361161,0.00245276,0.001565,0.001558,9.990874e-07,1.816523e-07,1.524e-23,8.299e-24
step128000,128000,MLP_OUT,v,hidden,4096,64-128,6291456,0.003318514,0.003385729,0.0006089211,0.003799484,0.003866699,0.002143224,0.002231371,0.001565,0.001558,0,0,1.524e-23,8.299e-24
step128000,128000,MLP_OUT,v,hidden,4096,128-256,1.258291e+07,0.002521579,0.00258746,0.0002040863,0.002376303,0.002442184,0.002021483,0.002057791,0.001565,0.001558,0,0,1.524e-23,8.299e-24
step128000,128000,MLP_OUT,v,hidden,4096,256-512,2.516582e+07,0.001568403,0.001635618,0.0004472733,0.001155462,0.001222677,0.001925179,0.001899339,0.001565,0.001558,0,0,1.524e-23,8.299e-24
step128000,128000,MLP_OUT,v,hidden,4096,512-1024,5.033165e+07,0.0008323635,0.0008982449,0.0006069342,0.0002327662,0.0002986969,0.001840367,0.001785023,0.001565,0.001558,3.803344e-07,0,1.524e-23,8.299e-24
step143000,143000,Q,u,head,1024,spike,786432,0.05373818,0.05400181,0.04667918,0.09900847,0.0992721,0.006801242,0.007827032,0.001565,0.001536,1.998175e-06,0.0003209795,1.524e-23,1.178e-24
step143000,143000,Q,u,head,1024,32-64,786432,0.0398832,0.04014683,0.005448659,0.04533186,0.04559549,0.005455017,0.006100428,0.001565,0.001536,0,0,1.524e-23,1.178e-24
step143000,143000,Q,u,head,1024,64-128,1572864,0.03561455,0.03587819,0.006036758,0.0295778,0.02984143,0.004853657,0.004126503,0.001565,0.001536,0,0,1.524e-23,1.178e-24
step143000,143000,Q,u,head,1024,128-256,3145728,0.02531996,0.02558359,0.01028315,0.01503681,0.01530044,0.003782636,0.002841177,0.001565,0.001536,0,0,1.524e-23,1.178e-24
step143000,143000,Q,u,head,1024,256-512,6291456,0.009577497,0.009841128,0.004890124,0.004687373,0.004951004,0.002421561,0.002056235,0.001565,0.001536,0,0,1.524e-23,1.178e-24
step143000,143000,Q,u,head,1024,512-1024,1.258291e+07,0.01391837,0.01418735,0.004936218,0.008982148,0.009251127,0.003429515,0.002786852,0.001565,0.001536,4.541306e-08,4.541306e-08,1.524e-23,1.178e-24
step143000,143000,Q,v,residual,1024,spike,786432,0.003624634,0.003839652,0.006362915,0.00969192,0.009960899,0.00210535,0.002718608,0.001565,0.001536,0,0,1.524e-23,1.178e-24
step143000,143000,Q,v,residual,1024,32-64,786432,0.005537715,0.005806694,0.003964742,0.009031201,0.009294831,0.002145131,0.002562932,0.001565,0.001536,0,0,1.524e-23,1.178e-24
step143000,143000,Q,v,residual,1024,64-128,1572864,0.005009238,0.005272869,0.001434326,0.005763277,0.006026907,0.00207456,0.002275194,0.001565,0.001536,0,0,1.524e-23,1.178e-24
step143000,143000,Q,v,residual,1024,128-256,3145728,0.002388113,0.002639224,0.0004107157,0.002424463,0.002688094,0.001977058,0.001988956,0.001565,0.001536,0,0,1.524e-23,1.178e-24
step143000,143000,Q,v,residual,1024,256-512,6291456,0.0002374008,0.0004143504,0.0003554026,0.000262431,0.0004575262,0.001765524,0.001774039,0.001565,0.001536,0,0,1.524e-23,1.178e-24
step143000,143000,Q,v,residual,1024,512-1024,1.258291e+07,0.0008197471,0.001083378,0.0004558563,0.00122872,0.001492573,0.001868384,0.001933472,0.001565,0.001536,0,0,1.524e-23,1.178e-24
step143000,143000,K,u,head,1024,spike,786432,0.06063504,0.06088615,0.04180145,0.1009362,0.1011998,0.007264274,0.007946923,0.001565,0.001536,7.26609e-07,0.0003674825,1.524e-23,1.178e-24
step143000,143000,K,u,head,1024,32-64,786432,0.04456638,0.04483001,0.002232869,0.0466047,0.04686833,0.005768549,0.006152562,0.001565,0.001536,0,0,1.524e-23,1.178e-24
step143000,143000,K,u,head,1024,64-128,1572864,0.03600747,0.0362711,0.003253301,0.03327678,0.03354041,0.004943575,0.004425866,0.001565,0.001536,0,0,1.524e-23,1.178e-24
step143000,143000,K,u,head,1024,128-256,3145728,0.02345884,0.02372782,0.007012367,0.01681223,0.01707586,0.00371547,0.002915201,0.001565,0.001536,0,0,1.524e-23,1.178e-24
step143000,143000,K,u,head,1024,256-512,6291456,0.007562066,0.007825696,0.002747059,0.004815007,0.005078637,0.002351216,0.002067748,0.001565,0.001536,0,0,1.524e-23,1.178e-24
step143000,143000,K,u,head,1024,512-1024,1.258291e+07,0.01198741,0.01225639,0.002621969,0.009496973,0.009765952,0.003191176,0.002831448,0.001565,0.001536,2.611251e-07,0,1.524e-23,1.178e-24
step143000,143000,K,v,residual,1024,spike,786432,0.0007828627,0.0007847762,0.009644826,0.008923894,0.009192873,0.001869565,0.002646855,0.001565,0.001536,0,0,1.524e-23,1.178e-24
step143000,143000,K,v,residual,1024,32-64,786432,0.003749117,0.004012747,0.003668467,0.007158065,0.007392263,0.00199218,0.002521697,0.001565,0.001536,0,0,1.524e-23,1.178e-24
step143000,143000,K,v,residual,1024,64-128,1572864,0.003203541,0.003467394,0.001657486,0.004837082,0.005106061,0.002006894,0.002223333,0.001565,0.001536,0,0,1.524e-23,1.178e-24
step143000,143000,K,v,residual,1024,128-256,3145728,0.001652549,0.001916402,0.0008128484,0.002229278,0.002498079,0.001926422,0.001937276,0.001565,0.001536,0,0,1.524e-23,1.178e-24
step143000,143000,K,v,residual,1024,256-512,6291456,0.0002002815,0.0002449142,0.0003078779,0.0003263706,0.0001971538,0.001760642,0.001771586,0.001565,0.001536,0,0,1.524e-23,1.178e-24
step143000,143000,K,v,residual,1024,512-1024,1.258291e+07,0.0004325247,0.0006836358,0.0005576611,0.0008853178,0.001149171,0.001830067,0.001880544,0.001565,0.001536,0,0,1.524e-23,1.178e-24
step143000,143000,V,u,head,1024,spike,786432,0.03439258,0.03465621,0.01559067,0.01906209,0.01933107,0.005352747,0.004105341,0.001565,0.001536,0,0,1.524e-23,1.178e-24
step143000,143000,V,u,head,1024,32-64,786432,0.01500071,0.01526969,0.003688812,0.01152043,0.01178941,0.003379095,0.003091903,0.001565,0.001536,0,0,1.524e-23,1.178e-24
step143000,143000,V,u,head,1024,64-128,1572864,0.008311,0.008579978,0.001293818,0.007066772,0.007335751,0.002633504,0.002527419,0.001565,0.001536,0,0,1.524e-23,1.178e-24
step143000,143000,V,u,head,1024,128-256,3145728,0.003268147,0.003531778,0.0009743373,0.002601033,0.002870012,0.002122697,0.002012979,0.001565,0.001536,0,0,1.524e-23,1.178e-24
step143000,143000,V,u,head,1024,256-512,6291456,0.001359368,0.001622998,0.00131464,0.0001979704,0.0003932106,0.001883893,0.001763367,0.001565,0.001536,0,0,1.524e-23,1.178e-24
step143000,143000,V,u,head,1024,512-1024,1.258291e+07,0.001435961,0.00170494,0.0002162457,0.001584576,0.001853555,0.001938309,0.001924606,0.001565,0.001536,0,0,1.524e-23,1.178e-24
step143000,143000,V,v,residual,1024,spike,786432,0.01918847,0.0194521,0.0009727478,0.01887693,0.01914057,0.003227234,0.00341706,0.001565,0.001536,0,0,1.524e-23,1.178e-24
step143000,143000,V,v,residual,1024,32-64,786432,0.01261143,0.01288041,0.001776377,0.01352823,0.01379721,0.002748217,0.002945855,0.001565,0.001536,0,0,1.524e-23,1.178e-24
step143000,143000,V,v,residual,1024,64-128,1572864,0.007909185,0.008178164,0.002234777,0.009661898,0.009925528,0.002378827,0.002547037,0.001565,0.001536,0,0,1.524e-23,1.178e-24
step143000,143000,V,v,residual,1024,128-256,3145728,0.003127003,0.003390634,0.001589775,0.004404609,0.004668239,0.002024469,0.002130645,0.001565,0.001536,0,0,1.524e-23,1.178e-24
step143000,143000,V,v,residual,1024,256-512,6291456,0.0002418593,0.0002951411,0.0007184347,0.0005987943,0.0008677732,0.001774425,0.001801309,0.001565,0.001536,0,0,1.524e-23,1.178e-24
step143000,143000,V,v,residual,1024,512-1024,1.258291e+07,0.001339028,0.001602881,0.0009210904,0.002169337,0.002438316,0.001932859,0.002048322,0.001565,0.001536,0,0,1.524e-23,1.178e-24
step143000,143000,O,u,residual,1024,spike,786432,0.003841941,0.004105572,0.005157471,0.008925166,0.009194145,0.002181644,0.002708253,0.001565,0.001536,4.541306e-06,1.108079e-05,1.524e-23,1.178e-24
step143000,143000,O,u,residual,1024,32-64,786432,0.0007329628,0.0009965933,0.003293355,0.003704502,0.003958218,0.001825242,0.002279917,0.001565,0.001536,0,0,1.524e-23,1.178e-24
step143000,143000,O,u,residual,1024,64-128,1572864,0.0007125832,0.0008698019,0.002657572,0.003062612,0.003331591,0.001829511,0.002053488,0.001565,0.001536,0,0,1.524e-23,1.178e-24
step143000,143000,O,u,residual,1024,128-256,3145728,0.0004407681,0.0006358633,0.0010945,0.0009882296,0.00125186,0.001804533,0.001869656,0.001565,0.001536,0,0,1.524e-23,1.178e-24
step143000,143000,O,u,residual,1024,256-512,6291456,0.0004412396,0.0002318407,0.0003256798,0.0003284795,0.0002677531,0.001747994,0.001774924,0.001565,0.001536,0,0,1.524e-23,1.178e-24
step143000,143000,O,u,residual,1024,512-1024,1.258291e+07,0.0002740684,0.000124195,0.0007800261,0.0005059577,0.0007570687,0.001775821,0.001824288,0.001565,0.001536,0,0,1.524e-23,1.178e-24
step143000,143000,O,v,head,1024,spike,786432,0.04673313,0.04699676,0.003964742,0.04449849,0.04476747,0.00659325,0.006782532,0.001565,0.001536,7.26609e-07,3.269741e-06,1.524e-23,1.178e-24
step143000,143000,O,v,head,1024,32-64,786432,0.02648217,0.0267458,0.003339132,0.02895741,0.02922639,0.004722777,0.005033947,0.001565,0.001536,0,0,1.524e-23,1.178e-24
step143000,143000,O,v,head,1024,64-128,1572864,0.01985985,0.02012349,0.001959483,0.01795441,0.01821804,0.004014333,0.003534953,0.001565,0.001536,0,0,1.524e-23,1.178e-24
step143000,143000,O,v,head,1024,128-256,3145728,0.01437859,0.01464757,0.007563591,0.006879394,0.007143024,0.003160204,0.002374422,0.001565,0.001536,0,0,1.524e-23,1.178e-24
step143000,143000,O,v,head,1024,256-512,6291456,0.005467461,0.00573644,0.004282157,0.001185304,0.001454283,0.002281643,0.001863798,0.001565,0.001536,0,0,1.524e-23,1.178e-24
step143000,143000,O,v,head,1024,512-1024,1.258291e+07,0.007791565,0.008060544,0.003338178,0.004496779,0.004765758,0.002597366,0.002224309,0.001565,0.001536,0,0,1.524e-23,1.178e-24
step143000,143000,MLP_IN,u,hidden,4096,spike,3145728,0.01031303,0.01036535,0.01077875,0.01036553,0.01043275,0.002920741,0.00258314,0.001565,0.001558,1.385098e-05,1.63487e-05,1.524e-23,8.299e-24
step143000,143000,MLP_IN,u,hidden,4096,32-64,3145728,0.004094909,0.004160839,0.0008255641,0.00454854,0.004614471,0.002238001,0.002363841,0.001565,0.001558,1.816523e-07,0,1.524e-23,8.299e-24
step143000,143000,MLP_IN,u,hidden,4096,64-128,6291456,0.002982026,0.003049241,0.0005745888,0.003211134,0.00327389,0.002074264,0.002207075,0.001565,0.001558,0,0,1.524e-23,8.299e-24
step143000,143000,MLP_IN,u,hidden,4096,128-256,1.258291e+07,0.001764502,0.001831717,0.0006461143,0.002188593,0.002254524,0.001968475,0.002027171,0.001565,0.001558,0,0,1.524e-23,8.299e-24
step143000,143000,MLP_IN,u,hidden,4096,256-512,2.516582e+07,0.0007695714,0.0008233096,0.0003085931,0.0009387236,0.001004654,0.001847772,0.001881469,0.001565,0.001558,0,0,1.524e-23,8.299e-24
step143000,143000,MLP_IN,u,hidden,4096,512-1024,5.033165e+07,0.0006338418,0.0007010568,0.0004481673,0.0002078748,0.0002706301,0.001844971,0.00179068,0.001565,0.001558,1.444703e-06,0,1.524e-23,8.299e-24
step143000,143000,MLP_IN,v,residual,1024,spike,786432,0.00115246,0.001386658,0.01001867,0.01050229,0.0107534,0.001926422,0.002572559,0.001565,0.001536,0,0,1.524e-23,1.178e-24
step143000,143000,MLP_IN,v,residual,1024,32-64,786432,0.006055242,0.006324221,0.001430511,0.007107322,0.007370952,0.002292996,0.002473377,0.001565,0.001536,0,0,1.524e-23,1.178e-24
step143000,143000,MLP_IN,v,residual,1024,64-128,1572864,0.00573721,0.00600084,0.0004278819,0.006004379,0.006273358,0.002214159,0.002221062,0.001565,0.001536,0,0,1.524e-23,1.178e-24
step143000,143000,MLP_IN,v,residual,1024,128-256,3145728,0.003831769,0.004095399,0.0004701614,0.003397034,0.003666013,0.002020518,0.002002761,0.001565,0.001536,0,0,1.524e-23,1.178e-24
step143000,143000,MLP_IN,v,residual,1024,256-512,6291456,0.0009407899,0.001204643,0.0002775192,0.0007802185,0.00103864,0.001851377,0.001817499,0.001565,0.001536,0,0,1.524e-23,1.178e-24
step143000,143000,MLP_IN,v,residual,1024,512-1024,1.258291e+07,0.001818067,0.002087046,0.0006024837,0.002384335,0.002648188,0.002038354,0.002102398,0.001565,0.001536,5.790165e-07,4.541306e-08,1.524e-23,1.178e-24
step143000,143000,MLP_OUT,u,residual,1024,spike,786432,0.01071807,0.01098705,0.01940918,0.03012725,0.03039623,0.002826327,0.003595261,0.001565,0.001536,3.033593e-05,0.0001131694,1.524e-23,1.178e-24
step143000,143000,MLP_OUT,u,residual,1024,32-64,786432,0.002977276,0.003240907,0.004308065,0.006790628,0.007054481,0.002028147,0.002717154,0.001565,0.001536,0,0,1.524e-23,1.178e-24
step143000,143000,MLP_OUT,u,residual,1024,64-128,1572864,0.001967784,0.00219513,0.001809438,0.003154339,0.003411445,0.00194268,0.002182643,0.001565,0.001536,0,0,1.524e-23,1.178e-24
step143000,143000,MLP_OUT,u,residual,1024,128-256,3145728,0.0009862483,0.001250101,0.0006043116,0.001425012,0.001688643,0.001884597,0.001865932,0.001565,0.001536,0,0,1.524e-23,1.178e-24
step143000,143000,MLP_OUT,u,residual,1024,256-512,6291456,0.0004474679,0.0006632957,0.0003595352,0.0006271538,0.0008782648,0.001785437,0.001790092,0.001565,0.001536,0,0,1.524e-23,1.178e-24
step143000,143000,MLP_OUT,u,residual,1024,512-1024,1.258291e+07,0.0007897514,0.00094697,0.00191776,0.001573627,0.001837257,0.001850957,0.001887265,0.001565,0.001536,0,0,1.524e-23,1.178e-24
step143000,143000,MLP_OUT,v,hidden,4096,spike,3145728,0.01394414,0.01401007,0.005760193,0.008190837,0.008258052,0.003534907,0.002604394,0.001565,0.001558,1.63487e-05,1.475925e-05,1.524e-23,8.299e-24
step143000,143000,MLP_OUT,v,hidden,4096,32-64,3145728,0.00451301,0.004578891,0.001005809,0.005057802,0.005123733,0.00237315,0.00244949,0.001565,0.001558,1.18074e-06,0,1.524e-23,8.299e-24
step143000,143000,MLP_OUT,v,hidden,4096,64-128,6291456,0.003143693,0.003209574,0.0007573764,0.003818876,0.003886091,0.002142089,0.002247061,0.001565,0.001558,0,0,1.524e-23,8.299e-24
step143000,143000,MLP_OUT,v,hidden,4096,128-256,1.258291e+07,0.00256974,0.002635621,0.0002755324,0.002535964,0.002601845,0.002027364,0.002056894,0.001565,0.001558,0,0,1.524e-23,8.299e-24
step143000,143000,MLP_OUT,v,hidden,4096,256-512,2.516582e+07,0.001704042,0.001769923,0.0007188718,0.001020215,0.001081395,0.001924248,0.001893202,0.001565,0.001558,0,0,1.524e-23,8.299e-24
step143000,143000,MLP_OUT,v,hidden,4096,512-1024,5.033165e+07,0.0008106475,0.0008765289,0.0007080833,0.0001528001,0.0002150008,0.001849427,0.001785071,0.001565,0.001558,4.172325e-07,0,1.524e-23,8.299e-24
