rev,step,M,side,class,n,band,count,ks_pt_trained,ks_exact_trained,ks_trained_vs_null,ks_pt_null,ks_exact_null,tail10_trained,tail10_null,tail10_pt,tail10_exact,tail10_trained_seed_sd,tail100_trained,tail100_null,tail100_pt,tail100_exact,tail100_trained_seed_sd
step0,0,Q,u,head,1024,spike,786432,0.001396445,0.001259498,0.002888743,0.00180863,0.002050258,0.001740265,0.001988656,0.001565,0.001536,4.287597e-05,0,0,1.524e-23,1.178e-24,0
step0,0,Q,u,head,1024,32-64,786432,0.0009556392,0.0009087553,0.001732381,0.001371918,0.00161855,0.0017314,0.001873198,0.001565,0.001536,1.916522e-05,0,0,1.524e-23,1.178e-24,0
step0,0,Q,u,head,1024,64-128,1572864,0.0005958899,0.000455653,0.001141739,0.0007493604,0.0009957656,0.001748766,0.001809493,0.001565,0.001536,2.06585e-05,0,0,1.524e-23,1.178e-24,0
step0,0,Q,u,head,1024,128-256,3145728,0.0005694448,0.0004079309,0.0006379445,0.0003289677,0.0004873991,0.00174289,0.001784152,0.001565,0.001536,1.096557e-05,0,0,1.524e-23,1.178e-24,0
step0,0,Q,u,head,1024,256-512,6291456,0.0003146015,0.0002851081,0.0004068375,0.0004015215,0.0002621463,0.001758421,0.001744856,0.001565,0.001536,5.521199e-06,0,0,1.524e-23,1.178e-24,0
step0,0,Q,u,head,1024,512-1024,1.258291e+07,0.0003473755,0.0001578042,0.000412035,0.0002002485,0.00032831,0.00174118,0.001764027,0.001565,0.001536,1.183267e-05,0,0,1.524e-23,1.178e-24,0
step0,0,Q,v,residual,1024,spike,786432,0.0009586105,0.0007716586,0.002462769,0.001745029,0.002003805,0.001724025,0.001957339,0.001565,0.001536,2.05606e-05,0,0,1.524e-23,1.178e-24,0
step0,0,Q,v,residual,1024,32-64,786432,0.0006671156,0.0007802395,0.001606496,0.001384999,0.00162678,0.001760356,0.001864333,0.001565,0.001536,1.346765e-05,0,0,1.524e-23,1.178e-24,0
step0,0,Q,v,residual,1024,64-128,1572864,0.0005911982,0.000560234,0.00104421,0.00071992,0.0009784052,0.001744625,0.0018209,0.001565,0.001536,2.847863e-05,0,0,1.524e-23,1.178e-24,0
step0,0,Q,v,residual,1024,128-256,3145728,0.0004288203,0.0003440651,0.0004903793,0.0003857501,0.000285025,0.001747549,0.001771827,0.001565,0.001536,1.452772e-05,0,0,1.524e-23,1.178e-24,0
step0,0,Q,v,residual,1024,256-512,6291456,0.0003195827,0.0002071734,0.0003636042,0.0003046921,0.0002584003,0.00174893,0.001744643,0.001565,0.001536,9.946982e-06,0,0,1.524e-23,1.178e-24,0
step0,0,Q,v,residual,1024,512-1024,1.258291e+07,0.0003446986,0.0001854765,0.0003067652,0.0002114807,0.0002427937,0.001745478,0.001754575,0.001565,0.001536,8.930766e-06,0,0,1.524e-23,1.178e-24,0
step0,0,K,u,head,1024,spike,786432,0.000793817,0.000793199,0.002330017,0.002021933,0.00228098,0.001732345,0.001946331,0.001565,0.001536,3.455134e-05,0,0,1.524e-23,1.178e-24,0
step0,0,K,u,head,1024,32-64,786432,0.0006756704,0.0007170524,0.001528422,0.001315101,0.001556827,0.001751636,0.001881554,0.001565,0.001536,4.61308e-05,0,0,1.524e-23,1.178e-24,0
step0,0,K,u,head,1024,64-128,1572864,0.0006613544,0.0006320458,0.001130803,0.0006940143,0.0009518026,0.001757613,0.001805351,0.001565,0.001536,2.748182e-05,0,0,1.524e-23,1.178e-24,0
step0,0,K,u,head,1024,128-256,3145728,0.0004130378,0.0003353365,0.0005884171,0.000339289,0.0004706847,0.00173784,0.001769983,0.001565,0.001536,1.6039e-05,0,0,1.524e-23,1.178e-24,0
step0,0,K,u,head,1024,256-512,6291456,0.0003308665,0.0001834926,0.0004249573,0.0005549647,0.0002891504,0.00174601,0.001741019,0.001565,0.001536,8.871625e-06,0,0,1.524e-23,1.178e-24,0
step0,0,K,u,head,1024,512-1024,1.258291e+07,0.0003110701,0.0001820039,0.000320816,0.000255065,0.0002296831,0.001747492,0.00175848,0.001565,0.001536,9.949576e-06,0,0,1.524e-23,1.178e-24,0
step0,0,K,v,residual,1024,spike,786432,0.0008627603,0.0008072208,0.002190653,0.001698538,0.001959754,0.001745315,0.00193823,0.001565,0.001536,3.646033e-05,0,0,1.524e-23,1.178e-24,0
step0,0,K,v,residual,1024,32-64,786432,0.001011701,0.0008609365,0.002057393,0.001434832,0.00164481,0.001724861,0.001845006,0.001565,0.001536,2.271401e-05,0,0,1.524e-23,1.178e-24,0
step0,0,K,v,residual,1024,64-128,1572864,0.0005593089,0.0004838334,0.001028442,0.0007459829,0.0009919775,0.001728512,0.00183565,0.001565,0.001536,3.15003e-05,0,0,1.524e-23,1.178e-24,0
step0,0,K,v,residual,1024,128-256,3145728,0.0005382507,0.0003880119,0.0006783168,0.0002950244,0.0004562523,0.001737667,0.001761327,0.001565,0.001536,1.436761e-05,0,0,1.524e-23,1.178e-24,0
step0,0,K,v,residual,1024,256-512,6291456,0.0003414194,0.0001969506,0.0002404531,0.0003014657,0.0002330089,0.001739847,0.001746968,0.001565,0.001536,1.274853e-05,0,0,1.524e-23,1.178e-24,0
step0,0,K,v,residual,1024,512-1024,1.258291e+07,0.0002987396,0.0001534804,0.0003055096,0.0001934116,0.0003055798,0.001751661,0.001769238,0.001565,0.001536,9.807612e-06,0,0,1.524e-23,1.178e-24,0
step0,0,V,u,head,1024,spike,786432,0.0008458827,0.00077458,0.002152507,0.001772174,0.002022451,0.001787458,0.001960754,0.001565,0.001536,4.324411e-05,0,0,1.524e-23,1.178e-24,0
step0,0,V,u,head,1024,32-64,786432,0.0008316356,0.0007470413,0.001326243,0.0009669112,0.001212429,0.001750873,0.001870909,0.001565,0.001536,4.004219e-05,0,0,1.524e-23,1.178e-24,0
step0,0,V,u,head,1024,64-128,1572864,0.000534746,0.0004933324,0.0009483337,0.0006700737,0.0007740074,0.001761191,0.001823988,0.001565,0.001536,1.740658e-05,0,0,1.524e-23,1.178e-24,0
step0,0,V,u,head,1024,128-256,3145728,0.0004549479,0.000355833,0.0005604426,0.0004158108,0.0004833739,0.001752835,0.001764406,0.001565,0.001536,2.699396e-05,0,0,1.524e-23,1.178e-24,0
step0,0,V,u,head,1024,256-512,6291456,0.0005851995,0.0003694467,0.0003911018,0.000439328,0.0002348804,0.001737386,0.001754911,0.001565,0.001536,8.654248e-06,0,0,1.524e-23,1.178e-24,0
step0,0,V,u,head,1024,512-1024,1.258291e+07,0.0003867796,0.0001992268,0.0003360748,0.000165605,0.0002454753,0.001747093,0.001761418,0.001565,0.001536,4.884614e-06,0,0,1.524e-23,1.178e-24,0
step0,0,V,v,residual,1024,spike,786432,0.0008281228,0.001003687,0.001363118,0.001341554,0.001588609,0.001770056,0.001928202,0.001565,0.001536,5.787177e-05,0,0,1.524e-23,1.178e-24,0
step0,0,V,v,residual,1024,32-64,786432,0.000963986,0.0008667321,0.001541901,0.001326353,0.001565748,0.00174546,0.001890528,0.001565,0.001536,3.902341e-05,0,0,1.524e-23,1.178e-24,0
step0,0,V,v,residual,1024,64-128,1572864,0.0004793459,0.0005659631,0.0009543101,0.0006225664,0.0007944082,0.00173774,0.001819774,0.001565,0.001536,3.299212e-05,0,0,1.524e-23,1.178e-24,0
step0,0,V,v,residual,1024,128-256,3145728,0.0003955649,0.0003294676,0.0004939397,0.0002908502,0.0003990718,0.00175506,0.001761618,0.001565,0.001536,1.075449e-05,0,0,1.524e-23,1.178e-24,0
step0,0,V,v,residual,1024,256-512,6291456,0.00043544,0.0002439503,0.0003860156,0.0003682022,0.000295516,0.00174011,0.001742431,0.001565,0.001536,7.011621e-06,0,0,1.524e-23,1.178e-24,0
step0,0,V,v,residual,1024,512-1024,1.258291e+07,0.0002779541,0.0001665736,0.0002735774,0.0002507805,0.0002591492,0.001749393,0.001766323,0.001565,0.001536,6.501142e-06,0,0,1.524e-23,1.178e-24,0
step0,0,O,u,residual,1024,spike,786432,0.000818701,0.0007232079,0.00200882,0.001648774,0.001898092,0.001744952,0.001957812,0.001565,0.001536,3.827931e-05,0,0,1.524e-23,1.178e-24,0
step0,0,O,u,residual,1024,32-64,786432,0.0009053347,0.0008107128,0.001813507,0.001263408,0.001524624,0.001727549,0.001853507,0.001565,0.001536,6.327321e-05,0,0,1.524e-23,1.178e-24,0
step0,0,O,u,residual,1024,64-128,1572864,0.0004015051,0.0004382504,0.0009170532,0.0006395121,0.0008706736,0.001747022,0.001815487,0.001565,0.001536,2.274532e-05,0,0,1.524e-23,1.178e-24,0
step0,0,O,u,residual,1024,128-256,3145728,0.0004923171,0.0004487165,0.0006766001,0.0003815942,0.0005058625,0.001743662,0.001778448,0.001565,0.001536,9.783253e-06,0,0,1.524e-23,1.178e-24,0
step0,0,O,u,residual,1024,256-512,6291456,0.000413411,0.0002656316,0.0004096349,0.0003775785,0.0002747785,0.001746809,0.001751355,0.001565,0.001536,7.647946e-06,0,0,1.524e-23,1.178e-24,0
step0,0,O,u,residual,1024,512-1024,1.258291e+07,0.0003146789,0.0001653132,0.000296704,0.0002461722,0.0002106569,0.001748612,0.001763641,0.001565,0.001536,9.6334e-06,0,0,1.524e-23,1.178e-24,0
step0,0,O,v,head,1024,spike,786432,0.000645193,0.0007391753,0.002162679,0.001871815,0.002124053,0.001742772,0.001919592,0.001565,0.001536,3.707442e-05,0,0,1.524e-23,1.178e-24,0
step0,0,O,v,head,1024,32-64,786432,0.0008355725,0.000672732,0.001792653,0.001292851,0.001545369,0.001748984,0.001887403,0.001565,0.001536,4.701889e-05,0,0,1.524e-23,1.178e-24,0
step0,0,O,v,head,1024,64-128,1572864,0.0008639186,0.0006950978,0.001255925,0.0005991181,0.0008188633,0.001732672,0.001830292,0.001565,0.001536,4.514787e-05,0,0,1.524e-23,1.178e-24,0
step0,0,O,v,head,1024,128-256,3145728,0.0004438013,0.0003223715,0.0005025228,0.0003131648,0.0004366552,0.001743217,0.001780056,0.001565,0.001536,1.7471e-05,0,0,1.524e-23,1.178e-24,0
step0,0,O,v,head,1024,256-512,6291456,0.000387686,0.0002176718,0.0003032684,0.0003242629,0.0002499373,0.001740301,0.001760247,0.001565,0.001536,1.061585e-05,0,0,1.524e-23,1.178e-24,0
step0,0,O,v,head,1024,512-1024,1.258291e+07,0.0003423345,0.0001689467,0.0002815088,0.000188493,0.0002604495,0.001742052,0.001772574,0.001565,0.001536,1.074462e-05,0,0,1.524e-23,1.178e-24,0
step0,0,MLP_IN,u,hidden,4096,spike,3145728,0.0004831615,0.0004662355,0.001087825,0.0008880326,0.0009502714,0.001764806,0.001878357,0.001565,0.001558,2.187113e-05,0,0,1.524e-23,8.299e-24,0
step0,0,MLP_IN,u,hidden,4096,32-64,3145728,0.0004114352,0.000391405,0.001080513,0.0007825879,0.0008356505,0.001756268,0.001855605,0.001565,0.001558,2.274296e-05,0,0,1.524e-23,8.299e-24,0
step0,0,MLP_IN,u,hidden,4096,64-128,6291456,0.0003407455,0.0003248442,0.0007534027,0.0006191189,0.0006792683,0.001765224,0.001838593,0.001565,0.001558,1.591528e-05,0,0,1.524e-23,8.299e-24,0
step0,0,MLP_IN,u,hidden,4096,128-256,1.258291e+07,0.0002372678,0.0001970472,0.0005761147,0.0004249162,0.0004885685,0.00176578,0.001806825,0.001565,0.001558,5.173469e-06,0,0,1.524e-23,8.299e-24,0
step0,0,MLP_IN,u,hidden,4096,256-512,2.516582e+07,0.0001096411,0.0001086086,0.000237759,0.0001789759,0.0002375524,0.001767733,0.001789195,0.001565,0.001558,7.51077e-06,0,0,1.524e-23,8.299e-24,0
step0,0,MLP_IN,u,hidden,4096,512-1024,5.033165e+07,0.0001356593,8.510974e-05,0.00015891,8.935044e-05,0.0001017846,0.001768534,0.001771343,0.001565,0.001558,5.091623e-06,0,0,1.524e-23,8.299e-24,0
step0,0,MLP_IN,v,residual,1024,spike,786432,0.0005755587,0.0004900665,0.00166626,0.001259514,0.001490584,0.001780374,0.001883843,0.001565,0.001536,2.261443e-05,0,0,1.524e-23,1.178e-24,0
step0,0,MLP_IN,v,residual,1024,32-64,786432,0.0008677488,0.0008640466,0.001794942,0.001191852,0.001433241,0.001728312,0.001845224,0.001565,0.001536,4.03533e-05,0,0,1.524e-23,1.178e-24,0
step0,0,MLP_IN,v,residual,1024,64-128,1572864,0.0007120039,0.0005658185,0.00132103,0.0007546011,0.001003104,0.001736123,0.001810582,0.001565,0.001536,3.249135e-05,0,0,1.524e-23,1.178e-24,0
step0,0,MLP_IN,v,residual,1024,128-256,3145728,0.0004087957,0.0003473573,0.0005669912,0.0004457044,0.0004462675,0.001748176,0.001760283,0.001565,0.001536,1.686678e-05,0,0,1.524e-23,1.178e-24,0
step0,0,MLP_IN,v,residual,1024,256-512,6291456,0.0004217691,0.0002850963,0.0004597028,0.0003597172,0.0002576331,0.001749452,0.001747004,0.001565,0.001536,1.859845e-05,0,0,1.524e-23,1.178e-24,0
step0,0,MLP_IN,v,residual,1024,512-1024,1.258291e+07,0.0003243389,0.000172472,0.0003031572,0.0002384767,0.0002569562,0.001745571,0.001765653,0.001565,0.001536,3.841488e-06,0,0,1.524e-23,1.178e-24,0
step0,0,MLP_OUT,u,residual,1024,spike,786432,0.0008010076,0.0008272647,0.001676941,0.001284466,0.001535041,0.001776777,0.001883225,0.001565,0.001536,2.804672e-05,0,0,1.524e-23,1.178e-24,0
step0,0,MLP_OUT,u,residual,1024,32-64,786432,0.001070696,0.0009895143,0.001573181,0.0008775006,0.001073356,0.001756468,0.001869165,0.001565,0.001536,7.334226e-05,0,0,1.524e-23,1.178e-24,0
step0,0,MLP_OUT,u,residual,1024,64-128,1572864,0.0005474942,0.0004218097,0.001147588,0.0007264572,0.000971873,0.00173111,0.001801682,0.001565,0.001536,8.767097e-06,0,0,1.524e-23,1.178e-24,0
step0,0,MLP_OUT,u,residual,1024,128-256,3145728,0.0006524897,0.0004032903,0.000892067,0.0003761973,0.0005977627,0.001738839,0.001784643,0.001565,0.001536,9.876772e-06,0,0,1.524e-23,1.178e-24,0
step0,0,MLP_OUT,u,residual,1024,256-512,6291456,0.000364377,0.0002560648,0.0003196081,0.000381929,0.0002654239,0.001747726,0.001749565,0.001565,0.001536,1.237812e-05,0,0,1.524e-23,1.178e-24,0
step0,0,MLP_OUT,u,residual,1024,512-1024,1.258291e+07,0.0003542125,0.0001764332,0.0003390153,0.0001702543,0.00024771,0.001742635,0.001769847,0.001565,0.001536,4.2278e-06,0,0,1.524e-23,1.178e-24,0
step0,0,MLP_OUT,v,hidden,4096,spike,3145728,0.0003523181,0.0003702169,0.001017316,0.0008830952,0.0009458942,0.001770138,0.001867149,0.001565,0.001558,1.008884e-05,0,0,1.524e-23,8.299e-24,0
step0,0,MLP_OUT,v,hidden,4096,32-64,3145728,0.0003699617,0.0003633353,0.001010831,0.0008105211,0.0008701359,0.001776377,0.001847967,0.001565,0.001558,2.974732e-05,0,0,1.524e-23,8.299e-24,0
step0,0,MLP_OUT,v,hidden,4096,64-128,6291456,0.0002382546,0.0002221455,0.0008463542,0.0006407071,0.0007049782,0.001758971,0.001847131,0.001565,0.001558,1.263993e-05,0,0,1.524e-23,8.299e-24,0
step0,0,MLP_OUT,v,hidden,4096,128-256,1.258291e+07,0.0001775437,0.0001578179,0.0004632473,0.0003849359,0.0004498805,0.001761557,0.001816486,0.001565,0.001558,1.580916e-05,0,0,1.524e-23,8.299e-24,0
step0,0,MLP_OUT,v,hidden,4096,256-512,2.516582e+07,0.0001571624,0.0001404676,0.000252684,0.0001668094,0.0002162212,0.001769645,0.001786188,0.001565,0.001558,1.142474e-05,0,0,1.524e-23,8.299e-24,0
step0,0,MLP_OUT,v,hidden,4096,512-1024,5.033165e+07,9.60824e-05,7.167308e-05,0.000122726,0.0001011223,0.0001086564,0.001768406,0.001767298,0.001565,0.001558,3.441349e-06,0,0,1.524e-23,8.299e-24,0
step1,1,Q,u,head,1024,spike,786432,0.001396445,0.001259498,0.00254008,0.001650861,0.001867258,0.001740265,0.001920173,0.001565,0.001536,4.287597e-05,0,0,1.524e-23,1.178e-24,0
step1,1,Q,u,head,1024,32-64,786432,0.0009556392,0.0009087553,0.002096812,0.001482974,0.001748788,0.0017314,0.001928965,0.001565,0.001536,1.916522e-05,0,0,1.524e-23,1.178e-24,0
step1,1,Q,u,head,1024,64-128,1572864,0.0005958899,0.000455653,0.001107407,0.0007057567,0.0009341325,0.001748766,0.001821736,0.001565,0.001536,2.06585e-05,0,0,1.524e-23,1.178e-24,0
step1,1,Q,u,head,1024,128-256,3145728,0.0005694448,0.0004079309,0.000655365,0.0003030612,0.0004417981,0.00174289,0.001775796,0.001565,0.001536,1.096557e-05,0,0,1.524e-23,1.178e-24,0
step1,1,Q,u,head,1024,256-512,6291456,0.0003146015,0.0002851081,0.0003318151,0.0002815577,0.0002463537,0.001758421,0.001747794,0.001565,0.001536,5.521199e-06,0,0,1.524e-23,1.178e-24,0
step1,1,Q,u,head,1024,512-1024,1.258291e+07,0.0003473755,0.0001578042,0.000298659,0.0002253171,0.0002464608,0.00174118,0.001764157,0.001565,0.001536,1.183267e-05,0,0,1.524e-23,1.178e-24,0
step1,1,Q,v,residual,1024,spike,786432,0.0009586105,0.0007716586,0.002372233,0.001513003,0.001755178,0.001724025,0.001919483,0.001565,0.001536,2.05606e-05,0,0,1.524e-23,1.178e-24,0
step1,1,Q,v,residual,1024,32-64,786432,0.0006671156,0.0007802395,0.001370239,0.001166177,0.001428417,0.001760356,0.001865169,0.001565,0.001536,1.346765e-05,0,0,1.524e-23,1.178e-24,0
step1,1,Q,v,residual,1024,64-128,1572864,0.0005911982,0.000560234,0.001035945,0.0006135041,0.0008099685,0.001744625,0.00182219,0.001565,0.001536,2.847863e-05,0,0,1.524e-23,1.178e-24,0
step1,1,Q,v,residual,1024,128-256,3145728,0.0004288203,0.0003440651,0.0005155563,0.000320967,0.00038563,0.001747549,0.001779048,0.001565,0.001536,1.452772e-05,0,0,1.524e-23,1.178e-24,0
step1,1,Q,v,residual,1024,256-512,6291456,0.0003195827,0.0002071734,0.0002475421,0.0003141455,0.0002514552,0.00174893,0.001756096,0.001565,0.001536,9.946982e-06,0,0,1.524e-23,1.178e-24,0
step1,1,Q,v,residual,1024,512-1024,1.258291e+07,0.0003446986,0.0001854765,0.0003300826,0.0001884973,0.0002842767,0.001745478,0.001767917,0.001565,0.001536,8.930766e-06,0,0,1.524e-23,1.178e-24,0
step1,1,K,u,head,1024,spike,786432,0.000793817,0.000793199,0.001981099,0.001665381,0.001910386,0.001732345,0.001904551,0.001565,0.001536,3.455134e-05,0,0,1.524e-23,1.178e-24,0
step1,1,K,u,head,1024,32-64,786432,0.0006756704,0.0007170524,0.00122935,0.001081505,0.001269778,0.001751636,0.001890128,0.001565,0.001536,4.61308e-05,0,0,1.524e-23,1.178e-24,0
step1,1,K,u,head,1024,64-128,1572864,0.0006613544,0.0006320458,0.001168315,0.0007263677,0.0009540883,0.001757613,0.001840737,0.001565,0.001536,2.748182e-05,0,0,1.524e-23,1.178e-24,0
step1,1,K,u,head,1024,128-256,3145728,0.0004130378,0.0003353365,0.000472641,0.00028147,0.0003762616,0.00173784,0.001771709,0.001565,0.001536,1.6039e-05,0,0,1.524e-23,1.178e-24,0
step1,1,K,u,head,1024,256-512,6291456,0.0003308665,0.0001834926,0.0002444903,0.0002936866,0.0002873755,0.00174601,0.001755764,0.001565,0.001536,8.871625e-06,0,0,1.524e-23,1.178e-24,0
step1,1,K,u,head,1024,512-1024,1.258291e+07,0.0003110701,0.0001820039,0.0003648917,0.0002535199,0.0003324007,0.001747492,0.001769395,0.001565,0.001536,9.949576e-06,0,0,1.524e-23,1.178e-24,0
step1,1,K,v,residual,1024,spike,786432,0.0008627603,0.0008072208,0.00206782,0.001692575,0.001954905,0.001745315,0.001937176,0.001565,0.001536,3.646033e-05,0,0,1.524e-23,1.178e-24,0
step1,1,K,v,residual,1024,32-64,786432,0.001011701,0.0008609365,0.001784007,0.001213691,0.001449997,0.001724861,0.001862408,0.001565,0.001536,2.271401e-05,0,0,1.524e-23,1.178e-24,0
step1,1,K,v,residual,1024,64-128,1572864,0.0005593089,0.0004838334,0.001202774,0.000893866,0.001142903,0.001728512,0.001845769,0.001565,0.001536,3.15003e-05,0,0,1.524e-23,1.178e-24,0
step1,1,K,v,residual,1024,128-256,3145728,0.0005382507,0.0003880119,0.0007064184,0.0003116172,0.0004333985,0.001737667,0.00176467,0.001565,0.001536,1.436761e-05,0,0,1.524e-23,1.178e-24,0
step1,1,K,v,residual,1024,256-512,6291456,0.0003414194,0.0001969506,0.000240167,0.0003590028,0.0002097663,0.001739847,0.001750978,0.001565,0.001536,1.274853e-05,0,0,1.524e-23,1.178e-24,0
step1,1,K,v,residual,1024,512-1024,1.258291e+07,0.0002987396,0.0001534804,0.0002594948,0.0001852165,0.0002588806,0.001751661,0.001762703,0.001565,0.001536,9.807612e-06,0,0,1.524e-23,1.178e-24,0
step1,1,V,u,head,1024,spike,786432,0.0008458827,0.00077458,0.002042135,0.001745117,0.001975282,0.001787458,0.001931363,0.001565,0.001536,4.324411e-05,0,0,1.524e-23,1.178e-24,0
step1,1,V,u,head,1024,32-64,786432,0.0008316356,0.0007470413,0.001772563,0.001300087,0.001516031,0.001750873,0.001871091,0.001565,0.001536,4.004219e-05,0,0,1.524e-23,1.178e-24,0
step1,1,V,u,head,1024,64-128,1572864,0.000534746,0.0004933324,0.001142883,0.0007301554,0.000983892,0.001761191,0.001808766,0.001565,0.001536,1.740658e-05,0,0,1.524e-23,1.178e-24,0
step1,1,V,u,head,1024,128-256,3145728,0.0004549479,0.000355833,0.0006588618,0.0003872058,0.0005708331,0.001752835,0.001791073,0.001565,0.001536,2.699396e-05,0,0,1.524e-23,1.178e-24,0
step1,1,V,u,head,1024,256-512,6291456,0.0005851995,0.0003694467,0.0004227956,0.0003278028,0.0002772963,0.001737386,0.001742581,0.001565,0.001536,8.654248e-06,0,0,1.524e-23,1.178e-24,0
step1,1,V,u,head,1024,512-1024,1.258291e+07,0.0003867796,0.0001992268,0.0003592332,0.0002351233,0.0002447397,0.001747093,0.001759904,0.001565,0.001536,4.884614e-06,0,0,1.524e-23,1.178e-24,0
step1,1,V,v,residual,1024,spike,786432,0.0008281228,0.001003687,0.001779938,0.001924354,0.002185388,0.001770056,0.001980736,0.001565,0.001536,5.787177e-05,0,0,1.524e-23,1.178e-24,0
step1,1,V,v,residual,1024,32-64,786432,0.000963986,0.0008667321,0.001730347,0.001236184,0.001446201,0.00174546,0.001901245,0.001565,0.001536,3.902341e-05,0,0,1.524e-23,1.178e-24,0
step1,1,V,v,residual,1024,64-128,1572864,0.0004793459,0.0005659631,0.0008717855,0.0006976308,0.0009303812,0.00173774,0.0018215,0.001565,0.001536,3.299212e-05,0,0,1.524e-23,1.178e-24,0
step1,1,V,v,residual,1024,128-256,3145728,0.0003955649,0.0003294676,0.0004053752,0.0003786185,0.0003702407,0.00175506,0.001758049,0.001565,0.001536,1.075449e-05,0,0,1.524e-23,1.178e-24,0
step1,1,V,v,residual,1024,256-512,6291456,0.00043544,0.0002439503,0.0003711383,0.0003580379,0.0002257182,0.00174011,0.00175823,0.001565,0.001536,7.011621e-06,0,0,1.524e-23,1.178e-24,0
step1,1,V,v,residual,1024,512-1024,1.258291e+07,0.0002779541,0.0001665736,0.000258255,0.0001781657,0.0002679475,0.001749393,0.001765067,0.001565,0.001536,6.501142e-06,0,0,1.524e-23,1.178e-24,0
step1,1,O,u,residual,1024,spike,786432,0.000818701,0.0007232079,0.00230306,0.0019659,0.002231758,0.001744952,0.001958466,0.001565,0.001536,3.827931e-05,0,0,1.524e-23,1.178e-24,0
step1,1,O,u,residual,1024,32-64,786432,0.0009053347,0.0008107128,0.001797485,0.001279531,0.001489867,0.001727549,0.001855578,0.001565,0.001536,6.327321e-05,0,0,1.524e-23,1.178e-24,0
step1,1,O,u,residual,1024,64-128,1572864,0.0004015051,0.0004382504,0.0009779612,0.0007865934,0.001011977,0.001747022,0.001813489,0.001565,0.001536,2.274532e-05,0,0,1.524e-23,1.178e-24,0
step1,1,O,u,residual,1024,128-256,3145728,0.0004923171,0.0004487165,0.0007168452,0.000363542,0.0005092898,0.001743662,0.001783398,0.001565,0.001536,9.783253e-06,0,0,1.524e-23,1.178e-24,0
step1,1,O,u,residual,1024,256-512,6291456,0.000413411,0.0002656316,0.000339667,0.0005240528,0.0002840409,0.001746809,0.001741359,0.001565,0.001536,7.647946e-06,0,0,1.524e-23,1.178e-24,0
step1,1,O,u,residual,1024,512-1024,1.258291e+07,0.0003146789,0.0001653132,0.0002859116,0.0002272089,0.0002229956,0.001748612,0.001762245,0.001565,0.001536,9.6334e-06,0,0,1.524e-23,1.178e-24,0
step1,1,O,v,head,1024,spike,786432,0.000645193,0.0007391753,0.001896413,0.001704128,0.001961095,0.001742772,0.00194971,0.001565,0.001536,3.707442e-05,0,0,1.524e-23,1.178e-24,0
step1,1,O,v,head,1024,32-64,786432,0.0008355725,0.000672732,0.001185862,0.0007561177,0.0009709685,0.001748984,0.001869093,0.001565,0.001536,4.701889e-05,0,0,1.524e-23,1.178e-24,0
step1,1,O,v,head,1024,64-128,1572864,0.0008639186,0.0006950978,0.001348877,0.0006778385,0.0009146008,0.001732672,0.001840955,0.001565,0.001536,4.514787e-05,0,0,1.524e-23,1.178e-24,0
step1,1,O,v,head,1024,128-256,3145728,0.0004438013,0.0003223715,0.0005477905,0.0003205034,0.0005006216,0.001743217,0.001794098,0.001565,0.001536,1.7471e-05,0,0,1.524e-23,1.178e-24,0
step1,1,O,v,head,1024,256-512,6291456,0.000387686,0.0002176718,0.0003385862,0.0003286419,0.000276418,0.001740301,0.001747894,0.001565,0.001536,1.061585e-05,0,0,1.524e-23,1.178e-24,0
step1,1,O,v,head,1024,512-1024,1.258291e+07,0.0003423345,0.0001689467,0.0004002571,0.0001604059,0.0003129249,0.001742052,0.001759416,0.001565,0.001536,1.074462e-05,0,0,1.524e-23,1.178e-24,0
step1,1,MLP_IN,u,hidden,4096,spike,3145728,0.0004831615,0.0004662355,0.001308695,0.0009905942,0.001055808,0.001764806,0.001873307,0.001565,0.001558,2.187113e-05,0,0,1.524e-23,8.299e-24,0
step1,1,MLP_IN,u,hidden,4096,32-64,3145728,0.0004114352,0.000391405,0.001097552,0.0008217157,0.0008775132,0.001756268,0.001838911,0.001565,0.001558,2.274296e-05,0,0,1.524e-23,8.299e-24,0
step1,1,MLP_IN,u,hidden,4096,64-128,6291456,0.0003407455,0.0003248442,0.0007739067,0.0006048433,0.0006694358,0.001765224,0.001846155,0.001565,0.001558,1.591528e-05,0,0,1.524e-23,8.299e-24,0
step1,1,MLP_IN,u,hidden,4096,128-256,1.258291e+07,0.0002372678,0.0001970472,0.0006326834,0.0004834,0.0005467708,0.00176578,0.001813201,0.001565,0.001558,5.173469e-06,0,0,1.524e-23,8.299e-24,0
step1,1,MLP_IN,u,hidden,4096,256-512,2.516582e+07,0.0001096411,0.0001086086,0.0003289382,0.0002493514,0.0003101332,0.001767733,0.001789696,0.001565,0.001558,7.51077e-06,0,0,1.524e-23,8.299e-24,0
step1,1,MLP_IN,u,hidden,4096,512-1024,5.033165e+07,0.0001356593,8.510974e-05,0.0001377741,0.0001270681,0.0001076201,0.001768534,0.001771506,0.001565,0.001558,5.091623e-06,0,0,1.524e-23,8.299e-24,0
step1,1,MLP_IN,v,residual,1024,spike,786432,0.0005755587,0.0004900665,0.001891836,0.001493095,0.001744779,0.001780374,0.001884097,0.001565,0.001536,2.261443e-05,0,0,1.524e-23,1.178e-24,0
step1,1,MLP_IN,v,residual,1024,32-64,786432,0.0008677488,0.0008640466,0.001424154,0.00111936,0.001341204,0.001728312,0.00187447,0.001565,0.001536,4.03533e-05,0,0,1.524e-23,1.178e-24,0
step1,1,MLP_IN,v,residual,1024,64-128,1572864,0.0007120039,0.0005658185,0.0009338379,0.0006189865,0.0007443552,0.001736123,0.001814797,0.001565,0.001536,3.249135e-05,0,0,1.524e-23,1.178e-24,0
step1,1,MLP_IN,v,residual,1024,128-256,3145728,0.0004087957,0.0003473573,0.0004945119,0.0002938196,0.0003822832,0.001748176,0.001768575,0.001565,0.001536,1.686678e-05,0,0,1.524e-23,1.178e-24,0
step1,1,MLP_IN,v,residual,1024,256-512,6291456,0.0004217691,0.0002850963,0.0004346212,0.0003023456,0.0002751124,0.001749452,0.00174264,0.001565,0.001536,1.859845e-05,0,0,1.524e-23,1.178e-24,0
step1,1,MLP_IN,v,residual,1024,512-1024,1.258291e+07,0.0003243389,0.000172472,0.0003532887,0.0001595343,0.0002836238,0.001745571,0.001767036,0.001565,0.001536,3.841488e-06,0,0,1.524e-23,1.178e-24,0
step1,1,MLP_OUT,u,residual,1024,spike,786432,0.0008010076,0.0008272647,0.001524862,0.001111259,0.001349152,0.001776777,0.001851254,0.001565,0.001536,2.804672e-05,0,0,1.524e-23,1.178e-24,0
step1,1,MLP_OUT,u,residual,1024,32-64,786432,0.001070696,0.0009895143,0.001660411,0.001086447,0.001245954,0.001756468,0.001815215,0.001565,0.001536,7.334226e-05,0,0,1.524e-23,1.178e-24,0
step1,1,MLP_OUT,u,residual,1024,64-128,1572864,0.0005474942,0.0004218097,0.0009096781,0.0005664743,0.0007685211,0.00173111,0.001814942,0.001565,0.001536,8.767097e-06,0,0,1.524e-23,1.178e-24,0
step1,1,MLP_OUT,u,residual,1024,128-256,3145728,0.0006524897,0.0004032903,0.0008249283,0.0004472274,0.0005785406,0.001738839,0.001784506,0.001565,0.001536,9.876772e-06,0,0,1.524e-23,1.178e-24,0
step1,1,MLP_OUT,u,residual,1024,256-512,6291456,0.000364377,0.0002560648,0.000367101,0.0004077623,0.0002411229,0.001747726,0.00174234,0.001565,0.001536,1.237812e-05,0,0,1.524e-23,1.178e-24,0
step1,1,MLP_OUT,u,residual,1024,512-1024,1.258291e+07,0.0003542125,0.0001764332,0.0004033724,0.0001776336,0.0003428797,0.001742635,0.001769157,0.001565,0.001536,4.2278e-06,0,0,1.524e-23,1.178e-24,0
step1,1,MLP_OUT,v,hidden,4096,spike,3145728,0.0003523181,0.0003702169,0.001198959,0.001097014,0.00115987,0.001770138,0.001881009,0.001565,0.001558,1.008884e-05,0,0,1.524e-23,8.299e-24,0
step1,1,MLP_OUT,v,hidden,4096,32-64,3145728,0.0003699617,0.0003633353,0.001001549,0.0008805326,0.0009468621,0.001776377,0.001855623,0.001565,0.001558,2.974732e-05,0,0,1.524e-23,8.299e-24,0
step1,1,MLP_OUT,v,hidden,4096,64-128,6291456,0.0002382546,0.0002221455,0.0008804321,0.0007119678,0.0007769222,0.001758971,0.001837971,0.001565,0.001558,1.263993e-05,0,0,1.524e-23,8.299e-24,0
step1,1,MLP_OUT,v,hidden,4096,128-256,1.258291e+07,0.0001775437,0.0001578179,0.0005089919,0.0004275123,0.000491848,0.001761557,0.00181006,0.001565,0.001558,1.580916e-05,0,0,1.524e-23,8.299e-24,0
step1,1,MLP_OUT,v,hidden,4096,256-512,2.516582e+07,0.0001571624,0.0001404676,0.0002910614,0.0002153869,0.0002664061,0.001769645,0.001794715,0.001565,0.001558,1.142474e-05,0,0,1.524e-23,8.299e-24,0
step1,1,MLP_OUT,v,hidden,4096,512-1024,5.033165e+07,9.60824e-05,7.167308e-05,9.904305e-05,8.765923e-05,8.439399e-05,0.001768406,0.001773148,0.001565,0.001558,3.441349e-06,0,0,1.524e-23,8.299e-24,0
step2,2,Q,u,head,1024,spike,786432,0.001395427,0.001258226,0.0025177,0.001774064,0.00201832,0.001740265,0.001917848,0.001565,0.001536,4.287597e-05,0,0,1.524e-23,1.178e-24,0
step2,2,Q,u,head,1024,32-64,786432,0.0009548763,0.0009079924,0.001933797,0.001486725,0.001728462,0.001731182,0.00186466,0.001565,0.001536,1.879701e-05,0,0,1.524e-23,1.178e-24,0
step2,2,Q,u,head,1024,64-128,1572864,0.0005969072,0.0004581962,0.001449076,0.001041187,0.001235071,0.001748748,0.001842517,0.001565,0.001536,2.062887e-05,0,0,1.524e-23,1.178e-24,0
step2,2,Q,u,head,1024,128-256,3145728,0.0005696992,0.000408821,0.0006798426,0.0003780151,0.0004686335,0.001742808,0.001769302,0.001565,0.001536,1.09009e-05,0,0,1.524e-23,1.178e-24,0
step2,2,Q,u,head,1024,256-512,6291456,0.0003139658,0.0002839856,0.0003860792,0.0003564556,0.0002877608,0.001758503,0.001748571,0.001565,0.001536,5.570079e-06,0,0,1.524e-23,1.178e-24,0
step2,2,Q,u,head,1024,512-1024,1.258291e+07,0.0003464537,0.0001577883,0.0003965378,0.0002018993,0.0003235437,0.001741087,0.001765955,0.001565,0.001536,1.181706e-05,0,0,1.524e-23,1.178e-24,0
step2,2,Q,v,residual,1024,spike,786432,0.0009583562,0.0007724215,0.002669271,0.001957866,0.002210202,0.001724062,0.001963261,0.001565,0.001536,2.063373e-05,0,0,1.524e-23,1.178e-24,0
step2,2,Q,v,residual,1024,32-64,786432,0.0006673699,0.0007774421,0.001351166,0.001306846,0.001550381,0.001760319,0.001874288,0.001565,0.001536,1.343711e-05,0,0,1.524e-23,1.178e-24,0
step2,2,Q,v,residual,1024,64-128,1572864,0.0005900538,0.0005606155,0.0009892782,0.0006566549,0.0009071066,0.001744625,0.001815287,0.001565,0.001536,2.847863e-05,0,0,1.524e-23,1.178e-24,0
step2,2,Q,v,residual,1024,128-256,3145728,0.0004286296,0.0003438108,0.0006079356,0.0004642316,0.0004867077,0.001747631,0.001782554,0.001565,0.001536,1.452789e-05,0,0,1.524e-23,1.178e-24,0
step2,2,Q,v,residual,1024,256-512,6291456,0.000319837,0.0002087735,0.0002903938,0.0003761492,0.0002233374,0.001748934,0.001751854,0.001565,0.001536,1.001489e-05,0,0,1.524e-23,1.178e-24,0
step2,2,Q,v,residual,1024,512-1024,1.258291e+07,0.0003446986,0.0001864301,0.0003056844,0.0001908122,0.0002350714,0.001745483,0.001767776,0.001565,0.001536,8.870503e-06,0,0,1.524e-23,1.178e-24,0
step2,2,K,u,head,1024,spike,786432,0.0007922911,0.0007916731,0.002274323,0.001726371,0.001968897,0.001732345,0.001944333,0.001565,0.001536,3.455134e-05,0,0,1.524e-23,1.178e-24,0
step2,2,K,u,head,1024,32-64,786432,0.000678113,0.0007165437,0.001520284,0.001150935,0.00140233,0.001751709,0.001873416,0.001565,0.001536,4.612562e-05,0,0,1.524e-23,1.178e-24,0
step2,2,K,u,head,1024,64-128,1572864,0.0006604144,0.0006334446,0.0009899139,0.0006791366,0.0009187449,0.001757504,0.001826059,0.001565,0.001536,2.741109e-05,0,0,1.524e-23,1.178e-24,0
step2,2,K,u,head,1024,128-256,3145728,0.0004119569,0.0003353585,0.0004985809,0.0002886198,0.0004454598,0.001737885,0.001762254,0.001565,0.001536,1.603498e-05,0,0,1.524e-23,1.178e-24,0
step2,2,K,u,head,1024,256-512,6291456,0.0003301354,0.0001833655,0.0003507614,0.0003805963,0.0002878471,0.001745932,0.001749048,0.001565,0.001536,8.870518e-06,0,0,1.524e-23,1.178e-24,0
step2,2,K,u,head,1024,512-1024,1.258291e+07,0.0003115629,0.000182592,0.0003090223,0.0001828765,0.0003027712,0.001747476,0.001768451,0.001565,0.001536,9.912785e-06,0,0,1.524e-23,1.178e-24,0
step2,2,K,v,residual,1024,spike,786432,0.000862506,0.0008084923,0.001880137,0.001525196,0.001754258,0.001745315,0.001940264,0.001565,0.001536,3.646033e-05,0,0,1.524e-23,1.178e-24,0
step2,2,K,v,residual,1024,32-64,786432,0.00100814,0.0008576305,0.001838684,0.001133094,0.0013648,0.001724861,0.001874579,0.001565,0.001536,2.271401e-05,0,0,1.524e-23,1.178e-24,0
step2,2,K,v,residual,1024,64-128,1572864,0.0005614706,0.0004850725,0.0009717306,0.0006825788,0.000920795,0.001728385,0.00182882,0.001565,0.001536,3.126297e-05,0,0,1.524e-23,1.178e-24,0
step2,2,K,v,residual,1024,128-256,3145728,0.000537297,0.0003870582,0.0006752014,0.0004017662,0.0004800954,0.001737722,0.001773317,0.001565,0.001536,1.445853e-05,0,0,1.524e-23,1.178e-24,0
step2,2,K,v,residual,1024,256-512,6291456,0.0003409426,0.0001959334,0.0003777822,0.0004409413,0.0002610638,0.001739843,0.001746041,0.001565,0.001536,1.274816e-05,0,0,1.524e-23,1.178e-24,0
step2,2,K,v,residual,1024,512-1024,1.258291e+07,0.0002997728,0.0001544016,0.0002611478,0.0002292992,0.0002545732,0.00175172,0.001765088,0.001565,0.001536,9.803387e-06,0,0,1.524e-23,1.178e-24,0
step2,2,V,u,head,1024,spike,786432,0.0008474086,0.0007781404,0.001988983,0.001647662,0.001911998,0.001787458,0.001979755,0.001565,0.001536,4.324411e-05,0,0,1.524e-23,1.178e-24,0
step2,2,V,u,head,1024,32-64,786432,0.0008301098,0.0007450068,0.001818848,0.00126527,0.001519642,0.001751164,0.001871527,0.001565,0.001536,4.003658e-05,0,0,1.524e-23,1.178e-24,0
step2,2,V,u,head,1024,64-128,1572864,0.0005325843,0.0004918065,0.001175944,0.0009268208,0.001169652,0.001760955,0.001839429,0.001565,0.001536,1.738833e-05,0,0,1.524e-23,1.178e-24,0
step2,2,V,u,head,1024,128-256,3145728,0.0004554565,0.0003554515,0.0004987081,0.0003160201,0.0003889835,0.001752781,0.001764688,0.001565,0.001536,2.696702e-05,0,0,1.524e-23,1.178e-24,0
step2,2,V,u,head,1024,256-512,6291456,0.0005855174,0.0003684613,0.0004869143,0.0003431847,0.0002716097,0.001737363,0.001749575,0.001565,0.001536,8.647081e-06,0,0,1.524e-23,1.178e-24,0
step2,2,V,u,head,1024,512-1024,1.258291e+07,0.0003862074,0.0001988453,0.0003742218,0.0001508856,0.0002698284,0.001747061,0.001771119,0.001565,0.001536,4.8763e-06,0,0,1.524e-23,1.178e-24,0
step2,2,V,v,residual,1024,spike,786432,0.0008273599,0.001002924,0.001535288,0.001594503,0.001861432,0.001770056,0.001926349,0.001565,0.001536,5.787177e-05,0,0,1.524e-23,1.178e-24,0
step2,2,V,v,residual,1024,32-64,786432,0.0009629687,0.0008657148,0.001893107,0.001444869,0.001680253,0.00174546,0.001850927,0.001565,0.001536,3.902341e-05,0,0,1.524e-23,1.178e-24,0
step2,2,V,v,residual,1024,64-128,1572864,0.0004808718,0.0005676161,0.0009417216,0.0007707011,0.001003307,0.00173794,0.001831654,0.001565,0.001536,3.304838e-05,0,0,1.524e-23,1.178e-24,0
step2,2,V,v,residual,1024,128-256,3145728,0.000395247,0.0003255257,0.0006048203,0.0003794677,0.000565656,0.00175506,0.00177031,0.001565,0.001536,1.076709e-05,0,0,1.524e-23,1.178e-24,0
step2,2,V,v,residual,1024,256-512,6291456,0.0004349632,0.0002439821,0.0003621101,0.0003979481,0.0002573688,0.001740101,0.00174234,0.001565,0.001536,7.024408e-06,0,0,1.524e-23,1.178e-24,0
step2,2,V,v,residual,1024,512-1024,1.258291e+07,0.0002777156,0.0001654133,0.000304842,0.0002306995,0.0003578762,0.00174932,0.001763609,0.001565,0.001536,6.51134e-06,0,0,1.524e-23,1.178e-24,0
step2,2,O,u,residual,1024,spike,786432,0.0008110716,0.0007200665,0.001968384,0.001726584,0.0019633,0.001745133,0.001905132,0.001565,0.001536,3.814135e-05,0,0,1.524e-23,1.178e-24,0
step2,2,O,u,residual,1024,32-64,786432,0.0009024871,0.0008148015,0.001707204,0.001194934,0.001430077,0.001727077,0.001844134,0.001565,0.001536,6.348838e-05,0,0,1.524e-23,1.178e-24,0
step2,2,O,u,residual,1024,64-128,1572864,0.0004082937,0.0004447354,0.00105044,0.0007597513,0.0009962032,0.001747259,0.00182566,0.001565,0.001536,2.331912e-05,0,0,1.524e-23,1.178e-24,0
step2,2,O,u,residual,1024,128-256,3145728,0.0004906329,0.0004470634,0.0005997976,0.0004201087,0.0004882046,0.001743507,0.001761209,0.001565,0.001536,9.977416e-06,0,0,1.524e-23,1.178e-24,0
step2,2,O,u,residual,1024,256-512,6291456,0.000411154,0.0002668107,0.0004246712,0.0003815072,0.0002364962,0.001746641,0.001742835,0.001565,0.001536,7.82573e-06,0,0,1.524e-23,1.178e-24,0
step2,2,O,u,residual,1024,512-1024,1.258291e+07,0.0003113887,0.0001652655,0.0003171126,0.0001994974,0.0002857671,0.001748694,0.001757295,0.001565,0.001536,9.690764e-06,0,0,1.524e-23,1.178e-24,0
step2,2,O,v,head,1024,spike,786432,0.0006497634,0.0007426702,0.001660665,0.001582788,0.001839285,0.001742408,0.001957775,0.001565,0.001536,3.690537e-05,0,0,1.524e-23,1.178e-24,0
step2,2,O,v,head,1024,32-64,786432,0.000840338,0.0006747665,0.001816305,0.001312292,0.001563696,0.001749674,0.001888348,0.001565,0.001536,4.792746e-05,0,0,1.524e-23,1.178e-24,0
step2,2,O,v,head,1024,64-128,1572864,0.0008648087,0.0006921732,0.001567968,0.0008612824,0.001121291,0.00173249,0.001845859,0.001565,0.001536,4.489014e-05,0,0,1.524e-23,1.178e-24,0
step2,2,O,v,head,1024,128-256,3145728,0.0004453478,0.0003377065,0.0007105509,0.0004322357,0.0005477396,0.001743671,0.001771736,0.001565,0.001536,1.801461e-05,0,0,1.524e-23,1.178e-24,0
step2,2,O,v,head,1024,256-512,6291456,0.0003893597,0.0002184983,0.0003305753,0.0003087744,0.0002511472,0.001740024,0.001750469,0.001565,0.001536,1.055713e-05,0,0,1.524e-23,1.178e-24,0
step2,2,O,v,head,1024,512-1024,1.258291e+07,0.0003443849,0.0001668297,0.0002619743,0.0002140658,0.0002228584,0.001742072,0.001760726,0.001565,0.001536,1.03719e-05,0,0,1.524e-23,1.178e-24,0
step2,2,MLP_IN,u,hidden,4096,spike,3145728,0.0004839881,0.0004674435,0.001228905,0.0009827256,0.001047441,0.001764906,0.001872907,0.001565,0.001558,2.182771e-05,0,0,1.524e-23,8.299e-24,0
step2,2,MLP_IN,u,hidden,4096,32-64,3145728,0.0004101637,0.0003908328,0.001189232,0.0009601748,0.001025412,0.001756268,0.001854915,0.001565,0.001558,2.273971e-05,0,0,1.524e-23,8.299e-24,0
step2,2,MLP_IN,u,hidden,4096,64-128,6291456,0.0003414449,0.0003259886,0.0007188479,0.000598518,0.0006575117,0.001765283,0.001827276,0.001565,0.001558,1.598071e-05,0,0,1.524e-23,8.299e-24,0
step2,2,MLP_IN,u,hidden,4096,128-256,1.258291e+07,0.0002369976,0.000197683,0.000535806,0.0003957432,0.0004619209,0.001765787,0.001826386,0.001565,0.001558,5.195483e-06,0,0,1.524e-23,8.299e-24,0
step2,2,MLP_IN,u,hidden,4096,256-512,2.516582e+07,0.0001099829,0.0001091649,0.000286905,0.0002356755,0.0002937962,0.001767738,0.001790437,0.001565,0.001558,7.525832e-06,0,0,1.524e-23,8.299e-24,0
step2,2,MLP_IN,u,hidden,4096,512-1024,5.033165e+07,0.0001351745,8.467661e-05,0.0001289964,8.5981e-05,7.311186e-05,0.001768524,0.001770843,0.001565,0.001558,5.149033e-06,0,0,1.524e-23,8.299e-24,0
step2,2,MLP_IN,v,residual,1024,spike,786432,0.0005742872,0.0004890493,0.001293691,0.00103599,0.001277792,0.001780374,0.001892962,0.001565,0.001536,2.261443e-05,0,0,1.524e-23,1.178e-24,0
step2,2,MLP_IN,v,residual,1024,32-64,786432,0.0008649514,0.0008640466,0.00132192,0.0009260775,0.001045005,0.001728603,0.001848203,0.001565,0.001536,3.993851e-05,0,0,1.524e-23,1.178e-24,0
step2,2,MLP_IN,v,residual,1024,64-128,1572864,0.0007126397,0.0005684217,0.000829951,0.0005537858,0.0007326082,0.001736123,0.001801318,0.001565,0.001536,3.249135e-05,0,0,1.524e-23,1.178e-24,0
step2,2,MLP_IN,v,residual,1024,128-256,3145728,0.0004085413,0.0003489468,0.0005085627,0.0003390618,0.0004437255,0.00174823,0.001778784,0.001565,0.001536,1.68339e-05,0,0,1.524e-23,1.178e-24,0
step2,2,MLP_IN,v,residual,1024,256-512,6291456,0.0004224685,0.0002863043,0.0004300435,0.0003222685,0.0002114704,0.001749475,0.001746714,0.001565,0.001536,1.853901e-05,0,0,1.524e-23,1.178e-24,0
step2,2,MLP_IN,v,residual,1024,512-1024,1.258291e+07,0.0003255151,0.0001727899,0.0003222307,0.0001928686,0.0002948102,0.00174551,0.0017694,0.001565,0.001536,3.776198e-06,0,0,1.524e-23,1.178e-24,0
step2,2,MLP_OUT,u,residual,1024,spike,786432,0.0008093999,0.0008332757,0.001832072,0.001378002,0.001609524,0.001777467,0.001897176,0.001565,0.001536,2.751837e-05,0,0,1.524e-23,1.178e-24,0
step2,2,MLP_OUT,u,residual,1024,32-64,786432,0.001057471,0.0009775616,0.001923879,0.001264552,0.001521785,0.001756686,0.001836868,0.001565,0.001536,7.199924e-05,0,0,1.524e-23,1.178e-24,0
step2,2,MLP_OUT,u,residual,1024,64-128,1572864,0.0005426622,0.0004229541,0.0007681529,0.0005003152,0.0006694173,0.001731019,0.001816268,0.001565,0.001536,9.498954e-06,0,0,1.524e-23,1.178e-24,0
step2,2,MLP_OUT,u,residual,1024,128-256,3145728,0.000658021,0.0004079315,0.000719897,0.0003364756,0.0004865104,0.001739093,0.001775823,0.001565,0.001536,9.898433e-06,0,0,1.524e-23,1.178e-24,0
step2,2,MLP_OUT,u,residual,1024,256-512,6291456,0.0003566186,0.0002482543,0.0004191717,0.0003680558,0.0002589448,0.001747313,0.001752808,0.001565,0.001536,1.187248e-05,0,0,1.524e-23,1.178e-24,0
step2,2,MLP_OUT,u,residual,1024,512-1024,1.258291e+07,0.0003539264,0.0001747643,0.0003778934,0.0001836333,0.0003112019,0.001742853,0.001765074,0.001565,0.001536,4.755124e-06,0,0,1.524e-23,1.178e-24,0
step2,2,MLP_OUT,v,hidden,4096,spike,3145728,0.000346151,0.0003630961,0.001120567,0.0009717816,0.001035768,0.00177011,0.001874579,0.001565,0.001558,9.750334e-06,0,0,1.524e-23,8.299e-24,0
step2,2,MLP_OUT,v,hidden,4096,32-64,3145728,0.0003635571,0.0003602381,0.001122856,0.0008694052,0.0009260578,0.001776713,0.001853207,0.001565,0.001558,2.990531e-05,0,0,1.524e-23,8.299e-24,0
step2,2,MLP_OUT,v,hidden,4096,64-128,6291456,0.0002389222,0.0002210329,0.000888284,0.0006817795,0.0007470652,0.001758943,0.001836173,0.001565,0.001558,1.254163e-05,0,0,1.524e-23,8.299e-24,0
step2,2,MLP_OUT,v,hidden,4096,128-256,1.258291e+07,0.0001765105,0.0001564986,0.0005140146,0.0004320025,0.0004942512,0.001761266,0.001813264,0.001565,0.001558,1.575461e-05,0,0,1.524e-23,8.299e-24,0
step2,2,MLP_OUT,v,hidden,4096,256-512,2.516582e+07,0.000158132,0.0001409041,0.0003188928,0.0002153769,0.0002791923,0.001769634,0.00178704,0.001565,0.001558,1.157185e-05,0,0,1.524e-23,8.299e-24,0
step2,2,MLP_OUT,v,hidden,4096,512-1024,5.033165e+07,9.476315e-05,7.211018e-05,0.0001002034,0.0001061355,0.0001138829,0.001768313,0.001774838,0.001565,0.001558,3.453974e-06,0,0,1.524e-23,8.299e-24,0
step4,4,Q,u,head,1024,spike,786432,0.001399751,0.001257209,0.002787781,0.001980725,0.002239627,0.001740374,0.00192526,0.001565,0.001536,4.283285e-05,0,0,1.524e-23,1.178e-24,0
step4,4,Q,u,head,1024,32-64,786432,0.0009597082,0.0009128244,0.001841736,0.001405033,0.001650131,0.001732163,0.001881808,0.001565,0.001536,1.949299e-05,0,0,1.524e-23,1.178e-24,0
step4,4,Q,u,head,1024,64-128,1572864,0.0006022477,0.0004601035,0.001019923,0.0006453867,0.0008698215,0.001748421,0.001831999,0.001565,0.001536,2.03108e-05,0,0,1.524e-23,1.178e-24,0
step4,4,Q,u,head,1024,128-256,3145728,0.0005644222,0.0004061507,0.0006743113,0.0003558428,0.0003847682,0.00174229,0.001783425,0.001565,0.001536,1.016465e-05,0,0,1.524e-23,1.178e-24,0
step4,4,Q,u,head,1024,256-512,6291456,0.0003168904,0.0002879055,0.0003888448,0.0003691563,0.0001866501,0.001758993,0.001741487,0.001565,0.001536,5.538313e-06,0,0,1.524e-23,1.178e-24,0
step4,4,Q,u,head,1024,512-1024,1.258291e+07,0.0003475388,0.000158901,0.0003710429,0.0001781702,0.0002992332,0.001741128,0.001766368,0.001565,0.001536,1.184392e-05,0,0,1.524e-23,1.178e-24,0
step4,4,Q,v,residual,1024,spike,786432,0.0009578475,0.0007678439,0.002272797,0.001707056,0.001960679,0.001724134,0.001933398,0.001565,0.001536,2.102643e-05,0,0,1.524e-23,1.178e-24,0
step4,4,Q,v,residual,1024,32-64,786432,0.0006746628,0.000787106,0.001158142,0.001063475,0.001296099,0.001761082,0.001833598,0.001565,0.001536,1.440755e-05,0,0,1.524e-23,1.178e-24,0
step4,4,Q,v,residual,1024,64-128,1572864,0.0005974555,0.0005625228,0.001152166,0.0008236253,0.001033156,0.001745987,0.00183011,0.001565,0.001536,2.81272e-05,0,0,1.524e-23,1.178e-24,0
step4,4,Q,v,residual,1024,128-256,3145728,0.0004236705,0.000342412,0.0006453196,0.000372792,0.0005111141,0.001748021,0.001778512,0.001565,0.001536,1.479269e-05,0,0,1.524e-23,1.178e-24,0
step4,4,Q,v,residual,1024,256-512,6291456,0.0003176436,0.0002079363,0.0002779961,0.0003368379,0.0002280095,0.001748939,0.001742635,0.001565,0.001536,1.014074e-05,0,0,1.524e-23,1.178e-24,0
step4,4,Q,v,residual,1024,512-1024,1.258291e+07,0.000342966,0.000187014,0.0003519217,0.0001912885,0.0003124547,0.001745742,0.001769386,0.001565,0.001536,9.051272e-06,0,0,1.524e-23,1.178e-24,0
step4,4,K,u,head,1024,spike,786432,0.000801691,0.0008000655,0.002127838,0.001722285,0.001977298,0.001731037,0.00194357,0.001565,0.001536,3.498483e-05,0,0,1.524e-23,1.178e-24,0
step4,4,K,u,head,1024,32-64,786432,0.0006779592,0.0007241731,0.001556142,0.001264263,0.001457759,0.001751782,0.00185823,0.001565,0.001536,4.632909e-05,0,0,1.524e-23,1.178e-24,0
step4,4,K,u,head,1024,64-128,1572864,0.0006661864,0.0006398024,0.001085663,0.0007255478,0.0009088553,0.00175843,0.001846186,0.001565,0.001536,2.720698e-05,0,0,1.524e-23,1.178e-24,0
step4,4,K,u,head,1024,128-256,3145728,0.000420985,0.0003394994,0.0006373088,0.0003913442,0.000580076,0.001737431,0.001782926,0.001565,0.001536,1.555477e-05,0,0,1.524e-23,1.178e-24,0
step4,4,K,u,head,1024,256-512,6291456,0.0003352852,0.0001811874,0.000251325,0.0003577642,0.0002545503,0.001745587,0.001748825,0.001565,0.001536,8.603334e-06,0,0,1.524e-23,1.178e-24,0
step4,4,K,u,head,1024,512-1024,1.258291e+07,0.0003139422,0.0001830211,0.0003197829,0.0001738638,0.0002386939,0.001747635,0.001769595,0.001565,0.001536,1.005843e-05,0,0,1.524e-23,1.178e-24,0
step4,4,K,v,residual,1024,spike,786432,0.0008691181,0.0008184106,0.002237193,0.001832545,0.002059347,0.001745097,0.001939719,0.001565,0.001536,3.719203e-05,0,0,1.524e-23,1.178e-24,0
step4,4,K,v,residual,1024,32-64,786432,0.001024671,0.0008763483,0.001922862,0.001303033,0.001533821,0.001724679,0.001925768,0.001565,0.001536,2.235784e-05,0,0,1.524e-23,1.178e-24,0
step4,4,K,v,residual,1024,64-128,1572864,0.0005655396,0.0004899004,0.001230494,0.0009041919,0.001165897,0.001728766,0.0018314,0.001565,0.001536,3.151218e-05,0,0,1.524e-23,1.178e-24,0
step4,4,K,v,residual,1024,128-256,3145728,0.0005322744,0.0003824806,0.0006118139,0.0003098823,0.0004137989,0.001737776,0.001773153,0.001565,0.001536,1.473432e-05,0,0,1.524e-23,1.178e-24,0
step4,4,K,v,residual,1024,256-512,6291456,0.0003364842,0.0001895464,0.0002811114,0.0003156587,0.0002151229,0.001739743,0.001746813,0.001565,0.001536,1.292413e-05,0,0,1.524e-23,1.178e-24,0
step4,4,K,v,residual,1024,512-1024,1.258291e+07,0.0002991211,0.0001568494,0.0002379735,0.0002247681,0.0002135222,0.001752172,0.001762458,0.001565,0.001536,9.444003e-06,0,0,1.524e-23,1.178e-24,0
step4,4,V,u,head,1024,spike,786432,0.0008547575,0.0007852612,0.002404531,0.002060051,0.002319606,0.001787276,0.001927548,0.001565,0.001536,4.257004e-05,0,0,1.524e-23,1.178e-24,0
step4,4,V,u,head,1024,32-64,786432,0.0008412995,0.000758994,0.001661682,0.001189352,0.001424407,0.00175091,0.001874143,0.001565,0.001536,3.90158e-05,0,0,1.524e-23,1.178e-24,0
step4,4,V,u,head,1024,64-128,1572864,0.0005205944,0.0004833727,0.001013056,0.0006631987,0.0008891159,0.001761264,0.001830092,0.001565,0.001536,1.660934e-05,0,0,1.524e-23,1.178e-24,0
step4,4,V,u,head,1024,128-256,3145728,0.0004604156,0.000355833,0.0005802155,0.0002992545,0.0004437631,0.00175269,0.001764452,0.001565,0.001536,2.711956e-05,0,0,1.524e-23,1.178e-24,0
step4,4,V,u,head,1024,256-512,6291456,0.0005909216,0.000370909,0.0003745715,0.0003828719,0.0002233132,0.001738067,0.001741614,0.001565,0.001536,8.926041e-06,0,0,1.524e-23,1.178e-24,0
step4,4,V,u,head,1024,512-1024,1.258291e+07,0.000387525,0.0002006096,0.0004158179,0.0001958757,0.0003005997,0.001747134,0.001766931,0.001565,0.001536,4.561261e-06,0,0,1.524e-23,1.178e-24,0
step4,4,V,v,residual,1024,spike,786432,0.0008291401,0.001004704,0.001608276,0.001752362,0.002002879,0.001770347,0.001947203,0.001565,0.001536,5.739613e-05,0,0,1.524e-23,1.178e-24,0
step4,4,V,v,residual,1024,32-64,786432,0.0009543221,0.0008570682,0.001824188,0.00125494,0.00148836,0.00174517,0.001877594,0.001565,0.001536,3.939685e-05,0,0,1.524e-23,1.178e-24,0
step4,4,V,v,residual,1024,64-128,1572864,0.0004817619,0.0005695235,0.001029332,0.0007939857,0.00104265,0.001737522,0.001828475,0.001565,0.001536,3.198159e-05,0,0,1.524e-23,1.178e-24,0
step4,4,V,v,residual,1024,128-256,3145728,0.0003944044,0.0003256227,0.0005503337,0.0003918638,0.0004786119,0.001755106,0.001769747,0.001565,0.001536,1.076455e-05,0,0,1.524e-23,1.178e-24,0
step4,4,V,v,residual,1024,256-512,6291456,0.0004337552,0.0002413668,0.0003611565,0.0003285059,0.0002278229,0.001739952,0.00174328,0.001565,0.001536,6.784037e-06,0,0,1.524e-23,1.178e-24,0
step4,4,V,v,residual,1024,512-1024,1.258291e+07,0.0002744414,0.0001682266,0.0003352642,0.0001825452,0.0003433744,0.001749329,0.001772653,0.001565,0.001536,6.480843e-06,0,0,1.524e-23,1.178e-24,0
step4,4,O,u,residual,1024,spike,786432,0.0008176837,0.0007399799,0.002442169,0.002166291,0.002429602,0.001743898,0.001929292,0.001565,0.001536,3.928194e-05,0,0,1.524e-23,1.178e-24,0
step4,4,O,u,residual,1024,32-64,786432,0.0008988437,0.0008391959,0.001948039,0.001309444,0.001548075,0.001726169,0.001872544,0.001565,0.001536,6.099373e-05,0,0,1.524e-23,1.178e-24,0
step4,4,O,u,residual,1024,64-128,1572864,0.0004090605,0.0004216556,0.0008144379,0.0006724094,0.0008671261,0.001746968,0.001831491,0.001565,0.001536,2.013181e-05,0,0,1.524e-23,1.178e-24,0
step4,4,O,u,residual,1024,128-256,3145728,0.0005101536,0.0004504981,0.0008077621,0.0004025782,0.0005861158,0.001744052,0.001781609,0.001565,0.001536,1.055267e-05,0,0,1.524e-23,1.178e-24,0
step4,4,O,u,residual,1024,256-512,6291456,0.000403337,0.0002737143,0.0003288587,0.0003595798,0.0002077776,0.001747249,0.001750792,0.001565,0.001536,7.896625e-06,0,0,1.524e-23,1.178e-24,0
step4,4,O,u,residual,1024,512-1024,1.258291e+07,0.0003104234,0.0001683944,0.0003958384,0.0002001001,0.0003735693,0.001749745,0.001768217,0.001565,0.001536,9.68029e-06,0,0,1.524e-23,1.178e-24,0
step4,4,O,v,head,1024,spike,786432,0.0006486248,0.0007404469,0.001831055,0.001600255,0.001850667,0.001743389,0.001929765,0.001565,0.001536,3.503219e-05,0,0,1.524e-23,1.178e-24,0
step4,4,O,v,head,1024,32-64,786432,0.000847671,0.0006812308,0.001906586,0.001484497,0.00172892,0.001747204,0.001849765,0.001565,0.001536,4.582061e-05,0,0,1.524e-23,1.178e-24,0
step4,4,O,v,head,1024,64-128,1572864,0.0008347637,0.0006728611,0.001213455,0.0005885023,0.0007874286,0.001731982,0.001821136,0.001565,0.001536,4.402713e-05,0,0,1.524e-23,1.178e-24,0
step4,4,O,v,head,1024,128-256,3145728,0.0004570622,0.0003624386,0.0004871368,0.0003167951,0.0003679888,0.001742672,0.001773625,0.001565,0.001536,1.524132e-05,0,0,1.524e-23,1.178e-24,0
step4,4,O,v,head,1024,256-512,6291456,0.0003985879,0.0002271889,0.0003130913,0.0004269335,0.0002655915,0.0017413,0.001747476,0.001565,0.001536,9.364282e-06,0,0,1.524e-23,1.178e-24,0
step4,4,O,v,head,1024,512-1024,1.258291e+07,0.0003496955,0.00015503,0.0003368855,0.0002505903,0.000291482,0.001741073,0.001771293,0.001565,0.001536,1.115986e-05,0,0,1.524e-23,1.178e-24,0
step4,4,MLP_IN,u,hidden,4096,spike,3145728,0.0004872305,0.000469033,0.001339213,0.001049253,0.001111063,0.001765006,0.001879983,0.001565,0.001558,2.1985e-05,0,0,1.524e-23,8.299e-24,0
step4,4,MLP_IN,u,hidden,4096,32-64,3145728,0.0004102407,0.00039789,0.001124891,0.0008664061,0.0009267776,0.001756377,0.001838766,0.001565,0.001558,2.215642e-05,0,0,1.524e-23,8.299e-24,0
step4,4,MLP_IN,u,hidden,4096,64-128,6291456,0.0003378845,0.0003227779,0.0008170446,0.0006830648,0.0007425416,0.001765351,0.001843162,0.001565,0.001558,1.583864e-05,0,0,1.524e-23,8.299e-24,0
step4,4,MLP_IN,u,hidden,4096,128-256,1.258291e+07,0.0002378144,0.0001954029,0.0005424976,0.0003791316,0.0004373313,0.001765592,0.001811384,0.001565,0.001558,5.294001e-06,0,0,1.524e-23,8.299e-24,0
step4,4,MLP_IN,u,hidden,4096,256-512,2.516582e+07,0.0001142347,0.0001108076,0.0002719243,0.0002241566,0.0002852087,0.001767359,0.001791239,0.001565,0.001558,7.701564e-06,0,0,1.524e-23,8.299e-24,0
step4,4,MLP_IN,u,hidden,4096,512-1024,5.033165e+07,0.0001343623,8.263813e-05,0.0001433929,8.847998e-05,8.7721e-05,0.001768725,0.001767903,0.001565,0.001558,5.099579e-06,0,0,1.524e-23,8.299e-24,0
step4,4,MLP_IN,v,residual,1024,spike,786432,0.0005691239,0.0004852346,0.001928202,0.001561389,0.001808898,0.001781028,0.001906041,0.001565,0.001536,2.28848e-05,0,0,1.524e-23,1.178e-24,0
step4,4,MLP_IN,v,residual,1024,32-64,786432,0.0008621539,0.0008706588,0.0012736,0.001065809,0.00127995,0.001728094,0.001843661,0.001565,0.001536,3.992744e-05,0,0,1.524e-23,1.178e-24,0
step4,4,MLP_IN,v,residual,1024,64-128,1572864,0.0007010684,0.0005682345,0.001106389,0.0005542428,0.000768332,0.001736577,0.001797231,0.001565,0.001536,3.191536e-05,0,0,1.524e-23,1.178e-24,0
step4,4,MLP_IN,v,residual,1024,128-256,3145728,0.0004046631,0.0003509127,0.000470225,0.0003344272,0.0004038953,0.001747903,0.001767431,0.001565,0.001536,1.713045e-05,0,0,1.524e-23,1.178e-24,0
step4,4,MLP_IN,v,residual,1024,256-512,6291456,0.0004196481,0.0002816117,0.0003623645,0.0003645006,0.0002472748,0.001749279,0.001749597,0.001565,0.001536,1.863182e-05,0,0,1.524e-23,1.178e-24,0
step4,4,MLP_IN,v,residual,1024,512-1024,1.258291e+07,0.0003213428,0.0001777331,0.0003192584,0.0001595448,0.000244654,0.001745401,0.001768321,0.001565,0.001536,3.659572e-06,0,0,1.524e-23,1.178e-24,0
step4,4,MLP_OUT,u,residual,1024,spike,786432,0.0008329236,0.0008369202,0.001528422,0.00114295,0.001406216,0.001777758,0.001889183,0.001565,0.001536,2.967127e-05,0,0,1.524e-23,1.178e-24,0
step4,4,MLP_OUT,u,residual,1024,32-64,786432,0.001029884,0.0009328981,0.002023824,0.001476541,0.001721876,0.001757413,0.001847803,0.001565,0.001536,7.13842e-05,0,0,1.524e-23,1.178e-24,0
step4,4,MLP_OUT,u,residual,1024,64-128,1572864,0.0005431672,0.0004072053,0.001119486,0.0007178235,0.0009421567,0.001729311,0.001821245,0.001565,0.001536,9.649266e-06,0,0,1.524e-23,1.178e-24,0
step4,4,MLP_OUT,u,residual,1024,128-256,3145728,0.0005974309,0.0003567985,0.0007247925,0.0004129221,0.000533573,0.001738494,0.001789929,0.001565,0.001536,1.131152e-05,0,0,1.524e-23,1.178e-24,0
step4,4,MLP_OUT,u,residual,1024,256-512,6291456,0.0003756399,0.0002481122,0.0004624367,0.0003938609,0.0002586318,0.001748094,0.001750901,0.001565,0.001536,1.21797e-05,0,0,1.524e-23,1.178e-24,0
step4,4,MLP_OUT,u,residual,1024,512-1024,1.258291e+07,0.0003530486,0.0001623662,0.000320673,0.0001783993,0.00027506,0.0017444,0.001769175,0.001565,0.001536,4.375683e-06,0,0,1.524e-23,1.178e-24,0
step4,4,MLP_OUT,v,hidden,4096,spike,3145728,0.0003523439,0.0003685003,0.001178169,0.001065292,0.001129875,0.001771355,0.001873843,0.001565,0.001558,1.048996e-05,0,0,1.524e-23,8.299e-24,0
step4,4,MLP_OUT,v,hidden,4096,32-64,3145728,0.0003506975,0.0003433312,0.001045163,0.000896637,0.0009595895,0.001777122,0.001854433,0.001565,0.001558,3.067247e-05,0,0,1.524e-23,8.299e-24,0
step4,4,MLP_OUT,v,hidden,4096,64-128,6291456,0.0002517571,0.0002377745,0.0007246017,0.0005840352,0.0006374935,0.001758485,0.001834365,0.001565,0.001558,1.326217e-05,0,0,1.524e-23,8.299e-24,0
step4,4,MLP_OUT,v,hidden,4096,128-256,1.258291e+07,0.0001892883,0.0001735136,0.0004694144,0.0003841964,0.0004450025,0.001762581,0.001812837,0.001565,0.001558,1.553338e-05,0,0,1.524e-23,8.299e-24,0
step4,4,MLP_OUT,v,hidden,4096,256-512,2.516582e+07,0.0001584261,0.0001413412,0.0003161828,0.0002238445,0.000281706,0.001769766,0.001789519,0.001565,0.001558,1.095173e-05,0,0,1.524e-23,8.299e-24,0
step4,4,MLP_OUT,v,hidden,4096,512-1024,5.033165e+07,9.235701e-05,6.845438e-05,0.0001233061,0.000108532,0.0001007738,0.001768396,0.001771902,0.001565,0.001558,3.766809e-06,0,0,1.524e-23,8.299e-24,0
step8,8,Q,u,head,1024,spike,786432,0.001385255,0.001251614,0.003231557,0.002222572,0.002482083,0.001740011,0.001991926,0.001565,0.001536,4.533896e-05,0,0,1.524e-23,1.178e-24,0
step8,8,Q,u,head,1024,32-64,786432,0.0009112677,0.0008677387,0.001443227,0.001160142,0.001394952,0.001731727,0.001867131,0.001565,0.001536,2.059747e-05,0,0,1.524e-23,1.178e-24,0
step8,8,Q,u,head,1024,64-128,1572864,0.0006022477,0.000457854,0.001207479,0.0008507392,0.001046827,0.001749638,0.001829347,0.001565,0.001536,1.989928e-05,0,0,1.524e-23,1.178e-24,0
step8,8,Q,u,head,1024,128-256,3145728,0.0005688096,0.0004181432,0.0008288066,0.0005471802,0.0006355931,0.0017411,0.001794742,0.001565,0.001536,1.093151e-05,0,0,1.524e-23,1.178e-24,0
step8,8,Q,u,head,1024,256-512,6291456,0.00032328,0.0002865664,0.0004395167,0.0003784384,0.0002793209,0.001758762,0.001750351,0.001565,0.001536,5.078919e-06,0,0,1.524e-23,1.178e-24,0
step8,8,Q,u,head,1024,512-1024,1.258291e+07,0.0003528324,0.0001678817,0.0003499667,0.0001591378,0.0002605189,0.001741564,0.001771511,0.001565,0.001536,1.12778e-05,0,0,1.524e-23,1.178e-24,0
step8,8,Q,v,residual,1024,spike,786432,0.0009692916,0.0007736931,0.002616119,0.001817849,0.00206196,0.001723953,0.001964605,0.001565,0.001536,2.135654e-05,0,0,1.524e-23,1.178e-24,0
step8,8,Q,v,residual,1024,32-64,786432,0.0006560493,0.0007982957,0.001279195,0.001128344,0.001330487,0.001761046,0.001877957,0.001565,0.001536,1.701947e-05,0,0,1.524e-23,1.178e-24,0
step8,8,Q,v,residual,1024,64-128,1572864,0.0006008994,0.000540561,0.0009887695,0.0007649166,0.001012654,0.001747113,0.001851091,0.001565,0.001536,2.606468e-05,0,0,1.524e-23,1.178e-24,0
step8,8,Q,v,residual,1024,128-256,3145728,0.0004490037,0.000343594,0.0004921595,0.0003604637,0.0003870045,0.001749384,0.001779783,0.001565,0.001536,1.309128e-05,0,0,1.524e-23,1.178e-24,0
step8,8,Q,v,residual,1024,256-512,6291456,0.0003013198,0.0002180238,0.0003208478,0.0002921705,0.0002644778,0.001749316,0.001753371,0.001565,0.001536,9.523656e-06,0,0,1.524e-23,1.178e-24,0
step8,8,Q,v,residual,1024,512-1024,1.258291e+07,0.0003464745,0.0001767302,0.0002587318,0.0001984508,0.0002362249,0.001745506,0.001768353,0.001565,0.001536,8.372217e-06,0,0,1.524e-23,1.178e-24,0
step8,8,K,u,head,1024,spike,786432,0.0008083129,0.0008076949,0.002114105,0.00180695,0.002050789,0.001730819,0.00191912,0.001565,0.001536,3.321043e-05,0,0,1.524e-23,1.178e-24,0
step8,8,K,u,head,1024,32-64,786432,0.0006755782,0.0007203584,0.001464844,0.001233726,0.001474182,0.001750001,0.001883189,0.001565,0.001536,4.657041e-05,0,0,1.524e-23,1.178e-24,0
step8,8,K,u,head,1024,64-128,1572864,0.0006661066,0.0006356062,0.001063156,0.0007343825,0.0009750169,0.001756886,0.001830092,0.001565,0.001536,2.684443e-05,0,0,1.524e-23,1.178e-24,0
step8,8,K,u,head,1024,128-256,3145728,0.0004188623,0.0003423654,0.0004988988,0.0004104247,0.000362281,0.001738358,0.00176328,0.001565,0.001536,1.518191e-05,0,0,1.524e-23,1.178e-24,0
step8,8,K,u,head,1024,256-512,6291456,0.0003361753,0.0001795626,0.0002705256,0.0004033597,0.0002550448,0.001746677,0.001748598,0.001565,0.001536,9.284653e-06,0,0,1.524e-23,1.178e-24,0
step8,8,K,u,head,1024,512-1024,1.258291e+07,0.0003140725,0.0001930349,0.0002839565,0.0001893195,0.0002796985,0.001746841,0.00176791,0.001565,0.001536,1.026551e-05,0,0,1.524e-23,1.178e-24,0
step8,8,K,v,residual,1024,spike,786432,0.0008523633,0.0007939965,0.002341715,0.001897252,0.002141254,0.001746078,0.00192664,0.001565,0.001536,3.641287e-05,0,0,1.524e-23,1.178e-24,0
step8,8,K,v,residual,1024,32-64,786432,0.0009977134,0.0008534601,0.001942444,0.00128336,0.001463867,0.001726714,0.00187011,0.001565,0.001536,2.186123e-05,0,0,1.524e-23,1.178e-24,0
step8,8,K,v,residual,1024,64-128,1572864,0.0005573385,0.0004822659,0.001102066,0.0007632533,0.0009987227,0.001730674,0.001822099,0.001565,0.001536,2.845522e-05,0,0,1.524e-23,1.178e-24,0
step8,8,K,v,residual,1024,128-256,3145728,0.0005335556,0.0003796058,0.0007287343,0.0003257544,0.000542006,0.001736804,0.00179269,0.001565,0.001536,1.346655e-05,0,0,1.524e-23,1.178e-24,0
step8,8,K,v,residual,1024,256-512,6291456,0.0003437718,0.0001998254,0.0003210704,0.0004103294,0.0002182771,0.001739211,0.001739293,0.001565,0.001536,1.263611e-05,0,0,1.524e-23,1.178e-24,0
step8,8,K,v,residual,1024,512-1024,1.258291e+07,0.0002968695,0.0001558601,0.0002798398,0.0002063979,0.0002567698,0.001752415,0.001762159,0.001565,0.001536,9.782828e-06,0,0,1.524e-23,1.178e-24,0
step8,8,V,u,head,1024,spike,786432,0.0008514514,0.0007931449,0.002194214,0.001764622,0.002019769,0.001785751,0.001970455,0.001565,0.001536,4.166803e-05,0,0,1.524e-23,1.178e-24,0
step8,8,V,u,head,1024,32-64,786432,0.0008456229,0.000765953,0.001720174,0.001159927,0.001386379,0.001752799,0.001885151,0.001565,0.001536,3.833022e-05,0,0,1.524e-23,1.178e-24,0
step8,8,V,u,head,1024,64-128,1572864,0.0005190276,0.000491392,0.001111094,0.0006607817,0.000897572,0.001760555,0.001807022,0.001565,0.001536,1.899139e-05,0,0,1.524e-23,1.178e-24,0
step8,8,V,u,head,1024,128-256,3145728,0.0004455972,0.0003329532,0.0006263097,0.0003641378,0.0005131329,0.001752027,0.001770637,0.001565,0.001536,2.711067e-05,0,0,1.524e-23,1.178e-24,0
step8,8,V,u,head,1024,256-512,6291456,0.000593878,0.0003683023,0.000521183,0.0002726356,0.0003032997,0.001738144,0.001756128,0.001565,0.001536,9.417811e-06,0,0,1.524e-23,1.178e-24,0
step8,8,V,u,head,1024,512-1024,1.258291e+07,0.0003900936,0.0001913197,0.0004010677,0.0002073782,0.0002686732,0.001747222,0.001763862,0.001565,0.001536,4.687682e-06,0,0,1.524e-23,1.178e-24,0
step8,8,V,v,residual,1024,spike,786432,0.0007898344,0.0009617856,0.002041626,0.002222354,0.002485072,0.001768639,0.001918066,0.001565,0.001536,5.724116e-05,0,0,1.524e-23,1.178e-24,0
step8,8,V,v,residual,1024,32-64,786432,0.000941198,0.0008625937,0.001721191,0.001519358,0.001774326,0.001742844,0.001917521,0.001565,0.001536,4.032283e-05,0,0,1.524e-23,1.178e-24,0
step8,8,V,v,residual,1024,64-128,1572864,0.0004898713,0.0005701593,0.000915273,0.0006405382,0.0008442183,0.001737504,0.001831763,0.001565,0.001536,3.169903e-05,0,0,1.524e-23,1.178e-24,0
step8,8,V,v,residual,1024,128-256,3145728,0.00039625,0.000324828,0.0004666646,0.0003273436,0.0003943922,0.001755342,0.001777004,0.001565,0.001536,9.119911e-06,0,0,1.524e-23,1.178e-24,0
step8,8,V,v,residual,1024,256-512,6291456,0.0004292179,0.0002433452,0.0003474236,0.0003243865,0.0002210161,0.001740342,0.001746087,0.001565,0.001536,5.997598e-06,0,0,1.524e-23,1.178e-24,0
step8,8,V,v,residual,1024,512-1024,1.258291e+07,0.0002697007,0.0001725976,0.0002333164,0.0002005945,0.000260885,0.001748898,0.001761055,0.001565,0.001536,5.828161e-06,0,0,1.524e-23,1.178e-24,0
step8,8,O,u,residual,1024,spike,786432,0.0008417246,0.0007816891,0.002142588,0.0018444,0.00210673,0.001747131,0.001938629,0.001565,0.001536,3.783516e-05,0,0,1.524e-23,1.178e-24,0
step8,8,O,u,residual,1024,32-64,786432,0.0008453445,0.0007406468,0.001903025,0.001310148,0.001556815,0.001727695,0.001875814,0.001565,0.001536,5.377444e-05,0,0,1.524e-23,1.178e-24,0
step8,8,O,u,residual,1024,64-128,1572864,0.0004723834,0.0004520922,0.0007914225,0.0006667636,0.0007682482,0.001748258,0.00183071,0.001565,0.001536,2.443253e-05,0,0,1.524e-23,1.178e-24,0
step8,8,O,u,residual,1024,128-256,3145728,0.0004809831,0.0004413415,0.0005781174,0.0003173194,0.0004047882,0.00174724,0.001768267,0.001565,0.001536,7.813792e-06,0,0,1.524e-23,1.178e-24,0
step8,8,O,u,residual,1024,256-512,6291456,0.0004059853,0.0002824396,0.0003334045,0.0003198561,0.0002274202,0.001749556,0.001750805,0.001565,0.001536,1.093685e-05,0,0,1.524e-23,1.178e-24,0
step8,8,O,u,residual,1024,512-1024,1.258291e+07,0.00032939,0.0001749806,0.000301218,0.0002499848,0.0002639625,0.001750099,0.001767644,0.001565,0.001536,5.690272e-06,0,0,1.524e-23,1.178e-24,0
step8,8,O,v,head,1024,spike,786432,0.0006290897,0.0007403376,0.002006531,0.001935031,0.002181721,0.001741137,0.00194219,0.001565,0.001536,2.977075e-05,0,0,1.524e-23,1.178e-24,0
step8,8,O,v,head,1024,32-64,786432,0.0008680865,0.000695481,0.001945496,0.001524605,0.001771771,0.001750619,0.00186506,0.001565,0.001536,4.925848e-05,0,0,1.524e-23,1.178e-24,0
step8,8,O,v,head,1024,64-128,1572864,0.0008285712,0.0006504984,0.001212819,0.0006184598,0.0008510226,0.001737013,0.00182506,0.001565,0.001536,4.582899e-05,0,0,1.524e-23,1.178e-24,0
step8,8,O,v,head,1024,128-256,3145728,0.0004354577,0.0003476145,0.000494194,0.0003610396,0.0004529719,0.001742908,0.001767885,0.001565,0.001536,1.635986e-05,0,0,1.524e-23,1.178e-24,0
step8,8,O,v,head,1024,256-512,6291456,0.0004027297,0.0002104047,0.0003153483,0.0003681048,0.0002476566,0.001744016,0.001746037,0.001565,0.001536,6.595718e-06,0,0,1.524e-23,1.178e-24,0
step8,8,O,v,head,1024,512-1024,1.258291e+07,0.0003312528,0.0001426375,0.0002861182,0.0001834279,0.0002395592,0.001742156,0.001766243,0.001565,0.001536,1.215188e-05,0,0,1.524e-23,1.178e-24,0
step8,8,MLP_IN,u,hidden,4096,spike,3145728,0.0004861895,0.0004605453,0.001256371,0.001001084,0.00106542,0.001764597,0.001875024,0.001565,0.001558,2.362046e-05,0,0,1.524e-23,8.299e-24,0
step8,8,MLP_IN,u,hidden,4096,32-64,3145728,0.0003968471,0.0003758007,0.001079814,0.0008552627,0.0009180518,0.001757667,0.001851427,0.001565,0.001558,2.08865e-05,0,0,1.524e-23,8.299e-24,0
step8,8,MLP_IN,u,hidden,4096,64-128,6291456,0.0003236668,0.0003088861,0.0007195155,0.0005553126,0.0006175613,0.001766691,0.001829892,0.001565,0.001558,1.62645e-05,0,0,1.524e-23,8.299e-24,0
step8,8,MLP_IN,u,hidden,4096,128-256,1.258291e+07,0.0002344289,0.0001926476,0.000502634,0.0003554902,0.0004188946,0.001765612,0.001812072,0.001565,0.001558,5.187246e-06,0,0,1.524e-23,8.299e-24,0
step8,8,MLP_IN,u,hidden,4096,256-512,2.516582e+07,0.0001216924,0.0001092509,0.0003136555,0.0002422339,0.0003044605,0.001767354,0.001791431,0.001565,0.001558,7.615382e-06,0,0,1.524e-23,8.299e-24,0
step8,8,MLP_IN,u,hidden,4096,512-1024,5.033165e+07,0.0001334141,8.130299e-05,0.0001455903,0.0001021086,0.0001095098,0.001768991,0.001772605,0.001565,0.001558,5.438029e-06,0,0,1.524e-23,8.299e-24,0
step8,8,MLP_IN,v,residual,1024,spike,786432,0.0005937272,0.0004971873,0.001448313,0.001033416,0.00126732,0.001782772,0.001851799,0.001565,0.001536,2.345052e-05,0,0,1.524e-23,1.178e-24,0
step8,8,MLP_IN,v,residual,1024,32-64,786432,0.0008415909,0.0008454818,0.001298523,0.0008265742,0.00105919,0.001732744,0.001841409,0.001565,0.001536,3.51586e-05,0,0,1.524e-23,1.178e-24,0
step8,8,MLP_IN,v,residual,1024,64-128,1572864,0.0007257368,0.0005796786,0.001123556,0.0005122723,0.0007568771,0.001735378,0.001806695,0.001565,0.001536,3.177653e-05,0,0,1.524e-23,1.178e-24,0
step8,8,MLP_IN,v,residual,1024,128-256,3145728,0.0004113608,0.00035002,0.0005994161,0.000387146,0.0004687367,0.001747967,0.001769656,0.001565,0.001536,1.551039e-05,0,0,1.524e-23,1.178e-24,0
step8,8,MLP_IN,v,residual,1024,256-512,6291456,0.0004278059,0.0003069672,0.0002895037,0.0003502223,0.0002329278,0.001748907,0.001753875,0.001565,0.001536,1.883514e-05,0,0,1.524e-23,1.178e-24,0
step8,8,MLP_IN,v,residual,1024,512-1024,1.258291e+07,0.0003313383,0.0001665447,0.0002888838,0.000196879,0.0002414984,0.001745512,0.001769808,0.001565,0.001536,3.087928e-06,0,0,1.524e-23,1.178e-24,0
step8,8,MLP_OUT,u,residual,1024,spike,786432,0.0008488603,0.000827251,0.001742045,0.001375078,0.001626571,0.001769584,0.001875269,0.001565,0.001536,3.150805e-05,0,0,1.524e-23,1.178e-24,0
step8,8,MLP_OUT,u,residual,1024,32-64,786432,0.001072956,0.001011593,0.001717631,0.001061463,0.001208921,0.001758939,0.001857758,0.001565,0.001536,7.610687e-05,0,0,1.524e-23,1.178e-24,0
step8,8,MLP_OUT,u,residual,1024,64-128,1572864,0.0005386059,0.000434616,0.001103719,0.0006943156,0.0009237186,0.001733653,0.001839592,0.001565,0.001536,3.845712e-06,0,0,1.524e-23,1.178e-24,0
step8,8,MLP_OUT,u,residual,1024,128-256,3145728,0.0005923671,0.0003611433,0.0005610784,0.0003215379,0.0004139784,0.001740528,0.001768421,0.001565,0.001536,1.567207e-05,0,0,1.524e-23,1.178e-24,0
step8,8,MLP_OUT,u,residual,1024,256-512,6291456,0.0003132693,0.0002670839,0.000381883,0.0003962122,0.0002234361,0.001743062,0.00175531,0.001565,0.001536,1.08262e-05,0,0,1.524e-23,1.178e-24,0
step8,8,MLP_OUT,u,residual,1024,512-1024,1.258291e+07,0.0003484168,0.0001572882,0.000286897,0.0001768201,0.0002429408,0.001743512,0.001766984,0.001565,0.001536,6.698741e-06,0,0,1.524e-23,1.178e-24,0
step8,8,MLP_OUT,v,hidden,4096,spike,3145728,0.0003348482,0.0003459211,0.001212311,0.001077958,0.001143757,0.00176794,0.001867512,0.001565,0.001558,1.214527e-05,0,0,1.524e-23,8.299e-24,0
step8,8,MLP_OUT,v,hidden,4096,32-64,3145728,0.000341364,0.0003323102,0.000929451,0.0007860812,0.0008469728,0.001775823,0.001853262,0.001565,0.001558,3.14342e-05,0,0,1.524e-23,8.299e-24,0
step8,8,MLP_OUT,v,hidden,4096,64-128,6291456,0.0002529689,0.0002154486,0.0007529259,0.0005795056,0.0006432531,0.001757558,0.001829097,0.001565,0.001558,1.386489e-05,0,0,1.524e-23,8.299e-24,0
step8,8,MLP_OUT,v,hidden,4096,128-256,1.258291e+07,0.000178936,0.0001409653,0.0005452792,0.0004403604,0.0005022658,0.001761795,0.001813966,0.001565,0.001558,1.639666e-05,0,0,1.524e-23,8.299e-24,0
step8,8,MLP_OUT,v,hidden,4096,256-512,2.516582e+07,0.0001668335,0.0001435787,0.0003813744,0.0002479659,0.000308823,0.001770945,0.001794642,0.001565,0.001558,1.187978e-05,0,0,1.524e-23,8.299e-24,0
step8,8,MLP_OUT,v,hidden,4096,512-1024,5.033165e+07,8.911938e-05,8.145263e-05,0.0001132806,0.0001081078,8.107977e-05,0.001767218,0.001771329,0.001565,0.001558,3.061234e-06,0,0,1.524e-23,8.299e-24,0
step16,16,Q,u,head,1024,spike,786432,0.001397109,0.001279542,0.00258077,0.001591706,0.001829207,0.001742009,0.001953234,0.001565,0.001536,4.48336e-05,0,0,1.524e-23,1.178e-24,0
step16,16,Q,u,head,1024,32-64,786432,0.0009522624,0.0008782247,0.001669312,0.001178815,0.001401355,0.001732599,0.001875342,0.001565,0.001536,2.102306e-05,0,0,1.524e-23,1.178e-24,0
step16,16,Q,u,head,1024,64-128,1572864,0.0005875898,0.0004409159,0.001002502,0.0006894851,0.0009258387,0.0017514,0.001823752,0.001565,0.001536,2.043991e-05,0,0,1.524e-23,1.178e-24,0
step16,16,Q,u,head,1024,128-256,3145728,0.0005557101,0.0004069822,0.0005996704,0.0003800526,0.0004152625,0.00174398,0.001763317,0.001565,0.001536,7.147878e-06,0,0,1.524e-23,1.178e-24,0
step16,16,Q,u,head,1024,256-512,6291456,0.0002987246,0.0002815271,0.0003477732,0.000326668,0.0002588325,0.001758712,0.001748571,0.001565,0.001536,8.27766e-06,0,0,1.524e-23,1.178e-24,0
step16,16,Q,u,head,1024,512-1024,1.258291e+07,0.0003585863,0.0001598607,0.0003236294,0.0001961738,0.0002710486,0.001742088,0.001761827,0.001565,0.001536,1.190293e-05,0,0,1.524e-23,1.178e-24,0
step16,16,Q,v,residual,1024,spike,786432,0.0009416887,0.0007859923,0.002775319,0.002182395,0.002441298,0.001722935,0.001970636,0.001565,0.001536,2.245864e-05,0,0,1.524e-23,1.178e-24,0
step16,16,Q,v,residual,1024,32-64,786432,0.0006370995,0.0008359838,0.001389567,0.00132414,0.001559881,0.001759193,0.001868221,0.001565,0.001536,1.467487e-05,0,0,1.524e-23,1.178e-24,0
step16,16,Q,v,residual,1024,64-128,1572864,0.0006285107,0.0005674818,0.001097234,0.0006853493,0.0009234589,0.001748021,0.001829474,0.001565,0.001536,2.294923e-05,0,0,1.524e-23,1.178e-24,0
step16,16,Q,v,residual,1024,128-256,3145728,0.0004859005,0.0003426009,0.0005303065,0.000356763,0.0003160673,0.001749693,0.001766859,0.001565,0.001536,1.395787e-05,0,0,1.524e-23,1.178e-24,0
step16,16,Q,v,residual,1024,256-512,6291456,0.0003090102,0.0001907229,0.0003130595,0.0003740635,0.0002419619,0.00174838,0.001745655,0.001565,0.001536,8.72287e-06,0,0,1.524e-23,1.178e-24,0
step16,16,Q,v,residual,1024,512-1024,1.258291e+07,0.0003445091,0.0001804636,0.0003735224,0.0002090556,0.0003256579,0.001745129,0.001767919,0.001565,0.001536,9.673907e-06,0,0,1.524e-23,1.178e-24,0
step16,16,K,u,head,1024,spike,786432,0.0008291666,0.0008285485,0.002134959,0.001833359,0.002059502,0.001733616,0.001940591,0.001565,0.001536,3.126071e-05,0,0,1.524e-23,1.178e-24,0
step16,16,K,u,head,1024,32-64,786432,0.0006714936,0.0006809041,0.001559448,0.001302349,0.001536299,0.001752181,0.001855469,0.001565,0.001536,4.371113e-05,0,0,1.524e-23,1.178e-24,0
step16,16,K,u,head,1024,64-128,1572864,0.0006483894,0.000638658,0.001022466,0.000718429,0.0009720891,0.00175309,0.001832762,0.001565,0.001536,2.799711e-05,0,0,1.524e-23,1.178e-24,0
step16,16,K,u,head,1024,128-256,3145728,0.0004369276,0.000370188,0.0005434036,0.00025878,0.0004206479,0.001739493,0.001773289,0.001565,0.001536,1.405314e-05,0,0,1.524e-23,1.178e-24,0
step16,16,K,u,head,1024,256-512,6291456,0.0003577283,0.0001977948,0.0003545125,0.000399007,0.0002609824,0.00174992,0.001743221,0.001565,0.001536,7.715351e-06,0,0,1.524e-23,1.178e-24,0
step16,16,K,u,head,1024,512-1024,1.258291e+07,0.0003000084,0.0002034067,0.0003500462,0.0002218433,0.0002767557,0.001747604,0.001764922,0.001565,0.001536,7.895372e-06,0,0,1.524e-23,1.178e-24,0
step16,16,K,v,residual,1024,spike,786432,0.0008615213,0.0007746237,0.002309418,0.001794613,0.002021189,0.001745751,0.001943752,0.001565,0.001536,3.65689e-05,0,0,1.524e-23,1.178e-24,0
step16,16,K,v,residual,1024,32-64,786432,0.001012473,0.0008592202,0.00211792,0.001431235,0.001690418,0.001729366,0.001868548,0.001565,0.001536,2.029528e-05,0,0,1.524e-23,1.178e-24,0
step16,16,K,v,residual,1024,64-128,1572864,0.0005863358,0.0004837534,0.0008202871,0.0006077156,0.0007492179,0.001729802,0.001808512,0.001565,0.001536,2.801919e-05,0,0,1.524e-23,1.178e-24,0
step16,16,K,v,residual,1024,128-256,3145728,0.0005624411,0.0003908334,0.0007323583,0.0003908957,0.0004619835,0.001737068,0.001776822,0.001565,0.001536,1.477051e-05,0,0,1.524e-23,1.178e-24,0
step16,16,K,v,residual,1024,256-512,6291456,0.00033098,0.0002150773,0.0003517787,0.0003755962,0.0002210068,0.001739289,0.001751055,0.001565,0.001536,1.233354e-05,0,0,1.524e-23,1.178e-24,0
step16,16,K,v,residual,1024,512-1024,1.258291e+07,0.0002880723,0.0001751689,0.0002573808,0.0002301094,0.000255336,0.001752878,0.001769184,0.001565,0.001536,8.452479e-06,0,0,1.524e-23,1.178e-24,0
step16,16,V,u,head,1024,spike,786432,0.0008479172,0.0007848556,0.002325948,0.001819977,0.002076376,0.001784116,0.001910328,0.001565,0.001536,3.969312e-05,0,0,1.524e-23,1.178e-24,0
step16,16,V,u,head,1024,32-64,786432,0.0008440988,0.0007600135,0.002013652,0.001443039,0.001703002,0.00175378,0.001907131,0.001565,0.001536,4.019969e-05,0,0,1.524e-23,1.178e-24,0
step16,16,V,u,head,1024,64-128,1572864,0.0005453837,0.0004927337,0.00109609,0.0006357413,0.0008803462,0.001757704,0.001829402,0.001565,0.001536,1.845286e-05,0,0,1.524e-23,1.178e-24,0
step16,16,V,u,head,1024,128-256,3145728,0.0004406076,0.0003557133,0.0006263097,0.0003682439,0.0005179875,0.00175309,0.001790692,0.001565,0.001536,2.93267e-05,0,0,1.524e-23,1.178e-24,0
step16,16,V,u,head,1024,256-512,6291456,0.0005862852,0.0003650277,0.0004213333,0.0003490601,0.0003269012,0.001739779,0.001738635,0.001565,0.001536,1.03687e-05,0,0,1.524e-23,1.178e-24,0
step16,16,V,u,head,1024,512-1024,1.258291e+07,0.0003957345,0.0002002781,0.0003655275,0.000219163,0.0002499244,0.001747785,0.001763859,0.001565,0.001536,2.852423e-06,0,0,1.524e-23,1.178e-24,0
step16,16,V,v,residual,1024,spike,786432,0.0007808018,0.0009473804,0.001712545,0.001856338,0.002106535,0.001770673,0.001950546,0.001565,0.001536,5.773436e-05,0,0,1.524e-23,1.178e-24,0
step16,16,V,v,residual,1024,32-64,786432,0.0009487719,0.0008445416,0.002022044,0.001491508,0.001718661,0.001743825,0.001889692,0.001565,0.001536,4.106534e-05,0,0,1.524e-23,1.178e-24,0
step16,16,V,v,residual,1024,64-128,1572864,0.0004636667,0.0005268954,0.0008213043,0.0006596166,0.0008687663,0.001740283,0.00181496,0.001565,0.001536,2.836711e-05,0,0,1.524e-23,1.178e-24,0
step16,16,V,v,residual,1024,128-256,3145728,0.0003777081,0.0002961997,0.0004810333,0.0003646468,0.0004256415,0.001755524,0.001765088,0.001565,0.001536,1.0102e-05,0,0,1.524e-23,1.178e-24,0
step16,16,V,v,residual,1024,256-512,6291456,0.0004339759,0.0002662001,0.0003959656,0.0004395155,0.0002810039,0.00173972,0.001746968,0.001565,0.001536,4.083061e-06,0,0,1.524e-23,1.178e-24,0
step16,16,V,v,residual,1024,512-1024,1.258291e+07,0.0002870634,0.0001808658,0.0002161185,0.0002255709,0.0001933832,0.001748728,0.00175608,0.001565,0.001536,7.250278e-06,0,0,1.524e-23,1.178e-24,0
step16,16,O,u,residual,1024,spike,786432,0.0009242913,0.0008745013,0.002098338,0.001654448,0.001899956,0.001756323,0.001923952,0.001565,0.001536,3.298417e-05,0,0,1.524e-23,1.178e-24,0
step16,16,O,u,residual,1024,32-64,786432,0.0008597064,0.0008130749,0.001826986,0.001273477,0.001512324,0.001719775,0.001860083,0.001565,0.001536,5.887896e-05,0,0,1.524e-23,1.178e-24,0
step16,16,O,u,residual,1024,64-128,1572864,0.0004523116,0.0004612337,0.0009142558,0.0006355738,0.000859997,0.001754488,0.001854488,0.001565,0.001536,2.017352e-05,0,0,1.524e-23,1.178e-24,0
step16,16,O,u,residual,1024,128-256,3145728,0.0005090324,0.0004673198,0.0005608877,0.0003360455,0.0004581408,0.00175526,0.001759311,0.001565,0.001536,1.283692e-05,0,0,1.524e-23,1.178e-24,0
step16,16,O,u,residual,1024,256-512,6291456,0.000417098,0.0002520941,0.0003799438,0.0002761918,0.0002396775,0.001750783,0.001744488,0.001565,0.001536,1.092429e-05,0,0,1.524e-23,1.178e-24,0
step16,16,O,u,residual,1024,512-1024,1.258291e+07,0.0003299105,0.000149203,0.0003436089,0.0001807157,0.0003239832,0.001750526,0.001763237,0.001565,0.001536,8.428303e-06,0,0,1.524e-23,1.178e-24,0
step16,16,O,v,head,1024,spike,786432,0.0006504962,0.0007528852,0.001796722,0.001730982,0.001987336,0.001740556,0.001931763,0.001565,0.001536,2.094459e-05,0,0,1.524e-23,1.178e-24,0
step16,16,O,v,head,1024,32-64,786432,0.0009038147,0.0007118227,0.002033234,0.001229522,0.001469274,0.001753308,0.001876722,0.001565,0.001536,4.689971e-05,0,0,1.524e-23,1.178e-24,0
step16,16,O,v,head,1024,64-128,1572864,0.0007620573,0.0005766564,0.001299159,0.0006739781,0.0009137047,0.001732999,0.001821845,0.001565,0.001536,5.269703e-05,0,0,1.524e-23,1.178e-24,0
step16,16,O,v,head,1024,128-256,3145728,0.0004589307,0.0003259179,0.0007464091,0.0005492249,0.0006109538,0.001738912,0.001776668,0.001565,0.001536,1.880295e-05,0,0,1.524e-23,1.178e-24,0
step16,16,O,v,head,1024,256-512,6291456,0.0003776047,0.0002107138,0.0003662109,0.0003829057,0.0002842899,0.001745882,0.00175214,0.001565,0.001536,9.303916e-06,0,0,1.524e-23,1.178e-24,0
step16,16,O,v,head,1024,512-1024,1.258291e+07,0.0003498891,0.0001931645,0.0002572695,0.0002470195,0.0002051821,0.001739618,0.001760035,0.001565,0.001536,7.927992e-06,0,0,1.524e-23,1.178e-24,0
step16,16,MLP_IN,u,hidden,4096,spike,3145728,0.000498434,0.0004700568,0.001256625,0.0009603938,0.001024729,0.001763716,0.001876259,0.001565,0.001558,2.357731e-05,0,0,1.524e-23,8.299e-24,0
step16,16,MLP_IN,u,hidden,4096,32-64,3145728,0.0004162953,0.0003838355,0.000909551,0.0007511647,0.0008062852,0.001754715,0.001849184,0.001565,0.001558,2.1232e-05,0,0,1.524e-23,8.299e-24,0
step16,16,MLP_IN,u,hidden,4096,64-128,6291456,0.0003325023,0.0003173521,0.0008828481,0.0007426752,0.0008005015,0.001768625,0.001836377,0.001565,0.001558,1.56156e-05,0,0,1.524e-23,8.299e-24,0
step16,16,MLP_IN,u,hidden,4096,128-256,1.258291e+07,0.000237697,0.0002042718,0.0005408923,0.0003796781,0.0004436742,0.001766089,0.001805732,0.001565,0.001558,5.388302e-06,0,0,1.524e-23,8.299e-24,0
step16,16,MLP_IN,u,hidden,4096,256-512,2.516582e+07,0.0001283241,0.0001203481,0.000304095,0.0002103986,0.0002719274,0.0017678,0.001791969,0.001565,0.001558,8.08589e-06,0,0,1.524e-23,8.299e-24,0
step16,16,MLP_IN,u,hidden,4096,512-1024,5.033165e+07,0.0001308075,8.678248e-05,0.0001588384,9.048155e-05,0.0001106099,0.001768702,0.001775848,0.001565,0.001558,5.302259e-06,0,0,1.524e-23,8.299e-24,0
step16,16,MLP_IN,v,residual,1024,spike,786432,0.0006241618,0.0005142007,0.001527405,0.001196421,0.001438877,0.001779938,0.001875414,0.001565,0.001536,2.60684e-05,0,0,1.524e-23,1.178e-24,0
step16,16,MLP_IN,v,residual,1024,32-64,786432,0.000837547,0.0007997184,0.001323954,0.0008944976,0.001114884,0.001728566,0.001871963,0.001565,0.001536,4.124194e-05,0,0,1.524e-23,1.178e-24,0
step16,16,MLP_IN,v,residual,1024,64-128,1572864,0.0007192625,0.0006115584,0.001067352,0.000548809,0.0007463258,0.001736559,0.001807967,0.001565,0.001536,3.271296e-05,0,0,1.524e-23,1.178e-24,0
step16,16,MLP_IN,v,residual,1024,128-256,3145728,0.0004146802,0.0003609427,0.0005442937,0.0003091401,0.0005294506,0.001746459,0.001786114,0.001565,0.001536,1.535665e-05,0,0,1.524e-23,1.178e-24,0
step16,16,MLP_IN,v,residual,1024,256-512,6291456,0.0004318655,0.0003002308,0.0004861196,0.0003701816,0.0002803136,0.001745728,0.001748167,0.001565,0.001536,1.938168e-05,0,0,1.524e-23,1.178e-24,0
step16,16,MLP_IN,v,residual,1024,512-1024,1.258291e+07,0.0003209454,0.0001639179,0.0003588041,0.000219674,0.0003000014,0.001745803,0.001771768,0.001565,0.001536,4.768392e-06,0,0,1.524e-23,1.178e-24,0
step16,16,MLP_OUT,u,residual,1024,spike,786432,0.0008859138,0.0008599017,0.001799011,0.001460431,0.001696382,0.001767258,0.001909129,0.001565,0.001536,3.560347e-05,0,0,1.524e-23,1.178e-24,0
step16,16,MLP_OUT,u,residual,1024,32-64,786432,0.001017542,0.0009607055,0.001726786,0.001190148,0.001434324,0.001760465,0.001842099,0.001565,0.001536,6.310822e-05,0,0,1.524e-23,1.178e-24,0
step16,16,MLP_OUT,u,residual,1024,64-128,1572864,0.0005155616,0.0003855195,0.0008108775,0.000522579,0.0007303148,0.001739647,0.001812145,0.001565,0.001536,9.164127e-06,0,0,1.524e-23,1.178e-24,0
step16,16,MLP_OUT,u,residual,1024,128-256,3145728,0.000573844,0.0003478979,0.0006426493,0.0003621821,0.0004633113,0.001739865,0.001772199,0.001565,0.001536,9.559045e-06,0,0,1.524e-23,1.178e-24,0
step16,16,MLP_OUT,u,residual,1024,256-512,6291456,0.0003092873,0.0002598715,0.0003821055,0.0004578391,0.0002454269,0.001748744,0.001749216,0.001565,0.001536,5.443154e-06,0,0,1.524e-23,1.178e-24,0
step16,16,MLP_OUT,u,residual,1024,512-1024,1.258291e+07,0.0003652134,0.0001625769,0.0003460248,0.000223999,0.0002580359,0.001742463,0.001764229,0.001565,0.001536,7.845815e-06,0,0,1.524e-23,1.178e-24,0
step16,16,MLP_OUT,v,hidden,4096,spike,3145728,0.000287901,0.0002922782,0.001071803,0.0009784989,0.00104186,0.001770465,0.00187664,0.001565,0.001558,1.212126e-05,0,0,1.524e-23,8.299e-24,0
step16,16,MLP_OUT,v,hidden,4096,32-64,3145728,0.0003391775,0.0003142202,0.001064237,0.0008278294,0.0008885132,0.001772599,0.001857449,0.001565,0.001558,2.476441e-05,0,0,1.524e-23,8.299e-24,0
step16,16,MLP_OUT,v,hidden,4096,64-128,6291456,0.0002376767,0.0002169885,0.0007249832,0.0005646416,0.0006277528,0.001757704,0.001831309,0.001565,0.001558,1.412012e-05,0,0,1.524e-23,8.299e-24,0
step16,16,MLP_OUT,v,hidden,4096,128-256,1.258291e+07,0.0001562025,0.000130738,0.0005702178,0.0004619161,0.0005255263,0.001765969,0.001820764,0.001565,0.001558,1.878835e-05,0,0,1.524e-23,8.299e-24,0
step16,16,MLP_OUT,v,hidden,4096,256-512,2.516582e+07,0.0001412421,0.0001216943,0.0002542575,0.0001949685,0.0002524767,0.001771098,0.001788252,0.001565,0.001558,1.191084e-05,0,0,1.524e-23,8.299e-24,0
step16,16,MLP_OUT,v,hidden,4096,512-1024,5.033165e+07,0.0001195204,0.0001011063,0.0001339634,7.610178e-05,9.152643e-05,0.001767798,0.001773025,0.001565,0.001558,1.278575e-06,0,0,1.524e-23,8.299e-24,0
step32,32,Q,u,head,1024,spike,786432,0.0014256,0.001325976,0.002788544,0.001839966,0.002077229,0.001739502,0.001934378,0.001565,0.001536,4.089657e-05,0,0,1.524e-23,1.178e-24,0
step32,32,Q,u,head,1024,32-64,786432,0.0009339727,0.0009062935,0.001655579,0.001331929,0.001580419,0.001737649,0.001903934,0.001565,0.001536,2.229496e-05,0,0,1.524e-23,1.178e-24,0
step32,32,Q,u,head,1024,64-128,1572864,0.000565783,0.000475014,0.001276143,0.0008418968,0.00107198,0.00174724,0.00181209,0.001565,0.001536,1.946472e-05,0,0,1.524e-23,1.178e-24,0
step32,32,Q,u,head,1024,128-256,3145728,0.0005307863,0.0003728843,0.0007943471,0.0004132845,0.0006019467,0.001747667,0.001783026,0.001565,0.001536,8.64528e-06,0,0,1.524e-23,1.178e-24,0
step32,32,Q,u,head,1024,256-512,6291456,0.0003123012,0.0003038929,0.0004163742,0.0002962043,0.0002209483,0.001760406,0.001744284,0.001565,0.001536,8.635837e-06,0,0,1.524e-23,1.178e-24,0
step32,32,Q,u,head,1024,512-1024,1.258291e+07,0.0003822134,0.0001772165,0.0003242493,0.0002291791,0.0002494223,0.001745764,0.001761212,0.001565,0.001536,9.897641e-06,0,0,1.524e-23,1.178e-24,0
step32,32,Q,v,residual,1024,spike,786432,0.0009112435,0.0007578018,0.002506765,0.001793398,0.002054387,0.001722172,0.001964932,0.001565,0.001536,2.082142e-05,0,0,1.524e-23,1.178e-24,0
step32,32,Q,v,residual,1024,32-64,786432,0.0006904887,0.0008627793,0.001347605,0.001135326,0.001369492,0.001759375,0.001870219,0.001565,0.001536,1.978075e-05,0,0,1.524e-23,1.178e-24,0
step32,32,Q,v,residual,1024,64-128,1572864,0.0006093817,0.0005268619,0.001013565,0.000567044,0.0008096911,0.001748803,0.001809057,0.001565,0.001536,2.565003e-05,0,0,1.524e-23,1.178e-24,0
step32,32,Q,v,residual,1024,128-256,3145728,0.0004449782,0.0003110306,0.0005856196,0.0002873817,0.0004749422,0.001746178,0.00177249,0.001565,0.001536,1.250307e-05,0,0,1.524e-23,1.178e-24,0
step32,32,Q,v,residual,1024,256-512,6291456,0.0003365517,0.0002069566,0.0002317746,0.0003617609,0.0002004632,0.001745456,0.00173769,0.001565,0.001536,1.176846e-05,0,0,1.524e-23,1.178e-24,0
step32,32,Q,v,residual,1024,512-1024,1.258291e+07,0.0003431769,0.0001774961,0.0003570398,0.0002035786,0.0002721356,0.001744763,0.00176054,0.001565,0.001536,9.868446e-06,0,0,1.524e-23,1.178e-24,0
step32,32,K,u,head,1024,spike,786432,0.000839667,0.0008467016,0.001991018,0.001683976,0.001940812,0.001741791,0.001944115,0.001565,0.001536,3.705497e-05,0,0,1.524e-23,1.178e-24,0
step32,32,K,u,head,1024,32-64,786432,0.0007202856,0.0006642554,0.001420848,0.001046786,0.001294932,0.001739502,0.001876286,0.001565,0.001536,4.432762e-05,0,0,1.524e-23,1.178e-24,0
step32,32,K,u,head,1024,64-128,1572864,0.0006338879,0.0005995786,0.001039886,0.0008849984,0.001121704,0.001750565,0.001819611,0.001565,0.001536,2.607441e-05,0,0,1.524e-23,1.178e-24,0
step32,32,K,u,head,1024,128-256,3145728,0.0004506442,0.0003675,0.0006897608,0.0003885789,0.0004998129,0.001739466,0.001776813,0.001565,0.001536,1.415608e-05,0,0,1.524e-23,1.178e-24,0
step32,32,K,u,head,1024,256-512,6291456,0.0003554651,0.0002364524,0.000347201,0.0003670884,0.0002450144,0.001745914,0.001745969,0.001565,0.001536,8.788023e-06,0,0,1.524e-23,1.178e-24,0
step32,32,K,u,head,1024,512-1024,1.258291e+07,0.0003118696,0.0002037301,0.0002855142,0.0002029753,0.0002279947,0.001749413,0.001759502,0.001565,0.001536,8.67778e-06,0,0,1.524e-23,1.178e-24,0
step32,32,K,v,residual,1024,spike,786432,0.0008554414,0.0007795199,0.00202891,0.001671452,0.001925076,0.001752363,0.001932417,0.001565,0.001536,2.958853e-05,0,0,1.524e-23,1.178e-24,0
step32,32,K,v,residual,1024,32-64,786432,0.00092374,0.0007728825,0.002048492,0.001417439,0.001665495,0.00173507,0.001892925,0.001565,0.001536,2.546814e-05,0,0,1.524e-23,1.178e-24,0
step32,32,K,v,residual,1024,64-128,1572864,0.0005815904,0.000482812,0.001127625,0.0008309318,0.001055525,0.001730056,0.001825333,0.001565,0.001536,2.724163e-05,0,0,1.524e-23,1.178e-24,0
step32,32,K,v,residual,1024,128-256,3145728,0.0005280188,0.0003713292,0.000657781,0.0003277101,0.0005347342,0.00173754,0.001777168,0.001565,0.001536,1.765717e-05,0,0,1.524e-23,1.178e-24,0
step32,32,K,v,residual,1024,256-512,6291456,0.0002833625,0.0001795513,0.0003139814,0.0004114295,0.0002461489,0.001740628,0.001749988,0.001565,0.001536,1.615621e-05,0,0,1.524e-23,1.178e-24,0
step32,32,K,v,residual,1024,512-1024,1.258291e+07,0.0003133838,0.0001739959,0.0002838294,0.0001860925,0.0002428642,0.001752942,0.001765231,0.001565,0.001536,7.467223e-06,0,0,1.524e-23,1.178e-24,0
step32,32,V,u,head,1024,spike,786432,0.0008618209,0.0008010525,0.002406565,0.002060403,0.002317809,0.001776995,0.001903461,0.001565,0.001536,3.757274e-05,0,0,1.524e-23,1.178e-24,0
step32,32,V,u,head,1024,32-64,786432,0.000803186,0.0007083289,0.00170695,0.001204582,0.001457759,0.001752799,0.001859138,0.001565,0.001536,3.721974e-05,0,0,1.524e-23,1.178e-24,0
step32,32,V,u,head,1024,64-128,1572864,0.0005523699,0.0004860825,0.001349894,0.0009225005,0.001179733,0.001755542,0.001829874,0.001565,0.001536,1.961767e-05,0,0,1.524e-23,1.178e-24,0
step32,32,V,u,head,1024,128-256,3145728,0.0004353983,0.0003563816,0.0005198161,0.0003248966,0.0004208373,0.001751673,0.001766205,0.001565,0.001536,2.767167e-05,0,0,1.524e-23,1.178e-24,0
step32,32,V,u,head,1024,256-512,6291456,0.0005595176,0.0003531358,0.0003679911,0.0003504391,0.0002844088,0.001735061,0.001748598,0.001565,0.001536,1.158267e-05,0,0,1.524e-23,1.178e-24,0
step32,32,V,u,head,1024,512-1024,1.258291e+07,0.0004043222,0.0001841537,0.0004072666,0.0001669957,0.0002744987,0.001746641,0.001762161,0.001565,0.001536,4.910943e-06,0,0,1.524e-23,1.178e-24,0
step32,32,V,v,residual,1024,spike,786432,0.0007637642,0.0009192475,0.001143138,0.001283803,0.001532411,0.001770528,0.001917049,0.001565,0.001536,5.879747e-05,0,0,1.524e-23,1.178e-24,0
step32,32,V,v,residual,1024,32-64,786432,0.0009311241,0.0008567182,0.001824188,0.001500903,0.001740069,0.001747204,0.0018805,0.001565,0.001536,3.669884e-05,0,0,1.524e-23,1.178e-24,0
step32,32,V,v,residual,1024,64-128,1572864,0.0004164956,0.000478703,0.0008645376,0.0007482418,0.001011326,0.001742172,0.00181774,0.001565,0.001536,3.150152e-05,0,0,1.524e-23,1.178e-24,0
step32,32,V,v,residual,1024,128-256,3145728,0.000383008,0.000311353,0.0007290522,0.0004869573,0.0006553906,0.001755696,0.001777876,0.001565,0.001536,1.033447e-05,0,0,1.524e-23,1.178e-24,0
step32,32,V,v,residual,1024,256-512,6291456,0.0004107446,0.0002538635,0.000350666,0.0003172598,0.0002278598,0.001739411,0.001742272,0.001565,0.001536,6.04785e-06,0,0,1.524e-23,1.178e-24,0
step32,32,V,v,residual,1024,512-1024,1.258291e+07,0.0002829218,0.0001344013,0.0002632141,0.0001907798,0.0002797052,0.001749136,0.001763927,0.001565,0.001536,9.142074e-06,0,0,1.524e-23,1.178e-24,0
step32,32,O,u,residual,1024,spike,786432,0.0007524212,0.0006988291,0.002030436,0.001781677,0.002036655,0.001739429,0.001953924,0.001565,0.001536,3.95313e-05,0,0,1.524e-23,1.178e-24,0
step32,32,O,u,residual,1024,32-64,786432,0.0008036198,0.0007608718,0.001555379,0.001075346,0.001292835,0.001755669,0.001888348,0.001565,0.001536,5.167216e-05,0,0,1.524e-23,1.178e-24,0
step32,32,O,u,residual,1024,64-128,1572864,0.0005004449,0.0004621303,0.0009730021,0.0006828115,0.0009025845,0.001741682,0.001833471,0.001565,0.001536,2.754623e-05,0,0,1.524e-23,1.178e-24,0
step32,32,O,u,residual,1024,128-256,3145728,0.0004560781,0.0003473241,0.0005509059,0.0003128368,0.0005055936,0.001750973,0.001767195,0.001565,0.001536,4.869437e-06,0,0,1.524e-23,1.178e-24,0
step32,32,O,u,residual,1024,256-512,6291456,0.0004244891,0.0002723619,0.0003131231,0.0003500831,0.0002431667,0.001738435,0.001750392,0.001565,0.001536,1.412611e-05,0,0,1.524e-23,1.178e-24,0
step32,32,O,u,residual,1024,512-1024,1.258291e+07,0.0003486529,0.0001815514,0.0003270785,0.0001815975,0.0002816418,0.001746981,0.001768357,0.001565,0.001536,1.392066e-05,0,0,1.524e-23,1.178e-24,0
step32,32,O,v,head,1024,spike,786432,0.0006000916,0.0006028218,0.002220662,0.001977731,0.002233712,0.001757122,0.00198535,0.001565,0.001536,2.676367e-05,0,0,1.524e-23,1.178e-24,0
step32,32,O,v,head,1024,32-64,786432,0.0009369528,0.0007252341,0.002059428,0.001370757,0.001609167,0.00174081,0.001887331,0.001565,0.001536,2.586182e-05,0,0,1.524e-23,1.178e-24,0
step32,32,O,v,head,1024,64-128,1572864,0.0007421777,0.0005137888,0.00105985,0.0005810425,0.0007977287,0.001745133,0.001825605,0.001565,0.001536,3.270548e-05,0,0,1.524e-23,1.178e-24,0
step32,32,O,v,head,1024,128-256,3145728,0.0004489102,0.000319923,0.0005683263,0.0003760906,0.0005265108,0.001735642,0.001777113,0.001565,0.001536,1.736692e-05,0,0,1.524e-23,1.178e-24,0
step32,32,O,v,head,1024,256-512,6291456,0.0004198735,0.0002594858,0.0003340403,0.0003644613,0.0002063888,0.00174705,0.001737095,0.001565,0.001536,6.235757e-06,0,0,1.524e-23,1.178e-24,0
step32,32,O,v,head,1024,512-1024,1.258291e+07,0.0003245983,0.0002582101,0.0002777576,0.0002498149,0.0002851416,0.001741966,0.001759491,0.001565,0.001536,8.676833e-06,0,0,1.524e-23,1.178e-24,0
step32,32,MLP_IN,u,hidden,4096,spike,3145728,0.0004673282,0.0004505057,0.001245181,0.00107275,0.00113623,0.001762935,0.001862826,0.001565,0.001558,2.349513e-05,0,0,1.524e-23,8.299e-24,0
step32,32,MLP_IN,u,hidden,4096,32-64,3145728,0.0004031482,0.0003716894,0.001119614,0.0008144803,0.0008789112,0.001757059,0.001848303,0.001565,0.001558,2.335562e-05,0,0,1.524e-23,8.299e-24,0
step32,32,MLP_IN,u,hidden,4096,64-128,6291456,0.000304615,0.0002859535,0.0007575989,0.00065554,0.0007217177,0.001771109,0.001838166,0.001565,0.001558,1.614634e-05,0,0,1.524e-23,8.299e-24,0
step32,32,MLP_IN,u,hidden,4096,128-256,1.258291e+07,0.0002406991,0.000188747,0.0006224791,0.0004617677,0.0005259374,0.001765567,0.001812478,0.001565,0.001558,4.043121e-06,0,0,1.524e-23,8.299e-24,0
step32,32,MLP_IN,u,hidden,4096,256-512,2.516582e+07,0.0001217406,9.958743e-05,0.0002777338,0.0002154168,0.0002701769,0.001767849,0.001787114,0.001565,0.001558,6.562781e-06,0,0,1.524e-23,8.299e-24,0
step32,32,MLP_IN,u,hidden,4096,512-1024,5.033165e+07,0.0001382855,0.0001006238,0.0001403173,8.119817e-05,9.051106e-05,0.001768737,0.001773012,0.001565,0.001558,6.61236e-06,0,0,1.524e-23,8.299e-24,0
step32,32,MLP_IN,v,residual,1024,spike,786432,0.0007056767,0.0005455441,0.00190684,0.001479833,0.001720033,0.001783534,0.001883153,0.001565,0.001536,1.947944e-05,0,0,1.524e-23,1.178e-24,0
step32,32,MLP_IN,v,residual,1024,32-64,786432,0.0007342559,0.0006965475,0.001440175,0.0009522588,0.001195365,0.001716977,0.001859174,0.001565,0.001536,4.77049e-05,0,0,1.524e-23,1.178e-24,0
step32,32,MLP_IN,v,residual,1024,64-128,1572864,0.000746009,0.0006056829,0.001092148,0.0005391358,0.0007867303,0.001735378,0.001800701,0.001565,0.001536,2.474854e-05,0,0,1.524e-23,1.178e-24,0
step32,32,MLP_IN,v,residual,1024,128-256,3145728,0.0004379678,0.0003755018,0.0006944021,0.0004201395,0.0004647432,0.001749656,0.001773852,0.001565,0.001536,1.244905e-05,0,0,1.524e-23,1.178e-24,0
step32,32,MLP_IN,v,residual,1024,256-512,6291456,0.0004333637,0.0002955438,0.0003348033,0.0003860857,0.0002492314,0.001742313,0.001746791,0.001565,0.001536,1.475741e-05,0,0,1.524e-23,1.178e-24,0
step32,32,MLP_IN,v,residual,1024,512-1024,1.258291e+07,0.0003314719,0.000165377,0.0003288587,0.0001798666,0.0002852828,0.001743271,0.001772828,0.001565,0.001536,5.088151e-06,0,0,1.524e-23,1.178e-24,0
step32,32,MLP_OUT,u,residual,1024,spike,786432,0.0007238321,0.0007340549,0.001866659,0.001439918,0.00168942,0.001738848,0.001883334,0.001565,0.001536,3.918821e-05,0,0,1.524e-23,1.178e-24,0
step32,32,MLP_OUT,u,residual,1024,32-64,786432,0.001042562,0.0009851792,0.001294963,0.0008694822,0.001118245,0.001741791,0.001826077,0.001565,0.001536,3.573673e-05,0,0,1.524e-23,1.178e-24,0
step32,32,MLP_OUT,u,residual,1024,64-128,1572864,0.0006085965,0.0004461839,0.0009953817,0.0005556085,0.0008022222,0.00174012,0.001833852,0.001565,0.001536,1.685827e-05,0,0,1.524e-23,1.178e-24,0
step32,32,MLP_OUT,u,residual,1024,128-256,3145728,0.0005952761,0.0003929639,0.0007500331,0.0004241638,0.0004603578,0.001749565,0.00178595,0.001565,0.001536,2.484482e-05,0,0,1.524e-23,1.178e-24,0
step32,32,MLP_OUT,u,residual,1024,256-512,6291456,0.0003735196,0.0002601043,0.0003902117,0.0003433528,0.0002329773,0.001747495,0.00175675,0.001565,0.001536,8.632947e-06,0,0,1.524e-23,1.178e-24,0
step32,32,MLP_OUT,u,residual,1024,512-1024,1.258291e+07,0.0003594851,0.0001399731,0.0004026413,0.0001150445,0.0003059628,0.00174081,0.001770213,0.001565,0.001536,7.861657e-06,0,0,1.524e-23,1.178e-24,0
step32,32,MLP_OUT,v,hidden,4096,spike,3145728,0.0002961059,0.0003147905,0.001185481,0.001065939,0.001128103,0.001761691,0.001865768,0.001565,0.001558,1.871083e-05,0,0,1.524e-23,8.299e-24,0
step32,32,MLP_OUT,v,hidden,4096,32-64,3145728,0.0003311197,0.0003358427,0.001029841,0.0008602467,0.0009180261,0.001765851,0.001847231,0.001565,0.001558,1.521715e-05,0,0,1.524e-23,8.299e-24,0
step32,32,MLP_OUT,v,hidden,4096,64-128,6291456,0.0002965813,0.0002976462,0.000900046,0.0007117587,0.0007752045,0.00176185,0.00183472,0.001565,0.001558,1.471207e-05,0,0,1.524e-23,8.299e-24,0
step32,32,MLP_OUT,v,hidden,4096,128-256,1.258291e+07,0.0001919416,0.0001665787,0.0005352974,0.0004376446,0.0005025039,0.00176816,0.001809281,0.001565,0.001558,1.58688e-05,0,0,1.524e-23,8.299e-24,0
step32,32,MLP_OUT,v,hidden,4096,256-512,2.516582e+07,0.0001437124,9.341262e-05,0.0003327688,0.0002145938,0.0002729533,0.001768926,0.001788781,0.001565,0.001558,7.127722e-06,0,0,1.524e-23,8.299e-24,0
step32,32,MLP_OUT,v,hidden,4096,512-1024,5.033165e+07,0.0001211548,8.253666e-05,0.000157853,8.889862e-05,0.0001214037,0.001767487,0.001773908,0.001565,0.001558,4.440282e-06,0,0,1.524e-23,8.299e-24,0
step64,64,Q,u,head,1024,spike,786432,0.00142827,0.001280288,0.002232615,0.00145647,0.001674574,0.001740374,0.001940264,0.001565,0.001536,3.567823e-05,0,0,1.524e-23,1.178e-24,0
step64,64,Q,u,head,1024,32-64,786432,0.001041897,0.0009881457,0.001926422,0.001249936,0.001483037,0.001743062,0.001871454,0.001565,0.001536,1.545144e-05,0,0,1.524e-23,1.178e-24,0
step64,64,Q,u,head,1024,64-128,1572864,0.000526823,0.0004755358,0.001167425,0.0007972131,0.001038584,0.001751491,0.001829601,0.001565,0.001536,3.342297e-05,0,0,1.524e-23,1.178e-24,0
step64,64,Q,u,head,1024,128-256,3145728,0.0005000565,0.0004130117,0.0005724589,0.0003198441,0.0005066296,0.001744615,0.001766377,0.001565,0.001536,8.649108e-06,0,0,1.524e-23,1.178e-24,0
step64,64,Q,u,head,1024,256-512,6291456,0.0002983231,0.0002709706,0.0003593763,0.0004587323,0.0003197453,0.001767853,0.001751005,0.001565,0.001536,5.698878e-06,0,0,1.524e-23,1.178e-24,0
step64,64,Q,u,head,1024,512-1024,1.258291e+07,0.0003846081,0.0001828539,0.0003081799,0.0002032833,0.0002578638,0.001740462,0.001763925,0.001565,0.001536,7.789385e-06,0,0,1.524e-23,1.178e-24,0
step64,64,Q,v,residual,1024,spike,786432,0.0007897917,0.0006482413,0.002681732,0.002138932,0.002403721,0.001724134,0.001951199,0.001565,0.001536,1.52872e-05,0,0,1.524e-23,1.178e-24,0
step64,64,Q,v,residual,1024,32-64,786432,0.0005544805,0.0006808829,0.001351929,0.001190271,0.001446887,0.001756468,0.001873452,0.001565,0.001536,3.216851e-05,0,0,1.524e-23,1.178e-24,0
step64,64,Q,v,residual,1024,64-128,1572864,0.0005682134,0.0005319716,0.001059469,0.0007427954,0.0009620788,0.001760265,0.001819429,0.001565,0.001536,2.013869e-05,0,0,1.524e-23,1.178e-24,0
step64,64,Q,v,residual,1024,128-256,3145728,0.0004455648,0.0002852471,0.0006379445,0.0003415573,0.0005696672,0.00175506,0.001782681,0.001565,0.001536,1.017164e-05,0,0,1.524e-23,1.178e-24,0
step64,64,Q,v,residual,1024,256-512,6291456,0.0003461911,0.0001694812,0.0002841632,0.0004401491,0.0002944243,0.001747585,0.001738335,0.001565,0.001536,8.72835e-06,0,0,1.524e-23,1.178e-24,0
step64,64,Q,v,residual,1024,512-1024,1.258291e+07,0.0003465109,0.0001919486,0.000303189,0.0001584139,0.0002778555,0.001741532,0.001771652,0.001565,0.001536,6.619413e-06,0,0,1.524e-23,1.178e-24,0
step64,64,K,u,head,1024,spike,786432,0.0008231485,0.0008856529,0.002230581,0.001847485,0.002106971,0.001739102,0.001952362,0.001565,0.001536,3.994561e-05,0,0,1.524e-23,1.178e-24,0
step64,64,K,u,head,1024,32-64,786432,0.0007677089,0.0007379908,0.001538849,0.001206497,0.001436382,0.001746296,0.001873162,0.001565,0.001536,4.710044e-05,0,0,1.524e-23,1.178e-24,0
step64,64,K,u,head,1024,64-128,1572864,0.0005965882,0.0005580047,0.001060232,0.0007177936,0.0009550493,0.001745242,0.001829983,0.001565,0.001536,3.258794e-05,0,0,1.524e-23,1.178e-24,0
step64,64,K,u,head,1024,128-256,3145728,0.0004296621,0.0003163456,0.0004927953,0.0003132555,0.0003861544,0.001734452,0.001772799,0.001565,0.001536,8.794518e-06,0,0,1.524e-23,1.178e-24,0
step64,64,K,u,head,1024,256-512,6291456,0.0003337555,0.0002159815,0.0004018148,0.0004610233,0.0003277912,0.001750374,0.001742113,0.001565,0.001536,9.44064e-06,0,0,1.524e-23,1.178e-24,0
step64,64,K,u,head,1024,512-1024,1.258291e+07,0.0003122644,0.0001845211,0.0003142357,0.0001778646,0.0002925189,0.001748303,0.00176955,0.001565,0.001536,5.577767e-06,0,0,1.524e-23,1.178e-24,0
step64,64,K,v,residual,1024,spike,786432,0.0008264753,0.0007900401,0.002211253,0.001719372,0.001958494,0.001759011,0.001926931,0.001565,0.001536,3.630901e-05,0,0,1.524e-23,1.178e-24,0
step64,64,K,v,residual,1024,32-64,786432,0.0009058307,0.0007484403,0.002005768,0.001242805,0.001485637,0.001739429,0.00186684,0.001565,0.001536,2.386312e-05,0,0,1.524e-23,1.178e-24,0
step64,64,K,v,residual,1024,64-128,1572864,0.0006687543,0.0005570693,0.001103846,0.0007112974,0.000948106,0.001724516,0.001840264,0.001565,0.001536,3.394103e-05,0,0,1.524e-23,1.178e-24,0
step64,64,K,v,residual,1024,128-256,3145728,0.0004894092,0.0003537568,0.0006189346,0.0004260941,0.0004679291,0.001738076,0.00176912,0.001565,0.001536,1.823001e-05,0,0,1.524e-23,1.178e-24,0
step64,64,K,v,residual,1024,256-512,6291456,0.0003780309,0.0002041149,0.0003088633,0.0002926867,0.0002636578,0.001736691,0.001762649,0.001565,0.001536,1.674249e-05,0,0,1.524e-23,1.178e-24,0
step64,64,K,v,residual,1024,512-1024,1.258291e+07,0.000317933,0.0002226082,0.0003036181,0.0001898282,0.000297108,0.001748373,0.001757204,0.001565,0.001536,8.614554e-06,0,0,1.524e-23,1.178e-24,0
step64,64,V,u,head,1024,spike,786432,0.0007927898,0.0007473794,0.002033234,0.00169393,0.001946947,0.001781391,0.001925187,0.001565,0.001536,3.4355e-05,0,0,1.524e-23,1.178e-24,0
step64,64,V,u,head,1024,32-64,786432,0.0007944989,0.000744286,0.001711528,0.001379647,0.001626209,0.001749674,0.001888057,0.001565,0.001536,3.556095e-05,0,0,1.524e-23,1.178e-24,0
step64,64,V,u,head,1024,64-128,1572864,0.0006333153,0.0005294054,0.001183828,0.0008291907,0.001069967,0.001750056,0.001848838,0.001565,0.001536,1.91936e-05,0,0,1.524e-23,1.178e-24,0
step64,64,V,u,head,1024,128-256,3145728,0.0004470765,0.0003704675,0.0005487442,0.0003547188,0.0004138926,0.001753707,0.001775578,0.001565,0.001536,2.76451e-05,0,0,1.524e-23,1.178e-24,0
step64,64,V,u,head,1024,256-512,6291456,0.0005696193,0.0003949543,0.0004659017,0.0003621844,0.000204444,0.001731909,0.001750088,0.001565,0.001536,1.257118e-05,0,0,1.524e-23,1.178e-24,0
step64,64,V,u,head,1024,512-1024,1.258291e+07,0.0003985576,0.0001911669,0.0003751596,0.0002427271,0.000218922,0.001746169,0.001764186,0.001565,0.001536,3.179172e-06,0,0,1.524e-23,1.178e-24,0
step64,64,V,v,residual,1024,spike,786432,0.0007270046,0.0009119315,0.001884206,0.002019353,0.00226955,0.001767803,0.001950001,0.001565,0.001536,6.695819e-05,0,0,1.524e-23,1.178e-24,0
step64,64,V,v,residual,1024,32-64,786432,0.0009935578,0.0008934098,0.001681264,0.001194647,0.001424482,0.001750001,0.001872399,0.001565,0.001536,4.121853e-05,0,0,1.524e-23,1.178e-24,0
step64,64,V,v,residual,1024,64-128,1572864,0.0004796026,0.0005487288,0.0009362539,0.0008669838,0.001053718,0.001743226,0.001809583,0.001565,0.001536,2.858593e-05,0,0,1.524e-23,1.178e-24,0
step64,64,V,v,residual,1024,128-256,3145728,0.0004404446,0.0003297529,0.0005650202,0.000401984,0.0005813586,0.001755433,0.001768657,0.001565,0.001536,9.080989e-06,0,0,1.524e-23,1.178e-24,0
step64,64,V,v,residual,1024,256-512,6291456,0.0004239843,0.00026727,0.0004033407,0.0003908465,0.0002751862,0.001734089,0.001740642,0.001565,0.001536,4.272619e-06,0,0,1.524e-23,1.178e-24,0
step64,64,V,v,residual,1024,512-1024,1.258291e+07,0.0002845198,0.0001622162,0.0002563318,0.0002197757,0.0002281418,0.001748462,0.00176175,0.001565,0.001536,7.496966e-06,0,0,1.524e-23,1.178e-24,0
step64,64,O,u,residual,1024,spike,786432,0.0006298251,0.0006185497,0.001787313,0.001622185,0.001876128,0.001738303,0.001958575,0.001565,0.001536,3.129579e-05,0,0,1.524e-23,1.178e-24,0
step64,64,O,u,residual,1024,32-64,786432,0.0007613989,0.0007514132,0.001420085,0.00106007,0.001259752,0.001759883,0.001866077,0.001565,0.001536,5.443924e-05,0,0,1.524e-23,1.178e-24,0
step64,64,O,u,residual,1024,64-128,1572864,0.0006034217,0.0005163741,0.001096853,0.0007405876,0.0009870735,0.00174497,0.001824733,0.001565,0.001536,3.056332e-05,0,0,1.524e-23,1.178e-24,0
step64,64,O,u,residual,1024,128-256,3145728,0.0003273371,0.0002716379,0.0004632314,0.0003258059,0.0004623779,0.001738893,0.00177259,0.001565,0.001536,1.168536e-05,0,0,1.524e-23,1.178e-24,0
step64,64,O,u,residual,1024,256-512,6291456,0.0004572713,0.000348399,0.0004313787,0.0005560339,0.000327746,0.001742386,0.00174913,0.001565,0.001536,1.049539e-05,0,0,1.524e-23,1.178e-24,0
step64,64,O,u,residual,1024,512-1024,1.258291e+07,0.0003912769,0.0001582403,0.0003253619,0.0002170334,0.0002264143,0.00174776,0.001756389,0.001565,0.001536,1.316195e-05,0,0,1.524e-23,1.178e-24,0
step64,64,O,v,head,1024,spike,786432,0.0007101172,0.0008335382,0.00227534,0.001931313,0.002197172,0.001722499,0.001911926,0.001565,0.001536,3.762101e-05,0,0,1.524e-23,1.178e-24,0
step64,64,O,v,head,1024,32-64,786432,0.0005911225,0.000502821,0.001474508,0.001305575,0.001534926,0.001751527,0.001861282,0.001565,0.001536,1.342409e-05,0,0,1.524e-23,1.178e-24,0
step64,64,O,v,head,1024,64-128,1572864,0.0007020314,0.000501017,0.001345062,0.0007331507,0.0009949702,0.001752399,0.001819556,0.001565,0.001536,3.360364e-05,0,0,1.524e-23,1.178e-24,0
step64,64,O,v,head,1024,128-256,3145728,0.0003995115,0.0003237502,0.0005830765,0.0003404015,0.000466479,0.001742227,0.00177586,0.001565,0.001536,1.705794e-05,0,0,1.524e-23,1.178e-24,0
step64,64,O,v,head,1024,256-512,6291456,0.0003729017,0.0002121963,0.0003244718,0.0003736975,0.0002179015,0.001739043,0.001747113,0.001565,0.001536,1.07863e-05,0,0,1.524e-23,1.178e-24,0
step64,64,O,v,head,1024,512-1024,1.258291e+07,0.0003753304,0.0001647699,0.0002915064,0.0002407421,0.0002043452,0.001747474,0.001764695,0.001565,0.001536,1.149744e-05,0,0,1.524e-23,1.178e-24,0
step64,64,MLP_IN,u,hidden,4096,spike,3145728,0.0004237607,0.0004160265,0.001392937,0.001174262,0.001237118,0.001766268,0.001871272,0.001565,0.001558,2.937566e-05,0,0,1.524e-23,8.299e-24,0
step64,64,MLP_IN,u,hidden,4096,32-64,3145728,0.0003847077,0.0003462257,0.000974973,0.0007939506,0.0008574063,0.001756014,0.001844615,0.001565,0.001558,2.594361e-05,0,0,1.524e-23,8.299e-24,0
step64,64,MLP_IN,u,hidden,4096,64-128,6291456,0.0003264336,0.0003140032,0.0007313728,0.0006008581,0.0006584592,0.001771609,0.001837472,0.001565,0.001558,1.910004e-05,0,0,1.524e-23,8.299e-24,0
step64,64,MLP_IN,u,hidden,4096,128-256,1.258291e+07,0.0001990871,0.0001524394,0.0006171385,0.0004655194,0.000528025,0.001769926,0.001813196,0.001565,0.001558,6.429936e-06,0,0,1.524e-23,8.299e-24,0
step64,64,MLP_IN,u,hidden,4096,256-512,2.516582e+07,0.0001321081,0.0001172446,0.0002732992,0.0001941338,0.0002501165,0.001766439,0.001793734,0.001565,0.001558,6.667975e-06,0,0,1.524e-23,8.299e-24,0
step64,64,MLP_IN,u,hidden,4096,512-1024,5.033165e+07,0.0001148914,9.84245e-05,0.0001267989,0.0001093774,7.342231e-05,0.001769339,0.001771044,0.001565,0.001558,4.017694e-06,0,0,1.524e-23,8.299e-24,0
step64,64,MLP_IN,v,residual,1024,spike,786432,0.000626442,0.0005913837,0.001592,0.001316726,0.001565391,0.001778194,0.001884715,0.001565,0.001536,3.841891e-05,0,0,1.524e-23,1.178e-24,0
step64,64,MLP_IN,v,residual,1024,32-64,786432,0.0007557734,0.0007287013,0.001441956,0.001104154,0.001345819,0.001706696,0.001844424,0.001565,0.001536,4.16813e-05,0,0,1.524e-23,1.178e-24,0
step64,64,MLP_IN,v,residual,1024,64-128,1572864,0.0008185223,0.0007051724,0.001267878,0.0006250291,0.0008483504,0.001727567,0.001799811,0.001565,0.001536,1.588076e-05,0,0,1.524e-23,1.178e-24,0
step64,64,MLP_IN,v,residual,1024,128-256,3145728,0.00042941,0.0004032118,0.0005503337,0.000426959,0.0004982342,0.001743553,0.001783625,0.001565,0.001536,1.643355e-05,0,0,1.524e-23,1.178e-24,0
step64,64,MLP_IN,v,residual,1024,256-512,6291456,0.0003991104,0.0002308222,0.0002940496,0.0004464554,0.0002538497,0.001743194,0.001746282,0.001565,0.001536,1.378432e-05,0,0,1.524e-23,1.178e-24,0
step64,64,MLP_IN,v,residual,1024,512-1024,1.258291e+07,0.0002940708,0.0001707519,0.000270462,0.0002104119,0.0002558599,0.001746443,0.001769268,0.001565,0.001536,9.715522e-06,0,0,1.524e-23,1.178e-24,0
step64,64,MLP_OUT,u,residual,1024,spike,786432,0.00064017,0.0006489883,0.001491038,0.00121492,0.00144686,0.00175992,0.001884533,0.001565,0.001536,5.990967e-05,0,0,1.524e-23,1.178e-24,0
step64,64,MLP_OUT,u,residual,1024,32-64,786432,0.0008175517,0.0006708829,0.00156428,0.001029628,0.001241703,0.001743753,0.001846241,0.001565,0.001536,3.00374e-05,0,0,1.524e-23,1.178e-24,0
step64,64,MLP_OUT,u,residual,1024,64-128,1572864,0.0006031397,0.0004750526,0.001234309,0.000734588,0.0009516624,0.001737649,0.00181714,0.001565,0.001536,3.647173e-05,0,0,1.524e-23,1.178e-24,0
step64,64,MLP_OUT,u,residual,1024,128-256,3145728,0.000574859,0.0003700118,0.0005545934,0.0003505057,0.0003514168,0.001748212,0.001763689,0.001565,0.001536,2.579505e-05,0,0,1.524e-23,1.178e-24,0
step64,64,MLP_OUT,u,residual,1024,256-512,6291456,0.000369621,0.0002311235,0.0003811518,0.0002618882,0.0002783591,0.001748144,0.001752581,0.001565,0.001536,3.887216e-06,0,0,1.524e-23,1.178e-24,0
step64,64,MLP_OUT,u,residual,1024,512-1024,1.258291e+07,0.0003345593,0.0001989677,0.0003745556,0.0001463496,0.0003378093,0.001740508,0.001775469,0.001565,0.001536,6.043397e-06,0,0,1.524e-23,1.178e-24,0
step64,64,MLP_OUT,v,hidden,4096,spike,3145728,0.0002729753,0.0002729441,0.0009795507,0.0009294029,0.0009946404,0.001773662,0.001857476,0.001565,0.001558,2.387474e-05,0,0,1.524e-23,8.299e-24,0
step64,64,MLP_OUT,v,hidden,4096,32-64,3145728,0.0003946233,0.0004054548,0.0008585612,0.000790771,0.0008491667,0.001763162,0.00184754,0.001565,0.001558,2.126968e-05,0,0,1.524e-23,8.299e-24,0
step64,64,MLP_OUT,v,hidden,4096,64-128,6291456,0.0002785506,0.0002432513,0.0009012858,0.0006937283,0.0007570605,0.001775406,0.001835346,0.001565,0.001558,1.471137e-05,0,0,1.524e-23,8.299e-24,0
step64,64,MLP_OUT,v,hidden,4096,128-256,1.258291e+07,0.000195475,0.0001595691,0.0005340417,0.0003862784,0.0004488189,0.001770301,0.001817585,0.001565,0.001558,7.240573e-06,0,0,1.524e-23,8.299e-24,0
step64,64,MLP_OUT,v,hidden,4096,256-512,2.516582e+07,0.0001340395,0.0001031254,0.0003434499,0.0002440425,0.0003077648,0.001765818,0.001792514,0.001565,0.001558,7.83718e-06,0,0,1.524e-23,8.299e-24,0
step64,64,MLP_OUT,v,hidden,4096,512-1024,5.033165e+07,0.0001219497,7.847441e-05,0.0001324217,8.139505e-05,0.0001063785,0.0017676,0.001770318,0.001565,0.001558,3.440045e-06,0,0,1.524e-23,8.299e-24,0
step128,128,Q,u,head,1024,spike,786432,0.000989404,0.0008932598,0.002534485,0.00178932,0.002045557,0.00174408,0.001906549,0.001565,0.001536,2.865946e-05,0,0,1.524e-23,1.178e-24,0
step128,128,Q,u,head,1024,32-64,786432,0.0008849012,0.0008646606,0.001723226,0.001364142,0.001593857,0.001731873,0.001884569,0.001565,0.001536,2.540892e-05,0,0,1.524e-23,1.178e-24,0
step128,128,Q,u,head,1024,64-128,1572864,0.0004777804,0.0004010447,0.0009009043,0.0006778253,0.0009021518,0.001743862,0.001832072,0.001565,0.001536,3.246294e-05,0,0,1.524e-23,1.178e-24,0
step128,128,Q,u,head,1024,128-256,3145728,0.0005099171,0.0004211596,0.0006439209,0.000367833,0.0004374463,0.00175408,0.001772336,0.001565,0.001536,1.007838e-05,0,0,1.524e-23,1.178e-24,0
step128,128,Q,u,head,1024,256-512,6291456,0.000369221,0.0002287071,0.0003326416,0.0004027794,0.0002414802,0.001765723,0.001736455,0.001565,0.001536,7.22461e-06,0,0,1.524e-23,1.178e-24,0
step128,128,Q,u,head,1024,512-1024,1.258291e+07,0.0003319445,0.0001635858,0.0003139337,0.0001894778,0.0002462058,0.001738523,0.001767529,0.001565,0.001536,2.877973e-06,0,0,1.524e-23,1.178e-24,0
step128,128,Q,v,residual,1024,spike,786432,0.0007578732,0.0006443898,0.00215505,0.00182065,0.00207538,0.001738703,0.001936268,0.001565,0.001536,1.182038e-05,0,0,1.524e-23,1.178e-24,0
step128,128,Q,v,residual,1024,32-64,786432,0.0004795031,0.000587089,0.001591746,0.001429212,0.001658127,0.001766713,0.001870837,0.001565,0.001536,2.161982e-05,0,0,1.524e-23,1.178e-24,0
step128,128,Q,v,residual,1024,64-128,1572864,0.0005855665,0.0005313933,0.001086044,0.0008435715,0.0009851284,0.001747204,0.001829892,0.001565,0.001536,1.559519e-05,0,0,1.524e-23,1.178e-24,0
step128,128,Q,v,residual,1024,128-256,3145728,0.0004035911,0.0003041982,0.0005350749,0.0003234613,0.0004339804,0.001741863,0.001758049,0.001565,0.001536,7.455008e-06,0,0,1.524e-23,1.178e-24,0
step128,128,Q,v,residual,1024,256-512,6291456,0.0003821571,0.0002610451,0.0003095309,0.0004092231,0.0002566413,0.001744602,0.001745519,0.001565,0.001536,1.654229e-05,0,0,1.524e-23,1.178e-24,0
step128,128,Q,v,residual,1024,512-1024,1.258291e+07,0.0003863199,0.0001929169,0.0003679276,0.000201519,0.0003251011,0.001746897,0.001766881,0.001565,0.001536,1.079698e-05,0,0,1.524e-23,1.178e-24,0
step128,128,K,u,head,1024,spike,786432,0.0007509611,0.0006684159,0.002259572,0.001854573,0.002116677,0.001725478,0.001932162,0.001565,0.001536,4.4911e-05,0,0,1.524e-23,1.178e-24,0
step128,128,K,u,head,1024,32-64,786432,0.0007440599,0.0006772053,0.001536306,0.001255351,0.001497157,0.001724279,0.001854488,0.001565,0.001536,3.589055e-05,0,0,1.524e-23,1.178e-24,0
step128,128,K,u,head,1024,64-128,1572864,0.0005457867,0.0005096292,0.0009963989,0.0007324071,0.0009791336,0.001745551,0.001828148,0.001565,0.001536,3.090135e-05,0,0,1.524e-23,1.178e-24,0
step128,128,K,u,head,1024,128-256,3145728,0.0005326305,0.0003387536,0.0006641388,0.0002935434,0.0004785784,0.001744715,0.001784425,0.001565,0.001536,1.899494e-05,0,0,1.524e-23,1.178e-24,0
step128,128,K,u,head,1024,256-512,6291456,0.0003629178,0.0001970811,0.0003536542,0.0003989814,0.0002796731,0.001743616,0.001745919,0.001565,0.001536,8.083611e-06,0,0,1.524e-23,1.178e-24,0
step128,128,K,u,head,1024,512-1024,1.258291e+07,0.00033951,0.0001654269,0.0002608458,0.0001881876,0.0002373193,0.001745142,0.001762878,0.001565,0.001536,4.849907e-06,0,0,1.524e-23,1.178e-24,0
step128,128,K,v,residual,1024,spike,786432,0.0007495754,0.0006953292,0.002102153,0.001743977,0.002005991,0.00174477,0.001944805,0.001565,0.001536,2.391988e-05,0,0,1.524e-23,1.178e-24,0
step128,128,K,v,residual,1024,32-64,786432,0.0008766853,0.0007470715,0.001752472,0.001149838,0.001395411,0.001729983,0.001884969,0.001565,0.001536,4.60218e-05,0,0,1.524e-23,1.178e-24,0
step128,128,K,v,residual,1024,64-128,1572864,0.000632131,0.0005343357,0.0009059906,0.0006790499,0.0009089831,0.001727295,0.001813998,0.001565,0.001536,2.591774e-05,0,0,1.524e-23,1.178e-24,0
step128,128,K,v,residual,1024,128-256,3145728,0.0004455517,0.000303819,0.0005219142,0.0003137007,0.0004183889,0.001736523,0.001755578,0.001565,0.001536,2.183326e-05,0,0,1.524e-23,1.178e-24,0
step128,128,K,v,residual,1024,256-512,6291456,0.0004481686,0.0002506394,0.0004200617,0.0004418759,0.0003024497,0.00174017,0.001750696,0.001565,0.001536,1.667537e-05,0,0,1.524e-23,1.178e-24,0
step128,128,K,v,residual,1024,512-1024,1.258291e+07,0.0003031465,0.000193172,0.0002915541,0.0001700526,0.0002716702,0.001748734,0.001769779,0.001565,0.001536,5.235532e-06,0,0,1.524e-23,1.178e-24,0
step128,128,V,u,head,1024,spike,786432,0.0007659363,0.000727718,0.002199809,0.001794754,0.002025407,0.001766568,0.001919992,0.001565,0.001536,3.468464e-05,0,0,1.524e-23,1.178e-24,0
step128,128,V,u,head,1024,32-64,786432,0.0008040094,0.0007361917,0.001661936,0.001141715,0.001328563,0.001751055,0.00190437,0.001565,0.001536,3.202664e-05,0,0,1.524e-23,1.178e-24,0
step128,128,V,u,head,1024,64-128,1572864,0.0006472276,0.0005079933,0.001355108,0.0008641765,0.001101526,0.001752199,0.001823825,0.001565,0.001536,2.668723e-05,0,0,1.524e-23,1.178e-24,0
step128,128,V,u,head,1024,128-256,3145728,0.000471206,0.0003878214,0.0006516139,0.0003350034,0.0005262016,0.001752281,0.001776032,0.001565,0.001536,2.234691e-05,0,0,1.524e-23,1.178e-24,0
step128,128,V,u,head,1024,256-512,6291456,0.0005094913,0.0003128105,0.0004275004,0.0003625609,0.0002374179,0.001729266,0.001746296,0.001565,0.001536,9.107929e-06,0,0,1.524e-23,1.178e-24,0
step128,128,V,u,head,1024,512-1024,1.258291e+07,0.0003834196,0.0001687173,0.0003483454,0.000177702,0.0002438986,0.001742719,0.001763998,0.001565,0.001536,1.096186e-05,0,0,1.524e-23,1.178e-24,0
step128,128,V,v,residual,1024,spike,786432,0.0007242656,0.0009053459,0.00164032,0.001961018,0.002203864,0.001775324,0.00192021,0.001565,0.001536,5.72698e-05,0,0,1.524e-23,1.178e-24,0
step128,128,V,v,residual,1024,32-64,786432,0.0009679925,0.0008616765,0.001455434,0.001036056,0.001241665,0.001738666,0.001868693,0.001565,0.001536,4.261664e-05,0,0,1.524e-23,1.178e-24,0
step128,128,V,v,residual,1024,64-128,1572864,0.0005633877,0.0005365869,0.00101827,0.0006866331,0.000839538,0.001741682,0.001799157,0.001565,0.001536,1.994073e-05,0,0,1.524e-23,1.178e-24,0
step128,128,V,v,residual,1024,128-256,3145728,0.0004423844,0.0003282774,0.0005849202,0.0002620963,0.0004680849,0.001752944,0.001766514,0.001565,0.001536,1.4001e-05,0,0,1.524e-23,1.178e-24,0
step128,128,V,v,residual,1024,256-512,6291456,0.0003935976,0.0002645077,0.0003426234,0.0003666178,0.0002022779,0.001738839,0.001746863,0.001565,0.001536,8.982871e-06,0,0,1.524e-23,1.178e-24,0
step128,128,V,v,residual,1024,512-1024,1.258291e+07,0.0002907332,0.0001589572,0.0003195922,0.0002329163,0.0002467158,0.001748868,0.001762685,0.001565,0.001536,6.412776e-06,0,0,1.524e-23,1.178e-24,0
step128,128,O,u,residual,1024,spike,786432,0.0007799854,0.0007572684,0.001843516,0.001625854,0.001860525,0.001778848,0.00195109,0.001565,0.001536,4.361708e-05,0,0,1.524e-23,1.178e-24,0
step128,128,O,u,residual,1024,32-64,786432,0.0007893898,0.0008470177,0.001937866,0.001502075,0.001742311,0.001734343,0.001909964,0.001565,0.001536,4.891113e-05,0,0,1.524e-23,1.178e-24,0
step128,128,O,u,residual,1024,64-128,1572864,0.000595064,0.0004920502,0.001240794,0.0008627019,0.001117724,0.001759774,0.001831672,0.001565,0.001536,1.134462e-05,0,0,1.524e-23,1.178e-24,0
step128,128,O,u,residual,1024,128-256,3145728,0.0004292774,0.0003968612,0.0005554835,0.0004322096,0.0004536691,0.001758621,0.001782962,0.001565,0.001536,2.139796e-05,0,0,1.524e-23,1.178e-24,0
step128,128,O,u,residual,1024,256-512,6291456,0.0004265922,0.0002581851,0.0003343582,0.0003542724,0.0002765774,0.001746268,0.0017467,0.001565,0.001536,9.145899e-06,0,0,1.524e-23,1.178e-24,0
step128,128,O,u,residual,1024,512-1024,1.258291e+07,0.0003142887,0.0001373393,0.0002878984,0.0001414538,0.0002917018,0.001744575,0.001761448,0.001565,0.001536,9.558453e-06,0,0,1.524e-23,1.178e-24,0
step128,128,O,v,head,1024,spike,786432,0.0007045821,0.0007275107,0.00213089,0.001925602,0.002181573,0.001741682,0.001965187,0.001565,0.001536,1.902715e-05,0,0,1.524e-23,1.178e-24,0
step128,128,O,v,head,1024,32-64,786432,0.000707643,0.0006401513,0.00155894,0.001254951,0.001485153,0.00176061,0.001904152,0.001565,0.001536,2.769598e-05,0,0,1.524e-23,1.178e-24,0
step128,128,O,v,head,1024,64-128,1572864,0.0007370558,0.0005590838,0.001250966,0.0006857042,0.0008986786,0.001747004,0.001815487,0.001565,0.001536,3.258143e-05,0,0,1.524e-23,1.178e-24,0
step128,128,O,v,head,1024,128-256,3145728,0.0004189948,0.0004007243,0.0005224228,0.0002466538,0.0004321975,0.001752644,0.001778575,0.001565,0.001536,1.995158e-05,0,0,1.524e-23,1.178e-24,0
step128,128,O,v,head,1024,256-512,6291456,0.0003146184,0.0002312967,0.0003406525,0.0003525963,0.0002433236,0.001748898,0.001739606,0.001565,0.001536,1.314952e-05,0,0,1.524e-23,1.178e-24,0
step128,128,O,v,head,1024,512-1024,1.258291e+07,0.0003336198,0.0001556668,0.0003150622,0.000258448,0.0002692666,0.001748444,0.001763616,0.001565,0.001536,8.577881e-06,0,0,1.524e-23,1.178e-24,0
step128,128,MLP_IN,u,hidden,4096,spike,3145728,0.0004521124,0.0004486192,0.001360957,0.001031875,0.001096276,0.001771327,0.001866622,0.001565,0.001558,2.48374e-05,0,0,1.524e-23,8.299e-24,0
step128,128,MLP_IN,u,hidden,4096,32-64,3145728,0.0004312349,0.0004259816,0.001078733,0.0007873182,0.0008498505,0.001754525,0.001837213,0.001565,0.001558,2.276752e-05,0,0,1.524e-23,8.299e-24,0
step128,128,MLP_IN,u,hidden,4096,64-128,6291456,0.0002627428,0.000280124,0.0006563187,0.0006062844,0.0006701935,0.001767345,0.001832662,0.001565,0.001558,2.415448e-05,0,0,1.524e-23,8.299e-24,0
step128,128,MLP_IN,u,hidden,4096,128-256,1.258291e+07,0.0001967872,0.0001636277,0.0004960696,0.0003856668,0.0004497463,0.001766564,0.001808852,0.001565,0.001558,9.383007e-06,0,0,1.524e-23,8.299e-24,0
step128,128,MLP_IN,u,hidden,4096,256-512,2.516582e+07,0.0001524885,0.000119082,0.0003829082,0.0002756778,0.0003407135,0.001765202,0.001793364,0.001565,0.001558,8.344927e-06,0,0,1.524e-23,8.299e-24,0
step128,128,MLP_IN,u,hidden,4096,512-1024,5.033165e+07,0.0001105343,0.000103828,0.0001217524,8.405085e-05,7.607548e-05,0.001765709,0.00177294,0.001565,0.001558,6.205931e-06,0,0,1.524e-23,8.299e-24,0
step128,128,MLP_IN,v,residual,1024,spike,786432,0.0006850939,0.000600905,0.001525879,0.001209192,0.00145171,0.001785569,0.001880282,0.001565,0.001536,3.743328e-05,0,0,1.524e-23,1.178e-24,0
step128,128,MLP_IN,v,residual,1024,32-64,786432,0.000742081,0.0007069258,0.00150528,0.001220447,0.001466008,0.001722972,0.001843516,0.001565,0.001536,4.129843e-05,0,0,1.524e-23,1.178e-24,0
step128,128,MLP_IN,v,residual,1024,64-128,1572864,0.0006421115,0.000615924,0.0008467356,0.0004803097,0.0007209119,0.001731891,0.001813271,0.001565,0.001536,2.795914e-05,0,0,1.524e-23,1.178e-24,0
step128,128,MLP_IN,v,residual,1024,128-256,3145728,0.0004551931,0.0003450568,0.0004709244,0.0004009544,0.0005198015,0.001742563,0.001786504,0.001565,0.001536,1.759572e-05,0,0,1.524e-23,1.178e-24,0
step128,128,MLP_IN,v,residual,1024,256-512,6291456,0.0003998644,0.0001998427,0.0003324827,0.0004453117,0.0002425841,0.001741382,0.001755478,0.001565,0.001536,1.008302e-05,0,0,1.524e-23,1.178e-24,0
step128,128,MLP_IN,v,residual,1024,512-1024,1.258291e+07,0.0003088849,0.0001294082,0.0003423532,0.0001814552,0.0003388569,0.001744295,0.001769257,0.001565,0.001536,1.188272e-05,0,0,1.524e-23,1.178e-24,0
step128,128,MLP_OUT,u,residual,1024,spike,786432,0.0008929502,0.0007581221,0.001926931,0.001436855,0.001680337,0.001759883,0.001891581,0.001565,0.001536,4.045168e-05,0,0,1.524e-23,1.178e-24,0
step128,128,MLP_OUT,u,residual,1024,32-64,786432,0.0007749285,0.0005958599,0.001725515,0.00113524,0.001341089,0.001734924,0.001847512,0.001565,0.001536,6.027166e-05,0,0,1.524e-23,1.178e-24,0
step128,128,MLP_OUT,u,residual,1024,64-128,1572864,0.0006599812,0.0005416851,0.000985082,0.0004898997,0.0007212654,0.001753053,0.001812381,0.001565,0.001536,1.723022e-05,0,0,1.524e-23,1.178e-24,0
step128,128,MLP_OUT,u,residual,1024,128-256,3145728,0.0004520304,0.0003197837,0.0006032308,0.0003806931,0.0005528141,0.001753653,0.001792708,0.001565,0.001536,8.81251e-06,0,0,1.524e-23,1.178e-24,0
step128,128,MLP_OUT,u,residual,1024,256-512,6291456,0.0004073036,0.0003075186,0.0004165014,0.0004220817,0.0002543634,0.001745496,0.001744461,0.001565,0.001536,1.09381e-05,0,0,1.524e-23,1.178e-24,0
step128,128,MLP_OUT,u,residual,1024,512-1024,1.258291e+07,0.0003404981,0.0001837799,0.0003046672,0.000228959,0.0002710979,0.001743412,0.001768625,0.001565,0.001536,3.146336e-06,0,0,1.524e-23,1.178e-24,0
step128,128,MLP_OUT,v,hidden,4096,spike,3145728,0.000446479,0.0004359718,0.001087252,0.0009537849,0.001016284,0.001769602,0.001867621,0.001565,0.001558,1.446908e-05,0,0,1.524e-23,8.299e-24,0
step128,128,MLP_OUT,v,hidden,4096,32-64,3145728,0.0003967326,0.000404865,0.0009874344,0.0009028277,0.0009690054,0.001761882,0.001855632,0.001565,0.001558,1.501859e-05,0,0,1.524e-23,8.299e-24,0
step128,128,MLP_OUT,v,hidden,4096,64-128,6291456,0.0002971186,0.0002899385,0.0007983843,0.000672028,0.0007356704,0.001773276,0.001833975,0.001565,0.001558,1.321153e-05,0,0,1.524e-23,8.299e-24,0
step128,128,MLP_OUT,v,hidden,4096,128-256,1.258291e+07,0.0001379785,0.0001032365,0.0005005201,0.0004039787,0.0004658702,0.001776666,0.001816552,0.001565,0.001558,9.665229e-06,0,0,1.524e-23,8.299e-24,0
step128,128,MLP_OUT,v,hidden,4096,256-512,2.516582e+07,0.0001307939,0.0001214731,0.0002867063,0.0001997116,0.0002639357,0.00176638,0.001788273,0.001565,0.001558,3.859324e-06,0,0,1.524e-23,8.299e-24,0
step128,128,MLP_OUT,v,hidden,4096,512-1024,5.033165e+07,0.0001177447,8.705322e-05,0.0001488527,9.530734e-05,0.0001103701,0.001768495,0.001771777,0.001565,0.001558,3.612259e-06,0,0,1.524e-23,8.299e-24,0
step256,256,Q,u,head,1024,spike,786432,0.0007565997,0.0006870894,0.002105459,0.00186562,0.002110248,0.001799992,0.001952689,0.001565,0.001536,5.733913e-05,0,0,1.524e-23,1.178e-24,0
step256,256,Q,u,head,1024,32-64,786432,0.0009037881,0.0008447914,0.001807404,0.001355,0.001603066,0.00173289,0.001892235,0.001565,0.001536,6.795137e-05,0,0,1.524e-23,1.178e-24,0
step256,256,Q,u,head,1024,64-128,1572864,0.0006422283,0.0005224254,0.001288986,0.0008494918,0.001075807,0.001758357,0.00181516,0.001565,0.001536,3.793351e-05,0,0,1.524e-23,1.178e-24,0
step256,256,Q,u,head,1024,128-256,3145728,0.0005750795,0.0004961312,0.000726827,0.0002913519,0.0004294018,0.001753389,0.001772372,0.001565,0.001536,1.119832e-05,0,0,1.524e-23,1.178e-24,0
step256,256,Q,u,head,1024,256-512,6291456,0.0002833995,0.0003072374,0.0003136953,0.0003790129,0.0002169482,0.001762204,0.001738412,0.001565,0.001536,5.217722e-06,0,0,1.524e-23,1.178e-24,0
step256,256,Q,u,head,1024,512-1024,1.258291e+07,0.0004026225,0.0001868423,0.0003916423,0.0001961371,0.0002635783,0.001736473,0.001759393,0.001565,0.001536,8.471124e-06,0,0,1.524e-23,1.178e-24,0
step256,256,Q,v,residual,1024,spike,786432,0.001099655,0.0008881558,0.002250417,0.001395554,0.001620293,0.001728712,0.001915559,0.001565,0.001536,2.286171e-05,0,0,1.524e-23,1.178e-24,0
step256,256,Q,v,residual,1024,32-64,786432,0.0007834083,0.0008819999,0.001543935,0.001377426,0.00163739,0.001776886,0.001909129,0.001565,0.001536,3.059139e-05,0,0,1.524e-23,1.178e-24,0
step256,256,Q,v,residual,1024,64-128,1572864,0.0004513945,0.0004872162,0.001073583,0.0007266817,0.0009730305,0.001734942,0.00183278,0.001565,0.001536,2.893859e-05,0,0,1.524e-23,1.178e-24,0
step256,256,Q,v,residual,1024,128-256,3145728,0.0004641221,0.0003750262,0.0005554199,0.0003749688,0.0003981835,0.001738603,0.001771364,0.001565,0.001536,1.497624e-05,0,0,1.524e-23,1.178e-24,0
step256,256,Q,v,residual,1024,256-512,6291456,0.0003372674,0.0002753328,0.0003847122,0.0003486726,0.000210974,0.001756754,0.001747408,0.001565,0.001536,1.754537e-05,0,0,1.524e-23,1.178e-24,0
step256,256,Q,v,residual,1024,512-1024,1.258291e+07,0.0003898542,0.0001839971,0.0003307184,0.0001873002,0.0003012864,0.001742933,0.001759756,0.001565,0.001536,3.926305e-06,0,0,1.524e-23,1.178e-24,0
step256,256,K,u,head,1024,spike,786432,0.0006916487,0.0008494726,0.002143606,0.00214152,0.002384315,0.001786332,0.00193714,0.001565,0.001536,3.104006e-05,0,0,1.524e-23,1.178e-24,0
step256,256,K,u,head,1024,32-64,786432,0.0008327447,0.0007040651,0.001957957,0.001406668,0.001637805,0.001732054,0.001880646,0.001565,0.001536,4.348438e-05,0,0,1.524e-23,1.178e-24,0
step256,256,K,u,head,1024,64-128,1572864,0.0008432618,0.0007131481,0.001243337,0.0006475697,0.0008706468,0.00174497,0.001827222,0.001565,0.001536,2.242112e-05,0,0,1.524e-23,1.178e-24,0
step256,256,K,u,head,1024,128-256,3145728,0.0005011768,0.0003584138,0.0006145477,0.0003684831,0.0004549011,0.001744098,0.001788403,0.001565,0.001536,2.439426e-05,0,0,1.524e-23,1.178e-24,0
step256,256,K,u,head,1024,256-512,6291456,0.0004116805,0.0002593852,0.000398159,0.000314731,0.0003438396,0.001738703,0.00175006,0.001565,0.001536,1.661977e-05,0,0,1.524e-23,1.178e-24,0
step256,256,K,u,head,1024,512-1024,1.258291e+07,0.0003546628,0.0001662709,0.0003782749,0.0001815715,0.0002945136,0.001747433,0.001763357,0.001565,0.001536,8.687981e-06,0,0,1.524e-23,1.178e-24,0
step256,256,K,v,residual,1024,spike,786432,0.000728227,0.0007369878,0.001839701,0.00151114,0.001724653,0.001756904,0.001927003,0.001565,0.001536,3.483994e-05,0,0,1.524e-23,1.178e-24,0
step256,256,K,v,residual,1024,32-64,786432,0.0007538756,0.0006821778,0.001911926,0.001497635,0.001741343,0.001732744,0.001863534,0.001565,0.001536,2.063549e-05,0,0,1.524e-23,1.178e-24,0
step256,256,K,v,residual,1024,64-128,1572864,0.000473738,0.0004771982,0.0009653727,0.0006964169,0.0009220624,0.001760483,0.001843916,0.001565,0.001536,9.909417e-06,0,0,1.524e-23,1.178e-24,0
step256,256,K,v,residual,1024,128-256,3145728,0.0003778538,0.0002731912,0.0004622777,0.0002574093,0.0003993695,0.001749329,0.001771736,0.001565,0.001536,1.80429e-05,0,0,1.524e-23,1.178e-24,0
step256,256,K,v,residual,1024,256-512,6291456,0.0003713921,0.0001985481,0.0002991994,0.000380591,0.0002149073,0.00175205,0.001757831,0.001565,0.001536,1.223265e-05,0,0,1.524e-23,1.178e-24,0
step256,256,K,v,residual,1024,512-1024,1.258291e+07,0.0003219631,0.0001677968,0.000256745,0.0002579134,0.000255627,0.001742038,0.001761979,0.001565,0.001536,9.620704e-06,0,0,1.524e-23,1.178e-24,0
step256,256,V,u,head,1024,spike,786432,0.0008610532,0.0007971796,0.001993561,0.001589855,0.001854688,0.001753344,0.001966713,0.001565,0.001536,2.381495e-05,0,0,1.524e-23,1.178e-24,0
step256,256,V,u,head,1024,32-64,786432,0.0009580506,0.0008931044,0.0018514,0.001555272,0.001792738,0.001758248,0.001913016,0.001565,0.001536,2.575538e-05,0,0,1.524e-23,1.178e-24,0
step256,256,V,u,head,1024,64-128,1572864,0.0005802917,0.0004679075,0.0009844462,0.0006802376,0.0008920367,0.001753308,0.001840664,0.001565,0.001536,3.048411e-05,0,0,1.524e-23,1.178e-24,0
step256,256,V,u,head,1024,128-256,3145728,0.000342892,0.0003011625,0.0004756927,0.0003422393,0.0005351523,0.001741673,0.001784633,0.001565,0.001536,2.845596e-05,0,0,1.524e-23,1.178e-24,0
step256,256,V,u,head,1024,256-512,6291456,0.0003866318,0.0002186977,0.0003471375,0.0004278491,0.000253949,0.001738957,0.001744942,0.001565,0.001536,1.198977e-05,0,0,1.524e-23,1.178e-24,0
step256,256,V,u,head,1024,512-1024,1.258291e+07,0.0003288261,0.0001860494,0.0003095627,0.0002575266,0.0002362386,0.001741723,0.001765907,0.001565,0.001536,1.324135e-05,0,0,1.524e-23,1.178e-24,0
step256,256,V,v,residual,1024,spike,786432,0.0006889507,0.0009061902,0.001614126,0.001704263,0.001958961,0.001778339,0.001967875,0.001565,0.001536,5.312022e-05,0,0,1.524e-23,1.178e-24,0
step256,256,V,v,residual,1024,32-64,786432,0.0008105556,0.000731462,0.001677195,0.001311301,0.001506554,0.001741064,0.001872617,0.001565,0.001536,4.625817e-05,0,0,1.524e-23,1.178e-24,0
step256,256,V,v,residual,1024,64-128,1572864,0.000559146,0.0004497793,0.0009552002,0.0006258982,0.0008304435,0.001752109,0.001824915,0.001565,0.001536,1.747092e-05,0,0,1.524e-23,1.178e-24,0
step256,256,V,v,residual,1024,128-256,3145728,0.000409787,0.0004254544,0.000473086,0.0002382068,0.000391034,0.00175823,0.001784415,0.001565,0.001536,1.107374e-05,0,0,1.524e-23,1.178e-24,0
step256,256,V,v,residual,1024,256-512,6291456,0.0003457434,0.0002602319,0.0003316879,0.0003747145,0.0002217519,0.00174333,0.001756318,0.001565,0.001536,7.082301e-06,0,0,1.524e-23,1.178e-24,0
step256,256,V,v,residual,1024,512-1024,1.258291e+07,0.000315149,0.0001741992,0.0002976259,0.0002149375,0.0002662372,0.001745029,0.001764341,0.001565,0.001536,1.193102e-05,0,0,1.524e-23,1.178e-24,0
step256,256,O,u,residual,1024,spike,786432,0.0009702448,0.0007549874,0.002308146,0.001491732,0.001713502,0.001739611,0.0018906,0.001565,0.001536,2.09679e-05,0,0,1.524e-23,1.178e-24,0
step256,256,O,u,residual,1024,32-64,786432,0.0009565366,0.0007999744,0.001956685,0.001376504,0.001584595,0.001733507,0.001865968,0.001565,0.001536,4.910141e-05,0,0,1.524e-23,1.178e-24,0
step256,256,O,u,residual,1024,64-128,1572864,0.0006776672,0.0005544002,0.001074727,0.000704503,0.0009510248,0.00175447,0.001835632,0.001565,0.001536,2.98656e-05,0,0,1.524e-23,1.178e-24,0
step256,256,O,u,residual,1024,128-256,3145728,0.000511187,0.0003863917,0.0007196426,0.000381757,0.0005236309,0.001758703,0.001778294,0.001565,0.001536,2.160109e-05,0,0,1.524e-23,1.178e-24,0
step256,256,O,u,residual,1024,256-512,6291456,0.0004134417,0.0002543189,0.000313282,0.0003313661,0.0002616373,0.001748857,0.00175625,0.001565,0.001536,1.568373e-05,0,0,1.524e-23,1.178e-24,0
step256,256,O,u,residual,1024,512-1024,1.258291e+07,0.0003048681,0.0002002857,0.0002805233,0.0002061511,0.0002146013,0.001743902,0.001769413,0.001565,0.001536,1.136183e-05,0,0,1.524e-23,1.178e-24,0
step256,256,O,v,head,1024,spike,786432,0.001074174,0.001300138,0.00161438,0.001916986,0.002180794,0.001863461,0.001973434,0.001565,0.001536,3.966526e-05,0,0,1.524e-23,1.178e-24,0
step256,256,O,v,head,1024,32-64,786432,0.001004633,0.001037507,0.001413727,0.001286174,0.001542572,0.001792544,0.001896086,0.001565,0.001536,6.150572e-05,0,0,1.524e-23,1.178e-24,0
step256,256,O,v,head,1024,64-128,1572864,0.0006687121,0.0005838515,0.001297251,0.0009076362,0.001166318,0.001720319,0.001817631,0.001565,0.001536,6.219899e-06,0,0,1.524e-23,1.178e-24,0
step256,256,O,v,head,1024,128-256,3145728,0.0004464304,0.0003333921,0.0005354563,0.0004026687,0.0004583884,0.001727186,0.001759538,0.001565,0.001536,1.469874e-05,0,0,1.524e-23,1.178e-24,0
step256,256,O,v,head,1024,256-512,6291456,0.0003675436,0.000258398,0.0003302892,0.0004110948,0.0002481702,0.001745873,0.001747635,0.001565,0.001536,1.612571e-05,0,0,1.524e-23,1.178e-24,0
step256,256,O,v,head,1024,512-1024,1.258291e+07,0.0003239361,0.0001656261,0.0002625148,0.0002322964,0.0002546562,0.001747374,0.001768678,0.001565,0.001536,7.346842e-06,0,0,1.524e-23,1.178e-24,0
step256,256,MLP_IN,u,hidden,4096,spike,3145728,0.0004003964,0.0004100443,0.001230303,0.001066931,0.001132464,0.001769911,0.001873852,0.001565,0.001558,2.516819e-05,0,0,1.524e-23,8.299e-24,0
step256,256,MLP_IN,u,hidden,4096,32-64,3145728,0.0004189785,0.0004291386,0.0009019852,0.0007996372,0.0008632046,0.001764297,0.001846613,0.001565,0.001558,2.792817e-05,0,0,1.524e-23,8.299e-24,0
step256,256,MLP_IN,u,hidden,4096,64-128,6291456,0.0003170767,0.0003070848,0.0008152644,0.0006309842,0.0006918955,0.001769615,0.001833925,0.001565,0.001558,1.795203e-05,0,0,1.524e-23,8.299e-24,0
step256,256,MLP_IN,u,hidden,4096,128-256,1.258291e+07,0.0002146195,0.000184278,0.0005161444,0.0003868095,0.0004471833,0.001764954,0.00181232,0.001565,0.001558,6.292569e-06,0,0,1.524e-23,8.299e-24,0
step256,256,MLP_IN,u,hidden,4096,256-512,2.516582e+07,0.0001206161,9.928625e-05,0.0003207286,0.0002577684,0.0003203156,0.001763946,0.001789451,0.001565,0.001558,9.764238e-06,0,0,1.524e-23,8.299e-24,0
step256,256,MLP_IN,u,hidden,4096,512-1024,5.033165e+07,0.0001151054,8.444266e-05,0.0001393398,0.0001119896,9.528669e-05,0.001767864,0.001768716,0.001565,0.001558,6.80963e-06,0,0,1.524e-23,8.299e-24,0
step256,256,MLP_IN,v,residual,1024,spike,786432,0.0005157049,0.0005803211,0.001337179,0.001258695,0.001506344,0.001770455,0.001899865,0.001565,0.001536,3.959427e-05,0,0,1.524e-23,1.178e-24,0
step256,256,MLP_IN,v,residual,1024,32-64,786432,0.0006734068,0.0006173196,0.001381683,0.001221259,0.001343946,0.001729075,0.001840937,0.001565,0.001536,3.839391e-05,0,0,1.524e-23,1.178e-24,0
step256,256,MLP_IN,v,residual,1024,64-128,1572864,0.0005088745,0.0005391029,0.0007686615,0.0004996299,0.000742825,0.001728784,0.001799266,0.001565,0.001536,1.290578e-05,0,0,1.524e-23,1.178e-24,0
step256,256,MLP_IN,v,residual,1024,128-256,3145728,0.0005166514,0.0004287129,0.0006403605,0.0003685145,0.0004057326,0.001737758,0.001776032,0.001565,0.001536,2.986807e-05,0,0,1.524e-23,1.178e-24,0
step256,256,MLP_IN,v,residual,1024,256-512,6291456,0.0004616034,0.0002255687,0.0003886859,0.0003085812,0.0002828676,0.001734207,0.001757436,0.001565,0.001536,1.449382e-05,0,0,1.524e-23,1.178e-24,0
step256,256,MLP_IN,v,residual,1024,512-1024,1.258291e+07,0.0003557074,0.0001751502,0.0003408114,0.0001656101,0.0003021773,0.001738439,0.001770247,0.001565,0.001536,7.165852e-06,0,0,1.524e-23,1.178e-24,0
step256,256,MLP_OUT,u,residual,1024,spike,786432,0.001535984,0.001293381,0.002504985,0.001212187,0.001457753,0.001733653,0.001889074,0.001565,0.001536,1.73149e-05,0,0,1.524e-23,1.178e-24,0
step256,256,MLP_OUT,u,residual,1024,32-64,786432,0.0007190395,0.0007065194,0.001409912,0.0009820109,0.001191534,0.001728457,0.001842244,0.001565,0.001536,3.863334e-05,0,0,1.524e-23,1.178e-24,0
step256,256,MLP_OUT,u,residual,1024,64-128,1572864,0.0004735273,0.000460932,0.0009901683,0.0006676169,0.0008889606,0.001740265,0.001809202,0.001565,0.001536,2.630311e-05,0,0,1.524e-23,1.178e-24,0
step256,256,MLP_OUT,u,residual,1024,128-256,3145728,0.0004698113,0.0003189386,0.0006251653,0.0004035317,0.0004978805,0.001747004,0.001777649,0.001565,0.001536,1.705717e-05,0,0,1.524e-23,1.178e-24,0
step256,256,MLP_OUT,u,residual,1024,256-512,6291456,0.0004173346,0.0001858702,0.0003507296,0.0004000822,0.0002861641,0.001732177,0.001736813,0.001565,0.001536,1.723403e-05,0,0,1.524e-23,1.178e-24,0
step256,256,MLP_OUT,u,residual,1024,512-1024,1.258291e+07,0.0003018363,0.0001270099,0.0003031095,0.0002203091,0.0003025518,0.001746203,0.001766159,0.001565,0.001536,4.896743e-06,0,0,1.524e-23,1.178e-24,0
step256,256,MLP_OUT,v,hidden,4096,spike,3145728,0.0003967839,0.0003598107,0.001372973,0.001090574,0.001149229,0.001775133,0.001864061,0.001565,0.001558,1.292389e-05,0,0,1.524e-23,8.299e-24,0
step256,256,MLP_OUT,v,hidden,4096,32-64,3145728,0.0004224632,0.0004178129,0.001055082,0.0009051022,0.0009636834,0.001769856,0.001874306,0.001565,0.001558,1.938741e-05,0,0,1.524e-23,8.299e-24,0
step256,256,MLP_OUT,v,hidden,4096,64-128,6291456,0.0002677539,0.0002738065,0.0007649104,0.0007477995,0.0008145008,0.00177373,0.001834842,0.001565,0.001558,1.12171e-05,0,0,1.524e-23,8.299e-24,0
step256,256,MLP_OUT,v,hidden,4096,128-256,1.258291e+07,0.0001699864,0.0001897235,0.0005125841,0.0004971002,0.0005593774,0.001770226,0.001812517,0.001565,0.001558,1.056463e-05,0,0,1.524e-23,8.299e-24,0
step256,256,MLP_OUT,v,hidden,4096,256-512,2.516582e+07,9.555557e-05,9.953614e-05,0.0002943357,0.0002248104,0.0002840329,0.001770717,0.00178874,0.001565,0.001558,7.253243e-06,0,0,1.524e-23,8.299e-24,0
step256,256,MLP_OUT,v,hidden,4096,512-1024,5.033165e+07,0.0001138196,0.0001017005,0.0001766046,7.264606e-05,0.0001276187,0.001765669,0.00177389,0.001565,0.001558,4.498597e-06,0,0,1.524e-23,8.299e-24,0
step512,512,Q,u,head,1024,spike,786432,0.003870766,0.004129712,0.002218374,0.002045577,0.002307636,0.002330017,0.002037666,0.001565,0.001536,7.350089e-05,0,0,1.524e-23,1.178e-24,0
step512,512,Q,u,head,1024,32-64,786432,0.0008156346,0.0007252615,0.002135722,0.001797385,0.002048824,0.001738448,0.001933943,0.001565,0.001536,2.585448e-05,0,0,1.524e-23,1.178e-24,0
step512,512,Q,u,head,1024,64-128,1572864,0.0006405714,0.0006026176,0.001293437,0.001056102,0.001319368,0.001723408,0.001860137,0.001565,0.001536,2.580896e-05,0,0,1.524e-23,1.178e-24,0
step512,512,Q,u,head,1024,128-256,3145728,0.0005147076,0.0004655822,0.0007745743,0.0004070041,0.0005030223,0.001747013,0.001796159,0.001565,0.001536,1.726612e-05,0,0,1.524e-23,1.178e-24,0
step512,512,Q,u,head,1024,256-512,6291456,0.0003742619,0.0001826177,0.0003822327,0.0003873323,0.0003013228,0.001748008,0.001749307,0.001565,0.001536,1.04024e-05,0,0,1.524e-23,1.178e-24,0
step512,512,Q,u,head,1024,512-1024,1.258291e+07,0.0003803451,0.0001887514,0.0004113515,0.0002151042,0.0003392869,0.001745437,0.001770328,0.001565,0.001536,7.194632e-06,0,0,1.524e-23,1.178e-24,0
step512,512,Q,v,residual,1024,spike,786432,0.003567756,0.003306054,0.005048625,0.001699602,0.001930333,0.001636142,0.001945278,0.001565,0.001536,1.882885e-05,0,0,1.524e-23,1.178e-24,0
step512,512,Q,v,residual,1024,32-64,786432,0.0006807211,0.0007147408,0.001740519,0.001505899,0.001758914,0.001752726,0.00190357,0.001565,0.001536,2.49755e-05,0,0,1.524e-23,1.178e-24,0
step512,512,Q,v,residual,1024,64-128,1572864,0.0006111895,0.0005435849,0.001106517,0.0006582998,0.0008566054,0.001734252,0.001821409,0.001565,0.001536,1.233638e-05,0,0,1.524e-23,1.178e-24,0
step512,512,Q,v,residual,1024,128-256,3145728,0.0005201706,0.0003698428,0.0005991618,0.000362467,0.0003925312,0.001741773,0.001775224,0.001565,0.001536,1.465456e-05,0,0,1.524e-23,1.178e-24,0
step512,512,Q,v,residual,1024,256-512,6291456,0.0003357222,0.000227033,0.0002745628,0.000389925,0.0002346531,0.001758498,0.00174784,0.001565,0.001536,1.536779e-05,0,0,1.524e-23,1.178e-24,0
step512,512,Q,v,residual,1024,512-1024,1.258291e+07,0.0003262836,0.0001906394,0.0003066063,0.0002487583,0.0002049952,0.001746729,0.001757474,0.001565,0.001536,1.370937e-05,0,0,1.524e-23,1.178e-24,0
step512,512,K,u,head,1024,spike,786432,0.002860797,0.003121096,0.001447805,0.001979087,0.002233817,0.002129945,0.001988838,0.001565,0.001536,5.976505e-05,0,0,1.524e-23,1.178e-24,0
step512,512,K,u,head,1024,32-64,786432,0.0006966075,0.0006433178,0.001947021,0.001493403,0.001739972,0.00174804,0.001929801,0.001565,0.001536,3.528241e-05,0,0,1.524e-23,1.178e-24,0
step512,512,K,u,head,1024,64-128,1572864,0.0005133993,0.0003237917,0.001320012,0.000922453,0.001140377,0.001728893,0.001852835,0.001565,0.001536,2.483405e-05,0,0,1.524e-23,1.178e-24,0
step512,512,K,u,head,1024,128-256,3145728,0.0006154215,0.0003925851,0.000822258,0.000486879,0.0005581554,0.001737331,0.001776323,0.001565,0.001536,3.278605e-05,0,0,1.524e-23,1.178e-24,0
step512,512,K,u,head,1024,256-512,6291456,0.0003540237,0.0002148908,0.0002787272,0.0003373936,0.0002151346,0.001745351,0.001754829,0.001565,0.001536,1.172594e-05,0,0,1.524e-23,1.178e-24,0
step512,512,K,u,head,1024,512-1024,1.258291e+07,0.0002466926,0.0001608056,0.0002625306,0.0001788584,0.0002961465,0.001740562,0.00177108,0.001565,0.001536,5.311391e-06,0,0,1.524e-23,1.178e-24,0
step512,512,K,v,residual,1024,spike,786432,0.001794485,0.001545314,0.00326945,0.001622178,0.001873572,0.001678939,0.001979247,0.001565,0.001536,2.521684e-05,0,0,1.524e-23,1.178e-24,0
step512,512,K,v,residual,1024,32-64,786432,0.0008161797,0.0006294498,0.00195694,0.001439872,0.001692426,0.00174913,0.001881554,0.001565,0.001536,5.788454e-05,0,0,1.524e-23,1.178e-24,0
step512,512,K,v,residual,1024,64-128,1572864,0.0005414691,0.0004275704,0.0009089152,0.0005638352,0.0007864305,0.001729293,0.001818993,0.001565,0.001536,1.016027e-05,0,0,1.524e-23,1.178e-24,0
step512,512,K,v,residual,1024,128-256,3145728,0.000618033,0.0004110197,0.0007239024,0.0002372231,0.0004387181,0.001743171,0.001779266,0.001565,0.001536,1.732374e-05,0,0,1.524e-23,1.178e-24,0
step512,512,K,v,residual,1024,256-512,6291456,0.0004853535,0.000243318,0.0004055977,0.0002716879,0.0002680561,0.001734847,0.001753671,0.001565,0.001536,8.711973e-06,0,0,1.524e-23,1.178e-24,0
step512,512,K,v,residual,1024,512-1024,1.258291e+07,0.0003114627,0.0001639612,0.0003792445,0.0001935122,0.0003476203,0.001749359,0.00176754,0.001565,0.001536,4.92883e-06,0,0,1.524e-23,1.178e-24,0
step512,512,V,u,head,1024,spike,786432,0.0008010549,0.0008109302,0.002309418,0.001938141,0.002189488,0.001723662,0.001932526,0.001565,0.001536,1.126639e-05,0,0,1.524e-23,1.178e-24,0
step512,512,V,u,head,1024,32-64,786432,0.0008232916,0.0007200388,0.00186615,0.001235512,0.001492927,0.001757558,0.001882135,0.001565,0.001536,2.979058e-05,0,0,1.524e-23,1.178e-24,0
step512,512,V,u,head,1024,64-128,1572864,0.0007142093,0.000592158,0.0009876251,0.0006288113,0.0008071908,0.001760083,0.001799538,0.001565,0.001536,3.782309e-05,0,0,1.524e-23,1.178e-24,0
step512,512,V,u,head,1024,128-256,3145728,0.0004798478,0.0003125257,0.0005578359,0.0003548443,0.0004404322,0.001744979,0.001771954,0.001565,0.001536,3.26906e-05,0,0,1.524e-23,1.178e-24,0
step512,512,V,u,head,1024,256-512,6291456,0.0004537137,0.0002758775,0.0002651532,0.000411248,0.0002384331,0.001740683,0.001733921,0.001565,0.001536,1.757658e-05,0,0,1.524e-23,1.178e-24,0
step512,512,V,u,head,1024,512-1024,1.258291e+07,0.0002740598,0.0001843362,0.0002172152,0.0001786991,0.0002663506,0.001746078,0.001772043,0.001565,0.001536,5.98677e-06,0,0,1.524e-23,1.178e-24,0
step512,512,V,v,residual,1024,spike,786432,0.000837354,0.0007971372,0.001875305,0.001457209,0.001711038,0.001735651,0.00195803,0.001565,0.001536,5.173413e-05,0,0,1.524e-23,1.178e-24,0
step512,512,V,v,residual,1024,32-64,786432,0.0008147709,0.0006390405,0.001691437,0.001049658,0.001305841,0.001757195,0.001863643,0.001565,0.001536,3.330474e-05,0,0,1.524e-23,1.178e-24,0
step512,512,V,v,residual,1024,64-128,1572864,0.0007550343,0.0005467354,0.001213328,0.000604342,0.0008400649,0.001745878,0.001815923,0.001565,0.001536,1.700431e-05,0,0,1.524e-23,1.178e-24,0
step512,512,V,v,residual,1024,128-256,3145728,0.0004010728,0.000400544,0.0005145391,0.0004067852,0.0003831553,0.001743744,0.001757349,0.001565,0.001536,2.093618e-05,0,0,1.524e-23,1.178e-24,0
step512,512,V,v,residual,1024,256-512,6291456,0.0003729218,0.0002447112,0.0003726641,0.0004275242,0.0002850114,0.001748221,0.001735537,0.001565,0.001536,1.263852e-05,0,0,1.524e-23,1.178e-24,0
step512,512,V,v,residual,1024,512-1024,1.258291e+07,0.0003345572,0.0001309145,0.0002936204,0.0002208656,0.0002570888,0.001735846,0.001761432,0.001565,0.001536,1.101251e-05,0,0,1.524e-23,1.178e-24,0
step512,512,O,u,residual,1024,spike,786432,0.00113621,0.000983668,0.003068542,0.002126934,0.002383106,0.001689003,0.002001299,0.001565,0.001536,5.405231e-05,0,0,1.524e-23,1.178e-24,0
step512,512,O,u,residual,1024,32-64,786432,0.0006149746,0.0006258585,0.001639811,0.001505114,0.001770884,0.001779356,0.001914033,0.001565,0.001536,3.285135e-05,0,0,1.524e-23,1.178e-24,0
step512,512,O,u,residual,1024,64-128,1572864,0.0005092969,0.0004901315,0.001326497,0.0009934611,0.001253242,0.00175407,0.001850818,0.001565,0.001536,3.360006e-05,0,0,1.524e-23,1.178e-24,0
step512,512,O,u,residual,1024,128-256,3145728,0.000458517,0.0004657787,0.0005225499,0.0002624395,0.0004303366,0.001741863,0.001769366,0.001565,0.001536,2.394899e-05,0,0,1.524e-23,1.178e-24,0
step512,512,O,u,residual,1024,256-512,6291456,0.0003459897,0.0002294631,0.0003867149,0.000397051,0.0002806809,0.001749434,0.00174838,0.001565,0.001536,1.268018e-05,0,0,1.524e-23,1.178e-24,0
step512,512,O,u,residual,1024,512-1024,1.258291e+07,0.0003284567,0.0001659606,0.0003160318,0.0001936329,0.000266536,0.001749665,0.001766922,0.001565,0.001536,1.085043e-05,0,0,1.524e-23,1.178e-24,0
step512,512,O,v,head,1024,spike,786432,0.01713254,0.01739687,0.00994339,0.007798727,0.008065655,0.003699748,0.0027573,0.001565,0.001536,0.0001803488,2.906436e-07,1.017253e-05,1.524e-23,1.178e-24,6.498988e-07
step512,512,O,v,head,1024,32-64,786432,0.001067186,0.001280557,0.003568014,0.004144382,0.004405152,0.001837739,0.002257574,0.001565,0.001536,6.103535e-05,0,0,1.524e-23,1.178e-24,0
step512,512,O,v,head,1024,64-128,1572864,0.0004471445,0.0004639657,0.002164968,0.001957659,0.002213748,0.001770401,0.002013561,0.001565,0.001536,3.904427e-05,0,0,1.524e-23,1.178e-24,0
step512,512,O,v,head,1024,128-256,3145728,0.0004598199,0.0004077011,0.001022085,0.0006806699,0.0009110282,0.001758648,0.001839601,0.001565,0.001536,1.338752e-05,0,0,1.524e-23,1.178e-24,0
step512,512,O,v,head,1024,256-512,6291456,0.0003723662,0.0002525384,0.0003571192,0.0003667251,0.0002472613,0.001747427,0.001763053,0.001565,0.001536,7.425157e-06,0,0,1.524e-23,1.178e-24,0
step512,512,O,v,head,1024,512-1024,1.258291e+07,0.0001972361,0.0002678734,0.0004326661,0.0003466938,0.0005948989,0.001756166,0.001793845,0.001565,0.001536,4.222891e-06,0,0,1.524e-23,1.178e-24,0
step512,512,MLP_IN,u,hidden,4096,spike,3145728,0.0003514855,0.0003556204,0.001075045,0.0009290214,0.0009942589,0.001772626,0.001866949,0.001565,0.001558,2.349753e-05,0,0,1.524e-23,8.299e-24,0
step512,512,MLP_IN,u,hidden,4096,32-64,3145728,0.0003961014,0.0003750738,0.001029332,0.0007307347,0.000788243,0.001763471,0.001851481,0.001565,0.001558,9.401678e-06,0,0,1.524e-23,8.299e-24,0
step512,512,MLP_IN,u,hidden,4096,64-128,6291456,0.0002525747,0.000262472,0.000615406,0.0005915153,0.0006522756,0.001768248,0.001836482,0.001565,0.001558,2.382434e-05,0,0,1.524e-23,8.299e-24,0
step512,512,MLP_IN,u,hidden,4096,128-256,1.258291e+07,0.0002016154,0.0001831965,0.0004973253,0.0003981099,0.0004570113,0.00176724,0.001807247,0.001565,0.001558,9.549502e-06,0,0,1.524e-23,8.299e-24,0
step512,512,MLP_IN,u,hidden,4096,256-512,2.516582e+07,0.0001552367,0.0001571118,0.0003256083,0.0002747704,0.0003365002,0.001771661,0.001793274,0.001565,0.001558,4.396649e-06,0,0,1.524e-23,8.299e-24,0
step512,512,MLP_IN,u,hidden,4096,512-1024,5.033165e+07,9.41998e-05,9.877444e-05,0.0001677473,0.0001312649,9.28312e-05,0.001767713,0.001768206,0.001565,0.001558,4.772613e-06,0,0,1.524e-23,8.299e-24,0
step512,512,MLP_IN,v,residual,1024,spike,786432,0.0008278727,0.0007306468,0.001706187,0.001396433,0.001646576,0.001788984,0.001886604,0.001565,0.001536,1.900312e-05,0,0,1.524e-23,1.178e-24,0
step512,512,MLP_IN,v,residual,1024,32-64,786432,0.0008003791,0.0007164012,0.001421611,0.001002848,0.001220959,0.001710438,0.001852635,0.001565,0.001536,2.578246e-05,0,0,1.524e-23,1.178e-24,0
step512,512,MLP_IN,v,residual,1024,64-128,1572864,0.000619332,0.0005879853,0.0009255727,0.0006699508,0.0009024239,0.001747604,0.001810564,0.001565,0.001536,4.071895e-05,0,0,1.524e-23,1.178e-24,0
step512,512,MLP_IN,v,residual,1024,128-256,3145728,0.0005394485,0.0003043372,0.0005250931,0.0003192406,0.0003834588,0.001734189,0.001782699,0.001565,0.001536,2.696257e-05,0,0,1.524e-23,1.178e-24,0
step512,512,MLP_IN,v,residual,1024,256-512,6291456,0.0004104985,0.0002301702,0.0003471375,0.0004189797,0.0002482858,0.001742481,0.00175328,0.001565,0.001536,1.461631e-05,0,0,1.524e-23,1.178e-24,0
step512,512,MLP_IN,v,residual,1024,512-1024,1.258291e+07,0.0003279623,0.0001620066,0.0003338814,0.0002178159,0.0002567379,0.001749214,0.001763353,0.001565,0.001536,1.047756e-05,0,0,1.524e-23,1.178e-24,0
step512,512,MLP_OUT,u,residual,1024,spike,786432,0.002425863,0.002165057,0.004032389,0.001789017,0.002033814,0.00164893,0.001946259,0.001565,0.001536,4.126678e-05,0,0,1.524e-23,1.178e-24,0
step512,512,MLP_OUT,u,residual,1024,32-64,786432,0.0008413435,0.001008585,0.001095581,0.001087705,0.001347604,0.001771727,0.001900228,0.001565,0.001536,4.095455e-05,0,0,1.524e-23,1.178e-24,0
step512,512,MLP_OUT,u,residual,1024,64-128,1572864,0.0005511325,0.0005964309,0.0009700775,0.0007752984,0.001023355,0.001754161,0.001824279,0.001565,0.001536,1.606976e-05,0,0,1.524e-23,1.178e-24,0
step512,512,MLP_OUT,u,residual,1024,128-256,3145728,0.0004144331,0.0002830672,0.0005056381,0.0003293037,0.0004324429,0.0017419,0.001779338,0.001565,0.001536,1.667904e-05,0,0,1.524e-23,1.178e-24,0
step512,512,MLP_OUT,u,residual,1024,256-512,6291456,0.0003506847,0.0001958166,0.0002954801,0.0003944418,0.0002292022,0.001749902,0.001753748,0.001565,0.001536,1.268228e-05,0,0,1.524e-23,1.178e-24,0
step512,512,MLP_OUT,u,residual,1024,512-1024,1.258291e+07,0.0003125218,0.000215733,0.0004045328,0.0001907776,0.0003672317,0.001746012,0.001773589,0.001565,0.001536,1.161349e-05,0,0,1.524e-23,1.178e-24,0
step512,512,MLP_OUT,v,hidden,4096,spike,3145728,0.003233672,0.003299738,0.001874288,0.001627805,0.001692121,0.002193551,0.00195486,0.001565,0.001558,4.992962e-05,0,0,1.524e-23,8.299e-24,0
step512,512,MLP_OUT,v,hidden,4096,32-64,3145728,0.0008979043,0.0009637038,0.000769488,0.001405471,0.001470956,0.001857658,0.001921781,0.001565,0.001558,2.639002e-05,0,0,1.524e-23,8.299e-24,0
step512,512,MLP_OUT,v,hidden,4096,64-128,6291456,0.0004265504,0.0004893478,0.0007056554,0.0009962558,0.001060213,0.001810301,0.001881091,0.001565,0.001558,1.520583e-05,0,0,1.524e-23,8.299e-24,0
step512,512,MLP_OUT,v,hidden,4096,128-256,1.258291e+07,0.0001778908,0.0002378596,0.0006801764,0.0007612698,0.0008273261,0.001786075,0.001853818,0.001565,0.001558,7.660188e-06,0,0,1.524e-23,8.299e-24,0
step512,512,MLP_OUT,v,hidden,4096,256-512,2.516582e+07,0.0001334523,0.0001560099,0.0003653526,0.0003267074,0.0003884914,0.001776888,0.001809347,0.001565,0.001558,3.798688e-06,0,0,1.524e-23,8.299e-24,0
step512,512,MLP_OUT,v,hidden,4096,512-1024,5.033165e+07,0.0001009659,7.309126e-05,0.0001437108,8.410772e-05,0.000112109,0.001767928,0.001771625,0.001565,0.001558,1.442336e-06,0,0,1.524e-23,8.299e-24,0
step1000,1000,Q,u,head,1024,spike,786432,0.01694116,0.01720693,0.009273529,0.008003696,0.008268076,0.003934915,0.002898371,0.001565,0.001536,0.0003024499,0,2.579462e-06,1.524e-23,1.178e-24,0
step1000,1000,Q,u,head,1024,32-64,786432,0.0006279997,0.0008191214,0.004550425,0.004614302,0.004871762,0.00178942,0.002354649,0.001565,0.001536,1.918535e-05,0,0,1.524e-23,1.178e-24,0
step1000,1000,Q,u,head,1024,64-128,1572864,0.0005867109,0.0005545319,0.002991867,0.002758189,0.003010525,0.001765224,0.002058247,0.001565,0.001536,4.325419e-05,0,0,1.524e-23,1.178e-24,0
step1000,1000,Q,u,head,1024,128-256,3145728,0.0004372063,0.000417301,0.0009653727,0.000641618,0.0008960247,0.001748603,0.001832508,0.001565,0.001536,1.833436e-05,0,0,1.524e-23,1.178e-24,0
step1000,1000,Q,u,head,1024,256-512,6291456,0.0003894126,0.0002309138,0.0003002485,0.0003504046,0.0002601079,0.001742744,0.001763693,0.001565,0.001536,1.336184e-05,0,0,1.524e-23,1.178e-24,0
step1000,1000,Q,u,head,1024,512-1024,1.258291e+07,0.0002396382,0.000259118,0.0005991936,0.000486246,0.0007370011,0.001758201,0.001804904,0.001565,0.001536,8.553716e-06,0,0,1.524e-23,1.178e-24,0
step1000,1000,Q,v,residual,1024,spike,786432,0.004148282,0.003882468,0.005814616,0.001926753,0.002175287,0.001649148,0.001967258,0.001565,0.001536,4.512872e-05,0,0,1.524e-23,1.178e-24,0
step1000,1000,Q,v,residual,1024,32-64,786432,0.0009778721,0.0009247893,0.001498922,0.001133815,0.001365426,0.001756214,0.001887294,0.001565,0.001536,2.926039e-05,0,0,1.524e-23,1.178e-24,0
step1000,1000,Q,v,residual,1024,64-128,1572864,0.0004947572,0.0003395296,0.001034037,0.0007438028,0.000925913,0.001736214,0.001834433,0.001565,0.001536,4.066949e-05,0,0,1.524e-23,1.178e-24,0
step1000,1000,Q,v,residual,1024,128-256,3145728,0.0004465835,0.0003026286,0.0005666733,0.0003424384,0.0005006403,0.001758012,0.001788757,0.001565,0.001536,2.502261e-05,0,0,1.524e-23,1.178e-24,0
step1000,1000,Q,v,residual,1024,256-512,6291456,0.000534445,0.0003135593,0.000353241,0.0003633493,0.000190584,0.00174214,0.001747504,0.001565,0.001536,1.442802e-05,0,0,1.524e-23,1.178e-24,0
step1000,1000,Q,v,residual,1024,512-1024,1.258291e+07,0.0003661862,0.0002141058,0.0003691196,0.0001840544,0.0002803988,0.001746564,0.001766284,0.001565,0.001536,8.841479e-06,0,0,1.524e-23,1.178e-24,0
step1000,1000,K,u,head,1024,spike,786432,0.01177037,0.0120372,0.007449341,0.004817421,0.005078454,0.003203147,0.002392941,0.001565,0.001536,0.0002724609,1.126244e-06,4.250663e-06,1.524e-23,1.178e-24,8.936109e-07
step1000,1000,K,u,head,1024,32-64,786432,0.0005926722,0.0005178742,0.002831268,0.002601502,0.002846703,0.001753816,0.002066185,0.001565,0.001536,4.00753e-05,0,0,1.524e-23,1.178e-24,0
step1000,1000,K,u,head,1024,64-128,1572864,0.0007195892,0.0006254646,0.001825841,0.001585892,0.001851298,0.0017611,0.00194486,0.001565,0.001536,2.996948e-05,0,0,1.524e-23,1.178e-24,0
step1000,1000,K,u,head,1024,128-256,3145728,0.0005874465,0.0003577262,0.0008146286,0.0004757754,0.0006546074,0.001724107,0.001781718,0.001565,0.001536,2.568172e-05,0,0,1.524e-23,1.178e-24,0
step1000,1000,K,u,head,1024,256-512,6291456,0.000338373,0.0002210854,0.0003417651,0.0003507028,0.0002617746,0.001744384,0.001747104,0.001565,0.001536,1.633392e-05,0,0,1.524e-23,1.178e-24,0
step1000,1000,K,u,head,1024,512-1024,1.258291e+07,0.00032533,0.0002002385,0.0004517396,0.000241617,0.0004549784,0.001750864,0.001782978,0.001565,0.001536,9.234007e-06,0,0,1.524e-23,1.178e-24,0
step1000,1000,K,v,residual,1024,spike,786432,0.002528314,0.002284473,0.004145813,0.001817183,0.002052099,0.001627314,0.00195476,0.001565,0.001536,3.970974e-05,0,0,1.524e-23,1.178e-24,0
step1000,1000,K,v,residual,1024,32-64,786432,0.0008723423,0.0008098337,0.001845551,0.001361531,0.001610487,0.001738012,0.001910364,0.001565,0.001536,3.371066e-05,0,0,1.524e-23,1.178e-24,0
step1000,1000,K,v,residual,1024,64-128,1572864,0.0005542377,0.0004809884,0.001105881,0.0007464976,0.0009967375,0.001767676,0.001827767,0.001565,0.001536,2.491844e-05,0,0,1.524e-23,1.178e-24,0
step1000,1000,K,v,residual,1024,128-256,3145728,0.0004513599,0.0003077799,0.0005139669,0.0004006859,0.0004859065,0.001741972,0.001774597,0.001565,0.001536,7.715985e-06,0,0,1.524e-23,1.178e-24,0
step1000,1000,K,v,residual,1024,256-512,6291456,0.0003593654,0.0001505812,0.0003658613,0.0003973999,0.0003053893,0.001736246,0.001749806,0.001565,0.001536,2.128767e-05,0,0,1.524e-23,1.178e-24,0
step1000,1000,K,v,residual,1024,512-1024,1.258291e+07,0.0003188707,0.0002196287,0.0003057162,0.0001896645,0.0003113019,0.001753478,0.001763226,0.001565,0.001536,6.14561e-06,0,0,1.524e-23,1.178e-24,0
step1000,1000,V,u,head,1024,spike,786432,0.001160739,0.001405751,0.001436869,0.002123622,0.002380629,0.001928893,0.002019973,0.001565,0.001536,2.34425e-05,0,0,1.524e-23,1.178e-24,0
step1000,1000,V,u,head,1024,32-64,786432,0.0007355746,0.0008969408,0.001454163,0.001535476,0.001772059,0.001799411,0.001915051,0.001565,0.001536,2.841868e-05,0,0,1.524e-23,1.178e-24,0
step1000,1000,V,u,head,1024,64-128,1572864,0.0004565864,0.0005882093,0.0009529114,0.0008307143,0.001060208,0.001784915,0.001822063,0.001565,0.001536,1.481803e-05,0,0,1.524e-23,1.178e-24,0
step1000,1000,V,u,head,1024,128-256,3145728,0.0005955155,0.0004420245,0.0007005692,0.0003399499,0.0004484071,0.00175368,0.001794452,0.001565,0.001536,2.009512e-05,0,0,1.524e-23,1.178e-24,0
step1000,1000,V,u,head,1024,256-512,6291456,0.0002710996,0.000224637,0.0003534317,0.0003945506,0.0002406603,0.001756259,0.00175601,0.001565,0.001536,1.12299e-05,0,0,1.524e-23,1.178e-24,0
step1000,1000,V,u,head,1024,512-1024,1.258291e+07,0.0003027856,0.000165385,0.0003286521,0.0001833714,0.0003316319,0.001751087,0.001760726,0.001565,0.001536,1.55527e-05,0,0,1.524e-23,1.178e-24,0
step1000,1000,V,v,residual,1024,spike,786432,0.0007297979,0.0007356386,0.002041117,0.001719308,0.001981323,0.001777976,0.001936122,0.001565,0.001536,2.826616e-05,0,0,1.524e-23,1.178e-24,0
step1000,1000,V,v,residual,1024,32-64,786432,0.000633493,0.0006779458,0.001418813,0.001267008,0.001503129,0.001712109,0.00189347,0.001565,0.001536,2.381841e-05,0,0,1.524e-23,1.178e-24,0
step1000,1000,V,v,residual,1024,64-128,1572864,0.0006275593,0.0004795302,0.00102005,0.0006268425,0.0008572217,0.001754979,0.00181209,0.001565,0.001536,2.385536e-05,0,0,1.524e-23,1.178e-24,0
step1000,1000,V,v,residual,1024,128-256,3145728,0.0005485933,0.0004728486,0.0005842845,0.0003650895,0.0003948692,0.001745515,0.001773634,0.001565,0.001536,2.321195e-05,0,0,1.524e-23,1.178e-24,0
step1000,1000,V,v,residual,1024,256-512,6291456,0.0003879606,0.0002939746,0.0003758113,0.0004179822,0.000220406,0.00175338,0.001747563,0.001565,0.001536,1.80467e-05,0,0,1.524e-23,1.178e-24,0
step1000,1000,V,v,residual,1024,512-1024,1.258291e+07,0.0003411993,0.0001697616,0.0003743331,0.0001891468,0.0003221052,0.001742497,0.001773555,0.001565,0.001536,8.101378e-06,0,0,1.524e-23,1.178e-24,0
step1000,1000,O,u,residual,1024,spike,786432,0.001562618,0.001300346,0.005137126,0.003768524,0.004024923,0.001660193,0.002178737,0.001565,0.001536,2.637795e-05,0,0,1.524e-23,1.178e-24,0
step1000,1000,O,u,residual,1024,32-64,786432,0.0006090415,0.0008239587,0.002567546,0.002513886,0.002769965,0.00182655,0.002055686,0.001565,0.001536,3.416304e-05,0,0,1.524e-23,1.178e-24,0
step1000,1000,O,u,residual,1024,64-128,1572864,0.0003918126,0.0005811698,0.001609548,0.001663374,0.00192557,0.001779138,0.001938629,0.001565,0.001536,4.121403e-05,0,0,1.524e-23,1.178e-24,0
step1000,1000,O,u,residual,1024,128-256,3145728,0.0003035416,0.0003958117,0.0007449468,0.0006712023,0.0009075548,0.001756623,0.001819538,0.001565,0.001536,1.750466e-05,0,0,1.524e-23,1.178e-24,0
step1000,1000,O,u,residual,1024,256-512,6291456,0.0003196972,0.0003099248,0.0003729184,0.000386248,0.0002617237,0.001743103,0.001754906,0.001565,0.001536,9.419073e-06,0,0,1.524e-23,1.178e-24,0
step1000,1000,O,u,residual,1024,512-1024,1.258291e+07,0.0003017441,0.0001715059,0.0004663944,0.0002989583,0.0005250556,0.001756505,0.00179553,0.001565,0.001536,1.193609e-05,0,0,1.524e-23,1.178e-24,0
step1000,1000,O,v,head,1024,spike,786432,0.04892468,0.04918687,0.007170359,0.05461129,0.05487706,0.006975083,0.006925528,0.001565,0.001536,0.000394614,1.304263e-05,8.868263e-05,1.524e-23,1.178e-24,6.289209e-06
step1000,1000,O,v,head,1024,32-64,786432,0.01581893,0.01608684,0.01527201,0.03096195,0.03122772,0.003644416,0.005124664,0.001565,0.001536,0.0002754753,0,1.947312e-05,1.524e-23,1.178e-24,0
step1000,1000,O,v,head,1024,64-128,1572864,0.004912563,0.005180702,0.007562892,0.01244448,0.01271346,0.002353559,0.003230213,0.001565,0.001536,5.788961e-05,0,2.724784e-07,1.524e-23,1.178e-24,0
step1000,1000,O,v,head,1024,128-256,3145728,0.0009057636,0.001156976,0.00254879,0.003354399,0.003616684,0.0018705,0.002132797,0.001565,0.001536,1.606068e-05,0,0,1.524e-23,1.178e-24,0
step1000,1000,O,v,head,1024,256-512,6291456,0.0002024503,0.0003809575,0.001215172,0.00113913,0.001395249,0.001778153,0.001835337,0.001565,0.001536,9.906847e-06,0,0,1.524e-23,1.178e-24,0
step1000,1000,O,v,head,1024,512-1024,1.258291e+07,0.0008692863,0.001126677,0.00238994,0.003226736,0.00348953,0.001831958,0.002009401,0.001565,0.001536,2.102201e-05,0,0,1.524e-23,1.178e-24,0
step1000,1000,MLP_IN,u,hidden,4096,spike,3145728,0.009365773,0.009302393,0.01016178,0.0009369837,0.0010021,0.001774951,0.001880891,0.001565,0.001558,2.269099e-05,0,0,1.524e-23,8.299e-24,0
step1000,1000,MLP_IN,u,hidden,4096,32-64,3145728,0.0002674008,0.0002462715,0.0009270986,0.0008521279,0.0009179274,0.001766641,0.001862108,0.001565,0.001558,2.022941e-05,0,0,1.524e-23,8.299e-24,0
step1000,1000,MLP_IN,u,hidden,4096,64-128,6291456,0.0002376949,0.0002617093,0.0008380254,0.0007888138,0.0008466199,0.001779443,0.001844175,0.001565,0.001558,1.909408e-05,0,0,1.524e-23,8.299e-24,0
step1000,1000,MLP_IN,u,hidden,4096,128-256,1.258291e+07,0.0001722636,0.0001544108,0.0005450408,0.000444181,0.0005087735,0.001766725,0.001813968,0.001565,0.001558,1.416424e-05,0,0,1.524e-23,8.299e-24,0
step1000,1000,MLP_IN,u,hidden,4096,256-512,2.516582e+07,0.0001465136,0.0001416846,0.0003090541,0.0002152947,0.0002780246,0.001772541,0.001791627,0.001565,0.001558,7.705807e-06,0,0,1.524e-23,8.299e-24,0
step1000,1000,MLP_IN,u,hidden,4096,512-1024,5.033165e+07,0.0001378474,9.629852e-05,0.0001422922,7.155395e-05,9.953551e-05,0.00176653,0.00177098,0.001565,0.001558,5.249872e-06,0,0,1.524e-23,8.299e-24,0
step1000,1000,MLP_IN,v,residual,1024,spike,786432,0.003703496,0.00344023,0.005104065,0.001508525,0.001760536,0.00170833,0.001926894,0.001565,0.001536,4.869748e-05,0,0,1.524e-23,1.178e-24,0
step1000,1000,MLP_IN,v,residual,1024,32-64,786432,0.0006935671,0.0007483517,0.001524607,0.00123216,0.001465991,0.001735978,0.001845878,0.001565,0.001536,4.965234e-05,0,0,1.524e-23,1.178e-24,0
step1000,1000,MLP_IN,v,residual,1024,64-128,1572864,0.0006361891,0.000598973,0.001076762,0.000741662,0.0009738766,0.001765042,0.001811436,0.001565,0.001536,2.76979e-05,0,0,1.524e-23,1.178e-24,0
step1000,1000,MLP_IN,v,residual,1024,128-256,3145728,0.0004392257,0.0003184461,0.0005970001,0.0003163462,0.0004786596,0.001751555,0.001798348,0.001565,0.001536,1.181288e-05,0,0,1.524e-23,1.178e-24,0
step1000,1000,MLP_IN,v,residual,1024,256-512,6291456,0.0004852266,0.0003114683,0.000391229,0.0003448578,0.000207409,0.00174937,0.001755233,0.001565,0.001536,6.392919e-06,0,0,1.524e-23,1.178e-24,0
step1000,1000,MLP_IN,v,residual,1024,512-1024,1.258291e+07,0.0002332081,0.0002144796,0.0002872626,0.0001887981,0.0002943759,0.001744643,0.001766843,0.001565,0.001536,5.143934e-06,0,0,1.524e-23,1.178e-24,0
step1000,1000,MLP_OUT,u,residual,1024,spike,786432,0.002949474,0.002689546,0.007512919,0.004681386,0.004948226,0.001560139,0.002296012,0.001565,0.001536,2.873627e-05,0,0,1.524e-23,1.178e-24,0
step1000,1000,MLP_OUT,u,residual,1024,32-64,786432,0.001611549,0.001872583,0.002298482,0.003413243,0.003668167,0.00191516,0.002162897,0.001565,0.001536,3.585642e-05,0,0,1.524e-23,1.178e-24,0
step1000,1000,MLP_OUT,u,residual,1024,64-128,1572864,0.001426501,0.00169236,0.00102183,0.002064036,0.002328825,0.00190733,0.001974233,0.001565,0.001536,2.471384e-05,0,0,1.524e-23,1.178e-24,0
step1000,1000,MLP_OUT,u,residual,1024,128-256,3145728,0.000606854,0.000861776,0.0007286072,0.001053441,0.001303644,0.001818339,0.001863952,0.001565,0.001536,2.499576e-06,0,0,1.524e-23,1.178e-24,0
step1000,1000,MLP_OUT,u,residual,1024,256-512,6291456,0.0003219335,0.0002444383,0.0003825506,0.0003281906,0.0002655268,0.001751577,0.001759034,0.001565,0.001536,5.703056e-06,0,0,1.524e-23,1.178e-24,0
step1000,1000,MLP_OUT,u,residual,1024,512-1024,1.258291e+07,0.0001886663,0.0003635147,0.0006265799,0.0005808009,0.0008417901,0.001776075,0.00183754,0.001565,0.001536,8.633584e-06,0,0,1.524e-23,1.178e-24,0
step1000,1000,MLP_OUT,v,hidden,4096,spike,3145728,0.008898209,0.008965424,0.002625783,0.006503454,0.006569622,0.002799098,0.002501333,0.001565,0.001558,1.220461e-05,3.088088e-07,4.178002e-07,1.524e-23,8.299e-24,1.339493e-07
step1000,1000,MLP_OUT,v,hidden,4096,32-64,3145728,0.006239237,0.006306452,0.001286952,0.005188577,0.005254754,0.002406293,0.002364876,0.001565,0.001558,2.865202e-05,0,0,1.524e-23,8.299e-24,0
step1000,1000,MLP_OUT,v,hidden,4096,64-128,6291456,0.004085529,0.004151337,0.0003424327,0.004179187,0.004245622,0.002199459,0.002237801,0.001565,0.001558,2.862326e-05,0,0,1.524e-23,8.299e-24,0
step1000,1000,MLP_OUT,v,hidden,4096,128-256,1.258291e+07,0.002135163,0.002201321,0.0008399328,0.002890522,0.00295669,0.001988098,0.002081649,0.001565,0.001558,9.774692e-06,0,0,1.524e-23,8.299e-24,0
step1000,1000,MLP_OUT,v,hidden,4096,256-512,2.516582e+07,0.0006705674,0.0007366237,0.0007790963,0.001382755,0.001449446,0.001839863,0.001924807,0.001565,0.001558,6.07792e-06,0,0,1.524e-23,8.299e-24,0
step1000,1000,MLP_OUT,v,hidden,4096,512-1024,5.033165e+07,8.133762e-05,0.000114056,0.000269254,0.0002629839,0.0003281918,0.001775281,0.001796456,0.001565,0.001558,3.904392e-06,0,0,1.524e-23,8.299e-24,0
step2000,2000,Q,u,head,1024,spike,786432,0.03313089,0.03339773,0.007348378,0.02773459,0.02800152,0.005652909,0.004884629,0.001565,0.001536,0.0003044778,5.812872e-07,5.442301e-05,1.524e-23,1.178e-24,3.249494e-07
step2000,2000,Q,u,head,1024,32-64,786432,0.006702312,0.006967146,0.005227915,0.01168929,0.0119552,0.002613794,0.003304254,0.001565,0.001536,0.0001093313,0,0,1.524e-23,1.178e-24,0
step2000,2000,Q,u,head,1024,64-128,1572864,0.001382869,0.001634264,0.004888916,0.006080715,0.006347643,0.001911036,0.002504985,0.001565,0.001536,2.678105e-05,0,0,1.524e-23,1.178e-24,0
step2000,2000,Q,u,head,1024,128-256,3145728,0.0006081009,0.0008588283,0.001485189,0.001868943,0.002134802,0.00180516,0.00195436,0.001565,0.001536,1.566574e-05,0,0,1.524e-23,1.178e-24,0
step2000,2000,Q,u,head,1024,256-512,6291456,0.0002366794,0.0003734595,0.0003403982,0.0002659027,0.0004506197,0.001769202,0.001780946,0.001565,0.001536,9.9023e-06,0,0,1.524e-23,1.178e-24,0
step2000,2000,Q,u,head,1024,512-1024,1.258291e+07,0.0002070266,0.0003897057,0.001534828,0.001586133,0.001851515,0.001778566,0.001909556,0.001565,0.001536,1.822999e-05,0,0,1.524e-23,1.178e-24,0
step2000,2000,Q,v,residual,1024,spike,786432,0.0009329734,0.00104255,0.003460948,0.003462849,0.003724871,0.001995159,0.002124786,0.001565,0.001536,6.06669e-05,0,0,1.524e-23,1.178e-24,0
step2000,2000,Q,v,residual,1024,32-64,786432,0.001544384,0.001786056,0.001822408,0.002743643,0.002999815,0.001908402,0.002045332,0.001565,0.001536,1.448692e-05,0,0,1.524e-23,1.178e-24,0
step2000,2000,Q,v,residual,1024,64-128,1572864,0.0004632087,0.0005919171,0.001359431,0.001430662,0.00168932,0.001781554,0.001918775,0.001565,0.001536,1.191347e-05,0,0,1.524e-23,1.178e-24,0
step2000,2000,Q,v,residual,1024,128-256,3145728,0.000591046,0.0003414006,0.0008783976,0.0004675042,0.00066728,0.001735923,0.001788375,0.001565,0.001536,1.766458e-05,0,0,1.524e-23,1.178e-24,0
step2000,2000,Q,v,residual,1024,256-512,6291456,0.0003542967,0.0003056227,0.0004002253,0.0003487628,0.0002137015,0.001743008,0.001750079,0.001565,0.001536,1.602199e-05,0,0,1.524e-23,1.178e-24,0
step2000,2000,Q,v,residual,1024,512-1024,1.258291e+07,0.0003508723,0.000234406,0.0004315376,0.0002278819,0.0003848652,0.001749407,0.001781041,0.001565,0.001536,5.064203e-06,0,0,1.524e-23,1.178e-24,0
step2000,2000,K,u,head,1024,spike,786432,0.02630532,0.02657002,0.005225881,0.02279508,0.02306196,0.004822831,0.003805106,0.001565,0.001536,0.0002719265,4.323324e-06,6.979079e-05,1.524e-23,1.178e-24,1.54351e-06
step2000,2000,K,u,head,1024,32-64,786432,0.004692645,0.004958504,0.003755442,0.007970841,0.00823563,0.002377465,0.002806782,0.001565,0.001536,8.586129e-05,0,0,1.524e-23,1.178e-24,0
step2000,2000,K,u,head,1024,64-128,1572864,0.001047044,0.001291904,0.003384018,0.004096197,0.004363081,0.001861191,0.002239845,0.001565,0.001536,3.28036e-05,0,0,1.524e-23,1.178e-24,0
step2000,2000,K,u,head,1024,128-256,3145728,0.0004229086,0.0006100765,0.001154772,0.001271909,0.001525377,0.001787295,0.001885223,0.001565,0.001536,1.871331e-05,0,0,1.524e-23,1.178e-24,0
step2000,2000,K,u,head,1024,256-512,6291456,0.0003626713,0.0002268136,0.0005258242,0.0002521191,0.0004856417,0.001754588,0.001775165,0.001565,0.001536,1.460184e-05,0,0,1.524e-23,1.178e-24,0
step2000,2000,K,u,head,1024,512-1024,1.258291e+07,0.0001867326,0.0003550289,0.001126575,0.001094204,0.001353062,0.001777124,0.001866713,0.001565,0.001536,7.21244e-06,0,0,1.524e-23,1.178e-24,0
step2000,2000,K,v,residual,1024,spike,786432,0.002064455,0.001799296,0.004961395,0.002986598,0.003245128,0.001656487,0.00210673,0.001565,0.001536,6.026435e-05,0,0,1.524e-23,1.178e-24,0
step2000,2000,K,v,residual,1024,32-64,786432,0.0007352014,0.0006638694,0.002620697,0.002242413,0.002501316,0.001761736,0.001963842,0.001565,0.001536,2.112624e-05,0,0,1.524e-23,1.178e-24,0
step2000,2000,K,v,residual,1024,64-128,1572864,0.0006669503,0.0005535882,0.001708857,0.001289539,0.001546999,0.001741064,0.001877158,0.001565,0.001536,3.90216e-05,0,0,1.524e-23,1.178e-24,0
step2000,2000,K,v,residual,1024,128-256,3145728,0.0002946985,0.0003685853,0.0005397797,0.0003588027,0.0005610009,0.001752681,0.00180189,0.001565,0.001536,3.176218e-05,0,0,1.524e-23,1.178e-24,0
step2000,2000,K,v,residual,1024,256-512,6291456,0.0004761954,0.0002454628,0.0003512383,0.0003852855,0.0002390269,0.001746704,0.001740033,0.001565,0.001536,1.247795e-05,0,0,1.524e-23,1.178e-24,0
step2000,2000,K,v,residual,1024,512-1024,1.258291e+07,0.0002844947,0.0001598987,0.0002934933,0.0001424786,0.0003029321,0.00175217,0.001775744,0.001565,0.001536,9.547362e-06,0,0,1.524e-23,1.178e-24,0
step2000,2000,V,u,head,1024,spike,786432,0.01242826,0.01269514,0.005930328,0.006750532,0.007016436,0.003527432,0.002650706,0.001565,0.001536,0.0002180545,0,0,1.524e-23,1.178e-24,0
step2000,2000,V,u,head,1024,32-64,786432,0.003573292,0.003832232,0.001208242,0.004234627,0.004500486,0.002189527,0.002279009,0.001565,0.001536,4.950259e-05,0,0,1.524e-23,1.178e-24,0
step2000,2000,V,u,head,1024,64-128,1572864,0.0009585694,0.001186987,0.00166715,0.002195537,0.002458848,0.00185249,0.00203376,0.001565,0.001536,1.891464e-05,0,0,1.524e-23,1.178e-24,0
step2000,2000,V,u,head,1024,128-256,3145728,0.0004714178,0.0004365671,0.0009397507,0.0007088066,0.0009607323,0.001758975,0.001827749,0.001565,0.001536,2.406145e-05,0,0,1.524e-23,1.178e-24,0
step2000,2000,V,u,head,1024,256-512,6291456,0.000404105,0.0002228519,0.0003782272,0.0003022532,0.0002867598,0.001744338,0.001759902,0.001565,0.001536,7.322689e-06,0,0,1.524e-23,1.178e-24,0
step2000,2000,V,u,head,1024,512-1024,1.258291e+07,0.0001893432,0.0003119724,0.0004613717,0.0003806014,0.0006204108,0.001770065,0.001801332,0.001565,0.001536,2.422187e-06,0,0,1.524e-23,1.178e-24,0
step2000,2000,V,v,residual,1024,spike,786432,0.002622168,0.002880697,0.001292674,0.002395435,0.002640278,0.002012925,0.002035704,0.001565,0.001536,5.377557e-05,0,0,1.524e-23,1.178e-24,0
step2000,2000,V,v,residual,1024,32-64,786432,0.001023231,0.001248027,0.001464081,0.001852942,0.002089396,0.001782663,0.001892853,0.001565,0.001536,3.482009e-05,0,0,1.524e-23,1.178e-24,0
step2000,2000,V,v,residual,1024,64-128,1572864,0.0004642382,0.0006202113,0.0010952,0.0009984631,0.00125927,0.001767694,0.001852798,0.001565,0.001536,2.499927e-05,0,0,1.524e-23,1.178e-24,0
step2000,2000,V,v,residual,1024,128-256,3145728,0.0004959381,0.0003491634,0.0007462184,0.0003819637,0.0005808555,0.001749057,0.001777113,0.001565,0.001536,1.836524e-05,0,0,1.524e-23,1.178e-24,0
step2000,2000,V,v,residual,1024,256-512,6291456,0.0004385603,0.00022732,0.0003963153,0.0003679734,0.0002944516,0.001752971,0.001755042,0.001565,0.001536,7.515011e-06,0,0,1.524e-23,1.178e-24,0
step2000,2000,V,v,residual,1024,512-1024,1.258291e+07,0.0003540026,0.0001950095,0.0003461679,0.0002154186,0.0002941597,0.001751332,0.001774041,0.001565,0.001536,8.640141e-06,0,0,1.524e-23,1.178e-24,0
step2000,2000,O,u,residual,1024,spike,786432,0.001610895,0.001361692,0.007103729,0.00562757,0.005887307,0.001687658,0.002393595,0.001565,0.001536,1.654163e-05,0,0,1.524e-23,1.178e-24,0
step2000,2000,O,u,residual,1024,32-64,786432,0.0007499779,0.0009807715,0.003656514,0.003841205,0.00410775,0.001811255,0.00222851,0.001565,0.001536,2.34757e-05,0,0,1.524e-23,1.178e-24,0
step2000,2000,O,u,residual,1024,64-128,1572864,0.0007377928,0.000980931,0.002013524,0.002471856,0.002737714,0.001830401,0.002015305,0.001565,0.001536,1.673586e-05,0,0,1.524e-23,1.178e-24,0
step2000,2000,O,u,residual,1024,128-256,3145728,0.0005873493,0.000837983,0.0005935669,0.0008968878,0.001161342,0.001804742,0.001878902,0.001565,0.001536,1.428032e-05,0,0,1.524e-23,1.178e-24,0
step2000,2000,O,u,residual,1024,256-512,6291456,0.0002274476,0.0003095594,0.0003691991,0.000280273,0.0003244523,0.001756909,0.001763453,0.001565,0.001536,1.624549e-05,0,0,1.524e-23,1.178e-24,0
step2000,2000,O,u,residual,1024,512-1024,1.258291e+07,0.0002338004,0.000279173,0.0006365617,0.0005094238,0.0007630887,0.001765294,0.001820669,0.001565,0.001536,9.824811e-06,0,0,1.524e-23,1.178e-24,0
step2000,2000,O,v,head,1024,spike,786432,0.05304367,0.05331264,0.03068034,0.08325402,0.08351811,0.0080319,0.01041412,0.001565,0.001536,0.0002997356,7.193429e-06,5.533128e-05,1.524e-23,1.178e-24,2.774586e-06
step2000,2000,O,v,head,1024,32-64,786432,0.03613118,0.03639909,0.01472702,0.05063028,0.05089605,0.006059592,0.007604581,0.001565,0.001536,0.0001364345,1.453218e-07,5.195254e-06,1.524e-23,1.178e-24,3.249494e-07
step2000,2000,O,v,head,1024,64-128,1572864,0.01836997,0.01863895,0.009048589,0.02721063,0.02747854,0.003911082,0.004896037,0.001565,0.001536,8.014924e-05,0,0,1.524e-23,1.178e-24,0
step2000,2000,O,v,head,1024,128-256,3145728,0.006971723,0.007240702,0.001960373,0.008696256,0.008964165,0.00249453,0.002680688,0.001565,0.001536,4.23716e-05,0,0,1.524e-23,1.178e-24,0
step2000,2000,O,v,head,1024,256-512,6291456,0.001542967,0.001810877,0.0006615003,0.002042777,0.002309661,0.001892558,0.001927526,0.001565,0.001536,1.218817e-05,0,0,1.524e-23,1.178e-24,0
step2000,2000,O,v,head,1024,512-1024,1.258291e+07,0.004219677,0.004487586,0.002456951,0.00663668,0.00690138,0.002144677,0.002302458,0.001565,0.001536,1.821497e-05,0,0,1.524e-23,1.178e-24,0
step2000,2000,MLP_IN,u,hidden,4096,spike,3145728,0.008717377,0.008651496,0.009866778,0.001337992,0.001402909,0.002215731,0.001924478,0.001565,0.001558,1.723695e-05,0,0,1.524e-23,8.299e-24,0
step2000,2000,MLP_IN,u,hidden,4096,32-64,3145728,0.0005606691,0.0006237249,0.0009086609,0.001291028,0.001355725,0.001811854,0.001892762,0.001565,0.001558,1.699946e-05,0,0,1.524e-23,8.299e-24,0
step2000,2000,MLP_IN,u,hidden,4096,64-128,6291456,0.0002344959,0.0002610842,0.0009419759,0.0009329847,0.0009987941,0.00177432,0.001870251,0.001565,0.001558,1.497043e-05,0,0,1.524e-23,8.299e-24,0
step2000,2000,MLP_IN,u,hidden,4096,128-256,1.258291e+07,0.0001834283,0.0001807482,0.000661087,0.0006011587,0.0006656118,0.00176996,0.001835843,0.001565,0.001558,9.64123e-06,0,0,1.524e-23,8.299e-24,0
step2000,2000,MLP_IN,u,hidden,4096,256-512,2.516582e+07,0.0001219791,0.0001447909,0.0004078865,0.000355247,0.0004216816,0.001770099,0.001802894,0.001565,0.001558,1.025181e-05,0,0,1.524e-23,8.299e-24,0
step2000,2000,MLP_IN,u,hidden,4096,512-1024,5.033165e+07,0.0001180165,8.528615e-05,0.0001520912,7.941684e-05,0.0001232146,0.001769005,0.001774244,0.001565,0.001558,4.373472e-06,0,0,1.524e-23,8.299e-24,0
step2000,2000,MLP_IN,v,residual,1024,spike,786432,0.003199286,0.002940619,0.006048075,0.002890427,0.003155216,0.001826332,0.002061826,0.001565,0.001536,2.802071e-05,0,0,1.524e-23,1.178e-24,0
step2000,2000,MLP_IN,v,residual,1024,32-64,786432,0.001940829,0.002170413,0.001115163,0.002307571,0.002573242,0.00195011,0.001964823,0.001565,0.001536,5.73254e-05,0,0,1.524e-23,1.178e-24,0
step2000,2000,MLP_IN,v,residual,1024,64-128,1572864,0.0009881893,0.001241717,0.0009090424,0.001343264,0.001585129,0.001854778,0.001889074,0.001565,0.001536,5.204652e-05,0,0,1.524e-23,1.178e-24,0
step2000,2000,MLP_IN,v,residual,1024,128-256,3145728,0.0002547776,0.0003815577,0.000667127,0.0006018036,0.0008543362,0.001777676,0.001822354,0.001565,0.001536,1.667883e-05,0,0,1.524e-23,1.178e-24,0
step2000,2000,MLP_IN,v,residual,1024,256-512,6291456,0.0003734889,0.0002314525,0.0003381411,0.0003529216,0.000237362,0.001746427,0.001752,0.001565,0.001536,1.322215e-05,0,0,1.524e-23,1.178e-24,0
step2000,2000,MLP_IN,v,residual,1024,512-1024,1.258291e+07,0.0002134302,0.0002360485,0.0004274209,0.0002851367,0.0005169849,0.001762944,0.00180137,0.001565,0.001536,1.151138e-05,0,0,1.524e-23,1.178e-24,0
step2000,2000,MLP_OUT,u,residual,1024,spike,786432,0.001702101,0.001466408,0.011999,0.01049236,0.01075714,0.001639484,0.002976336,0.001565,0.001536,6.625685e-05,0,5.086263e-07,1.524e-23,1.178e-24,0
step2000,2000,MLP_OUT,u,residual,1024,32-64,786432,0.002118241,0.002381507,0.005830129,0.007440768,0.007706582,0.001961844,0.002587273,0.001565,0.001536,3.979242e-05,0,0,1.524e-23,1.178e-24,0
step2000,2000,MLP_OUT,u,residual,1024,64-128,1572864,0.00222862,0.002494434,0.00308787,0.005159989,0.005426873,0.002007784,0.002292379,0.001565,0.001536,2.606705e-05,0,0,1.524e-23,1.178e-24,0
step2000,2000,MLP_OUT,u,residual,1024,128-256,3145728,0.00153984,0.001798281,0.001068687,0.002411322,0.002674632,0.001928566,0.002005223,0.001565,0.001536,1.833539e-05,0,0,1.524e-23,1.178e-24,0
step2000,2000,MLP_OUT,u,residual,1024,256-512,6291456,0.0003713817,0.0006103075,0.0003188451,0.0002980788,0.0005524816,0.001798325,0.001792753,0.001565,0.001536,1.440252e-05,0,0,1.524e-23,1.178e-24,0
step2000,2000,MLP_OUT,u,residual,1024,512-1024,1.258291e+07,0.0006101575,0.0008533048,0.001142899,0.001651101,0.001915089,0.001867169,0.001967616,0.001565,0.001536,8.214137e-06,0,0,1.524e-23,1.178e-24,0
step2000,2000,MLP_OUT,v,hidden,4096,spike,3145728,0.005196608,0.005262529,0.001192347,0.006103696,0.006170377,0.002471815,0.002429272,0.001565,0.001558,4.041444e-05,4.45048e-07,3.99635e-07,1.524e-23,8.299e-24,1.4855e-07
step2000,2000,MLP_OUT,v,hidden,4096,32-64,3145728,0.003050508,0.003114255,0.002252642,0.00518619,0.005253405,0.002116294,0.0023385,0.001565,0.001558,3.022281e-05,0,0,1.524e-23,8.299e-24,0
step2000,2000,MLP_OUT,v,hidden,4096,64-128,6291456,0.002921221,0.002987903,0.001285776,0.004064249,0.00413094,0.002071408,0.00222029,0.001565,0.001558,1.570941e-05,0,0,1.524e-23,8.299e-24,0
step2000,2000,MLP_OUT,v,hidden,4096,128-256,1.258291e+07,0.002484957,0.002551013,0.0004473368,0.00283895,0.002904871,0.002017123,0.002072902,0.001565,0.001558,1.005233e-05,0,0,1.524e-23,8.299e-24,0
step2000,2000,MLP_OUT,v,hidden,4096,256-512,2.516582e+07,0.001708713,0.001775404,0.0003348509,0.001438215,0.001505173,0.001934526,0.001921147,0.001565,0.001558,7.965874e-06,0,0,1.524e-23,8.299e-24,0
step2000,2000,MLP_OUT,v,hidden,4096,512-1024,5.033165e+07,0.0004203337,0.0004846497,0.0002630194,0.0002401246,0.0003054795,0.001814654,0.001794147,0.001565,0.001558,4.284538e-06,0,0,1.524e-23,8.299e-24,0
step3000,3000,Q,u,head,1024,spike,786432,0.03824746,0.03851109,0.007396698,0.03925608,0.03952506,0.005857813,0.005568695,0.001565,0.001536,0.0002422718,8.719308e-07,9.224301e-05,1.524e-23,1.178e-24,9.473822e-07
step3000,3000,Q,u,head,1024,32-64,786432,0.01535405,0.01562196,0.001750946,0.01665216,0.016919,0.003448741,0.003801582,0.001565,0.001536,0.0001600065,1.453218e-07,0,1.524e-23,1.178e-24,3.249494e-07
step3000,3000,Q,u,head,1024,64-128,1572864,0.005359843,0.005623109,0.003919601,0.009085228,0.009353137,0.002273451,0.002765946,0.001565,0.001536,4.10089e-05,0,0,1.524e-23,1.178e-24,0
step3000,3000,Q,u,head,1024,128-256,3145728,0.002230738,0.002491544,0.001248678,0.003342158,0.003609042,0.001949774,0.002070745,0.001565,0.001536,9.587826e-06,0,0,1.524e-23,1.178e-24,0
step3000,3000,Q,u,head,1024,256-512,6291456,0.000491092,0.0007520811,0.0003554662,0.000568466,0.0008296815,0.001808889,0.001802667,0.001565,0.001536,1.59495e-05,0,0,1.524e-23,1.178e-24,0
step3000,3000,Q,u,head,1024,512-1024,1.258291e+07,0.0007933565,0.00105546,0.0017241,0.002441489,0.002704755,0.001863282,0.002004751,0.001565,0.001536,1.152136e-05,0,0,1.524e-23,1.178e-24,0
step3000,3000,Q,v,residual,1024,spike,786432,0.00226995,0.002522504,0.004132843,0.005899947,0.006162232,0.002085913,0.002397519,0.001565,0.001536,1.952191e-05,0,0,1.524e-23,1.178e-24,0
step3000,3000,Q,v,residual,1024,32-64,786432,0.003143933,0.003403714,0.001406097,0.004115246,0.004376244,0.002053252,0.002211398,0.001565,0.001536,6.22579e-05,0,0,1.524e-23,1.178e-24,0
step3000,3000,Q,v,residual,1024,64-128,1572864,0.001006252,0.00124497,0.001741155,0.00242206,0.002683049,0.001837721,0.002027076,0.001565,0.001536,3.181434e-05,0,0,1.524e-23,1.178e-24,0
step3000,3000,Q,v,residual,1024,128-256,3145728,0.0003823407,0.0003624529,0.00108312,0.0008247441,0.001067293,0.001765088,0.001844179,0.001565,0.001536,1.842776e-05,0,0,1.524e-23,1.178e-24,0
step3000,3000,Q,v,residual,1024,256-512,6291456,0.0004382133,0.00025629,0.0004804929,0.0001960392,0.0003319742,0.001738476,0.00176957,0.001565,0.001536,7.783314e-06,0,0,1.524e-23,1.178e-24,0
step3000,3000,Q,v,residual,1024,512-1024,1.258291e+07,0.0002169675,0.0002106837,0.0005786578,0.0004056658,0.0006617576,0.001764911,0.00180986,0.001565,0.001536,1.072924e-05,0,0,1.524e-23,1.178e-24,0
step3000,3000,K,u,head,1024,spike,786432,0.03599399,0.03625762,0.008588155,0.04028274,0.04055172,0.00564666,0.004761614,0.001565,0.001536,0.0002102459,5.049933e-06,0.0001302083,1.524e-23,1.178e-24,1.04667e-06
step3000,3000,K,u,head,1024,32-64,786432,0.01291096,0.0131778,0.001337687,0.01349766,0.0137645,0.003228614,0.003437115,0.001565,0.001536,9.101998e-05,0,0,1.524e-23,1.178e-24,0
step3000,3000,K,u,head,1024,64-128,1572864,0.004153234,0.004422213,0.003677622,0.007678777,0.007947756,0.002208546,0.00260938,0.001565,0.001536,2.721022e-05,0,0,1.524e-23,1.178e-24,0
step3000,3000,K,u,head,1024,128-256,3145728,0.001282134,0.001534688,0.001541138,0.002618707,0.00288461,0.001884642,0.002035777,0.001565,0.001536,2.55838e-05,0,0,1.524e-23,1.178e-24,0
step3000,3000,K,u,head,1024,256-512,6291456,0.0003620671,0.0006089296,0.0004577637,0.0005130391,0.0007659511,0.001796314,0.001797186,0.001565,0.001536,6.984778e-06,0,0,1.524e-23,1.178e-24,0
step3000,3000,K,u,head,1024,512-1024,1.258291e+07,0.0006344838,0.0008968061,0.001500463,0.002070112,0.002333679,0.001848909,0.001954823,0.001565,0.001536,1.033077e-05,0,0,1.524e-23,1.178e-24,0
step3000,3000,K,v,residual,1024,spike,786432,0.001444407,0.001194165,0.005490367,0.0042786,0.004538572,0.001716105,0.002270689,0.001565,0.001536,2.931065e-05,0,0,1.524e-23,1.178e-24,0
step3000,3000,K,v,residual,1024,32-64,786432,0.0008616441,0.001066714,0.002745819,0.00309031,0.003352551,0.001817104,0.002094777,0.001565,0.001536,3.465071e-05,0,0,1.524e-23,1.178e-24,0
step3000,3000,K,v,residual,1024,64-128,1572864,0.000574066,0.000591589,0.00194931,0.001862555,0.002123815,0.001776795,0.001939646,0.001565,0.001536,3.592817e-05,0,0,1.524e-23,1.178e-24,0
step3000,3000,K,v,residual,1024,128-256,3145728,0.0004151076,0.0004094663,0.0008519491,0.000575339,0.0008051938,0.001762535,0.001808121,0.001565,0.001536,1.463546e-05,0,0,1.524e-23,1.178e-24,0
step3000,3000,K,v,residual,1024,256-512,6291456,0.0004385724,0.0002282811,0.0003808975,0.0002984515,0.000222982,0.001740615,0.001744034,0.001565,0.001536,1.060749e-05,0,0,1.524e-23,1.178e-24,0
step3000,3000,K,v,residual,1024,512-1024,1.258291e+07,0.0003368276,0.0001675575,0.0006537755,0.000348167,0.0006104019,0.00175177,0.001798766,0.001565,0.001536,1.058383e-05,0,0,1.524e-23,1.178e-24,0
step3000,3000,V,u,head,1024,spike,786432,0.02686874,0.02713772,0.01316376,0.01405678,0.01432473,0.00525044,0.003676278,0.001565,0.001536,0.0002915689,1.453218e-07,1.453218e-07,1.524e-23,1.178e-24,3.249494e-07
step3000,3000,V,u,head,1024,32-64,786432,0.009321046,0.009587974,0.0016922,0.008445954,0.008712882,0.002960895,0.002841768,0.001565,0.001536,9.585125e-05,0,0,1.524e-23,1.178e-24,0
step3000,3000,V,u,head,1024,64-128,1572864,0.00254157,0.002796538,0.00212059,0.004539251,0.004804085,0.002050563,0.002288219,0.001565,0.001536,4.662192e-05,0,0,1.524e-23,1.178e-24,0
step3000,3000,V,u,head,1024,128-256,3145728,0.0004247936,0.000632537,0.001303864,0.001368363,0.001633152,0.001808394,0.001923879,0.001565,0.001536,2.308166e-05,0,0,1.524e-23,1.178e-24,0
step3000,3000,V,u,head,1024,256-512,6291456,0.000291001,0.0003605985,0.0004142125,0.0002875012,0.0003297333,0.00176437,0.001764461,0.001565,0.001536,1.550969e-05,0,0,1.524e-23,1.178e-24,0
step3000,3000,V,u,head,1024,512-1024,1.258291e+07,0.0003551873,0.0006002236,0.0006459077,0.0008853574,0.001150102,0.001805762,0.001854781,0.001565,0.001536,1.883083e-05,0,0,1.524e-23,1.178e-24,0
step3000,3000,V,v,residual,1024,spike,786432,0.007578521,0.007845361,0.003159841,0.004750544,0.005010748,0.002546765,0.002288019,0.001565,0.001536,5.172673e-05,0,0,1.524e-23,1.178e-24,0
step3000,3000,V,v,residual,1024,32-64,786432,0.002759858,0.003023168,0.001620992,0.003351952,0.003612175,0.002007185,0.002109455,0.001565,0.001536,3.74119e-05,0,0,1.524e-23,1.178e-24,0
step3000,3000,V,v,residual,1024,64-128,1572864,0.000706401,0.0008967274,0.001556396,0.001986082,0.002248323,0.001829402,0.0019611,0.001565,0.001536,3.327011e-05,0,0,1.524e-23,1.178e-24,0
step3000,3000,V,v,residual,1024,128-256,3145728,0.0003543561,0.0003756656,0.000940005,0.0007010387,0.0009416854,0.001757377,0.001831309,0.001565,0.001536,2.048297e-05,0,0,1.524e-23,1.178e-24,0
step3000,3000,V,v,residual,1024,256-512,6291456,0.00034521,0.0003054345,0.0003727277,0.0003492504,0.0002562931,0.001748993,0.001747822,0.001565,0.001536,1.054509e-05,0,0,1.524e-23,1.178e-24,0
step3000,3000,V,v,residual,1024,512-1024,1.258291e+07,0.0001916976,0.0002892155,0.0004357497,0.0003058472,0.0005429083,0.001765583,0.001801093,0.001565,0.001536,1.313709e-05,0,0,1.524e-23,1.178e-24,0
step3000,3000,O,u,residual,1024,spike,786432,0.00080401,0.000673669,0.00559845,0.004984612,0.005250426,0.001757486,0.002326493,0.001565,0.001536,2.18644e-05,3.99635e-07,5.086263e-07,1.524e-23,1.178e-24,5.801508e-07
step3000,3000,O,u,residual,1024,32-64,786432,0.0007594321,0.0008500812,0.003631083,0.003738687,0.004000778,0.001792108,0.002154614,0.001565,0.001536,3.103453e-05,0,0,1.524e-23,1.178e-24,0
step3000,3000,O,u,residual,1024,64-128,1572864,0.0006492209,0.0009077062,0.00189209,0.002186537,0.002442474,0.00181338,0.001998811,0.001565,0.001536,3.504709e-05,0,0,1.524e-23,1.178e-24,0
step3000,3000,O,u,residual,1024,128-256,3145728,0.0002847963,0.0004941754,0.0009451548,0.000954991,0.00118817,0.001786659,0.001847903,0.001565,0.001536,1.910556e-05,0,0,1.524e-23,1.178e-24,0
step3000,3000,O,u,residual,1024,256-512,6291456,0.0003212283,0.0002899632,0.0002524058,0.000281385,0.0002746984,0.001757526,0.00175808,0.001565,0.001536,1.251182e-05,0,0,1.524e-23,1.178e-24,0
step3000,3000,O,u,residual,1024,512-1024,1.258291e+07,0.0002400982,0.0002792469,0.000600783,0.0004797085,0.0007333324,0.001777778,0.00181378,0.001565,0.001536,1.16078e-05,0,0,1.524e-23,1.178e-24,0
step3000,3000,O,v,head,1024,spike,786432,0.06481373,0.06508057,0.02588806,0.09045861,0.09072403,0.009112803,0.01130346,0.001565,0.001536,0.000495166,3.269741e-06,3.465925e-05,1.524e-23,1.178e-24,3.028748e-06
step3000,3000,O,v,head,1024,32-64,786432,0.04696441,0.04723232,0.0115977,0.05821399,0.05847869,0.007194628,0.008362797,0.001565,0.001536,0.000139464,3.99635e-07,5.449568e-07,1.524e-23,1.178e-24,5.801508e-07
step3000,3000,O,v,head,1024,64-128,1572864,0.02863126,0.02890024,0.005700175,0.03406145,0.03432936,0.004988916,0.005459449,0.001565,0.001536,0.0001648014,0,0,1.524e-23,1.178e-24,0
step3000,3000,O,v,head,1024,128-256,3145728,0.01123027,0.01149711,0.001156934,0.01208005,0.01234689,0.002937235,0.002977816,0.001565,0.001536,3.880234e-05,0,0,1.524e-23,1.178e-24,0
step3000,3000,O,v,head,1024,256-512,6291456,0.002655994,0.002913227,0.0005226771,0.002391328,0.002658167,0.002001949,0.001968484,0.001565,0.001536,2.594947e-05,0,0,1.524e-23,1.178e-24,0
step3000,3000,O,v,head,1024,512-1024,1.258291e+07,0.006208,0.00647377,0.0021691,0.008332293,0.008599129,0.002362546,0.002487262,0.001565,0.001536,2.114659e-05,0,0,1.524e-23,1.178e-24,0
step3000,3000,MLP_IN,u,hidden,4096,spike,3145728,0.007546593,0.007552154,0.009088389,0.001783621,0.001850055,0.002379417,0.001975677,0.001565,0.001558,1.721176e-05,1.989092e-06,5.267915e-07,1.524e-23,8.299e-24,9.528089e-07
step3000,3000,MLP_IN,u,hidden,4096,32-64,3145728,0.001095051,0.00115843,0.0006574631,0.001414156,0.001475058,0.0018713,0.001926804,0.001565,0.001558,1.676368e-05,0,0,1.524e-23,8.299e-24,0
step3000,3000,MLP_IN,u,hidden,4096,64-128,6291456,0.0004419955,0.000504501,0.000866731,0.001108649,0.001173609,0.001803725,0.001895641,0.001565,0.001558,9.345643e-06,0,0,1.524e-23,8.299e-24,0
step3000,3000,MLP_IN,u,hidden,4096,128-256,1.258291e+07,0.000248938,0.000306525,0.000595967,0.0007141251,0.0007803187,0.001792395,0.001852583,0.001565,0.001558,1.716422e-05,0,0,1.524e-23,8.299e-24,0
step3000,3000,MLP_IN,u,hidden,4096,256-512,2.516582e+07,0.0001119804,0.0001293752,0.0003956397,0.000375877,0.0004393677,0.001777966,0.001809638,0.001565,0.001558,5.129456e-06,0,0,1.524e-23,8.299e-24,0
step3000,3000,MLP_IN,u,hidden,4096,512-1024,5.033165e+07,0.0001003892,9.824591e-05,0.0001567403,9.111202e-05,0.0001340762,0.001767968,0.001778827,0.001565,0.001558,4.116905e-06,0,0,1.524e-23,8.299e-24,0
step3000,3000,MLP_IN,v,residual,1024,spike,786432,0.001950999,0.001703349,0.00643336,0.004592616,0.0048595,0.001878066,0.002271162,0.001565,0.001536,2.374939e-05,0,0,1.524e-23,1.178e-24,0
step3000,3000,MLP_IN,v,residual,1024,32-64,786432,0.003646732,0.003909017,0.0009994507,0.003394128,0.003654982,0.00212475,0.002121226,0.001565,0.001536,4.080073e-05,0,0,1.524e-23,1.178e-24,0
step3000,3000,MLP_IN,v,residual,1024,64-128,1572864,0.002169274,0.00242229,0.0007071177,0.002196833,0.002439629,0.002009909,0.002010073,0.001565,0.001536,1.778678e-05,0,0,1.524e-23,1.178e-24,0
step3000,3000,MLP_IN,v,residual,1024,128-256,3145728,0.0006159563,0.0008591015,0.0004907608,0.0008964328,0.001156455,0.001820455,0.001850764,0.001565,0.001536,1.724383e-05,0,0,1.524e-23,1.178e-24,0
step3000,3000,MLP_IN,v,residual,1024,256-512,6291456,0.0003731326,0.0002707693,0.0004622777,0.0002566744,0.000399815,0.00174408,0.001761654,0.001565,0.001536,5.594721e-06,0,0,1.524e-23,1.178e-24,0
step3000,3000,MLP_IN,v,residual,1024,512-1024,1.258291e+07,0.0003519177,0.000583816,0.0002920469,0.000512802,0.0007786607,0.001795835,0.001832499,0.001565,0.001536,3.220612e-06,0,0,1.524e-23,1.178e-24,0
step3000,3000,MLP_OUT,u,residual,1024,spike,786432,0.0007154599,0.0008787361,0.01045507,0.01056431,0.01083222,0.00181496,0.002890487,0.001565,0.001536,2.400169e-05,2.906436e-07,3.887358e-06,1.524e-23,1.178e-24,3.979801e-07
step3000,3000,MLP_OUT,u,residual,1024,32-64,786432,0.002276607,0.002537778,0.005410004,0.007353368,0.007618158,0.001946295,0.002531251,0.001565,0.001536,2.686047e-05,0,0,1.524e-23,1.178e-24,0
step3000,3000,MLP_OUT,u,residual,1024,64-128,1572864,0.002070357,0.002332687,0.00289917,0.004745161,0.00501102,0.001985804,0.002278664,0.001565,0.001536,1.614847e-05,0,0,1.524e-23,1.178e-24,0
step3000,3000,MLP_OUT,u,residual,1024,128-256,3145728,0.001521789,0.001779022,0.0007938385,0.002051229,0.002314948,0.001897875,0.001980073,0.001565,0.001536,1.064157e-05,0,0,1.524e-23,1.178e-24,0
step3000,3000,MLP_OUT,u,residual,1024,256-512,6291456,0.0003004738,0.0005041136,0.0003153801,0.0002871268,0.0005041877,0.001794792,0.001781178,0.001565,0.001536,1.823281e-05,0,0,1.524e-23,1.178e-24,0
step3000,3000,MLP_OUT,u,residual,1024,512-1024,1.258291e+07,0.0007280327,0.0008964294,0.001376836,0.001524883,0.001791723,0.001878738,0.001943018,0.001565,0.001536,1.17841e-05,0,0,1.524e-23,1.178e-24,0
step3000,3000,MLP_OUT,v,hidden,4096,spike,3145728,0.007067698,0.007134646,0.001997757,0.005209523,0.005276738,0.002717127,0.002341616,0.001565,0.001558,2.323502e-05,7.901873e-07,9.355091e-07,1.524e-23,8.299e-24,5.558232e-07
step3000,3000,MLP_OUT,v,hidden,4096,32-64,3145728,0.002600588,0.002666746,0.001546542,0.004020516,0.004086694,0.002048184,0.002218546,0.001565,0.001558,3.117688e-05,0,0,1.524e-23,8.299e-24,0
step3000,3000,MLP_OUT,v,hidden,4096,64-128,6291456,0.002442105,0.002508161,0.001067479,0.003329831,0.003395989,0.001996358,0.002130958,0.001565,0.001558,7.844967e-06,0,0,1.524e-23,8.299e-24,0
step3000,3000,MLP_OUT,v,hidden,4096,128-256,1.258291e+07,0.002156028,0.00222269,0.0003269037,0.002294313,0.002360748,0.001967837,0.002018577,0.001565,0.001558,6.2575e-06,0,0,1.524e-23,8.299e-24,0
step3000,3000,MLP_OUT,v,hidden,4096,256-512,2.516582e+07,0.001614652,0.0016816,0.0005657514,0.001103989,0.00117069,0.001914845,0.001889021,0.001565,0.001558,7.840691e-06,0,0,1.524e-23,8.299e-24,0
step3000,3000,MLP_OUT,v,hidden,4096,512-1024,5.033165e+07,0.0005354513,0.0006012409,0.0003467639,0.0002369255,0.0002976752,0.001821497,0.001790047,0.001565,0.001558,4.097826e-06,0,0,1.524e-23,8.299e-24,0
step4000,4000,Q,u,head,1024,spike,786432,0.04041599,0.04067962,0.01072947,0.0472883,0.04755728,0.005939048,0.005838558,0.001565,0.001536,0.0001659493,1.126244e-06,0.0001195635,1.524e-23,1.178e-24,1.030786e-06
step4000,4000,Q,u,head,1024,32-64,786432,0.02017929,0.02044826,0.001366425,0.0197823,0.02005128,0.003881909,0.004069119,0.001565,0.001536,0.0001759927,2.906436e-07,0,1.524e-23,1.178e-24,6.498988e-07
step4000,4000,Q,u,head,1024,64-128,1572864,0.01022302,0.01049093,0.001915487,0.01171457,0.01198248,0.002758589,0.00295857,0.001565,0.001536,6.376338e-05,0,0,1.524e-23,1.178e-24,0
step4000,4000,Q,u,head,1024,128-256,3145728,0.004403598,0.004666349,0.0007460276,0.004814689,0.005078319,0.002143487,0.002193669,0.001565,0.001536,1.970533e-05,0,0,1.524e-23,1.178e-24,0
step4000,4000,Q,u,head,1024,256-512,6291456,0.001123612,0.001381577,0.0005028407,0.0008465051,0.001103621,0.001867776,0.001827172,0.001565,0.001536,7.393049e-06,0,0,1.524e-23,1.178e-24,0
step4000,4000,Q,u,head,1024,512-1024,1.258291e+07,0.001834109,0.002099726,0.001449203,0.003209561,0.003473809,0.001998547,0.002101832,0.001565,0.001536,1.364377e-05,0,0,1.524e-23,1.178e-24,0
step4000,4000,Q,v,residual,1024,spike,786432,0.002984869,0.00324604,0.005102793,0.007570855,0.007835235,0.002112725,0.002611251,0.001565,0.001536,4.175486e-05,0,0,1.524e-23,1.178e-24,0
step4000,4000,Q,v,residual,1024,32-64,786432,0.004348143,0.004610158,0.001561991,0.005570026,0.005835884,0.002160172,0.002314577,0.001565,0.001536,3.800645e-05,0,0,1.524e-23,1.178e-24,0
step4000,4000,Q,v,residual,1024,64-128,1572864,0.001940278,0.002205683,0.001874415,0.003439306,0.00370619,0.001948166,0.0021294,0.001565,0.001536,1.313758e-05,0,0,1.524e-23,1.178e-24,0
step4000,4000,Q,v,residual,1024,128-256,3145728,0.0003232789,0.0003993136,0.001141802,0.001060268,0.001313394,0.001791627,0.001884951,0.001565,0.001536,2.839385e-05,0,0,1.524e-23,1.178e-24,0
step4000,4000,Q,v,residual,1024,256-512,6291456,0.0002793056,0.0002125063,0.0004467646,0.0002980291,0.0004178825,0.001751427,0.001765178,0.001565,0.001536,1.339264e-05,0,0,1.524e-23,1.178e-24,0
step4000,4000,Q,v,residual,1024,512-1024,1.258291e+07,0.000209034,0.000291281,0.0008056641,0.000755926,0.001015714,0.001772572,0.001849388,0.001565,0.001536,1.448563e-05,0,0,1.524e-23,1.178e-24,0
step4000,4000,K,u,head,1024,spike,786432,0.04172773,0.04199136,0.01528473,0.05426183,0.0545308,0.006025841,0.005513981,0.001565,0.001536,0.0001942148,5.66755e-06,0.0001776559,1.524e-23,1.178e-24,7.959603e-07
step4000,4000,K,u,head,1024,32-64,786432,0.01957019,0.01983403,0.001687622,0.01880447,0.01907345,0.003828539,0.003963143,0.001565,0.001536,0.0001348384,0,0,1.524e-23,1.178e-24,0
step4000,4000,K,u,head,1024,64-128,1572864,0.008697484,0.008964368,0.002719752,0.01110219,0.01137009,0.002679861,0.002918589,0.001565,0.001536,5.094247e-05,0,0,1.524e-23,1.178e-24,0
step4000,4000,K,u,head,1024,128-256,3145728,0.00319472,0.003461604,0.001391284,0.004419888,0.004686728,0.002055904,0.002159164,0.001565,0.001536,1.208646e-05,0,0,1.524e-23,1.178e-24,0
step4000,4000,K,u,head,1024,256-512,6291456,0.0006403412,0.000899272,0.0004931768,0.0008933683,0.001153715,0.001815587,0.001821859,0.001565,0.001536,1.479716e-05,0,0,1.524e-23,1.178e-24,0
step4000,4000,K,u,head,1024,512-1024,1.258291e+07,0.001478024,0.001743274,0.001704359,0.003127084,0.003394993,0.001945219,0.002057777,0.001565,0.001536,1.122066e-05,0,0,1.524e-23,1.178e-24,0
step4000,4000,K,v,residual,1024,spike,786432,0.001067997,0.000820433,0.006179047,0.005335564,0.005601378,0.001749565,0.002414485,0.001565,0.001536,4.631146e-05,0,0,1.524e-23,1.178e-24,0
step4000,4000,K,v,residual,1024,32-64,786432,0.001748847,0.001997938,0.002791087,0.003686738,0.003953666,0.001874106,0.002194904,0.001565,0.001536,3.849335e-05,0,0,1.524e-23,1.178e-24,0
step4000,4000,K,v,residual,1024,64-128,1572864,0.0005358337,0.0006882793,0.002219264,0.002335861,0.002597964,0.001784733,0.002020681,0.001565,0.001536,2.725654e-05,0,0,1.524e-23,1.178e-24,0
step4000,4000,K,v,residual,1024,128-256,3145728,0.0004307238,0.0005420501,0.0009436925,0.0008010379,0.001057201,0.001760882,0.001852671,0.001565,0.001536,1.968975e-05,0,0,1.524e-23,1.178e-24,0
step4000,4000,K,v,residual,1024,256-512,6291456,0.0003769716,0.0002690502,0.0004237493,0.0003108444,0.0003092237,0.001737595,0.001764634,0.001565,0.001536,1.316461e-05,0,0,1.524e-23,1.178e-24,0
step4000,4000,K,v,residual,1024,512-1024,1.258291e+07,0.000326496,0.0001657816,0.0005788008,0.0003284213,0.000577237,0.001752168,0.001806016,0.001565,0.001536,1.056172e-05,0,0,1.524e-23,1.178e-24,0
step4000,4000,V,u,head,1024,spike,786432,0.03625951,0.03652849,0.01517741,0.02137134,0.02163929,0.006252143,0.004576837,0.001565,0.001536,0.0002816225,1.453218e-07,6.902786e-07,1.524e-23,1.178e-24,3.249494e-07
step4000,4000,V,u,head,1024,32-64,786432,0.01547254,0.0157405,0.00314738,0.01269849,0.01296645,0.003770737,0.003428432,0.001565,0.001536,0.0001447387,0,0,1.524e-23,1.178e-24,0
step4000,4000,V,u,head,1024,64-128,1572864,0.004863071,0.005127406,0.002139537,0.006782987,0.007048801,0.002367946,0.002620552,0.001565,0.001536,6.545777e-05,0,0,1.524e-23,1.178e-24,0
step4000,4000,V,u,head,1024,128-256,3145728,0.0008090933,0.001033533,0.001699829,0.002233084,0.002495325,0.001830837,0.00201812,0.001565,0.001536,2.419196e-05,0,0,1.524e-23,1.178e-24,0
step4000,4000,V,u,head,1024,256-512,6291456,0.0002327636,0.0003795742,0.0003603935,0.0002773356,0.0004916995,0.001775088,0.001773039,0.001565,0.001536,1.717616e-05,0,0,1.524e-23,1.178e-24,0
step4000,4000,V,u,head,1024,512-1024,1.258291e+07,0.0006392188,0.0009029382,0.001023293,0.001567752,0.001833365,0.001832358,0.001923202,0.001565,0.001536,9.279961e-06,0,0,1.524e-23,1.178e-24,0
step4000,4000,V,v,residual,1024,spike,786432,0.01298802,0.01325486,0.00422465,0.008872297,0.009138827,0.003004165,0.002717045,0.001565,0.001536,5.609379e-05,0,0,1.524e-23,1.178e-24,0
step4000,4000,V,v,residual,1024,32-64,786432,0.005616711,0.005877709,0.0009628296,0.005815099,0.006081983,0.00233652,0.002403986,0.001565,0.001536,5.492339e-05,0,0,1.524e-23,1.178e-24,0
step4000,4000,V,v,residual,1024,64-128,1572864,0.0022323,0.002495566,0.001753235,0.003673887,0.003934965,0.00198466,0.002152852,0.001565,0.001536,3.57907e-05,0,0,1.524e-23,1.178e-24,0
step4000,4000,V,v,residual,1024,128-256,3145728,0.0004262327,0.0006439329,0.001230367,0.001290161,0.001555828,0.001778385,0.001908057,0.001565,0.001536,2.144967e-05,0,0,1.524e-23,1.178e-24,0
step4000,4000,V,v,residual,1024,256-512,6291456,0.0003433802,0.000223662,0.0003270785,0.0002608655,0.0003066461,0.001749066,0.001765619,0.001565,0.001536,6.688093e-06,0,0,1.524e-23,1.178e-24,0
step4000,4000,V,v,residual,1024,512-1024,1.258291e+07,0.0002678874,0.0005084988,0.0006940842,0.0007789396,0.001045407,0.001801734,0.001852447,0.001565,0.001536,1.173267e-05,5.676633e-08,0,1.524e-23,1.178e-24,1.269334e-07
step4000,4000,O,u,residual,1024,spike,786432,0.0009732337,0.00108757,0.005078125,0.00526983,0.00553421,0.001817976,0.002354649,0.001565,0.001536,3.809569e-05,1.271566e-06,2.179827e-06,1.524e-23,1.178e-24,1.557344e-06
step4000,4000,O,u,residual,1024,32-64,786432,0.0005824932,0.0007680311,0.003452301,0.003656734,0.003918529,0.001810964,0.002124823,0.001565,0.001536,5.080349e-05,0,0,1.524e-23,1.178e-24,0
step4000,4000,O,u,residual,1024,64-128,1572864,0.0007006355,0.0009397089,0.001812108,0.002180947,0.00243605,0.001830019,0.002024732,0.001565,0.001536,1.754245e-05,0,0,1.524e-23,1.178e-24,0
step4000,4000,O,u,residual,1024,128-256,3145728,0.0003585393,0.0005451062,0.0007277807,0.0007966037,0.001027114,0.001776986,0.001859247,0.001565,0.001536,1.517169e-05,0,0,1.524e-23,1.178e-24,0
step4000,4000,O,u,residual,1024,256-512,6291456,0.0004202035,0.0002518452,0.0004538536,0.0002907619,0.0002892291,0.001744211,0.001760201,0.001565,0.001536,1.648678e-05,0,0,1.524e-23,1.178e-24,0
step4000,4000,O,u,residual,1024,512-1024,1.258291e+07,0.0001568132,0.0002325124,0.0005039851,0.0004138247,0.0006741574,0.001769572,0.001807656,0.001565,0.001536,6.425239e-06,0,0,1.524e-23,1.178e-24,0
step4000,4000,O,v,head,1024,spike,786432,0.06246769,0.06273453,0.02269897,0.08506946,0.08533416,0.008760361,0.01088889,0.001565,0.001536,0.0007138852,8.356004e-07,2.045404e-05,1.524e-23,1.178e-24,2.437121e-07
step4000,4000,O,v,head,1024,32-64,786432,0.04554677,0.04581575,0.01039632,0.05567798,0.05594268,0.00695492,0.008015188,0.001565,0.001536,0.0001423869,2.906436e-07,2.906436e-07,1.524e-23,1.178e-24,3.979801e-07
step4000,4000,O,v,head,1024,64-128,1572864,0.03110338,0.03137022,0.002891032,0.03365027,0.03391497,0.005250222,0.005303192,0.001565,0.001536,0.0001750297,0,0,1.524e-23,1.178e-24,0
step4000,4000,O,v,head,1024,128-256,3145728,0.01399585,0.01426483,0.001653163,0.01252526,0.01279317,0.003213465,0.002954837,0.001565,0.001536,3.180545e-05,0,0,1.524e-23,1.178e-24,0
step4000,4000,O,v,head,1024,256-512,6291456,0.00326309,0.003524042,0.001197751,0.002284784,0.002549273,0.002048093,0.001968388,0.001565,0.001536,2.264954e-05,0,0,1.524e-23,1.178e-24,0
step4000,4000,O,v,head,1024,512-1024,1.258291e+07,0.007199826,0.007468805,0.001081308,0.008147026,0.008412796,0.002458118,0.002496363,0.001565,0.001536,2.990991e-05,0,0,1.524e-23,1.178e-24,0
step4000,4000,MLP_IN,u,hidden,4096,spike,3145728,0.008072279,0.008111564,0.008969243,0.002669273,0.00273447,0.00248642,0.002047557,0.001565,0.001558,3.245732e-05,3.61488e-06,2.842858e-06,1.524e-23,8.299e-24,5.65935e-07
step4000,4000,MLP_IN,u,hidden,4096,32-64,3145728,0.001429791,0.001494111,0.000762558,0.001962083,0.002025822,0.001912144,0.001980836,0.001565,0.001558,8.191338e-06,0,0,1.524e-23,8.299e-24,0
step4000,4000,MLP_IN,u,hidden,4096,64-128,6291456,0.0007531728,0.0008186474,0.0009216309,0.001498898,0.001563501,0.001840759,0.001950673,0.001565,0.001558,5.734525e-06,0,0,1.524e-23,8.299e-24,0
step4000,4000,MLP_IN,u,hidden,4096,128-256,1.258291e+07,0.0005667641,0.0006310464,0.0004781087,0.0009076929,0.0009725064,0.001817728,0.001873863,0.001565,0.001558,1.001416e-05,0,0,1.524e-23,8.299e-24,0
step4000,4000,MLP_IN,u,hidden,4096,256-512,2.516582e+07,0.0002034531,0.0002630126,0.0003074408,0.0004048194,0.000470294,0.001793475,0.001816488,0.001565,0.001558,5.239786e-06,0,0,1.524e-23,8.299e-24,0
step4000,4000,MLP_IN,u,hidden,4096,512-1024,5.033165e+07,0.0001252224,0.0001236091,0.000155131,8.494134e-05,0.0001087213,0.001774293,0.001774644,0.001565,0.001558,4.33517e-06,0,0,1.524e-23,8.299e-24,0
step4000,4000,MLP_IN,v,residual,1024,spike,786432,0.001503402,0.001300059,0.007917531,0.006513251,0.006776606,0.001912617,0.002475557,0.001565,0.001536,4.510667e-05,0,0,1.524e-23,1.178e-24,0
step4000,4000,MLP_IN,v,residual,1024,32-64,786432,0.004795225,0.005057466,0.001060994,0.004904071,0.005166312,0.002209146,0.00226742,0.001565,0.001536,4.236035e-05,0,0,1.524e-23,1.178e-24,0
step4000,4000,MLP_IN,v,residual,1024,64-128,1572864,0.003397009,0.003652217,0.0005643209,0.003445346,0.003707542,0.002099482,0.002087511,0.001565,0.001536,2.344041e-05,0,0,1.524e-23,1.178e-24,0
step4000,4000,MLP_IN,v,residual,1024,128-256,3145728,0.001416652,0.001672859,0.0005275726,0.001618731,0.001876155,0.001884034,0.001905051,0.001565,0.001536,2.813076e-05,0,0,1.524e-23,1.178e-24,0
step4000,4000,MLP_IN,v,residual,1024,256-512,6291456,0.0002502529,0.0003600343,0.000275898,0.0002619839,0.0003679517,0.001769016,0.001771191,0.001565,0.001536,1.399112e-05,0,0,1.524e-23,1.178e-24,0
step4000,4000,MLP_IN,v,residual,1024,512-1024,1.258291e+07,0.0007275964,0.0009944804,0.0004684607,0.001074675,0.00133387,0.001856139,0.00189763,0.001565,0.001536,1.229838e-05,0,0,1.524e-23,1.178e-24,0
step4000,4000,MLP_OUT,u,residual,1024,spike,786432,0.002252367,0.002491013,0.01095022,0.01292788,0.01319584,0.002013034,0.00290887,0.001565,0.001536,5.761862e-05,3.705706e-06,2.107166e-05,1.524e-23,1.178e-24,4.210651e-06
step4000,4000,MLP_OUT,u,residual,1024,32-64,786432,0.001669172,0.001925219,0.005796051,0.007185,0.007452909,0.001915632,0.002532341,0.001565,0.001536,2.921486e-05,0,0,1.524e-23,1.178e-24,0
step4000,4000,MLP_OUT,u,residual,1024,64-128,1572864,0.002002276,0.002257343,0.002832921,0.004635644,0.004897884,0.001987966,0.002240226,0.001565,0.001536,4.471343e-05,0,0,1.524e-23,1.178e-24,0
step4000,4000,MLP_OUT,u,residual,1024,128-256,3145728,0.00144956,0.001716444,0.0009561539,0.001973323,0.002230783,0.001897167,0.001956041,0.001565,0.001536,1.424503e-05,0,0,1.524e-23,1.178e-24,0
step4000,4000,MLP_OUT,u,residual,1024,256-512,6291456,0.0002438981,0.0004980916,0.0003282865,0.0002905319,0.0005072098,0.001782749,0.00179051,0.001565,0.001536,1.146622e-05,0,0,1.524e-23,1.178e-24,0
step4000,4000,MLP_OUT,u,residual,1024,512-1024,1.258291e+07,0.0007397629,0.0008969816,0.001606687,0.0014841,0.001746341,0.00186503,0.001932594,0.001565,0.001536,1.11134e-05,0,0,1.524e-23,1.178e-24,0
step4000,4000,MLP_OUT,v,hidden,4096,spike,3145728,0.008584194,0.008650638,0.003713989,0.005073655,0.0051401,0.002951849,0.002318519,0.001565,0.001558,5.030033e-05,1.998175e-06,2.561297e-06,1.524e-23,8.299e-24,7.632908e-07
step4000,4000,MLP_OUT,v,hidden,4096,32-64,3145728,0.002954924,0.003021247,0.001316579,0.004082795,0.004148595,0.002093024,0.002210599,0.001565,0.001558,2.038234e-05,0,0,1.524e-23,8.299e-24,0
step4000,4000,MLP_OUT,v,hidden,4096,64-128,6291456,0.002202316,0.002267582,0.0009565989,0.002958403,0.003024828,0.001990577,0.002114786,0.001565,0.001558,1.537792e-05,0,0,1.524e-23,8.299e-24,0
step4000,4000,MLP_OUT,v,hidden,4096,128-256,1.258291e+07,0.002075593,0.002141659,0.0002752304,0.002046,0.002112958,0.00194545,0.001992791,0.001565,0.001558,8.045769e-06,0,0,1.524e-23,8.299e-24,0
step4000,4000,MLP_OUT,v,hidden,4096,256-512,2.516582e+07,0.001517455,0.001583449,0.0005211751,0.001072817,0.001138093,0.001902425,0.001877385,0.001565,0.001558,1.424024e-05,0,0,1.524e-23,8.299e-24,0
step4000,4000,MLP_OUT,v,hidden,4096,512-1024,5.033165e+07,0.0006138937,0.0006791353,0.0004975796,0.0001952347,0.0002559852,0.001818755,0.001791829,0.001565,0.001558,8.185028e-06,0,0,1.524e-23,8.299e-24,0
step6000,6000,Q,u,head,1024,spike,786432,0.0430377,0.04330133,0.01640625,0.05709487,0.05736385,0.005898285,0.006105078,0.001565,0.001536,0.0001234201,1.671201e-06,0.0001456851,1.524e-23,1.178e-24,7.423334e-07
step6000,6000,Q,u,head,1024,32-64,786432,0.0260237,0.02628947,0.001437378,0.02617288,0.02643972,0.004252189,0.004413859,0.001565,0.001536,0.0003101105,0,0,1.524e-23,1.178e-24,0
step6000,6000,Q,u,head,1024,64-128,1572864,0.01795215,0.01821685,0.001851018,0.01638129,0.01664706,0.003343219,0.003223674,0.001565,0.001536,9.415965e-05,0,0,1.524e-23,1.178e-24,0
step6000,6000,Q,u,head,1024,128-256,3145728,0.009904032,0.01016873,0.002454948,0.00770642,0.007970051,0.002601832,0.002352142,0.001565,0.001536,1.958869e-05,0,0,1.524e-23,1.178e-24,0
step6000,6000,Q,u,head,1024,256-512,6291456,0.002934434,0.003200249,0.001260471,0.001770936,0.002028124,0.0020006,0.001885673,0.001565,0.001536,7.322203e-06,0,0,1.524e-23,1.178e-24,0
step6000,6000,Q,u,head,1024,512-1024,1.258291e+07,0.004109401,0.004377355,0.0006366571,0.00461261,0.00487945,0.002295846,0.002274198,0.001565,0.001536,1.659853e-05,0,0,1.524e-23,1.178e-24,0
step6000,6000,Q,v,residual,1024,spike,786432,0.003373661,0.003623893,0.00705541,0.009974462,0.01024344,0.002116903,0.002811759,0.001565,0.001536,1.458352e-05,0,0,1.524e-23,1.178e-24,0
step6000,6000,Q,v,residual,1024,32-64,786432,0.005602769,0.00586394,0.002465566,0.007553668,0.007819527,0.002204277,0.002534449,0.001565,0.001536,4.080643e-05,0,0,1.524e-23,1.178e-24,0
step6000,6000,Q,v,residual,1024,64-128,1572864,0.003631907,0.003896607,0.00133667,0.004729634,0.004994379,0.002067421,0.002205912,0.001565,0.001536,1.415994e-05,0,0,1.524e-23,1.178e-24,0
step6000,6000,Q,v,residual,1024,128-256,3145728,0.0009556866,0.001209537,0.001221275,0.001993556,0.002259415,0.001831672,0.001957294,0.001565,0.001536,1.013773e-05,0,0,1.524e-23,1.178e-24,0
step6000,6000,Q,v,residual,1024,256-512,6291456,0.0003007745,0.0003336884,0.0003322283,0.0002645406,0.0003843155,0.001747872,0.001770069,0.001565,0.001536,1.50468e-05,0,0,1.524e-23,1.178e-24,0
step6000,6000,Q,v,residual,1024,512-1024,1.258291e+07,0.0003295777,0.0005720352,0.0008158366,0.001024874,0.001291802,0.001800928,0.001887785,0.001565,0.001536,9.858717e-06,0,0,1.524e-23,1.178e-24,0
step6000,6000,K,u,head,1024,spike,786432,0.04777962,0.04804325,0.028066,0.07372568,0.07399466,0.00635772,0.006281789,0.001565,0.001536,0.0001749729,4.178002e-06,0.0002516247,1.524e-23,1.178e-24,1.316196e-06
step6000,6000,K,u,head,1024,32-64,786432,0.02773024,0.02799494,0.001550293,0.02828607,0.02855184,0.004443505,0.004713949,0.001565,0.001536,0.0001429767,0,0,1.524e-23,1.178e-24,0
step6000,6000,K,u,head,1024,64-128,1572864,0.01768274,0.01794708,0.0008539836,0.01792214,0.01818684,0.003443,0.003406289,0.001565,0.001536,6.102085e-05,0,0,1.524e-23,1.178e-24,0
step6000,6000,K,u,head,1024,128-256,3145728,0.008503077,0.008769916,0.0007533391,0.008114677,0.008381517,0.002545929,0.002411107,0.001565,0.001536,5.749972e-05,0,0,1.524e-23,1.178e-24,0
step6000,6000,K,u,head,1024,256-512,6291456,0.001722103,0.001988991,0.0004302661,0.001893146,0.002151953,0.001926036,0.0018858,0.001565,0.001536,1.94421e-05,0,0,1.524e-23,1.178e-24,0
step6000,6000,K,u,head,1024,512-1024,1.258291e+07,0.003503716,0.00376962,0.001737118,0.00506903,0.00533373,0.002193985,0.002284354,0.001565,0.001536,1.992508e-05,0,0,1.524e-23,1.178e-24,0
step6000,6000,K,v,residual,1024,spike,786432,0.001039758,0.001004939,0.00722758,0.006727891,0.006991246,0.001798503,0.002580298,0.001565,0.001536,3.361877e-05,0,0,1.524e-23,1.178e-24,0
step6000,6000,K,v,residual,1024,32-64,786432,0.002396648,0.002645366,0.003016663,0.004924417,0.005186431,0.001928965,0.00235741,0.001565,0.001536,5.989678e-05,0,0,1.524e-23,1.178e-24,0
step6000,6000,K,v,residual,1024,64-128,1572864,0.001459199,0.001714713,0.001892853,0.00312708,0.003391825,0.001873779,0.002078629,0.001565,0.001536,2.549341e-05,0,0,1.524e-23,1.178e-24,0
step6000,6000,K,v,residual,1024,128-256,3145728,0.0005179769,0.0006109959,0.001049741,0.001075966,0.001336999,0.001796632,0.001861291,0.001565,0.001536,1.7158e-05,0,0,1.524e-23,1.178e-24,0
step6000,6000,K,v,residual,1024,256-512,6291456,0.0003459467,0.0003192087,0.0003474871,0.0002808946,0.0002549492,0.00176101,0.001748199,0.001565,0.001536,1.258592e-05,0,0,1.524e-23,1.178e-24,0
step6000,6000,K,v,residual,1024,512-1024,1.258291e+07,0.0002014785,0.0002060799,0.0007119656,0.000549922,0.0008115172,0.001765714,0.001829863,0.001565,0.001536,1.306813e-05,0,0,1.524e-23,1.178e-24,0
step6000,6000,V,u,head,1024,spike,786432,0.04594207,0.04620998,0.01321233,0.03309051,0.03335949,0.007114011,0.006014252,0.001565,0.001536,0.0001667689,0,5.812872e-07,1.524e-23,1.178e-24,0
step6000,6000,V,u,head,1024,32-64,786432,0.02489689,0.0251648,0.005344645,0.01991429,0.02018327,0.004793658,0.004310935,0.001565,0.001536,0.0001455242,0,0,1.524e-23,1.178e-24,0
step6000,6000,V,u,head,1024,64-128,1572864,0.01042065,0.01068963,0.001376724,0.01174842,0.0120174,0.003008688,0.003093792,0.001565,0.001536,8.938443e-05,0,0,1.524e-23,1.178e-24,0
step6000,6000,V,u,head,1024,128-256,3145728,0.00241272,0.002676484,0.00139122,0.003641846,0.003909755,0.002041753,0.002165649,0.001565,0.001536,1.061474e-05,0,0,1.524e-23,1.178e-24,0
step6000,6000,V,u,head,1024,256-512,6291456,0.0006195513,0.0008808536,0.0004929543,0.0004340721,0.0006599358,0.00182165,0.001792672,0.001565,0.001536,1.522155e-05,0,0,1.524e-23,1.178e-24,0
step6000,6000,V,u,head,1024,512-1024,1.258291e+07,0.001242413,0.001511392,0.001592493,0.002776088,0.003042927,0.001892056,0.002028052,0.001565,0.001536,1.298856e-05,0,0,1.524e-23,1.178e-24,0
step6000,6000,V,v,residual,1024,spike,786432,0.01992359,0.02018926,0.003191376,0.01704079,0.01730442,0.003394826,0.003415716,0.001565,0.001536,9.338e-05,0,0,1.524e-23,1.178e-24,0
step6000,6000,V,v,residual,1024,32-64,786432,0.01242792,0.01269583,0.00132548,0.01303303,0.01329987,0.002847399,0.002991558,0.001565,0.001536,3.435437e-05,0,0,1.524e-23,1.178e-24,0
step6000,6000,V,v,residual,1024,64-128,1572864,0.006370723,0.006635004,0.002092743,0.008206787,0.008473671,0.00233405,0.002508708,0.001565,0.001536,3.308466e-05,0,0,1.524e-23,1.178e-24,0
step6000,6000,V,v,residual,1024,128-256,3145728,0.00167327,0.001933263,0.00206159,0.003502133,0.003761915,0.001911554,0.002075104,0.001565,0.001536,2.181389e-05,0,0,1.524e-23,1.178e-24,0
step6000,6000,V,v,residual,1024,256-512,6291456,0.0003143688,0.0003268336,0.0006277084,0.0004467491,0.0006558867,0.001761559,0.00179793,0.001565,0.001536,1.387492e-05,0,0,1.524e-23,1.178e-24,0
step6000,6000,V,v,residual,1024,512-1024,1.258291e+07,0.001081007,0.001344222,0.0009552479,0.001895632,0.002156621,0.001891536,0.001989099,0.001565,0.001536,1.067799e-05,1.566751e-07,0,1.524e-23,1.178e-24,2.363007e-07
step6000,6000,O,u,residual,1024,spike,786432,0.002246107,0.002496432,0.005125936,0.007011366,0.007275746,0.001976086,0.002415793,0.001565,0.001536,4.720628e-05,6.212507e-06,1.235235e-05,1.524e-23,1.178e-24,2.468734e-06
step6000,6000,O,u,residual,1024,32-64,786432,0.001035698,0.001251992,0.003365835,0.003509968,0.003765949,0.00186001,0.002133288,0.001565,0.001536,2.568745e-05,0,0,1.524e-23,1.178e-24,0
step6000,6000,O,u,residual,1024,64-128,1572864,0.0005978059,0.0006990288,0.001861699,0.001851831,0.002106828,0.001794016,0.001992253,0.001565,0.001536,1.945772e-05,0,0,1.524e-23,1.178e-24,0
step6000,6000,O,u,residual,1024,128-256,3145728,0.0004129846,0.0005261937,0.0007188797,0.0006806882,0.000915472,0.001769402,0.001840183,0.001565,0.001536,2.593564e-05,0,0,1.524e-23,1.178e-24,0
step6000,6000,O,u,residual,1024,256-512,6291456,0.000352379,0.0002435982,0.0004108111,0.0003433048,0.0002406252,0.001756132,0.001749647,0.001565,0.001536,1.002905e-05,0,0,1.524e-23,1.178e-24,0
step6000,6000,O,u,residual,1024,512-1024,1.258291e+07,0.0001660439,0.0002664787,0.0005612691,0.0004776788,0.0007278216,0.001771252,0.001808087,0.001565,0.001536,1.530828e-05,0,0,1.524e-23,1.178e-24,0
step6000,6000,O,v,head,1024,spike,786432,0.05887912,0.05914275,0.01347936,0.07184641,0.07211432,0.008250754,0.009756034,0.001565,0.001536,0.0005404143,5.812872e-07,7.811047e-06,1.524e-23,1.178e-24,6.079247e-07
step6000,6000,O,v,head,1024,32-64,786432,0.0398708,0.04013657,0.007910665,0.0474148,0.04768271,0.006386167,0.007171231,0.001565,0.001536,0.0002136441,0,0,1.524e-23,1.178e-24,0
step6000,6000,O,v,head,1024,64-128,1572864,0.02947771,0.02974562,0.001746241,0.02842689,0.0286948,0.005076417,0.004742177,0.001565,0.001536,0.000100319,0,0,1.524e-23,1.178e-24,0
step6000,6000,O,v,head,1024,128-256,3145728,0.01541801,0.01568592,0.004930814,0.01058893,0.0108556,0.00339707,0.002777272,0.001565,0.001536,2.861748e-05,0,0,1.524e-23,1.178e-24,0
step6000,6000,O,v,head,1024,256-512,6291456,0.003935175,0.004199875,0.002149169,0.001853813,0.002118513,0.00210787,0.001919015,0.001565,0.001536,1.654879e-05,0,0,1.524e-23,1.178e-24,0
step6000,6000,O,v,head,1024,512-1024,1.258291e+07,0.007591984,0.00785919,0.0007386525,0.006955542,0.007224521,0.002525321,0.00241268,0.001565,0.001536,2.888484e-05,0,0,1.524e-23,1.178e-24,0
step6000,6000,MLP_IN,u,hidden,4096,spike,3145728,0.008809723,0.008849008,0.009507497,0.004961879,0.00502857,0.002652886,0.002151653,0.001565,0.001558,3.782043e-05,7.175264e-06,8.837382e-06,1.524e-23,8.299e-24,1.678134e-06
step6000,6000,MLP_IN,u,hidden,4096,32-64,3145728,0.001939345,0.002004243,0.0009739558,0.00258901,0.002655701,0.001966495,0.002084015,0.001565,0.001558,1.315395e-05,3.633045e-08,0,1.524e-23,8.299e-24,8.123736e-08
step6000,6000,MLP_IN,u,hidden,4096,64-128,6291456,0.001154464,0.001219008,0.0009373347,0.002024001,0.002090949,0.001893752,0.001998656,0.001565,0.001558,1.95247e-05,0,0,1.524e-23,8.299e-24,0
step6000,6000,MLP_IN,u,hidden,4096,128-256,1.258291e+07,0.0009764834,0.00104255,0.0004965146,0.001350552,0.001417244,0.001876879,0.001921565,0.001565,0.001558,8.053677e-06,0,0,1.524e-23,8.299e-24,0
step6000,6000,MLP_IN,u,hidden,4096,256-512,2.516582e+07,0.0005165739,0.0005815876,0.000212733,0.0006388925,0.0007053172,0.001825557,0.00184302,0.001565,0.001558,6.167029e-06,0,0,1.524e-23,8.299e-24,0
step6000,6000,MLP_IN,u,hidden,4096,512-1024,5.033165e+07,0.00016126,0.0002251925,0.0001345714,0.0001286515,0.0001860711,0.001789201,0.001781939,0.001565,0.001558,5.873043e-06,5.676633e-08,0,1.524e-23,8.299e-24,3.717003e-08
step6000,6000,MLP_IN,v,residual,1024,spike,786432,0.001081657,0.001057996,0.01043549,0.01005246,0.01031935,0.001929619,0.002727945,0.001565,0.001536,4.280708e-05,0,0,1.524e-23,1.178e-24,0
step6000,6000,MLP_IN,v,residual,1024,32-64,786432,0.00641258,0.006678394,0.002010345,0.007766027,0.008029293,0.002296738,0.002450743,0.001565,0.001536,3.412443e-05,0,0,1.524e-23,1.178e-24,0
step6000,6000,MLP_IN,v,residual,1024,64-128,1572864,0.005522357,0.005788171,0.0006701152,0.00550897,0.005771166,0.002209618,0.002272542,0.001565,0.001536,1.583634e-05,0,0,1.524e-23,1.178e-24,0
step6000,6000,MLP_IN,v,residual,1024,128-256,3145728,0.003148258,0.003411568,0.0006590525,0.002884763,0.003150533,0.002024169,0.002000845,0.001565,0.001536,1.161779e-05,0,0,1.524e-23,1.178e-24,0
step6000,6000,MLP_IN,v,residual,1024,256-512,6291456,0.0005346477,0.0007806179,0.0003046672,0.0005536527,0.0007923265,0.001798534,0.001799538,0.001565,0.001536,1.922256e-05,0,0,1.524e-23,1.178e-24,0
step6000,6000,MLP_IN,v,residual,1024,512-1024,1.258291e+07,0.00166563,0.001932515,0.0003991286,0.001933948,0.002200876,0.00197827,0.002024355,0.001565,0.001536,1.280091e-05,2.929143e-07,4.314241e-08,1.524e-23,1.178e-24,2.918253e-07
step6000,6000,MLP_OUT,u,residual,1024,spike,786432,0.006200247,0.006453791,0.0143809,0.0203013,0.02056814,0.002291688,0.003020078,0.001565,0.001536,7.923677e-05,2.430507e-05,5.489531e-05,1.524e-23,1.178e-24,9.961436e-06
step6000,6000,MLP_OUT,u,residual,1024,32-64,786432,0.002358458,0.00261356,0.004540253,0.006503101,0.006768959,0.002007148,0.002539789,0.001565,0.001536,2.764357e-05,0,0,1.524e-23,1.178e-24,0
step6000,6000,MLP_OUT,u,residual,1024,64-128,1572864,0.002064947,0.002328258,0.002094269,0.003974803,0.004239637,0.001978011,0.00220395,0.001565,0.001536,2.865352e-05,0,0,1.524e-23,1.178e-24,0
step6000,6000,MLP_OUT,u,residual,1024,128-256,3145728,0.001333758,0.001582784,0.0005612691,0.001597172,0.001860398,0.001888638,0.001915914,0.001565,0.001536,8.843779e-06,0,0,1.524e-23,1.178e-24,0
step6000,6000,MLP_OUT,u,residual,1024,256-512,6291456,0.0002753743,0.0004927118,0.0004293124,0.0004124879,0.0006129573,0.001784088,0.001786795,0.001565,0.001536,1.003179e-05,0,0,1.524e-23,1.178e-24,0
step6000,6000,MLP_OUT,u,residual,1024,512-1024,1.258291e+07,0.000807299,0.0009794667,0.001854404,0.001561758,0.001828598,0.001847374,0.001916681,0.001565,0.001536,1.518892e-05,0,0,1.524e-23,1.178e-24,0
step6000,6000,MLP_OUT,v,hidden,4096,spike,3145728,0.01144342,0.01151012,0.006014252,0.005634459,0.00570116,0.003327497,0.002413831,0.001565,0.001558,4.505163e-05,3.560384e-06,5.104428e-06,1.524e-23,8.299e-24,1.301859e-06
step6000,6000,MLP_OUT,v,hidden,4096,32-64,3145728,0.003477283,0.003543717,0.0007278442,0.003980774,0.004047199,0.002224105,0.002249854,0.001565,0.001558,3.416972e-05,7.26609e-08,0,1.524e-23,8.299e-24,9.949504e-08
step6000,6000,MLP_OUT,v,hidden,4096,64-128,6291456,0.002373762,0.002439551,0.001062648,0.003257825,0.00332425,0.002023252,0.002136031,0.001565,0.001558,1.215134e-05,0,0,1.524e-23,8.299e-24,0
step6000,6000,MLP_OUT,v,hidden,4096,128-256,1.258291e+07,0.002178437,0.00224396,0.0003676573,0.002117119,0.002183544,0.001954503,0.002003711,0.001565,0.001558,6.16815e-06,0,0,1.524e-23,8.299e-24,0
step6000,6000,MLP_OUT,v,hidden,4096,256-512,2.516582e+07,0.00153909,0.001604346,0.0005774895,0.001064008,0.001130956,0.001895323,0.001878902,0.001565,0.001558,9.939139e-06,0,0,1.524e-23,8.299e-24,0
step6000,6000,MLP_OUT,v,hidden,4096,512-1024,5.033165e+07,0.0006339125,0.0006988371,0.0004963636,0.0001908974,0.0002485158,0.001818764,0.001788035,0.001565,0.001558,6.302915e-06,1.021794e-08,0,1.524e-23,8.299e-24,1.455589e-08
step8000,8000,Q,u,head,1024,spike,786432,0.0442996,0.04456323,0.02051036,0.06330947,0.06357631,0.00589487,0.006258792,0.001565,0.001536,0.0001113701,2.361479e-06,0.0001665388,1.524e-23,1.178e-24,1.519812e-06
step8000,8000,Q,u,head,1024,32-64,786432,0.02878167,0.0290453,0.00207545,0.03031848,0.03058211,0.004366012,0.004602123,0.001565,0.001536,0.0002037385,0,0,1.524e-23,1.178e-24,0
step8000,8000,Q,u,head,1024,64-128,1572864,0.02256562,0.02282925,0.002694702,0.02004983,0.02031346,0.003723126,0.003425871,0.001565,0.001536,0.0001197547,0,0,1.524e-23,1.178e-24,0
step8000,8000,Q,u,head,1024,128-256,3145728,0.01526915,0.01553385,0.005220095,0.0100812,0.01034483,0.003026281,0.002481179,0.001565,0.001536,6.072613e-05,0,0,1.524e-23,1.178e-24,0
step8000,8000,Q,u,head,1024,256-512,6291456,0.004731966,0.004997736,0.002136294,0.002672224,0.002936941,0.002137652,0.001934233,0.001565,0.001536,1.46414e-05,0,0,1.524e-23,1.178e-24,0
step8000,8000,Q,u,head,1024,512-1024,1.258291e+07,0.006590603,0.006859582,0.0009395758,0.005796676,0.006063516,0.002615039,0.002450257,0.001565,0.001536,2.270823e-05,0,0,1.524e-23,1.178e-24,0
step8000,8000,Q,v,residual,1024,spike,786432,0.002998675,0.003246332,0.007917786,0.01059935,0.01086512,0.002060409,0.002812413,0.001565,0.001536,3.380406e-05,0,2.543132e-07,1.524e-23,1.178e-24,0
step8000,8000,Q,v,residual,1024,32-64,786432,0.006046073,0.006309704,0.002670797,0.008368164,0.008635003,0.00219603,0.002561696,0.001565,0.001536,3.567846e-05,0,0,1.524e-23,1.178e-24,0
step8000,8000,Q,v,residual,1024,64-128,1572864,0.004189266,0.004450861,0.001362737,0.005284192,0.005550007,0.002120445,0.002286893,0.001565,0.001536,4.241927e-05,0,0,1.524e-23,1.178e-24,0
step8000,8000,Q,v,residual,1024,128-256,3145728,0.001770054,0.002025006,0.00078818,0.002241964,0.00250523,0.001911508,0.001967603,0.001565,0.001536,1.749183e-05,0,0,1.524e-23,1.178e-24,0
step8000,8000,Q,v,residual,1024,256-512,6291456,0.0002500275,0.0002764896,0.0004552205,0.000296329,0.0004526598,0.001770433,0.001777136,0.001565,0.001536,9.645725e-06,0,0,1.524e-23,1.178e-24,0
step8000,8000,Q,v,residual,1024,512-1024,1.258291e+07,0.0005302377,0.0007924392,0.0007208665,0.001164115,0.001426544,0.001838076,0.001910739,0.001565,0.001536,2.325378e-06,0,0,1.524e-23,1.178e-24,0
step8000,8000,K,u,head,1024,spike,786432,0.05163755,0.05190119,0.03668391,0.0870443,0.08730793,0.006536611,0.006731851,0.001565,0.001536,0.0001963953,2.979097e-06,0.0003181094,1.524e-23,1.178e-24,1.236036e-06
step8000,8000,K,u,head,1024,32-64,786432,0.03210274,0.03236637,0.003778585,0.03553673,0.03580037,0.004649753,0.005163502,0.001565,0.001536,0.0001548154,0,0,1.524e-23,1.178e-24,0
step8000,8000,K,u,head,1024,64-128,1572864,0.02407064,0.02433428,0.001509221,0.02324743,0.02351106,0.003905033,0.003711991,0.001565,0.001536,0.0001248666,0,0,1.524e-23,1.178e-24,0
step8000,8000,K,u,head,1024,128-256,3145728,0.01422573,0.0144915,0.00304788,0.01135829,0.01162192,0.003009278,0.002612904,0.001565,0.001536,4.903482e-05,0,0,1.524e-23,1.178e-24,0
step8000,8000,K,u,head,1024,256-512,6291456,0.003431564,0.003698404,0.0005835533,0.003032186,0.003293313,0.002050854,0.001960609,0.001565,0.001536,1.538073e-05,0,0,1.524e-23,1.178e-24,0
step8000,8000,K,u,head,1024,512-1024,1.258291e+07,0.005922904,0.006191883,0.0009509881,0.006726111,0.006992951,0.002479165,0.002501504,0.001565,0.001536,2.562922e-05,9.082613e-09,0,1.524e-23,1.178e-24,2.030934e-08
step8000,8000,K,v,residual,1024,spike,786432,0.0008426963,0.0008562961,0.007486471,0.007180344,0.007443818,0.001799883,0.002591378,0.001565,0.001536,5.992055e-05,0,0,1.524e-23,1.178e-24,0
step8000,8000,K,v,residual,1024,32-64,786432,0.002456317,0.002703826,0.003769938,0.005842485,0.006103184,0.001931581,0.002375031,0.001565,0.001536,2.63147e-05,0,0,1.524e-23,1.178e-24,0
step8000,8000,K,v,residual,1024,64-128,1572864,0.00184173,0.002074872,0.00198288,0.003450224,0.003712514,0.001885296,0.002112198,0.001565,0.001536,3.986312e-05,0,0,1.524e-23,1.178e-24,0
step8000,8000,K,v,residual,1024,128-256,3145728,0.0006292734,0.0008582246,0.0008206685,0.001272188,0.001534466,0.001830355,0.001875777,0.001565,0.001536,2.065447e-05,0,0,1.524e-23,1.178e-24,0
step8000,8000,K,v,residual,1024,256-512,6291456,0.0003005407,0.0003082763,0.0003835678,0.000330563,0.0002230937,0.001751863,0.001755269,0.001565,0.001536,2.032313e-05,0,0,1.524e-23,1.178e-24,0
step8000,8000,K,v,residual,1024,512-1024,1.258291e+07,0.0002168982,0.0003481437,0.0006838481,0.0006354572,0.0008965532,0.001788775,0.001834767,0.001565,0.001536,1.206069e-05,0,0,1.524e-23,1.178e-24,0
step8000,8000,V,u,head,1024,spike,786432,0.04875411,0.04902095,0.01002197,0.0398176,0.04008658,0.007197207,0.006659226,0.001565,0.001536,0.0002069145,1.453218e-07,1.525879e-06,1.524e-23,1.178e-24,3.249494e-07
step8000,8000,V,u,head,1024,32-64,786432,0.02928878,0.02955776,0.004824575,0.02452117,0.02479015,0.005183701,0.00473284,0.001565,0.001536,0.0001482933,0,0,1.524e-23,1.178e-24,0
step8000,8000,V,u,head,1024,64-128,1572864,0.01409891,0.01436789,0.001308441,0.01398146,0.01424895,0.003466415,0.003388305,0.001565,0.001536,0.0001005421,0,0,1.524e-23,1.178e-24,0
step8000,8000,V,u,head,1024,128-256,3145728,0.004287419,0.004556363,0.0006811142,0.004684995,0.004951879,0.002261353,0.00227197,0.001565,0.001536,4.166155e-05,0,0,1.524e-23,1.178e-24,0
step8000,8000,V,u,head,1024,256-512,6291456,0.0008362547,0.001089119,0.0005299568,0.0006089141,0.0008597533,0.001857058,0.001815287,0.001565,0.001536,1.734208e-05,0,0,1.524e-23,1.178e-24,0
step8000,8000,V,u,head,1024,512-1024,1.258291e+07,0.001864614,0.002131453,0.001620626,0.003439389,0.003705203,0.001949403,0.002092341,0.001565,0.001536,1.472259e-05,0,0,1.524e-23,1.178e-24,0
step8000,8000,V,v,residual,1024,spike,786432,0.02207543,0.02233906,0.002136739,0.0232277,0.02348883,0.003472137,0.003864434,0.001565,0.001536,8.931071e-05,0,0,1.524e-23,1.178e-24,0
step8000,8000,V,v,residual,1024,32-64,786432,0.01659242,0.01685354,0.00140686,0.01736606,0.01762969,0.003044746,0.003276898,0.001565,0.001536,3.638345e-05,0,0,1.524e-23,1.178e-24,0
step8000,8000,V,v,residual,1024,64-128,1572864,0.01009566,0.01036036,0.002332815,0.01219611,0.01246402,0.002565511,0.002824783,0.001565,0.001536,5.660153e-05,0,0,1.524e-23,1.178e-24,0
step8000,8000,V,v,residual,1024,128-256,3145728,0.003909036,0.004168561,0.001958911,0.005695813,0.005961583,0.00208188,0.002232679,0.001565,0.001536,2.570946e-05,0,0,1.524e-23,1.178e-24,0
step8000,8000,V,v,residual,1024,256-512,6291456,0.0002854405,0.0004607952,0.0008033752,0.0008778764,0.001122,0.001783035,0.001829084,0.001565,0.001536,1.175017e-05,0,0,1.524e-23,1.178e-24,0
step8000,8000,V,v,residual,1024,512-1024,1.258291e+07,0.00173662,0.001996834,0.0013237,0.002981315,0.003249224,0.001988154,0.002138814,0.001565,0.001536,1.486543e-05,3.678458e-07,0,1.524e-23,1.178e-24,2.704128e-07
step8000,8000,O,u,residual,1024,spike,786432,0.00338016,0.003629277,0.006091817,0.009047674,0.009314558,0.002098156,0.00252315,0.001565,0.001536,5.342207e-05,1.307896e-05,2.357846e-05,1.524e-23,1.178e-24,4.006657e-06
step8000,8000,O,u,residual,1024,32-64,786432,0.001351846,0.001566845,0.003179677,0.004004982,0.004270841,0.001917231,0.002147675,0.001565,0.001536,4.935505e-05,0,0,1.524e-23,1.178e-24,0
step8000,8000,O,u,residual,1024,64-128,1572864,0.0008154985,0.001056465,0.001791509,0.002096016,0.002357049,0.001813235,0.001989746,0.001565,0.001536,1.385246e-05,0,0,1.524e-23,1.178e-24,0
step8000,8000,O,u,residual,1024,128-256,3145728,0.0002805617,0.0004556302,0.0008563995,0.0008210425,0.001070902,0.001780574,0.001835923,0.001565,0.001536,3.014231e-05,0,0,1.524e-23,1.178e-24,0
step8000,8000,O,u,residual,1024,256-512,6291456,0.0003414835,0.0002301302,0.0003848394,0.0002442924,0.0003027164,0.001749634,0.001751509,0.001565,0.001536,1.261146e-05,0,0,1.524e-23,1.178e-24,0
step8000,8000,O,u,residual,1024,512-1024,1.258291e+07,0.0002118727,0.0003156699,0.0005937258,0.0004713528,0.0007185157,0.001767215,0.001809858,0.001565,0.001536,9.427987e-06,0,0,1.524e-23,1.178e-24,0
step8000,8000,O,v,head,1024,spike,786432,0.05257313,0.05283997,0.009211985,0.06100199,0.0612699,0.007535626,0.00879473,0.001565,0.001536,0.0006160348,3.99635e-07,4.468645e-06,1.524e-23,1.178e-24,5.801508e-07
step8000,8000,O,v,head,1024,32-64,786432,0.03487503,0.035144,0.005492147,0.03997884,0.04024781,0.005739376,0.006341952,0.001565,0.001536,0.0001916309,0,0,1.524e-23,1.178e-24,0
step8000,8000,O,v,head,1024,64-128,1572864,0.02654838,0.02681568,0.002787526,0.02408113,0.0243469,0.004777145,0.004277747,0.001565,0.001536,0.0001146432,0,0,1.524e-23,1.178e-24,0
step8000,8000,O,v,head,1024,128-256,3145728,0.01522031,0.01548929,0.00638663,0.008837491,0.00910647,0.003363882,0.002603186,0.001565,0.001536,3.300183e-05,0,0,1.524e-23,1.178e-24,0
step8000,8000,O,v,head,1024,256-512,6291456,0.004399166,0.004664936,0.002970823,0.001473041,0.001734212,0.002151226,0.001895137,0.001565,0.001536,2.853779e-05,0,0,1.524e-23,1.178e-24,0
step8000,8000,O,v,head,1024,512-1024,1.258291e+07,0.007316181,0.007583021,0.001599312,0.005854541,0.00612352,0.002508288,0.002332265,0.001565,0.001536,2.925835e-05,3.40598e-08,0,1.524e-23,1.178e-24,3.40598e-08
step8000,8000,MLP_IN,u,hidden,4096,spike,3145728,0.009135435,0.00917472,0.009928767,0.007098094,0.007164796,0.002756419,0.002262806,0.001565,0.001558,5.200161e-05,8.365086e-06,1.476833e-05,1.524e-23,8.299e-24,2.28816e-06
step8000,8000,MLP_IN,u,hidden,4096,32-64,3145728,0.002410593,0.002474246,0.001219877,0.003361033,0.003426261,0.002039501,0.002179763,0.001565,0.001558,1.505359e-05,9.990874e-08,6.357829e-08,1.524e-23,8.299e-24,2.234027e-07
step8000,8000,MLP_IN,u,hidden,4096,64-128,6291456,0.001838065,0.001904131,0.0008565267,0.002478044,0.00254411,0.001949665,0.002077325,0.001565,0.001558,1.775121e-05,0,0,1.524e-23,8.299e-24,0
step8000,8000,MLP_IN,u,hidden,4096,128-256,1.258291e+07,0.001439265,0.001505588,0.0003973325,0.001711837,0.00177737,0.001911976,0.001966511,0.001565,0.001558,5.974605e-06,0,0,1.524e-23,8.299e-24,0
step8000,8000,MLP_IN,u,hidden,4096,256-512,2.516582e+07,0.0007376429,0.0008043442,0.0002281268,0.0008333937,0.0008994289,0.001847724,0.001861309,0.001565,0.001558,7.888793e-06,0,0,1.524e-23,8.299e-24,0
step8000,8000,MLP_IN,u,hidden,4096,512-1024,5.033165e+07,0.0003056253,0.0003696361,0.0002364278,0.0001616843,0.0002217724,0.001806241,0.001783672,0.001565,0.001558,6.458137e-06,2.19118e-07,0,1.524e-23,8.299e-24,3.124727e-08
step8000,8000,MLP_IN,v,residual,1024,spike,786432,0.0009604849,0.001094917,0.0115537,0.01185853,0.01212073,0.001971254,0.002792649,0.001565,0.001536,6.504462e-05,0,0,1.524e-23,1.178e-24,0
step8000,8000,MLP_IN,v,residual,1024,32-64,786432,0.007185663,0.007446425,0.003012848,0.009766731,0.0100325,0.002347456,0.0025973,0.001565,0.001536,3.819374e-05,0,0,1.524e-23,1.178e-24,0
step8000,8000,MLP_IN,v,residual,1024,64-128,1572864,0.006731503,0.006997273,0.0007428487,0.007158622,0.007424392,0.002316902,0.002346784,0.001565,0.001536,1.083373e-05,0,0,1.524e-23,1.178e-24,0
step8000,8000,MLP_IN,v,residual,1024,128-256,3145728,0.004386482,0.004652252,0.0007136663,0.00394623,0.00421307,0.00210762,0.002062425,0.001565,0.001536,1.200443e-05,0,0,1.524e-23,1.178e-24,0
step8000,8000,MLP_IN,v,residual,1024,256-512,6291456,0.0009755189,0.001224128,0.0003058434,0.0009758288,0.001239609,0.001832499,0.001831336,0.001565,0.001536,1.557859e-05,0,0,1.524e-23,1.178e-24,0
step8000,8000,MLP_IN,v,residual,1024,512-1024,1.258291e+07,0.002628783,0.002894642,0.000331227,0.002846115,0.003110993,0.002113258,0.002155408,0.001565,0.001536,7.815883e-06,1.591728e-06,6.67572e-07,1.524e-23,1.178e-24,6.626068e-07
step8000,8000,MLP_OUT,u,residual,1024,spike,786432,0.008861764,0.009126099,0.01875966,0.02753279,0.02779856,0.002476574,0.00302778,0.001565,0.001536,0.000122812,4.021781e-05,9.485881e-05,1.524e-23,1.178e-24,9.337526e-06
step8000,8000,MLP_OUT,u,residual,1024,32-64,786432,0.002275205,0.00251772,0.004345194,0.006231763,0.006497578,0.00205812,0.002530634,0.001565,0.001536,4.121385e-05,1.453218e-07,0,1.524e-23,1.178e-24,3.249494e-07
step8000,8000,MLP_OUT,u,residual,1024,64-128,1572864,0.00184933,0.002097938,0.002466075,0.003957044,0.004222903,0.00198753,0.002180899,0.001565,0.001536,1.939849e-05,0,0,1.524e-23,1.178e-24,0
step8000,8000,MLP_OUT,u,residual,1024,128-256,3145728,0.001137785,0.001403494,0.0007933935,0.001763904,0.002021446,0.001879628,0.001945623,0.001565,0.001536,2.426655e-05,0,0,1.524e-23,1.178e-24,0
step8000,8000,MLP_OUT,u,residual,1024,256-512,6291456,0.0002810848,0.0004869444,0.0004259745,0.000398828,0.0006277928,0.001782376,0.001784325,0.001565,0.001536,4.060452e-06,0,0,1.524e-23,1.178e-24,0
step8000,8000,MLP_OUT,u,residual,1024,512-1024,1.258291e+07,0.0007902528,0.0009604845,0.001997662,0.001618986,0.001883686,0.001838859,0.001912094,0.001565,0.001536,1.028178e-05,0,0,1.524e-23,1.178e-24,0
step8000,8000,MLP_OUT,v,hidden,4096,spike,3145728,0.01356761,0.01363457,0.006989479,0.006652749,0.006719193,0.003622927,0.002525729,0.001565,0.001558,5.479749e-05,5.940029e-06,9.019034e-06,1.524e-23,8.299e-24,1.813511e-06
step8000,8000,MLP_OUT,v,hidden,4096,32-64,3145728,0.004295515,0.004362206,0.0006169637,0.004613533,0.004680225,0.002358536,0.002377437,0.001565,0.001558,3.260771e-05,1.453218e-07,0,1.524e-23,8.299e-24,1.519812e-07
step8000,8000,MLP_OUT,v,hidden,4096,64-128,6291456,0.002747256,0.002813948,0.0007956823,0.003447726,0.003514684,0.002079133,0.002200694,0.001565,0.001558,1.418788e-05,0,0,1.524e-23,8.299e-24,0
step8000,8000,MLP_OUT,v,hidden,4096,128-256,1.258291e+07,0.002199345,0.002264557,0.0004169464,0.002271659,0.00233835,0.001973082,0.002027498,0.001565,0.001558,5.926238e-06,0,0,1.524e-23,8.299e-24,0
step8000,8000,MLP_OUT,v,hidden,4096,256-512,2.516582e+07,0.001673309,0.001739191,0.0006563346,0.001064654,0.001131088,0.001902961,0.001878931,0.001565,0.001558,3.866964e-06,0,0,1.524e-23,8.299e-24,0
step8000,8000,MLP_OUT,v,hidden,4096,512-1024,5.033165e+07,0.0007121115,0.0007779011,0.0005724192,0.0001862905,0.0002459158,0.00182215,0.001789922,0.001565,0.001558,2.918749e-06,4.541306e-08,0,1.524e-23,8.299e-24,1.783854e-08
step12000,12000,Q,u,head,1024,spike,786432,0.04817199,0.04843085,0.02451782,0.0714015,0.07166513,0.005984606,0.006610289,0.001565,0.001536,0.0001255641,2.216157e-06,0.0001828875,1.524e-23,1.178e-24,1.137323e-06
step12000,12000,Q,u,head,1024,32-64,786432,0.03193971,0.03220083,0.004987081,0.0365318,0.03678791,0.004604667,0.004937998,0.001565,0.001536,0.000188919,0,0,1.524e-23,1.178e-24,0
step12000,12000,Q,u,head,1024,64-128,1572864,0.02793709,0.02820073,0.003020732,0.02524438,0.0255049,0.00403615,0.003634662,0.001565,0.001536,9.439717e-05,0,0,1.524e-23,1.178e-24,0
step12000,12000,Q,u,head,1024,128-256,3145728,0.0221331,0.02239673,0.008598264,0.01354225,0.01380457,0.00348775,0.002646655,0.001565,0.001536,7.382741e-05,0,0,1.524e-23,1.178e-24,0
step12000,12000,Q,u,head,1024,256-512,6291456,0.008423258,0.008689028,0.004470889,0.004069208,0.004331404,0.002366502,0.002013411,0.001565,0.001536,1.88328e-05,0,0,1.524e-23,1.178e-24,0
step12000,12000,Q,u,head,1024,512-1024,1.258291e+07,0.01081333,0.01108231,0.003338893,0.007481525,0.007750504,0.003138045,0.002688449,0.001565,0.001536,1.651777e-05,0,0,1.524e-23,1.178e-24,0
step12000,12000,Q,v,residual,1024,spike,786432,0.002784717,0.003044594,0.008284251,0.01066334,0.01093018,0.002022988,0.002817245,0.001565,0.001536,4.134846e-05,0,0,1.524e-23,1.178e-24,0
step12000,12000,Q,v,residual,1024,32-64,786432,0.005335658,0.005582578,0.003796641,0.008714361,0.008977627,0.00212148,0.002560715,0.001565,0.001536,6.047484e-05,0,0,1.524e-23,1.178e-24,0
step12000,12000,Q,v,residual,1024,64-128,1572864,0.004816934,0.005075556,0.001448949,0.005596164,0.005864117,0.00208515,0.002245422,0.001565,0.001536,2.067293e-05,0,0,1.524e-23,1.178e-24,0
step12000,12000,Q,v,residual,1024,128-256,3145728,0.00260115,0.002861277,0.0005203883,0.002519207,0.002779969,0.001925877,0.001988874,0.001565,0.001536,2.875599e-05,0,0,1.524e-23,1.178e-24,0
step12000,12000,Q,v,residual,1024,256-512,6291456,0.0004936161,0.0007250859,0.0005136172,0.000363027,0.0005394266,0.001788852,0.001780433,0.001565,0.001536,1.148714e-05,0,0,1.524e-23,1.178e-24,0
step12000,12000,Q,v,residual,1024,512-1024,1.258291e+07,0.0009699048,0.001230062,0.0004844824,0.001298185,0.001564043,0.001894104,0.001932115,0.001565,0.001536,8.549931e-06,0,0,1.524e-23,1.178e-24,0
step12000,12000,K,u,head,1024,spike,786432,0.05673543,0.05698904,0.04477259,0.1003187,0.1005823,0.006850651,0.007249741,0.001565,0.001536,0.0001528208,1.271566e-06,0.0003840855,1.524e-23,1.178e-24,9.438928e-07
step12000,12000,K,u,head,1024,32-64,786432,0.03690492,0.03716604,0.007042948,0.04381511,0.04407775,0.005021522,0.005639103,0.001565,0.001536,0.0001457578,0,0,1.524e-23,1.178e-24,0
step12000,12000,K,u,head,1024,64-128,1572864,0.03135659,0.03162022,0.001762263,0.03019754,0.03045866,0.004369699,0.004110264,0.001565,0.001536,0.0001133541,0,0,1.524e-23,1.178e-24,0
step12000,12000,K,u,head,1024,128-256,3145728,0.0229394,0.02320303,0.00676047,0.0162841,0.01654273,0.003601665,0.002856681,0.001565,0.001536,7.688566e-05,0,0,1.524e-23,1.178e-24,0
step12000,12000,K,u,head,1024,256-512,6291456,0.007184315,0.007447946,0.002224414,0.005089417,0.005351613,0.00231246,0.002073456,0.001565,0.001536,2.299718e-05,0,0,1.524e-23,1.178e-24,0
step12000,12000,K,u,head,1024,512-1024,1.258291e+07,0.01028973,0.01055871,0.001163308,0.009246061,0.00951504,0.003009699,0.002844806,0.001565,0.001536,4.510439e-05,5.903698e-08,0,1.524e-23,1.178e-24,5.921139e-08
step12000,12000,K,v,residual,1024,spike,786432,0.0007763268,0.0007838164,0.007047526,0.006744543,0.007009332,0.001796977,0.002520134,0.001565,0.001536,2.958245e-05,0,2.543132e-07,1.524e-23,1.178e-24,0
step12000,12000,K,v,residual,1024,32-64,786432,0.002702907,0.002966173,0.003377279,0.005684791,0.005944527,0.001951744,0.002378555,0.001565,0.001536,5.390477e-05,0,0,1.524e-23,1.178e-24,0
step12000,12000,K,v,residual,1024,64-128,1572864,0.00246342,0.002725673,0.001544317,0.003483003,0.003737771,0.001924369,0.002121462,0.001565,0.001536,3.732051e-05,0,0,1.524e-23,1.178e-24,0
step12000,12000,K,v,residual,1024,128-256,3145728,0.001130273,0.001384123,0.0005661011,0.001478141,0.001731756,0.001863007,0.001904533,0.001565,0.001536,1.139002e-05,0,0,1.524e-23,1.178e-24,0
step12000,12000,K,v,residual,1024,256-512,6291456,0.0003296787,0.0004428466,0.0004347165,0.0002220315,0.0003386255,0.001758235,0.001757885,0.001565,0.001536,1.446798e-05,0,0,1.524e-23,1.178e-24,0
step12000,12000,K,v,residual,1024,512-1024,1.258291e+07,0.0002965278,0.0005230511,0.000553751,0.0006756815,0.0009403562,0.001821059,0.001843455,0.001565,0.001536,1.804268e-05,0,0,1.524e-23,1.178e-24,0
step12000,12000,V,u,head,1024,spike,786432,0.05016498,0.05042968,0.007262929,0.04428792,0.0445569,0.007067617,0.007049088,0.001565,0.001536,0.0002601529,2.906436e-07,2.034505e-06,1.524e-23,1.178e-24,3.979801e-07
step12000,12000,V,u,head,1024,32-64,786432,0.03096455,0.03123246,0.00325826,0.02809107,0.02835898,0.005315472,0.005030241,0.001565,0.001536,0.0001400869,0,0,1.524e-23,1.178e-24,0
step12000,12000,V,u,head,1024,64-128,1572864,0.01711062,0.01737959,0.001093801,0.01658622,0.0168552,0.003783907,0.00356943,0.001565,0.001536,7.934659e-05,0,0,1.524e-23,1.178e-24,0
step12000,12000,V,u,head,1024,128-256,3145728,0.007342074,0.007609057,0.001765887,0.005957247,0.006223017,0.002595248,0.0023492,0.001565,0.001536,6.528498e-05,0,0,1.524e-23,1.178e-24,0
step12000,12000,V,u,head,1024,256-512,6291456,0.001837091,0.002101792,0.001136684,0.0008228326,0.001090248,0.00193778,0.001826295,0.001565,0.001536,2.049527e-05,0,0,1.524e-23,1.178e-24,0
step12000,12000,V,u,head,1024,512-1024,1.258291e+07,0.003012314,0.003279198,0.001176023,0.004095667,0.004363577,0.002046213,0.002165433,0.001565,0.001536,1.165497e-05,0,0,1.524e-23,1.178e-24,0
step12000,12000,V,v,residual,1024,spike,786432,0.02206087,0.02231699,0.007126109,0.02898207,0.0292457,0.003314064,0.004153479,0.001565,0.001536,0.0001231292,0,0,1.524e-23,1.178e-24,0
step12000,12000,V,v,residual,1024,32-64,786432,0.01839832,0.01866195,0.004760997,0.02291466,0.02317829,0.003006272,0.003508468,0.001565,0.001536,5.959448e-05,0,0,1.524e-23,1.178e-24,0
step12000,12000,V,v,residual,1024,64-128,1572864,0.01361009,0.01387121,0.003305308,0.01672252,0.01698615,0.002709616,0.002979606,0.001565,0.001536,7.301378e-05,0,0,1.524e-23,1.178e-24,0
step12000,12000,V,v,residual,1024,128-256,3145728,0.006810382,0.007073648,0.002420108,0.00906958,0.009332343,0.002245585,0.002381679,0.001565,0.001536,2.385286e-05,0,0,1.524e-23,1.178e-24,0
step12000,12000,V,v,residual,1024,256-512,6291456,0.001223346,0.00148473,0.0009557088,0.002072967,0.002337667,0.001851073,0.001888593,0.001565,0.001536,1.056707e-05,0,0,1.524e-23,1.178e-24,0
step12000,12000,V,v,residual,1024,512-1024,1.258291e+07,0.002956965,0.003224919,0.001653035,0.004592072,0.004860026,0.002160785,0.002365732,0.001565,0.001536,1.231155e-05,7.425036e-07,0,1.524e-23,1.178e-24,3.105694e-07
step12000,12000,O,u,residual,1024,spike,786432,0.006047357,0.00631326,0.007235209,0.01298503,0.01325089,0.002248528,0.002618408,0.001565,0.001536,9.472441e-05,2.546765e-05,4.319691e-05,1.524e-23,1.178e-24,6.586491e-06
step12000,12000,O,u,residual,1024,32-64,786432,0.001303191,0.001535664,0.003023783,0.003896667,0.004159723,0.001907203,0.002253142,0.001565,0.001536,2.046206e-05,0,0,1.524e-23,1.178e-24,0
step12000,12000,O,u,residual,1024,64-128,1572864,0.0007654071,0.0009908632,0.001849492,0.002192859,0.00245318,0.001812944,0.001982607,0.001565,0.001536,1.582078e-05,0,0,1.524e-23,1.178e-24,0
step12000,12000,O,u,residual,1024,128-256,3145728,0.0004156897,0.0004694092,0.0008480708,0.000754771,0.001003951,0.00177209,0.001843462,0.001565,0.001536,1.496306e-05,0,0,1.524e-23,1.178e-24,0
step12000,12000,O,u,residual,1024,256-512,6291456,0.0002972754,0.0002786781,0.0003733953,0.0003221272,0.0002499822,0.001757799,0.001746691,0.001565,0.001536,7.211306e-06,0,0,1.524e-23,1.178e-24,0
step12000,12000,O,u,residual,1024,512-1024,1.258291e+07,0.0001859545,0.0003189265,0.0006889184,0.000608189,0.0008626681,0.0017736,0.001808523,0.001565,0.001536,7.261275e-06,0,0,1.524e-23,1.178e-24,0
step12000,12000,O,v,head,1024,spike,786432,0.04607191,0.04633554,0.005671438,0.04797378,0.04824169,0.006777409,0.007434627,0.001565,0.001536,0.000614885,8.356004e-07,2.797445e-06,1.524e-23,1.178e-24,5.686615e-07
step12000,12000,O,v,head,1024,32-64,786432,0.02804554,0.02831345,0.003831228,0.03148351,0.03175248,0.005049424,0.005416216,0.001565,0.001536,0.0002369514,0,0,1.524e-23,1.178e-24,0
step12000,12000,O,v,head,1024,64-128,1572864,0.02202229,0.02229127,0.003553899,0.01872751,0.01899542,0.004281507,0.003759039,0.001565,0.001536,0.0001390322,0,0,1.524e-23,1.178e-24,0
step12000,12000,O,v,head,1024,128-256,3145728,0.01438636,0.0146532,0.007538478,0.00691499,0.00718076,0.003279931,0.002424767,0.001565,0.001536,4.942671e-05,0,0,1.524e-23,1.178e-24,0
step12000,12000,O,v,head,1024,256-512,6291456,0.004570633,0.004837472,0.003621006,0.001020219,0.001281346,0.002177897,0.001853325,0.001565,0.001536,3.063518e-05,0,0,1.524e-23,1.178e-24,0
step12000,12000,O,v,head,1024,512-1024,1.258291e+07,0.006826844,0.007095823,0.002241087,0.004602084,0.004869994,0.002476184,0.002217595,0.001565,0.001536,3.086001e-05,7.720221e-08,0,1.524e-23,1.178e-24,1.035577e-07
step12000,12000,MLP_IN,u,hidden,4096,spike,3145728,0.009748012,0.009787297,0.01212444,0.01113446,0.0112009,0.002897889,0.002440625,0.001565,0.001558,5.580257e-05,1.101721e-05,2.301534e-05,1.524e-23,8.299e-24,3.263838e-06
step12000,12000,MLP_IN,u,hidden,4096,32-64,3145728,0.00328594,0.003351473,0.001162974,0.004254952,0.004321643,0.002146367,0.002309826,0.001565,0.001558,2.425099e-05,1.362392e-07,0,1.524e-23,8.299e-24,1.362392e-07
step12000,12000,MLP_IN,u,hidden,4096,64-128,6291456,0.002326888,0.002393836,0.001175785,0.0033564,0.003423091,0.002027998,0.002170081,0.001565,0.001558,2.273531e-05,0,0,1.524e-23,8.299e-24,0
step12000,12000,MLP_IN,u,hidden,4096,128-256,1.258291e+07,0.001883971,0.001950929,0.0003413041,0.002110051,0.002176219,0.001973827,0.002028154,0.001565,0.001558,3.069065e-06,0,0,1.524e-23,8.299e-24,0
step12000,12000,MLP_IN,u,hidden,4096,256-512,2.516582e+07,0.001177712,0.001243512,0.0002128601,0.00104699,0.001113681,0.001895243,0.001888449,0.001565,0.001558,7.267177e-06,0,0,1.524e-23,8.299e-24,0
step12000,12000,MLP_IN,u,hidden,4096,512-1024,5.033165e+07,0.0005633707,0.0006290509,0.000441579,0.0001870425,0.0002502698,0.001838225,0.001784228,0.001565,0.001558,8.531121e-06,4.55266e-07,0,1.524e-23,8.299e-24,1.153907e-07
step12000,12000,MLP_IN,v,residual,1024,spike,786432,0.00130178,0.001488033,0.01271896,0.01345994,0.01372214,0.001923189,0.002802349,0.001565,0.001536,3.121074e-05,0,0,1.524e-23,1.178e-24,0
step12000,12000,MLP_IN,v,residual,1024,32-64,786432,0.007847349,0.008105093,0.003579203,0.01099314,0.01124675,0.002322969,0.002591306,0.001565,0.001536,6.30816e-05,0,0,1.524e-23,1.178e-24,0
step12000,12000,MLP_IN,v,residual,1024,64-128,1572864,0.00813462,0.00839825,0.001094818,0.008437761,0.008701392,0.002350798,0.002381025,0.001565,0.001536,2.292461e-05,0,0,1.524e-23,1.178e-24,0
step12000,12000,MLP_IN,v,residual,1024,128-256,3145728,0.00607161,0.006333308,0.001024946,0.005213627,0.005473429,0.002182788,0.002107393,0.001565,0.001536,1.793113e-05,0,0,1.524e-23,1.178e-24,0
step12000,12000,MLP_IN,v,residual,1024,256-512,6291456,0.002293106,0.002546556,0.0007861773,0.00161145,0.001868638,0.001909896,0.001858702,0.001565,0.001536,1.906682e-05,0,0,1.524e-23,1.178e-24,0
step12000,12000,MLP_IN,v,residual,1024,512-1024,1.258291e+07,0.004238214,0.004502067,0.0003545284,0.004038144,0.004303022,0.002327127,0.002266652,0.001565,0.001536,2.737759e-05,4.38009e-06,4.023597e-06,1.524e-23,1.178e-24,6.101997e-07
step12000,12000,MLP_OUT,u,residual,1024,spike,786432,0.01351368,0.01378052,0.02539647,0.03882974,0.03909444,0.002702404,0.003037989,0.001565,0.001536,0.0001415251,6.982713e-05,0.000138746,1.524e-23,1.178e-24,7.395054e-06
step12000,12000,MLP_OUT,u,residual,1024,32-64,786432,0.002844861,0.003101114,0.003964742,0.006474709,0.00673695,0.002172307,0.002573358,0.001565,0.001536,6.598086e-05,0,0,1.524e-23,1.178e-24,0
step12000,12000,MLP_OUT,u,residual,1024,64-128,1572864,0.00195983,0.00222109,0.002314377,0.004002694,0.004268552,0.001973506,0.002177901,0.001565,0.001536,2.829949e-05,0,0,1.524e-23,1.178e-24,0
step12000,12000,MLP_OUT,u,residual,1024,128-256,3145728,0.001160404,0.001419217,0.0009063721,0.001833634,0.002081282,0.001883434,0.001926286,0.001565,0.001536,1.469001e-05,0,0,1.524e-23,1.178e-24,0
step12000,12000,MLP_OUT,u,residual,1024,256-512,6291456,0.0003013768,0.000526219,0.000615565,0.0006183554,0.0008599327,0.001791495,0.001784211,0.001565,0.001536,1.273348e-05,0,0,1.524e-23,1.178e-24,0
step12000,12000,MLP_OUT,u,residual,1024,512-1024,1.258291e+07,0.0007801844,0.0009705678,0.002078533,0.001667298,0.001926111,0.001830355,0.001905914,0.001565,0.001536,7.234056e-06,0,0,1.524e-23,1.178e-24,0
step12000,12000,MLP_OUT,v,hidden,4096,spike,3145728,0.01721467,0.01728137,0.007722855,0.009627491,0.009693422,0.004080091,0.002855183,0.001565,0.001558,4.254786e-05,1.207079e-05,2.036322e-05,1.524e-23,8.299e-24,2.801548e-06
step12000,12000,MLP_OUT,v,hidden,4096,32-64,3145728,0.006172458,0.006239159,0.0005084356,0.006019404,0.006086363,0.002637073,0.002619344,0.001565,0.001558,1.747891e-05,7.538568e-07,0,1.524e-23,8.299e-24,1.995076e-07
step12000,12000,MLP_OUT,v,hidden,4096,64-128,6291456,0.00366936,0.003736318,0.0006863912,0.0041742,0.004240368,0.002226203,0.002330535,0.001565,0.001558,2.193082e-05,1.816523e-08,0,1.524e-23,8.299e-24,4.061868e-08
step12000,12000,MLP_OUT,v,hidden,4096,128-256,1.258291e+07,0.002502222,0.002568011,0.0003408591,0.002631789,0.002699004,0.002023275,0.002085191,0.001565,0.001558,1.257063e-05,0,0,1.524e-23,8.299e-24,0
step12000,12000,MLP_OUT,v,hidden,4096,256-512,2.516582e+07,0.001782763,0.001847394,0.0007284562,0.001143452,0.001208617,0.00191922,0.001894764,0.001565,0.001558,8.599226e-06,0,0,1.524e-23,8.299e-24,0
step12000,12000,MLP_OUT,v,hidden,4096,512-1024,5.033165e+07,0.0008160639,0.000882212,0.0006449262,0.0002389483,0.0003033441,0.001833967,0.001788081,0.001565,0.001558,2.396759e-06,1.447541e-07,0,1.524e-23,8.299e-24,1.515246e-08
step16000,16000,Q,u,head,1024,spike,786432,0.05169443,0.05194805,0.02918905,0.07954791,0.07981154,0.006192089,0.00724124,0.001565,0.001536,0.0001829201,1.925514e-06,0.0001896813,1.524e-23,1.178e-24,1.313686e-06
step16000,16000,Q,u,head,1024,32-64,786432,0.03455203,0.03481566,0.009025828,0.04342629,0.04368992,0.004730479,0.005493164,0.001565,0.001536,0.0003003076,1.453218e-07,4.359654e-07,1.524e-23,1.178e-24,3.249494e-07
step16000,16000,Q,u,head,1024,64-128,1572864,0.03115159,0.03141272,0.003132884,0.02986741,0.03012604,0.00427237,0.003958421,0.001565,0.001536,0.0001177703,0,0,1.524e-23,1.178e-24,0
step16000,16000,Q,u,head,1024,128-256,3145728,0.02626327,0.0265269,0.009859085,0.01647096,0.01672958,0.00374873,0.002786418,0.001565,0.001536,7.251941e-05,0,0,1.524e-23,1.178e-24,0
step16000,16000,Q,u,head,1024,256-512,6291456,0.01140417,0.0116678,0.006246471,0.005191177,0.005453463,0.002538409,0.002074523,0.001565,0.001536,2.424496e-05,0,0,1.524e-23,1.178e-24,0
step16000,16000,Q,u,head,1024,512-1024,1.258291e+07,0.01387359,0.01414257,0.004791482,0.009125946,0.009394925,0.00350159,0.002880392,0.001565,0.001536,3.699326e-05,1.816523e-08,1.816523e-08,1.524e-23,1.178e-24,2.487376e-08
step16000,16000,Q,v,residual,1024,spike,786432,0.002555364,0.002794586,0.008000946,0.00994475,0.01021052,0.001950001,0.00272195,0.001565,0.001536,2.74996e-05,0,0,1.524e-23,1.178e-24,0
step16000,16000,Q,v,residual,1024,32-64,786432,0.005178137,0.005441403,0.00324529,0.008113031,0.008377732,0.002113633,0.002526383,0.001565,0.001536,4.446096e-05,0,0,1.524e-23,1.178e-24,0
step16000,16000,Q,v,residual,1024,64-128,1572864,0.004573072,0.004825999,0.001236216,0.005415798,0.00567763,0.00203436,0.002252561,0.001565,0.001536,4.504237e-05,0,0,1.524e-23,1.178e-24,0
step16000,16000,Q,v,residual,1024,128-256,3145728,0.002832695,0.003085431,0.000663058,0.002493981,0.002761484,0.001946894,0.001961454,0.001565,0.001536,2.445306e-05,0,0,1.524e-23,1.178e-24,0
step16000,16000,Q,v,residual,1024,256-512,6291456,0.0006895291,0.0009399521,0.0005218188,0.0003017426,0.000539894,0.001801577,0.001781118,0.001565,0.001536,1.524442e-05,0,0,1.524e-23,1.178e-24,0
step16000,16000,Q,v,residual,1024,512-1024,1.258291e+07,0.001097261,0.001359364,0.000344944,0.001316347,0.00158226,0.001933416,0.001932567,0.001565,0.001536,1.458151e-05,0,0,1.524e-23,1.178e-24,0
step16000,16000,K,u,head,1024,spike,786432,0.06004911,0.06030022,0.04684092,0.1058968,0.1061604,0.007040914,0.007594009,0.001565,0.001536,0.0001886473,9.809222e-07,0.0004101345,1.524e-23,1.178e-24,8.083015e-07
step16000,16000,K,u,head,1024,32-64,786432,0.0394653,0.03972142,0.008468882,0.04773836,0.04799448,0.005180141,0.005864934,0.001565,0.001536,0.0002501439,0,0,1.524e-23,1.178e-24,0
step16000,16000,K,u,head,1024,64-128,1572864,0.03519186,0.03545299,0.001783498,0.03419481,0.03445343,0.004611097,0.004228029,0.001565,0.001536,0.0001316313,0,0,1.524e-23,1.178e-24,0
step16000,16000,K,u,head,1024,128-256,3145728,0.02783397,0.0280976,0.008431943,0.01948109,0.01973471,0.003881836,0.002961386,0.001565,0.001536,5.740541e-05,0,0,1.524e-23,1.178e-24,0
step16000,16000,K,u,head,1024,256-512,6291456,0.01049115,0.01075478,0.003840637,0.006677253,0.006939449,0.002513509,0.002141853,0.001565,0.001536,3.557622e-05,0,0,1.524e-23,1.178e-24,0
step16000,16000,K,u,head,1024,512-1024,1.258291e+07,0.01378447,0.01405345,0.002911631,0.01087284,0.01114182,0.00342825,0.00307503,0.001565,0.001536,3.349013e-05,1.385098e-07,9.082613e-09,1.524e-23,1.178e-24,8.241877e-08
step16000,16000,K,v,residual,1024,spike,786432,0.0005821576,0.000769448,0.006183624,0.006218949,0.006485833,0.001825133,0.002456302,0.001565,0.001536,2.94183e-05,0,1.162574e-06,1.524e-23,1.178e-24,0
step16000,16000,K,v,residual,1024,32-64,786432,0.00271842,0.002981686,0.003258006,0.005373957,0.005633921,0.001914978,0.002301934,0.001565,0.001536,3.477799e-05,0,0,1.524e-23,1.178e-24,0
step16000,16000,K,v,residual,1024,64-128,1572864,0.002692122,0.002941791,0.001014074,0.003239121,0.003492506,0.001933797,0.002074705,0.001565,0.001536,1.792699e-05,0,0,1.524e-23,1.178e-24,0
step16000,16000,K,v,residual,1024,128-256,3145728,0.001722247,0.001984443,0.0007474899,0.001154773,0.001410901,0.001875505,0.001875078,0.001565,0.001536,1.525525e-05,0,0,1.524e-23,1.178e-24,0
step16000,16000,K,v,residual,1024,256-512,6291456,0.0003152785,0.0005151719,0.0004187266,0.0002707606,0.0004557855,0.001769202,0.001776577,0.001565,0.001536,2.621349e-05,0,0,1.524e-23,1.178e-24,0
step16000,16000,K,v,residual,1024,512-1024,1.258291e+07,0.0005663681,0.0008104454,0.0003955205,0.0006088249,0.0008731606,0.001852435,0.001849663,0.001565,0.001536,1.171349e-05,0,0,1.524e-23,1.178e-24,0
step16000,16000,V,u,head,1024,spike,786432,0.05108519,0.05134882,0.008502197,0.04392934,0.04419832,0.006981695,0.006950524,0.001565,0.001536,0.0002679998,4.359654e-07,2.652123e-06,1.524e-23,1.178e-24,3.979801e-07
step16000,16000,V,u,head,1024,32-64,786432,0.03065897,0.03092581,0.002302806,0.02870447,0.02897238,0.005240413,0.005039724,0.001565,0.001536,0.0001968876,0,0,1.524e-23,1.178e-24,0
step16000,16000,V,u,head,1024,64-128,1572864,0.01812583,0.01839481,0.001594162,0.01710947,0.01737845,0.003844888,0.00354894,0.001565,0.001536,5.720541e-05,0,0,1.524e-23,1.178e-24,0
step16000,16000,V,u,head,1024,128-256,3145728,0.009006037,0.009275016,0.002749379,0.006396036,0.006660736,0.002763267,0.002386883,0.001565,0.001536,6.165815e-05,0,0,1.524e-23,1.178e-24,0
step16000,16000,V,u,head,1024,256-512,6291456,0.002381706,0.00263817,0.001508617,0.0009978433,0.001262986,0.002017889,0.00184066,0.001565,0.001536,1.218782e-05,0,0,1.524e-23,1.178e-24,0
step16000,16000,V,u,head,1024,512-1024,1.258291e+07,0.003698958,0.003965798,0.0006525199,0.004280763,0.004547603,0.002125876,0.002189382,0.001565,0.001536,2.792847e-05,0,0,1.524e-23,1.178e-24,0
step16000,16000,V,v,residual,1024,spike,786432,0.02071807,0.02097169,0.009964498,0.03039725,0.03065337,0.003146689,0.004114097,0.001565,0.001536,0.0001073986,0,0,1.524e-23,1.178e-24,0
step16000,16000,V,v,residual,1024,32-64,786432,0.01806006,0.01832119,0.006574504,0.0240898,0.02434842,0.002940841,0.003544435,0.001565,0.001536,6.855569e-05,0,0,1.524e-23,1.178e-24,0
step16000,16000,V,v,residual,1024,64-128,1572864,0.01424392,0.01450004,0.004410426,0.01847944,0.01874307,0.002698208,0.003000459,0.001565,0.001536,5.404939e-05,0,0,1.524e-23,1.178e-24,0
step16000,16000,V,v,residual,1024,128-256,3145728,0.008609591,0.008870718,0.002037175,0.01051224,0.01077336,0.00229039,0.002418545,0.001565,0.001536,3.063719e-05,0,0,1.524e-23,1.178e-24,0
step16000,16000,V,v,residual,1024,256-512,6291456,0.002101227,0.002353963,0.0009417852,0.002914288,0.003172213,0.001883516,0.0019257,0.001565,0.001536,1.092037e-05,0,0,1.524e-23,1.178e-24,0
step16000,16000,V,v,residual,1024,512-1024,1.258291e+07,0.00386501,0.004131894,0.001524083,0.005332198,0.005601177,0.002294856,0.002495738,0.001565,0.001536,2.636978e-05,1.071748e-06,1.816523e-08,1.524e-23,1.178e-24,3.605086e-07
step16000,16000,O,u,residual,1024,spike,786432,0.007600024,0.007867978,0.008746847,0.01607511,0.01634365,0.002338736,0.002652522,0.001565,0.001536,6.674347e-05,4.090809e-05,5.783808e-05,1.524e-23,1.178e-24,8.726306e-06
step16000,16000,O,u,residual,1024,32-64,786432,0.00146717,0.001721855,0.003008779,0.003915593,0.004180293,0.001956613,0.002209981,0.001565,0.001536,5.069585e-05,0,0,1.524e-23,1.178e-24,0
step16000,16000,O,u,residual,1024,64-128,1572864,0.0006544564,0.0009154455,0.001761119,0.002177842,0.002442631,0.001819665,0.001997848,0.001565,0.001536,2.497418e-05,0,0,1.524e-23,1.178e-24,0
step16000,16000,O,u,residual,1024,128-256,3145728,0.0003633133,0.0005218155,0.001010195,0.000886149,0.001148252,0.001780564,0.001837758,0.001565,0.001536,2.386599e-05,0,0,1.524e-23,1.178e-24,0
step16000,16000,O,u,residual,1024,256-512,6291456,0.0003003883,0.0002765844,0.0003301303,0.0002164281,0.0003374748,0.001758298,0.001763793,0.001565,0.001536,5.422047e-06,0,0,1.524e-23,1.178e-24,0
step16000,16000,O,u,residual,1024,512-1024,1.258291e+07,0.0001857047,0.0003874592,0.0006315072,0.0006181316,0.0008650073,0.001779822,0.001802837,0.001565,0.001536,1.111594e-05,0,0,1.524e-23,1.178e-24,0
step16000,16000,O,v,head,1024,spike,786432,0.04312387,0.04339071,0.005479685,0.04151346,0.04178137,0.006413087,0.006702459,0.001565,0.001536,0.0005657624,2.906436e-07,1.416888e-06,1.524e-23,1.178e-24,6.498988e-07
step16000,16000,O,v,head,1024,32-64,786432,0.02464172,0.0249107,0.003357951,0.02768407,0.02795305,0.004682014,0.004945265,0.001565,0.001536,0.0002502929,0,0,1.524e-23,1.178e-24,0
step16000,16000,O,v,head,1024,64-128,1572864,0.01951375,0.01978273,0.003538386,0.0162259,0.01649201,0.00399535,0.003504871,0.001565,0.001536,0.0001003807,0,0,1.524e-23,1.178e-24,0
step16000,16000,O,v,head,1024,128-256,3145728,0.01354795,0.01381479,0.007530657,0.0061399,0.006407809,0.003190331,0.002351588,0.001565,0.001536,7.729821e-05,0,0,1.524e-23,1.178e-24,0
step16000,16000,O,v,head,1024,256-512,6291456,0.004579883,0.004847456,0.003797054,0.0008763017,0.001136266,0.002205971,0.001846082,0.001565,0.001536,1.945803e-05,0,0,1.524e-23,1.178e-24,0
step16000,16000,O,v,head,1024,512-1024,1.258291e+07,0.006593888,0.006859754,0.002581104,0.004021316,0.004289206,0.002450791,0.00216606,0.001565,0.001536,4.112992e-05,4.768372e-08,0,1.524e-23,1.178e-24,4.352908e-08
step16000,16000,MLP_IN,u,hidden,4096,spike,3145728,0.01021175,0.01025104,0.01348133,0.01421015,0.01427709,0.003015963,0.002547201,0.001565,0.001558,5.188789e-05,1.266116e-05,2.653031e-05,1.524e-23,8.299e-24,2.986474e-06
step16000,16000,MLP_IN,u,hidden,4096,32-64,3145728,0.004002652,0.004069601,0.001457723,0.005203491,0.005270172,0.00221564,0.002442196,0.001565,0.001558,1.384751e-05,7.26609e-08,0,1.524e-23,8.299e-24,9.949504e-08
step16000,16000,MLP_IN,u,hidden,4096,64-128,6291456,0.002854887,0.002921055,0.001079369,0.003791423,0.003857858,0.002098828,0.00223574,0.001565,0.001558,1.136895e-05,3.178914e-08,0,1.524e-23,8.299e-24,7.108269e-08
step16000,16000,MLP_IN,u,hidden,4096,128-256,1.258291e+07,0.002216484,0.002283432,0.0004214605,0.002558301,0.002624993,0.002020995,0.002063874,0.001565,0.001558,1.419018e-05,0,0,1.524e-23,8.299e-24,0
step16000,16000,MLP_IN,u,hidden,4096,256-512,2.516582e+07,0.001430784,0.001497209,0.0003047307,0.001202072,0.001268754,0.001923306,0.00190429,0.001565,0.001558,6.261006e-06,0,0,1.524e-23,8.299e-24,0
step16000,16000,MLP_IN,u,hidden,4096,512-1024,5.033165e+07,0.000802573,0.0008690174,0.0006393552,0.000212343,0.0002742993,0.001869014,0.001794694,0.001565,0.001558,9.726624e-06,6.363505e-07,0,1.524e-23,8.299e-24,1.276201e-07
step16000,16000,MLP_IN,v,residual,1024,spike,786432,0.001170928,0.00132994,0.01290894,0.01349897,0.0137626,0.001940264,0.00283501,0.001565,0.001536,4.460356e-05,0,0,1.524e-23,1.178e-24,0
step16000,16000,MLP_IN,v,residual,1024,32-64,786432,0.008090242,0.008353873,0.003528595,0.01113941,0.01139804,0.00233296,0.002564494,0.001565,0.001536,7.0023e-05,0,0,1.524e-23,1.178e-24,0
step16000,16000,MLP_IN,v,residual,1024,64-128,1572864,0.008696149,0.008958346,0.0008603414,0.008892833,0.009153959,0.002364912,0.002364876,0.001565,0.001536,3.015772e-05,0,0,1.524e-23,1.178e-24,0
step16000,16000,MLP_IN,v,residual,1024,128-256,3145728,0.006908491,0.007169617,0.001544635,0.005639911,0.005894017,0.002225086,0.00211881,0.001565,0.001536,3.030637e-05,0,0,1.524e-23,1.178e-24,0
step16000,16000,MLP_IN,v,residual,1024,256-512,6291456,0.00315689,0.003407123,0.001190154,0.002032452,0.002294786,0.001937426,0.001854451,0.001565,0.001536,1.476548e-05,0,0,1.524e-23,1.178e-24,0
step16000,16000,MLP_IN,v,residual,1024,512-1024,1.258291e+07,0.005581677,0.005847581,0.0008017381,0.004834655,0.005102608,0.002406098,0.002293539,0.001565,0.001536,1.606782e-05,1.131239e-05,8.433206e-06,1.524e-23,1.178e-24,1.610136e-06
step16000,16000,MLP_OUT,u,residual,1024,spike,786432,0.01660369,0.01686946,0.02942937,0.04576267,0.0460263,0.002796936,0.002948216,0.001565,0.001536,0.0001843846,9.736561e-05,0.0001587277,1.524e-23,1.178e-24,8.925024e-06
step16000,16000,MLP_OUT,u,residual,1024,32-64,786432,0.003084938,0.003343885,0.00333786,0.00605503,0.0063208,0.002174341,0.002452705,0.001565,0.001536,6.897709e-05,1.453218e-07,0,1.524e-23,1.178e-24,3.249494e-07
step16000,16000,MLP_OUT,u,residual,1024,64-128,1572864,0.00196787,0.002229973,0.002167638,0.0037691,0.00403241,0.001998629,0.002144986,0.001565,0.001536,2.558396e-05,0,0,1.524e-23,1.178e-24,0
step16000,16000,MLP_OUT,u,residual,1024,128-256,3145728,0.001027029,0.00127492,0.001057688,0.001810257,0.002064618,0.001874742,0.001914815,0.001565,0.001536,1.772922e-05,0,0,1.524e-23,1.178e-24,0
step16000,16000,MLP_OUT,u,residual,1024,256-512,6291456,0.0003962751,0.0006276763,0.0005504608,0.0007748231,0.001015893,0.001777917,0.001790292,0.001565,0.001536,1.304888e-05,0,0,1.524e-23,1.178e-24,0
step16000,16000,MLP_OUT,u,residual,1024,512-1024,1.258291e+07,0.0008119115,0.001019539,0.001984978,0.001798985,0.002051488,0.001836284,0.001899656,0.001565,0.001536,9.385415e-06,0,0,1.524e-23,1.178e-24,0
step16000,16000,MLP_OUT,v,hidden,4096,spike,3145728,0.02015926,0.0202257,0.007708359,0.01255531,0.0126215,0.00443682,0.003115563,0.001565,0.001558,5.709084e-05,1.868293e-05,3.130777e-05,1.524e-23,8.299e-24,4.792595e-06
step16000,16000,MLP_OUT,v,hidden,4096,32-64,3145728,0.007659406,0.007726364,0.0008124669,0.007087392,0.007154351,0.002876972,0.002813339,0.001565,0.001558,3.479714e-05,1.553127e-06,3.633045e-08,1.524e-23,8.299e-24,4.690974e-07
step16000,16000,MLP_OUT,v,hidden,4096,64-128,6291456,0.004536175,0.004602877,0.0006461779,0.004967417,0.005034632,0.002365226,0.002471215,0.001565,0.001558,2.540009e-05,3.178914e-08,0,1.524e-23,8.299e-24,7.108269e-08
step16000,16000,MLP_OUT,v,hidden,4096,128-256,1.258291e+07,0.00286195,0.002928632,0.0003598531,0.002887314,0.002954263,0.002079532,0.002144764,0.001565,0.001558,1.293527e-05,0,0,1.524e-23,8.299e-24,0
step16000,16000,MLP_OUT,v,hidden,4096,256-512,2.516582e+07,0.001980391,0.00204493,0.0007955154,0.001314053,0.001380468,0.001940633,0.001911942,0.001565,0.001558,7.870932e-06,0,0,1.524e-23,8.299e-24,0
step16000,16000,MLP_OUT,v,hidden,4096,512-1024,5.033165e+07,0.0009741708,0.001039068,0.0008157094,0.0002090178,0.0002664466,0.001854415,0.001794004,0.001565,0.001558,7.166261e-06,2.565838e-07,0,1.524e-23,8.299e-24,7.516449e-08
step24000,24000,Q,u,head,1024,spike,786432,0.05746556,0.05771918,0.03435008,0.09138185,0.09164297,0.00664364,0.00796952,0.001565,0.001536,0.0001899524,1.416888e-06,0.0002209618,1.524e-23,1.178e-24,8.164253e-07
step24000,24000,Q,u,head,1024,32-64,786432,0.03780775,0.03807138,0.01605937,0.05346723,0.05371834,0.00498174,0.006301371,0.001565,0.001536,0.0003993156,1.453218e-07,3.342401e-06,1.524e-23,1.178e-24,3.249494e-07
step24000,24000,Q,u,head,1024,64-128,1572864,0.03499322,0.03525185,0.003405635,0.03706202,0.03731563,0.004565048,0.004580543,0.001565,0.001536,0.0001045104,0,2.179827e-07,1.524e-23,1.178e-24,0
step24000,24000,Q,u,head,1024,128-256,3145728,0.03050621,0.03076733,0.01030229,0.02034633,0.02059995,0.004005332,0.003038679,0.001565,0.001536,0.0001087973,0,0,1.524e-23,1.178e-24,0
step24000,24000,Q,u,head,1024,256-512,6291456,0.01443424,0.01469787,0.007109769,0.007344574,0.007605701,0.002714357,0.002173887,0.001565,0.001536,1.799594e-05,0,0,1.524e-23,1.178e-24,0
step24000,24000,Q,u,head,1024,512-1024,1.258291e+07,0.01779022,0.0180592,0.006477563,0.01136915,0.01163706,0.003952367,0.003121642,0.001565,0.001536,3.19859e-05,7.26609e-08,1.816523e-08,1.524e-23,1.178e-24,8.852636e-08
step24000,24000,Q,v,residual,1024,spike,786432,0.002429837,0.002655129,0.007958984,0.00993031,0.01019822,0.001955595,0.002787127,0.001565,0.001536,6.447486e-05,0,1.59854e-06,1.524e-23,1.178e-24,0
step24000,24000,Q,v,residual,1024,32-64,786432,0.004905266,0.00517108,0.003323619,0.007803009,0.008067754,0.002082498,0.002553558,0.001565,0.001536,2.354321e-05,0,0,1.524e-23,1.178e-24,0
step24000,24000,Q,v,residual,1024,64-128,1572864,0.00440378,0.004661153,0.001758957,0.005485849,0.00575055,0.002036231,0.002260008,0.001565,0.001536,2.45847e-05,0,0,1.524e-23,1.178e-24,0
step24000,24000,Q,v,residual,1024,128-256,3145728,0.003081858,0.003336819,0.0009525299,0.002511323,0.002773907,0.001933025,0.001977094,0.001565,0.001536,2.973232e-05,0,0,1.524e-23,1.178e-24,0
step24000,24000,Q,v,residual,1024,256-512,6291456,0.0008858872,0.001126747,0.0006418228,0.0004043714,0.0006312584,0.0018068,0.00179234,0.001565,0.001536,1.757528e-05,0,0,1.524e-23,1.178e-24,0
step24000,24000,Q,v,residual,1024,512-1024,1.258291e+07,0.001222394,0.001489278,0.0002871195,0.001329511,0.00159157,0.001962242,0.00192845,0.001565,0.001536,1.006239e-05,0,0,1.524e-23,1.178e-24,0
step24000,24000,K,u,head,1024,spike,786432,0.06584134,0.06609245,0.04281082,0.1073932,0.1076568,0.007446144,0.008004906,0.001565,0.001536,0.0002155045,1.453218e-07,0.0004050482,1.524e-23,1.178e-24,3.249494e-07
step24000,24000,K,u,head,1024,32-64,786432,0.04327341,0.04353203,0.01032562,0.05333778,0.05358889,0.005382611,0.006181553,0.001565,0.001536,0.000349449,0,0,1.524e-23,1.178e-24,0
step24000,24000,K,u,head,1024,64-128,1572864,0.03861502,0.03887365,0.002256139,0.03867612,0.03892723,0.004819434,0.004454313,0.001565,0.001536,0.00016057,0,0,1.524e-23,1.178e-24,0
step24000,24000,K,u,head,1024,128-256,3145728,0.03269355,0.03294717,0.009989039,0.02280484,0.02305846,0.00414663,0.003066344,0.001565,0.001536,6.382038e-05,0,0,1.524e-23,1.178e-24,0
step24000,24000,K,u,head,1024,256-512,6291456,0.0144722,0.01473583,0.006039365,0.008480178,0.008741304,0.002707118,0.002216494,0.001565,0.001536,2.4453e-05,0,0,1.524e-23,1.178e-24,0
step24000,24000,K,u,head,1024,512-1024,1.258291e+07,0.01794403,0.01821301,0.005289729,0.0126543,0.01292328,0.003927335,0.003333525,0.001565,0.001536,4.75607e-05,3.360567e-07,9.082613e-09,1.524e-23,1.178e-24,1.59472e-07
step24000,24000,K,v,residual,1024,spike,786432,0.001022968,0.001254277,0.004906464,0.005502526,0.005766906,0.001873707,0.00235494,0.001565,0.001536,2.642506e-05,0,9.082613e-07,1.524e-23,1.178e-24,0
step24000,24000,K,v,residual,1024,32-64,786432,0.002305639,0.002557044,0.002622223,0.004352268,0.004617093,0.001973615,0.002218047,0.001565,0.001536,4.129711e-05,0,0,1.524e-23,1.178e-24,0
step24000,24000,K,v,residual,1024,64-128,1572864,0.00270504,0.002967237,0.0006586711,0.002648532,0.002908087,0.001957666,0.002023206,0.001565,0.001536,4.274081e-05,0,0,1.524e-23,1.178e-24,0
step24000,24000,K,v,residual,1024,128-256,3145728,0.001853657,0.002101576,0.001027234,0.001099622,0.001350659,0.001870092,0.001856886,0.001565,0.001536,5.347241e-06,0,0,1.524e-23,1.178e-24,0
step24000,24000,K,v,residual,1024,256-512,6291456,0.0004706897,0.0007139375,0.0006370544,0.0002518741,0.0003042696,0.001774007,0.001758848,0.001565,0.001536,1.430563e-05,0,0,1.524e-23,1.178e-24,0
step24000,24000,K,v,residual,1024,512-1024,1.258291e+07,0.0005861052,0.0008406297,0.0002609253,0.0005353689,0.0007766719,0.001859654,0.001824016,0.001565,0.001536,9.005867e-06,0,0,1.524e-23,1.178e-24,0
step24000,24000,V,u,head,1024,spike,786432,0.05153481,0.05179844,0.01056417,0.04259683,0.04286474,0.006830888,0.006704494,0.001565,0.001536,0.0002447775,8.719308e-07,3.378732e-06,1.524e-23,1.178e-24,7.959603e-07
step24000,24000,V,u,head,1024,32-64,786432,0.02990426,0.03017003,0.002770996,0.02763417,0.027901,0.005018543,0.004819016,0.001565,0.001536,0.0002190435,0,0,1.524e-23,1.178e-24,0
step24000,24000,V,u,head,1024,64-128,1572864,0.01792312,0.01819103,0.001390711,0.01698839,0.0172563,0.003770919,0.003484817,0.001565,0.001536,6.74274e-05,0,0,1.524e-23,1.178e-24,0
step24000,24000,V,u,head,1024,128-256,3145728,0.0105077,0.01077454,0.003826396,0.006811513,0.007078353,0.002922658,0.002371043,0.001565,0.001536,2.710965e-05,0,0,1.524e-23,1.178e-24,0
step24000,24000,V,u,head,1024,256-512,6291456,0.003367636,0.003634476,0.002313868,0.001114481,0.001378156,0.00211594,0.001855973,0.001565,0.001536,1.350138e-05,0,0,1.524e-23,1.178e-24,0
step24000,24000,V,u,head,1024,512-1024,1.258291e+07,0.004563667,0.004831576,0.0004412015,0.004280072,0.004549051,0.002209781,0.002206187,0.001565,0.001536,3.250026e-05,0,0,1.524e-23,1.178e-24,0
step24000,24000,V,v,residual,1024,spike,786432,0.01908869,0.0193423,0.009757233,0.02860354,0.02885465,0.002986872,0.003918021,0.001565,0.001536,8.483193e-05,0,0,1.524e-23,1.178e-24,0
step24000,24000,V,v,residual,1024,32-64,786432,0.01735349,0.01760122,0.006540171,0.02345985,0.02371596,0.002855973,0.003386071,0.001565,0.001536,5.227143e-05,0,0,1.524e-23,1.178e-24,0
step24000,24000,V,v,residual,1024,64-128,1572864,0.014045,0.01428934,0.004337819,0.0181617,0.01841281,0.002613522,0.002935973,0.001565,0.001536,3.177584e-05,0,0,1.524e-23,1.178e-24,0
step24000,24000,V,v,residual,1024,128-256,3145728,0.009336479,0.009591667,0.001651001,0.01094448,0.01119559,0.002288355,0.002360389,0.001565,0.001536,4.109352e-05,0,0,1.524e-23,1.178e-24,0
step24000,24000,V,v,residual,1024,256-512,6291456,0.003342134,0.003586479,0.0008265813,0.003977559,0.00422895,0.001922762,0.001938597,0.001565,0.001536,1.081177e-05,0,0,1.524e-23,1.178e-24,0
step24000,24000,V,v,residual,1024,512-1024,1.258291e+07,0.004769042,0.005037317,0.001189518,0.005884893,0.006151822,0.002428741,0.002581724,0.001565,0.001536,2.838129e-05,1.700719e-06,3.678458e-07,1.524e-23,1.178e-24,4.526665e-07
step24000,24000,O,u,residual,1024,spike,786432,0.01024279,0.0105086,0.009923045,0.01972517,0.01999312,0.002437991,0.002650851,0.001565,0.001536,0.0001076758,5.402338e-05,8.294242e-05,1.524e-23,1.178e-24,1.053317e-05
step24000,24000,O,u,residual,1024,32-64,786432,0.001652605,0.001905967,0.002972158,0.004061285,0.004326074,0.001971508,0.002241988,0.001565,0.001536,5.550277e-05,0,0,1.524e-23,1.178e-24,0
step24000,24000,O,u,residual,1024,64-128,1572864,0.0009142143,0.001133337,0.00148557,0.00195105,0.002209535,0.001858738,0.001987421,0.001565,0.001536,2.687359e-05,0,0,1.524e-23,1.178e-24,0
step24000,24000,O,u,residual,1024,128-256,3145728,0.0004015014,0.0004818706,0.0008584976,0.0008192355,0.001080188,0.001785315,0.001834987,0.001565,0.001536,2.401156e-05,0,0,1.524e-23,1.178e-24,0
step24000,24000,O,u,residual,1024,256-512,6291456,0.0003322008,0.0002832244,0.0003641764,0.0002730665,0.0004468303,0.001755928,0.001768766,0.001565,0.001536,8.94729e-06,0,0,1.524e-23,1.178e-24,0
step24000,24000,O,u,residual,1024,512-1024,1.258291e+07,0.0002046572,0.0004366203,0.0006733735,0.0007542399,0.001005496,0.001778469,0.001809136,0.001565,0.001536,8.131861e-06,0,0,1.524e-23,1.178e-24,0
step24000,24000,O,v,head,1024,spike,786432,0.04114635,0.04140748,0.007658641,0.03528371,0.03555269,0.006121354,0.005953798,0.001565,0.001536,0.0005084325,6.902786e-07,1.63487e-06,1.524e-23,1.178e-24,9.646402e-07
step24000,24000,O,v,head,1024,32-64,786432,0.02185592,0.02212276,0.00222702,0.02374139,0.02400823,0.004289754,0.004486811,0.001565,0.001536,0.000181666,1.453218e-07,0,1.524e-23,1.178e-24,3.249494e-07
step24000,24000,O,v,head,1024,64-128,1572864,0.01672759,0.0169955,0.002762731,0.01413566,0.01440464,0.003668576,0.003252356,0.001565,0.001536,0.0001012956,0,0,1.524e-23,1.178e-24,0
step24000,24000,O,v,head,1024,128-256,3145728,0.01267058,0.01293528,0.007395363,0.005389527,0.005654932,0.003100259,0.002254677,0.001565,0.001536,0.0001094107,0,0,1.524e-23,1.178e-24,0
step24000,24000,O,v,head,1024,256-512,6291456,0.004768678,0.005034595,0.004092757,0.0007817075,0.001042923,0.002203374,0.001830051,0.001565,0.001536,2.278842e-05,0,0,1.524e-23,1.178e-24,0
step24000,24000,O,v,head,1024,512-1024,1.258291e+07,0.006343955,0.006611864,0.00297033,0.003406765,0.003674674,0.002441411,0.002118204,0.001565,0.001536,4.102864e-05,1.521338e-07,0,1.524e-23,1.178e-24,1.679363e-07
step24000,24000,MLP_IN,u,hidden,4096,spike,3145728,0.01090992,0.01095702,0.01555208,0.01810682,0.01817404,0.003131521,0.00277195,0.001565,0.001558,3.628817e-05,1.486824e-05,3.0454e-05,1.524e-23,8.299e-24,1.807018e-06
step24000,24000,MLP_IN,u,hidden,4096,32-64,3145728,0.005022306,0.005089264,0.001751582,0.006523919,0.00659062,0.002348691,0.002588935,0.001565,0.001558,4.291134e-05,3.088088e-07,0,1.524e-23,8.299e-24,3.479364e-07
step24000,24000,MLP_IN,u,hidden,4096,64-128,6291456,0.003864708,0.003931399,0.001033243,0.004766375,0.004833067,0.002218219,0.002357846,0.001565,0.001558,1.382951e-05,3.633045e-08,0,1.524e-23,8.299e-24,8.123736e-08
step24000,24000,MLP_IN,u,hidden,4096,128-256,1.258291e+07,0.00301318,0.003080395,0.0002885183,0.003080645,0.003147336,0.00211579,0.002133558,0.001565,0.001558,1.510091e-05,9.082613e-09,0,1.524e-23,8.299e-24,2.030934e-08
step24000,24000,MLP_IN,u,hidden,4096,256-512,2.516582e+07,0.001889842,0.001956791,0.0004786412,0.001496425,0.001563116,0.00198327,0.001931745,0.001565,0.001558,6.247019e-06,0,0,1.524e-23,8.299e-24,0
step24000,24000,MLP_IN,u,hidden,4096,512-1024,5.033165e+07,0.001170186,0.00123662,0.0009578784,0.0002529851,0.0003177547,0.001920672,0.001794752,0.001565,0.001558,1.12574e-05,9.820575e-07,0,1.524e-23,8.299e-24,1.750921e-07
step24000,24000,MLP_IN,v,residual,1024,spike,786432,0.001304754,0.001519034,0.01237793,0.01299107,0.01324969,0.001921154,0.002712177,0.001565,0.001536,1.028784e-05,0,0,1.524e-23,1.178e-24,0
step24000,24000,MLP_IN,v,residual,1024,32-64,786432,0.007975051,0.008235813,0.003935496,0.0114484,0.01170703,0.002275994,0.002559916,0.001565,0.001536,5.679496e-05,0,0,1.524e-23,1.178e-24,0
step24000,24000,MLP_IN,v,residual,1024,64-128,1572864,0.009066147,0.009327274,0.0008046468,0.00864742,0.008908547,0.002367365,0.002317538,0.001565,0.001536,1.069599e-05,0,0,1.524e-23,1.178e-24,0
step24000,24000,MLP_IN,v,residual,1024,128-256,3145728,0.0077136,0.007966336,0.002164459,0.005678779,0.005937233,0.002234241,0.00211198,0.001565,0.001536,2.089429e-05,0,0,1.524e-23,1.178e-24,0
step24000,24000,MLP_IN,v,residual,1024,256-512,6291456,0.003904424,0.004157044,0.001578331,0.002390772,0.002641004,0.001961753,0.001876336,0.001565,0.001536,8.888092e-06,0,0,1.524e-23,1.178e-24,0
step24000,24000,MLP_IN,v,residual,1024,512-1024,1.258291e+07,0.006855236,0.00712319,0.001419067,0.005546047,0.005813956,0.002429551,0.002268346,0.001565,0.001536,1.655524e-05,2.092861e-05,1.123065e-05,1.524e-23,1.178e-24,3.06299e-06
step24000,24000,MLP_OUT,u,residual,1024,spike,786432,0.02008259,0.02034964,0.03217265,0.05184149,0.05210262,0.002836718,0.002805038,0.001565,0.001536,0.0001621363,0.000130063,0.000168428,1.524e-23,1.178e-24,1.766936e-05
step24000,24000,MLP_OUT,u,residual,1024,32-64,786432,0.003151176,0.003412165,0.002929688,0.005649994,0.005914738,0.002211761,0.002425385,0.001565,0.001536,5.749522e-05,0,0,1.524e-23,1.178e-24,0
step24000,24000,MLP_OUT,u,residual,1024,64-128,1572864,0.002206536,0.002462583,0.001902517,0.003606938,0.003863248,0.00201594,0.002128165,0.001565,0.001536,3.02754e-05,0,0,1.524e-23,1.178e-24,0
step24000,24000,MLP_OUT,u,residual,1024,128-256,3145728,0.00102573,0.001273423,0.001082929,0.001845848,0.002103227,0.001873116,0.001905696,0.001565,0.001536,1.732615e-05,0,0,1.524e-23,1.178e-24,0
step24000,24000,MLP_OUT,u,residual,1024,256-512,6291456,0.0004732707,0.0007163082,0.0006331762,0.0008812224,0.001097608,0.001786904,0.001797381,0.001565,0.001536,2.363805e-05,0,0,1.524e-23,1.178e-24,0
step24000,24000,MLP_OUT,u,residual,1024,512-1024,1.258291e+07,0.0009548601,0.001164259,0.001936309,0.001981492,0.00222164,0.001845492,0.001890923,0.001565,0.001536,9.127396e-06,0,0,1.524e-23,1.178e-24,0
step24000,24000,MLP_OUT,v,hidden,4096,spike,3145728,0.02477207,0.02483903,0.007246145,0.0177823,0.01784823,0.004939188,0.003581056,0.001565,0.001558,4.54152e-05,2.699352e-05,5.360558e-05,1.524e-23,8.299e-24,4.855971e-06
step24000,24000,MLP_OUT,v,hidden,4096,32-64,3145728,0.01052066,0.01058711,0.001025836,0.009636225,0.00970344,0.003288523,0.003224809,0.001565,0.001558,3.10079e-05,3.151667e-06,3.99635e-07,1.524e-23,8.299e-24,1.320341e-06
step24000,24000,MLP_OUT,v,hidden,4096,64-128,6291456,0.006053737,0.006120695,0.0004353205,0.006299742,0.006366443,0.002625234,0.002702372,0.001565,0.001558,1.809221e-05,1.907349e-07,0,1.524e-23,8.299e-24,1.511307e-07
step24000,24000,MLP_OUT,v,hidden,4096,128-256,1.258291e+07,0.003527905,0.00359432,0.0004072825,0.00359073,0.003657688,0.002194207,0.002248778,0.001565,0.001558,1.151728e-05,0,0,1.524e-23,8.299e-24,0
step24000,24000,MLP_OUT,v,hidden,4096,256-512,2.516582e+07,0.002244922,0.00231107,0.0008247137,0.001485626,0.001552327,0.001991789,0.001946994,0.001565,0.001558,5.920822e-06,0,0,1.524e-23,8.299e-24,0
step24000,24000,MLP_OUT,v,hidden,4096,512-1024,5.033165e+07,0.001184765,0.001250821,0.001024572,0.0002078191,0.0002701942,0.001888353,0.001790662,0.001565,0.001558,5.523128e-06,4.189355e-07,0,1.524e-23,8.299e-24,1.274496e-07
step32000,32000,Q,u,head,1024,spike,786432,0.06354795,0.06379906,0.04476471,0.1082175,0.1084687,0.007133847,0.008832296,0.001565,0.001536,0.0001768757,9.809222e-07,0.0002627418,1.524e-23,1.178e-24,7.663917e-07
step32000,32000,Q,u,head,1024,32-64,786432,0.04156828,0.04183191,0.0254008,0.06622408,0.0664752,0.005494908,0.007286362,0.001565,0.001536,0.0003480398,0,1.257034e-05,1.524e-23,1.178e-24,0
step32000,32000,Q,u,head,1024,64-128,1572864,0.03796905,0.03822517,0.008310954,0.04580325,0.04605436,0.004855982,0.005303973,0.001565,0.001536,0.000100466,0,1.453218e-07,1.524e-23,1.178e-24,0
step32000,32000,Q,u,head,1024,128-256,3145728,0.03291883,0.03317495,0.007553609,0.02551154,0.02576265,0.004190372,0.003469249,0.001565,0.001536,0.0001072216,0,0,1.524e-23,1.178e-24,0
step32000,32000,Q,u,head,1024,256-512,6291456,0.01618192,0.01644305,0.006728299,0.009475029,0.009733651,0.002803793,0.00232682,0.001565,0.001536,3.554506e-05,0,0,1.524e-23,1.178e-24,0
step32000,32000,Q,u,head,1024,512-1024,1.258291e+07,0.02033802,0.020607,0.006399075,0.01422531,0.01448894,0.004214253,0.003339416,0.001565,0.001536,4.231388e-05,1.294272e-07,1.816523e-08,1.524e-23,1.178e-24,1.226993e-07
step32000,32000,Q,v,residual,1024,spike,786432,0.002050451,0.002294295,0.01020126,0.01195163,0.01221633,0.001959374,0.003028216,0.001565,0.001536,6.871242e-05,0,4.468645e-06,1.524e-23,1.178e-24,0
step32000,32000,Q,v,residual,1024,32-64,786432,0.004811365,0.005060265,0.004917399,0.009374664,0.009639409,0.002069055,0.002728562,0.001565,0.001536,6.363229e-05,0,0,1.524e-23,1.178e-24,0
step32000,32000,Q,v,residual,1024,64-128,1572864,0.004200356,0.004454749,0.002663803,0.006316464,0.006582234,0.002043878,0.002386729,0.001565,0.001536,1.887582e-05,0,0,1.524e-23,1.178e-24,0
step32000,32000,Q,v,residual,1024,128-256,3145728,0.002690534,0.00294327,0.0006869634,0.0028647,0.00313154,0.001933579,0.002025368,0.001565,0.001536,1.852902e-05,0,0,1.524e-23,1.178e-24,0
step32000,32000,Q,v,residual,1024,256-512,6291456,0.001023054,0.00126478,0.0007026672,0.0004935278,0.0007384796,0.00180229,0.001790174,0.001565,0.001536,9.358265e-06,0,0,1.524e-23,1.178e-24,0
step32000,32000,Q,v,residual,1024,512-1024,1.258291e+07,0.001397605,0.001663048,0.0004667918,0.001698575,0.001967248,0.001974916,0.001953999,0.001565,0.001536,2.403419e-05,0,0,1.524e-23,1.178e-24,0
step32000,32000,K,u,head,1024,spike,786432,0.07064023,0.07089134,0.03834966,0.1070791,0.1073427,0.007823036,0.008385104,0.001565,0.001536,0.0001899214,4.359654e-07,0.0003549485,1.524e-23,1.178e-24,3.979801e-07
step32000,32000,K,u,head,1024,32-64,786432,0.04599608,0.0462547,0.01065801,0.05617287,0.05642398,0.005678268,0.006365422,0.001565,0.001536,0.0003703439,0,1.453218e-07,1.524e-23,1.178e-24,0
step32000,32000,K,u,head,1024,64-128,1572864,0.04085141,0.04110503,0.002416865,0.04093811,0.04118922,0.004972912,0.004555984,0.001565,0.001536,0.0001590115,0,0,1.524e-23,1.178e-24,0
step32000,32000,K,u,head,1024,128-256,3145728,0.03463413,0.03488524,0.01013648,0.02477142,0.02502253,0.00426,0.003167861,0.001565,0.001536,6.356815e-05,0,0,1.524e-23,1.178e-24,0
step32000,32000,K,u,head,1024,256-512,6291456,0.01639723,0.01665836,0.007005088,0.009422469,0.009676084,0.002820696,0.002258932,0.001565,0.001536,2.300003e-05,0,0,1.524e-23,1.178e-24,0
step32000,32000,K,u,head,1024,512-1024,1.258291e+07,0.02045302,0.020722,0.006681236,0.01380416,0.01407314,0.004183647,0.003470736,0.001565,0.001536,3.937945e-05,4.473187e-07,5.449568e-08,1.524e-23,1.178e-24,1.84049e-07
step32000,32000,K,v,residual,1024,spike,786432,0.001038571,0.001267133,0.004535675,0.005005034,0.005267274,0.001900809,0.002335648,0.001565,0.001536,5.044621e-05,0,5.449568e-07,1.524e-23,1.178e-24,0
step32000,32000,K,v,residual,1024,32-64,786432,0.002528349,0.002792685,0.001871745,0.003949811,0.004215626,0.001935759,0.00214524,0.001565,0.001536,3.995309e-05,0,0,1.524e-23,1.178e-24,0
step32000,32000,K,v,residual,1024,64-128,1572864,0.00238012,0.002648073,0.0006217957,0.002580827,0.002834859,0.00194971,0.002034723,0.001565,0.001536,2.208407e-05,0,0,1.524e-23,1.178e-24,0
step32000,32000,K,v,residual,1024,128-256,3145728,0.001896558,0.00213371,0.00118014,0.0009951998,0.001257485,0.001872117,0.001848884,0.001565,0.001536,2.945322e-05,0,0,1.524e-23,1.178e-24,0
step32000,32000,K,v,residual,1024,256-512,6291456,0.0004732765,0.0007253837,0.0006440481,0.0002899173,0.000335717,0.001785973,0.001758775,0.001565,0.001536,6.847678e-06,0,0,1.524e-23,1.178e-24,0
step32000,32000,K,v,residual,1024,512-1024,1.258291e+07,0.0006640395,0.0009190075,0.0003333886,0.000452894,0.0007090616,0.001875394,0.001830959,0.001565,0.001536,1.329828e-05,0,0,1.524e-23,1.178e-24,0
step32000,32000,V,u,head,1024,spike,786432,0.05179548,0.05205911,0.01299871,0.04029591,0.04056275,0.006786165,0.006383115,0.001565,0.001536,0.0003291561,2.543132e-07,1.198905e-06,1.524e-23,1.178e-24,5.686615e-07
step32000,32000,V,u,head,1024,32-64,786432,0.02893517,0.02919988,0.002792104,0.0265835,0.02685141,0.004850587,0.004708826,0.001565,0.001536,0.0002548498,0,0,1.524e-23,1.178e-24,0
step32000,32000,V,u,head,1024,64-128,1572864,0.01721778,0.01748569,0.001423772,0.01636235,0.01662668,0.003684689,0.003404345,0.001565,0.001536,9.543988e-05,0,0,1.524e-23,1.178e-24,0
step32000,32000,V,u,head,1024,128-256,3145728,0.01124596,0.01151494,0.004860051,0.006589597,0.006855366,0.002964238,0.002338173,0.001565,0.001536,5.251604e-05,0,0,1.524e-23,1.178e-24,0
step32000,32000,V,u,head,1024,256-512,6291456,0.003869611,0.004134356,0.002965005,0.001008144,0.00127011,0.002176989,0.001846064,0.001565,0.001536,3.093964e-05,0,0,1.524e-23,1.178e-24,0
step32000,32000,V,u,head,1024,512-1024,1.258291e+07,0.004861055,0.005128964,0.0008515676,0.004089862,0.004358841,0.002264334,0.002202134,0.001565,0.001536,4.323627e-05,0,0,1.524e-23,1.178e-24,0
step32000,32000,V,v,residual,1024,spike,786432,0.0176345,0.01788223,0.009504445,0.02711708,0.02736481,0.002889651,0.003737495,0.001565,0.001536,5.696957e-05,0,0,1.524e-23,1.178e-24,0
step32000,32000,V,v,residual,1024,32-64,786432,0.01570581,0.01595605,0.006731669,0.02232989,0.022581,0.002745964,0.003260331,0.001565,0.001536,8.771035e-05,0,0,1.524e-23,1.178e-24,0
step32000,32000,V,v,residual,1024,64-128,1572864,0.01330673,0.01355446,0.004048284,0.01733428,0.01757863,0.002551887,0.002843929,0.001565,0.001536,5.741859e-05,0,0,1.524e-23,1.178e-24,0
step32000,32000,V,v,residual,1024,128-256,3145728,0.008986328,0.009230674,0.001831245,0.01070084,0.01094568,0.002260363,0.002345875,0.001565,0.001536,1.709989e-05,0,0,1.524e-23,1.178e-24,0
step32000,32000,V,v,residual,1024,256-512,6291456,0.003735457,0.003973037,0.0006409009,0.004199962,0.004440925,0.001925527,0.001931894,0.001565,0.001536,2.385771e-05,0,0,1.524e-23,1.178e-24,0
step32000,32000,V,v,residual,1024,512-1024,1.258291e+07,0.005087437,0.005356416,0.0009974003,0.005959684,0.006228663,0.002461163,0.002574746,0.001565,0.001536,2.608646e-05,2.234323e-06,1.312438e-06,1.524e-23,1.178e-24,3.66167e-07
step32000,32000,O,u,residual,1024,spike,786432,0.01121169,0.0114776,0.01170324,0.02260196,0.02286991,0.002511815,0.002668254,0.001565,0.001536,8.651079e-05,6.092616e-05,9.322394e-05,1.524e-23,1.178e-24,1.011854e-05
step32000,32000,O,u,residual,1024,32-64,786432,0.001726289,0.001963277,0.002259064,0.003549811,0.003807351,0.001976195,0.002211761,0.001565,0.001536,2.442125e-05,0,0,1.524e-23,1.178e-24,0
step32000,32000,O,u,residual,1024,64-128,1572864,0.0006669836,0.0009057154,0.001542155,0.001898111,0.002158873,0.001851636,0.001972307,0.001565,0.001536,2.492905e-05,0,0,1.524e-23,1.178e-24,0
step32000,32000,O,u,residual,1024,128-256,3145728,0.0004011719,0.0006074207,0.0006538391,0.0007230595,0.0009588219,0.001791155,0.001824906,0.001565,0.001536,1.468179e-05,0,0,1.524e-23,1.178e-24,0
step32000,32000,O,u,residual,1024,256-512,6291456,0.0002322132,0.0004408644,0.0003921827,0.0003726925,0.000599788,0.001767159,0.001762944,0.001565,0.001536,9.35567e-06,0,0,1.524e-23,1.178e-24,0
step32000,32000,O,u,residual,1024,512-1024,1.258291e+07,0.0001798986,0.0004157289,0.0006113529,0.0006955356,0.0009434435,0.00176754,0.00181489,0.001565,0.001536,1.347527e-05,0,0,1.524e-23,1.178e-24,0
step32000,32000,O,v,head,1024,spike,786432,0.04046597,0.04073043,0.008819834,0.03238438,0.03265275,0.005994379,0.005647786,0.001565,0.001536,0.0003585426,5.449568e-07,7.26609e-07,1.524e-23,1.178e-24,1.21856e-06
step32000,32000,O,v,head,1024,32-64,786432,0.02075499,0.02102183,0.002165985,0.02235234,0.02261917,0.004131026,0.004280054,0.001565,0.001536,0.0002033522,0,0,1.524e-23,1.178e-24,0
step32000,32000,O,v,head,1024,64-128,1572864,0.01590006,0.01616797,0.00296313,0.01312896,0.01339794,0.003509412,0.003098224,0.001565,0.001536,8.495475e-05,0,0,1.524e-23,1.178e-24,0
step32000,32000,O,v,head,1024,128-256,3145728,0.0123022,0.01256794,0.006899579,0.005483426,0.005750266,0.003015346,0.002233823,0.001565,0.001536,0.0001360001,0,0,1.524e-23,1.178e-24,0
step32000,32000,O,v,head,1024,256-512,6291456,0.00508183,0.005349739,0.004326471,0.0008521877,0.001107269,0.002243274,0.00182942,0.001565,0.001536,3.5968e-05,0,0,1.524e-23,1.178e-24,0
step32000,32000,O,v,head,1024,512-1024,1.258291e+07,0.006407342,0.006675251,0.003164768,0.003310386,0.003577314,0.002446545,0.002121167,0.001565,0.001536,6.80732e-05,1.521338e-07,0,1.524e-23,1.178e-24,1.998304e-07
step32000,32000,MLP_IN,u,hidden,4096,spike,3145728,0.01161486,0.01166718,0.01692759,0.02075206,0.02081928,0.003203619,0.00291838,0.001565,0.001558,4.280399e-05,1.694815e-05,3.524962e-05,1.524e-23,8.299e-24,2.64517e-06
step32000,32000,MLP_IN,u,hidden,4096,32-64,3145728,0.005739787,0.005806745,0.001686605,0.007161263,0.007227698,0.002439917,0.002711705,0.001565,0.001558,2.779864e-05,6.539481e-07,1.362392e-07,1.524e-23,8.299e-24,7.986762e-07
step32000,32000,MLP_IN,u,hidden,4096,64-128,6291456,0.004760029,0.004826977,0.0009487152,0.005457425,0.005524126,0.002311625,0.002464413,0.001565,0.001558,1.203622e-05,1.816523e-08,0,1.524e-23,8.299e-24,4.061868e-08
step32000,32000,MLP_IN,u,hidden,4096,128-256,1.258291e+07,0.003640872,0.003708087,0.0002593994,0.003525319,0.003592534,0.002198115,0.002195488,0.001565,0.001558,1.808757e-05,0,0,1.524e-23,8.299e-24,0
step32000,32000,MLP_IN,u,hidden,4096,256-512,2.516582e+07,0.002171204,0.002237885,0.0005389214,0.001668259,0.001734703,0.002015412,0.001953966,0.001565,0.001558,9.834427e-06,0,0,1.524e-23,8.299e-24,0
step32000,32000,MLP_IN,u,hidden,4096,512-1024,5.033165e+07,0.001463906,0.001530351,0.001152718,0.0003621377,0.0004276705,0.001960271,0.001799506,0.001565,0.001558,1.283748e-05,1.274404e-06,0,1.524e-23,8.299e-24,1.087116e-07
step32000,32000,MLP_IN,v,residual,1024,spike,786432,0.001078588,0.001265717,0.01205343,0.01245493,0.01270855,0.001898448,0.002624948,0.001565,0.001536,1.804174e-05,0,2.543132e-07,1.524e-23,1.178e-24,0
step32000,32000,MLP_IN,v,residual,1024,32-64,786432,0.008023799,0.008276535,0.003032176,0.01051556,0.01077168,0.002249472,0.002440643,0.001565,0.001536,6.145038e-05,0,0,1.524e-23,1.178e-24,0
step32000,32000,MLP_IN,v,residual,1024,64-128,1572864,0.009349893,0.009600125,0.001244609,0.0083582,0.008611815,0.002367456,0.002302188,0.001565,0.001536,1.396618e-05,0,0,1.524e-23,1.178e-24,0
step32000,32000,MLP_IN,v,residual,1024,128-256,3145728,0.00789662,0.008148806,0.002852058,0.005262147,0.00551296,0.002225649,0.002104323,0.001565,0.001536,2.407546e-05,0,0,1.524e-23,1.178e-24,0
step32000,32000,MLP_IN,v,residual,1024,256-512,6291456,0.004267767,0.004511226,0.001957957,0.002407398,0.00265763,0.001969151,0.001870192,0.001565,0.001536,6.629926e-06,0,0,1.524e-23,1.178e-24,0
step32000,32000,MLP_IN,v,residual,1024,512-1024,1.258291e+07,0.007272293,0.007540202,0.001825349,0.005536546,0.005803847,0.002431309,0.002236255,0.001565,0.001536,1.634318e-05,2.267247e-05,1.240004e-05,1.524e-23,1.178e-24,3.00929e-06
step32000,32000,MLP_OUT,u,residual,1024,spike,786432,0.021684,0.02195084,0.03266296,0.05368647,0.05394008,0.002833775,0.002795773,0.001565,0.001536,0.0001258699,0.0001419431,0.0001719884,1.524e-23,1.178e-24,1.665792e-05
step32000,32000,MLP_OUT,u,residual,1024,32-64,786432,0.003309097,0.003575981,0.002708944,0.005602662,0.005867495,0.002240826,0.002443513,0.001565,0.001536,8.041507e-05,0,0,1.524e-23,1.178e-24,0
step32000,32000,MLP_OUT,u,residual,1024,64-128,1572864,0.002190958,0.002450885,0.001942698,0.003557703,0.003824543,0.001996286,0.002143787,0.001565,0.001536,2.219908e-05,0,0,1.524e-23,1.178e-24,0
step32000,32000,MLP_OUT,u,residual,1024,128-256,3145728,0.001127585,0.001391974,0.001080195,0.001950417,0.002199771,0.001872626,0.001918202,0.001565,0.001536,3.264891e-05,0,0,1.524e-23,1.178e-24,0
step32000,32000,MLP_OUT,u,residual,1024,256-512,6291456,0.000535609,0.0007836056,0.0007446289,0.001094248,0.001299683,0.001788562,0.001786009,0.001565,0.001536,1.025797e-05,0,0,1.524e-23,1.178e-24,0
step32000,32000,MLP_OUT,u,residual,1024,512-1024,1.258291e+07,0.0009591516,0.001168551,0.001925055,0.001955778,0.002204678,0.00184679,0.001896268,0.001565,0.001536,1.498844e-05,9.082613e-09,0,1.524e-23,1.178e-24,2.030934e-08
step32000,32000,MLP_OUT,v,hidden,4096,spike,3145728,0.02801702,0.02808347,0.00633227,0.02215089,0.02221682,0.005332075,0.003920192,0.001565,0.001558,5.695546e-05,3.306071e-05,7.318769e-05,1.524e-23,8.299e-24,5.314493e-06
step32000,32000,MLP_OUT,v,hidden,4096,32-64,3145728,0.01248156,0.01254775,0.001172574,0.01158009,0.01164627,0.00356518,0.003551801,0.001565,0.001558,4.574788e-05,5.994524e-06,7.811047e-07,1.524e-23,8.299e-24,1.666109e-06
step32000,32000,MLP_OUT,v,hidden,4096,64-128,6291456,0.007291933,0.007358378,0.0004043261,0.007539539,0.007605983,0.002807944,0.002907122,0.001565,0.001558,3.279153e-05,6.630307e-07,1.816523e-08,1.524e-23,8.299e-24,9.949504e-08
step32000,32000,MLP_OUT,v,hidden,4096,128-256,1.258291e+07,0.004214289,0.004281237,0.0003502051,0.004259605,0.004326563,0.00229153,0.002332885,0.001565,0.001558,1.732524e-05,9.082613e-09,0,1.524e-23,8.299e-24,2.030934e-08
step32000,32000,MLP_OUT,v,hidden,4096,256-512,2.516582e+07,0.002600874,0.002667555,0.001054406,0.001625635,0.001692583,0.002032598,0.001968769,0.001565,0.001558,6.496539e-06,4.541306e-09,0,1.524e-23,8.299e-24,1.015467e-08
step32000,32000,MLP_OUT,v,hidden,4096,512-1024,5.033165e+07,0.001426998,0.001492787,0.001187328,0.0002578556,0.0003235507,0.00192266,0.001795399,0.001565,0.001558,1.201858e-05,5.494981e-07,0,1.524e-23,8.299e-24,9.382772e-08
step48000,48000,Q,u,head,1024,spike,786432,0.0739402,0.07419131,0.06142197,0.1350636,0.1353147,0.007945251,0.01033332,0.001565,0.001536,0.000286107,1.59854e-06,0.0003242856,1.524e-23,1.178e-24,1.187011e-06
step48000,48000,Q,u,head,1024,32-64,786432,0.04939807,0.0496617,0.041244,0.08913668,0.08938779,0.006349255,0.008806283,0.001565,0.001536,0.000501107,2.906436e-07,2.383278e-05,1.524e-23,1.178e-24,3.979801e-07
step48000,48000,Q,u,head,1024,64-128,1572864,0.04401748,0.0442711,0.01964493,0.06261881,0.06286992,0.005504572,0.006620661,0.001565,0.001536,0.0002673445,0,2.216157e-06,1.524e-23,1.178e-24,0
step48000,48000,Q,u,head,1024,128-256,3145728,0.03676381,0.03701492,0.00436484,0.03577562,0.03602673,0.004480716,0.004247447,0.001565,0.001536,6.148941e-05,0,0,1.524e-23,1.178e-24,0
step48000,48000,Q,u,head,1024,256-512,6291456,0.0185756,0.01883172,0.004205767,0.01453102,0.01478674,0.002946931,0.002667314,0.001565,0.001536,2.817785e-05,0,0,1.524e-23,1.178e-24,0
step48000,48000,Q,u,head,1024,512-1024,1.258291e+07,0.02420262,0.02447159,0.005109739,0.02028695,0.02054808,0.004526822,0.003774981,0.001565,0.001536,3.051285e-05,4.064469e-07,7.26609e-08,1.524e-23,1.178e-24,2.048942e-07
step48000,48000,Q,v,residual,1024,spike,786432,0.002290395,0.002550404,0.01427409,0.01610609,0.01637079,0.002025423,0.003386434,0.001565,0.001536,5.907526e-05,0,7.992699e-06,1.524e-23,1.178e-24,0
step48000,48000,Q,v,residual,1024,32-64,786432,0.004795527,0.005053976,0.00764033,0.01208114,0.01234895,0.002058411,0.003084237,0.001565,0.001536,2.400993e-05,0,0,1.524e-23,1.178e-24,0
step48000,48000,Q,v,residual,1024,64-128,1572864,0.004735709,0.004995401,0.004037348,0.008280347,0.008542544,0.00206366,0.002641024,0.001565,0.001536,1.544525e-05,0,0,1.524e-23,1.178e-24,0
step48000,48000,Q,v,residual,1024,128-256,3145728,0.003102581,0.003352491,0.001175817,0.003888211,0.004156121,0.001951772,0.002133042,0.001565,0.001536,1.932878e-05,0,0,1.524e-23,1.178e-24,0
step48000,48000,Q,v,residual,1024,256-512,6291456,0.001129917,0.001366702,0.0007449786,0.0006259067,0.0008608222,0.001814311,0.001802631,0.001565,0.001536,1.399729e-05,0,0,1.524e-23,1.178e-24,0
step48000,48000,Q,v,residual,1024,512-1024,1.258291e+07,0.001515618,0.001782502,0.0009353956,0.00237196,0.00263666,0.00199312,0.001994682,0.001565,0.001536,1.656139e-05,7.720221e-08,0,1.524e-23,1.178e-24,5.409209e-08
step48000,48000,K,u,head,1024,spike,786432,0.07884285,0.07909396,0.0369812,0.1140531,0.1143092,0.008454859,0.009170714,0.001565,0.001536,0.0001410726,2.070836e-06,0.0003341675,1.524e-23,1.178e-24,2.41536e-06
step48000,48000,K,u,head,1024,32-64,786432,0.05155742,0.05181855,0.01345952,0.06435768,0.06460879,0.006281535,0.007161422,0.001565,0.001536,0.0004395168,1.453218e-07,6.902786e-07,1.524e-23,1.178e-24,3.249494e-07
step48000,48000,K,u,head,1024,64-128,1572864,0.04499936,0.04525047,0.002692795,0.04623634,0.04648745,0.005444627,0.005047226,0.001565,0.001536,0.0002034263,0,0,1.524e-23,1.178e-24,0
step48000,48000,K,u,head,1024,128-256,3145728,0.03686007,0.03711118,0.00952816,0.02758997,0.02784109,0.004461043,0.00336251,0.001565,0.001536,7.091541e-05,0,0,1.524e-23,1.178e-24,0
step48000,48000,K,u,head,1024,256-512,6291456,0.01792158,0.0181752,0.007333724,0.01068055,0.01093667,0.002906041,0.002325235,0.001565,0.001536,3.679521e-05,0,0,1.524e-23,1.178e-24,0
step48000,48000,K,u,head,1024,512-1024,1.258291e+07,0.02297052,0.02323949,0.00753487,0.01543565,0.01570462,0.004376611,0.003630011,0.001565,0.001536,5.039088e-05,8.832841e-07,1.0445e-07,1.524e-23,1.178e-24,3.388336e-07
step48000,48000,K,v,residual,1024,spike,786432,0.001502048,0.001714154,0.004409027,0.005234015,0.00549496,0.001962099,0.002301788,0.001565,0.001536,5.642527e-05,0,3.99635e-07,1.524e-23,1.178e-24,0
step48000,48000,K,v,residual,1024,32-64,786432,0.003056066,0.003307923,0.001716105,0.004133934,0.004399778,0.002000028,0.002178446,0.001565,0.001536,4.913171e-05,0,0,1.524e-23,1.178e-24,0
step48000,48000,K,v,residual,1024,64-128,1572864,0.003263425,0.003520843,0.001046371,0.002572732,0.002836312,0.001989728,0.002015286,0.001565,0.001536,4.592996e-05,0,0,1.524e-23,1.178e-24,0
step48000,48000,K,v,residual,1024,128-256,3145728,0.002183372,0.002439491,0.001226934,0.001174878,0.001431041,0.001913897,0.001863852,0.001565,0.001536,2.07069e-05,0,0,1.524e-23,1.178e-24,0
step48000,48000,K,v,residual,1024,256-512,6291456,0.0005330427,0.0007925532,0.0007221222,0.0002536931,0.0002291538,0.001790646,0.001756854,0.001565,0.001536,8.442687e-06,0,0,1.524e-23,1.178e-24,0
step48000,48000,K,v,residual,1024,512-1024,1.258291e+07,0.0009326301,0.001197464,0.0004208088,0.0006215813,0.0008824533,0.001898845,0.001835653,0.001565,0.001536,1.905586e-05,0,0,1.524e-23,1.178e-24,0
step48000,48000,V,u,head,1024,spike,786432,0.05347037,0.05373149,0.01690954,0.03841593,0.03868384,0.00685552,0.006205241,0.001565,0.001536,0.0003045298,1.453218e-07,7.26609e-07,1.524e-23,1.178e-24,3.249494e-07
step48000,48000,V,u,head,1024,32-64,786432,0.02836205,0.02862568,0.003641764,0.02519606,0.0254629,0.004624757,0.004450226,0.001565,0.001536,0.0002561502,0,0,1.524e-23,1.178e-24,0
step48000,48000,V,u,head,1024,64-128,1572864,0.01653625,0.01680523,0.001339213,0.01584402,0.01610872,0.003536951,0.003317788,0.001565,0.001536,8.466517e-05,0,0,1.524e-23,1.178e-24,0
step48000,48000,V,u,head,1024,128-256,3145728,0.0113228,0.01159071,0.005048052,0.006398798,0.006664568,0.002967635,0.002307274,0.001565,0.001536,6.201051e-05,0,0,1.524e-23,1.178e-24,0
step48000,48000,V,u,head,1024,256-512,6291456,0.00421334,0.004480224,0.003246498,0.001082177,0.001340009,0.002225285,0.001848875,0.001565,0.001536,2.004112e-05,0,0,1.524e-23,1.178e-24,0
step48000,48000,V,u,head,1024,512-1024,1.258291e+07,0.005064171,0.005332081,0.001202202,0.003972135,0.004240044,0.002291675,0.002202645,0.001565,0.001536,2.820753e-05,0,0,1.524e-23,1.178e-24,0
step48000,48000,V,v,residual,1024,spike,786432,0.01744733,0.01769506,0.009358215,0.02637478,0.0266309,0.002920823,0.003753807,0.001565,0.001536,0.0001329803,0,0,1.524e-23,1.178e-24,0
step48000,48000,V,v,residual,1024,32-64,786432,0.01570607,0.0159563,0.005940501,0.02131085,0.02156009,0.002807145,0.003222983,0.001565,0.001536,8.004153e-05,0,0,1.524e-23,1.178e-24,0
step48000,48000,V,v,residual,1024,64-128,1572864,0.01325078,0.01349851,0.00365359,0.01658139,0.01682574,0.002555266,0.002829797,0.001565,0.001536,5.886796e-05,0,0,1.524e-23,1.178e-24,0
step48000,48000,V,v,residual,1024,128-256,3145728,0.008883953,0.009124463,0.001550293,0.01025789,0.01050224,0.002243187,0.002319636,0.001565,0.001536,3.547935e-05,0,0,1.524e-23,1.178e-24,0
step48000,48000,V,v,residual,1024,256-512,6291456,0.00393451,0.004160544,0.0006028811,0.0042576,0.004471817,0.001924011,0.001922698,0.001565,0.001536,1.226826e-05,0,0,1.524e-23,1.178e-24,0
step48000,48000,V,v,residual,1024,512-1024,1.258291e+07,0.005274823,0.005542777,0.0009053071,0.006054813,0.006323792,0.002456874,0.002535395,0.001565,0.001536,3.16821e-05,3.487723e-06,4.130318e-06,1.524e-23,1.178e-24,6.072883e-07
step48000,48000,O,u,residual,1024,spike,786432,0.01236009,0.01262702,0.01212006,0.02423171,0.02449855,0.002527945,0.002652341,0.001565,0.001536,0.0001515568,7.215227e-05,9.729295e-05,1.524e-23,1.178e-24,1.073087e-05
step48000,48000,O,u,residual,1024,32-64,786432,0.001788078,0.002051798,0.002336884,0.003629362,0.003895221,0.001970527,0.002241879,0.001565,0.001536,4.267463e-05,0,0,1.524e-23,1.178e-24,0
step48000,48000,O,u,residual,1024,64-128,1572864,0.0008541579,0.001073433,0.001888275,0.002289733,0.002551747,0.001847494,0.002010091,0.001565,0.001536,2.042639e-05,0,0,1.524e-23,1.178e-24,0
step48000,48000,O,u,residual,1024,128-256,3145728,0.0004158295,0.0006320083,0.0007535934,0.0008257217,0.001086302,0.001796632,0.001837113,0.001565,0.001536,1.563387e-05,0,0,1.524e-23,1.178e-24,0
step48000,48000,O,u,residual,1024,256-512,6291456,0.000236868,0.0002787313,0.000408872,0.0002443173,0.0004349595,0.00174903,0.001760964,0.001565,0.001536,1.303742e-05,0,0,1.524e-23,1.178e-24,0
step48000,48000,O,u,residual,1024,512-1024,1.258291e+07,0.0002780413,0.000516012,0.0005982717,0.0007580187,0.001020215,0.001775978,0.001821443,0.001565,0.001536,4.220151e-06,0,0,1.524e-23,1.178e-24,0
step48000,48000,O,v,head,1024,spike,786432,0.04169051,0.04195521,0.01064326,0.03202997,0.03229681,0.00611783,0.005547914,0.001565,0.001536,0.0002620938,6.902786e-07,2.906436e-07,1.524e-23,1.178e-24,1.54351e-06
step48000,48000,O,v,head,1024,32-64,786432,0.02064345,0.02090922,0.002022044,0.02207071,0.02233862,0.004071481,0.004229264,0.001565,0.001536,0.0002280053,0,0,1.524e-23,1.178e-24,0
step48000,48000,O,v,head,1024,64-128,1572864,0.01507477,0.01534165,0.002159627,0.01343116,0.013698,0.003384963,0.003077371,0.001565,0.001536,4.575201e-05,0,0,1.524e-23,1.178e-24,0
step48000,48000,O,v,head,1024,128-256,3145728,0.01207662,0.01234346,0.006819661,0.005320376,0.005588285,0.003011812,0.002223142,0.001565,0.001536,0.0001122124,0,0,1.524e-23,1.178e-24,0
step48000,48000,O,v,head,1024,256-512,6291456,0.005250249,0.005518158,0.004477437,0.0009219712,0.001180229,0.002261057,0.001832045,0.001565,0.001536,3.251627e-05,0,0,1.524e-23,1.178e-24,0
step48000,48000,O,v,head,1024,512-1024,1.258291e+07,0.00650662,0.006775118,0.0032317,0.003288076,0.003557055,0.00247508,0.002122763,0.001565,0.001536,5.542796e-05,3.92823e-07,0,1.524e-23,1.178e-24,2.430501e-07
step48000,48000,MLP_IN,u,hidden,4096,spike,3145728,0.01267547,0.01272779,0.01903273,0.02462584,0.02469199,0.003311475,0.003157943,0.001565,0.001558,6.194154e-05,2.046313e-05,3.338768e-05,1.524e-23,8.299e-24,4.561312e-06
step48000,48000,MLP_IN,u,hidden,4096,32-64,3145728,0.007049627,0.007116585,0.00200208,0.008738076,0.008805034,0.002551914,0.00291352,0.001565,0.001558,2.940471e-05,8.44683e-07,1.63487e-07,1.524e-23,8.299e-24,9.832741e-07
step48000,48000,MLP_IN,u,hidden,4096,64-128,6291456,0.006102834,0.006169782,0.0008128802,0.00668419,0.006751405,0.00244572,0.002613967,0.001565,0.001558,2.136861e-05,5.449568e-08,0,1.524e-23,8.299e-24,8.123736e-08
step48000,48000,MLP_IN,u,hidden,4096,128-256,1.258291e+07,0.004705189,0.004772404,0.0005038579,0.004244059,0.004311007,0.002316041,0.002274045,0.001565,0.001558,2.687318e-05,1.816523e-08,0,1.524e-23,8.299e-24,2.487376e-08
step48000,48000,MLP_IN,u,hidden,4096,256-512,2.516582e+07,0.002715529,0.002782211,0.0007493178,0.002003736,0.002070694,0.002074018,0.001985045,0.001565,0.001558,1.233316e-05,0,0,1.524e-23,8.299e-24,0
step48000,48000,MLP_IN,u,hidden,4096,512-1024,5.033165e+07,0.001974476,0.00204092,0.001629027,0.0003803833,0.0004456211,0.002031437,0.00180934,0.001565,0.001558,1.891385e-05,1.88521e-06,0,1.524e-23,8.299e-24,1.742435e-07
step48000,48000,MLP_IN,v,residual,1024,spike,786432,0.001058334,0.001047889,0.01123479,0.01107231,0.01133057,0.001843988,0.002527364,0.001565,0.001536,4.99858e-05,0,6.539481e-07,1.524e-23,1.178e-24,0
step48000,48000,MLP_IN,v,residual,1024,32-64,786432,0.007137543,0.007380557,0.00291748,0.009783647,0.01003977,0.002200317,0.002423786,0.001565,0.001536,2.593635e-05,0,0,1.524e-23,1.178e-24,0
step48000,48000,MLP_IN,v,residual,1024,64-128,1572864,0.009031723,0.009276069,0.001449712,0.007826474,0.008081714,0.002357265,0.002271016,0.001565,0.001536,3.567332e-05,0,0,1.524e-23,1.178e-24,0
step48000,48000,MLP_IN,v,residual,1024,128-256,3145728,0.008008307,0.008259418,0.003026454,0.005074171,0.005332794,0.002241598,0.002068983,0.001565,0.001536,1.358209e-05,0,0,1.524e-23,1.178e-24,0
step48000,48000,MLP_IN,v,residual,1024,256-512,6291456,0.004292393,0.00453527,0.002232138,0.00218272,0.002429019,0.0019557,0.00184561,0.001565,0.001536,1.391339e-05,0,0,1.524e-23,1.178e-24,0
step48000,48000,MLP_IN,v,residual,1024,512-1024,1.258291e+07,0.007491221,0.0077602,0.002337122,0.005218747,0.005486701,0.0024382,0.002194981,0.001565,0.001536,1.934699e-05,2.366475e-05,1.196407e-05,1.524e-23,1.178e-24,2.969358e-06
step48000,48000,MLP_OUT,u,residual,1024,spike,786432,0.02333447,0.02359881,0.03037033,0.05314989,0.05340601,0.002895319,0.00276442,0.001565,0.001536,0.0001133082,0.0001456488,0.0001727513,1.524e-23,1.178e-24,1.969918e-05
step48000,48000,MLP_OUT,u,residual,1024,32-64,786432,0.003707945,0.003973803,0.002072398,0.005341066,0.005602055,0.002255976,0.002431851,0.001565,0.001536,6.27285e-05,0,0,1.524e-23,1.178e-24,0
step48000,48000,MLP_OUT,u,residual,1024,64-128,1572864,0.002559495,0.002826423,0.001912053,0.004091792,0.004346668,0.00203703,0.002141135,0.001565,0.001536,4.666901e-05,0,0,1.524e-23,1.178e-24,0
step48000,48000,MLP_OUT,u,residual,1024,128-256,3145728,0.001194578,0.001455531,0.001189931,0.00220636,0.002449826,0.001866949,0.00192793,0.001565,0.001536,2.699826e-05,0,0,1.524e-23,1.178e-24,0
step48000,48000,MLP_OUT,u,residual,1024,256-512,6291456,0.0006557891,0.0009014314,0.0005915324,0.001007189,0.001233714,0.001795769,0.001805274,0.001565,0.001536,1.652337e-05,0,0,1.524e-23,1.178e-24,0
step48000,48000,MLP_OUT,u,residual,1024,512-1024,1.258291e+07,0.001125584,0.001334983,0.001854436,0.002138824,0.00238596,0.001862712,0.001902978,0.001565,0.001536,1.319298e-05,3.40598e-08,0,1.524e-23,1.178e-24,5.444835e-08
step48000,48000,MLP_OUT,v,hidden,4096,spike,3145728,0.03268274,0.03274993,0.005264409,0.02827964,0.02834558,0.005820501,0.004409027,0.001565,0.001558,4.930423e-05,4.224323e-05,0.0001005718,1.524e-23,8.299e-24,6.541641e-06
step48000,48000,MLP_OUT,v,hidden,4096,32-64,3145728,0.01560063,0.01566707,0.001047071,0.01477502,0.01484121,0.003970982,0.004011527,0.001565,0.001558,4.894692e-05,9.536743e-06,1.18074e-06,1.524e-23,8.299e-24,8.342912e-07
step48000,48000,MLP_OUT,v,hidden,4096,64-128,6291456,0.009253537,0.009320495,0.0005144119,0.009061858,0.009128302,0.0031096,0.003176871,0.001565,0.001558,4.640869e-05,9.355091e-07,0,1.524e-23,8.299e-24,2.595904e-07
step48000,48000,MLP_OUT,v,hidden,4096,128-256,1.258291e+07,0.005218857,0.005285806,0.0004027208,0.004939925,0.005006883,0.00246001,0.002471365,0.001565,0.001558,2.544305e-05,1.589457e-08,0,1.524e-23,8.299e-24,3.554134e-08
step48000,48000,MLP_OUT,v,hidden,4096,256-512,2.516582e+07,0.003035638,0.00310232,0.001132226,0.001971824,0.002038515,0.002100446,0.002012186,0.001565,0.001558,9.121896e-06,0,0,1.524e-23,8.299e-24,0
step48000,48000,MLP_OUT,v,hidden,4096,512-1024,5.033165e+07,0.001803785,0.001870467,0.001510719,0.0003280488,0.0003917847,0.001976931,0.001802588,0.001565,0.001558,1.201083e-05,6.64166e-07,0,1.524e-23,8.299e-24,6.400388e-08
step64000,64000,Q,u,head,1024,spike,786432,0.08300468,0.08325579,0.09586131,0.1781318,0.178366,0.008710879,0.0114474,0.001565,0.001536,0.0003811042,2.724784e-06,0.0004836673,1.524e-23,1.178e-24,1.669818e-06
step64000,64000,Q,u,head,1024,32-64,786432,0.05633574,0.05659937,0.06139552,0.1147422,0.1149764,0.007011632,0.01044239,0.001565,0.001536,0.0007614288,2.325149e-06,7.774716e-05,1.524e-23,1.178e-24,3.683557e-06
step64000,64000,Q,u,head,1024,64-128,1572864,0.05012127,0.05037739,0.03186188,0.07936685,0.07960105,0.006106404,0.00781408,0.001565,0.001536,0.0004178838,3.269741e-07,2.81561e-06,1.524e-23,1.178e-24,4.657884e-07
step64000,64000,Q,u,head,1024,128-256,3145728,0.04030722,0.04055833,0.009217262,0.04789186,0.04813958,0.00475175,0.005078534,0.001565,0.001536,6.998201e-05,0,0,1.524e-23,1.178e-24,0
step64000,64000,Q,u,head,1024,256-512,6291456,0.02065351,0.02090774,0.001949978,0.02112165,0.02137276,0.003099619,0.00313678,0.001565,0.001536,5.157824e-05,0,0,1.524e-23,1.178e-24,0
step64000,64000,Q,u,head,1024,512-1024,1.258291e+07,0.02778272,0.02804956,0.004510228,0.02772644,0.02798075,0.004818984,0.004247699,0.001565,0.001536,5.847036e-05,5.290622e-07,4.541306e-08,1.524e-23,1.178e-24,1.980486e-07
step64000,64000,Q,v,residual,1024,spike,786432,0.002874177,0.003135842,0.01689224,0.01963175,0.01990073,0.002085985,0.003903707,0.001565,0.001536,6.107266e-05,7.992699e-07,1.057216e-05,1.524e-23,1.178e-24,1.416422e-06
step64000,64000,Q,v,residual,1024,32-64,786432,0.005443997,0.005702599,0.01148758,0.01670897,0.01697474,0.002128565,0.003688958,0.001565,0.001536,6.53185e-05,0,1.089914e-06,1.524e-23,1.178e-24,0
step64000,64000,Q,v,residual,1024,64-128,1572864,0.004996125,0.005255818,0.007277934,0.012119,0.01238477,0.00213812,0.003091921,0.001565,0.001536,4.015154e-05,0,0,1.524e-23,1.178e-24,0
step64000,64000,Q,v,residual,1024,128-256,3145728,0.00355082,0.003805504,0.002111626,0.005189489,0.005456373,0.00200347,0.002286021,0.001565,0.001536,3.415827e-05,0,0,1.524e-23,1.178e-24,0
step64000,64000,Q,v,residual,1024,256-512,6291456,0.001162847,0.001391116,0.0005278905,0.0008548452,0.001117042,0.001819084,0.0018361,0.001565,0.001536,2.03354e-05,0,0,1.524e-23,1.178e-24,0
step64000,64000,Q,v,residual,1024,512-1024,1.258291e+07,0.001814405,0.002081333,0.001818752,0.003519845,0.003782086,0.00201834,0.002091147,0.001565,0.001536,3.227906e-05,1.0445e-07,0,1.524e-23,1.178e-24,3.71375e-08
step64000,64000,K,u,head,1024,spike,786432,0.08700299,0.08725411,0.04087194,0.1267501,0.1270012,0.009112077,0.009934707,0.001565,0.001536,0.0002053222,4.650298e-06,0.0003405253,1.524e-23,1.178e-24,4.299828e-06
step64000,64000,K,u,head,1024,32-64,786432,0.05872549,0.05898662,0.01653264,0.0745503,0.07480141,0.007053557,0.008080473,0.001565,0.001536,0.0005543979,6.539481e-07,8.719308e-07,1.524e-23,1.178e-24,6.370791e-07
step64000,64000,K,u,head,1024,64-128,1572864,0.0492814,0.04953752,0.004751968,0.05296038,0.05321149,0.005936741,0.005699376,0.001565,0.001536,0.0002851163,1.453218e-07,0,1.524e-23,1.178e-24,1.989901e-07
step64000,64000,K,u,head,1024,128-256,3145728,0.03868937,0.03894298,0.008689817,0.03050885,0.03075996,0.004664403,0.003636179,0.001565,0.001536,5.475909e-05,0,0,1.524e-23,1.178e-24,0
step64000,64000,K,u,head,1024,256-512,6291456,0.01859758,0.01885119,0.006937536,0.0117012,0.01195732,0.002973289,0.002423373,0.001565,0.001536,3.929224e-05,0,0,1.524e-23,1.178e-24,0
step64000,64000,K,u,head,1024,512-1024,1.258291e+07,0.02491,0.02517898,0.007749367,0.01717914,0.01744705,0.004495089,0.003733394,0.001565,0.001536,2.888042e-05,1.32152e-06,9.763808e-08,1.524e-23,1.178e-24,2.163981e-07
step64000,64000,K,v,residual,1024,spike,786432,0.002374967,0.002628865,0.004090373,0.006217366,0.006482111,0.002062407,0.002414921,0.001565,0.001536,5.824421e-05,0,7.992699e-07,1.524e-23,1.178e-24,0
step64000,64000,K,v,residual,1024,32-64,786432,0.003661151,0.00392701,0.002001699,0.005459392,0.005722703,0.002071998,0.002307892,0.001565,0.001536,2.603261e-05,0,0,1.524e-23,1.178e-24,0
step64000,64000,K,v,residual,1024,64-128,1572864,0.004111032,0.004375733,0.0009497325,0.003511224,0.003771152,0.002084423,0.002098011,0.001565,0.001536,2.280881e-05,0,0,1.524e-23,1.178e-24,0
step64000,64000,K,v,residual,1024,128-256,3145728,0.00282596,0.003089591,0.001458995,0.001641043,0.001907971,0.001966867,0.001907103,0.001565,0.001536,3.471974e-05,0,0,1.524e-23,1.178e-24,0
step64000,64000,K,v,residual,1024,256-512,6291456,0.0007141311,0.0009658239,0.0006123543,0.0002673393,0.0004635948,0.001795919,0.00177581,0.001565,0.001536,1.848135e-05,0,0,1.524e-23,1.178e-24,0
step64000,64000,K,v,residual,1024,512-1024,1.258291e+07,0.001109609,0.001368042,0.0004032612,0.0008109365,0.001059261,0.001925668,0.001876736,0.001565,0.001536,1.708212e-05,9.082613e-09,0,1.524e-23,1.178e-24,2.030934e-08
step64000,64000,V,u,head,1024,spike,786432,0.0561358,0.05639442,0.01758804,0.03976948,0.04003632,0.007097081,0.006187148,0.001565,0.001536,0.0002219538,0,9.809222e-07,1.524e-23,1.178e-24,0
step64000,64000,V,u,head,1024,32-64,786432,0.02955071,0.02981434,0.003103638,0.02687997,0.02714574,0.004740361,0.004578799,0.001565,0.001536,0.000245599,0,0,1.524e-23,1.178e-24,0
step64000,64000,V,u,head,1024,64-128,1572864,0.01797339,0.01823855,0.001393509,0.01697231,0.01723808,0.003606415,0.003400912,0.001565,0.001536,7.408566e-05,0,0,1.524e-23,1.178e-24,0
step64000,64000,V,u,head,1024,128-256,3145728,0.01192403,0.01219087,0.004544576,0.007472198,0.007735828,0.00296788,0.002390644,0.001565,0.001536,6.177114e-05,0,0,1.524e-23,1.178e-24,0
step64000,64000,V,u,head,1024,256-512,6291456,0.00471877,0.00498561,0.003513527,0.001321897,0.001585808,0.002243614,0.00186382,0.001565,0.001536,1.446788e-05,0,0,1.524e-23,1.178e-24,0
step64000,64000,V,u,head,1024,512-1024,1.258291e+07,0.005478809,0.005747788,0.001237679,0.004368017,0.004636996,0.002360805,0.002239616,0.001565,0.001536,5.25192e-05,0,0,1.524e-23,1.178e-24,0
step64000,64000,V,v,residual,1024,spike,786432,0.01908716,0.01934078,0.0091657,0.02805427,0.02831039,0.003059787,0.003900074,0.001565,0.001536,0.0001692286,0,0,1.524e-23,1.178e-24,0
step64000,64000,V,v,residual,1024,32-64,786432,0.01712359,0.01736793,0.005520376,0.02224649,0.02249673,0.002890087,0.003347451,0.001565,0.001536,0.0001074866,0,0,1.524e-23,1.178e-24,0
step64000,64000,V,v,residual,1024,64-128,1572864,0.01422493,0.01447404,0.003454208,0.01755389,0.017805,0.002654739,0.002903039,0.001565,0.001536,7.591571e-05,0,0,1.524e-23,1.178e-24,0
step64000,64000,V,v,residual,1024,128-256,3145728,0.009381656,0.009624541,0.001357969,0.0106719,0.01091166,0.002292878,0.002344958,0.001565,0.001536,4.077675e-05,0,0,1.524e-23,1.178e-24,0
step64000,64000,V,v,residual,1024,256-512,6291456,0.00404828,0.004274091,0.0005130768,0.004457882,0.004676587,0.001926867,0.001942371,0.001565,0.001536,2.257855e-05,0,0,1.524e-23,1.178e-24,0
step64000,64000,V,v,residual,1024,512-1024,1.258291e+07,0.005862906,0.006131372,0.0006382783,0.006397102,0.006666081,0.002489976,0.002562902,0.001565,0.001536,5.606011e-05,4.27564e-06,5.774271e-06,1.524e-23,1.178e-24,7.421685e-07
step64000,64000,O,u,residual,1024,spike,786432,0.013156,0.01342396,0.01239115,0.0251862,0.02545518,0.002553849,0.002657754,0.001565,0.001536,0.000112047,8.443197e-05,0.0001053583,1.524e-23,1.178e-24,1.287132e-05
step64000,64000,O,u,residual,1024,32-64,786432,0.001583127,0.001845906,0.002463023,0.003744728,0.004005761,0.001969655,0.002269818,0.001565,0.001536,4.354675e-05,0,0,1.524e-23,1.178e-24,0
step64000,64000,O,u,residual,1024,64-128,1572864,0.0007150659,0.0009658311,0.002084351,0.002470139,0.00273131,0.001838212,0.002005296,0.001565,0.001536,4.26491e-05,0,0,1.524e-23,1.178e-24,0
step64000,64000,O,u,residual,1024,128-256,3145728,0.0004217415,0.0006483907,0.000756518,0.0008349608,0.001088129,0.001777431,0.001816722,0.001565,0.001536,2.115463e-05,0,0,1.524e-23,1.178e-24,0
step64000,64000,O,u,residual,1024,256-512,6291456,0.0002654545,0.0004654132,0.0003263156,0.0003532315,0.000563417,0.001767195,0.001761223,0.001565,0.001536,1.164932e-05,0,0,1.524e-23,1.178e-24,0
step64000,64000,O,u,residual,1024,512-1024,1.258291e+07,0.0004428011,0.0006972842,0.0004585584,0.0007768554,0.00102349,0.001786841,0.00182303,0.001565,0.001536,9.906655e-06,0,0,1.524e-23,1.178e-24,0
step64000,64000,O,v,head,1024,spike,786432,0.04560499,0.04586862,0.01074829,0.03543262,0.03569732,0.006390563,0.005793326,0.001565,0.001536,0.0002121246,1.671201e-06,5.449568e-07,1.524e-23,1.178e-24,2.991477e-06
step64000,64000,O,v,head,1024,32-64,786432,0.02346989,0.02373566,0.002596537,0.02540979,0.02567556,0.004250263,0.004470971,0.001565,0.001536,0.0001469424,0,0,1.524e-23,1.178e-24,0
step64000,64000,O,v,head,1024,64-128,1572864,0.01695912,0.01722596,0.001502101,0.01572306,0.01599096,0.003521892,0.003292247,0.001565,0.001536,0.0001120335,0,0,1.524e-23,1.178e-24,0
step64000,64000,O,v,head,1024,128-256,3145728,0.01310676,0.01337039,0.0065979,0.006537462,0.006803232,0.003053938,0.002315866,0.001565,0.001536,0.0001183597,0,0,1.524e-23,1.178e-24,0
step64000,64000,O,v,head,1024,256-512,6291456,0.005724868,0.005991355,0.004668363,0.001182912,0.00143065,0.002310757,0.001857231,0.001565,0.001536,4.247109e-05,0,0,1.524e-23,1.178e-24,0
step64000,64000,O,v,head,1024,512-1024,1.258291e+07,0.007315618,0.007584597,0.003452158,0.003918141,0.00418605,0.002561392,0.002188356,0.001565,0.001536,6.66561e-05,2.792903e-07,0,1.524e-23,1.178e-24,1.790795e-07
step64000,64000,MLP_IN,u,hidden,4096,spike,3145728,0.01368528,0.0137376,0.02071126,0.02764037,0.02770626,0.003375716,0.003347324,0.001565,0.001558,5.615988e-05,2.13623e-05,3.494989e-05,1.524e-23,8.299e-24,4.698946e-06
step64000,64000,MLP_IN,u,hidden,4096,32-64,3145728,0.008089337,0.008156286,0.002066867,0.009938448,0.0100054,0.002642486,0.003068352,0.001565,0.001558,2.629905e-05,1.289731e-06,7.26609e-08,1.524e-23,8.299e-24,1.036871e-06
step64000,64000,MLP_IN,u,hidden,4096,64-128,6291456,0.007006341,0.007073556,0.0007449786,0.007442767,0.007509458,0.002569866,0.0027169,0.001565,0.001558,2.895371e-05,2.633958e-07,0,1.524e-23,8.299e-24,1.21856e-07
step64000,64000,MLP_IN,u,hidden,4096,128-256,1.258291e+07,0.005573318,0.005640533,0.0007657369,0.004874791,0.004941473,0.002419313,0.002337267,0.001565,0.001558,2.43398e-05,5.222502e-08,0,1.524e-23,8.299e-24,6.980181e-08
step64000,64000,MLP_IN,u,hidden,4096,256-512,2.516582e+07,0.003065301,0.003131716,0.0007717609,0.002331747,0.002398429,0.002121701,0.002023053,0.001565,0.001558,1.361147e-05,0,0,1.524e-23,8.299e-24,0
step64000,64000,MLP_IN,u,hidden,4096,512-1024,5.033165e+07,0.002406846,0.002473804,0.001984815,0.00046266,0.0005278243,0.002082195,0.001812103,0.001565,0.001558,1.417072e-05,2.695265e-06,0,1.524e-23,8.299e-24,2.411701e-07
step64000,64000,MLP_IN,v,residual,1024,spike,786432,0.0008530331,0.000881352,0.01101659,0.01067961,0.01093824,0.001860264,0.002504948,0.001565,0.001536,4.099578e-05,1.453218e-07,2.543132e-07,1.524e-23,1.178e-24,3.249494e-07
step64000,64000,MLP_IN,v,residual,1024,32-64,786432,0.00701464,0.007262368,0.002913411,0.009643797,0.00990242,0.002237483,0.002432287,0.001565,0.001536,2.866988e-05,0,0,1.524e-23,1.178e-24,0
step64000,64000,MLP_IN,v,residual,1024,64-128,1572864,0.009244329,0.009488674,0.002256902,0.007356682,0.007618878,0.002360934,0.002232161,0.001565,0.001536,2.731285e-05,0,0,1.524e-23,1.178e-24,0
step64000,64000,MLP_IN,v,residual,1024,128-256,3145728,0.007827425,0.008075153,0.003068352,0.004877675,0.005130602,0.002234477,0.002046739,0.001565,0.001536,1.874062e-05,0,0,1.524e-23,1.178e-24,0
step64000,64000,MLP_IN,v,residual,1024,256-512,6291456,0.004385736,0.004623316,0.002488263,0.00196295,0.002207195,0.001954088,0.001857889,0.001565,0.001536,2.414346e-05,0,0,1.524e-23,1.178e-24,0
step64000,64000,MLP_IN,v,residual,1024,512-1024,1.258291e+07,0.00742866,0.007697639,0.002442948,0.005020879,0.005287763,0.002441567,0.002174498,0.001565,0.001536,2.637822e-05,2.244086e-05,1.162801e-05,1.524e-23,1.178e-24,2.43027e-06
step64000,64000,MLP_OUT,u,residual,1024,spike,786432,0.02386544,0.02413014,0.02837118,0.05128878,0.05153989,0.002915083,0.002767799,0.001565,0.001536,0.0001082263,0.0001389276,0.0001634144,1.524e-23,1.178e-24,1.802911e-05
step64000,64000,MLP_OUT,u,residual,1024,32-64,786432,0.003290863,0.003553038,0.002844493,0.005783656,0.006046922,0.002285767,0.002470035,0.001565,0.001536,4.614171e-05,0,0,1.524e-23,1.178e-24,0
step64000,64000,MLP_OUT,u,residual,1024,64-128,1572864,0.002432388,0.002694447,0.001705424,0.003705407,0.003966306,0.002044496,0.002144714,0.001565,0.001536,3.706485e-05,0,0,1.524e-23,1.178e-24,0
step64000,64000,MLP_OUT,u,residual,1024,128-256,3145728,0.001142177,0.001400785,0.001057879,0.002050822,0.002301095,0.001879401,0.001922571,0.001565,0.001536,2.835771e-05,0,0,1.524e-23,1.178e-24,0
step64000,64000,MLP_OUT,u,residual,1024,256-512,6291456,0.0006211078,0.0008612519,0.0005771319,0.0009856615,0.001192815,0.001793852,0.001797567,0.001565,0.001536,1.18143e-05,0,0,1.524e-23,1.178e-24,0
step64000,64000,MLP_OUT,u,residual,1024,512-1024,1.258291e+07,0.001254918,0.001464317,0.001636696,0.002084699,0.002321826,0.001878377,0.001911331,0.001565,0.001536,1.768755e-05,1.430511e-07,5.903698e-08,1.524e-23,1.178e-24,9.884516e-08
step64000,64000,MLP_OUT,v,hidden,4096,spike,3145728,0.03607178,0.03613874,0.004835383,0.0326619,0.03272784,0.006143379,0.004769334,0.001565,0.001558,4.248602e-05,5.162557e-05,0.0001175744,1.524e-23,8.299e-24,6.279446e-06
step64000,64000,MLP_OUT,v,hidden,4096,32-64,3145728,0.01776248,0.01782893,0.001148733,0.01688985,0.01695578,0.004222979,0.00433128,0.001565,0.001558,2.922059e-05,1.388731e-05,2.107166e-06,1.524e-23,8.299e-24,9.76856e-07
step64000,64000,MLP_OUT,v,hidden,4096,64-128,6291456,0.01062089,0.01068811,0.0005003293,0.01050321,0.01056965,0.003314427,0.003391161,0.001565,0.001558,4.780228e-05,1.185281e-06,0,1.524e-23,8.299e-24,3.299877e-07
step64000,64000,MLP_OUT,v,hidden,4096,128-256,1.258291e+07,0.006030049,0.006097264,0.0006323497,0.005530543,0.005596978,0.002581288,0.002558097,0.001565,0.001558,3.466994e-05,3.633045e-08,0,1.524e-23,8.299e-24,3.799529e-08
step64000,64000,MLP_OUT,v,hidden,4096,256-512,2.516582e+07,0.003409721,0.003476135,0.001316555,0.002181437,0.002247338,0.002163373,0.002038147,0.001565,0.001558,9.105103e-06,0,0,1.524e-23,8.299e-24,0
step64000,64000,MLP_OUT,v,hidden,4096,512-1024,5.033165e+07,0.002197983,0.002264931,0.001911279,0.0003154115,0.0003761534,0.002026211,0.001806724,0.001565,0.001558,8.938388e-06,8.259501e-07,0,1.524e-23,8.299e-24,1.14908e-07
step96000,96000,Q,u,head,1024,spike,786432,0.08879999,0.08904345,0.11178,0.1980596,0.1982854,0.009074947,0.01155864,0.001565,0.001536,0.001391376,9.336926e-06,0.0005695888,1.524e-23,1.178e-24,1.206628e-05
step96000,96000,Q,u,head,1024,32-64,786432,0.06203792,0.06229905,0.07405141,0.1318855,0.1321218,0.007513718,0.01094509,0.001565,0.001536,0.001509811,7.883708e-06,0.0001323882,1.524e-23,1.178e-24,5.765277e-06
step96000,96000,Q,u,head,1024,64-128,1572864,0.0510232,0.05127931,0.04369342,0.0900727,0.09031278,0.006278011,0.008511916,0.001565,0.001536,0.001309501,4.904611e-07,2.108983e-05,1.524e-23,1.178e-24,3.11998e-07
step96000,96000,Q,u,head,1024,128-256,3145728,0.03921014,0.03946375,0.01910133,0.05373853,0.05397861,0.004702468,0.005435898,0.001565,0.001536,0.0009759735,0,1.089914e-07,1.524e-23,1.178e-24,0
step96000,96000,Q,u,head,1024,256-512,6291456,0.02011715,0.02037327,0.008020274,0.02634228,0.02658758,0.003057834,0.003392161,0.001565,0.001536,0.0005269814,0,0,1.524e-23,1.178e-24,0
step96000,96000,Q,u,head,1024,512-1024,1.258291e+07,0.0282518,0.0285165,0.008900023,0.03338302,0.0336351,0.00475507,0.004530582,0.001565,0.001536,0.001165114,1.030877e-06,7.26609e-08,1.524e-23,1.178e-24,6.732688e-07
step96000,96000,Q,v,residual,1024,spike,786432,0.0035828,0.003837712,0.02194392,0.02519953,0.02546744,0.00219178,0.004472424,0.001565,0.001536,5.919556e-05,2.034505e-06,1.296997e-05,1.524e-23,1.178e-24,3.789529e-06
step96000,96000,Q,v,residual,1024,32-64,786432,0.006957979,0.007213264,0.01550624,0.02195271,0.02222062,0.002275049,0.004169864,0.001565,0.001536,4.561577e-05,0,3.306071e-06,1.524e-23,1.178e-24,0
step96000,96000,Q,v,residual,1024,64-128,1572864,0.006250779,0.006511188,0.01111921,0.01722239,0.01749137,0.002260481,0.003637441,0.001565,0.001536,9.007672e-05,0,0,1.524e-23,1.178e-24,0
step96000,96000,Q,v,residual,1024,128-256,3145728,0.004025255,0.004280495,0.004642423,0.008316411,0.008583251,0.002035195,0.002581778,0.001565,0.001536,9.293741e-05,0,0,1.524e-23,1.178e-24,0
step96000,96000,Q,v,residual,1024,256-512,6291456,0.001105802,0.001316666,0.0008488019,0.0017317,0.001974797,0.001819983,0.001909006,0.001565,0.001536,4.380034e-05,0,0,1.524e-23,1.178e-24,0
step96000,96000,Q,v,residual,1024,512-1024,1.258291e+07,0.001946686,0.00220772,0.003525511,0.005369549,0.005634249,0.002030588,0.002231945,0.001565,0.001536,0.0001259388,6.811959e-08,0,1.524e-23,1.178e-24,8.903451e-08
step96000,96000,K,u,head,1024,spike,786432,0.0918693,0.09212291,0.04470952,0.1358303,0.136085,0.009486026,0.0101043,0.001565,0.001536,0.001476074,1.260667e-05,0.0003795805,1.524e-23,1.178e-24,8.800859e-06
step96000,96000,K,u,head,1024,32-64,786432,0.06406656,0.06432518,0.01897252,0.08135386,0.08160854,0.007546416,0.008625793,0.001565,0.001536,0.001478613,3.451393e-06,5.485898e-06,1.524e-23,1.178e-24,3.244413e-06
step96000,96000,K,u,head,1024,64-128,1572864,0.05125515,0.05151377,0.00838267,0.05732632,0.05757994,0.006319863,0.006227239,0.001565,0.001536,0.001284649,2.179827e-07,1.453218e-07,1.524e-23,1.178e-24,1.989901e-07
step96000,96000,K,u,head,1024,128-256,3145728,0.03659989,0.03685458,0.005486743,0.0316557,0.03190932,0.004639998,0.003934088,0.001565,0.001536,0.001005053,0,0,1.524e-23,1.178e-24,0
step96000,96000,K,u,head,1024,256-512,6291456,0.01687511,0.01713731,0.005195745,0.01178758,0.0120412,0.002917063,0.002454503,0.001565,0.001536,0.0004976031,0,0,1.524e-23,1.178e-24,0
step96000,96000,K,u,head,1024,512-1024,1.258291e+07,0.02407129,0.02433599,0.006475194,0.0178537,0.0181184,0.004279766,0.003643342,0.001565,0.001536,0.001016106,1.385098e-06,8.401417e-08,1.524e-23,1.178e-24,7.38617e-07
step96000,96000,K,v,residual,1024,spike,786432,0.002879746,0.003144535,0.00525767,0.007793925,0.008060764,0.00211723,0.00260384,0.001565,0.001536,0.0001092234,0,0,1.524e-23,1.178e-24,0
step96000,96000,K,v,residual,1024,32-64,786432,0.005426676,0.005682985,0.002092234,0.006983019,0.007248789,0.002160935,0.002435884,0.001565,0.001536,0.000102916,0,0,1.524e-23,1.178e-24,0
step96000,96000,K,v,residual,1024,64-128,1572864,0.004703709,0.00496841,0.00114886,0.004939292,0.005198338,0.002126839,0.002245658,0.001565,0.001536,0.0001073055,0,0,1.524e-23,1.178e-24,0
step96000,96000,K,v,residual,1024,128-256,3145728,0.002996615,0.003253994,0.001149495,0.002437489,0.002703259,0.001970718,0.001972371,0.001565,0.001536,9.392008e-05,0,0,1.524e-23,1.178e-24,0
step96000,96000,K,v,residual,1024,256-512,6291456,0.0007688108,0.0009342077,0.0004711151,0.0005260109,0.0007078622,0.001794924,0.001787976,0.001565,0.001536,3.50359e-05,0,0,1.524e-23,1.178e-24,0
step96000,96000,K,v,residual,1024,512-1024,1.258291e+07,0.001324023,0.001548325,0.0004417737,0.001340058,0.001599985,0.001947151,0.001941063,0.001565,0.001536,9.520606e-05,0,0,1.524e-23,1.178e-24,0
step96000,96000,V,u,head,1024,spike,786432,0.05383709,0.05409821,0.01596146,0.03925331,0.03951912,0.006960333,0.006139374,0.001565,0.001536,0.001397349,1.671201e-06,2.797445e-06,1.524e-23,1.178e-24,1.809242e-06
step96000,96000,V,u,head,1024,32-64,786432,0.02846841,0.02873418,0.003093719,0.02639371,0.02665952,0.004644775,0.004581778,0.001565,0.001536,0.0009849059,1.453218e-07,0,1.524e-23,1.178e-24,3.249494e-07
step96000,96000,V,u,head,1024,64-128,1572864,0.01718493,0.01745182,0.001148605,0.01685759,0.01712229,0.003507996,0.0033543,0.001565,0.001536,0.0007170292,0,0,1.524e-23,1.178e-24,0
step96000,96000,V,u,head,1024,128-256,3145728,0.01089457,0.01115931,0.003913307,0.007203163,0.007467863,0.002861014,0.002350544,0.001565,0.001536,0.0005046701,0,0,1.524e-23,1.178e-24,0
step96000,96000,V,u,head,1024,256-512,6291456,0.004393277,0.004661187,0.003215981,0.001315675,0.001529438,0.002196457,0.001880396,0.001565,0.001536,0.0002197834,0,0,1.524e-23,1.178e-24,0
step96000,96000,V,u,head,1024,512-1024,1.258291e+07,0.00537666,0.005635444,0.001381207,0.004320703,0.004588612,0.002344268,0.002237888,0.001565,0.001536,0.0002807209,0,0,1.524e-23,1.178e-24,0
step96000,96000,V,v,residual,1024,spike,786432,0.02142016,0.02167734,0.007845306,0.02814801,0.0284052,0.003406379,0.004115731,0.001565,0.001536,0.0001972593,0,0,1.524e-23,1.178e-24,0
step96000,96000,V,v,residual,1024,32-64,786432,0.01788021,0.01813608,0.005312602,0.02234229,0.02259948,0.003067344,0.003448813,0.001565,0.001536,0.0003032212,0,0,1.524e-23,1.178e-24,0
step96000,96000,V,v,residual,1024,64-128,1572864,0.01385559,0.01411027,0.003283564,0.01702087,0.01727448,0.002694157,0.002959896,0.001565,0.001536,0.0002712812,0,0,1.524e-23,1.178e-24,0
step96000,96000,V,v,residual,1024,128-256,3145728,0.008790686,0.009041988,0.001404317,0.01004044,0.01029149,0.00228365,0.002361543,0.001565,0.001536,0.0002040412,0,0,1.524e-23,1.178e-24,0
step96000,96000,V,v,residual,1024,256-512,6291456,0.00357178,0.003702011,0.0004057566,0.003726059,0.003961317,0.001909138,0.001918284,0.001565,0.001536,8.868076e-05,0,0,1.524e-23,1.178e-24,0
step96000,96000,V,v,residual,1024,512-1024,1.258291e+07,0.005347539,0.005611693,0.0008188883,0.006004891,0.006271845,0.002427726,0.00248533,0.001565,0.001536,0.0003164841,3.96456e-06,4.459563e-06,1.524e-23,1.178e-24,2.316865e-06
step96000,96000,O,u,residual,1024,spike,786432,0.01134206,0.01160645,0.01186498,0.02255579,0.02282334,0.002486565,0.002685547,0.001565,0.001536,0.0002716212,6.248837e-05,7.625761e-05,1.524e-23,1.178e-24,3.460273e-05
step96000,96000,O,u,residual,1024,32-64,786432,0.001352595,0.001617384,0.00340627,0.004451457,0.004718386,0.001950255,0.00229979,0.001565,0.001536,6.499336e-05,0,0,1.524e-23,1.178e-24,0
step96000,96000,O,u,residual,1024,64-128,1572864,0.0006855388,0.0009486673,0.002167765,0.002455456,0.00270577,0.001848293,0.00204862,0.001565,0.001536,4.050919e-05,0,0,1.524e-23,1.178e-24,0
step96000,96000,O,u,residual,1024,128-256,3145728,0.000462452,0.0006864356,0.0008799235,0.0009867348,0.001248571,0.001780719,0.001863198,0.001565,0.001536,2.322208e-05,0,0,1.524e-23,1.178e-24,0
step96000,96000,O,u,residual,1024,256-512,6291456,0.0003186407,0.0002875826,0.0004501979,0.0003082211,0.0005311885,0.001744815,0.001765115,0.001565,0.001536,8.876105e-06,0,0,1.524e-23,1.178e-24,0
step96000,96000,O,u,residual,1024,512-1024,1.258291e+07,0.0003775542,0.0005729646,0.0006868045,0.0008606439,0.001120336,0.001791704,0.001831277,0.001565,0.001536,1.247925e-05,0,0,1.524e-23,1.178e-24,0
step96000,96000,O,v,head,1024,spike,786432,0.0536817,0.05394283,0.009218089,0.04632129,0.04658599,0.007267616,0.006888108,0.001565,0.001536,0.000423752,8.719308e-07,1.889183e-06,1.524e-23,1.178e-24,6.079247e-07
step96000,96000,O,v,head,1024,32-64,786432,0.03095223,0.03121586,0.002695974,0.03295144,0.03321721,0.00500154,0.005287861,0.001565,0.001536,0.0001366442,0,0,1.524e-23,1.178e-24,0
step96000,96000,O,v,head,1024,64-128,1572864,0.02240965,0.02267542,0.002230581,0.02053994,0.02080571,0.004060891,0.003692627,0.001565,0.001536,0.0001078211,0,0,1.524e-23,1.178e-24,0
step96000,96000,O,v,head,1024,128-256,3145728,0.01568368,0.01594903,0.006745593,0.009004244,0.009267874,0.003284809,0.002503722,0.001565,0.001536,0.0001358417,0,0,1.524e-23,1.178e-24,0
step96000,96000,O,v,head,1024,256-512,6291456,0.006630664,0.006897504,0.004942322,0.001763504,0.002023387,0.002370112,0.001905005,0.001565,0.001536,0.0001170568,0,0,1.524e-23,1.178e-24,0
step96000,96000,O,v,head,1024,512-1024,1.258291e+07,0.008824287,0.009092196,0.003579982,0.005283839,0.005550723,0.002700506,0.002329172,0.001565,0.001536,0.0001363134,1.430511e-07,0,1.524e-23,1.178e-24,1.242651e-07
step96000,96000,MLP_IN,u,hidden,4096,spike,3145728,0.0138505,0.01390021,0.02027899,0.02730808,0.02737423,0.003342965,0.003390921,0.001565,0.001558,0.000279155,2.420516e-05,3.592173e-05,1.524e-23,8.299e-24,1.013922e-05
step96000,96000,MLP_IN,u,hidden,4096,32-64,3145728,0.008505521,0.008572469,0.0022796,0.01039145,0.01045815,0.002700597,0.003120241,0.001565,0.001558,0.0003391548,1.171657e-06,7.26609e-08,1.524e-23,8.299e-24,1.026777e-06
step96000,96000,MLP_IN,u,hidden,4096,64-128,6291456,0.007322191,0.007388882,0.0008522034,0.007860802,0.007928017,0.002607491,0.002761396,0.001565,0.001558,0.0003506337,1.861936e-07,0,1.524e-23,8.299e-24,1.457469e-07
step96000,96000,MLP_IN,u,hidden,4096,128-256,1.258291e+07,0.00563938,0.005706328,0.001006603,0.005029016,0.005095698,0.002431163,0.002356852,0.001565,0.001558,0.0003181619,0,0,1.524e-23,8.299e-24,0
step96000,96000,MLP_IN,u,hidden,4096,256-512,2.516582e+07,0.00298381,0.003050531,0.0008313974,0.002380019,0.0024467,0.002120818,0.00202972,0.001565,0.001558,0.0001722807,0,0,1.524e-23,8.299e-24,0
step96000,96000,MLP_IN,u,hidden,4096,512-1024,5.033165e+07,0.002490658,0.00255621,0.002052434,0.0004674163,0.0005317022,0.00209072,0.001817701,0.001565,0.001558,0.0001658915,3.541651e-06,0,1.524e-23,8.299e-24,1.870004e-06
step96000,96000,MLP_IN,v,residual,1024,spike,786432,0.0009080225,0.001015521,0.01007233,0.01012773,0.01038385,0.001916904,0.002539607,0.001565,0.001536,6.35794e-05,2.543132e-07,5.086263e-07,1.524e-23,1.178e-24,5.686615e-07
step96000,96000,MLP_IN,v,residual,1024,32-64,786432,0.006193918,0.006451107,0.002356466,0.008232054,0.008484528,0.002194432,0.002380807,0.001565,0.001536,1.510425e-05,0,0,1.524e-23,1.178e-24,0
step96000,96000,MLP_IN,v,residual,1024,64-128,1572864,0.007823502,0.008086768,0.001637141,0.0067238,0.00698011,0.002291616,0.002229037,0.001565,0.001536,9.972674e-05,0,0,1.524e-23,1.178e-24,0
step96000,96000,MLP_IN,v,residual,1024,128-256,3145728,0.006722613,0.006977298,0.002844874,0.004059925,0.004310157,0.002193306,0.002019328,0.001565,0.001536,0.0001105805,0,0,1.524e-23,1.178e-24,0
step96000,96000,MLP_IN,v,residual,1024,256-512,6291456,0.003405772,0.00363365,0.002154064,0.001480695,0.001725729,0.001907667,0.001822839,0.001565,0.001536,6.391713e-05,0,0,1.524e-23,1.178e-24,0
step96000,96000,MLP_IN,v,residual,1024,512-1024,1.258291e+07,0.005748974,0.006016928,0.002131891,0.003902612,0.004170521,0.002312365,0.00212774,0.001565,0.001536,0.0002163339,1.574244e-05,7.463637e-06,1.524e-23,1.178e-24,8.989158e-06
step96000,96000,MLP_OUT,u,residual,1024,spike,786432,0.02058529,0.02084749,0.02273432,0.04247218,0.04272686,0.002854265,0.002969615,0.001565,0.001536,0.0002332406,9.976342e-05,0.0001335871,1.524e-23,1.178e-24,5.141551e-05
step96000,96000,MLP_OUT,u,residual,1024,32-64,786432,0.003590374,0.003851589,0.003348541,0.00665121,0.006915999,0.002260226,0.002558063,0.001565,0.001536,0.0001548995,0,1.453218e-07,1.524e-23,1.178e-24,0
step96000,96000,MLP_OUT,u,residual,1024,64-128,1572864,0.002501244,0.002767058,0.002072906,0.004117629,0.004380535,0.00202426,0.00219356,0.001565,0.001536,4.509393e-05,0,0,1.524e-23,1.178e-24,0
step96000,96000,MLP_OUT,u,residual,1024,128-256,3145728,0.001340635,0.001601316,0.001052221,0.002141776,0.002391821,0.001882807,0.001935187,0.001565,0.001536,2.75175e-05,0,0,1.524e-23,1.178e-24,0
step96000,96000,MLP_OUT,u,residual,1024,256-512,6291456,0.0006100244,0.0007877349,0.0006583214,0.0009377792,0.001161354,0.001795333,0.001803303,0.001565,0.001536,1.872829e-05,0,0,1.524e-23,1.178e-24,0
step96000,96000,MLP_OUT,u,residual,1024,512-1024,1.258291e+07,0.001057278,0.001252981,0.001759799,0.001945629,0.002191868,0.001870089,0.001915151,0.001565,0.001536,3.148069e-05,1.475925e-07,6.584894e-08,1.524e-23,1.178e-24,1.540032e-07
step96000,96000,MLP_OUT,v,hidden,4096,spike,3145728,0.03392582,0.03399278,0.004683622,0.03107652,0.03114245,0.005794752,0.004592886,0.001565,0.001558,0.001403412,5.107153e-05,0.0001076471,1.524e-23,8.299e-24,2.294784e-05
step96000,96000,MLP_OUT,v,hidden,4096,32-64,3145728,0.0165634,0.01662984,0.0007436117,0.01656403,0.01663048,0.004030982,0.00421277,0.001565,0.001558,0.0009855488,1.286098e-05,2.279736e-06,1.524e-23,8.299e-24,7.281075e-06
step96000,96000,MLP_OUT,v,hidden,4096,64-128,6291456,0.01033228,0.01039923,0.0006762822,0.01029824,0.01036495,0.003242279,0.003345639,0.001565,0.001558,0.0006519593,1.516796e-06,5.449568e-08,1.524e-23,8.299e-24,1.0652e-06
step96000,96000,MLP_OUT,v,hidden,4096,128-256,1.258291e+07,0.005981205,0.00604842,0.0007271449,0.005429798,0.005495607,0.002576526,0.002538422,0.001565,0.001558,0.0003126446,1.589457e-08,0,1.524e-23,8.299e-24,3.554134e-08
step96000,96000,MLP_OUT,v,hidden,4096,256-512,2.516582e+07,0.003410615,0.003477297,0.001368944,0.002140775,0.002207466,0.002159605,0.002030428,0.001565,0.001558,0.0001283615,0,0,1.524e-23,8.299e-24,0
step96000,96000,MLP_OUT,v,hidden,4096,512-1024,5.033165e+07,0.002228695,0.00229591,0.001924928,0.0003355167,0.0004007592,0.002042142,0.001802116,0.001565,0.001558,0.0001224669,8.475213e-07,0,1.524e-23,8.299e-24,4.651835e-07
step128000,128000,Q,u,head,1024,spike,786432,0.07815563,0.07840267,0.1057467,0.1758216,0.1760481,0.0082105,0.00987349,0.001565,0.001536,0.002767627,1.115345e-05,0.0005095346,1.524e-23,1.178e-24,1.267511e-05
step128000,128000,Q,u,head,1024,32-64,786432,0.05256452,0.05281219,0.07371292,0.1201202,0.1203517,0.006651778,0.009518178,0.001565,0.001536,0.003035842,8.610317e-06,0.0001361665,1.524e-23,1.178e-24,8.963393e-06
step128000,128000,Q,u,head,1024,64-128,1572864,0.04272822,0.04296448,0.04868011,0.08453692,0.08476762,0.005499358,0.007691174,0.001565,0.001536,0.002304054,3.633045e-07,3.407796e-05,1.524e-23,1.178e-24,3.633045e-07
step128000,128000,Q,u,head,1024,128-256,3145728,0.03288068,0.03303724,0.0269865,0.05248187,0.05271383,0.004227856,0.005214183,0.001565,0.001536,0.001564083,0,1.698449e-06,1.524e-23,1.178e-24,0
step128000,128000,Q,u,head,1024,256-512,6291456,0.01698705,0.0171585,0.0143815,0.02851662,0.02871117,0.00285323,0.003502237,0.001565,0.001536,0.0007583172,0,5.449568e-08,1.524e-23,1.178e-24,0
step128000,128000,Q,u,head,1024,512-1024,1.258291e+07,0.02420408,0.02439115,0.01571719,0.03486849,0.03511303,0.004293755,0.004470357,0.001565,0.001536,0.001699966,9.014493e-07,2.111707e-07,1.524e-23,1.178e-24,7.641178e-07
step128000,128000,Q,v,residual,1024,spike,786432,0.003866856,0.004017898,0.01963501,0.02220399,0.02246619,0.002172452,0.00405357,0.001565,0.001536,0.000251733,1.925514e-06,4.577637e-06,1.524e-23,1.178e-24,2.765652e-06
step128000,128000,Q,v,residual,1024,32-64,786432,0.006563507,0.006777356,0.01424128,0.02060701,0.02087069,0.002224441,0.003821128,0.001565,0.001536,0.0003009995,0,2.325149e-06,1.524e-23,1.178e-24,0
step128000,128000,Q,v,residual,1024,64-128,1572864,0.005965408,0.006178385,0.01105042,0.01678195,0.0170358,0.002212924,0.003409794,0.001565,0.001536,0.0002747431,0,0,1.524e-23,1.178e-24,0
step128000,128000,Q,v,residual,1024,128-256,3145728,0.003828062,0.004041278,0.006134605,0.00958779,0.00978376,0.002010636,0.00259423,0.001565,0.001536,0.00018464,0,0,1.524e-23,1.178e-24,0
step128000,128000,Q,v,residual,1024,256-512,6291456,0.001161151,0.001306754,0.001463795,0.002339573,0.002495602,0.001809838,0.001954869,0.001565,0.001536,5.247847e-05,0,0,1.524e-23,1.178e-24,0
step128000,128000,Q,v,residual,1024,512-1024,1.258291e+07,0.001977435,0.002145684,0.003981304,0.005780091,0.006039895,0.00201216,0.002300517,0.001565,0.001536,0.0001960365,3.633045e-08,0,1.524e-23,1.178e-24,5.921139e-08
step128000,128000,K,u,head,1024,spike,786432,0.08229723,0.08254996,0.04021988,0.1186553,0.1189125,0.008547865,0.009014638,0.001565,0.001536,0.003321108,1.496815e-05,0.000314658,1.524e-23,1.178e-24,1.610601e-05
step128000,128000,K,u,head,1024,32-64,786432,0.05817425,0.05834684,0.01733398,0.07407756,0.07433034,0.00685759,0.007811301,0.001565,0.001536,0.003218298,3.19708e-06,8.210682e-06,1.524e-23,1.178e-24,3.935193e-06
step128000,128000,K,u,head,1024,64-128,1572864,0.04576074,0.04598332,0.009601593,0.0531784,0.05343559,0.005748204,0.005864752,0.001565,0.001536,0.002525437,4.359654e-07,4.722959e-07,1.524e-23,1.178e-24,5.969702e-07
step128000,128000,K,u,head,1024,128-256,3145728,0.03189879,0.03215746,0.003422928,0.02919991,0.02944939,0.004306239,0.003875097,0.001565,0.001536,0.001614191,0,0,1.524e-23,1.178e-24,0
step128000,128000,K,u,head,1024,256-512,6291456,0.01432215,0.01453253,0.00368379,0.010799,0.01103675,0.002754062,0.002410425,0.001565,0.001536,0.00069955,0,0,1.524e-23,1.178e-24,0
step128000,128000,K,u,head,1024,512-1024,1.258291e+07,0.02113614,0.02137997,0.005220906,0.0161145,0.0163792,0.00390056,0.003388089,0.001565,0.001536,0.001449141,1.405534e-06,1.657577e-07,1.524e-23,1.178e-24,1.170417e-06
step128000,128000,K,v,residual,1024,spike,786432,0.003600613,0.003729373,0.005795034,0.008120186,0.008384522,0.002047657,0.002574848,0.001565,0.001536,0.0003223063,0,0,1.524e-23,1.178e-24,0
step128000,128000,K,v,residual,1024,32-64,786432,0.004644839,0.00488694,0.002901967,0.007046955,0.007303039,0.002132452,0.002409145,0.001565,0.001536,0.0002380355,0,0,1.524e-23,1.178e-24,0
step128000,128000,K,v,residual,1024,64-128,1572864,0.004600149,0.004805851,0.000890859,0.005019114,0.005285953,0.002105749,0.002226839,0.001565,0.001536,0.0002174463,0,0,1.524e-23,1.178e-24,0
step128000,128000,K,v,residual,1024,128-256,3145728,0.002801123,0.002965088,0.0006849925,0.002627194,0.002856184,0.001956422,0.0019709,0.001565,0.001536,0.0001449478,0,0,1.524e-23,1.178e-24,0
step128000,128000,K,v,residual,1024,256-512,6291456,0.0006646153,0.0008161385,0.0003912926,0.0006875767,0.0008257526,0.001799583,0.001786999,0.001565,0.001536,4.227191e-05,0,0,1.524e-23,1.178e-24,0
step128000,128000,K,v,residual,1024,512-1024,1.258291e+07,0.001257832,0.001422907,0.0004025777,0.001435569,0.001650704,0.00192211,0.001943475,0.001565,0.001536,0.0001323049,0,0,1.524e-23,1.178e-24,0
step128000,128000,V,u,head,1024,spike,786432,0.04616624,0.04641401,0.01421839,0.03388884,0.03415461,0.006208002,0.00539707,0.001565,0.001536,0.002693185,2.39781e-06,3.160749e-06,1.524e-23,1.178e-24,2.977657e-06
step128000,128000,V,u,head,1024,32-64,786432,0.02421672,0.02447447,0.002611287,0.02324403,0.02349793,0.00413208,0.004173097,0.001565,0.001536,0.001549948,0,0,1.524e-23,1.178e-24,0
step128000,128000,V,u,head,1024,64-128,1572864,0.01498828,0.01522748,0.001016235,0.01478085,0.0150456,0.003262202,0.003150213,0.001565,0.001536,0.001031714,0,0,1.524e-23,1.178e-24,0
step128000,128000,V,u,head,1024,128-256,3145728,0.009317103,0.009483308,0.003065109,0.006603223,0.006867968,0.002632495,0.002304123,0.001565,0.001536,0.0006779228,0,0,1.524e-23,1.178e-24,0
step128000,128000,V,u,head,1024,256-512,6291456,0.003607852,0.003862086,0.002483527,0.001379291,0.001544026,0.002108815,0.001865142,0.001565,0.001536,0.0002678702,0,0,1.524e-23,1.178e-24,0
step128000,128000,V,u,head,1024,512-1024,1.258291e+07,0.004606111,0.004770212,0.0009189765,0.003892422,0.004125794,0.002252302,0.002189411,0.001565,0.001536,0.0004058304,0,0,1.524e-23,1.178e-24,0
step128000,128000,V,v,residual,1024,spike,786432,0.01897259,0.0191409,0.006324005,0.02423835,0.02449661,0.00323054,0.003728885,0.001565,0.001536,0.0008730473,0,0,1.524e-23,1.178e-24,0
step128000,128000,V,v,residual,1024,32-64,786432,0.01532374,0.01547334,0.004763285,0.01944686,0.01970762,0.002861822,0.00325539,0.001565,0.001536,0.0006851704,0,0,1.524e-23,1.178e-24,0
step128000,128000,V,v,residual,1024,64-128,1572864,0.01222931,0.01238248,0.003061549,0.01453854,0.01479466,0.002583767,0.002792758,0.001565,0.001536,0.000555093,0,0,1.524e-23,1.178e-24,0
step128000,128000,V,v,residual,1024,128-256,3145728,0.007155463,0.00735664,0.001306852,0.008252637,0.008471844,0.002194105,0.002277238,0.001565,0.001536,0.0003045438,0,0,1.524e-23,1.178e-24,0
step128000,128000,V,v,residual,1024,256-512,6291456,0.002772523,0.002916424,0.0004846255,0.002984116,0.003139131,0.001875609,0.001894542,0.001565,0.001536,0.0001040548,0,0,1.524e-23,1.178e-24,0
step128000,128000,V,v,residual,1024,512-1024,1.258291e+07,0.00430605,0.004478879,0.0008084615,0.004990998,0.005192855,0.002287295,0.002356352,0.001565,0.001536,0.0004249378,2.243405e-06,2.836046e-06,1.524e-23,1.178e-24,2.198237e-06
step128000,128000,O,u,residual,1024,spike,786432,0.009675361,0.009912223,0.01169993,0.02066759,0.02093341,0.002324786,0.002706401,0.001565,0.001536,0.000414997,4.632132e-05,6.176177e-05,1.524e-23,1.178e-24,4.073711e-05
step128000,128000,O,u,residual,1024,32-64,786432,0.001258998,0.001487996,0.003457133,0.004230422,0.00448294,0.001915668,0.002314976,0.001565,0.001536,9.752936e-05,0,0,1.524e-23,1.178e-24,0
step128000,128000,O,u,residual,1024,64-128,1572864,0.0009989914,0.001140551,0.002213287,0.002585704,0.002852588,0.001836541,0.002059319,0.001565,0.001536,4.0746e-05,0,0,1.524e-23,1.178e-24,0
step128000,128000,O,u,residual,1024,128-256,3145728,0.0004858612,0.0006286815,0.0009976705,0.001060556,0.001311596,0.001775478,0.001853516,0.001565,0.001536,2.37544e-05,0,0,1.524e-23,1.178e-24,0
step128000,128000,O,u,residual,1024,256-512,6291456,0.0002920598,0.0003320564,0.0004546801,0.0003009897,0.0004349095,0.001772277,0.001760356,0.001565,0.001536,1.644969e-05,0,0,1.524e-23,1.178e-24,0
step128000,128000,O,u,residual,1024,512-1024,1.258291e+07,0.000337005,0.0005329409,0.000600481,0.0007549528,0.001009156,0.001778101,0.0018186,0.001565,0.001536,2.483321e-05,0,0,1.524e-23,1.178e-24,0
step128000,128000,O,v,head,1024,spike,786432,0.06577124,0.06603237,0.008420817,0.05846119,0.05872589,0.008263216,0.007800002,0.001565,0.001536,0.001654858,1.068115e-05,2.950033e-05,1.524e-23,1.178e-24,1.974686e-05
step128000,128000,O,v,head,1024,32-64,786432,0.03623269,0.03649739,0.003769938,0.03977263,0.0400384,0.0056225,0.005948312,0.001565,0.001536,0.0006199914,1.380557e-06,8.319673e-06,1.524e-23,1.178e-24,2.699233e-06
step128000,128000,O,v,head,1024,64-128,1572864,0.02326122,0.02352699,0.003104146,0.02371487,0.02397706,0.00412763,0.004091899,0.001565,0.001536,0.0006820214,0,2.724784e-07,1.524e-23,1.178e-24,0
step128000,128000,O,v,head,1024,128-256,3145728,0.0153156,0.01557923,0.006227748,0.01047819,0.01073957,0.003147752,0.002595184,0.001565,0.001536,0.0007275229,0,0,1.524e-23,1.178e-24,0
step128000,128000,O,v,head,1024,256-512,6291456,0.006568311,0.006830508,0.004125627,0.002929185,0.003193194,0.002342497,0.001960241,0.001565,0.001536,0.0003312887,0,0,1.524e-23,1.178e-24,0
step128000,128000,O,v,head,1024,512-1024,1.258291e+07,0.009228394,0.009495233,0.003690195,0.006577984,0.006842319,0.002714078,0.00242528,0.001565,0.001536,0.0004857479,1.589457e-08,0,1.524e-23,1.178e-24,3.554134e-08
step128000,128000,MLP_IN,u,hidden,4096,spike,3145728,0.01177977,0.01181134,0.01767979,0.02426306,0.02432921,0.003041676,0.003177334,0.001565,0.001558,0.000749159,2.380553e-05,2.764747e-05,1.524e-23,8.299e-24,1.712161e-05
step128000,128000,MLP_IN,u,hidden,4096,32-64,3145728,0.007131378,0.007197157,0.002194405,0.0090613,0.009127735,0.002559789,0.002942303,0.001565,0.001558,0.000545979,1.235235e-06,0,1.524e-23,8.299e-24,1.093408e-06
step128000,128000,MLP_IN,u,hidden,4096,64-128,6291456,0.006360022,0.00641745,0.0008988698,0.006941862,0.00700882,0.002473872,0.002629943,0.001565,0.001558,0.00053681,1.816523e-08,0,1.524e-23,8.299e-24,4.061868e-08
step128000,128000,MLP_IN,u,hidden,4096,128-256,1.258291e+07,0.005032186,0.005078123,0.001082261,0.004406818,0.004473277,0.002339624,0.002292156,0.001565,0.001558,0.0004535926,9.082613e-09,0,1.524e-23,8.299e-24,2.030934e-08
step128000,128000,MLP_IN,u,hidden,4096,256-512,2.516582e+07,0.002684047,0.002724366,0.0008020878,0.002109683,0.002172743,0.002071688,0.001996468,0.001565,0.001558,0.0002477877,0,0,1.524e-23,8.299e-24,0
step128000,128000,MLP_IN,u,hidden,4096,512-1024,5.033165e+07,0.002161705,0.002202214,0.001765116,0.0004714085,0.0005281482,0.0020449,0.001813125,0.001565,0.001558,0.000226971,3.350916e-06,0,1.524e-23,8.299e-24,2.579793e-06
step128000,128000,MLP_IN,v,residual,1024,spike,786432,0.000986998,0.001105192,0.00841802,0.008822119,0.00908329,0.001874215,0.002450997,0.001565,0.001536,0.0001031037,1.453218e-07,1.162574e-06,1.524e-23,1.178e-24,3.249494e-07
step128000,128000,MLP_IN,v,residual,1024,32-64,786432,0.005419317,0.00556767,0.002646891,0.007686386,0.007920518,0.002086639,0.002299318,0.001565,0.001536,0.00019166,0,0,1.524e-23,1.178e-24,0
step128000,128000,MLP_IN,v,residual,1024,64-128,1572864,0.006411681,0.006629308,0.001681264,0.005609477,0.005865357,0.002176793,0.002171871,0.001565,0.001536,0.0002699764,0,0,1.524e-23,1.178e-24,0
step128000,128000,MLP_IN,v,residual,1024,128-256,3145728,0.005210521,0.005410545,0.002072906,0.003464343,0.003691134,0.00207792,0.001985205,0.001565,0.001536,0.0002023781,0,0,1.524e-23,1.178e-24,0
step128000,128000,MLP_IN,v,residual,1024,256-512,6291456,0.002446439,0.002629504,0.001533413,0.001150383,0.001329694,0.00188199,0.001823067,0.001565,0.001536,0.0001052268,0,0,1.524e-23,1.178e-24,0
step128000,128000,MLP_IN,v,residual,1024,512-1024,1.258291e+07,0.00433704,0.004507023,0.001415698,0.003238419,0.003436904,0.002203058,0.002065945,0.001565,0.001536,0.0002922357,1.067207e-05,5.1453e-06,1.524e-23,1.178e-24,9.648012e-06
step128000,128000,MLP_OUT,u,residual,1024,spike,786432,0.01642135,0.01658203,0.02032064,0.03480701,0.03506322,0.002663349,0.002926236,0.001565,0.001536,0.0005699777,7.367815e-05,0.0001026335,1.524e-23,1.178e-24,5.816399e-05
step128000,128000,MLP_OUT,u,residual,1024,32-64,786432,0.003105692,0.003357265,0.00361201,0.006399225,0.006657675,0.002134341,0.002526165,0.001565,0.001536,0.000191255,0,0,1.524e-23,1.178e-24,0
step128000,128000,MLP_OUT,u,residual,1024,64-128,1572864,0.002156942,0.002413341,0.001928965,0.003799342,0.004064436,0.001974905,0.002193269,0.001565,0.001536,9.301139e-05,0,0,1.524e-23,1.178e-24,0
step128000,128000,MLP_OUT,u,residual,1024,128-256,3145728,0.001112313,0.001304719,0.001241493,0.001799138,0.002043351,0.001863888,0.001916195,0.001565,0.001536,6.254788e-05,0,0,1.524e-23,1.178e-24,0
step128000,128000,MLP_OUT,u,residual,1024,256-512,6291456,0.0005442476,0.0007408939,0.0004783312,0.0007471154,0.0009264534,0.001785701,0.001791441,0.001565,0.001536,1.885362e-05,0,0,1.524e-23,1.178e-24,0
step128000,128000,MLP_OUT,u,residual,1024,512-1024,1.258291e+07,0.0009111676,0.001122047,0.001564455,0.001757376,0.002011578,0.001852001,0.001897031,0.001565,0.001536,5.272431e-05,5.903698e-08,4.995437e-08,1.524e-23,1.178e-24,8.123736e-08
step128000,128000,MLP_OUT,v,hidden,4096,spike,3145728,0.02766874,0.02773596,0.004517555,0.02496569,0.02503162,0.005058897,0.004099428,0.001565,0.001558,0.001882663,3.966377e-05,8.21704e-05,1.524e-23,8.299e-24,2.946054e-05
step128000,128000,MLP_OUT,v,hidden,4096,32-64,3145728,0.01357652,0.0136427,0.0006354014,0.01358142,0.0136476,0.003612464,0.003773989,0.001565,0.001558,0.001195251,9.900048e-06,1.371474e-06,1.524e-23,8.299e-24,8.876889e-06
step128000,128000,MLP_OUT,v,hidden,4096,64-128,6291456,0.008806847,0.008874062,0.0006229083,0.008732363,0.008798807,0.002998089,0.003073379,0.001565,0.001558,0.0007833186,8.083525e-07,0,1.524e-23,8.299e-24,7.499345e-07
step128000,128000,MLP_OUT,v,hidden,4096,128-256,1.258291e+07,0.005174795,0.005240851,0.0007118225,0.004776436,0.004843117,0.00244167,0.002435993,0.001565,0.001558,0.000409145,9.082613e-09,0,1.524e-23,8.299e-24,2.030934e-08
step128000,128000,MLP_OUT,v,hidden,4096,256-512,2.516582e+07,0.002937105,0.003002895,0.00127341,0.001927685,0.001994408,0.002099028,0.002005157,0.001565,0.001558,0.0001976749,0,0,1.524e-23,8.299e-24,0
step128000,128000,MLP_OUT,v,hidden,4096,512-1024,5.033165e+07,0.001887871,0.001953763,0.001659346,0.0003310831,0.0003950642,0.00199447,0.001801917,0.001565,0.001558,0.0001710871,8.021082e-07,0,1.524e-23,8.299e-24,6.102928e-07
step143000,143000,Q,u,head,1024,spike,786432,0.08392177,0.08416775,0.1129389,0.1862518,0.1864754,0.008756329,0.01024693,0.001565,0.001536,0.002129628,1.246134e-05,0.000554657,1.524e-23,1.178e-24,1.481919e-05
step143000,143000,Q,u,head,1024,32-64,786432,0.05557684,0.05583797,0.07825673,0.1270311,0.1272627,0.006948562,0.009978594,0.001565,0.001536,0.002621525,7.665725e-06,0.0001490275,1.524e-23,1.178e-24,9.591858e-06
step143000,143000,Q,u,head,1024,64-128,1572864,0.04446336,0.04472306,0.05319939,0.09019798,0.09043248,0.005676524,0.007995242,0.001565,0.001536,0.002253745,5.63122e-07,4.243397e-05,1.524e-23,1.178e-24,8.7212e-07
step143000,143000,Q,u,head,1024,128-256,3145728,0.03380978,0.03406697,0.03020045,0.05592383,0.05615829,0.0042998,0.005439558,0.001565,0.001536,0.001499732,0,3.587632e-06,1.524e-23,1.178e-24,0
step143000,143000,Q,u,head,1024,256-512,6291456,0.01741088,0.017667,0.01687276,0.03084015,0.03106187,0.002873875,0.003676791,0.001565,0.001536,0.0007457879,0,7.26609e-08,1.524e-23,1.178e-24,0
step143000,143000,Q,u,head,1024,512-1024,1.258291e+07,0.0250421,0.02529707,0.0180751,0.0375392,0.03778347,0.004373319,0.004643443,0.001565,0.001536,0.001674548,8.719308e-07,2.22524e-07,1.524e-23,1.178e-24,7.760769e-07
step143000,143000,Q,v,residual,1024,spike,786432,0.003922132,0.004178641,0.01854731,0.02224018,0.02250702,0.002268619,0.004024215,0.001565,0.001536,0.0001028908,1.780192e-06,4.286993e-06,1.524e-23,1.178e-24,2.537936e-06
step143000,143000,Q,v,residual,1024,32-64,786432,0.007139094,0.00740459,0.01345978,0.02030896,0.02057263,0.002284749,0.003780874,0.001565,0.001536,0.0002523066,0,2.579462e-06,1.524e-23,1.178e-24,0
step143000,143000,Q,v,residual,1024,64-128,1572864,0.006238432,0.006478768,0.01067937,0.01666262,0.01692629,0.0022288,0.003354354,0.001565,0.001536,0.0002890761,0,0,1.524e-23,1.178e-24,0
step143000,143000,Q,v,residual,1024,128-256,3145728,0.003971543,0.004135165,0.005809466,0.009522674,0.009787419,0.002053043,0.002588054,0.001565,0.001536,0.0001906583,0,0,1.524e-23,1.178e-24,0
step143000,143000,Q,v,residual,1024,256-512,6291456,0.001154775,0.001308446,0.001648458,0.002516204,0.002678311,0.001815387,0.001947053,0.001565,0.001536,5.827306e-05,0,0,1.524e-23,1.178e-24,0
step143000,143000,Q,v,residual,1024,512-1024,1.258291e+07,0.002025343,0.002251487,0.003864304,0.0057655,0.006030244,0.002019015,0.002317272,0.001565,0.001536,0.0001911846,9.309678e-08,0,1.524e-23,1.178e-24,1.119319e-07
step143000,143000,K,u,head,1024,spike,786432,0.08913772,0.08938795,0.04441503,0.1275641,0.1278179,0.00917184,0.009459141,0.001565,0.001536,0.002500029,2.128964e-05,0.0003577096,1.524e-23,1.178e-24,1.895696e-05
step143000,143000,K,u,head,1024,32-64,786432,0.06175244,0.06200963,0.0193395,0.07900199,0.07925241,0.007179224,0.008153316,0.001565,0.001536,0.002998317,3.378732e-06,1.191639e-05,1.524e-23,1.178e-24,3.933096e-06
step143000,143000,K,u,head,1024,64-128,1572864,0.0481875,0.04844469,0.01116028,0.05699307,0.05724919,0.005974688,0.006161953,0.001565,0.001536,0.002545031,5.086263e-07,6.539481e-07,1.524e-23,1.178e-24,7.082109e-07
step143000,143000,K,u,head,1024,128-256,3145728,0.03308063,0.03333656,0.003708649,0.03142846,0.03168565,0.004413296,0.004058347,0.001565,0.001536,0.001653862,0,1.089914e-07,1.524e-23,1.178e-24,0
step143000,143000,K,u,head,1024,256-512,6291456,0.01484864,0.01507596,0.00350488,0.01148802,0.01174414,0.002797227,0.002467337,0.001565,0.001536,0.0006978498,0,0,1.524e-23,1.178e-24,0
step143000,143000,K,u,head,1024,512-1024,1.258291e+07,0.02181634,0.02208211,0.00526371,0.01703762,0.01730171,0.003975073,0.003438164,0.001565,0.001536,0.00142821,1.230694e-06,1.839229e-07,1.524e-23,1.178e-24,1.023451e-06
step143000,143000,K,v,residual,1024,spike,786432,0.003609732,0.003714133,0.006432343,0.008665123,0.00892732,0.002095104,0.002618118,0.001565,0.001536,0.000276338,0,0,1.524e-23,1.178e-24,0
step143000,143000,K,v,residual,1024,32-64,786432,0.004841882,0.005090783,0.003104909,0.007543232,0.00780316,0.002142879,0.002488854,0.001565,0.001536,0.0002732105,0,0,1.524e-23,1.178e-24,0
step143000,143000,K,v,residual,1024,64-128,1572864,0.004612631,0.004765802,0.00153211,0.005561584,0.005823643,0.002132543,0.002258591,0.001565,0.001536,0.0002443763,0,0,1.524e-23,1.178e-24,0
step143000,143000,K,v,residual,1024,128-256,3145728,0.002872425,0.00304251,0.0007239024,0.002736229,0.003003078,0.001981245,0.001983406,0.001565,0.001536,0.0001296509,0,0,1.524e-23,1.178e-24,0
step143000,143000,K,v,residual,1024,256-512,6291456,0.0007155485,0.0008401635,0.0003936132,0.0007524967,0.0008527846,0.001796604,0.001802458,0.001565,0.001536,3.919551e-05,0,0,1.524e-23,1.178e-24,0
step143000,143000,K,v,residual,1024,512-1024,1.258291e+07,0.001273143,0.001458083,0.0004170418,0.001512913,0.001771978,0.001925378,0.001958552,0.001565,0.001536,0.0001311425,0,0,1.524e-23,1.178e-24,0
step143000,143000,V,u,head,1024,spike,786432,0.04708097,0.04733963,0.01417643,0.03495949,0.0352253,0.006223624,0.005528695,0.001565,0.001536,0.002652092,2.143497e-06,4.359654e-06,1.524e-23,1.178e-24,2.627372e-06
step143000,143000,V,u,head,1024,32-64,786432,0.02445343,0.0246224,0.002406311,0.02360382,0.02386476,0.004153878,0.004186358,0.001565,0.001536,0.00154386,0,0,1.524e-23,1.178e-24,0
step143000,143000,V,u,head,1024,64-128,1572864,0.0152831,0.01551046,0.0009089152,0.01521908,0.01548485,0.003295517,0.003200567,0.001565,0.001536,0.001041473,0,0,1.524e-23,1.178e-24,0
step143000,143000,V,u,head,1024,128-256,3145728,0.00942558,0.009680661,0.002741877,0.006944317,0.007179451,0.002652223,0.002323995,0.001565,0.001536,0.0006702123,0,0,1.524e-23,1.178e-24,0
step143000,143000,V,u,head,1024,256-512,6291456,0.003819179,0.003983253,0.002609126,0.00144634,0.001601677,0.002106916,0.001863802,0.001565,0.001536,0.0002818345,0,0,1.524e-23,1.178e-24,0
step143000,143000,V,u,head,1024,512-1024,1.258291e+07,0.004781611,0.005016096,0.0009696166,0.004054231,0.004266443,0.002287535,0.002204293,0.001565,0.001536,0.0003997816,0,0,1.524e-23,1.178e-24,0
step143000,143000,V,v,residual,1024,spike,786432,0.01953186,0.0197666,0.006011454,0.02485602,0.02511214,0.003251139,0.003832645,0.001565,0.001536,0.0008667045,0,0,1.524e-23,1.178e-24,0
step143000,143000,V,v,residual,1024,32-64,786432,0.01590539,0.01608265,0.003910319,0.01929908,0.01955734,0.00288115,0.003260658,0.001565,0.001536,0.0007030474,0,0,1.524e-23,1.178e-24,0
step143000,143000,V,v,residual,1024,64-128,1572864,0.01227514,0.01253108,0.002552287,0.01445947,0.01471809,0.002615647,0.002813539,0.001565,0.001536,0.0005756539,0,0,1.524e-23,1.178e-24,0
step143000,143000,V,v,residual,1024,128-256,3145728,0.007518632,0.007766145,0.001398722,0.008705794,0.008922659,0.002239609,0.00230375,0.001565,0.001536,0.000309896,0,0,1.524e-23,1.178e-24,0
step143000,143000,V,v,residual,1024,256-512,6291456,0.002814609,0.002911535,0.0005519549,0.003054415,0.003219588,0.001885855,0.00188833,0.001565,0.001536,0.0001140728,0,0,1.524e-23,1.178e-24,0
step143000,143000,V,v,residual,1024,512-1024,1.258291e+07,0.004323292,0.004490122,0.0007811387,0.004896845,0.005135363,0.002291477,0.002369009,0.001565,0.001536,0.0004140516,2.091272e-06,2.436411e-06,1.524e-23,1.178e-24,1.91009e-06
step143000,143000,O,u,residual,1024,spike,786432,0.009657264,0.00990558,0.01231003,0.0215381,0.02180137,0.002357846,0.002783675,0.001565,0.001536,0.0003488533,4.610334e-05,6.386893e-05,1.524e-23,1.178e-24,4.08462e-05
step143000,143000,O,u,residual,1024,32-64,786432,0.001432604,0.00169002,0.003500366,0.004482396,0.004741639,0.001897321,0.002344622,0.001565,0.001536,5.458437e-05,0,0,1.524e-23,1.178e-24,0
step143000,143000,O,u,residual,1024,64-128,1572864,0.000780074,0.0009962656,0.002322261,0.002796634,0.003061587,0.001824697,0.002074178,0.001565,0.001536,4.888741e-05,0,0,1.524e-23,1.178e-24,0
step143000,143000,O,u,residual,1024,128-256,3145728,0.000352032,0.0005563131,0.001139768,0.001215176,0.001471767,0.001783117,0.001874669,0.001565,0.001536,2.559872e-05,0,0,1.524e-23,1.178e-24,0
step143000,143000,O,u,residual,1024,256-512,6291456,0.0003573579,0.0004007655,0.0003394445,0.000301821,0.0004330063,0.001755106,0.001766555,0.001565,0.001536,1.418553e-05,0,0,1.524e-23,1.178e-24,0
step143000,143000,O,u,residual,1024,512-1024,1.258291e+07,0.0003647681,0.0005028726,0.0005410671,0.0006895926,0.0009517889,0.001784652,0.001821402,0.001565,0.001536,2.810483e-05,0,0,1.524e-23,1.178e-24,0
step143000,143000,O,v,head,1024,spike,786432,0.06524733,0.06550596,0.01179555,0.066867,0.0671317,0.008317275,0.008628736,0.001565,0.001536,0.001495943,6.648472e-06,2.459571e-05,1.524e-23,1.178e-24,9.765899e-06
step143000,143000,O,v,head,1024,32-64,786432,0.04154911,0.04181381,0.005468496,0.04641018,0.04667345,0.006110782,0.006642986,0.001565,0.001536,0.001240544,1.780192e-06,2.470471e-06,1.524e-23,1.178e-24,3.588264e-06
step143000,143000,O,v,head,1024,64-128,1572864,0.02893426,0.02919646,0.001768239,0.02814358,0.02840338,0.004724012,0.004488936,0.001565,0.001536,0.0005372403,0,0,1.524e-23,1.178e-24,0
step143000,143000,O,v,head,1024,128-256,3145728,0.01810259,0.01836585,0.005641937,0.01259011,0.0128498,0.00340766,0.002763003,0.001565,0.001536,0.0004021529,0,0,1.524e-23,1.178e-24,0
step143000,143000,O,v,head,1024,256-512,6291456,0.007805567,0.008070267,0.00424029,0.003672517,0.003933279,0.002423255,0.002010618,0.001565,0.001536,0.0002781539,0,0,1.524e-23,1.178e-24,0
step143000,143000,O,v,head,1024,512-1024,1.258291e+07,0.01098808,0.01125492,0.003732936,0.008010425,0.008278012,0.002875943,0.002564646,0.001565,0.001536,0.0004229085,2.724784e-08,0,1.524e-23,1.178e-24,6.092802e-08
step143000,143000,MLP_IN,u,hidden,4096,spike,3145728,0.0132638,0.01329311,0.0195481,0.02485522,0.0249219,0.003075118,0.003243755,0.001565,0.001558,0.0007143445,2.612159e-05,3.049033e-05,1.524e-23,8.299e-24,1.778063e-05
step143000,143000,MLP_IN,u,hidden,4096,32-64,3145728,0.007443883,0.007500642,0.002122752,0.009322457,0.009384743,0.002588408,0.003001903,0.001565,0.001558,0.0005487323,1.326061e-06,0,1.524e-23,8.299e-24,1.175225e-06
step143000,143000,MLP_IN,u,hidden,4096,64-128,6291456,0.006606406,0.006663343,0.0008925438,0.006922538,0.006987124,0.002507618,0.002651769,0.001565,0.001558,0.0005497681,3.633045e-08,0,1.524e-23,8.299e-24,4.974752e-08
step143000,143000,MLP_IN,u,hidden,4096,128-256,1.258291e+07,0.005182654,0.005225962,0.001013343,0.004583143,0.004649834,0.002375852,0.002306802,0.001565,0.001558,0.0004709653,0,0,1.524e-23,8.299e-24,0
step143000,143000,MLP_IN,u,hidden,4096,256-512,2.516582e+07,0.002703632,0.002764333,0.0007301013,0.002119043,0.002185548,0.002076952,0.002010479,0.001565,0.001558,0.0002527502,0,0,1.524e-23,8.299e-24,0
step143000,143000,MLP_IN,u,hidden,4096,512-1024,5.033165e+07,0.002248165,0.002300408,0.001905755,0.0004290438,0.0004770355,0.002052321,0.001815204,0.001565,0.001558,0.0002270821,3.57344e-06,0,1.524e-23,8.299e-24,2.69653e-06
step143000,143000,MLP_IN,v,residual,1024,spike,786432,0.001614215,0.001728915,0.008829498,0.008620935,0.008879602,0.001869165,0.002461097,0.001565,0.001536,0.000104641,4.359654e-07,1.162574e-06,1.524e-23,1.178e-24,6.498988e-07
step143000,143000,MLP_IN,v,residual,1024,32-64,786432,0.005022296,0.005276943,0.002626801,0.007271974,0.007531666,0.002112797,0.002325621,0.001565,0.001536,0.0002021662,0,0,1.524e-23,1.178e-24,0
step143000,143000,MLP_IN,v,residual,1024,64-128,1572864,0.006555571,0.006776351,0.001289622,0.005667234,0.005916793,0.002192688,0.002170944,0.001565,0.001536,0.0002653642,0,0,1.524e-23,1.178e-24,0
step143000,143000,MLP_IN,v,residual,1024,128-256,3145728,0.005347469,0.005500639,0.002058538,0.003400239,0.00365824,0.002080881,0.001974551,0.001565,0.001536,0.0002149467,0,0,1.524e-23,1.178e-24,0
step143000,143000,MLP_IN,v,residual,1024,256-512,6291456,0.002538531,0.002728927,0.001581287,0.001204458,0.001421869,0.001879928,0.001826259,0.001565,0.001536,8.456755e-05,0,0,1.524e-23,1.178e-24,0
step143000,143000,MLP_IN,v,residual,1024,512-1024,1.258291e+07,0.004255259,0.004453344,0.001428858,0.003169901,0.003430898,0.002185994,0.002077872,0.001565,0.001536,0.0002835339,1.042911e-05,5.524499e-06,1.524e-23,1.178e-24,9.303122e-06
step143000,143000,MLP_OUT,u,residual,1024,spike,786432,0.01595097,0.01612031,0.02106857,0.03577434,0.03603157,0.00265928,0.00300006,0.001565,0.001536,0.0005168957,7.298787e-05,0.0001019432,1.524e-23,1.178e-24,5.579998e-05
step143000,143000,MLP_OUT,u,residual,1024,32-64,786432,0.002854579,0.003105974,0.00412674,0.006547172,0.006806074,0.00216544,0.002576628,0.001565,0.001536,0.0001852792,0,0,1.524e-23,1.178e-24,0
step143000,143000,MLP_OUT,u,residual,1024,64-128,1572864,0.002278491,0.002537049,0.001845932,0.003873468,0.004137933,0.001994505,0.002195794,0.001565,0.001536,6.596646e-05,0,0,1.524e-23,1.178e-24,0
step143000,143000,MLP_OUT,u,residual,1024,128-256,3145728,0.001209492,0.001462832,0.000992775,0.00189766,0.002159856,0.001873888,0.001918856,0.001565,0.001536,2.503857e-05,0,0,1.524e-23,1.178e-24,0
step143000,143000,MLP_OUT,u,residual,1024,256-512,6291456,0.0005275558,0.0006641802,0.0004749616,0.0008204935,0.000973258,0.001790964,0.00178615,0.001565,0.001536,2.306488e-05,0,0,1.524e-23,1.178e-24,0
step143000,143000,MLP_OUT,u,residual,1024,512-1024,1.258291e+07,0.0009593631,0.001165417,0.001593351,0.00184243,0.002099618,0.001868716,0.001907174,0.001565,0.001536,2.894084e-05,5.903698e-08,7.947286e-08,1.524e-23,1.178e-24,8.123736e-08
step143000,143000,MLP_OUT,v,hidden,4096,spike,3145728,0.02755553,0.02762249,0.004168574,0.02493553,0.02500172,0.0050359,0.004082907,0.001565,0.001558,0.001933103,4.029047e-05,7.995424e-05,1.524e-23,8.299e-24,2.715831e-05
step143000,143000,MLP_OUT,v,hidden,4096,32-64,3145728,0.01313187,0.01319804,0.0009631475,0.01383661,0.0139028,0.00356171,0.003769475,0.001565,0.001558,0.001200519,9.464082e-06,1.326061e-06,1.524e-23,8.299e-24,8.333303e-06
step143000,143000,MLP_OUT,v,hidden,4096,64-128,6291456,0.008571211,0.008637267,0.0006120364,0.008766198,0.008832899,0.002967889,0.003075245,0.001565,0.001558,0.0008083364,8.673895e-07,1.816523e-08,1.524e-23,8.299e-24,7.985148e-07
step143000,143000,MLP_OUT,v,hidden,4096,128-256,1.258291e+07,0.005241717,0.005308399,0.00068175,0.004922141,0.004988823,0.002455076,0.00243125,0.001565,0.001558,0.0004145831,2.497718e-08,0,1.524e-23,8.299e-24,5.585068e-08
step143000,143000,MLP_OUT,v,hidden,4096,256-512,2.516582e+07,0.003004822,0.003071237,0.001250386,0.001878463,0.001943312,0.002103851,0.002002276,0.001565,0.001558,0.00019143,0,0,1.524e-23,8.299e-24,0
step143000,143000,MLP_OUT,v,hidden,4096,512-1024,5.033165e+07,0.001941667,0.002007151,0.001714885,0.0002828999,0.0003436905,0.002000813,0.001799241,0.001565,0.001558,0.0001651532,8.435476e-07,0,1.524e-23,8.299e-24,6.160239e-07
