x,y
1.729915352635604719e+01,1.138379336564692608e+02
3.741977424125825280e+01,5.079917387670907658e+01
9.932431125845300812e+01,4.910389636429935223e+01
6.595124252076713844e+01,3.307093589168204062e+00
9.042157304097679571e+01,6.457719758631338891e+01
3.956780597989106241e+01,9.461144441140851313e+01
3.638337951499740086e+01,5.441974673767818160e+01
1.608500366965976980e+01,4.837355837365550570e+01
2.441462888113795415e+01,3.147760085302194000e+01
9.004376071560631090e+01,3.364905095832479276e+01
5.822291693179620609e+01,1.176884639761486397e+02
1.153988632396544176e+02,8.697479289282404125e+01
6.494722266569210944e+01,3.322694448544449841e+01
1.927824105301522195e+01,1.163910495859359031e+02
6.192823026574544798e+01,1.390387349649243731e+01
7.481877066450005032e+01,9.320197372107575973e+01
7.356039612636485003e+01,1.100757245749083211e+02
4.751145199704343014e+00,6.343071159120259495e+01
5.512030594624845037e+01,7.481949497985072028e+00
7.695938029672500136e+01,1.023159406176788053e+02
7.115292217251408147e+01,3.121169372846678414e+01
1.007857825237690577e+02,6.113950578258112500e+01
6.130666613598395998e+01,9.036362492426134452e+01
1.775064429419478529e+01,9.835520629431323414e+01
8.199442872039085728e+01,9.445163298657612927e+01
2.299395108241622765e+01,9.628369933614359866e+01
2.295887112686403242e+01,9.786314083621526549e+00
1.026272369144484173e+02,1.033540195413202127e+02
1.051844515699896618e+02,5.662916632305482523e+01
3.288580663364619028e+01,8.510194323799513683e-01
7.748650746899373587e+01,8.638912602104316818e+01
1.002683059800328920e+02,3.382533928374505905e+01
2.582618005955683316e+01,7.671976560799053857e+01
9.660657997740116798e+01,1.156405047413965121e+02
1.806297965054129762e+01,5.786548658392038647e+01
1.073659034635408176e+02,5.072602883345247449e+01
7.074024745008577497e+01,2.938881299203583986e+00
8.081518645835267023e+01,1.102906343560587032e+02
9.921903954680652760e+01,1.062624320051936166e+02
7.924264566246280594e+01,2.946627206918130781e+01
9.222203986755052085e+01,2.540096911290126158e+01
9.975298015973534405e+01,7.526150708492189700e+00
9.905853760722669676e+01,1.974087197689215500e+01
4.501763957959702367e+01,3.800857998683571282e+01
8.296044423332895690e+01,2.142862538092462898e+01
4.755073946603837243e+01,6.989514129577134582e-01
3.149936553001218087e+01,5.054265770747463193e+01
1.271054840487893500e+01,7.597919352438692897e+01
4.565091238638387949e+01,8.703527256914865973e+01
7.846392132820732002e+01,5.174720985328874434e+01
1.040784606770639016e+02,7.585621410002003984e+01
9.723292225275588407e+01,4.101536687281355853e+01
6.524031476021467313e+01,2.355562621377040955e+01
1.195369428142353456e+02,2.918585571675925650e+01
3.082409606725232720e+01,8.782808686915917207e+00
3.093637427960839048e+01,9.157542390528638521e+01
8.374722848196975633e+01,1.544078547806033264e+01
4.514862017137130579e+01,5.051056735409554932e+01
7.979810956343528972e+01,5.471147556524986300e+01
7.038219921906376442e+01,1.007621524330730836e+02
8.717683323748445900e+01,4.380087162102707055e+01
5.380755712133811386e+01,4.412394836280079602e+01
1.316815968080360832e+01,2.438898529048758945e+01
3.405677867329573161e+01,3.769606747227626187e+01
3.756574305839252048e+01,6.920396595035424525e+01
1.166027970743705566e+02,9.295969619084783631e+01
9.493607378073663483e+01,9.111222006474959301e+01
7.163852766285077678e+01,1.101230708605095288e+02
8.275561865364971936e+01,6.004277168842451573e+01
9.250057020064650359e+00,5.861390725026286219e+01
2.553971944084011980e+01,1.592355570561446854e+01
6.072779070352475372e+01,9.421023511163508601e+01
3.540077313666233749e+01,9.225261118909998004e+01
6.307554277947048860e+01,1.788576280448550548e+01
1.157961292775682836e+02,4.819634686662210044e+01
3.542811067952349191e+01,1.016398044760475585e+02
1.493523990185757988e+01,8.803085532884441022e+01
2.253896910785620022e+01,4.709901312150989128e+01
2.782798541545661308e+01,1.009473591230864287e+02
4.680894623278340561e+01,1.169631375458747158e+02
7.503137812981280774e+01,8.323474016434983014e+01
6.258301465589010348e+01,3.707618388907093987e+01
4.746677052629144811e+01,1.129121025194282026e+02
2.414438408695973592e+01,1.185862681464254678e+02
9.099670344045821935e+01,4.317443117911322759e+01
7.698163074067240075e+01,4.571778471517050235e+01
4.577915191679040419e+01,6.045635402334355035e+01
2.006738596245249973e+00,5.922858719320754517e+01
1.165918096136265660e+02,3.425582745426941500e+01
8.978615508919345700e+01,5.313466680845940715e+01
2.511372511413425457e+01,1.086003084981755364e+02
2.019274161625559394e+00,3.642107119194128018e+01
1.198831058788724988e+02,3.145761554279873806e+01
1.018853426231126491e+02,7.268197783868451722e+01
9.672428490325484063e+01,7.563813065321738804e+01
4.352362284694180516e+01,9.129465415001790518e+01
3.178145868476680569e+00,5.361755420813423001e+01
4.462254838441272398e+01,5.724888067648193868e+01
1.531448237952835356e+01,2.670082391355269280e+01
6.744619081196512411e+01,4.653229387871447642e+01
9.499874467084086405e+01,7.261639071330174033e+01
1.033520021744392920e+02,8.788330047907254539e+01
7.221881373102779378e+01,3.451387226351948101e+01
9.393125615114021798e+01,3.015210938052981504e+01
9.025333417728532481e+00,1.155437494131873422e+02
6.480134461157629744e+01,9.286731570597736152e+01
6.350673691564321643e+01,7.338956764461858029e+01
4.067070061980748719e+00,2.241524152245702339e+01
8.096272745217329714e+01,6.846775175429979754e+01
1.902660407840551926e+01,1.142435122471421778e+02
1.852243590568851772e+01,6.123638996864224282e+01
1.728034500231092352e+01,8.608460713274816101e+01
3.315756169141832999e+01,1.609607701461399287e+01
5.518461680461879126e+00,2.098026454771483529e+01
2.301584600682797088e+01,6.443664954861510807e+01
5.412466634056694659e+01,1.148753240704244831e+02
1.144981604239970920e+02,9.558553325621164731e+01
8.059051607768439851e+01,1.014027709882015671e+02
1.126502194175861575e+02,2.714127466440330316e+00
1.417262725810304325e+01,4.323166616203717183e+01
1.123042236511196634e+01,7.194293676639325952e+01
3.124370668177303401e+01,3.172076749587905908e+01
3.459935863774386888e+01,1.172587891012680572e+01
8.891333438857907367e+01,7.808069155195801159e+01
7.278097087695148559e+01,4.085469873333051893e+00
5.153569735666530249e+01,8.222443078798112026e+01
1.876159798843036697e+01,4.627894135890609562e+01
2.380097456392427091e+00,9.822959649269048299e+00
2.597442959988647004e+01,4.975801933694983603e+01
5.558880435448558188e+01,1.061425837941735608e+02
3.799901306088159458e+01,2.575665153262964857e+00
9.914680161253981794e+01,7.421632244828733072e+00
1.115903911946740124e+01,1.155818060087681971e+02
9.040385017540300794e+01,4.054250433351060678e+01
1.586146099430348144e+01,4.640766878062338208e+01
4.070338713362082927e+01,1.049329441730967858e+02
5.025036207768480523e+01,9.845400721874643324e+00
1.112166242830303418e+02,7.467760364583121202e+01
1.400518281372026408e+01,1.358089920557068098e+01
5.591198893971171202e+01,1.105067588269394108e+01
7.581026306433101070e+01,7.396605493138923748e+01
3.849761834178444531e+00,9.689073372495533931e+01
9.441537131273982197e+01,1.098369922338370088e+02
8.043679760861724048e+01,8.314346788022679391e+01
1.964899853438014787e+01,2.866657677457404851e+00
7.867578290210390790e+00,1.157353608192428851e+02
7.748656386715602196e+01,1.136287999792088783e+02
4.192612306465147753e+01,9.062658919936967550e+01
7.847875843400013984e+00,1.994461987115654011e+01
3.325600018463880048e+01,6.603819020408900542e+01
6.688906561090919922e+01,5.987837427684178238e+01
5.093563015584931009e+01,6.908461924069183624e+01
1.159994874465405985e+02,5.496954725833430189e+01
1.004965706158085794e+02,6.704635803824543494e+00
4.627047086760691030e+01,6.725957323708789204e+01
7.443846667859246224e+01,3.000220079184135358e+01
4.791492161839143193e+01,1.136407402482828104e+02
7.786209048143388145e+01,7.019594980947535134e+01
7.835845262380911613e+00,6.261150917177724651e+00
2.536781373984775456e+01,1.653873310183595891e+01
1.180499915127945201e+02,3.296577123196975379e-01
4.390122350166205223e+01,7.010693954856193066e+00
7.680126699812119284e+01,5.583984248983093757e+00
8.209156265006676279e+00,9.593100672974266274e+00
3.261421575634554415e+01,6.916296815959806565e+01
9.665383411570245187e+01,3.206299014015129245e+01
3.398052678833596474e+01,9.893785727423244225e+01
8.951380562115870987e+01,1.521776980288015579e+01
9.676187216476283481e+01,9.975013303623373417e+01
2.133909402805270616e+01,7.523375982870642531e+01
2.360923461854855532e+01,2.921912544336990436e+01
5.928069063943704009e+01,6.266640335409701379e+01
5.748402184778247204e+01,6.493692639650504361e+01
2.557976117105429381e+01,9.342964417534945198e+01
3.334180944343300013e+01,1.095219947662932327e+02
6.181863643075075032e+01,3.644208635335017732e+01
2.092606830099601822e+01,5.822447548992363409e+01
4.515567601816228205e+01,7.477125488663192243e+01
5.981514991475398801e+01,4.435163760083611351e+00
9.997137225702402930e+01,6.200872694327519419e+00
9.931141966310524083e+01,9.752995721001315133e+01
1.108779750345074149e+02,7.972812493818392454e+01
1.927483609264206166e+01,5.303152937448452775e+01
5.273191922045646862e+01,7.587995837782978015e+01
4.573650388848523107e+01,8.108137055629420331e+01
2.446888561174052512e+01,4.240209337758704322e+01
6.519760935448253747e+01,5.131812614573388487e+01
1.470307809228002860e+01,1.158993744915005237e+02
8.295544825637657027e+01,9.996420933492309757e+01
4.289528955469757676e+01,1.133875092202904824e+02
9.749365206634109882e+01,1.175407494705463023e+02
2.368731028677665407e+01,5.726033719208911066e+01
4.630187928868432579e+01,7.366739947236443697e+01
3.002636804015521577e+01,1.205667477008235977e+01
5.719399041946975615e+01,7.673663238235600659e+01
4.608185021895717881e+01,1.184927211259544606e+02
4.871865265786777854e+01,3.597786509253757004e+01
9.766773901194137864e+01,5.600277636393552427e+01
3.278601392390485358e+01,3.437892293659277243e+01
1.136586947093086053e+02,1.154084097791906487e+02
7.754842754915844694e+01,3.345215720097164791e+01
8.536428524627818604e+01,2.601233783233305275e+01
3.865016248967231149e+01,6.500836316433185402e+01
4.813729933974548203e+01,4.212286351615042435e+01
1.168961315383785688e+02,2.042474093756988651e+01
7.365342707393013200e+01,4.624966738061946359e+00
1.100576845606853205e+01,2.519952060140694527e+01
1.190023435217357672e+02,8.717095670733600343e+01
1.041645714755038625e+02,5.938054156405985218e+00
8.177261431832074834e+01,5.279237753232069252e+01
4.997039382664192431e+01,8.499057530975659347e+01
3.699827406426966547e+01,6.161613879252296044e+01
3.128696661884596963e+01,4.696848847108902447e+01
6.399914102457026388e+01,1.894572033915157760e+01
3.314245462862442793e+01,5.044870862658483901e+01
5.672975742337865057e+01,9.600047616132218309e+01
7.715401366411192896e+01,6.749880798265407122e+01
1.043840872440475920e+02,2.368186377321164571e+01
1.248996422136419682e+01,4.724702560412825392e+01
1.646279466687338555e+01,6.671772457210397533e+01
6.883719984790617730e+01,1.579122596996282013e+01
8.592647936356719640e+01,6.678473801107334396e+01
5.078183931235692938e+01,1.100978127959169797e+02
1.027094753260011828e+02,2.651629965178403836e+01
1.998998118309827987e+01,1.098643684697660916e+02
1.887022662165247056e+01,9.086475917023457782e+01
3.750204189745363692e+01,4.334224159590166892e+01
6.644695751613326706e+01,1.111157000908004733e+02
2.468211677543807880e-01,1.947448012827838681e+01
8.642541343919387486e+01,4.733598353093949385e+01
3.453725038761572108e+01,1.155474789753049691e+02
3.168341079891355960e+01,8.570003494420664936e+01
1.157070802911066068e+02,9.153192674957250574e+01
8.512968431046141404e+01,8.678480553212281734e+01
9.662713281971349488e+01,3.254563787039075606e+01
7.520240702141096278e+01,9.634630728522805043e+01
1.065875569556199025e+02,1.087000983849669780e+02
1.084675672304995118e+02,1.171605593578472693e+01
4.516873048534576895e+01,5.476705001885029844e+01
1.070022484760299619e+02,5.031043432558360706e+01
3.178945240309566245e+01,2.383052779110998998e+00
3.465051333145985524e+01,9.368690216801134341e+01
2.420512567182191432e+00,1.979927135381851855e+01
3.731621050158772590e+01,6.384132862614247017e+01
4.356519818337764605e+01,1.059167633507719017e+02
2.489731546222372671e+01,6.739612805028282594e+01
9.333810061652394552e+01,1.115529874912783725e+02
1.048176328009650717e+02,1.626252044888166637e+01
9.501600955747072419e+01,8.104155233976135264e+01
5.059242688644043540e+01,3.068051875495574343e+00
2.015777651495835698e+01,8.993529914784693347e+01
1.008057213321296075e+01,3.751799099856769004e+01
3.062549259319253281e+01,8.953210762783687926e+01
4.308717950115810424e+01,1.046258891865022633e+01
4.445305221793398687e+01,3.921958520624181688e+01
8.604256407832768616e+01,3.841466642384255437e+01
8.323387789104478429e+01,6.463133441205107488e+01
1.065279394469365855e+02,8.800382075323052788e+01
4.895024910436637811e+01,5.818914218381331693e+01
5.656629118384040567e+01,1.046042877022229902e+02
1.656434060550550669e+01,5.090760149142171542e+01
6.418944689775483425e+01,5.234673986864352457e+01
7.176341615985364797e+01,5.986117145038190301e+01
4.964348911943609011e+01,8.241755671391949534e+01
3.951869588501604369e+01,7.282812164028281643e+01
8.742700168006491879e+01,1.567759629526594978e+01
3.917425218059183578e+01,1.133645466718326276e+02
1.159225545075149455e+02,1.190866515762792517e+02
5.103100066592509698e+00,9.918105226942189745e+01
1.122330968393051762e+02,1.082333328066292637e+02
8.579295641767370739e+01,8.107432114654675104e+01
8.635279397860637118e+01,6.898629817764138750e+01
9.461040958119797040e+01,6.023155245607778596e+01
2.711249998694740171e+01,1.132188299738002613e+01
1.089906867962846775e+02,9.058547776837036736e+01
2.126903229124117090e+01,9.869499327881068496e+01
3.604161035090129417e+01,7.627859665303174097e+01
4.273834292984383865e+01,2.569957035967715342e+01
2.107305165393738378e+01,8.514037289328912905e+00
8.932626767359028719e+00,8.290825287909857622e+00
1.079025199648459576e+01,1.000835146800065303e+02
6.213699906196149669e+01,1.543008177593632269e+01
6.299935786593717069e+01,6.511557618649064239e+01
5.959104419330087410e+01,2.477836375403163061e+01
5.212774646694364833e+01,1.045027744283256510e+02
4.604825733420890543e+01,6.047822914945960804e+01
1.116290878890018945e+02,2.793616775332996127e+01
8.706092241674862464e+01,5.806096014046882203e+01
9.448414959595699258e+01,4.316082177909417794e+01
6.508303378487252644e+01,4.419431323817860147e+01
1.039379088543553991e+02,1.097781467590304629e+02
7.581855406249101748e+01,1.177224283755384846e+02
8.784668182894182564e+01,9.965087183618770439e+01
1.073664779834310110e+02,3.262869141193442601e+01
1.184013516380530859e+02,4.684968280113778150e+01
5.966550525790219694e+01,2.163884779955962401e+01
9.857745420039685769e+01,4.042771520294284926e+01
8.272133345818012629e+01,2.620267138419749386e+01
4.216356726661554433e+01,4.610933835394880731e+01
2.839487927228554298e+01,4.207613048302625280e+00
9.242506993166722395e+01,1.140425595668015148e+02
2.714974290675300850e+01,1.951816379648493083e+01
4.171250104266933079e+01,9.931920195565510312e+00
7.796794509158874575e+01,4.422630230395319728e+01
6.749742651201763977e+01,1.087019983637958660e+02
1.033895194672739137e+02,1.106012230856374003e+02
1.122069260125668961e+02,7.077832321037979568e+01
6.027603430355406999e+01,4.513819876448361690e+00
1.229295736560939289e+01,6.287080738495157561e+01
1.027209965533393330e+02,5.191614728540783119e+01
4.475234743665446047e-01,2.547637274342038793e+01
9.119645018637226030e+01,1.901015862357335351e+01
2.394916021864827371e+01,3.426432770441380171e+01
7.311400518737622178e+01,1.003686665724891895e+02
2.626738049135023090e+01,7.193614485377491974e+01
6.359287357760212700e+01,5.338370477713778683e+01
6.965046283869355648e+01,9.769422282869790308e+01
2.609856680141525942e+01,5.966809810553115057e+01
1.175046733753540096e+01,6.158850660824452916e+01
9.492094287843214317e+01,1.198270668782044908e+02
5.708316649029406875e+01,3.559240808397079547e+01
6.954042983006326040e+01,4.461024657727781317e+01
1.404028669434719490e+01,6.293982864365943897e+01
9.589628292070540283e+01,1.069352744847750643e+02
1.173733425240496331e+02,4.412695474302756082e+01
3.019982130978291579e+01,1.329849282555711198e+01
5.234783007592911019e+01,9.684325922964653444e+01
2.815737451494211996e+01,1.019479797679518640e+02
8.540844213824134101e+01,2.411313846312522102e+01
7.581018469671546711e+01,9.836306193522098340e+01
1.119444439345168405e+02,1.946577164359051437e+01
9.864182323869908942e+01,9.310189053980700180e+01
2.924659687699044852e+01,3.534976928017717768e+01
1.148500838702702680e+02,4.344192695524272807e+01
3.467713263005319391e+01,8.640133430456603492e+01
1.594872125519434469e+01,5.798031799462737013e+01
4.297597514851375422e+01,6.527836115548261375e+01
7.239001726206068099e+01,7.681289446805730847e+01
5.188788698265638288e+01,1.064318890504816295e+02
1.002811310836750920e+02,1.120029342470443368e+02
5.350867699478980910e+01,8.761030973691629242e+01
5.168349441435275793e+01,3.345393054367789887e+01
7.822637365407048549e+01,1.135184589012756788e+02
9.651694570862358091e+01,3.422421292464208875e+01
2.737269076338446183e+01,9.259745534259204192e+01
8.461541753241479569e+01,1.036322095505760217e+02
1.756339331506731938e+01,1.034015083383496005e+02
5.191505431904988654e+01,3.280145740710651836e+01
4.118935949911544725e+01,1.192204684815292808e+02
1.147238550023594428e+02,1.004952425761451273e+01
3.782261612605073253e+01,8.634948295877617852e+01
4.239015792994678122e+00,4.310838532459553285e+00
5.386835210619884684e+00,1.042133799909421583e+02
4.004789275931819503e+01,3.824877993258142084e+01
9.520125852601807992e+01,3.822795497719226177e+01
8.861170267142684054e+01,4.432088740838641172e+01
3.570231760549982880e+01,4.646718171544048914e+01
2.016446911281693133e+01,9.001337556885617985e+00
1.045441735804498222e+02,1.042059815717461788e+02
5.529856114362010544e+01,8.260514708693897035e+01
1.035179539514847562e+02,4.688680510771546039e+01
8.541723941109113127e+01,9.057497041295887641e+01
9.368953203670415064e+00,1.657944873927555562e+01
9.003959789827663940e+01,8.467787248571985970e+01
2.223209783762301939e+01,9.920783075468111178e+01
9.610814051788747747e+01,3.992922343501896165e+01
4.083383989083650789e+01,1.326863920011057907e+01
5.345797871686826142e+01,1.317135120943530247e+01
6.520885703061367167e+01,7.494999802452926474e+01
6.983293712504301709e+01,8.597825262197144269e+00
7.460045363980690070e+01,9.026579173863574113e+01
1.702238493641132422e+01,7.140921550397230533e+01
9.828665702864419984e+01,2.323433296556437355e+01
1.096097904955880153e+02,1.166296897696817041e+02
8.539734674078746934e+01,1.046442921629595446e+02
3.261392562432782682e+01,7.979620644436472787e+01
1.111373105349492363e+02,5.367482489502752863e+00
9.849894435869106246e+01,2.843078004703205863e+01
9.613357343156205559e+01,7.709034482951871325e+01
9.618535247658581966e+01,4.811939763442693874e+01
5.402592570150771678e+01,1.109156790207778300e+02
8.548044073504396323e+00,1.874408721631052188e+01
1.167398892613486936e+02,1.095901568013019869e+02
1.762416651267378853e+01,1.168151060414269296e+02
3.185465178225332394e+01,1.070528239523162455e+02
1.085730273096310157e+02,2.849495237360399891e+00
1.165396196177330701e+00,3.923938335633944519e+01
1.117414172826626952e+02,9.496124260197075273e+01
4.642211741521548873e+01,1.029612976585447939e+02
3.690741963504090961e+01,4.169008831249304592e+01
2.285739862064997396e+01,1.151461325312289006e+02
9.643567598442078292e+01,5.549097664929067264e+01
3.171318847060544499e+01,1.159175520634443757e+02
4.761839586718561179e+01,2.528466773602175621e+01
5.095876576604374719e+01,8.629460523013418083e+01
9.248217587796851546e+01,1.307826625637930285e+01
1.135116921064514344e+02,8.094849031397899353e+01
7.499491447868193994e+00,1.004923725190820534e+02
1.166284484273070774e+02,1.005297170724560658e+02
1.174185515335057772e+00,5.677066898148658680e+01
7.070085287513037997e+01,1.065598432443154024e+02
6.033125824977829410e+01,9.278857845888062172e+00
1.120230606043243284e+02,1.142082957379636952e+02
5.833946580167716434e+01,6.413128377999570695e+00
1.006668814997608621e+02,8.900072117292243945e+01
1.165480895761105131e+02,8.776433444879261359e-01
5.225933394241162233e+01,3.405628783588444009e+01
1.292461148199974375e+01,8.821615232077158453e+01
4.094578996524769821e+01,4.676296694538955023e+00
1.603521668716859239e+01,9.672003566732402646e+01
7.270452215872560942e+01,2.580607502083376659e+01
8.352506736021280176e+01,1.564857524553247003e+01
8.078253090023746097e+01,7.860483065072334341e+01
6.630877839114868166e-01,6.138185684985363366e+01
8.715785183192045338e+01,9.102404875477748192e+01
8.468500070724817874e+01,1.062054736645101798e+02
9.074494085667767251e+01,1.106387880032975204e+02
4.977684042985367796e+01,4.099318399818558945e+00
2.172040980086597983e+01,3.453387376632705497e+01
5.014993656398969435e+00,1.297914502272581672e+01
6.225349453594853344e+01,3.029872597582666316e+01
3.426421618749613884e+01,8.897634319543695369e+01
1.025615561176316390e+02,1.034447769880838592e+02
4.447459168830665988e+01,8.515560879685379803e+01
1.022765559495429812e+02,1.811490480733760222e+01
2.406644009665493300e+01,7.775523517140798901e+01
3.186604319045046196e+01,2.312125845660913370e+01
4.410242727870876678e+01,1.917989660667864804e+00
5.259831317529378225e+01,5.672393065240544097e+00
2.936522980793970206e+01,2.610506410336060412e+01
3.953342806541476762e+01,1.504679477792838505e+01
5.654356997093479720e+01,8.254279719896054246e+01
4.067147082050303908e+01,1.112631862542899341e+02
1.031720254666033014e+02,3.672181625195241850e+01
4.668048422657169461e+00,9.218300409230684522e+01
2.880147754861078013e+01,3.985932486945019093e+01
6.952022716162021254e+01,1.198655612264595476e+02
3.596130799343902140e+01,5.622276035087935497e+01
7.529410594357004527e+01,8.200468549882553759e+01
2.545994201397605039e+01,7.143860970027095902e+01
6.529277314877957394e+01,7.902958353691306570e+01
1.379963700398988280e+01,1.515534191242524287e+01
1.170632988499148865e+02,9.855618774544483074e+01
9.930687781145996951e+01,1.120925289721088518e+02
1.152777312021497096e+02,4.721850385199188338e+01
9.048806114842292914e+01,7.699441110666229804e+01
6.718203233536453922e+01,8.152180599858404264e+01
3.833201413494273879e+01,1.034614461522450313e+02
4.884267938490938832e+01,1.778144252525420654e+01
1.317702121663204551e+00,7.670271984790522879e+01
2.779580267579105879e+01,1.147278671889833390e+02
2.340053488945296323e+01,3.794152896619917215e+01
1.180958020480112793e+02,6.238255443485142138e+01
1.106429518747200689e+02,9.377252085944027726e+01
1.427588321633579405e+01,2.591801243765138452e+01
4.646130688886405835e+01,1.057147500867311294e+02
4.007859388142779267e+01,5.556984462651888634e+01
5.769185784231891034e+01,3.897062965230237808e+01
9.437823413798571437e+01,6.579207307941747906e+00
2.710921934965150015e+01,9.901022485111062110e+01
7.396100440850379698e+01,6.141897957405960540e+01
4.434095565154462548e+01,1.561674921514319081e+01
5.481411710440374918e+01,1.184513370974844264e+02
7.141061697147421228e+01,6.918952208899102629e+01
1.188142301947621036e+02,1.062484056306473690e+02
1.199039181934149951e+02,1.144360007473951839e+02
8.009962220863178572e+01,3.663746323925473547e+01
7.537718136325875662e+01,4.178518029765280772e+01
9.729234369502957236e+01,1.647605532909057402e+01
5.550556001742365453e+01,1.008931226576263640e+02
5.454145037462457424e+01,7.212214193038570897e+01
1.179395255816196197e+01,3.421259801477339835e+01
1.145382274425260363e+02,7.883274543989899996e+01
4.379270024699413710e+01,6.202574111589896688e+01
9.298422937601810645e+01,9.449644199362367658e+01
9.935615267748745794e+01,3.475712145570570755e+01
2.859671265577088306e+01,7.662101789991122303e+01
6.326407768506659579e+01,6.778641017976737260e+01
2.575379018448645141e+01,3.823489537984807640e+01
9.024638166795406846e+01,4.299879086466454936e+01
9.089826607397185398e+01,5.597359539147377383e+00
1.141039415645483786e+02,2.496876464266656370e+01
5.738491596610269596e+01,1.105062303878654149e+02
3.041756191662667064e+01,2.728611270991560644e+01
1.182768847118828148e+02,1.085316200664810822e+02
6.386954366629412050e+01,7.322633407076328815e+00
7.256024498506165799e+01,3.018938250920476207e+01
2.568125710859786892e+01,1.118571644007198671e+02
7.433078906607578062e+01,5.328474299723017538e+01
7.519063030279640181e+00,4.459456783236125688e+01
1.036779779713406384e+02,3.632115391496364509e+01
3.873531276826102498e+01,7.282272801736951351e+01
3.025688143446318890e+01,6.683217153715021652e+01
9.224190405866151821e+01,3.440085319853125867e+01
5.673010449537543565e+01,6.915208039611536606e+01
4.359976697343288521e+01,2.683420494655250366e+01
1.372822404209980007e+01,6.785805505100731239e+01
1.124915061445048821e+02,2.251944300893877760e+00
1.038796154244174801e+02,1.154967732291653277e+02
6.507918017809768685e+01,1.161460150137458243e+02
8.457389238210045335e+01,6.542702496352194430e+01
5.564100214739931971e+01,5.596788083204278053e+01
8.183960724889541893e+01,2.814064425311403639e+01
8.584813494043223159e+01,5.891876844329688367e+01
8.095946622458261288e+01,1.129034100494688317e+02
2.801444181504368913e+01,4.838706221532233798e+01
3.301921547702679050e+01,6.321169766055789729e+00
7.465076486194118388e+01,7.542240180090263379e+01
1.199293020169448027e+02,7.212322844857885684e+01
4.753277551305419024e+01,1.081390463206470685e+02
1.846118543332400108e+00,3.632483630922807549e+01
9.023148566571205720e+01,1.937844162260089931e+01
4.334831702153500288e+01,1.018876363869627966e+02
4.136095792141551186e+01,2.915528507212608389e+01
1.068705921937019525e+02,9.290064632954324608e+00
1.028030168736862890e+02,3.784615408769683143e+01
2.493416605854848456e+01,5.854545156717386334e+01
5.801017377030778732e+01,1.157636384708233948e+02
9.030056394481226789e+01,5.521469202594664694e+01
6.713378152532833099e+01,3.820419205567814913e+01
1.179265910801276789e+02,4.631265637414878000e+01
1.062827312375641071e+02,7.872926228239873581e+01
1.099372886923896431e+02,4.254811928165542412e+01
5.000357119255014027e+01,4.431923557149059434e+01
9.924513818416630784e+01,1.143747318349563500e+02
9.894831986443787741e+01,5.417055270301912628e+01
9.949160729136711723e+01,8.762236427674554307e+01
6.229598851802263226e+01,2.201940115163282385e+01
2.854451201357662882e+01,8.445171062902107906e+01
2.384872883703991775e+01,6.724151815428818679e+01
9.650264490235133508e+01,7.846776928489933312e+01
7.317068606229592831e+01,3.092800360461345122e+01
1.439231623357992262e+01,4.069181969612176708e+00
5.560811228205944090e+00,2.781149526370465708e+01
6.692192149263259182e+01,5.084163133911835786e+01
2.449187170038392836e+01,3.632245664133591134e+01
5.535015489054314486e+01,9.587306758849871358e+01
7.871149786759551148e+01,4.908663701283790815e+00
5.778227952798392408e+01,2.231965690342894604e+01
1.025799441257127285e+02,1.061885080520819713e+02
6.655976533357690528e+01,8.836896509791164078e+01
8.241372030194926879e+01,9.802018414277482350e+01
3.345788931949436318e+01,2.751459769623111384e+01
8.955708667367476039e+01,1.150898311312610929e+02
2.757813874048274272e+01,6.813287802478674848e+01
6.530634150382344671e+01,4.482698680741299313e+01
9.002853440824873132e+01,1.581196172110059450e+01
4.461324885937106899e+01,5.172806743108879601e+01
1.143599735173618654e+02,8.211645484558663100e+01
8.531506543480209359e+01,1.199749372323706922e+02
2.721344460355510009e+01,7.242319588850294565e+01
1.291940349148623213e+01,1.949960089903427018e+01
8.353534091685897067e+01,9.911801132124224978e+01
7.629571075160822602e+01,6.957394734742881326e+01
9.487568715550223430e+01,1.147484905382068234e+02
1.110626607902620151e+02,9.705324081951808068e+01
5.185414853966199189e+01,9.196008096035495782e+01
2.805987747824809730e+01,1.084858413788187619e+02
3.356811649914741480e+01,1.176461653422721128e+02
3.620199059549295839e+01,3.168999321042597828e+01
4.035929304460449885e+01,5.821702741666570091e+01
2.402407721647194094e+01,3.164678304375221884e+01
1.061083882060896997e+02,1.117583778861691570e+02
1.864558591349265981e+01,5.296214717112234638e+01
5.038156902501768997e+01,9.939469391440590584e+01
7.924967390975714920e+01,4.896500107677196212e+01
9.464349515651316835e+01,7.261811866002337013e+01
2.512333154956078829e+01,9.511537872639547686e+01
5.587650197787460371e+01,1.064340600271161037e+02
7.982744283420325360e+01,1.813753285418519567e+01
9.080108358496586618e+01,6.974469034267363554e+01
6.498953497685184288e+01,5.036850657109819451e+01
7.954682937148081123e+01,7.594774587032890878e+00
6.046002749725010972e+01,1.122608062578281931e+02
2.458405646610710704e+01,1.644160726687404761e+01
4.926244134227821547e+01,6.234125303332585588e+01
4.518310014895964599e+01,5.807292354789374400e+01
8.096017527706197825e+01,9.513342822640251484e+01
6.190978426170974380e+00,4.580546569001276680e+01
7.430770992119384744e+01,2.509879256019229565e+00
1.139035302966556600e+02,7.689851719947050412e+01
5.820044092333797181e+01,5.379771622790287466e+01
1.767092183278005635e+01,7.950600370238780634e+00
8.171600488585622202e+01,1.108783367386828900e+02
9.508422022535880558e+01,2.574520190586122581e+00
4.676217833290530201e+00,6.151901977090255258e+01
6.879169507378655624e+01,7.276156846426083291e+01
1.051229790532773052e+02,1.077438945753233952e+02
1.187153317071378780e+02,4.003635377803423978e+01
5.622526492865791425e+01,1.192355175526041506e+02
8.404353541944622918e+01,6.892189802720980474e+00
1.091461911286049684e+02,7.400072840275356612e+01
2.324547021210303299e+01,4.172748656694223968e+01
6.931911505303349941e+01,7.833197329382193175e+01
4.928741704576500382e+01,8.932309151354347421e+01
6.393918308698773245e+01,1.169709367427055895e+02
1.024195275659264723e+02,1.801158519541630554e+01
1.237052296945567065e+01,1.024235511639198108e+02
7.292768069492738903e+01,1.171468279752513411e+02
5.230017353551428982e+01,2.151580479919998368e+01
4.438601565032831431e+00,9.223016660523697396e+01
1.002215152403121756e+01,7.726837832195769806e+01
6.762522802048555093e+01,8.874819844823147719e+01
1.132669515602409547e+02,2.838257884609998882e+01
5.791249112351399475e+01,9.018744824753518685e+01
2.428298023101381631e+01,1.104139481913890464e+01
1.656275839282460893e+01,1.118025582933739059e+02
9.473102436182408326e+01,2.404930208986096218e+01
1.906767580318655675e+00,7.653828140075678732e+01
3.862882561089220701e+01,2.735455364790551869e+01
2.394667647525695742e+01,5.666704362964915020e+01
4.107017447884556560e+01,1.128260750267364330e+02
6.790649728739238356e+01,1.080151373637456231e+02
1.109566398317478786e+02,1.080158988065820154e+02
5.980145886344799067e+01,6.999474776302874091e+01
6.411106820684383933e+01,2.431617688479450479e+00
1.135692069228067851e+02,1.813084237233606189e+01
6.641470927029760674e+01,8.191774281466055641e+01
9.435673357945029238e+01,6.506678155330143909e+01
7.669330548361676847e+01,9.925312313991199176e+01
7.722340282315384741e+01,8.002101786461960842e+01
1.024862467260532526e+02,8.809400029863923010e+00
6.222252609709896376e+01,3.186242851349025962e+00
1.816634056117553797e+01,3.420769706035171609e+00
1.039489795821465350e+02,3.956858616032868525e+01
6.253574488155916100e+01,9.447095255869085406e+01
8.266761896997419967e+01,1.111577472594729272e+02
5.877644264675898000e+01,8.429253780412729213e+01
1.041305602669204973e+02,1.286364276462579426e+01
5.638261906496660458e+01,1.055931100854000348e+01
6.683572345611047183e+01,3.760240157203764966e+01
1.008597927782378747e+02,5.620570434034102192e+01
1.954743608252880449e+01,1.048054962176441620e+02
5.110385960262669158e+01,2.365349062493495857e+00
3.224266303044115745e+01,4.597193061720017226e+01
3.149318488178676212e+00,1.681338422298386348e+01
3.558106425448522714e+01,4.050999541900938539e+01
5.250953573059782542e+01,3.571413772882559101e+01
3.848018895232846148e+01,5.544945297895865366e+01
4.223192955723450837e+01,8.997431373199692928e+01
9.372849778989575498e+01,2.119915661646811778e+00
1.945106542953847750e+01,1.221829726714495301e+01
4.234424407902894671e+01,4.275126640414282519e+01
8.991517145352030127e+01,8.754241508091924118e+01
1.058897679073670872e+02,8.195976243707632136e+01
7.146409683610744423e+01,1.193199841788107562e+02
7.703600580824424071e+01,4.673661098479803400e+01
3.657205740659278348e+01,4.290160306931589673e+00
1.132966058522321617e+02,9.031675240625219203e+01
4.524893688462169905e+01,1.050031690606526951e+02
9.155082363094307141e+01,5.582080397528297055e+01
1.146940013775889753e+02,1.070879430115289921e+02
5.352554671773760475e+01,5.124119226215748313e+01
1.820350200345767178e+01,1.228885538611852901e+01
4.286527029991337656e+01,2.575155867185065617e+01
8.232585043109397205e+00,8.825756908290809122e+01
1.153410752067687781e+02,8.248660573704523813e+01
1.088918973687053864e+02,1.044440329553605267e+02
7.752652430040289744e+01,6.271354938296367010e+01
4.294816709613846939e+01,5.939714106867538845e+01
3.855023418017984937e+01,2.064800127816080888e+01
5.943924061659537017e+01,7.933890099535999241e+01
7.023781440647087493e+01,8.853873516459857740e+01
4.031643160187127961e+01,1.152486719948164762e-02
2.551914284515116904e+01,3.476344497253699473e+01
6.637258404124690969e+01,4.673418184171116252e+01
7.892062562913054080e+01,2.687315022984795121e+01
5.616207415549229154e+01,2.695373447848048443e-01
8.235604773876991658e+01,1.038430518109408922e+02
1.030389145162719160e+02,1.049620078901561442e+02
2.353583879297230652e+01,1.177705546356050519e+02
6.616440666454991515e+01,2.226957485794594405e+01
1.092648749458995816e+01,8.517081257875883438e+00
7.643608031877866438e+01,7.543055346554434948e+01
9.441093783655229288e+01,7.903378535232076274e+01
6.232843276827189527e+01,1.953859749663794787e+01
8.813686164548967383e+01,4.872935010311385540e-01
7.923667591470835703e+01,1.983727687621582803e+01
1.905750005929343871e+01,1.087310378786420841e+02
1.112722558476678500e+02,8.643424972517595961e+01
2.743359299421434372e+01,5.632516469022137784e+01
4.154379132887966364e+01,1.411254577074867811e+01
2.841793723919995074e+01,6.956264660781603659e+00
1.166758726940815620e+02,2.835542197996266722e+01
4.645563639960599289e+01,2.959356461754051892e+01
7.815073150776167665e+01,6.750351889398547200e+01
9.187989541183259234e+01,1.370037898392792997e+00
2.456104214566991928e+01,7.184852741875558024e+01
6.918803161776263266e+01,9.893262677105030889e+01
9.665623749042971724e+00,4.453829917189083432e+01
4.845073672824001676e+01,6.156323061342104808e+01
4.217150630747434548e+01,8.816037497366868081e+01
1.251752033318756396e+01,7.275185852792587227e+00
3.761963588332425701e+01,1.072420300272241001e+01
4.708935728942557830e+01,6.941165235313962967e+01
1.010275603036585146e+01,5.517550671299563447e+01
6.663811661135429176e+01,6.774471434514035195e+01
3.624325366116996072e+00,9.278811499465405177e+01
8.663932944920797752e+01,3.564134141697589087e+01
5.656145165443732736e+01,8.870182553384903201e+01
1.000889676957691847e+02,2.972597015375333029e+01
9.249985156474089365e+01,5.090380434842969493e+01
1.143792585644445836e+02,1.054038594019697541e+02
4.295898277296877410e+01,4.317990170669650496e+01
5.830030336786821010e+01,1.152773756007239712e+02
1.727766494375221384e+01,6.586815198148717343e+01
7.772529053320280923e+01,8.640660893095102324e+01
8.053782088561764141e+00,7.191783811558816808e+01
5.405292413242557359e+01,4.073002710438568386e+01
1.164642894474869905e+02,1.272349461967744588e+01
8.504301389658864707e+01,2.452325547723240717e+01
1.137722747368342624e+02,6.003774709117652719e+01
5.440651095910237700e+01,2.982020160142472065e+01
6.405352708030117981e+01,1.037194747249192233e+02
8.648793745383267506e+00,7.898718021044186344e+01
1.758652643534224680e+01,2.700845687866154066e+01
1.024622997159922022e+02,8.672587563589747361e+00
8.780050598421584596e+01,6.942374850789509999e+00
6.114519312248974359e+01,7.482095850013482163e+01
1.763982439946908443e+01,9.625315122548106217e+01
2.652129359773756434e+01,5.708189829566532580e+01
2.883374535517621950e+01,9.163031068928826528e+01
3.013695837564797131e+01,3.146191182320663771e+01
1.461213215282048949e+00,1.079805117811758493e+02
4.031635530827113456e+00,3.775037371757554183e+01
7.764085946478685685e+01,3.985028805773033156e+01
7.166473198695692304e+01,4.374778477383539155e+01
1.055941347710459723e+02,1.907750595507745928e+01
2.209251741923350387e+00,1.196400043975474148e+01
6.287904444300159668e+01,7.107224395437312126e+01
1.000683382049303276e+02,1.145577578278423800e+02
4.815653098498968632e+01,9.884342093496357506e+01
4.862036962192095046e+01,4.447884287362786893e+01
1.592331456710517656e+01,1.042384060215830033e+02
4.033287165783082884e+01,7.760293213356202102e+01
6.205985746814106108e+01,1.196205029917898059e+02
3.067607786692491345e+01,6.617983747192086241e+01
9.475587085457760850e+01,2.292971995775102911e+01
9.878085613795887809e+01,6.698036787866652730e+01
1.242228832632768487e+01,1.161668120901783112e+02
4.942218793926809894e+01,5.704874193228803847e+01
9.413547397924014604e+01,1.157564750660549038e+02
2.946462315075415006e+01,1.633985859867932078e+01
8.936770743609858414e+01,8.124450094719691151e+01
5.358246518384440549e+01,7.771282791475361762e+01
1.132979976767402093e+02,1.010293174067963662e+02
6.818636559990449086e+01,1.090352122624770743e+02
1.095493766186224320e+02,9.253867475316214097e+01
1.422731466838425440e+01,6.740507048211721042e+01
7.287202663281136950e+01,1.055201744722187982e+02
6.194758793187089907e+01,7.351077309391442327e+01
8.581966724373783961e+01,1.006455524182089079e+01
6.761153246803561778e+00,3.647739171058592689e+00
1.282025561137774439e+01,3.065809755224823263e+01
5.806414922585196869e+00,7.157356119577933384e+01
6.867470211396351942e+01,5.463497512925297883e+01
1.073922437065233382e+00,6.230193133885860135e+01
1.516423478234957045e+01,6.126815457784795527e-01
9.554728684613117196e+01,1.092783613743481936e+02
8.678411689242274463e+00,7.907977794972288166e+01
6.394427281669421426e+00,6.986265071551964922e+01
7.486939568660359612e+01,7.041024235984242807e+01
1.188360128625641750e+02,7.363816241415943864e+01
1.993601560076763946e+01,1.119373092908405738e+02
3.588135980559239613e+01,6.473112319001323556e+01
5.190146182429414523e+01,9.680866337162670732e+01
1.008036583470440561e+01,4.411355720346849552e+01
5.312586519393118323e+01,7.168965937243694952e+01
1.089489499006925257e+02,3.617977642400590810e+01
4.146440249551109503e+01,8.064073529774150018e+01
2.507489011723179928e+01,6.118590319530277100e+01
3.836652826889665135e+01,7.485001191961674749e+01
6.966832679062241596e+01,8.230928339969752017e+01
5.156355332976833949e+01,2.803756638658028777e+01
1.754103183473358918e+00,7.219181206910211301e+01
2.697776400787590489e+01,5.791531058356591544e-01
4.500344920755975409e+01,3.289581326012365281e+01
8.192832693451744319e+01,3.573538079535451573e+01
4.411918389314405431e+01,8.686952543074832533e+01
8.089852833792569697e+01,1.928775076807617594e+01
7.041738546304044633e+01,1.119401019777346420e+02
1.091222315589550647e+02,1.019259125206057774e+02
3.384162821722178904e+01,1.151506970071961149e+02
2.395793976018931204e+01,4.822561597034747649e+01
1.369609900505913558e+01,6.787336005463835420e+01
8.671826873609124675e+01,8.251608921066782898e+01
8.625094723350112957e-01,1.178962434710591936e+02
3.720117635045208004e+01,8.896623099439364069e+01
1.111923162392496778e+02,9.362003005960990265e+01
6.278885316492498703e+01,6.463904059665058810e+01
1.725278623379202259e+01,4.584875476795370730e+01
9.870023709004651380e+01,8.174201981052937072e+01
7.962280057210317352e+01,8.177165153180500567e+01
4.194501420309840256e+01,1.176243648461993843e+02
4.035579322252947065e+01,2.245564429300099007e+01
8.024617693252548634e+01,2.030304143695940411e+01
1.170327754292330980e+02,6.906260761172592311e+01
1.441700860094853098e+01,2.834221466777950837e+00
7.214474517282535260e+01,5.057941768894198553e+00
6.293151336371094473e+00,4.949313962271603629e+01
5.379468258241844580e+01,9.947551338672040799e+01
1.552741935306620746e+01,1.041998880819495241e+02
4.860025470499778777e+01,1.023576330965180432e+02
1.816151144868178591e+01,5.768360013223476912e+00
5.229911850413730434e+01,2.587835911961399304e+01
5.739032880605866893e+01,9.842357750888996293e+01
1.062514536428511462e+02,1.041777914810589323e+01
3.085078367848670311e+01,3.658330423951414190e+01
2.092410824634667321e+01,5.604341136479377639e+01
6.430333524188398542e+00,2.367346315391376521e+01
7.815407158452245540e+00,5.483189714377490986e+01
1.127985488206930995e+02,1.837597794795579631e+01
1.064570177217436679e+02,3.789173335645467233e+01
8.965567450886517520e+01,1.011152120465989412e+02
7.260506253253718967e+01,8.631068228919140495e+01
7.585453148745052943e+01,1.116701324619026252e+02
9.344848749295918822e+01,5.043145718281352430e+01
3.491394222600415276e+01,1.882015927916105369e+01
6.145605572437399644e+01,2.749642427088011942e+01
2.818286510636406561e+01,1.058458096957928944e+02
8.396952040444759291e+01,6.473575513347935839e+01
1.011759206685774615e+02,6.304566124977591102e+01
4.733152210846377272e+01,8.226085330950172647e+01
7.305456421297515135e+01,2.502094175596743852e+01
3.822973577510656895e+01,6.731855161357930228e+01
2.623696553409942211e+01,1.100259507072293275e+02
5.316350474191362530e+00,1.051634215563557433e+02
1.175896673467629370e+02,7.382882998732162605e+01
2.542735407336196829e+01,9.717053612661644024e+01
5.296010331662431270e+01,8.549383564604364949e+01
3.871982867430151742e+01,2.657417638778041180e+01
1.145085811444630366e+02,9.089659278349465410e+00
6.970681708787132003e+00,9.393370867011805103e+01
9.306042158405534792e+01,3.737712847454015730e+01
4.488710397902529081e+01,8.255122179274491145e+01
7.197541625088175010e+01,7.781740652567957284e+01
5.223990041277782836e+01,1.176291940107710161e+02
1.775855430055936068e+01,7.580862146666433432e+01
2.473348548103220423e+01,4.018305724787103372e+01
3.570288453394211814e+01,9.901599535769909721e+01
6.959286881281141746e+01,3.969517362808576877e+01
6.426999549349169172e+01,5.534869000685797857e+01
6.529653450627633049e+01,2.850496882562126544e+01
4.488750103598021468e+01,5.501013359788354506e+01
9.983344226263039189e+00,1.721274301899184955e+00
7.123628823906120999e+01,2.484839789475376648e+01
9.626178717953969510e+01,3.007086950139403747e+00
2.678442290560583672e+01,7.558414441628195846e+01
1.583970149749235645e+01,5.048505415170997424e+01
3.579298366115751406e+01,3.222369307503263514e+01
2.818918537963779158e+01,1.171130767212869017e+02
3.835983858872073426e+01,1.414503762379070295e+01
1.098284155468313514e+02,1.900205962935847737e+01
8.840381672658342893e+01,7.905884173753757693e+01
8.611863632603834162e+01,9.280256320469246134e+01
2.163636170391104940e+01,4.476405899516957554e+00
5.168796198750288795e+01,5.338560803083338158e+01
2.839409258532885971e+01,9.720161419777272727e+01
1.308266550289497587e+01,5.970118997193878130e+01
6.341581807128279991e+01,1.123312066144941390e+00
9.730866519832042627e+01,4.298153748413935915e+01
5.496527447974301595e+01,1.929916788156851482e+01
4.789276051037034421e+01,5.430344335671898648e+01
7.227682942913662600e+01,4.256883186427442567e+00
5.129246055017139838e+01,5.868120489477412605e+01
1.143027426069966026e+02,7.148588436724142525e+01
8.228531261471793812e+01,5.282247377558956458e+01
5.925408088124386552e+01,1.179055829503501513e+02
4.980994321816886128e+01,1.192492424330837792e+02
7.313515393175235602e+01,1.099640946019922012e+02
6.922131380766225561e+01,9.860439142149732561e+01
9.866589651291403129e+01,4.628717882113540583e+01
3.950835601702413413e+01,1.127503815396470799e+02
3.951814712143311681e+01,9.401358407047932531e+01
2.129036016474966431e+01,5.869396799587811131e+01
4.534398813867214528e+01,3.311507526098144183e+01
2.856939575058345326e+01,1.158202857746844074e+02
8.026046257709944598e+01,5.580220739718336631e+01
6.874142954543619055e+01,1.014604408301916294e+02
8.121962226443761779e+01,1.540734386257128463e+01
2.530415272612147959e+01,1.069598600037410563e+02
6.692194557617321493e+01,7.085691485802092870e+01
1.955904338152974020e+01,1.644178521796037984e+01
2.600351346279435560e+01,3.905364043589499090e+01
6.706880539739462677e+01,4.469228176341824366e+01
8.130289135843274551e+01,5.175570031416730643e+01
6.171936225128938247e+01,1.142265015025839006e+02
5.067771636275697489e+00,7.642072792154199590e+01
8.834438693911918961e+01,2.161417078089611010e+01
1.032607218740637336e+02,1.474100403611169341e+01
9.705314311770202096e+01,2.312526489727241596e+01
5.115869207547327591e+01,4.746457600977059599e+01
6.867960277121383683e+01,7.615424901225090082e+01
4.855141241888896175e+00,9.777820651760555393e+01
6.316934178731668226e+01,1.102189725651492012e+02
2.027701672032446822e+01,5.331795867804842004e+01
1.146571487992066380e+02,7.616147323928198887e+01
6.085653290348667355e+01,5.643349006430244685e+01
1.098102876621060631e+02,9.267332587498300356e-01
1.188641439034364851e+02,5.650496338905564642e+01
9.861015776861756876e+01,5.800163042683708170e+01
9.923208745448911827e+01,1.181260163114737338e+01
5.108168778908807184e+01,9.241250659502891551e+01
1.195648180255893749e+02,6.158177980598176759e+01
8.919035682044489377e+00,8.970459401633894458e+01
7.779298254760796283e+01,1.795930958274898259e+01
2.515463060726967015e+01,6.022900086096782246e+01
1.994470727600211291e+01,1.099819645923163876e+02
1.188924373583381566e+02,9.028773240760109786e+01
1.012790728034794938e+02,3.974635465462816342e+01
1.280165212724935664e+01,8.748223388737471851e+01
9.527701394062947315e+01,8.337361616176085022e+01
2.124617281913496925e+01,3.202873383755351355e+00
6.654682322829157215e+01,1.799048356433090134e+01
3.536318184949044507e+01,5.716867495063513616e+01
3.010852549403608691e+01,1.119382783887269994e+02
3.856910854860892357e+01,6.731523370942794315e+01
1.167586518400248821e+02,8.050712607539109911e+01
4.629172572869563140e+01,9.036532357068898591e+01
2.322517491584772031e+01,1.247726899953649138e+01
4.653491955297126559e+00,8.013705187727057933e+01
7.895856942941315992e+01,8.051509785596699942e+01
8.080758544897614115e+01,6.993329596397407499e+01
1.130106877576609463e+02,5.518055374136754665e+01
1.479902776734951431e+01,2.999931088969346149e+01
4.900429750801377082e+01,7.347843920562826270e+01
4.292835452932727236e+01,5.228518893181539795e+01
3.523000782111251539e+01,8.732801289789487953e+01
1.014160986036939676e+02,4.065403356771876275e+01
9.604203804763037056e+01,2.365017123097078411e+01
1.169912610315028303e+02,4.273834323084816589e+01
7.936867106832985996e+01,7.226527077130936050e+01
9.858410758114622752e+00,7.030009109622838537e+01
5.594960686702625807e+00,5.826960934416127458e+01
6.446259580864332861e+01,1.142397133288814359e+02
2.185604944655819892e+01,5.831356223713384246e+00
7.523902185539934351e+01,3.719490988630312245e+01
6.603320275033195230e+01,3.066069966264677404e+01
8.284256117738196679e+01,1.509850232272654935e+01
6.142643104628983508e+01,9.258505003438034464e+01
1.070696704635904837e+02,3.934223704339325423e+01
6.584415807756616346e+01,1.143761382102170785e+02
1.661345986025538224e+01,9.962570299791323691e+01
8.792874128918822407e+01,1.159240234581918969e+02
5.862569870616832191e+01,5.463225499874666014e+01
6.544019958432157580e+01,4.334300804696361809e+01
6.997563132994777391e+00,6.823119645324878491e+01
4.678237467550751916e+01,6.063860197348645187e+01
8.394616975880042276e+01,4.725818083080949350e+01
1.945423756105397928e+01,9.969118869888505685e+01
1.133049462770565015e+02,2.817411871772475962e+01
7.329884396015941661e+01,4.528271431529839930e+01
8.422601662203314277e+01,6.560763915612031205e+00
1.103284144878924877e+02,1.025530017921709174e+02
1.664497476055766256e+01,7.692682043746370368e+01
3.967228687762484185e+01,2.520345275196797274e+01
1.016984655387218197e+02,9.035990887732435795e+01
6.926126779519671572e+01,7.445205065054146587e+01
1.043664167567331731e+02,4.096656141060499579e+01
5.916007883611057139e+01,2.752540767420537904e+01
5.437229198284733656e+01,2.051068429903389756e+01
4.147297376465839136e+01,7.718423226253125335e+01
3.320241350236695155e+01,7.834346172418158005e+01
9.565514840263665519e+01,7.554989730573134921e+01
5.631438476398200521e+01,4.688821146153636477e+01
8.684434703191472593e+00,9.194825349257553171e+01
1.146546697208650158e+02,2.894744465225808483e+01
8.355824808872318954e+01,7.233197409146640666e+01
9.752901565587133348e+01,8.196015706578258175e+01
2.352900798513726954e+01,1.619013290595251320e+01
4.041742249631312944e+01,2.233540193618561176e+01
7.228514916272204971e+01,1.054386302724617863e+01
8.103390977992062005e+01,9.424079018706277111e+01
4.961638479150223269e+00,1.064656259839384091e+02
9.843681546153302975e+01,5.120815365654589613e+00
6.571343917138570134e+01,3.323850942995933977e+00
5.722191886200708666e+01,9.728478795029470660e+00
6.910502619762016252e+01,9.251004541273225357e+00
1.070175164081308417e+01,1.164918613453437075e+02
9.703718097274216348e+01,8.071747887633269158e+01
9.448241008844534861e+01,2.565682327610495506e+01
1.242358646714921377e+01,3.864981660264956531e+01
9.131818762057422134e+01,9.065131359555098811e+01
8.611190346168297083e+01,5.003853732201029203e+01
6.104283809045589493e+01,8.880019218851553831e+01
7.050283774548870497e+01,2.655708848192993088e+01
5.641476193379458692e+01,1.121811635866019401e+02
1.153284882812883581e+02,9.294970453758089945e+00
1.436171710889821895e+01,6.961768053272128220e+00
6.063869964342904240e+01,1.077785080621265621e+02
6.179143040108444751e+01,3.992036633161259118e+01
1.057330553336407490e+02,2.897442261557270271e+01
6.594298481205004236e+01,1.062567013789902148e+02
1.045891267145789669e+02,1.586122991393957093e+01
3.660901831300481746e+01,4.893294686818811812e+01
9.270341469223315300e+01,8.240216660536056281e+01
6.440764108855026393e+01,4.522305525182777330e+01
3.442928475134517896e+01,6.989669729507578211e+01
9.645814561362092832e+01,4.215372725620778738e+01
3.410070973244391013e+01,1.176176320574331413e+00
1.324568002841796321e+01,1.575012356767612864e+01
5.186463142736210585e+01,9.310014121548144317e+01
4.852629010835705259e+01,1.752512878654822259e+01
2.015056438920991866e+01,1.143461890483298475e+02
7.442210769372734092e+01,3.557742511965965093e+01
1.013359283373104915e+02,1.136933397046947789e+02
6.560452452153838010e+01,5.436519345113849511e+01
4.638731355303263371e+01,4.501064664760359335e+01
1.036960151253582154e+02,8.545402906327441883e+01
1.093942487885921224e+02,3.970339424206650314e+00
1.580520898922417672e+01,6.296878735319251774e+01
7.043920958282171796e+01,5.162612925517499463e+01
6.210866579639101559e+01,1.081607325344980666e+02
6.754460240904219859e+01,3.144848381723475583e+01
5.998099342411734369e+01,3.572221826541046141e+01
7.566004845989593264e+01,7.048446304288010822e+01
8.496338475746597396e+01,1.168836003641035006e+02
5.983698765670312980e+01,4.510379923771079547e+00
5.939100221525190904e+01,6.095071931468809368e+01
9.488922628752239063e+01,1.113226768783083003e+02
1.934732447683306233e+01,1.063096965563145773e+02
2.071852609127428835e+01,7.082875136174125430e+01
5.601847726531961058e-01,1.013989774442723757e+02
4.946054383442292135e+01,2.600538393890622046e+01
1.135395981233737785e+02,1.029903174622261552e+01
4.223466820737713334e+01,5.594515988882816515e+01
3.169932507839074631e+01,4.292691627946987154e+01
1.012734067422933038e+02,2.360224383571120654e+01
6.681893277885291127e+01,2.548608201166002729e+01
7.431901815380446408e+01,3.004894676881605875e+01
3.784615329201127309e+01,6.321484867198103075e+01
3.021540681524056993e+01,8.755607283178457578e+01
2.695080291095635161e+01,1.004787659782762717e+02
8.409631860572316953e+01,1.550717223674096701e+01
6.241862812367965319e+01,7.943965262155590068e+00
2.065853666960443746e+01,3.754705923561792247e+01
8.494229395550274830e+01,7.419371158981530812e+01
6.384387749311548532e+01,2.188363804194376883e+01
3.569593470364211640e+01,8.238726907505001407e+01
5.887032162182148909e+01,3.871682702414422295e+01
8.280992637119615196e+00,5.524600616861583546e+00
1.109273814093732256e+02,4.992460900838950977e+01
1.071171419928063671e+02,2.912837043115294122e+01
7.083472150279402513e+01,3.065910163280593181e+01
1.058924305340885894e+02,2.684918577051235289e+01
6.549057879218096900e+01,1.159690200560479241e+02
8.760786010597580287e+01,6.654176364545399736e+01
4.370702392545609882e+01,6.359922185584574095e+01
4.757522264254898658e-01,1.568407175644153995e+01
3.349189236078530030e+01,5.620612689492641145e+00
2.858797642807526529e+01,5.053147427074546272e+01
1.029798285658944792e+02,1.102849594315850368e+02
2.477622575314502029e+00,5.518778114267048807e+01
8.201893530088688067e+01,9.028118131865016949e+01
1.911732051512288777e+01,8.683920112119958290e-01
2.992570170791333695e+01,3.770401219501376033e+01
2.245954409169542743e+01,2.645765139667579646e+01
7.944004184599423013e+01,2.660746802426626800e+01
2.266161983687396386e+01,3.250127470514248529e+01
5.464774625582327872e+01,2.378200761592861312e+01
5.947417467353186993e+01,1.124362783992532826e+02
9.861147250220469118e+01,9.016323260510080218e+01
1.130989058858905594e+02,1.106002964102715111e+02
6.636455434185806723e+01,8.300709292444851428e+01
4.232144716296689069e+01,6.459914106807376299e+01
1.104785963913793125e+02,6.091438433470281666e+01
5.055202963939091632e+01,7.897707740911432950e+01
5.580828128627858575e+01,1.140901813715753832e+01
4.547283082895386030e+01,1.630235654246451560e+01
1.097548417495904403e+02,8.890587531388106868e+01
5.271725946973990062e+01,8.493227715803190137e+00
1.356335837069650907e+01,3.148987225339206475e+01
6.291428310820790415e+01,1.274114941615040131e+01
4.354602183151897776e+01,2.173043322323165327e+01
1.248833858509370565e+01,1.448587236237747788e+01
1.446927696497283478e+01,9.977208157948577139e+01
2.161246278891278294e+01,1.337354111037910442e+01
9.969934270269955334e+01,1.153213231924365658e+02
8.810733708042013745e+01,8.755486519475095264e+00
1.622731025879676636e+01,1.746285534765902980e+01
1.173819943812108413e+01,5.766543797754281542e+01
6.710133696634623668e+00,9.539013832829876094e+01
4.928893307116961608e+01,2.343294433892319617e+01
1.116314684621213971e+01,6.829757139416604161e+01
9.336986983649231320e+01,6.993090215175881497e+01
2.851444148212915053e+01,9.634833844854188101e+01
6.173505281573179104e+01,7.023274235505866159e+01
1.089277964451264040e+02,8.103631920650167331e+01
1.399909595676110641e+01,8.333709792820742734e+01
3.484727584398195432e+01,9.480109721849748894e+01
6.748778538797925819e+01,6.488212696686301229e+01
1.696246387028764602e+01,3.254651342948604587e+00
1.169780029024271215e+02,3.642955756989829652e+00
6.216833576817180074e+00,5.502223184570401315e+01
1.124864457687673394e+02,6.497278142420327640e+01
1.190681967856390884e+02,8.591291231362586700e+01
9.848031067575001885e+01,9.831715081081999585e+01
1.131607527228308498e+02,1.162711783567664696e+02
3.931793449583767597e+01,8.500150444403907102e+01
6.100855931888756345e+01,1.174514837880042677e+02
7.095591364497028053e+01,4.800361926153917835e+01
4.050666650696426174e+00,8.747370744688964805e+01
1.520060814681736261e+00,7.782450174659115305e+01
3.179851685407335538e+01,8.107059747327949140e+01
1.190183859348881441e+02,4.181955093836859305e+01
6.686152520553605427e+01,6.675973917979963801e+01
1.954490260115158407e+01,8.854895538032290858e+01
8.436796716549497432e+01,9.256730385749712298e+01
2.649769712095310226e+01,8.128140545009493678e+00
4.724715875182251068e+01,1.406834487334926109e+01
3.321158349992301595e+01,2.036357104665453832e+00
4.826987063312990500e+01,4.328129746592868798e+01
3.914766700194628868e+01,4.626717819937769605e+01
4.829601065572401986e+00,5.219708983135912206e+01
7.844575386891176549e+01,3.890525193682299232e+01
6.799931335417343803e+01,9.625664541639274319e+01
6.301231177306162579e+01,1.112234400832594616e+02
9.248983597504073373e+01,6.688279710588314231e+01
1.004521882405835953e+01,5.624473209709470467e+01
4.135348301596915022e+00,1.146787485024990900e+02
5.538627768714574628e+00,2.496507292429183167e+01
2.194662457963104885e+01,1.033506065655398345e+02
1.089205581147027857e+02,8.712600946265425250e+01
1.024123139920860552e+02,3.125234236075450056e+01
1.074455423997719947e+02,1.213696042715310952e+01
3.712725444427975674e+01,1.031064765331353072e+02
8.290645457164917786e+01,1.120140462956908465e+02
1.018427004364116328e+02,2.533175390083304279e+01
5.021548724407146835e+01,1.186692022667358657e+02
8.435859160754017694e+01,9.526866749375911070e+01
9.940214180530521304e+00,1.144501677451139585e+02
6.605342620739718029e+01,1.843194367579375026e+01
6.884067836896171855e+01,1.098465000825390518e+02
6.533791198133019407e+01,1.191745533895341538e+02
1.113038096858197008e+02,5.966061894090749718e+01
1.160499563563522116e+02,9.207977261667413416e+01
3.057081859601227336e+01,1.181882527214100165e+01
3.267896263895746500e+00,6.257405136062286033e+01
9.059531420807010704e+01,1.569142406996756556e+01
2.423030844824641861e+01,1.168590856210641959e+02
9.684059786942610515e+01,3.879186903284371368e+01
1.131199545386810428e+02,5.728551192968825490e+01
3.047206849450533639e+01,4.140099958545124537e+01
3.266052214551793043e+01,8.341238308121506861e+01
4.486344729017101685e+01,6.933739763863130179e+01
7.444392827154700853e+01,6.054124414606115323e+01
5.432278254844193555e+01,4.227318506118133712e+01
2.803392481745469311e+01,1.132247963035167970e+01
8.390699290500671736e+01,1.909635901764374921e+00
8.801035733499276148e+01,9.048358018639832778e+01
9.672532360491133829e+01,7.699717230494498210e+01
1.142826449003262610e+02,4.589298760381615949e+01
5.505964694808401561e+01,3.468006812281825546e+01
1.229900952867835073e+00,5.253968509297110501e+01
5.987872261236369553e+01,5.566797605079095490e+01
4.360827014183028538e+00,1.919916783766373669e+01
3.277811290887904505e+01,4.912723981661920902e+01
2.463675890453601625e+01,4.369947576933341082e+01
3.447678433047779123e+01,1.300737160625200950e+01
1.051547571213481120e+02,7.294054823420864864e+01
1.180060646641579751e+02,7.240264791190716664e+01
7.382093376399322437e+01,4.366714425226652452e+01
9.660128414736760760e+01,5.550937355347559787e+01
9.880149100270742224e+01,5.606254563881328323e+01
8.869985059368435998e+01,7.949882484188222520e+01
4.759504454071363710e+01,1.092819784000051087e+01
2.792290987434711980e+01,5.286678037109921746e+01
5.698158013334544592e+01,2.579116797603211353e+01
3.133429201892896998e+01,3.888800044063680161e+01
6.572050662390870457e+01,1.072932707862526058e+01
4.882972196408379517e+01,8.183067702283510414e+01
1.003678017531552626e+02,6.192173720690611560e+01
1.139975282608231169e+02,8.826022559220045594e+01
9.478902313193619023e+01,1.621636479436843103e+01
6.065359374590781272e+01,4.261904077652678424e+00
8.023271404417111796e+01,3.901601243274203057e+01
1.055763379890406526e+02,1.569484102734850062e+01
8.931426239830893010e+00,4.745666262700574123e+01
1.898826035870781936e+01,6.599317321688381810e+01
5.203003668271459503e+01,2.798481011206770397e+00
2.921135829181347177e+01,1.835364641393993423e+01
2.142692378841168477e+01,1.183771807700148884e+02
6.963203881777317861e+01,9.343784650403470948e+01
4.623916411102476332e+01,2.170646039331088417e+01
4.027973552089699183e+01,8.349863331638752584e+01
4.953058259151407583e+01,1.222135611675914113e+00
6.666005853586094076e+01,6.139494517964431708e+01
8.176671102428063875e+01,3.350346151304370856e+00
1.066389199772688130e+02,5.541309144664803199e+01
4.331721930210194671e+01,3.468097542831144864e+01
1.019733470344654620e+02,3.180266396899647674e+01
3.600728101307043971e+01,1.068659543901212459e+02
5.637563278347408868e+01,5.782659934486180653e+00
1.460735870943363324e+01,9.045356250085187355e+01
3.907805625326751198e+01,3.654063653716617921e+01
3.543012408633634180e+01,1.167265056066037801e+02
5.829365823830256943e+01,1.075055221901622247e+02
9.534257476924284447e+01,9.452801495666561493e+01
9.324514876452998635e+01,3.671528135930886094e+01
9.893270441890047096e+01,5.893574485909659444e+01
2.091678049282183949e+01,3.031429940923997890e+01
6.352216046016491191e+01,5.778247445733066456e+01
1.184141268175577864e+02,7.433530895674026340e+01
7.459031904202885244e+01,6.299128570561403073e+00
8.108763848747639003e+00,3.626259711634509131e+01
5.373851963010189081e+01,1.115046619392517186e+02
6.236725994090637215e+00,8.678405225616822349e+01
7.456164998197665739e+01,2.929620037731876181e+01
1.100793898642605342e+02,4.570534936759767675e+01
1.003331636989233431e+02,3.283348454665755867e+01
6.800899021424551449e+01,9.329623719962026485e+01
1.036356603279111397e+02,4.294416735064857704e+01
2.534951328459397502e+01,7.852518126291494127e+01
7.684441368368997871e+01,5.652693057796782661e+00
7.222181765437001388e+01,1.130779622466135521e+02
2.957622298448444553e+01,7.527062227864911392e+01
1.099983420861854597e+02,4.620341588242898467e+01
9.826654322120680263e+01,1.075687161591154535e+02
5.811604278182724848e+00,3.517383621485797107e+01
2.923641015717288383e+01,1.090409005225891690e+02
7.205856560153488033e+01,1.481798311096993892e+01
4.579086744655437968e+01,3.263728974698895513e+01
1.193504363997772373e+02,1.056255829595637152e+02
1.021040698069313919e+02,1.311083814121349533e+01
4.577758651528834832e+01,5.293587445493056975e+01
3.873068576233864491e+01,1.063337688988111722e+02
5.463449446838382784e+01,9.175383515448788785e+01
6.989694278849617604e+01,4.831383464021282492e+01
1.063383610752738129e+01,1.027642921475403597e+02
5.768149706577476366e+01,8.735186950830847508e+00
5.733422324609374243e+01,5.400975228188835686e+00
3.820264362337360353e+01,1.077160708169903813e+02
4.126886560173572605e+01,3.989152697628683342e+01
3.647239208505759933e+01,6.838654786486067394e+01
5.987950696428952568e+01,4.576158787038755804e+01
1.022552672384560424e+02,5.618994342551908261e+01
1.005019841681006483e+02,4.843201311158256317e+01
4.216821199526187058e+01,2.115014334745199065e+01
8.111425426042440989e+00,6.860522949694382078e+01
4.275625654551365074e+01,1.753295497400299752e+01
6.319859988030516007e+01,8.613743265014446138e+01
7.557415655407034194e+01,2.298271206600563943e+00
4.443254851762095825e+01,8.061193037881120915e+01
4.751090358216286802e+01,5.273509595182392218e+01
9.469462186524829406e+01,1.853487842929559548e+01
2.050601583535485872e+01,9.210000081705106822e+01
1.104066593040996338e+02,1.971117403775206967e+01
6.992056893469671408e+00,9.802080580102915519e+01
6.804801685903026964e+01,2.928375142850872948e+01
5.616918860055837293e+00,6.604870540196465356e+01
1.837259402696291488e+01,1.080333365426674703e+02
1.086366279739525424e+02,8.827139812434933219e+01
1.180214896224337622e+02,3.665542994012045597e+01
1.421091111181394950e+01,7.718458422477301895e+01
2.931962066075916340e+01,8.345615164243011463e+01
8.790189825034628868e+00,4.109019859212508408e+01
7.891598120366650448e+01,1.124317385892540671e+02
1.027454472702663324e+01,5.421500689053268474e+01
1.135403948336054469e+02,6.453349508488979147e+00
5.465283525150056931e+01,8.973698002807584828e+01
5.757094276666415311e+01,1.023075295398604538e+02
4.836569448134061844e+01,3.672624813606857685e+01
3.053171148680684510e+00,5.907739659749929473e+01
1.176254196682054385e+02,1.096283625712235335e+02
9.218819299584346538e-02,3.825503621489922956e+00
7.031275484181098712e+00,1.030931261258538569e+02
4.371418213987949741e+01,3.313340013983064125e+01
8.913604104242470783e+01,4.055875368469300213e+01
4.595904407038461414e+01,8.371523506954055449e+01
1.071243542708583192e+02,2.130768788388044754e+01
2.441938555920691556e+01,2.388442577836377367e+01
1.133192631858801462e+02,6.714530603960523081e+01
9.847999937681869653e+01,2.273326485682348164e+01
1.036547897415376980e+02,3.580206901414393172e+01
7.441129563368004085e+01,2.598620873195319092e+01
6.154023440700819236e+01,9.040805560594024826e+01
2.118381983738943575e+01,1.156968102223987245e+02
1.018736720288359692e+02,8.440940893497513287e+01
9.044874921972817106e+01,3.409847217848352585e+01
1.111919908148345293e+01,3.904467779546460804e+01
1.590673577509816283e+01,4.013409742679004921e+01
9.208042594409059234e+01,2.056141298306532406e+01
8.897086894274188751e+00,9.692820718044609407e+01
1.119034807952527615e+02,4.924137462560285172e+01
2.582739488004963135e+01,1.062120372749186288e+02
6.830977435288354549e+00,4.163645780870547242e+01
9.663215968915197607e+01,8.776273212187732042e+01
9.143106638973848987e+01,5.769836002000729991e+01
8.446198766523295376e+01,3.649528844860169841e+01
1.038529468796423743e+02,9.455244497402603088e+01
1.130556024991729913e+02,9.186681542604233641e+01
8.740172989850175611e+01,2.273821070793663068e+01
6.831215473970044627e+01,9.092855398158770086e+00
1.100493036541776490e+02,9.576519914810788237e+01
6.416861376617572432e+01,9.994214968954742062e+01
1.042595371843331691e+02,4.291694432212075583e+01
8.075885817342293649e+01,1.580244223138534210e+01
5.936285655990021226e+00,9.281656616710387198e+01
2.615333883955429783e+01,4.862022084417760937e+01
5.874293415385172068e+01,1.133435736811528756e+02
9.335934112050807698e+01,6.585467763682991915e+01
9.705193187292772450e+01,2.989339535425248684e+01
1.030715075269078795e+01,3.059665868390087695e+01
7.148652573134265253e+01,4.034163159007413668e+01
1.186055985445858170e+02,6.627296715962893359e+01
6.819512474449072670e+01,8.903029881185767636e+01
6.180326866759551052e+01,2.085155173230612391e+01
2.416822699549071274e+01,5.444750166421292192e+01
3.035164244428900204e+01,2.485428168422572526e+01
4.413538461901042353e+01,9.626459237377538614e+01
1.037916901361336670e+02,3.160336724818691678e+01
2.371735079512808397e+01,4.315769966646305633e+00
1.112769927850045804e+00,4.400950899236296010e+01
2.323493009106816132e+01,6.043540014996991516e+01
1.577037662384065619e+01,7.521107744957375019e+01
6.687761996943362419e+01,1.096696194280101508e+02
9.728321178295024652e+01,1.459374726225597740e+01
6.563856224838586684e+01,4.404127085335971969e+01
4.935413699743085303e+00,6.601489013012984230e+01
1.170816852195894882e+02,1.742802160986930460e+01
5.967834344896294496e-01,2.380284469878722575e+01
5.156889978431118493e+01,3.170825258287437265e+01
8.319524083119944180e+01,3.207148427008210945e+01
1.035236594292267966e+02,1.539191215239901567e+01
1.864815404637896989e+01,1.163252760514087214e+02
8.794974002437028204e+00,9.059997888521445475e+01
1.005213137105399390e+01,1.904881567231032946e+01
7.496513242984697456e+01,9.898037063879453967e+01
7.402031229287280212e+01,1.195575710843733361e+02
1.183518075959733267e+02,1.796190312618710294e+01
5.596369253233054764e+01,5.632506475060135642e+01
2.239703266365687639e+01,7.904688063414792509e+01
1.043907547719782656e+02,8.871776316784128369e+01
9.466944674359689316e+01,3.130744048655886402e+01
6.790772398139725397e+01,2.126304249754621267e+01
9.158900023185161388e+01,1.116426818456346126e+02
5.976091181811802500e+01,6.216016579415115473e+01
8.863613294821827537e+01,1.072421058230771393e+02
1.104404611889499321e+01,9.042635902604385478e+01
1.074572006989649680e+02,2.501487974422757787e+01
3.540989173761709452e+01,5.647113065477179816e+01
7.140536880346240878e+01,5.495163184482403551e+01
6.879061750350881255e+01,4.658237993156656387e+01
5.061057935262708440e+01,3.727805389987000240e+01
7.846342375892619714e+01,1.125407808235072054e+02
1.182889402501693183e+02,4.587352002614358781e+01
5.374050549053377424e+00,7.613448532453639928e+01
1.144218660656991062e+02,1.143413130490827285e+02
8.239664543582122747e+01,4.494856590129552387e+01
9.986411503717960159e+00,5.542896368236262816e+01
7.860171767951260335e+01,8.671494111268147265e+01
7.940209744651193091e+01,9.440571167531906838e+01
1.352128807585097015e+01,6.212521773000971592e+01
5.419955398332137975e+01,6.013750169117783173e+01
5.591513781960189533e+01,7.256142241526436010e+01
1.279286824077172113e+01,1.277694570601113355e+00
5.240224704265990141e+01,7.062853597429922559e+01
5.090163959834284668e+01,6.176742796521419621e+01
4.810660299504327497e+01,9.753056082307463726e+01
9.721924647286638788e+01,1.812724547089020888e+01
7.485525796575358015e+01,6.278792243731573564e+01
6.722565541788738663e+00,1.056887827795758383e+01
9.769194249291064125e+01,8.591011561560728182e+01
1.893840680321130776e+01,7.041613523704538125e+01
1.072302820634261593e+02,6.278444127596398516e+01
7.215049492949387400e+01,8.123778976939745178e+01
6.353764127702909548e+01,1.055167006787742849e+02
3.063588578819590325e+01,2.708089347861728058e+01
1.210423062223883761e+01,5.332875361039126716e+01
3.919423925949782728e+01,5.997727178430981354e+01
2.095826125709123744e+01,5.767374228115522072e+01
5.953230544252604517e+01,3.667989824892980266e+01
9.651691448603638435e+01,6.063875980432425195e+01
7.135305148954982712e+01,1.142688708008374761e+02
1.052345891682597880e+02,7.739677281869816738e+01
6.364323041735087116e-01,7.731507890587533893e+01
3.659077048328908432e+01,2.964171938735761103e+01
7.263105717575075460e+01,2.113447715668376858e+01
8.831304900906576449e+01,9.316207416836971333e+01
1.653994193505045018e+01,1.823596243489955882e+01
1.110342093496562370e+02,3.665450523880844358e+00
9.577424429391903971e+01,8.962981909574941142e+01
8.439454705934201684e+01,4.056286771574453276e+00
1.130194060406880823e+02,2.465620803396240746e+01
1.047369355852915618e+02,6.008875574531729313e+01
3.907751128196790091e+01,2.098010029895593576e+01
1.377205587565426548e+00,2.811487832368037942e+01
1.395117876494957798e+01,7.987584061512587041e-01
7.977616775803387839e+01,1.172603733419269361e+02
6.172983034762169297e+01,9.845017854331790375e+01
1.164465140733030779e+02,9.689596251576904962e+00
5.105183046151505266e+01,5.061460926579105291e+01
2.985225165905611533e+01,8.610772188068436606e+01
6.645033385972638484e+01,2.015093687324525717e+01
1.134939238343811070e+02,1.431402781953039494e+01
5.961966031414864808e+00,9.070012949482162412e+01
5.128437903296092770e+01,7.831187276770612016e+01
3.519363328984530526e+00,9.602154625471953864e+00
3.413900427542019145e+01,3.932586927327490400e+01
6.333750106391806156e+01,3.817638821646456648e+01
2.778954194568725811e+01,1.141413934492425994e+02
1.592373271606775020e+01,6.030333479501384630e+01
2.684015578913688671e+01,9.742304021204233777e+01
7.429408741064764854e+01,7.445949374949270805e+01
5.225288104065996464e+01,5.499484973513475694e+01
1.190622206055707579e+02,5.097932839028057117e+01
7.889606495455419122e+01,1.058056541015979235e+01
6.295000990702550325e+01,9.069858686160215200e+01
5.626191689905030557e+01,8.727802346764232766e+01
7.971128060810811178e+01,1.318678287776008595e+01
5.725580996398414868e+01,3.744169884065255971e+00
1.091314937536294849e+01,8.078723753859054568e+01
2.638418749908882788e+01,6.076787902950546716e+00
5.620796709897491183e+01,8.378549654296618598e+01
3.362285005978050378e+01,2.287206662946791624e+01
2.769571765742448122e+01,2.770672088401866517e+00
5.008736698397013853e+00,5.549181536824842453e+01
2.584775822504833087e+01,5.135759291161210172e+01
1.095908935830528179e+02,9.650859992071481486e+01
9.920728205990116066e+01,1.114828339742521166e+02
8.003723471711646198e+01,5.252454486976996861e+01
8.800298978732520538e+00,8.660476502254705622e+01
1.334148531678432192e+01,3.640639774532490236e+01
3.367303429329442110e+01,1.125424301547388950e+02
1.039943411064476635e+02,3.055118428001587461e+01
4.497060361538243001e+01,5.728181964688372574e+01
5.726139630055593344e+00,2.307661655034540793e+00
6.829186731206657157e+01,6.002845752934008061e+01
7.553563905465895800e+01,1.054098794681056006e+02
1.659966533056497795e+01,1.075176913134508965e+02
2.515286795601193148e+01,1.107214781032752171e+02
1.903212111156425124e+01,4.793797709726527501e+01
8.837294935721297406e+01,2.402447511767656607e+01
1.406067181918665199e+01,3.224802907957168685e+01
4.037198705407062249e+01,1.063108295948100164e+02
3.008887903104371730e+01,8.182471661098070115e+01
1.001833523263656787e+02,1.602071494390577833e+00
3.285154010656500390e+01,1.083271987751402463e+02
6.980505330402942832e+01,2.031752313451492853e+01
5.918046420111645034e+01,4.802517283123926006e+01
1.002506391902157361e+02,9.511317988582479188e+01
3.890135286443771179e+01,1.179677635779257798e+02
5.734618413826062522e+00,1.091582104404165108e+02
1.167204393892403935e+01,6.651299023253865528e+01
5.026825576961278585e+01,9.881051151821631606e+01
5.766073934305352822e+01,3.376943098961867662e+01
8.553779430433799291e+01,4.584202793032918066e+01
5.102125528396352649e+01,9.794998296969292539e+01
4.274461888832534129e+01,6.360585872882736425e+01
9.704916759086967204e+01,9.920519675604045062e+01
8.203657773294622757e+01,8.517927846885160648e+01
1.142234171934450870e+01,6.542764589862910896e+01
7.175635507777710131e+01,1.693252980072595903e+01
1.066006412997543578e+02,8.108139868086963986e+01
1.237766325674306245e+01,1.460762008618239705e+01
1.242790165631768673e+01,1.737837503031073183e+01
7.076929845438240818e+01,1.170554417477940845e+01
4.905357874019984621e+01,3.463935653282730698e+01
7.842699578070136113e+01,8.548009880342706879e+01
7.660321319817568053e+01,7.144906044804955059e+01
6.674400733572382194e+01,9.211154745059987192e+01
6.015321146004453112e+01,2.569147637935203221e+01
1.312929085444074495e+01,7.200578640363099225e+01
9.660237829398120368e+01,8.611842937950846988e+01
8.493573838714300450e+01,9.326225363089537268e+01
9.678407931642091455e+00,1.020894500055365199e+02
3.752353511352124471e+00,6.714746937050591669e+01
4.985724890384815211e+01,1.581200543182673890e+01
6.877478907212714887e+01,1.379860397827793683e+01
6.069148849993828421e+00,8.530359387517390246e+01
1.069841415031585115e+02,5.286556488357302896e+01
9.677545361447583616e+01,1.144711552915141510e+02
8.766877521052235522e+01,5.060164608599387748e+01
1.132084131487882246e+02,2.967164348514361194e+01
2.862705684611318802e+01,8.038635877769068827e+01
9.902836702896490806e+01,3.131455136207980772e+01
3.764138558458835604e+01,3.334246547362731405e+00
1.138480498835745180e+01,3.956753435512624861e+01
1.137087302797159438e+01,2.673418000021028362e+00
9.246844261528478626e+01,1.060030731472071892e+02
1.638394006731763142e+01,4.115695962711524913e+01
1.905382754612694463e+00,5.046868095071972959e+01
1.433371440740883074e+01,6.817038261102374008e+01
8.128626556367306932e+01,8.593903922679673713e+01
1.251681315432076502e+01,9.590366376624406541e+01
1.005998790675165679e+02,3.254311991564499351e+01
1.168257063564176121e+02,4.050179100678278843e+01
3.090632900069417488e+01,1.899922720082863492e+01
1.154684127056705734e+02,1.181408272427981387e+02
9.400341128823677650e+01,3.601909371500740065e+01
2.235802749520397015e+01,9.793147533691069384e+01
9.835039798658961274e+01,8.300482469683741726e+01
1.695436629482256485e+00,1.077243299120229203e+01
6.855655069508605948e+01,4.739440942995081230e+00
9.815100237498090507e+01,1.173316847177813145e+02
1.173094434264798736e+02,9.955753765554180745e+01
4.635308654088423630e+00,1.361299500375594107e+01
1.174679435297781254e+02,6.505724995017179424e+01
1.346201518703170841e+01,5.758435523409888290e-01
1.383204067956744332e+01,1.054316891017695355e+02
3.592066630829924634e+01,8.951149405034777828e+01
1.124839604081275297e+02,4.258796910750720599e+01
1.117627729664902034e+02,1.058670075227034317e+02
1.459413380564082630e+01,1.533983138007260827e+01
1.081474649253079861e+02,1.005554600061750818e+02
9.893070202578599037e+01,8.002265447134882947e+01
1.149645611669985072e+02,5.061465399092300999e+01
9.824650706831471325e+01,9.292501032575071918e+01
5.234990621819035539e+01,3.503037000371919873e+01
1.378764992015219626e+01,1.143480161581793482e+02
9.830242428199632343e+01,8.917223789533218792e+01
3.017707963937505511e+01,9.841312757675196110e+01
2.354800671107874876e+01,7.623510262541600468e+01
1.945592684194524224e+01,5.432482507409828543e+01
7.332828382465093853e+01,8.629845357953897178e+01
1.100918443602325283e+02,1.149400672162441879e+02
9.126549162319024333e+01,5.396082600213181202e+00
4.644593597807594421e+01,8.716278260569400516e+01
1.041906223414905384e+02,2.685049572852893363e+00
4.793913426210710327e+01,1.122343836639732899e+02
1.113140690474515395e+02,1.060974088455964335e+02
1.837588852530283390e+01,3.864206906308275080e+01
1.113563183419265670e+02,1.103829359794392531e+02
1.156440823089517238e+02,8.399285775248671371e+01
8.521293469674525056e+01,3.026852366683020179e+01
8.523776055352665537e+01,3.158267299286446317e+01
1.010439111794172220e+02,7.258832708138470480e+01
3.402068163709773785e+01,1.782619741399330593e+01
1.492432064264253810e+01,1.837116667484716004e+01
1.099374876635814928e+02,4.425092231922160124e+01
6.803514562023144663e+01,1.764223915665332498e+01
1.076053570923786964e+02,1.190402531342559485e+02
6.176988330188032705e+01,1.139986272044274500e+02
1.164136395017511489e+02,8.107862024654266975e+01
1.715190391361771205e+01,7.921499499339667238e+01
2.189157233106365652e+01,1.074253200211735475e+02
1.069970081760043854e+02,2.166557892093722160e+01
4.244677946993036244e+01,8.202301810890173783e+01
2.881019919180903344e+01,1.011231585209662569e+02
6.089423839431447050e+01,7.765899793056313172e+01
5.460258632418912583e+01,9.698251084253520560e+01
9.497233894682445055e+01,9.650854520213837873e+01
4.381983262750469521e+01,4.292164941935631362e+01
2.911752700912163405e+01,1.079425030820592610e+02
1.409952864303027020e+01,4.263875669228963261e+01
4.091598392334518941e+00,7.869991398805994720e+01
1.151645488578523242e+02,6.428861609389224441e+01
4.182785984354313591e+00,4.232091120613515045e+01
7.940608480844132089e+01,1.937610279155790494e+01
6.236546082549446623e+01,4.051869460720282490e+01
5.399553563862520278e+00,9.398878887544931615e+01
3.479702994353269219e+01,2.175524700797327071e+01
7.889136857105356171e+01,5.280773510020804906e+01
3.894057825358147085e+01,1.233849396354095163e+01
1.185233685186849897e+02,7.120646053141480536e+01
5.319561985106987834e+01,7.042424629290214000e+01
5.439777650704512979e+01,9.471213611354235695e+01
1.039351761150742703e+02,3.625503813622896132e+01
1.116753962686871802e+02,3.542783860092263382e+01
7.633494425235353731e+01,1.131805217030055815e+02
8.370866587521500435e+01,6.453604535186898694e+00
7.461011136911801600e+01,1.027314098892624372e+02
6.309794165351458872e+00,2.409148383599387344e+01
4.921241927334475008e+01,4.674572524794862005e+01
1.176885457992129744e+02,1.030073628585217804e+01
2.123921937366235468e+01,7.598519299647662706e+01
1.346701498441987965e+01,7.411249587417157159e+01
7.572113331324263186e+01,6.626150939172259768e+01
5.063196652532506903e+01,5.626407802379747380e+01
4.443660844169543367e+01,4.649820454586514984e+01
4.175747813275390286e+01,3.671027739454559224e+01
2.069447468970183834e+01,6.746874252189022059e+01
7.277607639570265974e+01,6.540433687024362541e+01
6.096649953485542994e+01,9.730878974480958732e+01
1.095581737049193549e+02,7.487290829935768777e+00
4.864303002524056296e+01,5.642811184886691933e+01
1.187874307613259717e+01,3.995307214314270539e+01
5.012879790806685065e+01,4.865052861304817178e+00
5.191184206148711411e+01,1.223734108542318921e+01
4.868367216351948201e+01,2.387951822888872400e+01
1.220911643158533977e+01,7.697439075725256430e+00
6.176297992479775445e+01,3.532375555239264386e-01
4.766777344792136972e+01,7.240830562569562368e+00
8.262361033144229339e+01,7.791105507967887434e+01
1.841903705500871880e+01,4.365355768532620573e+01
8.686488905259422211e+01,1.536383468383677453e+01
9.753877978758680456e+01,7.937823158301971205e+01
1.129605657221114683e+02,7.222191577888587233e+01
5.350830111159861069e+00,4.909493339060063732e+01
8.263341477705382943e+01,5.629989540447653695e+01
4.460983248345421970e+01,3.007109831981227899e+01
8.278655511723181348e+01,1.867057488266875964e+01
9.162505454202401722e+01,3.371729787136764855e+01
6.929664326294808063e+01,1.106130498162147120e+02
7.117978880748457016e+01,1.042751372978035675e+02
1.072508324311061578e+01,6.123745431563521180e+01
7.852292376254163742e+01,1.948113855627984137e+01
8.353793473003270265e+01,7.910642696611827773e+01
5.506951928836667065e+01,9.530538590631476836e+01
3.839444880055298270e-01,1.114128618256185774e+02
1.091624805502209306e+01,9.243108718075978913e+01
1.875019454492390381e+01,1.414119641729101318e+00
7.167469489920927117e+01,6.590382369962587461e+01
8.927682405054021331e+01,1.033848673091857648e+02
5.592663817595748554e+01,6.303815016565233975e+01
7.056613387091425693e+01,4.002566965563599410e+01
9.612031907396712427e+01,9.154139408403879941e+01
1.905294922842955785e+01,8.286729050206133707e+01
2.573866987768452574e+01,3.409777486176126615e+01
6.891324224783858199e+01,5.281920946643464987e+01
6.934740468558784698e+01,2.836778964237708678e+01
9.101935948896277750e+01,1.337927402406816846e+01
9.265002862728932698e-01,2.472163567680329166e+01
6.033614129547212457e+01,1.020826666617775231e+02
4.078109557012916042e+01,1.049940811968252419e+01
1.183866919430702325e+02,8.189435410638212431e+01
3.396905142029530111e+01,2.734032299793447862e+01
1.800416177831881015e+01,1.338675193852145284e+01
8.627652856577081764e+01,1.388496798022633705e+01
8.155255571749833621e+01,4.825536575057852673e+01
7.529738077327087353e+01,4.413653214195290531e+01
1.404448787030948331e+01,4.521354525396148460e-02
1.000955617442904781e+02,9.920625511519178019e+01
1.561986715826044403e+01,3.302863847896064442e+01
5.464896798404758727e+01,1.124195455709319162e+02
4.405219806119464465e+01,6.697078222962406358e+01
9.732505669783853008e-01,7.118878288769647789e+00
8.856037386283092872e+01,6.154751639544578978e+01
7.876417955128824921e+00,8.674085728021813679e+01
2.437637306948774807e+01,1.082244913691475716e+02
1.185648849765855886e+02,1.139513872223854065e+02
2.186634120336421816e+01,7.107357438024631335e+01
1.053147825234259329e+02,7.505684281161870786e+01
8.110689114723896864e+00,3.131238063044098041e+01
8.050381430610583777e+01,4.558685773855141576e+01
1.961419054505230974e+01,6.786350931982426005e+01
1.024028067259187935e+02,8.165006608665861165e+01
3.168070221425118760e+01,2.312016246799625563e+01
1.326015111082423203e+01,3.297804365282667760e+01
7.096350595922898208e+01,1.092979874491583985e+02
3.224000352960817395e+01,8.964337248031101524e+01
1.139547558147391442e+02,4.394325569106084828e+01
9.289062332041477532e+01,1.190831921792936470e+02
2.924726866428034100e+01,6.573569881030019246e+01
1.050257961873382158e+02,1.657738440167617711e+01
9.097596482475442059e+00,7.659920020547325237e+01
7.127869830621133929e+01,1.087893957798331286e+02
7.899186531478662232e+01,1.088365762748976522e+02
6.265469694228330155e+01,7.514457528541822739e+01
9.879563679202681215e+01,4.950151518575520981e+01
4.871371118022459967e+01,8.390211995813541535e+01
7.251207851938334947e+00,5.544158820143668009e+01
1.791565007042686730e+01,5.588178057798184284e+01
1.616042296974677939e+00,6.122207645229549300e+00
6.436660727795627679e+01,3.664706871938375343e+01
8.466468819141874746e+01,6.711437858735475004e+01
5.831487809430045388e+01,1.030044171998780485e+02
5.922530014670939202e+00,1.122995888271012745e+02
1.014319843920592845e+01,5.784558592398445498e+00
1.154120914434835896e+02,1.946069861373530330e+01
5.544115472433041703e+01,4.373434956128143369e+01
3.223471334378527331e+01,6.149183586125317191e+01
1.057523993458932381e+02,5.091789140854080387e+01
7.556655468422361821e+01,1.146472298035689619e+02
5.396450963868488060e+01,3.904179006340705627e+01
5.801876880179237617e+01,9.562190386245140417e+01
8.261999095544004490e+01,1.155570046515445313e+02
4.057399294739817464e+01,1.123423947180153988e+02
4.567993379227110751e+01,1.765168146902986734e+00
7.732742167138376033e+01,1.125675150059212797e+02
2.862245602230658648e+01,1.078891722228329826e+02
1.009050849791545232e+02,3.828674057941939424e+01
9.405628284430640917e+01,3.903753325100370830e+01
7.519485334085747752e+01,5.999051738301042036e+01
2.484582708952517649e+01,5.158448132089439042e+01
4.810131036626332701e+01,9.526330506272859822e+00
1.054751755124804049e+02,3.548628695728579885e+01
3.867032888249452327e+01,1.144502906267738638e+02
4.770573842937855602e+01,4.747877660195917571e+01
1.009651321090822620e+02,4.145651718736694846e+01
1.143673816642916847e+02,5.712673697964078912e+01
4.540508435189543235e+01,3.823949896703802409e+01
3.723209771540877000e+01,1.169839578860685947e+02
5.851133878747670991e+01,8.061038677087637438e+00
9.346131439322583390e+00,9.348606119413459226e+01
1.078527419470025848e+02,1.151792687859378645e+02
8.663262164571090551e+00,3.026624840769598279e+01
9.952047924006036794e+01,9.877968826504212529e+01
9.889858253569460089e+01,2.065402712153018427e+01
9.157847469831558840e+01,8.879942864083847098e+01
1.084992696644671781e+02,5.349860747192854404e+01
7.787736435159470716e+01,2.416170777924778079e+01
8.932507397008748740e+01,2.008753395413713783e+00
1.028792207073939835e+02,8.080905292602336942e+01
3.767539216960016546e+01,2.398427734326801541e+01
5.662786178486808808e+01,8.897934290366600862e+01
1.113292505968220638e+02,1.156618076049254284e+02
6.486618961206430356e+01,3.571907963474041736e+01
1.494272621606370421e+01,8.735723278341120590e+01
7.148907225728878245e+01,2.630949957922217664e+01
6.423252458751413485e+01,4.717717072865708872e+01
9.529457420128281342e+01,1.009426830603442404e+01
2.297041019058721645e+01,2.161796953204675020e+01
5.762907414932669070e+01,3.946631500363872647e+01
7.111018929259614652e+01,5.829697840933978625e+01
4.103397583654392378e+01,8.220061637688274914e+01
6.875033601782241988e+01,1.501643989581132210e+01
4.520751972676194441e+01,7.261361581427732403e+01
7.466197566572792255e+01,5.515147130802621689e+01
2.238285811039302331e+01,9.955712435232462099e+01
6.327324510501319565e+01,7.679365843231411759e+01
1.038440435229491072e+02,5.510385827467860764e+00
1.444181922435716636e+01,8.766401246605589392e+01
1.227045637218754237e+01,6.357119549706613526e-01
1.173201658064489692e+02,5.615405868168994452e+00
1.032834300657350610e+02,1.176601450394756654e+02
4.682629418745023742e+01,7.450202871872593846e+01
1.363066406198829483e+01,1.196108434276867882e+02
1.073637222047469351e+02,3.504748088290228480e+01
8.923436908697762959e+00,9.310482401752297221e+01
1.199418851177245955e+02,1.771114284449298282e+01
1.072868532726689494e+02,1.034288550452603488e+02
2.533745389872460763e+01,2.198370664199364910e+01
2.410108480666045949e+01,3.368651738775336923e+01
5.049447992780584826e+01,2.491324819922960287e+01
3.850461502219404508e+01,6.881366474132610733e+01
7.163824973632189597e+01,1.199177395333495895e+02
1.830617997215105675e+01,1.076180558672292307e+02
2.907679090588283444e+01,2.478182190370826277e+01
1.063214359341238833e+02,6.864059547350220214e+01
8.363240848750398015e+01,1.077028773101822452e+02
9.179759590031262917e+01,9.053355887601156837e+01
4.048933463415739453e+01,3.814676381016063544e+01
6.014083769535779567e+01,4.655223941594783099e+01
2.296211844215847009e+01,8.767716879722335932e+01
9.290122152180644832e+01,1.096722985599965199e+02
7.826613908127146146e+01,6.160673851144176894e+01
4.306918067917240478e+01,4.830425324697932865e+01
9.873036650547808790e+01,8.799916707558294604e+01
1.232369056850329514e+01,7.113533643688329278e+01
1.072422787064524954e+02,1.013397845428115005e+02
4.547347645326576782e+01,9.888694689443669006e+01
1.012795804292136523e+02,7.436755745432547826e+01
1.052201439558426159e+02,1.750969994735568491e+01
1.124468887567010427e+02,1.017035086736851781e+02
4.848928478215298554e+01,9.591963487518498255e+01
6.036879869378570618e+01,9.492794525768755420e+01
3.905672665217080919e+01,7.872734090291582731e+01
8.381867759542117824e+00,1.177126402205382760e+02
8.570545651813382904e+01,1.087171161621281499e+02
7.896069019876092909e+01,8.163016722662547409e+01
1.080927462814636044e+02,1.195298248892536321e+02
4.464091077504411942e+01,3.553768780858219145e+01
9.020920742495165712e+01,5.780755036410668168e+01
1.199404077742263439e+02,6.747369786790687840e+01
1.300930349468142566e+01,5.275312733419879052e+00
9.001415850118952733e+01,4.151157123284569650e+01
3.323155302329462302e+01,8.108845192916962219e+01
2.895819510299255484e+01,4.488707385723236598e+01
4.548799401004001908e+01,9.357406898362131642e+01
8.637001710556954492e+01,1.104813975524668592e+02
3.350852981445684975e+01,1.195328816703197532e+02
6.503973741690485610e+01,4.350032717129717952e+01
1.129341974071784449e+02,2.125911201032131004e+01
1.153089059611688185e+02,2.631141724550278838e+00
1.915382842898758398e+01,6.492283463141791344e+01
3.246768910289145538e+01,8.750375778246151981e+01
7.106668413510928417e+01,3.003638737587634466e+01
5.408338942020747453e+01,1.828673894996444282e+00
1.087037031003141152e+02,6.129258077880450628e+00
3.825296062681390197e+01,1.087792135392433153e+02
6.216192424645076642e+01,6.540419735822422354e+01
7.794334620248149292e+01,8.393351574034858231e+01
3.871391467629707250e+01,1.420427856828127666e+01
7.437725900795298628e+01,5.641127104348135646e+01
7.333863466880293913e+01,1.147858746510172523e+02
6.835776526508671225e+01,2.358489080388036641e+01
4.043925711981069782e+01,1.054524392276295259e+02
3.131743838633729382e+01,3.659952757917263000e+01
1.131812459266380415e+02,5.748940304597053341e+01
8.215914577816990061e+01,1.120160222889094399e+02
1.028884461635145726e+02,2.649019918317150335e+00
6.013295441710233291e+01,8.207832554095114119e+01
1.655018781167163056e+01,2.142628644155945494e+01
9.303173167009116185e+01,8.857555532654922104e+01
1.179150501415628156e+02,6.806974628536806016e+00
6.058995881923179283e+00,1.186914873071458203e+02
8.458737418738101610e+01,1.171654995195666871e+01
7.947083467340367235e+01,7.759859930357437463e+01
8.233524560625286881e+01,9.955058061738176889e+01
8.766596125277857254e+01,6.624954276420713484e+01
4.511772382168888385e+01,2.378149205232432450e+01
1.181047402975053444e+02,5.366784870476856639e+01
3.255203328231984727e+01,7.810443233481453262e+01
8.099756360378432873e+01,7.136906065958103795e+01
1.053307362085338355e+02,7.286390401343345502e+01
4.582682901409377507e+01,1.117337640697175338e+01
1.448245647213592058e+01,5.925422941285463452e+01
3.133104688150087469e+01,1.724101719835536528e+01
9.970955179434685078e+01,5.451201451005542964e+01
8.741960327423981880e+01,1.021662837213949899e+02
6.487020592600662994e+00,1.147519261601537295e+02
6.648961511346553266e+01,3.958234976984670794e+01
5.832103944201016787e+01,2.680290890867932774e+01
3.987060225909664268e+01,7.315121711934614268e+01
2.321301449982662746e+01,5.404319760423234698e+01
3.401663119365784382e+01,9.353966265234258515e+01
2.880382497876038883e+01,8.753364721918200075e+01
1.588726070939703305e+00,5.262190887200306122e+01
5.681985311298619479e+01,4.874027352518857015e+01
6.226832524780322586e+01,1.014276109201861971e+02
6.275349164885837183e+01,9.805750246583079388e+01
8.756002008843556439e+01,2.353176496445430033e+01
3.580036525117760959e+01,1.892465932138726714e+01
9.345684180877182712e+01,1.155677683899860142e+01
1.027723642588950668e+02,6.659290204725544982e+01
5.170043489497044220e+01,6.754396710653142577e+01
6.453139709136164015e+01,7.434955681835120345e+01
6.510424099333725678e+01,3.672290998969236853e+01
1.078338464888272483e+02,7.401781867745603449e+01
1.194529111936839882e+02,1.566797621012654851e+01
1.129667615804746390e+02,7.509441693427189080e+01
8.147003026922682523e+01,1.129456725169253417e+02
7.495654997679475073e+00,2.268353137630442262e+01
6.848075175107776147e+01,3.574394715318139504e+01
1.972786622393871703e+00,3.494985738498577632e+01
8.287469904526000164e+01,8.189697055814866644e+01
2.921678159708700484e+00,3.880526589227049072e+01
1.028507550076680417e+02,7.832968925602814636e+01
7.430165605469329648e+01,1.168527889765272079e+02
3.944121095739417626e+01,9.988608334059971838e+00
7.440331033217077561e+01,7.681602436490271657e+01
6.577091153991152339e+01,1.145281912738518741e+02
8.165838625519367611e+01,8.136236860869448861e+00
7.771675946833812532e+01,7.978466952803064949e+00
6.845186063931738829e+01,6.031991117747065800e+01
3.464759040629727949e-01,2.358210796004013332e+01
5.022527403159863013e+01,3.832422673705478644e+01
1.595060650675117131e+01,7.402005978616709569e+01
1.131886461274060736e+02,4.692514115364123661e+00
9.247705120298627435e+01,4.236068268809101767e+01
3.259163330975570716e+01,9.525753988185806520e+01
1.118029840754497855e+02,1.177922924295753120e+02
1.119778144529525719e+02,1.494895432785701139e+01
1.355268970590590705e+00,8.970723247325761918e+01
9.168682789464638461e+01,1.788013426631600211e+01
6.872417789857972537e+01,7.729117607508158017e+01
4.589368914004051447e+01,2.028928395851989563e+01
4.078799586644618103e+01,3.379397147151345138e+01
9.214945227135107331e-01,3.308546711675154484e+01
2.983631042717194504e+01,8.107657822126543579e+01
7.648469963897944979e+01,8.107497600056024112e+01
3.515775273704760195e+01,7.134885388279271012e+01
1.445267919035428505e+01,9.174392961450271855e+01
1.127931388086844890e+02,9.181031298682218278e+01
8.776458829781601878e+01,6.861251464818118961e+01
9.150456610642633848e+01,5.569672309336400673e+01
3.090901230557484070e+01,9.343870396934200073e+01
6.204071644108189076e+01,1.110194518658232852e+02
7.040484995241631339e+01,6.407934396006923805e+01
4.656480386560697404e+00,2.653686411541296764e+01
8.623936786239195840e+01,5.266571769187495988e+01
1.110846777136300005e+02,7.382242309733339880e+01
3.166989203492953209e+01,2.941121856609212415e+01
3.498373509556036254e+01,2.605223241534631029e+01
6.379349096508860129e+01,1.015281738230009978e+01
6.940910062323224849e+01,5.147617821651078174e+01
1.054601178165529234e+02,1.068896255674116134e+02
3.565828735245383285e+01,2.289608013014956356e+01
5.063799306594114569e+01,6.075938096692835444e+01
8.531739902927922969e+01,1.164870096861292268e+02
1.073976682432149516e+02,4.762797218936442079e+01
6.588964969065845878e+01,6.973676142160230995e+01
1.054929112401981541e+02,1.266705064601976183e+01
9.788772700746869759e+01,3.150985201078424325e+01
1.290001289213472546e+01,1.176189824280846068e+02
4.167580433692398856e+01,8.974147966002470866e+01
4.361057882141329856e+01,3.488131398055025301e+01
6.519852782622879772e+01,2.795360507285036178e+01
2.933089797511336627e+01,6.103451557556973661e+00
8.575362721130410648e+01,1.105626843047386956e+02
5.926964599220152508e-01,3.460119671501229988e+01
1.043769708220589791e+02,7.211533303614328361e+01
1.542868376153970189e+01,2.884744190069680769e+01
2.489371224396462878e+01,4.061709746471247051e+00
1.543150575824312476e+01,1.525083051541310653e+01
6.045571712420212407e+01,9.218967000308063575e+01
6.229282441423285377e+01,7.874875165216133155e+01
1.060456306717514678e+02,9.369894804878305195e+01
1.197111873326782572e+01,3.222232170296006615e+00
1.115819599413359526e+02,3.129347365470847819e+01
1.035897704858241184e+02,2.093932921520054435e+01
1.055196295450824380e+02,5.283820127784490239e+01
3.469511414047414810e+00,1.186838079443445935e+02
1.402458223616205757e+01,2.837017046839434009e+00
9.610349126905337869e+01,3.913399160477301564e+01
3.803150401647230616e+00,1.456628095507017662e+00
4.885074511112935625e+01,1.264510249438188794e+01
4.226032700139236198e+01,8.238023697052820182e+01
1.141162761063511653e+02,3.521825819708312366e+01
6.906570470928610916e+01,8.449026505499674045e+01
9.531779991587724510e+01,5.923463981748447793e+01
9.493907288223940100e+01,5.541058081189813578e+01
8.918507318296711617e+01,7.613629727118446056e+01
5.575110756371431364e+01,1.044451951059114236e+02
3.751173807622692635e+01,4.311792238899128193e+01
5.792984104147773650e+01,7.347004321706629426e+00
7.099838655483407024e+01,2.904531549472997298e+00
1.039602407773635377e+02,4.181919464344107951e+01
1.065825246225239908e+02,1.792569171179595244e+01
8.594979515564278927e+01,7.026161944579614271e+01
6.801665989409663382e+01,1.087853829196828173e+02
1.041091066172224444e+01,1.101291296198566414e+02
3.365963089669130426e+01,3.045899457707295710e+01
8.216284574352600600e+01,4.958263935255133248e+01
1.609146808006595464e+01,6.696412245031748967e+01
1.051160714372751102e+02,1.060987999954838834e+00
4.829209450802343184e+01,2.149864295621389942e+01
8.503622422760230393e+01,9.445237929347720751e+01
1.699231161983147942e+01,1.013402059720858404e+02
3.747342129930846255e+01,8.998403762619443569e+01
1.545597912967601317e+01,5.680840694540174241e+01
7.790868495541391781e+01,5.940079840817143975e+01
8.271260011298188886e+01,9.303422280995746974e+01
1.114067317884782966e+02,7.788762960489931686e+01
2.111402022633244258e+01,9.217352483292282272e+01
5.084919927850684473e+01,8.383112006781612990e+01
8.270402757730529686e+01,1.064749467031881807e+02
7.071245789280840199e+01,2.753689444654666119e+01
4.874973289849751268e+01,7.447435124861011957e+01
6.849728217804182862e+01,2.323525419717788765e+01
9.888386601150588717e+01,6.953493257438847763e+01
6.921616551895544944e+01,2.461178949455265297e+01
5.899466362595239843e+01,3.224357451433675692e+01
4.023812004585825974e+01,4.102652381610880639e+01
7.268340329523643106e+01,4.473448364378408826e+01
1.079887219236217817e+02,9.009118918455108371e+01
1.176727523843309200e+02,7.339680010563490953e+01
5.163867798675538268e+01,4.714429066221747178e+01
4.425273159995914973e+00,8.450624997678602313e+01
3.789035103865742116e+01,2.721894023135442708e+00
1.095132641082654317e+02,2.836510360341669923e+01
1.121588415528062654e+01,8.858833105792474782e+01
9.257437608573521004e+01,9.256756632477066660e+01
7.391365385018009704e+01,3.144556035383443415e+00
6.413382609994664563e+01,1.152835365012469140e+02
5.462522346525022243e+01,3.559009546223957443e+01
6.688425085209075860e+01,7.587719318065381913e+01
3.570969170922824532e+01,9.298780010374409244e+01
1.009821977681793612e+02,2.910497155195463925e+00
1.205371082711555353e+01,6.006947238557256696e+01
7.072822643191480907e+00,2.350470058602496337e+01
1.047097044485537225e+02,1.198273489169160797e+02
1.010929024046239846e+02,1.973811842731095467e+01
9.646668439994529365e+01,6.983630271734854489e+01
1.193810441451516624e+02,3.389422639221105271e+01
1.081264992059678320e+02,1.937323435758195878e+00
2.663780905310971292e+01,1.085192070791206902e+02
6.118784530362762553e+01,2.501169215340614471e+01
8.399164828495509028e+01,3.820717387867927783e+01
7.069957142416824070e+01,4.987708029254812203e+01
9.653078743990644028e+00,7.673428889956510623e+00
1.096103932418755420e+02,1.042313998858873560e+02
5.496680740335457926e+01,2.882629430015674643e+01
1.598057691577613681e+01,1.149102459134158778e+02
6.484585853929051780e+01,9.248374586009777687e-01
7.507429873614404414e+01,9.090789775493789193e+01
3.647448277703441022e+01,1.175959868651900138e+02
7.077176492084160664e+00,1.340686779857524158e+01
7.245981642629591590e+01,5.549878858346606592e+01
4.435123757268284805e+01,8.356402872936519088e+01
1.114693379226484780e+02,1.032456502186684872e+02
8.719355194828845868e+01,3.471958545024238418e+01
3.642905134286886693e+01,2.137784180352769425e+01
1.050827473603616937e+02,8.121856054325634489e+01
6.909398274049982547e+01,8.420070320728472169e+00
1.018191053794979695e+02,1.738241996677673029e+01
6.114541550001342074e+01,1.122612095072220910e+02
4.289457290605978557e+01,5.491783738688169336e+01
1.133643616986197742e+02,3.568111088588572244e+01
5.427217866664317825e+01,4.575173198959476650e+01
4.886121868356048026e+01,5.174286843397287328e+01
1.189110215979849272e+02,9.665125421481489809e+01
4.896279493112380976e+00,7.310071052373598377e+01
1.410565472315603586e+00,9.397051667135020381e+00
6.998151440663043843e+01,7.447090203761651139e+01
2.046446856786971580e+01,4.838752615656078149e+01
4.326118150246836080e+01,8.446216655316304411e+01
5.038275645626185195e+01,4.614818888718654932e+01
9.905931463989631425e+01,8.022394937969126261e+01
1.328955561802523633e+01,6.478794846241787297e+01
2.696068928192548597e+01,3.238646051195326692e+01
7.354616636188035272e+01,1.038216740630121251e+02
4.305887360740722869e+01,6.260895464439823144e+01
9.371880318675183119e+00,9.289560392190630012e+01
2.080826273060857545e+01,4.782122686918153676e+01
3.293053020209149651e+01,6.232363842440234691e+01
3.594845550904982190e+01,5.619721832741611678e+01
5.291943728832308835e+01,7.357243045892677458e+01
8.267235533701021666e+01,6.379096268458081909e+01
8.911218616016489591e+01,1.077120414128556121e+02
5.493848261141480549e+01,3.933595531662810174e+00
9.202787393639420088e+01,5.508177955396276815e+01
9.390855616533355033e+01,1.024271967514651749e+02
9.223942331633875114e+00,4.777742927608842649e+01
8.886869868139434914e+01,5.420325091987763955e+01
5.416333144343242623e+01,5.742571373428865655e+01
1.186132443626720061e+02,2.879390799297510739e+01
1.958182258447162738e+01,9.208044160201161787e+01
1.007317662669825040e+02,5.475685564556993512e+00
7.359755189274149245e+01,1.028759518022694266e+02
8.618009466633790794e+01,1.768100913070033187e+01
2.015506563704251874e+01,5.349994696240449343e+01
4.480299555991085469e+01,2.018788550698522499e+01
6.226238109901987627e+01,2.277537942575343166e+01
9.209316486905700927e+00,5.882742171073188331e+01
1.127385738634189352e+02,1.835953445081921132e+01
2.385330035116543712e+01,6.130039665178291841e+01
1.137730646164410757e+02,5.418433309662334807e+01
2.529613209786045047e+01,6.898551316149766421e+01
3.873263765709730677e+01,1.377914656712940200e+01
7.545948641584277539e+01,5.213429922880877143e+01
1.147004028440462235e+02,4.609349690346260786e+01
1.832880124181603421e+01,3.882257724426261802e+01
5.744464765316388366e+01,3.476093618006899533e+01
5.083252383609166003e+01,8.470556177701615752e+01
9.179810388815238298e+01,7.096542474004817791e+01
5.783746788433168717e+01,1.373575148009898683e+01
8.017223486444586911e+01,2.778726856120821509e+01
8.868024738369008730e+01,1.145338754041389109e+02
1.025375339562213952e+02,3.303425174351126259e+01
5.559873614764060790e+01,5.337780009363937239e+01
9.234843232895875076e+01,5.012824591930960594e+01
4.228565157786415796e+01,7.051786849383869082e+01
6.840448209268893720e+01,1.012523370205351938e+02
1.112455829006365349e+02,1.029645674258457717e+02
1.188211101786055792e+02,6.902662288903853494e+01
4.959404489769030988e+01,8.490721082415618071e+01
1.042219574357747121e+02,8.556171911618034187e+01
6.933054667262993576e+01,1.952050492038285867e+01
8.688956587044600610e+01,1.090901325784796541e+02
5.520279489080109414e+01,1.042180551908923718e+02
7.119962014585361487e+01,3.185985514271165897e+01
1.176362504486199612e+02,8.926915504219410025e+01
1.175430248126826598e+02,7.320636910284079590e+01
8.918502128848484745e+01,3.292672597903730747e+01
6.345219987929772287e+01,4.612411066131993209e+01
8.229789246064619590e+01,1.131063822382631372e+02
6.694976948977912912e+01,8.042617578577804238e-01
3.788936984962052179e+01,6.472505287279757624e+01
9.513060673936125511e+01,7.021793022700745723e+01
2.405987123641643421e+01,7.304087106404702467e+01
1.054239506244798719e+02,6.235891401981196225e+01
1.013617295162944032e+02,6.441270589220889065e+01
7.485677338715936990e+00,1.168859665946150841e+02
5.320214492113137794e+00,3.346413541251354218e+01
7.796380253234418944e+01,9.771642725074937630e+01
2.572797775873251069e+01,1.045159441373030091e+02
8.450399810180056193e+01,1.070521386090298677e+01
5.320858098854736795e+01,1.066267367909933910e+02
5.371653288279343741e+01,1.037202841942563509e+02
2.496341683776503828e+01,1.047565462725020495e+02
8.374469064611902525e+01,3.120990642342946764e+00
1.260552490661131486e+01,8.847326017177412893e+01
1.006518340912951004e+02,4.448937819031103658e+01
3.197251838733292217e+01,1.168861607644660552e+02
1.016461409634629689e+02,1.195561832933527882e+02
2.106865867342501275e+01,6.107851662741539656e+01
1.166433635783796419e+01,8.150723782223377611e+01
4.873342277230635489e+01,1.020006376292950634e+01
1.831580701472183748e+01,1.092359249617790482e+02
1.052268426536371493e+02,1.146183027391338811e+02
1.075864314140214049e+02,6.421855635906550219e+01
6.185468797901075533e+01,7.045234478686515445e+01
9.201885173236048843e+01,2.372622892320092802e+01
5.341381826817376322e+01,4.771121047715978136e+01
9.475835350681023783e+01,5.519802822670567544e+00
7.682432568042997900e+01,1.064484763333144457e+01
6.505797943701512054e+01,2.669368599361135352e+01
1.173092601051421298e+02,1.605324687696717234e+01
3.858488678525704074e+01,2.525451084977409977e+01
3.111182973113536221e+01,8.158759376078822356e+01
8.233217850263635285e+00,7.445318688206204172e+01
6.252392236380502055e+01,5.750078389615405072e+00
1.137257046250347088e+02,5.817731402394918661e+01
6.626734247932484223e+00,6.517193349825761572e+01
4.619146241498305727e+01,1.263976117494767237e+01
9.335534121186218215e+01,1.064282645447736115e+02
8.403234595938266693e+01,5.490837397109923756e+01
9.934852590973748931e+01,2.737296019741544129e+00
2.601982914975985750e+01,7.002216931763044272e+01
2.302943556185218910e+01,7.919425899959362880e+01
5.811109196814475553e+01,9.826320968516772325e+01
1.179568703236004126e+02,6.747601012000057352e+00
8.849326847354470260e+01,7.263595357272021324e+00
6.439598898033140983e+01,4.289172308334624972e+01
5.733433618280772492e+01,8.915171113777641665e+01
7.285682144146532480e-01,7.586847850115736946e+01
1.053210358534782358e+02,1.066689313211037415e+02
6.107141545166647489e+01,7.774571491608118379e+01
1.867587750512549860e+01,2.482020045874115155e+01
1.173700355032849103e+02,4.283898483829111647e+00
1.091085874190488312e+02,3.206849072643471033e+01
6.369509400314967706e+01,2.826952676200770398e+01
1.081200706975053905e+01,1.037043153647717588e+02
7.580569980683726783e+01,1.051989138423521979e+02
7.575517103573156419e+01,8.634158132814941666e+01
1.414193276425361745e+01,9.709576112075168908e-01
1.047394640539256017e+01,1.020963169485581261e+02
3.969418086506171228e+00,1.167933639954228831e+01
1.246499351668160394e+01,7.811805324513021453e+00
3.976088941063911619e+01,7.173648058087462687e+01
1.099899039935803131e+02,2.041869921766680918e+01
5.936392207512346531e+00,1.157588297496035494e+02
1.676873707094824084e+01,8.860281786123950098e+01
1.114647463116557731e+02,4.921801459541917012e+01
1.182833552496502847e+02,3.753505341279954877e+01
1.976615624433303964e+01,1.032570733702387997e+02
7.883324351675469188e+01,3.629425719375322501e+01
4.707471288166273915e+00,3.571674319685556043e+01
7.492891148109497124e+01,6.844713606214145329e+01
3.288483115725136230e+01,5.005978808374246114e+01
4.059688514505752011e+01,9.131829402335650769e+00
7.696433290820348816e+01,6.484065923137372067e+01
1.041923927320810748e+02,9.661770664650612161e+01
4.838208314265694554e+01,9.206273000240295801e+01
7.481344035345136945e+01,1.099230444237946642e+02
2.712635577077907456e+01,3.618162672851202899e+01
5.777609962086512496e+01,1.634172232435675909e+01
6.943629785192024428e+01,4.734873661902919650e+01
8.868330528218800168e+01,9.659953923282176902e+01
1.169291246487900615e+01,1.194992969699883361e+02
9.396712948423403589e+01,9.063506491435219914e+01
2.924359194786777394e+01,3.063759333864576462e+01
1.053683575373817689e+02,5.692706176782449390e+00
1.455604649955541419e+01,7.250728570174780430e+01
2.839257509406559876e+01,6.233781377213423980e+01
6.364362061607008769e+01,4.811084814070190419e+01
9.595453575323270456e+01,2.429272535880606299e+01
9.059928715884512940e+01,4.971254466220450041e+01
1.084544595372690878e+02,1.854012829051723088e+01
2.739690881734742334e+01,3.941221366730059117e+01
2.498537070128037740e+01,3.663536068967931669e+01
4.607894415550678957e+01,9.327243401497656805e+01
8.330276386810650990e+01,9.397563279500759847e+01
6.599510932522346707e+01,3.490550983669746188e+01
1.727031172469880360e+01,1.141997643762912134e+02
7.517533499984767786e+01,2.513046676638619914e+01
3.684259230673343666e+01,6.853293888328475703e+01
5.570584008091862671e+01,5.327792599408405216e+00
3.704552607227861216e+01,6.841212257363689275e+01
9.736762602781412568e+01,2.308512511619818497e+01
2.835504412241273897e+01,5.054127055333997021e+01
3.491980414984540459e+01,9.977651601296651052e+01
6.641794135346619044e+01,2.610979605479234777e+01
5.888109201340663645e+01,6.238802938962387401e+01
3.205724972328549427e+01,7.175383915308286475e+01
9.262474828960873197e+01,2.597934126554026335e+01
3.599321993165503386e+01,1.840209946794369245e+01
3.834441219443366577e+01,9.385020443623353970e+01
8.938343519124651948e+01,1.109876143969386391e+02
4.665453087604707605e+01,1.182845001258762352e+01
2.010537200190724150e+01,6.164991557735871197e+01
1.326915967775502914e+01,8.417848717910480616e+01
3.619222768338519813e+01,5.713813840228224450e+01
4.952129847756246761e+01,4.481304197539839862e+01
1.006715936051363229e+02,4.714553857082144361e+00
1.053315884894894623e+02,1.099254856392326118e+01
1.487907558968068145e+01,2.345096656729678841e+01
1.031314334827091699e+02,1.174099377788294447e+02
1.913089583560728002e+01,6.553739334808575734e+01
7.131535701570705044e+01,2.342444861630541553e+01
8.711088766616636292e+01,5.517113606961731165e+01
2.916815129752972879e+01,2.925058078227298353e+01
7.500768856049241151e+01,4.188592906449288833e+00
9.764953348553402179e+01,9.626499289912852930e+01
6.554874677132245608e+01,3.086521280929614974e+00
8.357009191403803072e+01,4.512937430681457585e+01
8.194055528622410378e+00,3.746729796319699091e+01
4.733879480516608851e+01,1.471940678112105161e+01
1.137024915384294985e+02,5.112497504316670671e+01
9.720339216335401034e+01,7.170551404346112179e+01
4.580389475659244169e+01,6.151709123040464533e+01
6.073339870950729846e+01,4.546758044316005254e+01
1.354968109352883587e+01,1.003533423241780582e+02
6.036286079563073770e+01,6.056280449039731906e+01
5.406100918129855870e+01,5.037070049129368243e+01
1.100402440085389344e+02,1.108053319542762125e+02
8.868764852980979185e+01,5.655235076588178700e+00
4.619346107937722223e+01,8.244483595840019063e+01
6.622148670790934943e+01,9.741079688460827413e+01
3.426928585271371475e+01,1.032488200430005350e+02
3.662179689490029233e+01,5.553690478613732751e+01
3.084312912272192264e+01,8.829923139147444999e+01
1.857490178961998595e+01,9.565825488948962629e+01
8.308782945495519812e+01,2.297874628143241083e+01
9.116552885632340519e+01,9.055043579780125640e+00
5.165321868490546819e+01,9.782406715608553327e+01
3.096632567196449060e+01,7.283886320198134001e+01
5.915673369382453473e+01,1.104164790607597979e-01
5.077531009045652155e+01,1.194886313249080558e+02
6.301607406097184949e+00,2.063345234450878252e+01
2.147082317144177743e+00,6.377845204060621143e+01
3.197551085265355653e+01,5.687154029116574527e+00
1.121670441782796601e+01,9.464539942285799867e+00
8.056882156052323296e+01,1.498041715242978711e+01
1.149983470224861719e+02,6.030444150649298507e+01
3.669810172287787964e+01,1.084978681180124482e+02
9.399399846404951120e+01,4.163192904998940946e+01
7.030242269581756887e+01,7.557384582215563285e+01
1.124056617197702224e+02,1.157158013145380551e+02
8.779344968933574478e+01,1.886778760164584412e+01
7.144079624754078850e+01,9.705955826401551079e+00
5.170785193350579334e+01,9.102975794254389541e+01
9.847635119793656600e+01,4.331033679546126791e+01
3.398526547417678501e+01,8.690369260341013558e+01
1.091864132185178562e+02,9.936587500247713933e+01
8.245161439717178098e+01,4.405288628663798534e+01
3.827653800390885408e+01,9.000793054345191990e+01
7.893624494666386227e+01,1.873910580620905542e+00
6.097263131964211169e+01,1.173520083043705000e+02
3.523722561338956183e+01,1.155310250059465176e+02
9.713533458812304389e+01,6.620107290992372384e+01
1.934234784006557817e+01,5.868363975756469131e+01
1.143953526205647506e+02,3.757349692196765290e-02
4.219261126846155463e+01,4.168029620246585409e+01
9.688525517049262703e+01,5.771780628886222786e+00
2.976356421215900028e+01,1.089318500093636430e+02
9.149794747672980577e+01,3.377395342764126696e+01
9.355808608283864203e+01,1.107903624239461067e+02
1.167950944643938413e+02,1.176883587519934764e+02
6.461818047671125953e+01,1.315260888359837210e+01
6.266319547116511046e+01,1.941423817624603743e+01
6.494642774420348985e+01,9.235931333000216625e+00
8.445224329216839010e+01,7.399268683065840513e+00
3.358916210631334565e+01,1.028721008215881056e+02
1.255974130313438053e+01,2.483249176677324499e+01
4.391331005536024890e+01,4.156720209554315204e+01
9.756202808298985474e+01,9.345290520534472734e+00
5.075240017507525891e+01,9.739591832859893827e+01
9.463562113715072144e+01,1.097124977428105979e+02
3.144806372637836134e+00,1.190651681039005183e+02
4.847455824122912560e+01,1.085854632237034849e+02
1.187627724473060908e+02,5.238062935853463387e+01
6.176957417748278090e+01,5.619609845480387378e+01
1.197979267591582015e+02,6.002021635660823051e+01
8.035787332623523582e+01,5.148138089619472879e+01
8.664068543347083562e+01,8.390551520232770599e+01
8.729855904769482322e+01,6.883051348310316087e+01
5.599494602940696097e+01,3.786331438336500099e+01
6.517741593161949254e+01,6.569441841827436690e+01
7.313180242390687624e+01,6.591804654789252815e+00
1.210855688939293273e+01,8.871048466327876270e+01
8.932528634475477247e+01,1.520979454834099798e+01
9.180773635842801639e+01,1.139947985179515229e+02
1.138664709206361039e+02,6.736642698375315774e+01
1.741401973409926285e+01,9.359435843552584799e+01
6.196749806527638782e+01,1.085878552050897952e+02
6.466021156424093874e+01,2.534875159073994411e+01
1.412944264659027027e+01,2.869516187196103907e+00
1.071168440885997768e+02,1.106506384836375787e+02
1.130719635672458701e+01,8.181692323763056152e+01
3.541859786883210859e+01,1.048571813848348881e+02
1.159390136352431284e+02,5.406867354833441652e+01
4.609058261645742505e+01,1.080743311983916186e+02
3.372334467828962801e+01,1.071634568953408575e+02
1.147071796271002029e+02,2.656613857195155859e+01
4.758955151028987984e+01,9.114626226278835475e+01
2.917931253640858458e+01,8.298978500033213379e+01
5.134958083808999874e+01,1.162498195792368136e+02
1.031059615577810007e+02,1.135084300536919102e+02
6.976587478459435943e+01,9.056343359649088143e+01
3.063398387529928968e+01,8.491834428450864891e+01
1.442356233692079215e+01,3.509332427233858454e+01
8.088118642991611296e+01,1.046595954103901960e+02
2.184007729177368162e+01,3.220770988846133775e+01
1.128257278358390536e+01,1.944957777018827549e+00
3.300387116231539864e+01,5.411167040021101116e+01
5.427758901460681962e+00,1.731413069161696683e+01
8.205499671015932961e+01,1.035696438896157758e+02
4.911325443130163393e+00,9.143205780613492095e+01
3.688600057093824347e+01,4.964658104647162418e+01
1.148454754649756495e+02,4.268832844454187381e+01
2.363400139740238970e+01,9.974584156450426065e+01
2.613203233318111884e+01,7.481318119184882676e+01
7.264736417158998449e+01,1.921879253888444339e+01
9.512414940628228521e+01,7.711946577541874603e+01
1.140873720754748355e+01,8.876424858523687078e+01
4.430951405871500981e+01,4.122896265597352539e+01
8.939464077683808796e+01,4.648712370942136296e+00
9.320612582891463660e+01,6.971151057158228070e+01
8.539346804788688416e+01,9.229359715160724420e+01
1.032733631900559601e+02,1.027081189546269826e+02
3.393406985547567700e+01,6.673151056510087642e+01
6.343758709701791076e+01,8.732252246035479004e+01
9.827499404189835275e+01,4.447238679200793143e+01
6.630099388694961249e+01,7.323053400745145325e+01
1.685268693506226967e+01,1.072961504581089400e+02
6.826316858777651930e+01,1.549228766335346918e+01
2.922733661907990310e+01,3.982387876395203641e+00
3.554886825535319161e+01,1.822195060985131221e+01
9.780241688440381154e+01,9.109563620828841124e+01
3.245757787188698273e+01,6.689301433731374402e+01
3.175002088426724356e+01,2.445081819895928987e+00
4.562036712813740991e+01,8.050948237028293875e+01
7.044519478944651780e+01,6.735614996678245348e+01
5.110473365562955905e+01,9.416863139782655878e+01
1.146782669795411209e+02,9.519797937498925222e+00
1.372864446869144572e+01,8.519255209428517617e+01
9.303288460596661480e+01,5.919381732293595633e+01
1.602230708142477766e+01,4.009683211250029444e+01
5.633762835111193823e+01,7.864950996682108553e+01
4.357140627226544893e+01,6.096756426189537592e+01
8.874760911161675381e+01,8.265706875326894476e+01
3.115431970850323751e+01,2.471637147830082171e+01
6.889946699531104457e+01,1.024659090018571987e+02
1.160482541436329029e+02,1.440640205622988113e+01
8.818177164491669373e+01,3.135731977868873344e+01
3.164614766166602067e+01,6.374919077537622059e+01
1.119175161661377587e+02,3.497960678342188601e+01
1.477918196394343653e+01,3.847854256276553997e+01
3.717639589421206381e+01,1.069085535104591997e+02
7.983015476378429298e+01,8.690890070272978107e+01
5.209938271356124062e+01,6.673751296018807011e+01
8.950990292300846818e+01,4.700713104143350307e+00
1.011674543005520235e+02,8.654842186988356900e+01
5.197295559805796827e+00,8.362614483260132658e+01
4.333268839989572285e+01,8.969658170406113129e+00
8.485841259362251776e+01,8.335549273347524490e+01
7.475779993928298950e+01,3.752893286077485158e+01
1.519800765278964683e+01,2.448046300909510009e+01
4.868888232080885103e+01,3.412072680130665958e+01
4.644481920990476453e+01,3.762709483129495425e+01
1.109484191744464567e+02,5.971144808498362266e+01
1.048554411991664068e+02,1.275319719406040164e+01
9.536089547352318618e+01,9.366359465857516398e+01
7.737748282789237919e+01,5.275307156741440195e+01
1.082977612077076657e+02,8.446755158525495233e+01
5.516387161254421301e+01,1.074404406870710318e+02
1.193999775852231977e+02,8.018370620087480916e+01
4.051470319833281764e+01,1.544675201060047520e+01
3.797052695884782736e+01,1.124258828548178286e+02
6.814236868225972898e+01,3.894328268911501567e+01
9.985306532950107794e+01,5.035809567078058535e+01
8.361072230977241304e+01,1.191839104065905133e+02
7.981292065333691710e+01,8.755738541297233724e+01
3.404464226464644838e+01,1.021162148895414958e+02
4.439370437310526540e+01,8.472008151520584818e+01
7.336287116150912446e+00,5.132559723124543183e+01
8.687979789249212104e+01,2.777726226221840733e+01
6.509647641304405852e+01,7.006977587884311731e+01
8.107499368738253054e+01,6.773233433780161761e+01
5.360526741175809917e+01,3.870796081777416475e+01
6.518065791765538108e+01,1.251794220849727779e+01
3.256385235110447240e+01,1.069571442779791397e+02
1.412555775710833572e+01,5.841884296119489761e+01
1.065979000287171345e+02,9.667824593585731918e+01
3.075004388840017810e+01,5.172990911704168582e+01
3.739811760537511987e+01,2.881469771521581436e+01
3.849855802009162176e+01,1.074473214423220639e+02
1.008911291942176831e+02,6.669688060924487161e+01
6.773991738027815757e+01,5.468882152362269977e+01
8.381078512200049602e+01,9.627879916870438137e+01
5.330437887630602489e+01,9.281847151572489452e+01
1.144521558753492769e+02,8.093365568151862988e+01
9.082904423944424366e+01,1.069331532938920049e+01
3.014824133800328454e+01,3.886812868693081668e+01
4.525988333292296062e+01,9.081536761020318238e+01
2.082795729294494436e+01,2.935113355368542898e+01
5.713073882590379782e+01,9.996920579931524742e+01
5.469259535739900713e+01,9.391192243450014132e+01
4.017243735774742674e+01,4.842819636829011642e+01
5.756398052402778376e+01,1.985640328514682196e+01
4.027818290353452824e+01,4.017388917533620685e+01
6.937130122510937724e+01,1.644463127504956645e+01
9.169108094516542451e+01,9.033144462390468732e+01
8.196389701240745751e+01,3.674213743521073638e+01
1.027262117195305819e+02,4.091436325162981547e+01
4.018349416401936480e+01,2.075598056701241489e+01
5.393351808805393333e+00,7.787510792859420405e+01
5.656397644677054615e+01,2.761726338063605013e+01
4.470849173111501784e+01,5.324549212374856921e+01
3.097808399289819548e+01,3.018775312698276281e+01
9.701258055696669658e+00,2.299725520360842523e+01
1.047180565330965152e+00,4.435075419121262286e+01
1.995700172320254850e+01,6.031860484820823132e+01
1.130877567503039387e+02,5.731003130471898999e+01
4.841961530380256562e+01,1.090454302318860584e+02
6.771028075028166882e+01,6.668868750621246022e+01
3.116442387684292470e+01,1.039487861046089847e+02
1.195193625264976305e+02,9.396474899540137926e+00
4.052979029451758208e+01,1.021253132361245406e+02
2.082229625498852599e+01,8.797378229274711714e+01
8.706391774057411226e+01,7.674687768632124119e+01
4.020543839681878495e+01,7.856198839338905771e+01
7.496614654288643464e+01,8.706809527294763029e+01
4.808306642935685460e+01,7.598709058659281368e+01
2.124029954820203514e+00,8.131200568989926936e+00
2.345768973796076651e+01,8.563610301466573205e+00
5.741230007685877013e+01,8.517596437647139851e+01
1.335327074510122003e+00,6.795296455115330048e+01
9.577501989715463537e+01,5.855678260515215072e+01
8.533064607624523035e+01,1.026823351017752657e+02
4.985046775790397078e+01,8.300209848200793772e+00
2.577806007224760165e+01,3.284441759291891749e+00
3.208573582339026586e+01,1.008302536528263147e+02
7.574151367305930194e+01,9.304810484392763215e+01
9.556236552865058798e+01,7.945906836012868268e+01
3.622101994586168416e+01,4.893037062507404045e+01
3.787182830667467925e+01,2.330962822617253494e+01
8.480755752742054199e+01,1.509490270441808590e+01
8.775313026138411487e+01,7.626440090923904336e+01
1.061044615020907997e+02,4.649311782736590715e+01
1.020876994913915041e+02,9.629839021417356548e+01
5.931507471281724264e+01,8.191318809436884862e+01
4.470769996228256105e+01,3.272087262630027915e+00
7.022926260121545283e+01,3.635299300284162882e+01
9.219336628041962456e+01,1.028974937943316625e+00
1.367709354221841700e+01,3.263888950017739887e+01
5.075651330417920803e+01,8.882887045012819272e+01
1.091297321502630666e+02,5.441244701366714054e+01
9.874993514961703056e+01,7.876262369977476396e+01
1.570888388103814926e+01,1.682405350133885236e+01
3.368927077787729729e+01,1.074792146121459382e+02
6.252431299532679176e-01,2.926102041436218215e-01
1.024752679157650022e+02,9.104984029444537441e+01
1.018444164953685771e+02,8.429505296883714038e+01
9.677876827290111805e+01,1.152480778438896181e+01
6.937253701509030179e+01,4.268742154665603294e+01
6.422848333435815960e+01,3.765702294190075605e+01
2.601889498096738862e+01,2.198576107501070354e+01
1.337240671751136922e+01,4.550107793290838742e+01
9.961681610529409170e+01,6.907754748608780915e+01
3.575688653905001502e+01,1.088314841467796583e+02
4.394802032135668668e+01,5.361680533844926799e+01
9.426966500208726529e+01,4.950240983290838415e+01
3.058498176789750289e+01,4.825307401696137788e+01
6.584070356176418670e+01,1.096716007889101547e+02
9.077981720926335640e+01,1.075460869142231104e+02
6.119359597476021406e+01,5.683103518900323792e+01
4.899880396730468846e+01,2.017527952629464139e+01
9.858462675580715029e+01,1.164353959519618087e+01
3.477392961216836653e+01,2.676491659904949927e+01
6.774547989311902541e+01,7.244196233493579484e+01
3.237962222199936235e+01,2.145749420951073105e+01
2.829148981012817288e+01,4.003461057134251178e+01
4.669968984827011127e+01,9.433544525752733989e+01
1.087466427340948343e+02,7.848003613406778811e+01
6.634254143993238984e+00,5.563392342148468828e+01
5.626963648541553908e+01,1.070420404903234299e+02
3.851615436052319552e+01,8.624459528503861350e+01
9.466626344094666479e+01,6.145993849484592175e+01
5.902286507128885518e+01,1.438797014031450416e+01
7.400559277008129655e+00,1.166506297204964540e+02
6.763160251035399995e+01,3.204655926193409954e+01
9.642595914990943129e+01,6.561811494864175920e+00
1.132117690931689111e+02,2.040299340306938092e+01
1.182677080741539015e+02,3.527447761964356232e+01
1.090212992912079670e+02,5.017889914494735315e+00
1.745224270287260993e+01,4.581145931789367687e+00
3.439576071864151885e+01,9.053747835607400418e+01
1.856385706924661605e+01,1.587806618961222682e+01
8.540721361381633869e+01,6.729457692303870431e+01
7.039930098740883047e+00,3.417602205637030721e+01
9.066777421385624791e+01,6.568278270174320710e+01
1.132206096688450003e+02,9.258734667958188425e+01
8.887125591056036455e+01,9.723800109556535176e+01
1.019680601182990287e+01,4.225716892670589431e+01
9.748895167699468800e+01,3.570769086180486340e+01
5.357137561663085989e+01,7.469186097977814143e+01
1.347565568383429557e+01,8.373233744761195396e+01
4.740476195798437686e+01,1.053183385677484267e+02
5.863346702612658135e+01,3.707363282237983171e+00
9.021544334933579989e+01,8.312876948397675392e+01
1.139381981681454761e+02,9.739639085743488067e+01
6.798274671865009111e+01,9.383082476877827105e+01
2.341105022649291101e+01,1.088833496419459550e+02
9.184256085083359267e+01,5.935007047802245239e+01
4.893355160897372436e+00,4.970821479974404866e+01
4.242050981964580814e+01,7.944638394512421087e+01
1.185701102145623338e+02,3.763183792673576278e+01
1.120117309972326041e+02,8.210564903238581280e+01
1.911379023522422216e+01,8.115889125004622429e+01
6.646663933350836828e+01,3.282137072749262785e+01
1.596760272462024588e+01,1.974842353290615549e+01
1.041533044169738957e+02,5.693015688313607114e+01
6.794448011245934538e+01,8.839924773958696846e+01
2.503018832890989387e+01,2.981992031129146881e+01
9.326567977807657428e+01,3.705861370340996785e+01
1.813590459777292097e+01,9.699400994030777667e+01
3.646601410382680797e+01,1.491314315964126536e+01
7.578486569276731188e+01,3.110009407908311019e+01
1.717928264505656699e+01,3.058163576735699607e+01
7.544566913757655868e+01,3.514900953241283332e+01
1.001072571495641128e+01,5.934573921171386246e+01
3.501526795969464700e+01,1.879174426469471726e+01
6.093860748847006192e+01,4.183444959291812637e+01
6.923781159524247641e+01,9.012855968148724628e+01
5.633924464567880364e+01,1.034015786519735656e+02
4.995594555541602588e+00,8.800254421488655510e+01
1.078419741551534727e+01,1.306341980887917309e+01
7.646033514074903792e+01,1.015178941475337382e+02
3.094418008332254999e+01,6.074293236918899908e+01
9.200076617963195247e+01,2.220370623110772712e+01
4.947534068671235730e+01,7.114904746749056130e+01
9.448738762501875499e+01,6.881171085147671818e+01
1.753373587971051961e+01,9.965617792426012045e+01
9.733218548818018689e+01,8.675101617713745839e+01
8.795968778602343718e+01,5.469078034029639213e+01
7.802839138079005465e+01,1.198480283901997865e+02
1.169841739762570683e+02,2.237380843010366860e+01
7.648927035463213997e+01,1.041044542811476958e+02
7.215763512638417865e+00,6.899282873575522501e+01
1.385904828382134113e+01,2.202785469034784782e+01
4.310355006989156124e+01,6.680030627903079221e+01
6.497539549963138938e+01,6.047827017221341350e+01
1.148712375622466340e+02,6.112093115325852466e+01
8.797153650164378291e+01,4.011597247068577587e+01
8.932004062496419294e+01,8.974687480728013611e+01
8.034784486217004940e+01,9.051548987985235328e+01
6.868280350605822093e+01,1.026767490307260431e+02
9.990407216958877257e+01,1.156677286789471459e+01
5.380269448273712385e+01,1.448064772786197807e+01
1.140646847150048444e+02,5.218694355348464597e+01
2.640939817209400431e+01,1.005154250067081705e+02
1.046593915154747734e+01,1.849043383750662883e+01
8.145959240994442041e+01,6.089079874665891623e+01
3.207535995258971440e+01,6.915357231146145978e+01
2.488604085738380078e+01,3.710827330768171350e+01
7.332727369690736907e+01,1.059518585748214008e+02
8.438139273286927278e+01,7.718733409706759119e+01
8.959765644860230793e+01,4.540509367582607325e+01
1.177173672244647946e+02,7.335122160095207278e+01
3.090735306139269412e+01,4.315829741982533108e+00
1.341067023550705528e+01,2.382109819377487980e+01
8.812471668122091728e+01,9.774253973671373785e+01
1.110543414058530374e+02,7.714922822130830582e+01
3.567323879706128054e+01,1.006642907212186344e+02
1.144164203860561315e+02,8.362846080450998443e+01
8.682964796496817073e+00,4.931783721383632013e+01
2.987323557699577137e+01,1.127112614263165256e+02
9.733480693512856874e+01,8.391253455625529156e+00
7.313183163862333913e+01,1.182177099740613500e+02
6.285673524237602550e+01,1.067329613120018053e+02
9.747968126551425883e+01,5.658448786391998908e+01
5.304100756706577613e+01,1.939814253022525747e+01
4.253634841360123886e+01,2.296400107895795273e+01
1.014849100622133165e+02,7.240839254318656515e+01
1.123490725618161861e+02,4.924250610301497488e+01
8.420511850542395393e+01,9.997802232351462237e+01
1.545273642723037355e+00,3.874247322481105016e+01
5.234757501039473482e+01,1.114324132829497955e+02
1.044586628152168828e+02,1.014098912985385326e+01
1.146550940419220552e+02,7.522845707017911820e+01
8.632028889050094023e+00,8.281466985931724878e+01
1.026435156038827898e+02,3.106263398476623649e+01
3.871938686829854959e+01,3.332312279632841268e+01
8.430088770641312124e+01,8.619350051712227412e+01
9.292190767697590559e+01,1.105249357693010808e+02
2.181938983067552940e+01,8.498975181065506490e+01
7.748435871759529903e+01,3.151452987804383454e+01
1.170370177831115654e+02,5.723522702023177544e+01
1.138592970830661812e+02,1.166128551724394811e+02
1.080057715006356602e+02,5.513824319761118886e+01
3.357321481770264171e+01,7.029143272264319364e+01
5.394429995431665503e+01,5.618418982134864592e+01
2.928976124423148164e+01,1.010703690482740029e+02
8.768689118847375141e+01,1.038371517455848050e+02
6.378465911022333046e+01,1.111964779693001226e+01
1.034770727430777697e+02,8.310144193033476512e+00
1.854192113760399607e+01,1.132944156029982423e+02
6.738057291116797387e+01,8.099968924396689829e+01
9.851912006253878928e+01,7.974685628221439515e+01
5.327655457052782850e+01,6.515993015349704365e+01
4.781805524067230095e+01,6.926285099647070354e+01
2.648436851966629035e-01,6.099193154480906998e+01
2.858613911489049642e+00,1.316063385887708215e+01
1.015641929529159455e+02,7.912633407665366292e+01
2.186014449943620619e+01,8.966430303021955694e+01
5.709399235054112154e+01,1.618155311677547203e+01
1.115622834171638402e+02,1.353661181824819870e+01
2.369142962195041058e+00,3.079220741479140244e+01
1.042318883090802117e+01,2.006575029788284503e+00
7.838902517570652151e+01,1.583545667895500664e+01
6.766558128743854184e+01,2.911077950053040908e+01
1.128780162921011936e+02,2.590271859537670807e+01
6.247856716098859664e+01,8.819847095659876857e+01
3.733559023553706879e+01,9.980872680635937400e+01
3.767747425576909848e+01,4.654320765289232043e+01
5.164659390332859346e+01,5.026729463181662538e+01
7.295323852924974517e+01,2.714947339197969711e+01
3.950569325315558444e+01,2.747664375810178328e+01
3.323342982202699147e+01,9.153387913968064993e+01
7.551201045862420358e+01,1.155347162908841341e+02
1.140156048752457991e+02,2.461025362894069701e+01
2.519352431533746994e+01,1.089177553470967155e+02
1.667517903101710175e+01,9.134220563959965489e+01
2.301117156683380927e+01,1.716439962996119206e+01
5.270926671443241673e+01,8.208716126138855884e+01
1.013002421534855415e+02,2.497812544587922545e+01
1.196447291575848837e+01,9.512555039281268421e+01
5.412206701304252476e+01,7.314836021089118390e+01
7.010418084076566458e+01,9.129809957474749638e+01
1.187470696042748557e+02,7.777097869601422531e+01
4.382538449983309192e+01,2.098677905647642916e+01
1.234545827473180779e+01,8.298649900189323603e+01
3.061243300535645062e+01,3.331213675965895504e+01
5.320162511379826498e+01,6.331182460016303537e+01
4.993776241885566947e+01,1.146845219684015973e+02
3.577093289752943406e+01,7.224223526141382479e+01
1.949450999063380152e+00,7.652620999252564005e+00
2.387362575216803151e+01,3.376114484844961083e+01
5.595879831899942047e+01,6.890488823149672726e+01
1.991053303885122361e+01,6.943797085367822319e+01
9.818764787609119082e+00,4.707296592117283041e+01
9.577164972079998506e+01,5.699904229226165597e+01
7.992820261211154786e+01,2.682850689529509935e+01
8.490296698761498817e+01,1.181165329949235883e+02
7.811388861918064208e+01,1.176623143938541887e+02
1.000649413089779500e+02,9.218564306837865274e+01
5.750330893336757043e+01,6.888915900131699743e+01
2.965704097362790748e+01,1.049472545184179353e+02
1.610565549888449688e+00,9.568806180653302818e+01
1.128047620155375625e+02,3.982083897810605322e+01
9.599404820123668003e+01,5.151333597534567588e+01
1.028334672028887553e+02,7.548249670795573252e+01
6.691943458538482936e+00,4.507968442801403341e+01
2.309154216779671920e+00,8.991823934154710685e+01
1.045013417892668741e+02,1.195330017907388651e+02
6.316148224850092419e+01,4.695510913797803454e+01
6.294727666863332161e+01,5.321958583835753842e+01
3.517676445733152235e+01,1.092310181530467759e+02
4.730202315377620437e+01,1.074794616979347097e+02
6.798006129661280283e+01,1.016298561459780103e+02
7.987298992403454179e+01,5.630914011126328234e+01
8.595743828669453990e+01,8.705579266459781707e+01
1.043250038298982929e+02,5.529640011404711686e+01
6.355463204033708990e+01,9.170855261987368579e+01
6.177190133501479608e+01,7.444332390884258643e+01
2.825475711248472521e+01,1.171318726050042329e+02
7.631662010612441804e+01,7.806568440937971332e+01
8.942271495398925651e+01,9.452616235463912631e+01
1.150798948481371653e+01,4.440708614188104519e+01
7.183682305758236453e+01,1.193031939496842142e+02
6.197676140105461684e+01,3.024640973867409599e-01
1.164238230059549437e+02,6.602224867632887140e+01
7.801900433187052286e+00,4.138732261432091519e+01
1.150583397950876474e+02,3.974705701086397625e+01
6.667058153351567285e+01,3.923682330304013988e+01
7.351017033926912347e+01,5.837385090358172590e+01
3.948593902894577923e+01,1.142289751013556653e+01
3.395728869487037827e+01,7.448442362280225382e+01
6.173358875670794532e+01,5.325465300585565132e+01
6.863109184087065273e+01,4.500105251509434368e+01
6.230775284485504528e+01,6.873481061889320642e+01
8.579221964482994167e+01,1.156508143822400143e+02
2.700374359024502269e+01,1.171143438806774242e+02
1.182222561194105310e+02,9.683208203653938995e+01
8.580198281531220061e+01,8.202114523654163492e+00
9.361412662479413882e+01,7.335161509814321334e+01
2.996145944140727835e+01,2.906006753895535866e+01
4.003228903804870953e+01,3.854051608781576732e+01
4.792175117121165329e+01,6.369112731456730359e+01
9.484467984999592716e+01,4.774505303742021312e+01
3.380507731373398883e+00,8.288388192475228777e+01
1.981223160141487583e-01,5.656476900302217103e+01
7.858416725483667165e+01,7.380353445789438638e+01
9.756915076370135864e+01,1.133485710916227447e+02
3.995259189261102506e+01,8.703671882632595214e+01
1.037845774242078392e+02,1.012124399258175913e+02
9.565807602701426049e+01,6.260457674505292403e+01
9.410255993584472378e+01,2.834792444989747651e+01
6.158190265845109934e+01,6.549544820480971907e+01
1.798562698218359657e+01,1.036812503302269874e+02
5.321156292183917458e+01,4.778765509320939486e+01
7.033915022773993542e+01,7.095112138167610283e+01
4.066178661204734368e+01,8.323652143499680278e+01
3.633134581938750074e+01,6.495275432473187038e+01
1.602112092368157548e+00,8.401505571358391933e+00
1.003114458884282634e+01,7.424789925293595161e+01
6.183948360805958799e+01,4.325145830035285144e+01
4.454201203958741928e+01,1.078485773320428791e+02
8.718231839289796881e+01,3.257510861763054777e+01
4.215950387706077152e+01,1.143547666323936767e+02
4.583918462824642859e+01,6.085889564062002677e+01
8.805649541490922161e+01,2.715562112680504470e+01
7.790686894145007102e+01,2.809769054559830437e+01
1.032272083184420239e+02,4.992879796589784291e+01
1.172092426800982139e+02,7.693432415316219242e+00
6.409053805763761602e+01,5.455523837318600044e+01
3.495902472658639937e+01,1.492998733958100033e+01
9.642133412468677278e+00,9.809588065796174305e+01
2.099942061085531719e+01,3.861922079870065971e+00
6.707391228469964517e+01,2.670135967415045997e+01
4.437283293189985756e+01,9.721635754115446559e+01
7.216837653222566473e+01,1.789929350111552608e+01
1.544390053897867787e+01,7.161231179644180145e+01
1.010925901391680668e+02,5.674685750241901872e+01
8.091722893116622117e+01,9.501624467457639867e+01
1.933958938059626931e+01,7.867978886278919504e+01
1.172120917326187453e+02,8.237989376240103923e+01
8.476387666195276438e+01,1.317207112990300999e+01
6.914386279544559955e+01,1.762575629124052412e+01
8.527693231229018522e+01,5.739285823756083715e+01
6.875839141578632407e+00,2.628439134587763348e+01
4.681874479182842208e+01,1.738638192795276183e+01
3.991131587481122267e+01,1.199112149230181501e+02
2.637463444242357014e+01,6.886100031324860993e+01
5.309555727354675625e-01,1.137314492263823951e+02
1.011825356600758568e+02,9.231210811520282888e+00
1.968931009486095718e+01,7.066918726142426976e+01
1.898688589725946940e+01,3.823622905308292275e+01
9.442303217629495293e+01,8.287669581986573064e+01
7.672863882690489845e+01,5.039181059316084621e+00
2.549328948835253783e+01,1.435535547175505577e+01
6.762587194548019909e+01,8.958403491123303297e+01
5.779168434294935963e+01,9.671904211060741829e+01
9.074126031561267069e+00,1.786540338145378470e+01
7.573909877900009135e+00,4.882941016599433937e+01
2.380190215008629906e+01,1.110120555114805256e+02
1.862932723056390572e+01,9.636574607247987956e+01
8.191605037880913542e+00,2.853956162685095421e+01
4.097584402462190667e+01,1.093170037261777026e+02
1.152444848234879089e+02,7.863793828423091270e+01
4.630734408394867785e+01,1.041530453954946296e+02
6.571184951906219851e+01,1.049697725637971502e+01
4.250222278328040204e+01,1.604820624194278267e+01
9.665621752240888043e+01,2.705512175384437867e+01
4.138794323876049930e+01,7.738461241990512463e+01
6.722627341105471999e+01,9.263260623324126186e+01
9.034509369557122227e+01,1.113799615329208592e+02
6.372259055130350447e+01,4.561559914834162299e+01
6.518122712581617684e+00,1.610651409404331957e+01
2.452827122687791928e+01,1.238282666138792365e+01
2.682297684581369523e-01,5.169037294701531948e+01
1.390982513746326887e+01,3.857794121183041369e+01
3.681291715303904510e+01,4.963711147920398048e+01
6.461896598386873336e+01,3.872014222483801404e+01
2.760238437492860442e+01,7.948667615530861497e+01
1.321465938894676029e+01,4.141465795751069834e+01
1.855810185777317045e+01,3.059184202417442044e+00
9.875074344030950613e+01,9.005424039030773997e+01
1.029116579000435650e+02,7.739085525451470460e+01
9.968751291786691127e+01,5.178567947857575859e+01
5.827880988645284788e+01,5.814605931887874846e+01
8.541961024235176225e+00,1.022201199587760954e+02
1.023620648738975518e+02,1.181511780590402481e+02
1.027070606693535808e+02,1.118940354328564695e+02
1.173036720022981143e+02,4.770497297304378037e+01
8.578952900021757699e+00,6.721203572570907170e+01
9.315536552160236283e+01,1.149928738885799220e+02
3.213331860513082461e+01,4.041827093927522441e+01
1.151767151761001315e+02,9.693809392188403251e+01
2.063180528404927117e+01,1.162432095559916547e+02
3.686246314053347461e+00,9.643034336141553808e-01
2.255026212916315842e+01,2.313411351114745074e+01
3.505281799026229805e+01,7.236271233215956045e+01
1.104082740791663895e+02,5.096450881935116684e+01
2.542934134490900888e+01,5.437922684186335687e+01
1.764934859231972553e+01,1.051547744152376538e+02
3.981465459754228675e+01,6.917072850073614632e+01
1.100376908024219631e+02,6.011146061670206819e+01
5.622008948759228986e+01,7.426229707176473482e+01
1.042959308173457487e+02,1.215105869916155967e+01
8.177058079235199273e+01,4.055838129417200832e+01
1.820613711752050534e+01,1.076104948125047684e+02
1.107380799436329966e+02,1.663085436671672568e+01
5.745305074429467851e+01,1.193803026685901756e+02
8.487282968651884119e+01,4.862363883894740013e+01
2.060225630157654564e+01,1.183045413581179446e+02
7.316164187140788044e+01,4.655598251040380120e+01
3.000426721964767651e+01,1.128560167129315630e+02
7.825651286682460750e+01,1.030694263199376515e+00
7.636333045676461495e+01,9.271029811167186097e+01
6.021642752790499742e+01,1.527165609190318207e+01
4.479329625157164685e+01,5.752638684308566042e+01
6.488633926211662128e+01,1.185014484089269260e+01
4.089251212020917592e+01,5.761890282426372778e+01
2.795962574540112655e+01,6.330446129393676458e+00
9.903785125600116146e+00,6.110427028549355555e+01
1.866859956665498643e+00,1.573774414542977595e+01
3.563030816460421590e+01,4.583699431402929747e+01
5.260122891596636663e+01,4.920368593298449156e+01
8.599554979461325743e+00,1.083617057599517182e+02
1.021094935358143232e+02,4.797122481999534216e+01
1.071050076789162517e+02,1.046951399505656042e+02
1.058244761140136774e+02,3.010619843217485325e+01
6.081852665773133282e+01,1.164816402657493484e+02
6.258064013882601273e+01,9.963071819811231933e+01
6.483583989082821120e+01,1.064154909391118338e+02
6.144818757743924920e+01,9.282877579982847749e+01
1.379538589444376484e+01,7.161631539925991774e+01
3.470608163962314308e+00,7.260860826995910600e+01
7.502441115180782560e+01,1.113084542466522180e+02
1.959644623507920613e+01,1.119540551052294006e+02
1.068165150370923300e+02,6.763572189625087105e+01
8.858304404935894993e+00,1.117871877024037559e+02
6.661291598045482942e+01,3.118013811262307655e+01
6.701385516262236308e+01,5.555079817366046768e+01
1.158227243795374761e+01,5.959417839226419034e+01
5.918063910932094274e+00,1.024880062605377873e+01
9.350043691589502259e+01,5.296506050133223198e+01
1.160884233122554008e+02,9.120821054519122129e+01
2.156284813084623053e+01,6.970877231604703184e+01
9.986664450025814688e+01,2.937864993677349545e+01
5.772585219992036798e+01,1.152019221313223625e+02
4.740155813074913027e+01,4.692112373492800259e+01
3.708363574427804821e+01,9.414607053498122013e+01
6.212986698278072595e+01,4.457088162673109366e+01
1.108275680810185122e+02,1.123486058312500688e+02
8.457178682460916264e+01,2.198433672876229039e+01
7.236368058178020135e+01,3.043246612277199858e+01
8.866830895891577313e+01,7.207149436544268895e+01
9.084686424125793280e+01,7.088689143416536353e+01
8.412292200396208841e+01,1.162095669112845400e+02
5.906843897092996087e+01,1.113024588160998860e+02
4.336423653471835138e+01,2.476112715806215903e+01
1.195955147638072873e+02,8.007434656510632465e+01
8.898853943567196723e+00,1.057498727561847716e+02
8.641194213950005576e+01,1.912173342123457687e+00
5.992795976491529331e+01,1.199826963162102516e+02
4.893992217135674139e+01,1.136490596567657150e+02
5.262832326094186897e+01,9.630714469214390760e+01
1.037233382725902402e+02,7.033835842739274824e+01
6.162449314542585199e+01,9.343367609116096162e+01
3.952925356636808374e+01,5.763870500859405865e+01
5.458233913550544969e+01,1.023938157391854702e+02
1.105881342805442245e+02,2.122810916510772117e+01
1.025101658656194985e+02,4.185733874569915258e+01
5.247128213691509302e+01,6.617499431979010360e+00
8.782234024352052870e+01,6.711278895462272942e+01
4.273505762873530500e+01,5.191446766559577952e+01
1.091131996364427152e+02,2.353563231329289707e+01
5.398825065121419442e+01,6.318390552425887563e+01
1.026783574613912435e+02,1.118033232311787089e+02
3.103742671685223797e+01,9.567745074866049748e+00
2.115742359242814175e+01,6.899280351638417130e+00
4.431308347270555004e+01,2.894880664981025120e+01
1.900032765562720272e-02,1.027429518242835513e+02
1.052532500305220964e+02,1.784610564795777421e+01
3.078977084616071380e+01,1.176956935923154930e+02
9.335264744644334201e+01,6.366385291289704185e+01
4.008890446692407039e+01,6.645282980436621756e+01
9.062151785531904125e+01,1.372417638487752356e+01
1.407915733467511643e+01,8.515926835439731946e+00
3.028291601307774528e+01,1.086941716429903551e+02
7.248729733390089081e+00,6.851150106868819023e+01
9.329320177887294108e+01,4.572173440191756555e+01
1.118078277435277386e+02,5.000869600173076179e+01
9.949851402042655479e+01,1.720103493999608801e+01
8.539295409097709921e+01,2.848314500286264916e+01
5.185223437069260655e+01,6.771713002662079361e+01
6.335828521569338534e+01,1.152799816170591356e+02
9.493639276659504844e+01,1.128320880784090008e+01
8.525233045864055725e+01,2.148694932169505734e+01
4.388704710494199901e+01,2.719455910614461125e+00
1.437220052572485329e+01,8.632171487028936951e+01
4.186974887410126911e+01,1.158707546032367759e+02
6.512785991355498538e+01,9.919910015027890893e+01
1.191165067533176085e+02,1.174481916695740722e+02
5.866002654254548077e+01,6.934385612565652934e+01
1.645005789644028127e+01,7.786772879784111012e+01
4.283283302210838883e+01,9.359999798113445024e+01
6.838305144553875436e+01,6.639501702354749568e+01
9.355099187857905463e+01,1.004347748770757107e+02
7.566359900744789968e+01,1.176714899347956944e+01
5.927637368035913568e+01,1.062254801301380240e+02
8.845668765673946154e+01,7.119729840666023790e+01
7.515748519967266894e+00,1.168849513659044561e+02
3.227986463137346718e+00,1.670771324782808520e+01
8.193167566751524689e+00,7.445358227799277984e+01
5.789971253346001845e+01,1.121713430159320382e+02
7.484619941906940710e+01,6.763599172548205729e+01
2.721994406205632266e+00,1.144516865089404547e+02
5.439769977362188769e+01,3.190110230661063184e+01
5.999972812266263844e+01,1.135200968085345608e+02
9.069727916281205182e+01,1.246887406162393219e+01
6.636106559527644322e+01,5.101982167076572949e+01
1.892631451218740679e+01,8.008848652795019518e+01
1.931185610740432423e+01,8.438932531321965769e+01
7.290372771319077572e+01,2.791079942847476758e+01
8.014295535814856208e+00,7.347116133866670395e+01
7.237022614308148150e+01,3.829792902231706364e+01
3.091877209721592834e+01,8.955445784433628376e+01
6.708501755724884674e+01,5.406912966394024522e+01
5.413833197097490313e+01,1.108772262296045312e+02
1.740044117360506348e+00,1.065758912230559332e+02
5.234391950181259290e+01,3.904794942557749948e+00
8.427717834943639730e+01,1.922781770726882300e+01
5.747301486865779196e+01,5.123481556295565298e+01
1.117824773345871279e+02,8.234265046930676135e+01
1.067756519894461320e+02,1.050417477018568349e+02
8.132815417441555894e+01,1.083834295122443905e+02
2.390614056372083951e+01,9.412388761891385514e+01
7.781848875875304827e+01,1.129751519422009949e+02
7.936422900169738170e+01,8.352958342970070760e+01
6.336937497030065458e+01,7.874676367309977820e+01
6.806643664449471487e+01,2.150138470711143057e+01
1.536400593668350467e+01,6.513619609567420810e+01
6.766685100147704190e+01,9.871733839458920556e+01
9.474387432760569538e+01,9.390185755148343105e+01
7.820129445233730792e+01,4.178763138246200981e+01
3.161239600769150115e-01,1.067467000135213624e+02
8.611626156319159975e+01,1.116309401273356627e+02
8.522277851865065657e+01,1.231528532889645255e+00
1.408987044716629278e+01,2.154456327071354949e+01
4.129094976891529711e+01,5.982420175609707513e+01
2.815172789662625163e+01,1.196093706147580633e+02
3.438349489933840708e+00,5.195123987549977329e+01
4.725598387381395327e+01,9.054488692879853318e+01
5.404431471266357079e+01,1.192965163036473264e+01
4.100227321314419271e+01,8.169519168306372592e+01
1.034420080372889004e+02,1.071400931718143283e+02
3.170445065263935192e+01,1.068216436581544713e+02
1.107770286296508999e+02,5.516907428976482208e+01
5.137478881690873322e+01,4.591409080198989301e+01
8.003267340876769254e+01,1.175825585462675633e+02
8.475802726870116999e+01,6.144965789214545993e+01
3.542042112485712124e+01,1.129644493696821002e+02
7.373181582445185711e+01,1.024741237283326569e+02
6.611903574381253179e+01,3.236204731030110793e+01
9.599968127970672072e+01,1.168699916149225118e+02
4.343495052161656389e+01,9.399054421148242966e+01
4.556173763374339103e+01,9.606220894797009180e+01
2.385572235493714999e+01,8.683394027827864647e+01
1.103669072617113898e+02,3.943844122678709141e+01
4.464242648576006722e+00,1.127850847965166281e+02
6.739555838848612268e+01,2.884470902824480376e+01
5.014832347430120407e+00,4.135608279491804495e+01
6.816851223566561657e+01,6.182205750752772389e+01
3.781697132567443020e+01,7.382009368515079473e+01
9.260987041613034876e+01,4.854971709864073404e+01
8.704193373236731190e+01,1.126924334182179877e+02
1.183111834693876574e+01,2.529740266386367153e+01
7.643381954512035747e+01,8.706332092584054294e+01
1.052075876257355702e+02,3.800675386550305745e+01
9.846352302945902579e+01,1.179291333590435613e+02
1.689521435497446333e+01,1.128487516180644405e+02
1.049242909655861666e+02,3.658191204157336074e+01
7.375075464398216241e+01,7.388844413056007454e+01
1.476460945815050607e+01,4.488699125341738494e+01
4.071042170842293473e+01,9.363218729553490505e+01
1.155447852326616527e+02,6.034456726275414518e+00
9.970613449380184079e+01,7.190537948984916738e+01
8.860683986711779880e+01,8.560551822611343198e+01
9.361595538964232333e+01,8.869959563346121456e+01
4.898838192769154176e+01,1.107198494511351612e+02
3.343145743522637758e+01,1.014246278413421010e+02
7.329653372700737179e+01,8.971943084808039259e+00
6.578038177334723002e+01,1.811659065413853398e+01
9.793978638739262976e+01,7.936827478462994634e+01
8.378216675374346778e+01,1.086583930232088022e+02
1.117206541586157016e+02,9.091955244979222073e+01
1.100335765355233235e+02,1.155211541516145815e+02
1.000708096865761547e+02,9.955777323231425058e+00
2.856061464538612071e+01,9.551393134070811186e+01
3.593506404654845454e+01,8.510234737924393755e+01
4.402598441798944862e+01,7.396741841440858423e+01
1.195609870092334148e+02,9.550329341526345672e+01
4.499393735839908004e+01,7.107713787833596086e+00
8.328818707371779340e+01,5.860708072497533294e+01
1.135880803052476296e+02,9.498413266811969891e+01
7.361032773023525522e+01,6.914297151407525632e+01
8.147430218570477223e+01,7.527521058310279045e+01
2.670931242240546055e+01,1.007245380306548697e+02
3.681166118331651660e+01,2.210768520687039995e+01
4.282250823312686094e+01,6.703073590034243523e+01
4.677596751218827364e+01,9.170719040848119619e+00
6.994019392290962855e+01,8.931480860246809073e+01
1.095249597905359877e+02,2.674082844987801799e+00
3.544951595365651542e+01,2.511694597065034884e+01
5.481511115630953412e+01,1.574540424707050335e+01
5.201462050542424009e+01,7.892035032119540006e+01
2.225434579760449694e+01,9.244123174240938567e+01
8.291073911764922144e+00,5.666388588759012634e+01
7.574599492770313702e+01,1.094828543952784514e+02
4.260936889926315274e+01,7.724893206247074318e+00
9.757634242214244580e+01,1.054952263426450259e+02
5.254332337932343933e+01,9.609284666361851635e+01
1.081034351311567292e+02,1.533194016822167072e+01
1.057048023663211325e+02,1.202100776033092622e+00
4.817920698336008201e+01,5.189937688046860131e+01
9.398502972742925010e+01,1.081956859008460299e+02
1.131255767633795699e+02,7.866015247935560240e+01
1.089835304639314018e+02,9.602569403394879544e+01
9.588533025759019779e+00,1.031933011694130187e+02
3.865734070286652013e+01,6.052916926013586618e+01
9.281404972544349263e+00,8.525586150814136488e+01
6.913632879846775836e+01,6.959026497639966635e+01
8.146214869808612491e+01,5.646032194608511645e+01
2.369961614722808463e+01,4.218732419387090715e+01
3.240817375038852077e+01,2.542056179436737295e+01
1.568993088231119160e+01,3.314428617688258782e+01
3.850787514533421785e+01,8.510787897116348688e+01
1.093669941157934176e+02,2.953338223263985185e+01
6.817150667634325600e+01,8.714658003113822815e+01
3.035628703936971462e+01,5.857717349343946012e+01
1.074383209705824811e+02,8.962585395664321197e+01
4.538822232159509440e+01,5.386209930160221404e+01
4.638727088291067702e+01,5.425524634453799422e+01
9.722191076787230202e+01,2.407365785703555972e+01
6.868840888348400142e+01,4.478795204254645768e+01
8.037951494004504127e+01,6.834361753604912337e+01
1.842830798682033588e+00,9.433471596734564457e+01
6.874473182381586867e+01,5.111383922500424859e+01
6.077403387564634940e+00,7.160440020548235474e+00
1.037281871524712784e+02,7.075033835686701877e+01
5.227623442688780386e+01,1.052844506670856362e+02
5.366711756490084184e+01,2.742377911347979591e+00
8.052149278982527392e+01,6.246766056902117725e+01
7.628301677324270713e+01,6.274484923475588261e+01
2.398685390859616007e+01,4.851911507927588474e+01
9.169095581871954437e+01,6.647054614879446888e+01
7.960361184344827734e+01,9.572987571920074856e+01
9.312288851225788733e+01,3.440466398610312382e+01
3.826371332341336995e+01,3.744722306316022298e+01
4.716488751998112150e+01,8.796861084065754710e+01
1.044108009626059328e+02,1.436840761066642358e+01
3.578155357610292953e+01,8.068003290698986518e+01
6.431381606161951936e+01,9.424297266258852801e+01
7.102040106893824145e+01,1.073524543646148572e+02
9.151649020717798066e+01,5.389726705487321112e+01
5.292546491641368789e+01,2.456083878802427733e+01
9.733478666863204865e+01,1.143073073694404655e+02
1.078941813692688498e+02,6.811175425968424690e+01
1.049867836767655405e+02,5.306448754441808191e+00
3.818270717142307547e+01,7.218474344363232653e+00
6.246664399710610382e+01,9.130750289870931624e+00
6.420150247568652446e+01,1.551079961229312332e+01
1.065677243249130299e+02,9.958381449243718464e+01
4.634259853822787534e+01,7.916913152266027964e+01
7.933602828692836795e+01,6.995772909728729871e+01
1.061961409819573134e+02,7.863289488645125402e+01
5.165413051082743578e+01,4.461231262378896645e+01
2.405639232939726568e+01,4.143046204407996314e+00
3.158193579030971421e+01,7.216044876500602356e+01
8.880884361915651937e+01,2.298417707468480842e-01
1.141516172850965916e+02,1.096917962730074265e+02
7.655040978674813346e+01,1.163733115337348778e+02
6.436798694552945399e+00,2.990815001249576710e+01
1.187883961369531249e+01,8.809701658780268474e+01
1.075134056948304391e+02,1.147232721191841165e+02
7.447986460029805755e+01,4.923772308878891835e+01
1.440797155932493112e+01,2.322150309094606868e+01
4.416130930237405039e+01,2.740281373059010406e+01
1.170147411864352875e+02,2.524765008148926171e+01
4.653876506843279692e+00,1.876476095078563588e+01
3.697365618139056842e+00,3.445544521287380313e+00
1.522305202929084444e+01,9.393800879382864366e+01
8.287717849625597921e+01,9.021281857872880394e+00
6.164565182980294367e+01,6.662848511095086224e+01
1.001215417758047863e+02,6.587793189793379156e+01
1.156122213075694560e+02,1.130481993191104948e+02
8.021774487718438706e+01,8.821077339712869048e+01
9.138616860004917442e+01,1.183149506429997757e+02
6.955972948512804521e+01,1.997637252011615061e+01
4.959574226180104262e+01,7.019081006734083417e+01
3.550567886151215191e+01,2.634703734582398837e+01
8.743295161570186735e+01,1.114682718670835442e+02
7.434735086210861255e+01,4.628236727607655610e+01
1.167893952634579904e+02,8.493802960168994787e+01
1.172571812242525482e+02,1.129051684732091303e+02
5.541752196633697025e+01,7.058593941457571930e+01
4.779205023820534137e+01,6.181352635793025030e+01
7.416238160677779945e+01,3.559357873340940159e+01
5.123757271295977489e+01,9.950631360243463064e+01
8.731651587246206248e+01,1.872212608992452942e+01
1.456879423338318880e+01,9.968347899447924476e+01
4.188381823597098474e+01,1.114616204878497854e+02
3.772394785726428523e+01,1.310168796295560512e+01
1.077268731500420529e+02,4.983805654714079481e+01
7.457939179524331053e+01,3.845882085210399737e+01
7.468341898786148647e+01,8.725130246963900049e+01
1.173252046593266584e+02,6.431105817064701746e+00
1.133346018834457141e+02,6.677214202078162941e+01
1.788022631029497234e+01,1.159953737986917872e+02
9.378627202256848250e+01,2.401933766741232290e+01
8.372135197508002591e+01,1.050904904776619730e+02
4.729372780176243651e+01,6.302942712243200241e+00
4.126646005380507631e+00,3.810219322461225744e+00
1.164178612563881074e+02,6.209061492226160084e+01
3.307446721471429818e+00,5.140725453387395838e+00
7.566274422026366153e+01,9.300939569541415608e+01
1.054479560250139087e+02,1.495121144951352399e+01
5.867584479934632213e+01,3.241547557498421384e+01
1.087766817716948680e+02,1.073907565888109872e+02
1.950007125755981008e+01,1.193510678119580035e+02
6.334031063835019637e+01,1.069433185958839942e+02
1.661171509308737271e+01,3.262542984819017278e+01
1.574919921148210022e+01,4.777802398696076125e+01
7.449906467971015900e+01,4.040598379106378957e+01
3.204176142189289322e+01,9.440091114426751062e+01
9.178449256209113116e+01,8.033536041081254098e+01
7.742145015629485272e+01,1.167363406229076475e+02
1.148474084711748162e+02,7.998547717968438064e+01
4.188491306628303334e+01,5.518438194275405095e+01
8.076470321075669290e+01,9.786099122700731812e+01
4.541394491853629489e+01,8.496950326684822130e+01
8.636648034377228100e+01,6.381042259986627130e+01
7.345008857770159238e+01,1.138414496271008716e+02
2.914009248647258943e+01,1.035892320391142363e+02
9.268692484673900367e+01,1.586101233552140854e+01
3.049295455154044987e+01,2.941961941899568700e+01
6.214816605434242547e+01,4.157850793539661538e+01
6.601713353106627835e+01,6.666499096198967322e+01
1.188895713245199772e+02,6.007548441975048092e+01
1.088437693787729756e+02,1.140758433554927649e+02
1.029753662683659599e+02,9.667673094120854671e+01
9.402366300572454350e+01,4.692176173527467853e+01
9.102917671802651967e+01,1.000520548682243174e+02
5.371878777277508021e+01,8.441585071075257929e+01
2.815160145691795890e+01,1.680020076765256931e+01
1.153029235537167665e+02,6.698640702798273594e+01
9.878329897974423091e+01,1.142030858322233513e+02
8.306228456394254067e+01,9.213100022924702159e+01
3.014529546871588650e+01,8.735706873496077662e+01
1.055644848844752772e+02,2.828921469456986415e+01
1.473128615759458881e+01,9.318169962098568249e+01
2.441211315912625857e+00,1.575469968211614891e+01
4.206007459897625722e+01,2.418637946251593007e+01
1.141740787694661918e+02,6.411044462701094915e+01
3.365101542767221332e+01,2.628696927325653299e+00
6.617181611730983093e+01,6.476347741252607193e+01
4.230415474348557581e+01,6.195350723119278769e+01
6.218660205233000227e+01,2.411467646122263275e+01
1.066448352661969778e+02,5.307036722727111311e+01
4.500740378595394731e+01,1.998799751211523201e+01
2.843827781854523451e+01,7.740520655460102262e+01
3.547223906146682282e+01,2.419192966933119138e+01
6.172322049950507505e+01,8.949891064638022442e+01
2.985063599554139557e+01,4.052740589507373414e+01
2.103106091271289557e-02,5.784441371981636593e+01
1.062026347822574195e+02,1.088158567022466343e+02
9.549435903518286750e+01,2.474126978719553094e+01
4.006868383990969562e+01,9.888632808227967530e+00
6.607023151447339160e+01,7.989604656548762307e+01
2.722721659915024617e+01,1.095203270062840488e+02
6.722510007925372122e+01,3.059181394295940137e+01
3.827871741829496699e+01,8.095555203346440010e+01
4.533550364503491181e+01,2.024641622370844019e+01
5.656994609922642780e+01,2.536719746624982719e+01
8.192848228240175956e+01,5.095989972117722999e+01
3.169045975053365538e+01,1.839384026960957641e+01
1.431701322518189912e+01,1.636232909183828355e+01
4.446614046818395849e+01,4.652451332241889759e+01
9.354410576749231154e+01,4.051791452702413210e+01
3.210257163679397507e+00,3.451508202523808677e+01
8.147382429071399201e+00,4.007497731933132457e+01
6.000514562873706126e+01,3.318221760479724480e+01
1.124882251145232104e+01,7.112312676475771411e+01
9.726092640132948475e+01,9.683085712690601099e+01
4.688649627169068168e+01,5.430074422796544553e+01
9.995181023042245272e+01,6.898238520497176296e+01
3.565714649034527639e+01,1.032340012591524498e+02
1.166606721041854371e+02,9.754400258744948360e+01
7.739055013258673910e+01,1.090716950736014326e+02
1.070907964777820780e+02,4.810713519978531139e+01
1.069812075420796589e+02,8.358607807451123506e+01
3.799577132664035162e+01,9.435679304949928792e+01
3.330241464667069096e+01,7.952481365794548118e+00
1.752963823477042737e+01,5.744739522771094009e+00
7.987286615912849719e+00,2.274152109467257787e+01
1.374551532102700868e+01,5.449747042959290866e+01
1.827615871513152968e+01,9.196268822009547250e+01
7.712257143906727208e+01,3.079988706751805339e+01
1.117037822363956394e+02,1.110628709850379892e+01
2.935774090709676543e+01,4.425416084679997653e+01
1.077822715231125557e+02,6.724965202965040589e+01
8.276064535099452257e+01,7.997474466507843260e+01
1.058767228869918853e+02,3.346647069321299739e+01
9.391196148520742781e+01,5.429286591787310101e+00
2.692075892703261175e+01,4.937250028211999364e+01
4.021380553802555369e+01,9.594567982821438079e+00
1.118671910457140370e+02,8.646204580227116310e+01
5.074757899622469637e+01,3.590261580862028268e+01
1.055229595238060014e+01,9.938907008871365178e+01
3.156369885275783105e+01,1.135199465734218336e+02
3.329698452122489982e+01,1.183028683769762068e+02
9.951560255782878528e+01,8.494300700850300245e+01
1.180626664544625726e+02,5.764972517195089807e+01
4.203388857151503544e+01,1.130470580072437947e+01
1.036459736776170786e+02,1.490164938251725602e+01
9.305870185412841167e+00,6.974384084855165611e+01
8.353664550629797958e+00,1.799552829550372479e+01
3.624063511998130593e+01,3.233825163621607146e+01
1.225687170084066580e+01,5.929082827907330255e+01
4.331761418049721613e+01,5.108658130944156284e+01
7.809796029208906987e+01,2.954228669753866754e+01
1.023966474625865999e+02,1.187720875678338395e+01
4.598026240092262640e+01,8.290569391087242934e+01
7.456361290884470350e+01,8.513727111442076989e+01
1.135746950946943770e+02,4.862903559397622644e+01
5.239634035850360760e+01,1.144289820997817060e+02
2.808367953125373617e+01,1.161090511500730393e+01
8.409169535054199685e+01,1.008393604091863409e+02
3.068205287429386630e+01,7.014650787629692630e+00
8.115536520282108768e+01,1.058086778376710697e+02
1.042095497036513052e+02,1.454315123000839982e+01
4.414857956364900815e+01,6.378618739232040014e+01
9.089345979738396863e+00,3.611428802427032281e+01
4.327963461149409596e+01,2.897369042998106892e+01
5.786968531881106514e+01,6.410022046581076438e+01
7.503792174202071408e+01,9.953492944383934571e+01
3.691117359602879588e+01,6.695374130008600844e+01
1.792792159579068567e+01,7.002762699706902083e+01
1.522904144262190229e+01,8.391631324468016828e+01
2.468247054456384504e+01,5.302523768466802778e+01
1.087394831271940916e+02,2.340174864292418633e+01
1.510879773825478978e+01,8.793196669931039366e+01
7.088292126459414533e+01,1.052327388105940571e+02
1.819561660548682980e+01,1.153811738448242039e+02
7.581036704616631994e+01,1.131108878005373697e+02
2.254534134349946584e+01,1.033945429815382511e+02
7.649786804172516952e+01,6.839589679712501891e+01
1.081866562390317767e+02,1.070413291110469629e+02
1.120102756067351208e+02,1.099810099301341779e+02
5.065928968962296608e+01,6.827875339531153998e+01
1.071325065858639647e+02,1.917710049183638432e+01
4.268347172124471456e+00,2.063363379678852993e+01
5.783899497761812114e+01,2.870013292064235699e+01
6.594647767617627210e+01,3.459016050799574771e+01
2.896725353758568744e+01,3.073774448894655009e+01
2.509653432027368680e+01,1.190228425766425318e+02
4.437480791943949754e+01,3.810234806233020066e+01
5.797073648254849054e+00,5.268520870767824249e+01
8.967498007756481115e+01,2.460575872736581715e+01
1.138152455192364130e+02,8.686329959130191014e+01
9.591935814151990769e+01,6.926590916214989591e+01
9.951283740463310323e+01,2.189495262700117451e+01
5.939705299108082670e+01,3.685224386774748062e+00
6.671114173948603820e+01,4.107436585227113568e+01
6.732208956794599430e+01,1.055632054497338714e+02
4.927787116937609113e+01,6.599755031733839417e+01
1.162736867742207920e+02,7.145247574497597043e+01
9.944887034678438908e+01,8.306852230266203208e+01
2.513826477992389385e+01,1.094576594273464849e+02
4.281914613192496688e+01,1.032628571366799264e+02
5.310117368892707646e+01,2.769784667277532364e+01
7.660593667014049402e+01,2.579239104811442118e+01
8.605115452180976376e+01,4.592658779171054917e+00
7.332632890919987290e+01,8.591423405983915984e+01
2.542606366953361530e+01,7.437924414731789113e+00
7.460910110198045686e+01,1.117172574276556247e+02
1.121035387433130239e+02,2.711151936308020183e+01
1.165928860473980535e+02,2.166311918512148438e+01
6.142743369313877366e+01,1.947208760885800771e+01
9.412248707708127426e+01,1.109938079560557043e+02
3.901117663737161934e+01,1.148512793375558658e+02
7.962149999325730221e+01,8.937532543481708558e+01
9.399174417122662817e+01,1.143725438869306004e+02
7.982810016394745389e+01,8.082386532900235920e+01
3.134764405308137825e+01,1.100377369066263071e+02
9.211363116347087043e+01,1.131307858158813957e+02
7.616639996968186210e+01,2.778113411816461209e+01
7.681324292669739862e+01,6.650806977143899701e+01
2.155168503717028727e+01,3.695645721549949769e+01
1.167133833570007511e+02,1.182876718953934585e+02
6.435897710090038970e+01,4.540135708471831322e+01
8.637019556777720197e+01,4.345641287051402735e+00
1.118692661184549593e+02,5.279241779012890134e+01
9.529965776091708918e+00,4.866652922460480113e+01
9.042045661315201244e+01,2.485373931792715929e+00
1.061339298269294460e+02,4.391180853993447641e+01
5.766505367029535023e+01,3.853054574024098855e+01
7.126216342442116058e+01,4.213183265316411052e+01
3.903242014784871827e+01,6.369381086800246550e+01
4.820961151603663097e+01,1.050513945511668226e+02
4.078962186017412961e+01,1.463961179190897965e+01
8.212949673953663421e+01,9.187485695920928208e+01
1.122861873677214248e+02,4.542938913991366690e+01
5.400492880706970311e+01,8.788685804120503064e+01
5.188511243873683298e+01,1.196799916361587321e+02
5.746099743791012315e+01,2.092777283381937536e+01
9.478099518326281725e+01,1.292859766989299075e+01
4.177807659513969440e+01,2.041816514891290879e+01
9.309551786066164425e+01,9.962329828147778699e+01
9.098877593307186373e+01,5.147429237794186463e+01
9.229526189832957073e+01,1.084741411765709813e+02
3.901745514330065134e+01,4.114488749340998908e+01
1.018872466838781179e+02,1.023139702334506609e+02
3.994183499669645698e+01,7.252598204963393869e+01
7.350937673039267395e+01,2.321651952300003430e+00
7.207536902823414948e+01,1.068399991155805537e+02
9.679581360075425778e+01,9.707959875402733019e+01
1.085067451717124527e+02,7.445529282804562854e+01
9.599644213675598792e+01,1.154160806104540029e+02
9.954242644401668372e+01,7.000699326938958222e+01
4.605694958522245486e+01,6.855490629996427288e+01
9.969594714293334903e+01,1.153458086346121547e+02
1.361026923941175859e+01,7.936606190793197868e+01
6.139436152195380458e+01,3.257908397069690665e+01
2.563700202332665867e+01,9.930310912366059028e+01
2.401675017345647944e+01,1.092161204707995097e+02
7.925467822573267540e+01,1.831054027638049675e+01
9.196146722093133974e+01,6.186210175829927493e+01
6.613055103106215427e+01,1.008223699360412127e+02
1.179924948737129569e+02,4.542188193577207755e+01
8.491853792985838822e+01,1.226799644988286175e+01
6.236993071538363154e+01,6.349967613402976951e+01
7.820166470957117255e+00,5.191990193330360626e+01
8.972657769995505816e+01,4.982446638866822042e+00
3.698762139052589504e+01,8.034399260191464975e+01
1.280927383325002999e+01,9.184116571627615144e+01
5.800281387720480097e+01,1.144639288127252996e+02
7.986278686169941921e+01,6.404517693902077724e+01
1.074488937692512565e+02,6.667592570724845302e+01
3.526557450152338191e+01,7.169324070415129313e+01
2.664990268757658498e+01,5.224090565741647652e+01
4.849018726241401822e+01,1.189596439730188138e+02
6.420777651953383725e+01,3.447901983556379690e+01
2.726505732428435991e+01,9.719918967173315139e+01
7.678262781936014392e+01,2.117881590756369725e+00
5.261166844755545924e+01,9.150974171796782741e+00
9.152082155098894134e+01,1.131480638144479514e+02
9.997893698279570174e+01,2.756794164542327152e+01
2.189413406291475539e+01,9.783396505858203795e+01
1.178997419356261389e+02,5.481909825573483275e+00
3.564660901408900351e+00,9.456531611892903300e+01
7.602913206574783089e+01,1.194578817266151276e+02
7.089646680954767533e+01,6.049092479366856168e+01
7.028998091629992473e+01,9.431608158825127930e+01
1.075970338236214303e+02,1.065303691580605800e+02
7.794112030255307388e+01,3.308142228086233416e+01
1.503763515049524102e+01,7.708525835470805987e+01
7.602323438760538465e+01,2.063731788982679305e+01
5.422069744085725063e+01,7.906169835455864359e+01
6.051385511841213827e+01,7.838869111801469103e+01
6.922650867275253006e+01,5.002809180856369053e+00
8.679734080153222919e+01,3.946839501632594249e+01
6.544670600671845762e+01,7.165319941361856593e+01
1.330018153633284683e+01,8.856233163099028616e+01
6.332759126163617225e+01,2.321251361638097421e+01
2.669953585515034433e+01,7.256538098489311039e+01
9.955262124749569352e+01,1.007216723949578636e+02
5.668393743129741580e+01,3.260735373437105977e+01
4.932636899219633619e+01,6.781984364231701079e+01
9.185870784825497992e+01,3.561226192923072631e+00
6.608837556959754522e+01,7.977642348245183257e+01
7.622333207529701227e+00,1.165202308808046467e+02
1.150337865647885138e+02,1.057340568256476701e+02
1.120867837842237122e+02,1.851739812159236465e+01
1.097723401740636007e+02,3.847734047864080509e+01
4.416538770473626840e+01,6.841233579522989494e+00
1.094138221142435299e+02,8.013722553334024212e+01
1.110876470641934048e+02,1.196050963889327221e+02
8.731888903380270506e+01,7.291865329310311949e+01
7.072536288188867104e+01,1.978023723364664122e+01
5.555869306957936260e+01,7.003417784123135448e+01
5.226840762351172032e+01,1.050208956099550051e+02
5.561545444705526364e+01,6.262035253684188341e+00
2.586713795908353930e+01,6.609410968546413301e+01
8.857453713544782659e+01,1.080463327957228046e+02
5.063146644220295656e+01,8.226655521458677356e+01
1.354892271415898719e+01,4.925387613182368085e+01
4.084704237311002117e+01,1.194735796441117941e+02
1.768672239675517233e+01,7.464217713389511744e+01
8.760002477447093838e+01,1.140638905914315160e+00
6.062054946146994894e+01,1.029548698405453280e+02
3.501061605677114130e+01,7.624702698134241530e+01
7.141208723433116745e+01,1.136228201970990170e+02
1.036030993762725387e+02,2.959099419441244194e+01
3.234361048683170026e+01,8.472379930236211010e+01
1.157101104454073095e+02,2.124118899736134836e+01
1.137388762383750134e+02,9.801765865878715545e+01
3.300208233884466580e+01,6.571492747737440254e+01
4.244649097604580845e+01,2.557974669931106249e+01
5.396271492027095462e+01,2.329968196362285227e+01
2.373675668869932309e+01,6.627887668706296154e+01
8.242723361133302262e+01,1.402414556099240706e+01
7.566409210680579633e+01,1.133133658251254730e+02
9.843499870127904217e+01,9.436835448900365009e+01
2.563967542622800977e+01,8.720979957127523718e+00
4.305407184675716792e+01,5.328452424104078489e+01
2.668403352347857194e+01,2.290063682554839630e+01
2.616015212095656040e+01,2.116382374386367360e+01
3.332780622488416000e+00,6.019729102014372835e+00
1.036005757824915996e+01,7.525702933001237227e+01
1.050600473383151545e+01,1.411584901829348127e+01
4.535343475702160276e+01,7.137871686566914775e+01
9.643365602472573528e+01,8.823127975031187020e+01
5.921327424580285026e+01,1.717277924242858234e+01
1.872979880726028057e+01,1.177747238391524718e+02
3.654797948523948037e+01,4.787327630813139479e+01
9.692948122511322140e+01,2.312681067146861835e+01
5.226487965773998212e+00,7.764595236696850122e+01
1.138124548432906096e+02,1.137768323226007681e+02
8.074401091994360513e+01,3.588459054073807408e+01
2.302037728769006009e+01,9.424398400660896868e+01
5.212359945144901019e+01,6.905423249807131469e+01
1.197515505470575476e+02,3.839615683918474076e+01
9.871595343450603366e+01,4.541573186863649880e+01
4.870865730663560811e+01,1.062150036782715432e+02
2.343697622672270242e+01,1.094115198271077958e+02
4.959311710218202762e+01,9.965253206543613373e+01
8.398483021218639522e+01,9.502534446247639721e+01
3.722219851018593317e+01,4.400437229207121703e+01
9.794385864309654721e+01,3.466273397813012025e+01
9.323936859560069479e+01,1.107919949266272255e+02
8.819931860403764290e+01,9.794601143759274464e+01
4.717132827478624080e+01,8.670925270983070732e+01
7.646238846766442165e+00,6.607002683613134764e+01
1.000387177201295259e+02,7.213128422272998819e+01
3.145162593138943308e+01,7.296690684681564676e+01
1.042683685167590113e+01,2.523364634801414930e+00
4.054211139831521393e+01,2.211353033511906929e+00
7.553636535629375715e+01,7.843658365625219631e+01
5.601033668923382436e+01,2.998256444100019280e+01
1.620064757244971787e+01,6.538095792693313513e+01
1.137417681366068791e+02,9.594379235187487609e+01
3.351797968083855039e+01,3.255795515296231457e+01
7.495785245219690296e+01,9.622078031221298033e+01
2.579184311536248941e+01,1.008469767831608692e+02
1.057768702558993112e+02,8.956270569457498709e+01
7.255553924985234104e+00,1.132305614378133356e+02
7.234417335060965293e+00,9.095479439571539615e+01
3.108656480879874451e+00,8.090048514094796417e+01
1.251255825108751196e+01,1.101653070655595172e+02
9.343130820796892166e+00,6.477552086905203055e+01
8.681543920940062264e+01,1.142666294271917309e+02
6.664391506236714235e+01,1.094181000425644257e+01
3.939677534274374437e+01,1.019891839201266350e+02
2.236046037460638658e+01,2.946349320947474126e+01
5.814148171734333204e+01,4.607743123204504343e+01
9.876020393320996504e+01,1.148767319640621736e+02
7.207486868891081144e+01,7.198792007207990196e+01
5.782160955095165633e+01,1.670955810976584743e+01
8.608400805897311159e+01,1.193376635703677380e+01
3.625966809504514998e+01,2.626975697140692034e+01
7.290262267538632557e+01,1.164852096155438659e+02
8.896977818367078328e+01,1.165515341996010363e+02
3.063370184443646593e+01,1.028547926049790959e+02
6.261983824914412367e+01,6.568680010025354932e+01
2.114288021935480799e+01,1.099684748692740186e+02
1.177299013449267129e+01,9.959713039179769467e+00
3.046208712387293360e+01,7.298510844910546780e+01
7.644664951733956570e+01,1.083978919642172656e+02
6.337813697572549643e+00,3.135679631475667861e+01
3.484833145028233758e+01,3.147344998289616314e+01
5.677252589520995940e+01,1.076807767646066765e+02
9.587054018321096294e+01,7.965834638556610514e+01
5.860532969848668472e+01,9.762831147340004634e+01
6.455807556924217749e+01,1.325394513516856776e+01
1.517276168905630129e+01,9.572975864582788574e+01
7.145974862783913295e+01,1.995166721474868510e+01
8.878870874341039610e+01,4.884123434524114060e+01
3.340502474829776247e-01,5.760648615288646113e+01
2.206487103813085682e+01,7.913791155843043157e+01
3.665518657729305119e+01,1.787830347497409988e+01
1.006277083030362363e+01,1.003636054956915160e+02
5.632274498972888921e+01,6.222179528903578927e+01
1.010751811703962062e+02,6.806121073586372461e+01
3.201523126277506037e+01,7.325163773780714394e+01
2.591634814600203640e+01,7.261130484550463393e+01
7.712471514103924619e-01,1.094533909203967568e+02
2.469316114564739095e+00,5.734478609754809497e+01
3.387784399676754532e+01,6.554966196972587511e+01
5.445441050425279172e+01,1.173040434634937554e+02
1.176989839560255291e+02,8.758592034166765927e+01
7.251867385045462910e+00,4.900457841793606661e+01
1.188872735215384751e+02,1.151021376564241052e+02
5.674578805291205441e+01,1.169920709022190124e+02
9.142985305074549274e+01,5.538135140247086241e+01
6.310104560597440582e+01,9.374055464266234594e+01
3.508123374388159021e+01,6.685366366254326920e+01
9.620191910357368670e+01,7.231963597006889621e+00
8.768774930640421417e+01,4.762066568358924457e+01
3.079857770983252507e+01,9.956335526025850413e+01
5.078566251503312401e+01,2.053137300884508853e+00
1.180122999203304488e+02,1.027876235762280999e+02
5.868973152398459092e+01,6.682886712360846104e+01
1.078519601429037351e+02,1.087695258295003100e+02
9.245496714411295613e+00,1.086075559304337048e+02
4.892005174859625782e+01,8.304511685839044333e+01
5.346399745734468922e+01,8.226188864032464210e+01
4.995023876174576571e+01,7.946694377875354576e+01
8.090686651088218184e+01,7.860582373213021867e+01
5.866925067066458155e+01,1.855663197389682040e+01
1.624160014487272008e+01,2.165085833651058778e+01
6.279315346085879668e+01,5.403001505218311706e+01
9.761365905180564795e+00,1.072719266248431751e+02
6.122629034752016963e+01,5.502642034721908715e+01
3.888176595467327523e+00,1.107441718241688733e+02
1.133087962584896502e+01,1.552224066180169615e+01
7.997676178476959308e+01,3.408237197394046802e+01
6.879742667486446805e+01,7.712520770112196544e+01
3.573281496237180477e+01,3.530964727397731906e+01
9.526709501502222111e+01,3.215993105495228832e+01
1.154542445774673070e+02,8.542692321053735327e+01
7.676432663085692809e+01,1.026429934034342040e+02
9.260526209700516631e+01,1.452279092297040997e+01
7.003079054896132050e+01,5.077388045485447776e+01
6.991765936780866753e+01,7.499741712781394654e+01
6.056024347126101048e+01,1.179828347057720350e+01
8.022852711087384137e+01,7.341703975675852689e+01
3.349013023989842708e+01,9.527568216656163713e+00
1.104576187504685265e+02,8.324817816503133372e+01
6.331769278204498619e+01,6.167734930654896175e+01
1.896381519387129799e+01,2.252331090346857323e+01
9.567115401732846180e+01,5.010487020215657061e+00
4.421771864370289506e+01,1.147650932133414017e+02
2.391759804239834608e+01,1.893294259695748138e+01
2.606393237145162090e+01,2.521113800830493190e+01
7.782969832545504119e+01,2.939508079114058603e+01
5.683122453341538005e+01,1.054738176708469553e+02
1.417299788079515288e+01,2.243955971714472497e+01
2.246172018431330386e+01,6.515416911817891332e+01
5.651154434573604135e+01,2.503704212961652331e+01
7.233559562655425168e+01,7.058354052231328524e+01
1.804110637598506628e+01,5.603341428683704351e+01
6.844052860339813549e+01,7.105242808528413434e+01
3.251805891040311991e+01,3.718118815244606878e+01
1.798316632430247353e+01,4.166131813709381504e+01
9.948319707266456646e+00,3.717740099155923872e+01
2.013037391289353550e+01,8.756268824429825770e+01
2.795721782756048768e+01,1.135028558634566664e+01
4.979130936951079178e+01,3.578437150436346315e+01
8.276387419669273271e+00,8.754223990213924367e+01
1.163776318611888456e+02,5.135679506220314749e+01
2.150859596735342905e+01,3.897065118133389205e+01
1.087806289729893621e+02,1.083281753493530175e+02
9.675630543308412257e+01,3.197420779647396927e+01
7.826783155520263335e+01,6.213843196616262787e+01
2.669097245543652974e+01,9.142427751197747909e+01
8.072228020517850666e+01,1.159294640904732034e+02
4.366578245679044734e+00,1.189795194321778382e+02
8.389173366530660303e+01,2.278165343023099254e+01
9.727893164255678471e+01,1.003799200703039816e+02
4.628909985942941319e+01,9.737513182018810198e+01
6.319381098210625680e+01,1.033020937097678029e+02
1.091592030562534603e+02,1.927239392029790821e+01
5.256817023780893550e+01,1.131916961182585908e+02
3.537280912072052530e+01,1.820229469983392789e+01
1.045724816758761477e+02,4.623809678538925994e-01
1.074200081872872659e+02,2.132075151349913256e+01
4.943406917622519359e+01,1.036544988890581607e+02
9.087759790468386001e-01,9.452276092186517076e+01
1.142239023286099275e+01,7.685633433772402157e+01
4.512484262112821654e+01,5.145364727994491005e+01
1.038261516685869168e+02,7.507605488895507051e+01
2.282024054399836643e+01,2.049967785418751376e+01
4.754486255876883405e+01,5.139771637466039778e+01
3.801884979064094239e+01,5.905110303631366264e+01
3.747049061923861046e+01,1.189535367116695497e+01
9.320091178446881486e+01,7.560778692389992273e+01
1.060649622733137960e+02,7.474747223655970174e+01
1.178503593219891066e+01,3.699371097183982471e+01
1.464510702429670985e+01,8.818391391511188715e+01
9.173914884072736697e+00,4.806869758680447546e+01
1.118452153596123821e+01,8.733562029436887997e+01
2.561808201754242731e+01,6.309867604670442631e+01
3.150660292076278779e+01,4.134653617821803806e+01
6.228057518684509830e+01,6.249486861029438955e+01
4.377401956309774356e+00,6.236569734324538672e+01
3.821695044390964568e+01,2.677277166949916420e+01
4.720735321888098746e+00,7.053948757679187054e+01
4.489636861008695945e+01,6.602454975340280896e+01
2.757506138636962234e+01,2.106567728346956514e+01
4.296350563304152104e+00,3.270562765345465550e+01
2.582989485630894677e+01,6.328687292898150929e+01
8.516883890760830411e+00,1.117002834906943036e+02
1.117793404051696484e+02,8.598199571580886413e+01
1.076489834839720459e+02,9.918925012753649639e+01
6.036914981848920547e+01,7.908085564476049001e+01
3.031048257457202766e+01,8.778106506967496614e+01
5.496379654691921246e+01,7.803976552869691830e+01
2.653628735140301487e+01,1.119487998385444882e+02
4.888951328036496591e+01,1.124879185096181686e+02
3.737006387484233727e+01,7.662440239605201953e+01
9.977815166504394995e+01,5.060827073185812708e+01
8.807350573299358132e+01,1.910157590545558648e+01
8.765082728332292561e+01,8.939190275124705920e+01
2.883613053172335938e+01,3.397119083104539072e+01
8.060571163269007400e+01,5.592627071988197685e+01
6.023608175839506629e+01,9.187134097264015509e+01
1.783306264972964428e+01,5.235867972952819827e+01
4.227057640370291125e+01,9.308880251782014170e+01
8.059828341830304055e+01,1.675332101915376626e+00
6.725443509742734705e+01,3.225678785128288695e+01
3.612246088343387385e+01,5.438185421275893994e+00
5.100195306705034426e+01,5.295794356635514077e+01
1.074991379741551789e+01,9.842296909350562828e+01
6.282852530181899908e+01,8.207454175008348329e+01
3.106821453551275880e+01,9.266438393807455043e+01
6.738669290413601409e+00,3.485311133907331538e+01
2.850519840694846962e+01,7.240579473607431282e+01
6.351278428504019047e+01,5.142842928995177232e+01
8.502564879221095850e+01,8.501794713909841050e+01
9.343341818747381922e+01,1.059902971706486312e+02
1.124875676506406279e+02,2.931147368006681297e+00
9.859063233574353546e+01,1.078325548437002652e+02
4.156284186313033047e+01,8.266364606001044990e+01
3.375311105603790907e+01,9.182975361305949491e+00
5.218075372122780209e+01,1.906513505859663837e+00
1.612757292301299472e+01,1.102677874871914270e+02
1.086152035114608907e+02,8.963070080753641378e+01
7.265862141637033922e+00,3.290425591407738182e+01
1.038485719958268447e+02,7.643330177038502882e+01
1.080693435777621687e+02,8.158764355208131747e+01
4.976025484407875510e-01,6.794470454961958694e+01
7.110803136437310457e+01,8.901280408826188761e+01
5.322318994755157462e+01,7.689851641602464838e+01
7.529159709321665161e+01,3.259732834695194725e+01
9.035669808261260982e+01,2.806796489291603791e+01
3.936624683273245751e+01,7.557781974010517878e+00
1.173141413631280869e+02,1.084385327320461698e+02
2.979843647715978250e+01,1.068276402019164379e+02
7.376833324011226978e+01,7.422924061038844457e+01
1.151450878293340452e+02,4.069192779497701906e+01
6.637144281286570902e+01,1.178187950387960257e+02
6.977800882580254438e+01,3.026567670789090059e+01
8.201715937633875342e+01,1.128498602174610994e+02
6.267614813869305834e+01,7.506492150251825990e+01
3.620982166099881283e+01,5.004614259418288924e+01
8.767276384446104487e+01,8.918662197504568212e+01
6.735532439489611534e+01,6.034622776606413197e+01
8.075781817276623542e+01,7.617149256383345346e+01
5.180820188291896500e+01,2.908934330612611419e+00
3.628922925563986723e+01,9.665283058154540186e+01
8.626997057444341976e+01,3.123009573482449142e+01
2.593836067322907724e+01,1.129356726942926201e+02
7.855775480474112271e+01,3.140336001902311125e+01
3.537642009926411646e-01,4.240163946824602448e+01
7.326386836743701281e+01,1.050825802857595619e+02
4.101931621637407943e+01,7.241392393675974404e+01
1.091515256052827709e+02,1.086333719131222608e+02
1.023459221057162836e+02,7.718226974739292245e+01
7.230432951374206141e+01,8.589587269934652625e+01
4.913694576568215666e+01,8.997035698221623079e+01
2.856013297410724405e+00,1.120158056025408797e+02
8.606274800415356196e+01,1.397345288797007257e+00
8.514568282369782537e+01,6.950861533216294674e+01
7.394695727294647725e+01,7.793163636188526766e+01
1.488173248242953051e+01,4.820549151087898387e+00
2.534482464883409136e+01,9.718035785391858639e+00
2.595845267331853989e+01,8.691274158965677543e+01
4.004131766392571734e+01,6.889277053275485230e+01
3.080733456053597763e+01,1.041795618726241486e+02
8.371826352728582776e+00,6.615076081897024096e+01
6.519447325685450778e+01,9.377815863984582734e+01
1.056173576502744851e+02,8.904741871598213265e+01
1.357379140381727112e+01,9.179838281157987012e+01
5.722654987165551432e+01,3.110756588367953412e+01
9.142722096267520726e+01,9.589644768114878559e+01
5.837331214628950704e+01,1.003034181416635988e+02
9.875082455782914792e+01,9.267219976402094517e+01
8.181615799540044520e+01,6.848051124637446208e+01
6.053900399283554634e+01,5.649839738680070411e+01
4.608369349924928571e+01,3.669011116802978023e+01
2.205055096097998302e+01,1.266537934987826830e+01
1.458338270299737260e+01,1.085927241393489737e+02
1.087132482072979656e+02,5.749063358056096007e+01
1.106085537869364686e+02,9.862175429048194530e+01
5.641996007872004526e+01,1.131976117044559658e+02
3.985435040520830796e+01,7.067356801267899868e+01
1.154575107072675877e+02,2.799426456928262397e+01
1.000733337616121048e+02,4.462785596150669676e+01
4.427604989381542566e+01,1.005533133211625483e+02
3.695766655821378777e+01,4.777522923988667003e+01
5.338586974509655647e+01,3.268338740167018841e+01
2.008362877992673212e+00,1.176209228136310401e+02
1.452297133502455928e+00,5.589490738754539478e+01
6.936185079234884654e+01,6.080623930508173203e+01
5.016522600150368305e+01,3.636762865479266083e+00
7.867423401562712115e+01,7.166705532940507162e+00
4.148225211574462890e+01,1.047679035980087825e+01
5.576723326732236075e+01,1.162686072852368682e+02
2.689786552143384668e+01,5.930926215206321928e+01
6.093805787689206710e+01,1.176223213587667971e+02
9.817962192564722557e+01,6.465364578556388153e+01
5.613814177716932363e+01,1.166752330576115355e+02
1.196068078343612768e+02,1.051898875915793212e+02
9.561074892233496314e+01,9.919388706888368290e+01
1.179652429428146974e+02,9.474845094731949757e+01
9.040251243275708504e+00,6.901847719064364561e+00
1.083713515280353192e+02,1.021819482490018913e+02
6.982389660983338331e+01,1.000437105853386015e+02
1.130826487211933511e+02,6.592917607011014525e+01
9.828218542439563521e+01,5.808427617869972437e+01
4.441006630315441583e+01,4.748382966945941064e+01
2.807547036362293724e+01,1.571077185606124083e+01
1.147437356673800792e+02,2.415070575150702581e+01
1.068502778326487004e+02,2.250411594639979995e+01
1.971477416613884870e+01,5.027611891413268097e+01
9.478258654818914408e+01,2.657264078103505156e+01
6.730831961273930908e+00,1.117398811650788275e+02
1.146246623542017602e+02,5.020177393961376566e+01
5.788425544302747028e+01,8.476301275804316049e+01
8.863888955732379316e+01,7.743764058133533013e+01
7.688452081875931299e+01,6.387221494389131493e+01
3.589303244595268438e+01,2.647123285406206605e+01
9.464730921754987492e+01,7.371760717037599875e+01
8.246529882186329985e+01,3.109475170834434365e+01
1.187247441533336030e+02,7.537927458888542276e+01
1.025497702000466305e-01,7.480941165280857774e+01
2.172009144591427443e+01,3.849117001317835474e+01
4.898574228096158123e+01,4.854547488402118915e+00
4.768956177895029569e+00,5.631969026812431167e+01
8.668330361932382289e+01,6.213741885667769793e+01
2.171259632082456648e+01,5.923148635988004784e+00
7.324677905529651412e+01,7.269577336897668829e+01
2.065794141571609899e+01,6.516648537041936606e+01
8.785542821042966466e+01,1.181350245681938418e+02
1.045241195871435593e+02,1.232417025113268672e+01
8.013482861839289484e+00,3.484043271862879720e+01
9.726825290542487323e+01,1.089815987293044373e+02
1.147807352923834969e+02,2.516813612278435031e+01
6.363834558974135547e+01,2.476897646847081802e+01
5.382579310513702353e+01,9.101042547937205995e+01
1.020214157567596800e+02,5.318416739819082295e+01
6.920015137575781239e+01,7.149044390425692086e+01
1.137343654473420997e+02,3.457826113388880884e+01
8.893937969986004077e+01,8.490035413562830513e+01
5.782722155323275359e+01,1.362426636304550520e+01
8.909681139143053485e+01,1.066031283634901996e+02
7.241955859542797214e+01,4.740927086991786155e+01
1.099973978619410531e+02,3.662856257227019796e+01
1.183764230660855930e+02,1.070853857619109704e+02
5.009109302123602703e+01,5.161583450877049728e-01
6.364307871110820969e+01,1.814764089486882170e+00
5.945770669826737276e+01,7.750624268204154532e+01
1.023681172826971704e+02,9.143691656383179378e-01
4.197831866439663173e+01,4.485695617279036185e+01
7.083754894241569389e+01,3.409683703222597018e+01
8.581558940169909988e+01,7.336012973747689614e+01
5.162312748326014855e+01,5.558288485939495160e+01
1.836415372223627607e+00,2.287144900010141058e+01
1.176238969211751169e+02,3.887536356776525537e+01
4.123153309042677250e+01,6.116821643129215857e+01
8.460005726868450893e+01,1.136329827466940543e+02
1.528691306308695985e+01,7.038205054662751081e+01
4.052284017298894270e+01,1.074225455257278306e+01
4.190478357793726616e+01,7.836011427057087531e+01
2.231740946629453859e+01,7.106184504608168595e+01
1.094531145311367624e+02,4.383994414449635713e+01
8.417453918081307052e+01,9.311220374739589545e+01
5.906202776029309121e+01,1.149815063113592259e+02
2.729548295302414473e+01,9.231754193064229241e+01
1.191865782843371591e+02,2.840533414638100140e+01
7.694701572361574904e+01,6.208500786073561528e+01
4.588811533339746518e+01,6.100106061328850870e+01
5.351681583168817724e+01,8.144239205857796549e+01
1.130354521204070579e+02,4.645191219335384858e+01
4.300814422486176625e-01,1.005451389395031185e+02
8.181670347504274332e+01,4.877289897533537300e+01
4.710179050797429490e+00,1.115857987585149260e+02
7.349741903297494616e+01,6.391059566271810866e+01
8.910450901217028274e+01,6.733636333243964600e+01
1.121955448870346856e+02,9.937664326602234155e+01
2.204121451062991710e+01,1.310863185704135070e+01
1.059922836071411893e+02,1.109182987118609987e+02
6.628024270255218653e+01,4.402928645227305537e+01
9.041154178035881728e+01,8.868475225964284903e+01
1.056280050449487646e+02,1.148434306688656221e+02
8.392435040703428228e+01,6.232301346448959123e+01
4.622066881237806513e+01,8.090470014154990963e+01
5.580987470842794096e+01,1.570532742026702877e+01
1.139659998238922185e+02,2.869770743201804919e-01
1.174764732786766928e+02,1.160172194266736625e+02
7.324347595809669542e+01,5.582980586385470190e+01
1.677805654632864929e+01,1.005980381174113347e+02
9.621112814426254545e+01,6.448790999564151250e+00
8.723603134180991958e+01,6.011299408470374139e+00
6.088693750384719294e+01,4.200573035893182805e+01
4.278559939076187391e+01,8.731021127790779701e+01
3.074704090487037433e+01,1.251602094672843890e+01
4.023251706277943818e+00,9.360159205712984942e+01
8.783069753498070042e+01,3.215434648324630018e+01
4.261386247921082315e+01,7.989038937303035937e+01
7.364610754250402458e+00,9.825246557578225293e+01
6.600617186048904728e+01,5.293366202165786660e+01
5.757487043114117853e-01,1.066103706467836787e+02
1.241533096574199746e+01,9.723237856119374101e+01
8.637268734014551796e+01,8.381762106740373497e+01
4.753390307155485317e+01,5.735721310325797617e+01
8.762332176110176363e+01,9.651300563239863095e+01
1.584330807052636203e+01,1.077776285024519893e+02
5.673132746842459539e+01,7.428695175197286460e+01
8.377155406564685336e+01,6.615141660439637405e+01
3.509335563117123513e+01,6.921903953274012622e+01
5.225027406464283786e+01,5.182100681845027168e+01
7.337161107962536732e+01,1.084175134657556328e+02
1.952114744211590391e+01,1.067912491366604044e+01
5.106636916999509168e+01,5.371577211376638417e+01
8.688366311754751337e+01,4.811955749163662688e+01
6.038101917208016545e+01,5.011336546954834859e+01
6.715265629211466525e+00,5.899445133026191712e+01
1.111975799992921026e+02,5.660754100630788344e+01
8.573388055004322439e+01,3.950839674664650403e+01
4.357487325044751003e-01,1.134885651371720172e+02
8.486978878244313762e+01,1.628223342731750733e+01
1.159500515125481854e+02,1.036467825492450316e+02
2.010020503450892804e+01,7.751995532829921842e+01
9.303451372410499687e+01,4.399411778431804976e+01
4.933609933101651990e+01,1.115186798166373876e+02
7.494328803397371530e+01,9.879932519793490542e+01
1.146502679830035021e+02,9.376475573185197732e+01
6.887523099193761311e+01,5.175482590523271398e+01
1.012038512614328312e+02,2.968265438386018928e+01
1.124209938216940152e+00,1.071909003780630201e+02
4.092452129597057287e+00,1.164582169048502038e+02
8.371036601461785409e+00,8.864779470149874996e-01
2.068311647006987641e+01,9.783500906516033524e+01
9.158994352113347759e+01,9.789637423016163353e+00
8.906999352643590839e+01,2.830578011253358994e+01
9.763826414896860229e+01,2.195937429133973495e+01
3.749095439758024639e+01,7.468968668734961014e+00
1.142011743692185632e+02,9.620512256114359673e+00
8.325303543976403375e+01,9.220277902115972779e+01
5.231554409505783809e+01,8.770519108293447630e+01
8.608055548273195257e+01,8.586936625809389056e+01
4.210484345534539585e+01,5.108837300370704781e+01
2.353486605336545523e+01,3.302695397555449830e+01
3.328790300969707516e+01,2.015748016171701096e+01
8.538604350343922533e+01,5.603029295231638685e+01
1.151686822774445602e+02,6.000696109218289109e+01
9.517481605443146009e+01,8.319228732886519140e+01
4.345012811372949102e+01,4.411476511512936582e+01
2.875165249168118997e+00,7.304437659030466534e+01
5.001460358408891693e+01,1.845005220989173722e+01
7.686441834226811487e+00,1.131397037795280909e+02
1.127770542869058445e+01,2.081681899123622870e+01
1.188457043718455850e+02,1.156248989116066781e+02
1.116587877302122251e+02,5.173053319168463560e+01
3.393479996076426630e+01,2.883313494631428497e+01
1.183383301895354123e+02,6.875450113373447891e+01
3.856122464851381437e+01,8.622558837413438937e+01
9.168645348902791170e+01,1.068834784627732404e+01
7.252372157826630428e+01,1.187575796469796785e+02
6.036935074371582743e+01,5.107987474607340594e+00
8.738955824719130305e+01,7.116461189842748070e+01
2.873936867370116488e+01,2.564738386640889445e+01
4.907467436266427541e+01,2.876505994180398318e+01
9.732176054407881338e+01,1.157624445706182392e+00
3.999391109763732288e+01,4.783235882120867188e+01
7.116297772402410260e+01,1.073229798642696124e+02
9.101731742169869221e+01,6.661417811891769958e+00
9.787486512672602146e+01,7.577401210920734798e+01
1.117990934829551577e+02,6.403361106804239000e+01
2.055891524476986731e+01,2.617623458105832057e+01
1.133715141452394022e+02,5.866596892212543324e+00
1.566249248328412058e+01,8.871710863066761021e+01
1.177301494565815290e+02,4.025822934372635942e-01
7.450032095465064685e+01,9.805482910019411236e+01
7.075795675717104416e+01,6.350198459944835605e+01
8.988470518259875064e+01,2.900546010619965642e+01
3.958458359126605330e+01,9.692782867515742851e+01
5.435464545758460275e+01,2.884914489421637285e+01
9.339292983755015598e+01,3.020623678115232913e+00
4.937531050101372898e+01,2.955850482201613261e+01
9.479492866624028125e+01,5.187919915835657747e+01
8.880378666941422239e+01,6.107837623820707051e+01
5.216535266101861623e+01,1.077984826201009980e+02
3.682474919782772815e+01,8.577448028637624589e+01
7.241161998402189681e+01,6.881645696519630917e+01
4.502282986103214313e+01,3.125603090251269123e+01
3.344182229977603527e+01,2.809808678761265277e+00
9.813091394041849469e+01,1.454220333769718465e+01
9.394099058518334289e+01,1.182721874099407131e+02
1.886319919229619835e+00,4.364352640731809174e+01
2.016147757516757011e+01,4.826249542294361561e+01
3.495888086366823444e+01,1.865414475320040921e+01
1.331394425201375853e+01,2.042300852922745236e+01
9.150571557904629572e+01,9.056652634837294613e+01
1.097832457864127207e+02,9.676038122404939656e-01
7.481941169716358786e+01,5.862854260462387401e+01
3.735058015922501085e+01,8.760533509207475333e+01
6.396065897209319218e+01,2.531794426440006163e+01
7.046753699279921079e+01,8.435701644157316537e+01
1.142748716016640600e+02,4.600881424665944053e+01
7.336083872259077054e+01,9.439955422159034981e+01
9.774164693444019747e+01,3.212196721308131941e+01
2.246327027586082181e+01,9.473714934663313159e+00
6.477899373401191951e+01,9.355150793125936559e+01
2.570879788858983162e+01,4.138103564935038392e+00
2.834467856404788222e+01,4.228524857238174661e+01
6.587968267848921755e+01,5.960411515695462903e+00
9.300355083370101283e+01,2.128198225424536361e+01
1.192121597771803323e+02,6.674907061497123983e+00
9.645315554344860232e+01,1.044815145004984629e+02
1.439732890175728919e+00,2.763730271840630337e+01
8.575372143264738156e+01,1.194977562435201861e+02
7.323577918328676617e+01,1.063730677738147250e+02
8.156773116024821491e+01,6.276647053672810017e+01
8.638369880946484614e+01,8.133140468210002894e+01
3.107654848501154277e+01,4.262081206888684903e+01
1.048337418287059961e+02,3.063371339103920477e+01
2.605101245410945410e+01,6.522505801588094698e+01
9.782352376804315952e+01,4.538174668592032646e+01
2.427846516498176399e+01,1.180659278763331628e+02
3.745049868597947551e+01,2.023030293435851590e+01
6.671025113596768108e+01,3.543118526848856220e+01
1.765698000891518049e+01,8.316724390111561149e+01
9.596061751454531930e+01,1.027620462974160489e+02
3.820525786237189436e+01,1.298743050919854625e+01
1.078349609516175747e+02,9.161079871426747445e+01
5.941200479149711811e+01,5.621248194459744774e+00
3.157731166491803876e+01,9.917953702784997461e+01
5.666827956651768972e+01,2.651475159466580855e+00
5.838459557645836639e+01,3.218278975813654341e+01
5.236500292929133593e+01,3.813314742636221411e+01
1.725719045547834440e+01,2.460135570905597291e+01
4.768749129014064181e+01,4.754362652362213737e+01
9.844167893336842212e+01,6.715294386408682215e+01
7.146989570726788088e+01,8.042199186781627418e+01
3.961362414287770406e+01,5.642056114895135011e+01
3.811953585235653463e+01,4.788951213208577684e+01
5.248216787194328248e+01,3.658705495051199819e+01
7.016084918409437421e+01,9.564964511671671232e+01
4.158164423535919241e+01,1.134834529076552911e+01
2.095743439137466169e+01,1.057350193453177667e+02
1.075202747507068040e+02,5.584709468008271926e+01
1.450274567208605347e+01,9.432422412318940985e+01
7.257522560586275517e+01,8.348450240830375435e+01
7.228327537228256006e+01,5.563909427170629840e+01
8.773960081506417907e+01,1.188155310556944784e+02
1.175470355220965217e+02,1.499834946407231939e+01
4.218658794210639051e+00,1.909676956346840626e+01
2.588200968453971740e+01,1.125887043703489354e+02
4.387691960682974468e+01,7.024608908665122442e+01
1.156629291008972160e+02,6.920824161612499381e+01
4.017527593783223949e+01,9.801064325851073988e+01
4.864369982773217060e+01,1.832957130793522538e+01
8.799403660312846398e+01,8.839209142945988162e+01
5.046067577314400410e+01,6.296545682312567749e+01
8.570759245190137676e+01,9.692305693501306507e+01
3.963212268666162430e+01,1.128637016174457415e+02
1.084587783012607787e+02,8.782068297668995172e+01
3.147551028832486608e+01,9.213746183214261976e+00
4.587207847903290769e+01,8.395165534218551784e+01
1.030495186925225681e+01,9.329874392123542748e+01
6.520064155765277292e+01,8.541792905718470763e+01
6.852645277152542747e+01,3.880323834294603103e+01
9.990150922529970501e+01,2.195309305275232958e+01
1.958207301458275396e+01,1.054142387890978512e+02
9.087744197199549490e+01,1.073858599679854535e+02
8.566408089471659082e+01,4.791150600585880603e+00
7.375886728446084817e+01,1.346380647039548073e+01
3.914620737797831396e+01,1.764556221434455452e+01
7.971889286514708317e+01,9.387262925891104715e+01
3.081125625574691185e+01,2.821755675403182551e+01
4.437501370045948335e+01,7.913733375873185594e+01
8.841945079970506072e+01,2.746620662454379413e+01
1.448161139414345655e+01,3.555161670809604146e+01
3.773423837771086653e+01,1.166282195801692865e+02
7.679098656588001859e+01,3.589634101357038531e+01
1.023949034755340364e+02,8.752617315806892861e+01
8.186666324692882313e+01,7.973460344868229299e+01
7.631387062913017871e+01,1.043193757788334786e+01
5.599879018215487037e+01,4.284225098900007822e+01
9.872236518730325372e+00,8.287895838851603969e+01
1.185309311110453905e+02,9.045330723996613642e+01
7.817227726743792005e+01,9.951253463191218884e+01
1.465701316049511149e+01,5.176168815315637062e+01
9.389975600207179696e+00,2.478058128266765436e+01
2.849954227433570253e+01,4.054010371669622970e+00
3.552691005779206534e+01,1.670581323851565436e+00
3.280794746284022523e+01,8.744870375992353217e+01
1.114649632934466865e+02,1.112264670473408330e+02
6.449339639578337824e+01,1.017833551561405301e+02
5.395608226654748307e+01,6.697503511079635530e+01
1.128112998196319268e+02,2.401202841891817030e+01
1.398378077380639439e+01,5.943138683656239607e+01
9.938446055472238072e+01,5.635409708997936207e+01
8.149626064967696593e+00,2.049419066900490094e+01
6.171900548409538345e+01,2.048137024260334016e+01
5.304944979554342410e+00,4.448582592790032209e+01
2.445054375242188627e+01,1.173451565636394918e+02
4.924613849857531278e+01,4.858402558578207220e+01
3.368643780458134529e+01,1.099862376961612043e+01
8.989770577007335817e+01,6.148980687927144118e+01
1.193751954649281686e+02,1.135180485913418522e+02
3.115005234778022469e+01,1.178477274277209972e+02
9.200878542018098472e+01,1.145757620401449373e+02
2.302615959368426246e+01,1.145989847338339445e+02
1.501535746907442714e+01,2.575865588730684053e+01
6.302207224437048616e+00,1.082819141546746664e+02
6.345390867010134883e+01,2.315121231709969152e+01
8.630472129888738664e+01,3.285439566838944359e+01
2.635818651161031667e+01,3.444068962246840115e+00
7.292327189001942145e+01,8.544340368523864981e+01
3.930990944493342454e+01,8.866364102253010415e-01
4.020988260554743476e+01,6.562990994856781413e+01
9.053393823773592430e+01,9.532189187393558427e+01
8.503408381872729649e+01,1.978622075233460365e+01
5.540445901992730882e+01,5.822623182868754554e+01
8.804619801325331707e+01,7.368370204024996895e+01
5.816577247494691250e+01,6.639566128949513768e+01
3.485578249048812971e+00,5.093242783761745329e+01
9.456126750242682988e+01,8.505368852621209896e+01
2.339096259098877795e+01,2.184030844263493165e+01
9.271266078941700073e+01,5.621423776591203136e+01
3.370418545837715385e+01,5.079919271938652514e+01
8.663290665206184826e+01,8.395016968835712134e+01
7.925154155154685043e+01,1.035891795722928777e+02
8.213366961159717050e+01,1.065266131742994844e+02
8.227430375415906383e+01,4.181126682937752470e+00
5.754738267589392819e+01,9.348386462842792355e+01
9.910065072583699930e+01,2.433053281277011592e+01
4.925357267251140314e+00,8.609046444795761488e+01
8.356021906773486307e+01,9.780910752492918192e+00
1.053781627406416987e+02,4.720002658237599036e+01
6.928437671705130185e+01,1.611064388081967280e+01
7.964466237694153961e+01,8.331838918815053319e+01
5.448061979455385995e+01,6.308604480973095718e+01
7.125317867585194165e+01,8.165579217817202107e+01
5.458401786442592396e+01,1.968413198110158646e+01
8.460095472669367211e+01,7.900410185674965646e+01
5.701633695511641520e+01,1.908859485917069776e+01
1.464446273157001954e+01,6.397171848054650667e+01
2.372644605371359106e+01,4.084978148999920400e+00
3.737777736539104012e+01,5.074139831483836360e+01
9.639371311535572318e+01,5.295733698771339704e+01
2.857284416759583578e+01,2.816336855101860692e+01
3.053410413405325485e+01,9.407321704883587188e+01
1.115776234150851849e+02,7.041778847526256868e+01
6.049111341180804402e+01,2.694703085714602153e+01
9.958346317607366416e+01,6.886415694160352530e+01
1.215720258110046714e+01,7.059929351430068323e+01
4.903271329276819301e+01,5.564169502500026709e+01
4.189860551857592696e+01,2.200241791300062033e+01
8.464109307938284132e+01,1.183352939396462062e+02
3.821669837668983938e+00,7.366273071779860970e+01
5.429484324614817581e+01,7.467031844914497185e+01
8.257968733998418998e+01,9.762534130559119561e-01
1.015163027661527053e+02,2.330763532254828618e+01
9.817405760047036267e+01,1.071857653272992934e+02
1.062470030279120010e+02,8.230759887758193827e+01
8.396973245261214913e+01,1.194755673458309673e+02
3.445954350804796285e+00,1.012400349396616974e+02
7.423343468132105727e+01,1.140350542861529135e+02
1.098697585687373817e+02,1.086941461870173953e+01
7.185166257967608772e+01,5.319734008819650484e+01
3.317693266531440344e+01,2.088600914331710712e+01
1.062400939254851551e+01,1.257608941677954206e+01
5.680052288710533048e+01,2.755654137664025427e+01
2.240539815594182116e+01,9.059829840374445098e+01
4.267134469847513323e+00,1.128861101100524422e+02
3.322249231271734260e+01,1.713018788255169511e+00
2.054853970405772756e+01,6.825115744803400730e+01
9.360047734478912673e+01,5.597746603259340503e+01
8.658041699436270733e+01,1.121716772366311119e+02
6.832451931748707352e+01,8.274921753110699285e+01
6.197955932928248046e+01,1.658454512493845456e-01
9.483431916518458138e+01,5.549521881143246560e+01
1.459002352311888373e+01,9.181598089495405191e+01
1.091595341898933569e+01,6.968089860108239009e+01
7.807460140559800266e+01,6.343591774844886544e+01
1.904443405981335324e+00,1.119872763141499092e+02
2.220408185464281559e+01,6.875199772869069648e+01
1.019105401574992982e+02,4.138854243318310466e+01
5.459249204635239039e+01,7.529225921193886961e+01
8.212177665404220761e+01,4.574933403498848605e+01
8.739553350846128410e+01,4.370463048977570253e+01
3.861152350221893670e+01,7.604412387184102329e+01
2.324393478605303542e+01,8.798885028804052411e+01
7.073797179202330199e+00,1.069865770377504965e+00
1.938768138264115493e+01,7.990820903132618014e+01
6.350355336308085441e+01,4.733508500664199659e+01
1.406084737545361563e+01,1.131857271537001992e+02
2.630821563533640628e+01,5.571946994673573528e+01
2.528063180927112796e+01,5.572769161358369416e+01
4.417630845460551114e+01,4.139483451463632235e+01
5.518270839657849081e+01,1.333580300411447261e+01
2.520559272802188033e+01,1.282412040247613660e+01
2.366939323328142919e+01,6.204246622652618726e+01
3.478306968094053531e+01,1.167355029068546060e+02
2.100849234808821109e+01,6.765783665145532666e+01
1.116936522499075721e+02,7.986751305502157550e+01
2.567061923817566793e+01,1.193708044154875694e+02
1.811409207436970448e+01,6.481820859252684386e+01
1.072839944871048630e+02,6.250848796386986095e+01
1.150106085721510425e+02,9.411884954243237189e+01
7.543736051959957933e+01,7.132806650717419927e+01
1.014702685927227890e+02,3.279342204868061117e+01
3.430866189758661022e+01,2.419591191103421224e+01
9.181656486491206692e+01,1.722722448295955644e+01
1.129380840114932880e+02,9.774702049782753477e+01
2.840021732566802370e+01,5.284361583379210003e+01
9.142344158845014590e+01,1.904966524490199120e+01
2.990907954387535739e+01,4.923165863996526781e+01
1.023315813565416761e+02,3.283780296100533747e+01
8.798620461975346529e+01,9.168779360442943016e+01
9.144291948161853156e+01,5.276809436830434130e+00
5.880470486661262441e+01,3.812206927284051261e+01
3.269413777388932374e+01,9.753572703990506909e+01
7.022894093644721636e+01,2.535921695830393219e+01
8.612356541611177363e+01,8.653210241991357066e+01
1.122398542000573372e+02,1.179887397289020896e+02
5.995464674681515760e+01,1.084222946099636147e+02
9.796060496778278548e+01,9.537591311798414040e+01
1.540117488618613528e+01,6.046787060982030937e+01
6.652883602750357284e+01,9.662551911297053664e+01
4.044202359586312667e+01,3.436447017374317880e+01
2.515876528335332907e+01,8.216771264725804258e+01
6.588938757373936994e+01,9.617422320577705364e+01
7.727142597193115137e+00,1.140794972747091265e+02
7.027787189816307034e+01,1.798292858264779426e+01
1.133798946921520638e+02,1.168795882674545084e+02
8.343960238859381207e+01,7.956491058614680867e+00
9.588057365503777874e+01,9.536138730557077281e+01
4.921471845888579821e+01,7.719696499492407327e+01
2.991972710072224828e+01,7.158825261734492074e+01
1.148889785722161747e+02,7.251655528703331299e+01
8.200411644610460371e+01,1.489849390504379478e+01
8.421028651610890847e+01,5.020612277572474369e+01
8.433005869049533487e+01,5.734408276773875457e+01
1.016812050330354680e+02,1.133128204481498642e+02
5.683701818097101466e+01,9.999117859243864359e+01
5.260200462522686848e+01,1.110628711674701492e+02
2.742057302093467896e+01,1.068128601508492537e+01
1.067737930270354099e+02,5.487840642734042973e+01
5.620059308612133009e+01,7.495877443840407750e+01
6.640739955990682120e-01,8.796875953406158999e+01
1.099337663227498467e+02,1.109947436887565715e+02
9.346598464341799684e+01,1.672063785038817230e+01
2.244998414211642768e+01,1.065480663705067883e+02
1.015947536916142582e+02,1.640778090199297523e+01
5.466960141177283106e+01,3.697734494057280585e+01
4.114211788177834705e+01,9.180497093554586741e+01
8.683662115959549510e+00,1.169607556246908757e+02
5.248150039273060941e+01,5.170778841932531833e+01
7.906648919906788819e+01,1.139877492405529438e+02
5.811825595581282045e+01,8.682870672635337428e+01
7.963385843995190783e+01,1.083002849974119357e+02
9.629740312991722817e+01,6.455968993747681850e+01
7.566833184908915655e+01,9.137785336599681330e+01
1.168686894208177307e+02,7.390428319350056086e+01
6.532441570556533073e+00,2.275677215890108585e+01
1.444477297562415608e+01,1.051954237426915171e+02
1.100723093802132553e+02,3.198477871655406091e+01
1.510292469822503314e+01,1.076192572404242611e+02
6.790160127749382468e+01,1.103107769417421764e+02
6.888545101599464715e+01,7.650425603966665733e+01
7.928083772316277589e+01,1.140827033294415997e+02
4.969930370435479006e+01,6.451095128404659818e+01
5.128639047446299060e+01,4.503294098031595638e+01
8.124371131698795523e+01,1.700481114465944543e+01
8.740737743553179939e+01,1.607522006772166634e+01
6.948489627269519531e+01,7.287278145249000261e+01
6.076997314534913386e+01,5.239381876330866383e+00
3.671670417615552395e+01,1.767216639380160359e+01
2.961697878498527814e+01,2.559616934034038138e+01
2.968545973829300877e+01,9.976648679003247366e+01
3.377228198793611824e+01,1.022367871214648289e+02
1.443511787630738397e+01,1.815985292387665240e+01
8.508414546089024100e+01,2.065342443490657587e+01
9.664841841909942843e+01,7.786202694266353141e+00
1.122677491683216147e+02,3.985231911929467685e+01
7.893544989353024732e+01,4.041776542471974665e+01
6.991442150403806011e+01,8.897702977166498783e+01
1.457375545492662994e+01,9.399932829573823767e+01
5.810836074359519188e+01,5.244459130828796845e+01
1.042384022887095796e+02,1.113005598264570040e+02
2.010532316590537505e+01,8.693983517502221048e+01
1.166558914448749533e+02,2.352543056387911236e+01
1.097204462745813629e+02,9.860449845510525790e+01
1.085021699181341432e+02,7.882240109978938847e+01
1.778630915940347634e+01,4.877837579060219042e+01
5.461427196219064228e+01,5.937787967975243930e+01
2.867653563956165108e+00,6.968617798826142185e+00
1.110347155844387430e+02,1.919294886921543153e+00
1.986631189917020635e+01,9.835522377870665878e+01
9.449771781725726782e+01,5.156743130652253626e+01
5.001466147403599294e+00,4.551320389941711397e+01
7.041314623799084416e+01,9.503382468277635553e+00
9.638402433040707251e+01,7.397795492771334125e+01
8.965682118668610201e+01,1.170376489152849615e+02
4.888775472137890432e+01,7.251967001646990241e+01
9.457482204973626949e+01,1.613282597663437912e+01
1.086256969242688086e+02,7.727414878898434836e+01
7.733753050472840584e+01,3.876558371339528719e+01
1.247714537978590776e+01,4.123121336045633711e+01
6.564534501473585237e+01,9.861607816406575466e+01
7.722989994581068629e+01,2.787021709788918145e+01
2.043603855023722815e+01,2.734037674339955615e+01
6.802619163540799718e+01,1.793444374366985983e+01
5.255511006227862225e+01,9.880288294065412913e+01
2.122556005989783046e+01,5.113894291795289604e+01
4.104524128491473078e+01,9.751412282365404849e+01
5.140826075465657397e+01,3.669147621055257957e+01
1.913794558894798570e+01,9.285903134032948003e+01
5.976885615233329219e+01,4.345985604063093177e+01
9.163560845198711036e+01,1.107779837295193346e+02
1.129867204772881877e+02,7.041657474651312754e+00
9.933951808032514919e+01,6.323677430294286239e+01
5.479900714921954119e+01,8.468749391445089714e+01
9.222798010607864683e+01,9.350425631371510349e+01
6.238741266645572381e+01,5.357812624239247157e+01
1.435774753621373989e+01,6.638443537325674981e+01
4.928923157252449272e+01,9.088682320607533427e+01
4.183917072969444462e+01,1.002405212655915392e+02
1.187111814510939496e+02,4.930111029847556381e+01
5.361542784355916069e+01,5.010331338941065127e+01
1.600139225580953095e+01,1.040043726731127265e+02
1.998141591149660812e+01,5.260019226809237125e+01
4.021067087419903885e+01,8.716608771385126886e+01
5.321804855162417880e+01,2.427009644502826191e+01
3.103921546135972420e+01,4.752990420216838885e+01
4.247409569673708063e+01,5.555076296699961347e+01
6.141905616994964845e+00,1.164674579298108910e+02
3.742925743039933195e+00,7.001748559447233333e+01
9.727648028405593550e+01,6.898994370062317216e+01
7.846639177111853769e+01,1.683584383855189159e+01
7.239018091259021048e+01,1.117758122332850377e+02
1.055703921768944440e+02,5.529419211595028116e+01
1.061031067022258725e+02,1.805447957256616220e+00
9.791658320644295088e+01,4.949423101953227899e+01
9.437076047537212276e+01,1.090190847505300837e+02
7.273064611455923512e+01,8.267402635748007356e+01
1.631253238083298029e+01,9.277193290933706749e+01
1.029330560206793699e+00,6.943994704428394016e+01
5.777869129593602082e+01,5.565535710476726905e+01
4.019699669290957189e+01,5.551929580184850010e+01
5.038545044416510166e+01,6.912316100731496249e+01
4.122445785443532884e+01,7.616215705748450659e+01
4.930143930505402494e+01,8.291731811420365261e+01
9.337934722345002569e+01,3.950863394594119882e+01
4.215451537288352313e+01,1.182985033638158967e+02
8.779056318241183021e+01,9.018531233063848163e+01
5.680228467312954166e+01,1.123625396929650719e+02
4.768222745841693921e+01,5.132857651736158289e+01
7.474924508970100590e+01,6.154538240706266805e+01
9.130499029557638835e+01,6.817715347108402568e+01
8.317359649319217851e+01,1.031731267137457024e+02
8.122924089513229262e+01,3.661472570206598931e+01
8.476726112790001366e+01,5.814512302306983571e+01
1.400811131331987092e+00,1.054854408514156745e+02
6.642329917701466080e+00,9.419468407149106781e+01
1.155082901386073857e+01,4.611132621738169846e+00
6.356399283148819279e+01,3.843084060138519931e+01
8.484250931319706979e+01,3.639604640737085361e+01
9.533277435078879591e+00,8.112471409411483592e+01
6.128871502174945363e+01,4.247957843020705582e+01
8.233213209118237330e+01,7.857485664142690496e+01
1.887567861678611791e+01,7.818680251286738780e+01
1.629692120539699474e+01,3.350778053879124485e+01
5.381129231619912190e+01,1.516722616985950900e+01
9.185552932699314610e-01,5.986522363793277890e+01
9.211566348880853639e+01,6.249753375344214845e+01
2.607671102593023349e+01,1.146836643948772831e+02
4.733657244162072786e+00,7.616626411398991081e+01
5.353966783951290154e+01,5.585016932249143196e+01
1.129560540759805605e+02,7.873983509149761062e+01
4.957179835883047758e+01,8.665020335812734231e+01
3.755481362961940306e+01,4.915235449720541538e+01
1.711450173413475184e+01,8.250673121103218932e+01
8.573613751416287698e+01,2.640471305757726128e+01
5.170647261452012700e+00,9.549148867322162459e+01
2.989304416597261849e+01,4.712375121536861400e+01
1.168443579629693403e+02,7.258346991064881237e+00
1.970368704591747289e+00,3.965902754107750638e+01
6.297227994917283667e+01,5.452502991541635424e+01
1.065018416794831779e+00,1.123115241227987724e+02
2.710683126729694337e+01,3.894536491511198761e+01
1.545192370795428261e+01,2.481080552854830401e+01
1.091026639950903530e+02,1.346872353189136895e+00
1.644348233870890041e+01,6.884476880369271612e+01
1.160780635595271661e+02,6.886777825451746082e+01
7.495923048618067241e+00,1.926539552207525574e+01
3.024531853169410667e+01,2.488052884345771076e+01
4.484421279179571940e+01,1.689937223125622978e+01
1.110155006104157422e+02,1.107863037687634460e+02
7.765992348013353030e+00,3.005084644528515270e+01
1.092369489137815890e+02,7.446378497474579206e+01
1.926983058157670570e+01,4.714909235311543512e+01
1.199089947975314061e+02,8.309777810891023364e+01
1.063127327945341705e+02,3.513641568379409819e+01
8.276868955125011951e+01,9.650986408648020642e+01
6.461584880308306822e+01,9.671738491926218373e-01
1.140431629117729386e+02,2.347178113322939907e+01
3.623814203813857659e+01,3.021753926410720581e+01
1.191431857501734299e+02,4.587103747578745327e+01
1.998660283356022660e+01,1.077939562056989757e+02
8.746530534059046147e+01,1.141489559054517571e+02
9.736305153057526240e+01,4.872443392401083173e+01
2.697735766731097584e+01,4.061057979042620758e+01
2.632065234838766088e+01,7.673589518026581402e+01
9.340948967874984632e+00,8.190804486761996372e+01
1.113750628541681067e+02,3.301556296103802168e+01
1.129441785820590383e+02,1.303994370004827630e+01
8.567257586702635308e+01,9.314130660043974785e+01
6.203464152485049787e+00,1.136368043987401393e+02
7.288894917114802752e+01,8.650041884618272547e+01
1.087869012994242581e+02,8.083742032995283466e+01
2.920416150465684169e+01,3.796520824323743426e+01
9.891286854427339392e+01,1.135322942605160250e+02
7.009498436341519323e+01,1.246305583182611443e+01
1.195049129435853814e+02,3.742386278346192796e+01
8.180193957856627662e+01,5.534594670607138767e+01
9.717897577182606028e+01,9.182328601678202418e-01
8.672032957182697999e+01,1.133091845747037496e+02
6.659422819750183464e+01,6.135393568093279271e+01
3.754828417553648023e+01,5.114566230265339897e+01
4.253083017608010152e+01,4.482770995337258313e+01
7.057682185336776115e+01,6.856432368771024244e+01
4.401415378444491466e+01,6.159354905186684448e+01
1.005875127624133256e+02,4.376165550086388123e+01
1.059796149565952987e+02,6.278651392103618001e+00
6.158384611829971078e+01,5.963227230551475344e+01
3.552137753065260739e+01,7.968894415063745384e+01
3.485498436768551045e+01,5.057566582860348348e+01
1.149830125830230543e+02,6.723671779712482532e+01
2.133595249582445419e+01,4.211424679354142597e+01
1.118118067877760780e+01,7.179979251854913969e+01
6.846651463734136911e+00,8.438405393704285018e+01
9.345856595451890314e+01,2.914846016326081468e+01
7.799942887037754247e+01,1.068584122960127161e+02
3.581835458102107594e+01,9.769146991969742544e+01
7.142431697584396488e+01,9.259719716701033576e+01
1.383464802116452397e+01,1.950263885847459733e+01
5.833871060427391342e+00,1.020065504322823102e+02
9.043945770038820342e+01,1.165382280148898388e+02
3.046703190521463966e+01,6.533704707455603966e+01
7.285479549092728746e+01,6.758582241672108637e+01
1.038042373639679852e+02,8.873767362962907157e+01
4.350567888751903922e+00,5.740214605711621942e+01
7.914805843981999089e+01,3.853279826638931382e+01
8.707146046952135521e+01,9.813693940076477418e+01
1.029518548612820794e+01,4.758673599342715477e+01
8.308567849853393739e+01,6.501610097750290151e+01
9.419554505009361378e+01,3.248159961574884136e+01
1.710540059756873177e+00,9.262247933318144533e+01
4.780302451579101586e+01,1.133870763319373083e+02
1.721200349957774378e+00,5.077164559451863113e+01
5.701132687170333213e+01,4.837351472013965292e+01
2.567867453305845871e+01,4.066262104610468953e+01
1.208477260157232003e+01,4.314871454020267549e+01
4.051799104007488950e+01,8.357166685757208313e+01
1.459314386077077330e+01,1.095234137537835437e+02
2.444194298242873487e+01,4.523311535379627202e+01
1.071722451434335568e+02,1.168333147028614007e+02
1.165449390961833274e+02,8.862936934826234392e+01
9.239011212938562778e+01,4.612054741757840759e+01
9.065637907630973302e+01,1.320684177133755099e+01
7.463060704561974035e+01,2.536466366383717030e+01
4.937526516143357469e+01,1.366337954163233093e+01
3.188783352138404581e+00,1.866045401883200583e+01
5.291918344294130350e+01,9.155819124144541377e+01
2.843331513866907301e+01,1.400670478301912070e+01
8.459844143345286227e+00,5.443755698862425874e+01
4.817102786619494026e+01,6.036542817056406562e+01
6.673748946130223203e+01,3.390971320924116128e+01
3.045473301864478799e+01,1.171310008358667716e+02
4.155962809413984438e+00,7.660045457551039760e+01
2.318722170149296247e+01,8.704116725043080294e+01
4.958491885400127330e+01,9.413888499607679705e+01
1.161288343837194361e+02,4.522297811082823671e+01
4.936838811513143099e+01,1.061673601682009433e+02
9.085447076020442125e+01,1.160246584676664980e+02
5.185901056294112976e+01,1.035416397286392538e+02
1.172652615210205767e+02,6.987472648597051261e+01
1.407639349835891807e+01,3.164975058043501832e+01
5.935763923999766689e+01,5.392945910737928017e+01
5.997656537651691622e+01,8.124037499135161511e+01
3.281443781277059202e+01,5.899777644375502206e+01
1.044672388837626364e+00,8.745320761730243930e+01
7.022113283221969482e+01,2.384224501788861517e+01
9.910120308447811510e+01,6.560234287796164665e+01
7.435178498171208616e+01,3.167267727182457193e+01
7.550152303324712477e+01,1.489556548411385961e+01
4.446138895601738028e+01,3.023514179587273176e+01
1.154006528040159338e+02,1.056536226041399118e+02
8.199364677003916313e+01,2.183884706806694709e+01
1.870024122016544865e+01,3.706984681436478013e+01
2.506460700200043590e+01,2.651259198229174530e+01
6.322158663469811302e+01,7.262088822666265742e+01
6.653451369650534275e+01,9.852622558729275681e+01
4.526323952883157631e+01,5.231698943940861213e+00
2.589422860998215725e+01,3.234256045054517870e+01
8.127981548760967456e+00,6.463205605880428806e+00
7.195941721798422286e+00,1.327203988524974676e+01
6.032923524129704163e+01,5.233929923212674140e+01
1.040305409845277040e+02,8.889106492964866391e+01
4.267554889057677059e+01,1.294609760910631735e+01
6.858756923311335640e+01,1.154402644030552665e+02
4.405108554829519818e+01,1.157233244008853319e+02
5.452082143616265597e+01,3.079844747187132015e+01
7.494443513528000267e+01,1.009504180345326745e+02
1.219035996104075181e+01,1.095922649148504178e+02
4.729045431256491838e+01,4.732285167814115567e+01
8.344325589580020619e+01,9.867615377948675359e+01
1.333893722744567611e+01,5.171343607137838205e+01
8.827239947993074054e+01,5.429790411319598320e+01
1.170544900591739861e+02,7.744898524780813887e+01
1.731616974340005299e+01,1.287318025724329296e+01
5.149937980325806564e+01,6.823545732622494597e+01
5.369875402878592041e+01,1.014547793784874017e+02
7.346907762354649662e+01,1.117388417028876688e+02
1.108732094188977726e+02,6.428207317084903138e+01
4.716341801903387676e+01,2.168778358280295393e+01
8.429389128797761543e+01,7.546580588672938461e+01
6.353741601940244976e+01,1.097104436733693547e+02
4.830404665064297376e+01,6.013164398671059274e+01
6.200913743665610411e+01,3.797873306808472904e+01
5.313547030264328441e+01,5.287652124786733054e+01
6.629151809642588944e+01,5.325767965369298196e+01
4.113991347493276862e+01,2.369893216798608293e+01
1.028563458590373187e+02,6.190539680953335022e+01
1.029562578181410686e+02,1.139060718646185819e+02
3.523127811262548903e+01,7.198958942403879746e+01
1.136840158462951536e+02,2.445103060645646664e+01
3.160570779351512272e+01,6.799018407960443255e+01
1.147232267191256483e+01,1.143622848713500417e+01
1.395993015707828278e+01,1.129837221258697753e+02
1.107395227651278731e+02,1.160680546757790523e+02
4.932118744531097576e+01,1.662453886614510168e+01
8.030021483327693943e+01,4.491848279900732877e+01
5.403356373831089599e+01,1.582483680972580942e+01
1.543755704307282706e+01,1.935396603375810187e+01
1.056487733114736471e+02,8.851871290361134470e+01
8.148749968835026891e+01,5.427208251105661674e+01
9.240890859790764011e+01,4.120669529561352817e+01
1.495951370985261519e+01,4.807013806108675880e+01
8.396895478463738982e+01,8.239996076211994591e+01
1.182137590839138710e+02,7.432662161252508781e+01
9.766072764295818942e+00,5.178995332989956069e+01
1.023952426872341306e+02,1.047990211814098558e+02
1.119995017766239869e+02,1.608198254300138075e+01
8.222408682348297759e+01,7.080136694110194640e+01
3.306557591244293803e+01,2.020768354714389403e+01
1.759766738325726010e+01,6.092553499374752590e+01
9.666037689396324595e+01,1.064399822260908763e+02
1.073011279335864714e+02,1.081572680674753570e+02
2.718750936913778560e+01,9.556915725615434098e+01
1.197665651667811204e+02,4.176004995842432521e+01
5.802317896157364885e+01,2.937135713671379733e+01
4.853125911942392179e+01,7.548172165856460936e+01
1.048300004882740666e+01,1.079870081050568160e+02
5.956807551059075934e+01,1.640105734350467692e+00
2.646634057462522449e+01,1.096184762837762037e+02
1.005365861926773334e+02,1.126870092439292108e+02
6.114107173055672462e+01,8.551748385223206128e+01
2.496953015709854284e+01,4.189851735095168550e+01
7.338902922506198934e+01,1.100384320316924516e+02
3.798116100836391240e+01,1.065729354286558106e+01
3.374305668498003996e+01,1.091094608896251650e+01
8.311707470197001157e+01,7.334018859280302394e+00
6.534836769292151359e+01,5.651824712303429976e+01
9.323857549408998580e+01,3.526595352853397003e+01
5.156229196912849488e+01,7.967198653220215476e+01
9.904063526277982987e+01,2.930144841547776480e+01
1.154714037505937085e+02,5.639779188430198786e+01
8.870492632154348200e+01,5.980443522702141479e+01
3.817098525823823962e+01,6.782477386631268246e+01
7.513936399125098831e+01,1.157761944319170198e+02
5.848413886146855845e+01,1.014578901779968589e+02
1.188146126945000418e+02,9.491913322923764440e+01
3.933509974228322648e+01,4.675997914872110073e+01
1.055333118515030293e+02,2.986449077963913012e+00
5.450909058753610026e+01,1.100499466144554219e+02
4.783062797911310504e+00,7.574796653049526185e+01
5.845052232439007156e+01,5.172980381860040211e+01
8.960367719116761975e+01,9.687398389118777686e+01
7.992228680577746047e+01,9.750902090301568848e+00
1.003755585768451084e+02,1.000572151120657054e+02
5.994682961756743822e+01,1.000925250340156225e+02
2.356171337340381200e+01,5.299198117890474435e+01
5.928453789812244423e+01,4.562719990245190615e+01
8.602084921565889886e+01,1.163906020515531452e+02
1.770504548327659933e+01,5.800957851647064700e+01
7.372199190360541365e+01,7.546262728545807263e+00
1.006955797607896983e+02,1.347893574754111512e+01
1.519087968648253018e+01,1.387557613500371545e+01
2.492678561062362164e+01,1.078039603781373330e+02
3.617241841316335638e+01,4.773708295089155484e+01
6.071726286344328827e+01,1.010109164292426414e+02
1.136940060228893685e+02,4.587812642682933273e+01
3.598321731358046804e+01,2.135314931471249977e+01
2.696395491921665410e+01,7.665715286655051841e+01
4.821920981742411527e+01,9.978480085250777165e+01
5.101983973298482056e+01,1.085382858849520460e+02
7.650583779615337221e+01,8.022104102173527451e+01
4.269575457080447478e+01,1.000574211068564949e+02
9.890961356407127880e+01,1.191339918117770083e+02
1.135856795606341052e+02,7.422866804575707533e+01
8.200086967744665856e+01,1.028452965734362401e+01
2.585365762992741878e+01,1.051458545841747707e+02
9.624643397966026725e+01,9.474782078054026613e+01
1.169646289112880488e+01,6.349838661324929490e+01
1.160244882222806382e+02,1.050160299320091042e+02
1.195700940808530959e+02,7.711514902390887016e+01
8.852437180129368244e+01,1.463046029144529214e+01
4.891507613378081487e+01,9.433503270165701338e+01
3.012113903157789707e+01,5.108452875347138900e+01
1.008192612885163797e+01,5.155145317464147325e+01
3.121443374053226449e+01,8.066503020797961199e+01
1.107466320927949397e+02,9.222844579673056842e+01
6.125033592634743940e+01,7.626733450132338987e+01
5.924052784364867108e+01,5.397222800368901829e+01
1.121760683224539434e+02,6.192141547142534108e+01
5.232083973725870862e+01,5.760355097526015378e+00
2.838190175039335372e+01,1.013051420330541106e+02
7.860626086828461645e+00,2.447093868509643499e+01
1.048882335681875446e+02,1.063725613088591899e+02
5.510961306959527661e+01,8.008040562506563731e+01
2.596935515997542865e+01,6.559424405948622905e+01
5.694283275942592581e+01,8.545061259734866610e+01
9.557964159803830739e+01,2.504039095036549512e+01
1.137409939170838413e+02,9.423681686737384666e+01
4.734193876105733523e+01,1.183805633812647500e+02
4.673935993256904453e+01,8.529224292523035444e+01
1.824060402258641744e+01,1.188653192818671300e+02
1.166284514012772036e+02,1.186662287646309579e+02
9.368820249675282241e+01,8.522182077405426881e+00
3.623967785039891965e+01,2.972608875393416561e+00
6.123487191625737580e+01,7.428643012618918817e+01
1.173614677087509506e+02,3.425563096514623851e+01
7.169588134681808356e+01,1.189523292793176950e+02
8.058717229767090373e+01,1.012718002679685441e+02
1.142797534478253141e+02,4.539649369818170577e+00
7.304862484919409837e+01,6.090862223153291666e+01
6.116395873223672908e+01,7.761642724883739675e+01
1.365150505337630271e+01,7.203933094494114187e+01
1.769387676229564832e+01,5.838092212862549957e+01
6.659620514839343741e+01,9.859020203211156286e+01
1.764711687706210341e+01,1.191722875189808235e+02
9.977954430004875519e+01,3.223903486574326571e+00
1.032199122070794317e+02,6.078373490647915389e+01
1.198268711203727293e+02,5.175746456098839587e+01
1.674269864627166982e+00,9.485705858294419102e+01
5.860021536597459146e+01,1.292099600388478464e+01
1.763237244849327823e+01,7.692922610698641961e+01
8.666366914228713370e+01,1.679978439298299975e+01
7.170195076116137045e+00,2.575077660211963959e+01
1.315270093187137590e+01,4.741039284862761605e+01
6.499597237555326501e+01,2.548723695060644090e+01
1.049798665800305741e+02,1.137912375579712716e+02
4.503565352390535281e+01,2.043829107659369626e+01
9.878356133130328942e+01,2.697361380436193201e+01
8.861301463284114277e+01,9.851243121808097669e+01
8.812117028568145827e+00,4.681144246772577233e+00
2.682135953102762471e+01,7.488191339332286312e+00
1.901778718785230637e+01,1.158383619758102157e+02
6.688167943944979754e+01,7.020168645833710919e+00
3.898912704843673360e+00,1.050382487812716192e+02
4.224189456990719549e+01,2.826725228329156181e+01
5.345284783286354013e+01,7.569931595879884867e+01
3.140248372463011606e+01,9.502124314164515084e+00
1.442830255361393199e+01,1.084200286812079526e+02
4.369957902106260406e+01,5.310113152890356503e+01
2.570209623590795545e+01,1.737705289304808787e+01
9.199996551783630139e+01,2.497005212877385105e+01
1.174201071154398335e+01,3.908908196302991200e+01
1.307320201992844488e+01,3.572167130696148973e+01
6.417210463555048250e+01,1.729638224542360803e+01
6.887755062672670192e+01,7.007395868871208222e+01
5.680129966131164565e+01,3.287421600924337639e+01
8.867763090961794603e+01,1.018716406406767874e+02
3.813278208507544775e+01,5.539446123495035401e+00
1.160502707996986942e+02,9.657933138395975448e+01
1.072159663234520224e+02,7.703283141617870911e+01
3.502005343194514175e+00,5.703250541601170198e+01
5.534347506698913399e+00,2.075044572025259271e+01
7.252162749687420806e+00,5.539036657384966134e+01
5.364581145135267093e+01,1.862157728763544995e+01
1.055872740904766260e+02,4.084849960873717123e+01
1.076475965781249045e+02,4.384320767611521319e+01
1.186897907583060174e+02,3.063752507478145759e-01
6.701599511630988104e+01,1.097075493603871337e+02
8.668133227891921422e+01,7.931747507069559333e+01
1.178125359825739764e+02,1.617831022660679352e+01
1.649203068287521035e+01,3.482272057507267959e+01
9.841066983618965480e+01,3.569115362826990179e+01
8.663533405689661038e+01,7.949702684861601654e+01
6.916433760077514137e+01,2.996977429477478694e+00
2.055021344816267970e+01,1.127438570772615094e+02
5.062215822474720461e+00,3.398235516106109344e+01
9.896997109531223913e+00,4.419461002095032143e+01
1.912309178420349554e+01,5.572066578215206789e+01
1.092521758397597154e+02,7.815382193866018667e+01
1.145383950568592297e+02,1.280142772654860295e+01
6.983960960256456474e+01,9.635990088968432588e+01
7.491268301122887863e+01,6.067182551273495505e+01
1.221580373029750888e+01,3.932049321008429388e+01
1.159854215760368419e+02,5.815690224967023170e+01
1.130457052203611568e+01,7.672662704145258772e+01
7.659330206739114466e+00,1.710808786891782773e+01
2.772528622165344814e+01,9.425753739808975240e+00
2.257265013371273810e+01,2.072850711741256546e+01
5.888671833610021622e+01,3.316752357329499290e+01
1.127502037146864069e+02,5.096819765543260417e+01
5.823601685820568008e+01,8.667795125929882261e+01
4.306586265222900067e+01,9.943432020395425752e+01
5.651061194739808968e+01,2.566224673282670210e+01
3.247392979105246980e+01,8.435819969524230544e+01
1.161181707002745753e+02,6.049499452919021536e+01
1.013051074645515826e+02,4.341228014555581893e+01
3.061201551967155865e+01,7.863080218538686950e+01
2.834690951374378187e+01,9.656731729429491651e+00
5.497255571348814129e+01,1.350078259588993745e-02
4.796781378358582515e+01,7.462112149436671871e+01
2.799705936954629237e+01,1.971682210955756354e+00
6.203954034761397907e+01,1.042124665980728651e+02
8.441954159292970417e+01,9.144671488020233596e+01
9.225034657219336509e+01,3.505415563554969083e+01
1.046235451832600489e+02,5.414862946364341667e+01
1.145673800093466070e+02,2.599721543735404339e+01
8.728021229549408844e+00,5.993362701721052588e+01
6.134931902344565202e+01,1.114017963895215786e+02
6.994433508053150206e+01,7.105853078009684509e+01
6.267220500050295584e+01,2.400317665217599483e-01
1.182158333974157642e+02,4.334282312487532351e+01
4.473260535267638716e+01,9.463449067413162652e+01
1.033966890685608746e+02,1.223174417602209019e+01
1.542123713152749431e+01,8.355977887127464498e+01
9.034409179889169650e+01,1.390327487910324678e+01
1.855633678159972177e+01,6.970273114607155662e+01
7.507229869508333309e+01,2.373692477395098877e+01
1.043166722045796604e+02,4.054160127252281853e+01
4.469948485545130978e+01,3.373240559821885398e+01
8.566433205545216367e+01,6.562034162983114527e+01
8.797860120007358375e+01,7.229741576056530050e+01
1.012789928514843751e+01,7.613701094834337368e+01
1.915552675864571697e+01,2.303944423245704698e+01
6.693390667977519115e+01,6.275524198565549483e+01
4.053484233842450379e+01,8.012389170137134897e+01
3.562793447049824636e+01,1.119589962838414721e+01
3.970044388851653849e+01,4.778047411070224371e+01
6.416670727808167385e+01,2.738866826998924608e+01
9.390921474242021816e+01,1.148435800953645582e+02
1.194723455742529339e+01,1.135864489008696125e+02
3.102528552431970610e+01,4.667477951741626896e+01
8.285118644046980307e+01,3.455160683158605650e+01
3.499866094090373281e+01,5.482768168649485574e+00
8.620454914870107643e+01,5.169892519074465298e+01
9.899591812299993876e+01,1.191428251849688422e+02
1.100931904943546300e+02,5.822100529361624410e+01
9.026011595322054859e+01,3.841680542097614648e+01
1.049915985843356907e+02,1.307633216078599503e+01
6.130308181324591033e+01,6.030094107678786486e+01
1.130127565753556098e+02,9.949137875851558022e+01
9.945901782543373315e+01,1.042605673076725594e+02
9.062691326469732189e+01,5.764673732521447391e+01
1.971362033738724051e+01,2.945029282842912721e+01
4.715171896730636547e+01,6.765124295867869364e+01
1.154160232189617403e+02,3.436661422453228809e+00
1.090264505726350563e+02,4.497622811700186674e+01
6.009731121460173853e+01,8.516947660259425845e+01
5.191161199982303742e+00,3.185497725987014306e+01
8.992747578173242573e+01,2.625424896763803773e+01
1.037892165141450995e+01,2.079715927165905498e+01
1.679331831350019399e+00,1.071198465200963170e+02
6.530782584645837119e+01,8.419663758732124847e+01
5.940161409912994017e+00,9.539861941677602886e+01
5.334938226996953858e+01,2.654734250808782647e+01
9.528259256494665408e+01,3.703734669493510978e+01
3.947752776546282760e+00,1.697092000900400421e+01
1.845090673282068749e+01,4.066780490673509263e+01
3.270331243991051906e+01,5.459039254315922740e+00
1.526872414192911087e+01,1.174230695459054203e+02
1.171485165425659574e+02,1.095178954098569761e+02
9.424072419960624813e+01,2.085302569270101003e+01
8.306031939392553909e+01,3.551846713409602074e+01
1.280643002765648575e+01,7.102222163330096372e+00
2.418753496506361600e+01,8.509840257507192973e+01
1.636699407134422302e+01,8.951553851422436026e+01
1.167403793238318741e+02,5.853141558663362076e+01
7.709617483780994007e+01,1.044927054384528304e+02
3.169769082232348723e+01,1.077489175404012940e+02
7.478708312199074726e+01,5.449256099002678866e+01
6.216146680320737516e+01,1.728441070645219568e+01
8.233908265658079983e+01,1.048390023266234579e+02
7.283481604518654251e+01,4.785041306960559382e+01
4.895316680456063807e+01,1.149252447723144499e+01
9.112820745437331027e+01,3.498177453318677976e+01
2.079875966857414049e+00,1.079091637889046922e+02
2.164887215916182583e+01,5.195980366678297457e+01
1.184958287848316694e+01,1.138522838571144433e+02
9.197236346824192310e+01,9.319140678077160089e+01
6.034625562017609468e+01,8.551141266094226978e+01
4.556160642866782950e+01,1.012782463742346977e+02
1.935500514144309037e+01,4.114889705962931288e+01
1.433656702409223271e+01,4.983978241094939676e+01
1.035278367401637496e+02,8.646076304226698994e+01
1.162416779684188555e+02,1.164642700229312311e+02
1.135580295367910111e+02,8.151578039058504999e+01
1.973091319509526187e+01,4.046621719922952565e+01
1.053766719800279219e+02,8.094501396674695570e+01
2.487870881699430470e+01,3.914446264189150781e+01
7.282774516878365034e+01,3.882593675905931718e+01
1.354518291199209301e+01,3.920781553049443602e+01
9.399319571366669379e+01,9.547327922866089978e+01
7.774782696980987851e+01,1.079049496913362276e+02
7.447719415259204112e+00,9.424085035756824880e+00
7.143762110210379035e+01,2.854765674110014828e+01
5.917248533194608484e+01,1.186665030247692272e+02
2.689657842005520649e+01,1.521104836644964209e+01
8.614797387353148395e+01,1.055765883669480445e+02
1.837067995324032665e+01,9.552894876834994164e-01
4.237690619492116184e+01,1.145117258708632590e+01
4.706587824481493243e+01,3.054122492229838670e+01
8.452947107776540747e+01,5.330705746248896304e+01
1.192353394678889345e+02,4.346714194168646017e+00
1.533483006079881861e+01,7.643441941655968463e+00
7.910227434599541141e+01,5.092510348582810309e+01
2.229325116842428756e+01,4.932596484131020276e+01
2.763690980856210899e+01,7.369519023613457875e+01
5.902379843851694829e+01,3.882734191712571281e+00
7.695780832665830573e+00,2.154351261101741244e+01
6.439047810187324217e+01,1.053706114394678366e+02
1.029613930780095998e+01,4.942312097763274892e+01
5.192415387945440131e+01,7.823202461745849234e+01
4.390175572502995038e+01,5.773360190155254656e+01
6.284295826777107408e+01,9.888831023672956633e+01
9.916968162457924052e+01,7.648237882331804371e+01
1.188174308964314747e+02,4.813377726805710921e+01
1.479684766700573029e+00,1.043704042969578865e+02
8.950483858617695887e+01,5.100146363826564766e+01
3.598668315085082980e+01,6.717545976315076928e+01
1.481461228165716904e+00,2.439979502822042789e-01
8.702943696065617019e+01,5.766672672926872423e+01
7.610412958764179336e+01,1.882628243519984679e+01
1.137804947432807552e+02,1.765005869432945218e+01
1.693515619397611971e+01,5.163727977142017522e+01
5.858841309207529946e+01,6.275085932531150945e+01
7.861606646449143909e+01,1.024616537703406749e+02
1.178464237367724792e+02,5.371272477029876313e+01
5.503664295443109467e+01,2.809749554603295962e+01
8.383444650238814688e+01,6.164507971989937118e+01
5.417943157649048658e+01,4.089455904721112489e+01
5.646476516823578606e+01,7.458686874889345120e+01
9.895792134600962697e+01,7.119410077666756820e+01
8.901401076477444008e+01,4.804078020539876803e+01
6.946255583715436899e+01,1.092315659356985975e+02
5.708071400456648803e+01,1.933922394617136220e+01
9.236511211521846576e+01,6.897280940145077466e+01
3.632988080497338501e+01,2.422161026819878060e+01
3.005294783230282718e+01,9.874541184764051138e+01
7.717123181860259251e+01,6.270005399766734655e+01
2.276157855638131622e+01,9.442741698463309774e+01
5.922303841688160730e+01,3.497541538250454352e+01
8.047759052169777760e+01,8.279831119602035017e+01
1.999592320713002636e+01,1.037564552196942316e+02
4.732941555110486576e+01,2.706786811633996948e+01
3.501754704937467011e+01,1.127436795064682116e+02
5.490756353487511632e+01,7.795664868486711896e+01
6.100262161083121981e+01,1.193483007344651838e+02
8.727085188186262599e+01,9.962623348159144143e+01
4.136825674943176523e+01,1.103156942072999556e+02
9.411475305969378269e+01,8.932467624788679927e+01
1.006863012307175325e+02,5.540306077153132236e+01
8.017153188933284014e+01,1.041241129634505000e+02
3.557548146859944893e+01,1.035937328349247935e+02
9.538893356256558320e+01,9.793537118349141224e+01
8.047864780452013633e+01,4.688503004750876357e+01
7.198948682419350575e+01,1.083673348441066224e+02
9.101891805821426829e+01,6.742118764163706146e+01
2.883581266363895779e+01,1.057808924028099113e+02
6.231217535502361926e+01,2.613137729364870410e+01
4.194504660003384089e+01,4.631981243438485762e+01
7.027440597451430904e+01,2.228272542704092807e+00
2.729046886799129013e+01,9.660631784064438676e+00
1.142383514530944950e+02,4.845036004361987381e+01
5.171083732576021674e+01,8.481556893103106631e+01
7.336310608996943472e+01,6.934545077373485356e+01
6.716874471764563737e+01,3.547334269187351907e+01
7.912061994889688776e+01,4.407193551416430921e+01
9.769192753967595877e+01,3.726524353651174692e+01
6.043065510565752874e+01,5.494004520563371408e+00
6.986271558955805538e+00,7.350214810639819518e+01
6.600582768133289591e+00,1.141174417912904033e+02
2.816679787630730658e+01,6.422706761506286455e+01
4.177159518416102912e+01,1.479508216795357711e+00
1.003531074095566424e+02,7.988075184361872516e+01
2.218951064723784228e-01,4.538228210836638254e+01
8.974898701213362529e+01,7.137378068447397084e+01
6.968224131768651830e+01,1.667319079489331912e+01
1.014878306991372625e+01,1.125562206973841057e+02
3.852651678056397344e+01,3.081786904562712337e+01
3.884787108935902467e+01,7.247788467463682593e+01
5.117646440889251380e+01,5.435957631960158665e+01
3.910826583790063182e+01,3.500642763700610516e+01
7.830190970163792485e+01,3.549662577782102346e+01
6.714568453243853696e+01,7.481099134357489788e+01
5.914280018389666793e+01,1.018459401601579657e+02
1.170235274670773151e+02,5.814532422338555051e+01
5.290553409724289935e+01,1.113694418377358346e+02
5.404269717699152409e+01,7.198326270319817866e+01
8.944924876827725768e+01,1.860533754393346584e+01
8.577366941026399161e+01,9.476428735354457444e+01
4.565711288027924297e+01,8.262268276629815489e+01
9.373858315760283233e+01,3.676749710243561964e+01
7.923937142059727989e+01,2.986555598986636895e+01
7.455756337920419696e+01,2.392150755941221618e+01
6.955423309258742393e+01,2.912653847399299778e+01
2.194483460515161255e+01,1.164918050114676902e+02
9.091197600402365353e+00,6.301701848859751465e+01
6.821329088739300062e+01,9.459482355021124533e+01
2.705546549790602029e+01,1.195936007095524189e+02
1.185179143481075670e+02,6.012190997660444935e+01
7.344768047987916759e+01,4.466383511342157675e+01
3.597654526636888761e+01,6.803451958112121645e+01
2.588419964397523287e+01,6.360427011311643497e+01
5.932814647185290369e+01,3.758886867064231296e+01
1.104226617773710117e+01,7.022827707898539984e+01
1.142790919805527921e+02,1.010088720185527222e+02
1.554366036465565060e+01,3.542575667251821159e+01
5.594167557594317230e+01,7.472800634674173637e+01
5.941923174493022231e+01,8.100589644870927941e+01
3.624291179008025665e+00,6.735049968705583012e+01
8.168593505162705526e+01,1.111423597220261001e+02
2.948485075153624990e+01,6.047725186377235218e+00
6.649884787395670571e+01,6.521162365495523261e+01
7.581604808658750017e+01,1.686592599721220154e+01
3.593214511446512205e+01,1.120082359463585107e+02
1.046106289150488493e+02,8.225842736670541910e+01
9.617413920891519297e+01,4.499889952829607864e+01
1.102198262769440049e+02,6.765447568104105969e+00
1.769023137466570361e+01,7.778384324877585243e+00
2.063340666689459724e+01,9.816052219652461019e+01
1.034337423687527320e+02,8.236000220866368693e+01
7.274403838161555313e+01,9.134035869803190621e+01
8.392620340555292557e+01,1.133608732373930224e+02
1.079078241439309522e+02,2.200515496184982567e+01
8.276170760657068115e+01,9.434782496074353730e+01
8.782434198755720445e+01,9.979895234582005514e+01
8.545531256080673188e+01,9.876494991284009473e+01
8.229127072079276672e+01,5.873609697180840072e+01
4.091244978648167319e+01,1.043912333187744679e+02
7.422421252352209287e+00,5.807738130740593618e+01
1.958603386853120654e+01,1.085270036803758131e+01
3.296741560254565684e+01,5.392950801173632414e+01
1.046534069509211236e+02,7.673570955282377781e+01
1.829351806067835895e+01,1.185908275598748958e+02
1.837842149170771222e+01,7.770043199984611704e+01
6.984169343239878458e+01,3.338176427835892923e+01
1.192140932078299045e+02,6.034341635317658614e+01
6.883129592526645979e+01,8.568830843126555408e+01
2.836525040352042559e+00,3.061874043998913208e+01
6.918045831584298355e+01,3.651196390881074194e+01
2.741511069389219557e+01,6.577304147586181671e+01
3.952408572218141103e+01,9.156700471313401124e+01
8.035429736176746474e+01,7.668173378416159380e+01
1.968728007522262402e+00,4.758332188530395968e+01
2.640645500034586313e+00,7.498878319461924491e+01
8.600488202854554842e+00,1.111358512101603679e+02
1.306324918635856847e+01,8.951489652187395052e+01
8.618193891313067923e+01,5.362335859895298995e+01
3.953753161677623496e+01,8.958934699585367412e+01
8.236115866049640033e+01,4.296468376407598377e+00
5.867485037912598500e+01,3.499238843010604683e+01
3.122265545752327043e+01,9.039326756413699115e+01
7.136624789289508897e+01,9.661642028381027103e+01
5.670892159182794501e+01,5.678018046625113868e+01
5.273532551103822641e+01,6.138898905048465338e+01
2.716357560551347916e+00,8.258034388395261161e+00
1.586793899331817137e+01,7.026245849836637092e+01
9.729227474351340277e+01,3.833507651229169966e+01
5.180381729324972184e+01,2.719509909277727289e+01
7.272347718686619089e+01,5.837647968237216212e+00
1.781887684520870607e+01,9.726870526324637467e+01
4.221177748293550280e+01,1.186138006015092401e+02
7.447784047860076839e+01,3.496114441407774365e+01
7.619200938877565932e+01,1.153751581726231876e+02
3.962112708076142020e+00,1.112165282200147374e+02
9.175631742721154183e+01,1.114621876856727596e+02
9.542925937372909573e+01,1.184937113412009069e+02
2.078564912633577322e+01,8.473791589683153802e+01
1.071982794811546569e+01,5.611544996586354017e+01
1.118487959752479952e+02,1.057351594840317546e+02
7.303288419348750438e+01,5.030211916150776830e+01
1.026919314930366198e+02,4.940971894109588192e+01
2.442434928256673743e+00,2.656159163868032635e+01
6.610930122369275352e+01,5.530332067847906785e+01
1.158824925375730714e+02,4.912293406594938716e+01
5.973925590053121226e+01,3.497099509127406236e+01
2.925793545669332829e+01,5.407783040646787498e+00
1.790415661132814762e+01,1.141447577278904788e+02
4.518073505675884149e+01,2.682221373288154354e+01
6.619904066038975543e+01,5.692430711697568313e+01
8.491424025993391922e+01,1.169066072322267757e+02
2.921090056766596632e+01,6.705858382750412261e+01
3.980952253816227682e+01,1.038877824472560434e+02
2.675721981582346842e+01,8.049214945156889200e+01
3.729441711355489275e+01,1.021940419878172861e+02
6.757523799651474761e+00,9.093268561001826811e+01
8.071215395293828010e+01,1.055419467039554888e+02
2.147143343377431179e+00,4.197579880010545139e+01
1.281461555292475296e+01,8.915811129764745147e+01
1.084915323223453925e+02,7.348528047700111188e+01
2.526058187957094248e+00,8.132862577319106379e+01
7.904538114927784420e+01,8.413111942987362113e+01
6.496908111023681442e+01,1.128195536975661355e+02
6.710989954050354811e+00,9.534434799797209337e+01
7.104091801922108118e+01,1.063143058296440984e+02
8.067303147042262879e+01,7.871364682886028419e-01
9.650627919566227320e+01,7.740814418723589085e+01
1.651966624532114025e+01,7.285059687335817102e+01
6.695903017020297909e+01,1.065274309010946752e+02
1.005109365918706175e+02,1.152351282319138051e+02
1.042903648457879768e+02,4.550341121367775088e+01
7.989874217280755886e+01,3.424933563926733093e+00
9.548470897614284070e+01,7.785298166764141570e+01
1.188730517445642789e+02,3.183945250156500961e+01
6.753820878806431338e+00,2.104775348360000109e+01
1.147674462432847804e+02,9.439122816980123787e+01
3.626762254884226166e+01,1.145401435510183035e+02
1.173648002660447105e+02,9.367260840485715789e+01
7.040063408428781599e+01,2.987949578473097034e+01
7.555838110488114978e+01,2.056196118212917412e+01
1.187359586936009848e+01,1.578266939655968315e+01
2.570293802721401732e+00,2.295317075374200755e+01
8.495965099020864386e+01,8.480757447378989866e+01
9.916634789447883236e+01,2.962958300878428375e+01
6.352191605577264255e+00,6.630167927282388973e+01
8.542980807850938163e+01,3.997599824780227351e+01
8.224696999539766296e+01,1.141692259029805285e+02
1.568825338912609979e+01,6.559622081063790233e+01
6.741484221246710717e+01,7.307896159040176975e+00
1.113115769787476523e+02,2.521856219910181274e+00
1.081354910369725246e+02,4.423543245100369603e+01
1.068027485522644895e+02,7.683504754797738201e+01
1.114139198120680447e+02,7.179821570011250742e+01
1.120097704283677587e+01,4.401627092217409398e+01
4.520916049052569008e+01,6.728243562669004518e+01
5.706635170533327361e+00,8.086380807602715493e+01
1.193393337978385631e+02,4.244167777702765676e+01
8.583050104327152496e+01,1.041490163444376833e+02
3.505035654402632161e+01,7.895737533379809747e+01
4.369376968854329135e+01,1.096405034949131618e+02
2.405937417405104384e+01,7.676422890564826673e+01
2.095973399222494926e+00,5.702128050261589465e+01
1.970087837937265363e+01,2.907787212897508056e+01
7.871124722755733671e+01,1.415145081114544823e+01
3.879792627625301549e+01,5.600010943731185620e+01
5.094142179221581301e+00,2.456146613722413363e+01
7.807465162243329360e+01,8.645214117123974518e+01
6.941460391165679766e+01,3.848056890602564550e+01
4.788403864746949523e+01,6.008361367312581791e+01
7.493220148316501650e+01,9.756578826093944201e+01
4.800092934863598515e+01,3.962529251330531110e+01
2.686128399768831798e+01,8.762660962809930254e+01
1.094320958712957577e+02,7.989023008044495100e+01
7.998088977273216926e+01,1.911077519507329470e+01
4.037069290219751849e+01,6.633618995979740873e+01
9.859608859824662375e+01,9.146326575551081817e+01
9.628661948779541291e+00,5.917121899079661063e+01
4.481203403681990238e+01,1.126796661509224009e+02
4.930712218509238909e+00,4.786957806197847987e+01
9.316743547087605748e+01,4.509199136298899191e+01
2.278328287112474015e+01,2.509855479992109117e+00
2.339918895455240744e+01,5.778473939076444310e+01
3.546548007412511083e+01,5.419243593832889161e+01
5.383103329407749982e+01,1.172600838298092611e+02
1.043885072395278613e-01,5.827977447377108433e+00
7.977183294773223565e+01,1.194169936877855349e+02
2.701528751390687155e+00,1.047669078944919789e+02
1.061740969945265434e+01,1.465309335076387143e+01
2.819173979170447453e+01,5.569365268536770053e+00
5.820332139109831360e+01,7.477609791096561764e+01
1.584092764088304151e+01,8.698863284571129384e+01
1.176516773489814085e+02,5.317719399141453351e+01
1.339684088789994121e+00,2.039713234120986840e+01
7.762943780582102704e+01,1.183971364626226688e+02
2.264957500207254526e+01,8.339706850165207186e+00
5.378383888296154680e+01,8.689956158841027900e+01
8.694674529462676560e+01,3.156868305677777897e+01
4.018043564372602816e+01,7.577618160367568123e+01
1.468311893351379993e+01,9.746159412769235075e+01
5.197436588947545744e+01,1.068680094859449703e+01
2.765999249649128444e+01,7.947976166271786269e+00
5.910705265063207747e+01,4.724050852555223656e+01
4.023505215825298365e+01,1.008935488028109972e+02
9.079640129207206201e+00,6.024126805300974041e+01
6.046459638757193034e+01,1.027876461193244211e+02
3.513545859668444393e+01,2.539067664097230903e+01
7.920046874359134392e+01,2.843217470516905010e+01
3.178271776272056925e+00,9.370496677687999210e+00
1.292379498011376171e+01,6.222495983763122496e+01
6.978359265857375249e+01,9.662945825301150649e+01
9.674627880961551796e+01,4.945222151358423801e+00
3.890513611582872500e+01,4.240953898419370205e+01
2.062837848264332763e+01,9.314878536383002938e+01
5.420337448362319321e+01,1.021952874103836706e+01
8.794714366669533945e+01,8.454419593851449122e+01
4.190819738251736482e+01,8.282350906133362400e+01
7.732523056768938474e+00,1.227146901269798640e+01
7.207576551254146580e+01,1.077981044969190805e+01
7.276241713432752078e+01,5.822784280769058540e+01
1.015837653194810315e+02,8.189686384597916202e-01
1.140582963447408282e+01,2.387918930404394757e+01
3.454671245861322859e+01,1.194945179059542255e+02
3.142396238300024791e+00,8.776968277265788743e+01
1.487296565213533484e+01,2.439320868032808320e+01
1.383926298089254381e+01,4.632649569797394662e+01
3.763478155996498487e+01,1.355242489347391199e+01
9.928688037613527229e+01,1.048898942887387591e+02
4.866348254189122002e+01,1.773200975341939767e+01
4.619773431886340376e+00,2.295733731435416303e+01
8.822542745087761773e+01,1.094458202006500471e+02
4.713281211939700199e+01,7.031467211086692259e+01
8.514691183601773616e+01,5.844498216056219775e+01
7.929844496776856033e+01,5.636567925860877892e+01
7.485546208079649944e+01,1.425951778975863782e+01
9.350511148726735655e+01,6.617385029612418634e+01
2.436317839971560062e+01,5.238761215830616891e+01
9.326806837134670047e+01,5.408283302930228587e+01
7.578192180828598623e+01,1.398226239285394357e+01
3.837707778534695535e+01,5.777444340061602901e+01
6.865510709257731037e+01,3.756184766505095141e+00
1.743546733783895064e+01,9.892445440125722200e+01
4.056919511721362426e+01,8.218472310379318913e+01
4.048281037122536929e+01,9.062937727474285055e+00
1.993147536562351263e+01,3.237698607259797967e+00
4.617086152235805940e+01,2.353717482653484794e+01
9.442344771687291427e+01,6.412995689810174760e+00
8.581020419868575289e+01,8.057135637755567359e+01
5.897740065736881832e+01,5.664598329770311835e+01
2.172652083407994894e+01,3.951329191865844592e+01
9.328505653300739198e+01,2.321609285560207425e+01
7.492465836131718504e+01,8.961627866134205078e+01
1.116117884132987115e+02,5.824017477942584620e+00
6.480596228374790257e+01,1.143989539738030636e+01
1.063818792287304262e+02,1.143999028176624790e+02
6.706853214875718727e+00,1.190685375254640022e+01
5.491909252707479538e+01,9.299182547826833911e+01
7.392339798264991657e+01,3.980643605924097983e+01
7.162093887430297912e+01,9.575548916824845946e+01
1.105798473526581205e+02,1.659891169387860188e+01
1.011624499725193687e+02,7.774924038022219008e+01
6.435646279074590836e+01,5.289323584098337250e+01
6.129654124171418061e+01,5.504700254772031087e+01
8.048288369688617649e+01,1.094437688236396724e+02
2.842587212768675542e+01,2.477259076922022629e-01
3.090965655594413164e+00,1.094035951592081375e+02
1.114599239377394042e+02,1.050178801054929494e+02
6.989677468931913040e+01,7.022542742874196620e+01
4.846923309567711868e+01,4.053836291052149932e+01
1.119867433947647442e+02,6.364064710784209922e+01
3.302512273213953620e+01,7.886716597826172404e+01
1.099918831071268421e+01,8.204262539599385207e+01
3.268940220309261946e+01,8.329372327469054937e+01
5.783133115500750421e+01,1.033420267659759588e+02
9.079456589391288901e+01,1.179912587750124260e+02
6.968065035343761338e+01,9.914575416085753545e+01
7.904565510595452338e+01,8.840834243286997207e+01
1.074527991304133110e+02,3.755120891939856875e+01
9.554091165607616176e+01,1.112205464587138408e+02
1.186817334197014020e+02,1.749816585658196644e+01
3.374738181828014660e+01,5.096146479785855377e+01
4.570190047243323761e+01,1.124962963351703849e+02
3.015442086910047337e+00,1.075785579775282628e+02
1.018356431184264466e+01,1.125054037419845372e+02
1.105555189958285638e+02,5.787333830883989094e+01
2.090410955783956126e+01,2.297744582064312979e+01
3.112947640201497279e+01,1.018700809520027093e+02
6.488990286689656273e+01,1.049789531206900932e+02
9.055823799087700365e+01,1.161244656996829292e+02
7.936523233529734966e+01,2.040532508116191934e+01
6.563267896536645196e+01,8.871406179505075329e+01
4.294853172980560174e+01,1.199732962136155123e+02
2.607153164311704785e+01,1.111956482474675880e+02
5.879205497930882274e+01,1.013729775519601759e+02
6.394224429274310495e+01,6.607355769284657754e+01
8.486082019967980727e+01,6.288860717616388030e+01
5.381642672441989816e+01,1.425011692431354149e+01
8.072708632440871668e+01,1.152052097099191315e+02
1.131151051367442619e+02,5.636879198171511618e+00
5.240545917386570807e+01,7.148681841323968911e+01
1.184966629350959977e+01,8.527595353991418392e+01
5.200356039846938216e+01,1.557939155919836693e+01
2.551773669168261094e+01,2.201159676421515776e+00
2.761286509103538833e+01,8.406313753940828803e+01
5.920628917740501862e+01,2.805411575521017653e+01
3.033033356660655500e+01,5.679866447088902248e+01
8.799552721079845696e+01,1.174048791648031056e+02
5.984811242757919558e+01,5.319281058629516679e+01
4.549812360121795507e+01,9.858487075313749415e+01
6.913786064078475135e+01,1.098971510516480663e+02
6.578553372441515990e+01,2.387031007665071058e+01
1.261383559954591860e+01,6.456500161221323708e+01
2.287979059517942204e+01,8.382392328027253825e+01
9.396071343232209472e+01,9.328812736434278463e+01
4.874872403745287386e+01,6.610149178450322438e+01
2.719986727869790855e+01,6.227121774658189679e+01
9.807089738468043549e+01,7.670529651649512459e+01
8.005928710460602815e+01,1.147366042750884247e+02
3.441164884782959632e+01,7.794848879004337050e+01
1.061585437735447215e+02,3.986285542755722133e+01
6.053921633176608808e+00,3.537789454774309661e+01
3.478018499772710470e+01,3.446908451453500533e+01
6.304636857291603746e+01,6.748423333496610610e+01
4.621778910754748182e+01,3.863971028203447133e+01
6.283299548667672241e+01,8.760742851580637591e+01
3.898786296908753890e+00,9.908821289857759496e+01
1.589211488561654839e+01,1.087682826210582903e+02
5.912081678447668764e+01,6.771062884748756971e+01
1.176988941183777087e+02,1.076661924644967172e+02
5.341049411839954786e+01,2.427399904450691892e+01
7.148999295344439986e+01,4.822153451996831208e+00
8.048765444370280520e+00,2.715530607283339748e+01
5.013002177573228835e+01,8.324461421129490191e+01
1.186950915909646298e+01,1.025824574115525110e+02
5.397332339252492517e+01,2.327014108713543550e+01
1.037339031718608027e+02,8.290546707759352785e+01
1.031810422717360893e+02,1.158176048064865569e+02
9.835231090591699399e+01,4.116096211922655357e+01
1.184194431555752942e+02,9.036356200470969213e+01
9.828383068919097809e+01,4.377876580351510682e+01
7.160709934298407120e+01,7.467993554355005870e+01
3.326083186743862541e+01,5.748395569188097198e+01
3.259103539066557431e+01,3.455389621858140003e+01
7.851080318951430570e+01,2.389658630921771554e+00
9.098282833162599559e+01,5.820480488177654621e+01
1.507810952366241075e+01,5.796143968770403632e+01
4.505245989681097285e+01,1.048768775953605257e+02
8.075210036876136144e+01,2.694994248880430376e+01
1.098793187590393927e+02,1.038931405519863063e+02
6.519489469663629677e+01,9.126309896190637261e+00
7.958643413091087382e+01,5.076519781500007156e+01
7.523747733547786254e+01,1.178545780320802372e+01
1.379502681837515254e+01,1.798631030008151299e+01
6.584701169297822787e+01,8.657646508994073997e+01
4.167754963183875105e+01,1.119622875287675257e+01
1.978148492876453091e+01,3.829684002109531349e+01
8.070786392263826770e+01,4.058217640911929180e+01
8.531223670769070111e+01,1.080340454694648855e+02
3.799219702854194480e+01,5.151901009710853430e+01
5.171508174711427586e+01,5.108476620179641969e+01
7.395818824840931427e+01,9.928241204108060458e+01
6.886294686743799787e+01,4.740079709549257103e+01
7.001651091892036050e+01,1.087481659108539844e+02
2.517194967964989871e+01,5.125288273160980168e+01
8.455461972110499858e+01,5.905825502078515399e+01
3.303022509518718230e+00,3.695155200984234511e+01
4.652889034952076486e+01,6.254978305488535284e+01
5.087914088905953491e+01,8.380774750666995487e+01
7.471476530191677057e+01,8.149115302156350538e+01
2.219044439274346558e+01,1.112524188399055163e+02
7.169121869412843751e+01,3.325661774956429184e+01
1.082127894014361402e+02,7.649351330479464650e+01
1.146103128283930204e+02,5.763407507829852960e+01
8.416298042180150674e+01,5.299551965665681763e+01
3.692051142869070190e+01,8.424153292145709315e+01
3.009175762763570461e+01,6.077319737661360222e+01
6.343759135133159788e+01,6.335369980931898226e+01
2.413204158487327078e+01,1.053023537743076758e+02
7.236319264201539170e+01,5.329591761835043684e+01
9.084895285052468239e+01,3.340473287802078772e+01
7.875306470410484394e+01,4.517560246285221837e+01
5.042781709098277787e+01,4.292450595410547010e+01
6.411229677869737031e+01,8.588955154542465209e+01
3.323606269102077704e+01,5.338336308098429583e+01
6.986822675203809752e+01,3.986144750301779993e+01
2.941531718916140647e+01,1.169636322475518710e+02
7.545708695156189094e+01,9.480475569391042256e+01
2.049094933082706405e+01,6.666566226059725864e+01
2.312308758302430434e+01,6.416192901692684813e+01
6.185677754004017714e+01,2.734711986658479788e+01
2.428115670325678010e+01,1.108906202259588554e+02
1.023715216801291348e+02,4.844746157683056964e+01
1.658161355634329936e+01,3.801947608166233294e+01
6.427580231780295605e+01,5.872825438442193047e+01
7.973734990535342604e+01,1.860907636196304082e+01
7.478809032163810855e+01,7.966063911883779269e+01
7.313582525152136782e+01,4.109480658590884161e+01
1.138354016452616975e+02,1.185326376969501183e+01
9.082708096531719377e+01,4.935341025373700319e+01
1.063527554622107658e+02,1.728723215479578101e+01
1.101102578774591478e+02,1.090226782792226601e+01
5.058760707241446397e+01,1.349090753988704705e+01
1.107043356160897929e+02,3.684820471058110769e+01
6.753422280746703166e+01,1.131789420986090136e+02
6.343331105929277669e+01,2.043404210824992795e+00
9.466345131108195687e+01,3.648240194819845073e+00
3.915276023458461907e+01,2.652299780154336162e+01
3.102164234245170960e+01,3.181237677839305888e+01
9.330115330004090879e+01,5.205401301076035736e+01
3.741485899848668595e+01,3.424018757740920194e+01
8.462724029402211556e+01,8.918094808871772727e+01
6.125561755821026111e+01,8.815677509735456852e+01
1.038132447572718746e+02,5.783762496895121075e+01
2.670470893555794234e+01,1.066865200034089725e+02
1.056087576722596282e+02,5.751045484666570928e+01
2.762151411996928019e+01,2.503430781436755481e+01
3.887954346578926845e+01,6.567386966743141841e+01
1.192633024955527929e+02,1.052159520434616127e+02
3.169304738881954364e+01,1.383542402764622281e+01
5.220451545157076367e+01,7.236076985569195585e+01
1.049606840382679707e+02,2.333349256059633348e+01
1.825766208690866677e+01,6.392776888753546416e+01
3.010461235683646564e+01,9.386266594993443846e+01
1.000622256445102636e+02,1.141225976195493530e+02
7.013714241956367346e+01,6.523845378495968816e+01
2.334657737288446100e+01,2.633556834380649292e+01
8.776664134378331994e+01,3.494188749057200027e+01
7.066469472599069945e+01,2.325638983124214931e+01
4.702522608825719175e+01,1.192866618259574096e+02
5.593623828283215005e+01,3.063683687185200100e+01
1.159801596618122517e+02,1.071737681890477063e+02
8.965484846171513311e+01,9.729339631555561141e+01
1.047995118155154870e+01,2.084731549429736930e+01
1.085111585456521865e+00,1.813398941943067300e+01
9.895747130551242776e+01,6.889716640592082797e+01
5.213566683543886171e+01,4.288048332471268509e+01
1.337051901703688728e+01,5.415389413347595138e+01
3.191187702355985323e+01,9.988916434913464570e+01
8.960464861418081739e+01,9.177221953302850466e+01
1.137608997041099741e+02,1.164765398516295676e+02
7.428371480860165832e+01,6.125866356069187191e+01
3.946211165557279799e+01,3.509916884710447960e+01
6.667399478738782648e+01,6.178555095221477700e+01
9.810300815406138497e+01,9.688418240422547001e+01
3.686463210094879628e+01,1.650804911199743685e+01
1.738158975100766668e+01,2.627044852269266428e+01
8.351961085843807098e+01,9.145900228800716292e+00
1.006501700919138784e+02,8.663685882711693864e+01
1.166065119306815063e+02,4.170444355129031067e+01
7.488982624609552374e+01,5.199548984801563734e+01
1.595391736687064821e+01,6.138860812492349339e+01
8.360109169914927918e+01,3.297723698021603411e+01
8.986132207080646594e+01,1.046299451269093623e+02
9.045937205570501760e+01,3.556579694549331094e+01
1.129848665348474128e+02,5.462928115673228291e+01
7.119367562088559964e+01,1.036912605828028973e+02
3.432268720083421698e+01,3.553012219585229303e+01
1.123293995061436306e+02,7.456538072954971597e+01
9.578871037796871235e+01,7.855325067593325628e+01
1.543541321062576799e+01,2.836105361384251289e+00
4.103068469307342525e+01,6.696439741180805072e+01
8.176930500551046066e+01,9.582655677208734346e+01
4.294921713059564183e+01,1.146348634552130648e+02
6.980599901665179630e+01,4.417935070958781552e+01
2.205617717334908079e+01,8.886418406995395003e+01
7.722477478412696428e+01,5.216768531983083790e+01
5.110764962924522337e+01,7.657472666203073430e+00
2.019046864114277184e+01,1.010402570648488449e+02
3.784607202260905012e+01,1.329731627361423918e+01
2.914900268605450506e+01,2.826694139824565610e+01
9.579569439380844642e+01,8.326202746797662257e+01
7.885276219997625624e+00,9.758375347186499482e+01
1.097326516652144619e+02,1.150239257294104931e+02
9.146418275019039257e+00,6.159899733977299263e+01
8.838786651102253700e+01,2.571320887475365424e+01
1.059307164739341260e+02,2.324084361759902961e+01
6.300419911906162440e+01,9.387632518724981878e+01
7.449303696706773792e+01,6.103989850163565478e+01
7.699525986543991962e+01,1.027183703266123871e+02
5.853642775327413972e+01,5.373770471105636659e+00
1.093291717215280983e+02,3.990686167613537805e+01
2.950472685735725165e+01,8.636400697143091065e+01
7.244904757794733996e+01,5.646375012044138231e+01
8.946804051365029409e+01,5.322319637956128702e+01
5.182718545764236495e+01,2.471053163944735331e+01
6.972463027035814775e+01,4.781184165696159738e+01
2.587982429008215846e+01,6.793304108101037286e+01
1.497372536912895846e+01,7.118908770642882189e+01
5.724272567622621466e+01,9.855501198004633068e+01
3.950198903736039568e+01,1.110112952484918196e+02
6.146515818298284017e+01,4.795676519192554821e+01
9.201692538735781568e+01,6.359825047318685165e+01
2.520965915121022860e+00,1.073663173596470699e+02
5.120975696732222815e+01,1.858944042458180235e+01
6.607075196901888603e+01,4.282888944546991183e+01
9.439541492194075545e+01,2.013304177049530352e+01
1.116878780658992696e+02,5.104596823459294797e+01
4.586773899961983858e+01,4.873414984622812085e+01
4.415057340821991971e+01,1.094753386142181455e+02
9.937438646016049404e+01,1.053211467302538580e+02
8.710751736120352007e+01,5.907519940752320053e+01
5.078260638542896288e+01,1.185521010398696262e+02
5.436801501312296381e+01,8.543433056885190524e+01
9.763227442816622670e+01,1.040630474046546965e+02
8.095543890013314581e+01,4.320578445478695784e+01
5.372966256149005204e+01,9.986696323383877427e+01
5.858248719785209602e+01,1.099702459036919748e+02
2.516206510240004413e+00,1.047330299133558071e+02
7.412429654440147431e+01,9.852738666440832560e+01
3.737136721860962041e+01,8.086838795255317791e+01
9.260227896606514264e+01,1.141778747849832740e+02
1.196716748130710499e+02,5.015403691994637114e+01
4.401052702621472434e+01,1.109564852609023404e+02
1.197773939532333713e+02,1.015957460419756870e+02
1.045588401168785566e+02,1.029073375671794395e+02
6.596405051022394161e+01,8.230170193848084637e+01
8.397434032276453308e+01,8.943141632294549481e+01
6.683948659483256449e+01,8.418831423858392782e+00
9.568421971358785072e+01,5.972577915492828993e+01
3.550814480037902676e+00,7.380380201058427758e+01
5.276690427687824325e+01,8.160183733200426559e+01
8.730436109200443440e+00,4.526716091417296184e+01
1.089871812084751213e+02,6.703683235691030973e+01
1.356118119297661551e+01,1.013814385327298027e+02
1.077279174041293999e+02,1.139717788947675956e+02
1.093195922277659236e+02,2.217892806320760002e+01
9.506017738883490154e+01,9.808677508429367720e+01
4.493175585432173591e+01,2.508215519787126979e-01
3.061608342924433757e+01,1.179684059590075975e+02
9.452754648318911990e+00,1.166701568125997142e+02
1.922527516446759321e+01,6.199945381258586963e+00
2.645895931740347962e+01,1.525830001960895466e+01
3.117298211586013679e+01,2.751370978514647092e+01
2.467432449435039032e+01,5.738207914635196261e+01
6.579948765738653549e+01,6.877964974692640787e+00
8.158742611295305380e+01,1.794317568445294597e+01
1.062435449240374226e+02,8.276546948741732024e+00
9.927892447012776245e+01,8.520863675508630308e+01
1.111078017154656976e+02,1.160624287381575215e+01
9.525307427286717754e+00,9.030702468045871001e+01
7.152063197563157360e+01,4.383607063078946453e+01
7.614456376544755933e+00,6.538829398720955588e+00
5.913212356720031693e+01,4.696113647458280127e+01
1.777116783990731363e+01,7.649467277949271171e+00
1.378882913772008223e+01,6.559911020815138727e+01
4.210833727555288419e+01,1.090306289650072671e+02
3.830599679554471493e+01,5.308533706248836914e+00
3.221026526440461168e+01,3.875092142796209771e+01
7.859639383556118730e+01,4.901479641748926497e+01
9.958553512642115635e+00,1.063152475339550485e+01
6.182145961451917060e+01,9.671027697859696559e+01
7.882245751137307366e+01,6.751640210671017428e+01
6.759199749317218675e+01,8.931581727805114213e+01
1.069173600843710972e+02,1.002772904763837687e+02
1.089065177923045269e+02,9.321449200658456391e+01
3.371416649705616919e+01,4.891649640644067176e+01
9.046429544255107658e+01,1.377868633620993322e+01
4.589823114394904202e+00,1.013546347677242210e+02
4.782252892796398669e+01,8.979019914343786013e+01
8.240016192413220608e+01,1.021558830427981661e+02
1.192580239018531216e+02,3.153249630940043602e+01
5.702630513953479152e+01,6.568970751142241227e+01
9.671309696546396140e+01,1.119251698839416349e+02
3.338853120937394436e+01,6.538347310119056033e+01
1.160461493295087365e+02,1.617753835290402620e+01
8.239177863156837134e+01,7.441324782630189816e+01
8.100500955830970895e+01,9.417884319432813811e+01
1.128976716579095552e+02,2.848453641188594432e+01
7.777787829994706215e+01,1.191981415256145453e+02
9.844709395426718856e+01,6.493357366534452524e+01
1.175026686958630933e+02,6.486337245514373073e+00
9.232257770869061630e+01,2.835449909283581604e+01
4.007926881381691508e+00,7.595001322646275810e+01
1.076500172164611655e+02,1.831839785837245671e+01
4.454512734668335838e+01,9.225711574462981446e+01
5.757137204056064661e+01,7.009791557528336625e+01
8.122634965089872594e+01,5.249117602139489236e+01
1.154611980481538609e+02,7.954140205656972284e+01
5.002022623341407837e+01,1.142439354298902003e+02
7.862745544344673654e+00,9.719535444641805100e+01
6.892357667360236029e+00,6.817000873069378741e-01
2.503252927706993347e+01,4.043234167994049777e+00
1.013170087773069028e+01,2.713507911388934701e+01
4.520827214658463333e+01,1.027618273165921892e+02
1.073075556395596948e+02,8.676800863347402526e+01
4.974476377762353252e+01,7.122641579543348200e+01
9.396515606032099299e+01,4.074606765372757167e+01
9.262528679616538341e+01,4.750952457028508746e+01
1.457130267165612558e+01,6.002680847959351240e+01
1.143882192314372190e+02,8.460370666307889564e+01
7.897129333802007523e+01,1.791739321266130247e+01
5.338854670343070552e+01,3.028251497904781431e+01
5.062833041004356005e+01,8.104991632310981231e+01
8.849578812857954446e+00,8.711722489386386314e+01
9.627201372421853875e+01,6.322053532946451071e+01
3.091356383310223421e+01,3.241074184785763634e+01
9.461501705245783000e+01,6.667355830440969555e+01
1.280160052846476404e+01,9.983027065072033679e+01
5.654117144164762720e+01,5.341301873736429684e+01
1.110189195150238390e+02,4.284268747847170822e+00
8.774796960255753220e+01,1.857471638460732066e+01
1.035739462995257014e+02,4.517713200026654619e+01
4.639765461613352215e+01,4.591888507532613062e+01
3.149061186827694669e+01,7.934757952612480381e+01
9.508087172960205180e+01,1.044629739326133802e+02
7.527452771818570909e+01,1.051207209087531282e+02
1.026167764172555366e+02,8.517551447347555893e+01
7.097896625123937042e+01,5.045354651485494912e+01
4.116111423881464759e+01,1.192484340933797142e+02
5.981626301301541382e+00,1.008365442448196490e+02
8.675265464606042087e+00,3.436811678345122800e+01
1.417247931499192148e+01,3.236666576426828357e+01
6.428706936271831296e+01,2.930431812480842524e+01
1.495166829290257482e+01,5.520309026296435917e+01
6.952782835643496639e+01,1.097933549508987312e+02
2.115551111268930029e+01,8.235838427388866023e+01
1.634069378198087819e+01,9.311296778113924688e+01
6.274901544092315042e+00,6.582642302151994329e+01
9.732640458867022915e+01,3.416316416165177827e+01
1.375707602562765786e+01,6.724739905683834706e+01
3.155025530006425072e+01,5.630666885230774454e+01
1.100032992594894523e+02,3.300387123106145282e+01
1.005921640032496072e+02,6.800862347198585667e+01
1.172991170114573549e+02,6.420981253975186576e+01
6.557747474307765856e+01,1.365185127279060140e+01
8.999927300885242687e+01,1.134030217449045921e+02
2.219474991441527933e-01,6.113866294123860712e+01
7.470575637437040228e+00,6.095528558733143143e-01
7.446227673218830390e+00,1.152746329182876082e+02
2.996935102284897212e+01,3.274201550481051726e+01
8.753126995281712652e+01,2.940679092144901219e+01
7.677088844341848528e+01,8.570086200503165230e+01
7.980053991640663469e+01,3.257322843538839408e+01
1.126864472280121099e+01,8.074055080856625466e+01
2.882420651518684096e+01,1.172852019596897577e+02
8.395270062739157879e+01,7.088137453435379598e+01
4.493082269340319357e+01,5.827369587347084234e+01
1.466334465411758359e+01,5.588254498770688627e+01
1.625471348920761727e+01,2.360845173197713009e+01
1.179661541270731249e+02,6.053037440193005381e+00
1.016023320963351040e+01,2.924212706120669480e+01
9.442017546477453038e+01,7.468497095158815569e+01
1.140247147816745326e+02,8.251476765203658204e+01
1.895372876841611998e+01,1.304453158596883355e+01
8.971814110900781714e+01,6.559366719923768585e+01
1.040669251997123013e+02,9.743035244385414728e+01
6.012915522685622705e+01,7.178773047494209436e+01
9.045563613218156718e+01,2.379077899476097002e+01
8.146006956364519880e+00,2.109543258769250862e+00
2.372146330593580643e+01,2.457144891377999585e+01
2.121619513191743067e+01,6.365636338125024452e+01
9.530040769552037716e+01,6.170768714966000346e+01
3.393992670662823485e+01,1.001554269961365833e+02
3.536049339727115637e+01,4.444469779176003499e+01
2.252378831875234511e+01,3.216477115436936174e+01
2.863826728317921955e+00,8.781942089039580424e+01
4.441294186674671352e+00,5.245375879107677974e+01
6.743622363879707393e+01,4.632434089746445949e+01
1.015324250305308880e+02,4.726493775288042087e+01
3.502972353921498438e+01,1.079135567061306915e+02
5.348379205882405074e+01,1.127183719078778523e+02
8.106282812866569998e+01,7.007409741275627368e+01
3.862574877424552966e+01,5.738679030524088631e+01
3.716506314433489777e+00,1.194383699106753909e+02
1.161829830005045352e+02,3.922759495302833699e+01
4.199299168844753183e+01,7.098210763781355581e+01
9.098516240591283122e+01,5.077533405252345489e+01
6.801154594558130384e+01,1.784434795601089263e+01
4.047689775035090420e-01,2.680252790917908357e+01
6.060813831304285770e+01,7.651850456394008404e+01
4.572032734182096902e+01,7.829629553453116841e+01
1.166520926847298369e+02,6.679713801612541602e+01
5.480877918072483368e+01,6.081135523910195673e+01
1.910946782825480739e+01,4.784928159970432660e+01
4.335977743328809453e+01,1.360287448900392349e+01
3.126911942389088495e+01,8.096005024608631118e+01
5.507549993339343075e+01,9.107352809230044954e+01
2.821069152061331664e+01,4.632112424027616804e+00
2.369098343994452094e+01,4.464390871659681892e+01
1.297020575813600729e+01,7.668893697291892408e+01
5.625814672366129798e+01,4.971693934296041562e+01
4.458987905966186105e+01,1.061834619454881761e+02
8.805341580276358115e+01,9.096695229435518115e+01
9.110460121660274524e+01,3.145509828915398032e+01
3.657025745364289548e+01,1.617793848947836821e+01
3.089089325813149856e+01,2.885102112331637514e+01
8.455150429912605148e+01,3.860834672852291760e+01
6.993188045350308357e+01,7.391536160878835915e+01
3.607274435155543024e+00,9.358484400647193979e+01
6.218796489063703348e+01,2.114165916286467350e+01
7.978073359077126270e+01,4.483284655248768757e+01
6.241201062827839152e+00,5.356852666812392805e+00
6.567874107976103915e+01,6.967122203986737361e+01
8.737580205144011813e+01,2.419192500590808947e+01
6.670639943795124793e+01,5.905800234667333370e+01
3.862173594414660016e+01,9.030031459187623000e+01
7.649380362339846329e+01,1.178727441782374825e+02
3.706374809122640812e+01,8.663307302727392312e+01
7.351338277280950706e+01,1.596090216596128286e+01
2.646179555015420348e+01,1.194085961175584032e+02
8.077744198374122675e+01,4.315813136747380696e+01
1.697641665080993079e+01,2.960764957595909763e+01
8.262215897162502642e+01,3.727905853080599030e+01
5.506514984889786746e+01,1.192891943389801810e+02
1.144959661821292940e+02,1.179785439353425431e+02
2.841826924100480056e+01,2.219414626839200366e+01
3.574195152200517356e+01,4.094543891371218791e+01
5.101670450254146516e+01,1.180189617382782501e+02
7.289931957584508382e+01,1.990191075745014970e+01
7.017421292145182576e+01,1.068978376137300188e+02
2.298892069445570030e+01,2.502868829523655592e+01
5.572140159876568077e+01,7.255941320827020036e+01
7.427457980486221345e+01,7.811692217731348364e+01
1.061213255574457577e+02,5.859884361774835781e+01
2.727005853773933097e+01,3.066721480721907866e+01
2.502623591637241418e+01,6.675789732923121278e+01
9.687239710314396746e+01,6.630715268197110390e+01
3.904977867923578039e+00,2.512654490808832186e+00
6.566063729065021448e+00,5.207440323043082486e+01
7.081059480722241517e+01,4.949274545979126572e+01
1.016658510377979212e+02,9.918229298890852874e+01
3.171186935096116954e+01,8.012512430949726649e+01
4.382158056372973221e+01,4.572079622952581701e+01
9.269735462566707440e+01,4.985578796006593372e+00
2.775585819104297514e+01,5.655231691987820142e+01
1.037187802963941721e+02,8.241511812670704273e+01
9.413999652974824528e+01,1.086180735134207112e+02
9.255243004431987686e+01,5.720955094093275051e+01
2.945297579148995126e+01,1.360075326659480055e+01
4.404581775533492305e+01,3.113850014402881428e+01
1.069978899008324333e+02,6.377817829949428585e+01
1.141863106214828321e+02,2.539192265067978482e+01
5.827965580347075303e+01,1.000952629832819696e+02
6.208332689341491317e+01,1.142725210997967338e+02
2.231389010731700040e+01,7.288571617784592149e+01
1.175704202235981626e+02,1.253253752444593161e+01
7.214249310971578666e+01,3.019423061893837712e+01
1.198392303599012649e+02,2.381328095292718494e+00
5.532921381881195089e-01,7.071303091682857200e+01
1.802815067194714516e+01,5.532854342589522645e+01
1.127102008083925284e+02,7.449159035168065657e+01
3.631480251818819482e+01,3.703504469511902641e+01
4.415573917588899633e+01,4.268310848517717204e+01
9.022128610427965612e+01,6.239322972662183986e+01
1.068374785462762873e+02,2.794142736027566798e+01
9.436876669598925105e+01,3.312564591265948621e+01
6.195068722869454803e+01,7.488605755618760895e+01
5.908710558011144087e+01,6.206393468178927719e+01
4.824114349390445966e+01,8.370480637131403512e+01
5.616303823321207744e+01,2.582046150501346560e+01
1.182940146627455107e+02,1.028105868487340899e+02
8.957920262742241846e+00,3.590506121050486144e+01
7.580969315192876934e+01,6.724111141173852957e+01
2.327654243636154163e+01,4.026051019691699651e+01
2.464317743736594224e+01,6.206026907444095464e+00
1.095620021368883954e+02,4.814757504703026569e+01
7.782315991764270358e+00,5.504641115127992634e+01
5.833599509239456893e+01,9.116192325138220554e+01
6.293525065115316863e+01,8.075146863544726727e+01
1.725727780801383204e+01,7.294818718033118898e+01
5.643726967860445853e+01,9.560368135641930110e+01
1.167970218305501930e+02,6.993725865504904959e+01
4.279245819130047579e+01,2.162455419383477206e+01
6.517272939694254141e+00,7.387713755511620128e+00
3.589554865302146425e+01,8.093203031795677305e+01
8.013900377336376835e+01,1.958077507317556254e+01
1.402087715355437858e+01,8.129982498936227842e+01
7.050988542147482718e+00,1.048848504884116011e+02
7.340184461176450270e+01,5.406108095888620113e+01
8.843382978621269785e+01,2.641813873634162491e+01
7.518632114138259226e+01,1.157836257202894359e+02
1.481801261961779659e+01,5.416828814242447265e+01
4.923747979876094405e+01,1.116159144795721119e+02
1.188129555888151145e+02,7.025176867945984327e+01
3.029723167547355445e+01,7.788005582953309158e+01
9.238006711013992955e+00,3.456259756525456339e+01
4.539380573580092459e+01,1.088564792606793077e+02
5.366174577923136724e+01,8.640999695257656299e+01
1.045520315311784287e+02,4.258427421975298444e+01
5.029410964008890517e+01,2.708776215514445695e+01
2.550844874347115621e+01,7.238692518117154862e+01
1.124140739265622528e+02,6.092842875675437142e+01
8.454441263247689520e+00,4.342648015788834215e+01
6.301444747039735006e+01,1.134957629444895986e+02
1.143867037777566367e+02,4.643482572714651724e+01
2.675810454281601380e+01,1.147301402539089565e+02
7.995661181593858657e+01,9.001404033488427103e+00
4.660395021371484603e+01,5.865952785148434145e+01
5.235781994184035426e+01,4.373109251054780877e+00
2.220840905667644449e+01,4.120546236487255953e+01
1.052554513367380906e+01,5.318853987272968453e+01
4.360247611617965191e+01,2.360663117220274110e+00
9.636880948780718370e+01,3.230631610861950520e+01
1.020750860715750434e+02,1.633674245531889113e+01
4.359456279451891447e+01,1.040609983174308297e+02
3.430323579984632687e+01,4.215735634675053234e+01
4.513439364546871246e+01,5.043728822752959751e+00
3.874838301215630665e+00,1.013970390691262509e+02
1.199313337630274106e+02,3.274551373760260020e+01
1.128530074298405594e+02,5.308313456560834709e+01
9.321787605526782272e+01,3.414257379762860722e+01
6.632265166129903378e+01,4.561884795996945030e+01
1.327339633421039444e+01,4.784659754904595985e+01
8.455410828501362630e+01,3.204217816133032670e+01
7.362865003487131332e+01,9.144760232964848967e+01
3.993052327641305510e+01,8.964029608109750313e+01
1.553731043740698148e+00,9.905738994105885808e+01
2.953561998379954368e+00,8.315654073283011982e+00
5.580599328838059137e+01,4.452401924379250886e+01
1.083965694076216550e+02,7.687566159365989904e+01
7.196616376697565443e+01,2.196825366181703743e+01
3.591199254630662097e+01,8.923964795333840527e+01
1.907352364908884823e+01,8.314940863391791481e+01
5.160337425891788143e+01,2.210680429215710419e+01
1.103726043581334864e+02,2.180201843855735788e+01
2.056026745792899035e+01,1.070820559813257233e+02
9.069787707410229416e+01,9.749132835366741290e+01
1.535233294286365435e+01,1.846290130933265417e+01
2.823081302862607345e+01,8.042955483334154110e+01
6.769005353627927946e+01,6.297310029039937262e+01
3.329795403877056259e+01,3.620068064372924255e+01
2.467587831568803836e+01,1.146053027457280962e+02
3.831356984795245069e+01,5.461390590604977291e+01
1.057856579004843312e+00,7.040426691591869712e+01
5.625094919210704703e+00,1.001303694593015479e+02
6.449122234238815565e+01,2.080913536761304528e+01
9.915936783938334997e+00,7.838921743347600568e+01
7.597105875024263355e+01,3.643838433149779732e+00
3.867779216153466848e+01,4.792870786417679341e+01
4.019565040825013114e+01,3.872657415714613194e+01
1.181297719188818540e+00,7.909864034953014311e+01
9.945662548867288422e+01,5.423456183335289005e+00
8.669709708798947645e+01,5.903707336699105923e+01
8.671319443076292544e+01,1.076939413044884049e+02
9.929107051998809652e+01,9.012976504581308745e+01
5.272558851304543737e+01,4.392285861489104093e+01
8.562706521588646069e+01,9.079850780396434118e+01
2.951191072281450190e+01,4.799796517907233806e+01
8.958011326608868785e+01,6.599188294176727254e+01
8.200679890834869923e+01,5.768919470047211284e+00
1.029950165479449709e+01,1.061221697080099062e+02
4.203363267344101217e+01,8.938169567589916653e+00
8.642296377547417308e+00,6.653584013386426932e+01
1.963035726943628489e+01,2.509392308866376098e+01
6.413332969889675894e+01,1.207268873293272904e+01
2.102654738238286214e+01,8.366516377927847259e+01
2.001703056453121299e+00,7.100620309354590631e+01
1.015857172412297444e+02,2.433587617926509239e+00
4.006332955815776842e+01,2.961575083785820439e+01
4.781253082678108512e+01,6.453561934165028546e+00
1.451324048965945934e+01,8.963065932906832245e+01
3.228056017032058378e+01,1.134565108165605665e+02
9.131128708030274765e+01,3.980557180793792327e+01
3.546716376335349707e+01,9.709063144311434712e+01
9.782702138771298905e+00,5.252312412620059945e+01
7.696853235317423980e+01,9.990717394981544430e+01
1.073153032281324641e+02,5.004141027832169897e+01
1.083623582393936005e+02,9.586839131465178809e+01
1.116817891158726184e+02,7.865756777884040218e+01
6.731004420764773499e+01,3.489627332151381545e+00
5.361151839343739312e+01,8.722712541992248703e+01
9.067630324052953483e+01,9.102881405848826546e+01
9.835618128756691192e+01,6.511395145354059366e+01
1.076391860309802269e+02,8.535214708206399337e+01
9.448609136801519526e+01,8.558425623317054942e+01
5.248874984489717832e+01,9.064882515618582204e+01
6.161908516233241073e+01,8.664863990922316361e+01
1.074039213533008024e+02,6.803589333316617171e+01
4.873537729511075156e+01,6.609841611068844713e+01
2.243839691236182432e+01,6.792023944489805842e+01
5.538238373143966697e+01,3.282401690641204084e+01
5.843681086951413306e+00,2.109869581724830567e+01
1.618635277132107753e+00,5.883978660766699420e+01
8.086045310163314070e+01,5.101329548841424355e+01
3.941009345418204646e+01,4.425967672736852165e+01
9.739161558545501407e+01,6.762651094370133364e+01
7.210360420864746800e+01,1.789340980660412583e+01
1.607196664551376131e+01,7.480333358411188271e+01
8.388037748002080463e+00,1.126051756466943772e+02
2.689497385006010788e+01,1.816521195031487679e+01
5.761978849801998592e+00,1.146350945574403681e+02
7.011117506463698135e+01,1.041021178961910323e+02
1.969360373364352768e+00,9.232447471101524172e+01
7.332358970929689690e+01,6.763394901779869883e+01
7.782295156945693293e+00,1.138622625925798104e+02
8.862909601595866604e+00,1.203483168005015536e+01
7.484653936309777578e+01,1.044342266051558852e+02
5.365508365243657352e+01,2.330837172224564213e+01
1.886289169957607115e+01,9.199762428787278168e+01
1.525191235922472188e+01,5.257939732529608534e+01
5.644583262887746855e+01,1.385056281319309690e+01
2.587121759876701432e+01,6.256363156590435182e+01
4.452176237344443166e+01,3.595443852309339405e+01
5.767080743820616817e+01,1.046593216090259233e+02
2.579551279649261986e+01,7.591258772780605568e+01
3.636121994753474240e+01,3.595763886227616446e+00
5.704071073512526624e+01,8.640527414743813495e+01
1.173636739338901975e+02,1.175605588110778541e+02
6.274729189656196127e+01,5.994698912858648043e+01
1.136007022609891521e+02,5.954116566203859762e+00
3.419484881539602839e+01,3.053468978006149115e+01
8.099949567526230965e+00,4.123748793794284495e+01
2.772712225131673947e+01,5.891308857258658804e+01
7.667812817202792530e+01,1.001301363847595383e+02
1.149483019746518551e+02,9.373176374412645373e+01
9.223278284319648890e+01,4.224346362758100781e+01
8.454175247296437590e+01,2.904350731180901946e+01
1.179173232414286332e+02,8.846226148599785688e+01
5.584858523016438880e+01,4.867657351427521206e+00
4.572087165739873882e+01,9.254364497156673508e+01
1.068854620303429499e+02,1.567111902416793434e+01
3.088740860480543304e+01,2.665723003702785476e+01
9.520903609335543649e+01,5.527849522064585130e+01
1.015911859910320629e+02,8.946255220489121029e+01
6.920216857535429256e+01,6.974692380238673195e+01
4.844085824491935455e+01,1.023951475456254343e+02
7.151334822391663693e+01,7.223360247926167688e+01
1.774348903098501040e+01,7.501242760052740266e+01
1.155941104078997341e+02,6.601061262905387750e+00
6.259722081252920844e+01,3.058397355269653417e+01
8.707524609364612900e+01,6.050323218576447459e+01
3.741415863162537647e+01,8.318901934830553557e+01
7.380892358702604383e+01,2.964532947017712061e+01
9.721820722174335572e+01,7.292118637333139475e+01
4.297740441351158580e+01,7.234847838301163847e+01
7.416438087543475888e+01,3.512822820248097599e+01
7.987042156904701073e+01,2.139801267043206678e+01
1.025036231397638531e+01,8.344273593191955740e+01
6.295029558847896567e+01,9.881490692597576242e+01
3.188865182222998129e+01,7.194879676020694603e+01
8.841152883275498198e+01,5.154593571773963134e+01
1.108005261252605322e+02,4.351187618480413732e+01
9.926888455383226528e+01,1.178575515575245447e+02
7.182966205627411682e+01,5.479574450965043297e+01
3.061161649835678489e+01,5.783558969719268106e+01
6.473809833353253396e+01,5.902196891997211736e+01
1.147381761567915532e+02,1.158260636635666252e+01
6.256290704520996826e+01,4.984119969463913691e+01
2.005957518279582885e+01,9.035475430237281103e+01
1.991561773692028225e+01,1.046119625649297724e+00
4.443196332910153501e+01,9.367968611538114487e+01
1.173491157706152777e+01,1.191458562203517317e+02
5.908242259218700099e+01,1.154265011847515154e+02
5.258008239984096832e+01,6.777229997740157330e+01
6.227048054070376537e+00,6.784127111411756061e+01
4.483029137535908859e+01,6.640894355044825659e+01
5.650935236649034010e+01,1.340263344879976337e+01
2.803112593989441592e+01,5.314872290251818754e+01
3.341134776636080517e+01,8.653976976357296280e+01
4.196746485073540356e+01,3.075948600034073621e+01
3.736467973642258755e+01,1.178122405046792665e+02
1.440706330565438975e+01,4.700462803628907693e+01
1.021263611958038950e+02,2.628297976847386863e+00
2.599173098332690302e+01,1.068574690320183151e+02
5.706994215853691799e+01,8.589152271792727333e+01
1.102023236429039912e+02,1.019010650927512387e+02
9.187606169382804921e+01,3.185770158128228502e+01
1.129109757228523279e+02,9.207770056295331074e+01
2.225839042220016850e+01,8.872058265986170511e+01
4.781268135485569104e+01,2.659249817624459311e+01
5.133756715650163471e+01,6.848219749125833289e+01
1.636962564452724145e+00,1.043783362714569876e+02
9.202314739515026076e+01,1.973676646314171279e+01
2.797144231928118074e+01,7.398422254517453212e+01
3.407995278498742664e+01,7.517839540965046297e+01
1.048474545166139649e+02,8.567166794226866955e+01
4.199637786630993475e+01,9.254881344006881250e+01
5.401959568655183119e+01,5.216443339492912656e+01
5.892146211369695408e+00,8.710756071965209912e+01
8.581747532587378657e+01,3.339506498641740251e+01
9.448771844586028124e+01,1.193500010700416993e+02
1.090577875673616006e+02,1.131046522035299233e+02
9.629757972512365427e+01,2.911337786693596641e+01
1.071164932108619183e+02,1.061907463859799350e+02
4.207413352780609728e+01,9.123477032320747071e+01
8.706913584548585661e+00,1.917089487673086978e+01
2.791978973516464535e+01,5.620901899895472553e+01
3.071933855650581080e+01,2.464071369057068495e+01
7.719191699688865427e-01,1.005337922121315586e+01
4.374254873701552526e+01,5.975928402518871962e+01
2.501761082725428054e+01,1.822208078429437705e+01
1.786876445900543331e+01,7.625968362307197879e+01
9.967504185281673301e+01,1.083638071690562867e+02
7.495784776785195902e+01,4.939282726622718656e+01
4.274067238695899817e+01,4.759053774702265116e+01
4.664532846905154173e+01,8.608915301842043277e+01
1.003747524681890155e+02,9.183987848231623730e+01
2.088063551314400712e+01,4.891440254087288508e+01
7.386014986075535660e+01,2.339370351433581519e+01
3.550990556941346910e-01,4.934783996583970378e+01
3.115996710869829656e+01,1.127772117214175864e+02
5.750918757688815930e+01,1.390786881294472721e+01
1.029494717940494013e+02,1.390195390517503071e+01
3.130697965915114978e+01,5.641176855535221790e+01
2.545125314421445850e+01,5.877772238425847462e+01
7.840649273020370913e+01,1.066065100818382660e+01
1.238506499400511274e+01,9.968476303002039174e+01
1.085334900850887010e+02,3.602383818643593827e+01
9.406083673365672837e+01,2.508644280054683762e-01
2.449500272315894023e+01,1.081271428277747759e+02
6.555083523322080907e+01,4.452751493157915519e+01
8.219952502209362422e+01,9.271023233655756712e+01
7.879232569764315031e+01,8.055493916142192745e+01
9.067245870431020194e+01,3.978240730489063992e+01
4.324955726397224964e+01,1.771397232028482094e-01
1.112207041077536189e+02,2.169962659387922344e+01
6.515093281066401687e+01,1.077631935116838235e+02
3.232290299704182956e+01,1.108422609686379623e+01
1.174573131195954971e+02,9.983627750467910289e+01
7.629904585748644763e+01,9.178020412058612010e+01
7.435283840773486475e+01,3.820548125888380753e+01
7.128450070811541650e+01,1.101438666751505906e+02
1.523577931189121415e+01,4.636056551312813667e+01
1.195077912723534155e+02,1.174326124056314598e+02
1.008828939245817935e+01,1.501749122617223620e+01
7.737328636044810537e+01,2.545126439403070862e+01
2.357069804073858776e+01,9.851176935583774252e+01
1.005220985380809680e+02,3.220617523717522346e+01
1.197459632950623245e+02,7.758582057783524988e+01
4.983094845293837238e+01,1.017839758929015801e+02
3.151839518966232134e+01,1.149051366246280423e+02
1.043801650635088833e+02,1.187236761694414326e+02
8.575173425989909504e+01,3.460801401169680247e+01
9.748288036171024373e+01,3.450485872460092907e+01
5.072619186781340517e+01,8.284652200284597257e+01
9.962975070150484669e+00,1.087982079789770467e+02
1.138546019529489541e+02,1.126325300405107868e+02
1.028778436711544657e+02,6.658299854747744462e+01
2.846593477706563391e+01,7.165455674761767035e+00
6.773923949129811994e+00,5.604706166718290916e+01
7.218566841706027049e+01,5.671402970272811928e+00
8.255539270687384601e+01,8.429330825421212126e+01
7.798179449288141996e+01,5.091690649181278872e+01
5.904940986766125377e+01,1.088889530276144626e+02
3.935703154850646257e+01,5.292815137389615643e+01
9.135160728393745444e+01,3.783765417902736772e+01
3.048180275912009307e+01,1.004517744883111732e+02
2.733538644276899277e+01,7.350822250932408508e+01
1.103941417872246973e+02,2.076783886509397092e+01
1.175923499720874759e+02,1.077316594100377358e+02
6.669887755085062508e+01,8.770615447270613174e+01
8.129418044198409632e+01,1.669335162705545272e+00
5.806573141365330315e+01,1.152750074946338685e+02
5.312103479331443623e+01,3.829813106405408263e+01
7.933071920191135007e+01,3.829952457667040733e+01
8.593192559803129882e+01,3.134201654656859404e+01
3.522252679134928854e+01,5.189012401347169146e+01
1.080643645493022973e+02,2.506088706744260719e+01
9.236206267711074247e+01,8.294971400035707632e+01
5.583463495241995389e+01,7.590052412071749188e+01
1.017611975871779428e+01,7.605531494848709428e+01
5.178219103359524844e+00,4.212249877098678752e+01
9.582386922680244368e+01,9.660392687074397600e+01
7.776188285771890207e+01,9.996763254317130531e+01
7.909752739580133607e+01,8.232059303869445444e+01
6.707484223860971895e+01,8.518689147664230177e+01
1.694348809198013228e+01,8.628942916609665303e+01
1.985147798184922507e+01,3.287743121764438570e+01
2.330556604912627705e+01,7.953355646123763734e+01
5.711930781110896760e+01,1.505154994698541771e+01
1.025604401525826432e+02,6.945049421200796758e+01
5.685329001939450677e+01,1.286793582163570449e+01
2.073729502366387223e+01,1.905814411618557713e+01
2.306419141344120760e+01,8.445228517251622691e+01
3.728990092795261546e+01,4.282360962777837443e+01
7.537902861991602776e+01,8.374747747542875231e+01
3.006739888825268281e+01,3.316745336042773573e+01
4.306058704426615691e+01,2.141918669069520220e-01
1.603184554724972344e+01,5.903545878020424453e+01
4.525807004615217011e+01,1.212420490771031645e+01
9.677516175451719960e+01,6.883554049885844961e+00
6.172487486365869813e+01,7.680606395085078475e+01
3.072113642468784889e+01,1.036196716543915244e+02
1.131802072218211492e+02,1.022815650524341180e+01
4.700586444380085993e+00,5.941266841241148455e+00
8.648220603401063045e+01,1.529132506110988388e+01
2.344797874439262131e+01,3.374994307222956991e+01
8.901943921890651268e+01,1.047106788753907125e+02
3.047039702114007298e+01,1.211058941871098327e+01
6.482552714581370878e+01,4.015534684134990329e+01
6.371137508808732264e+01,9.541133734598024319e+01
9.046717390784695567e+01,6.204697608042617674e+01
1.100500944891785480e+02,1.601317815907404096e+01
7.790436275858895954e+01,6.757948053858915216e+01
4.223545324349642982e+01,5.456046810703883665e+01
9.538252667157684073e+01,2.522737589343465814e+01
7.148870206945721861e+01,2.390371495547279679e+01
5.431286015248394961e+01,2.098345681854904399e+01
2.012312952936299837e+01,3.632057449929141768e+01
1.047822843382652422e+02,1.004098992077034040e+02
1.055852352912093295e+02,7.870886749741309529e+01
8.285486789271664065e+01,9.890789481778945458e+01
1.892383644095167483e+01,1.090003447729413821e+01
5.848377080986958276e+01,1.010563587696431043e+01
7.869680477320360978e+01,8.632920879615411991e+00
4.857502486649649853e+01,1.175696474855867848e+02
2.116334777942368106e+01,8.828056915165899454e+01
5.810247499936531312e+01,9.421135385178942556e+01
7.049469762825829378e+01,7.768969987594371673e+01
7.701804124709164512e+01,9.861875791034560024e+00
4.333221753817015554e+01,1.189522440460955721e+02
1.198410432600342119e+02,1.098764297977662352e+02
6.341098538438215826e+01,1.140231672584211111e+02
7.262630114596572639e+01,5.784155202392217632e+01
8.557293053400120186e+01,6.899566709591856295e+01
1.016251959731475694e+02,6.535626367838231943e+01
1.237623333939907866e-01,2.925574211210997255e+00
3.115290938233426843e+01,3.842866116987659808e+01
6.907205397476802489e+01,1.118040992595488063e+02
5.886659577804161358e+01,4.337020976280908968e+01
2.400599288013492227e+01,2.449075092405098886e+01
1.059729762186909454e+02,8.761855748030457391e+01
8.444956571154608582e+01,9.847020598100310451e+01
1.178792583160273182e+02,1.695382146419447267e+01
9.990787939702300946e+01,3.451921893543879349e+01
9.743924828971366026e+01,1.884041740799675679e+01
8.625757283020891464e+01,1.393934911124847353e+01
4.201150850401034198e+00,2.789777171754650453e+01
6.272154445495527852e+01,6.058832171310059778e+01
5.295391684893432682e+01,4.869597835570945676e+01
1.185543609448170344e+02,1.025925918364965668e+02
9.980168347931866890e+01,2.943386747896012068e+01
4.245788948723916434e-01,1.061643211851645106e+02
4.964033165730177899e+01,1.070828678082799996e+02
3.848134127409171157e+01,1.169014851969968021e+02
1.077087774710488191e+02,6.588117275168258402e+01
3.527174836085109888e+01,3.534340269801779044e+01
1.355934871818019083e+01,7.064935813694555122e+01
1.160504272200127360e+02,7.322830733330376063e+01
3.502913997587883443e+01,1.037130770702338793e+02
5.046132404596897203e+01,2.324527920241859036e+01
7.029887850454353782e+01,7.324123025443208235e+01
3.180473119598799769e+01,5.371627766901640655e+01
9.068354669348239838e+01,5.105336770264865720e+01
7.459306053745481790e+01,3.626355658419515748e+01
9.727607115371895929e+01,1.920662998445056857e+01
2.163567451967697508e+01,1.043453905548491605e+02
7.637197359629726634e+01,7.827255467252616228e+00
9.833675058960557180e+01,6.774181781427232352e+01
8.270976531116103558e+01,1.053030920886050978e+02
8.538667397241621870e+01,5.335715013076353586e+01
1.123399421900595314e+02,8.470828995275074647e+01
6.785158633904177350e+01,1.147531377023420731e+02
1.037448198233251730e+02,2.828287358657196293e+01
5.546224835705935163e+00,5.632583813083404323e+01
3.043824824957971131e+01,3.138880057329501128e+01
8.694586085486636762e+01,2.913995003458005328e+01
4.743980741689595959e+01,1.443756507154503765e+01
3.378801956847640753e+01,6.446685337963953089e+01
8.635066520679748692e+01,5.802092632757778290e+01
4.280937090745924678e+01,1.199429708270787955e+02
3.246528620464837189e+01,7.734427578339496279e+01
7.728449679467290423e+01,5.725690062977133010e+01
2.734814067636089163e+01,4.627076534212077874e+00
4.528002009835285691e+01,4.614138783844278890e+01
1.156270091225158154e+02,3.860345425804496955e+01
1.182327530917562228e+02,8.323720126547247844e+01
4.523263427653287039e+01,3.247896572419178085e+01
2.468531404277351271e+01,2.889321343616280657e+01
1.046946304455906471e+02,8.864812514138967003e+01
7.621120455257454296e+01,4.324423975758224969e+01
8.057081022645716928e+01,1.099974042302542614e+02
1.621813410742229955e+00,7.510879395791666013e+01
1.556169205999770710e+01,1.163769668537346433e+02
6.262538564886538950e+01,1.069112571469759843e+02
3.064530782085375549e+01,7.950843814504973750e+01
1.021885803552101777e+02,5.851776413257248066e-01
4.783298071806788698e+01,5.723027238746101375e+01
1.753639908080817378e+01,9.999368790971093546e+00
1.130426474869880877e+02,1.127627860859750513e+02
5.886891373666470884e+01,7.849024144389655788e+00
1.081340235988695468e+02,2.630279436543534644e+01
8.967950652774984377e+00,2.241178294879742339e+01
2.100829574058671767e+01,1.882999464142460866e+01
4.694496767545978599e+01,4.389564627691238030e+01
3.103836517178795873e+01,1.696918089735320478e+01
4.495395884907541983e+01,3.091244541756184105e+01
5.235481903978249107e+01,9.183695501977466336e+01
5.944081980936929455e+01,8.266529909374972362e+01
1.014944490738277381e+02,4.123951187718427036e+01
8.884518648703097199e+01,2.798592332763927004e+01
1.911850156167383119e+01,2.963829002273089941e+01
1.191714638375969884e+02,1.191882796250527150e+02
6.601240256445430532e+01,8.993282747015879863e+01
4.918115230186242570e+01,6.596567357430608070e+01
1.135216639012490702e+00,7.470420156242231258e+01
1.723894671879410012e+01,5.441951086986225050e+01
6.313473880245199155e+01,8.635121992450301320e+01
5.796327342007769090e+01,4.374584530748721534e+01
1.084293057138027336e+02,5.974769775886465339e+01
7.267243769410744392e+01,1.001807890482634633e+02
6.285413676436584751e+01,4.418293276992897312e+00
8.838331450925875288e+01,7.985962574959368965e+01
1.348436012475568901e+01,9.576417127814327301e+00
9.544830304602190552e+01,6.835366379400943515e+01
9.688640583804335904e+01,9.920432562710540481e+01
3.550902983013776293e+01,1.086030930993729697e+02
6.284351612136138243e+01,3.720812699306757310e+01
1.128965052589643818e+02,5.256294946955333280e+00
8.526533198848277095e+01,4.932796961954353243e+00
1.072326557881261664e+02,4.492222219461100963e+01
4.450977081443729944e-01,6.559537034045361281e+01
3.334234364560296626e+01,4.642893753281632740e+01
6.237656792959002416e+01,6.459224320506685046e+01
5.224505230047136450e+01,8.105335786566720913e+01
9.768101985766461937e+00,3.514002309046230721e+01
1.617544711355183296e+00,1.134976751190224888e+02
3.651949246199756516e+01,5.292879518149180740e+01
3.802562926858924897e+01,6.872666362792089956e+01
1.661752838800191512e+01,9.937239969034247622e+01
4.984586313652972223e+01,1.044574435145288476e+02
1.132735223539022584e+01,1.166045906115518136e+02
6.293299115040228031e+01,3.126455861334191155e+01
8.659814291027053912e+01,1.189248525231926124e+02
7.276168807796202032e+01,3.176829391661718205e+01
9.166024284508718267e+01,1.179336715346621247e+02
9.698618892043828055e+01,5.402467934920019133e+01
8.114901826233068505e+01,9.713536087912468986e+01
2.746443148850767102e+01,7.258791406388507994e+01
2.713098094949586780e+01,9.351567116457782447e+01
6.815221271192967833e+01,2.623595064550632117e+01
9.278256267846866479e+01,7.672896103874130347e+01
3.944918360196001572e+01,7.151662368931501135e+01
1.124472141396152551e+02,5.185060391056259022e+01
5.805496171051891707e+01,1.055086639067996401e+02
8.294654659429409094e+01,3.055739063012831025e+01
3.706254866509102186e+01,2.390048249221317533e+01
1.721836892835325017e+01,1.148229973806938347e+02
6.447439112027730346e+01,1.009049698064879834e+02
6.365090956437789060e+01,6.347832992080148529e+01
2.483571101380227830e+01,8.111862244542771805e+01
8.958604419174402977e+00,3.576111989718341988e+01
7.950370495722607700e+01,3.633806433546254055e+01
8.118502682495439160e+01,9.634811088801863832e+01
1.113218197934291567e+02,9.497548221761097409e+01
1.217538326398773130e+01,6.589566560431862285e+01
2.869862962520384997e+01,2.749569092740244258e+01
1.104787564601346332e+02,9.905488671834754655e+01
9.821119119702185429e+00,9.365842794936027360e+01
3.588429692541624405e+01,5.703099687255451045e+01
7.742473310966747135e+01,1.744621132349864467e+01
5.204470548352771431e+01,5.581359604273844610e+01
8.737932225032518829e+01,6.929017190582693786e+01
9.337926019364392261e+00,6.419966705740010049e+00
9.341727320879833485e+00,3.015251274146385896e+01
1.075452341763235040e+02,7.288094359003278555e+01
5.523740814578544445e+01,9.270154581384244352e+01
1.130115879408520101e+02,1.036867253577126462e+02
8.468763009555377863e+00,5.967265819998137033e+01
4.874688937734061511e+01,8.641790177153326624e+01
8.845626055431628743e+01,1.155994485571566770e+02
3.871873115097037044e+01,8.297950926426520368e+01
9.922524456328987696e+01,1.091542229030819158e+02
4.247635547291909575e+01,3.702394911988420034e+01
8.746180507800220028e+01,1.042838800211847996e+02
3.460409558335869207e+01,4.699788098089427280e+01
1.048124700131825051e+02,5.019671988448897082e+01
2.758443156288903708e+01,8.377070073834428854e+01
4.991794827913497556e+01,9.145103653166422930e+00
2.746316086297113657e+00,9.586681981969620381e+01
7.491785553807964959e+01,4.927208177210474815e+01
6.674412256443024205e+01,9.278615777741660509e+01
6.975624966137530691e+01,1.089904141776761577e+02
1.371488864257729290e+01,1.157505528443900431e+02
4.371824316166086533e+01,8.267461517960609285e+01
7.400064256076103675e+01,1.162850991106383702e+01
6.040258418957979814e+01,5.202166694176037254e+01
1.882441751754397075e+01,1.239931946022124976e+01
6.875541672331462451e+01,3.903751090922712308e+01
6.193365941855455503e+01,7.616209760738308887e+01
8.632072378089529252e+01,2.628460659603217309e+01
5.759592136949955687e+01,2.222199418244798963e+01
9.634953773288492584e+01,1.150474535107133249e+02
1.123047457753142169e+02,4.976610373536342991e+01
6.827967140887922781e+00,7.988682208477547420e+01
5.309761907687085625e+01,3.674217411935543076e+00
5.601285558454089397e+01,9.749882545335725581e+01
1.632658972295379129e+01,1.172179652204305143e+02
8.093822097661899306e+01,3.443657566072020160e+01
1.524635000052420253e+01,5.632006100759223699e+00
8.591951822141633954e+01,2.657785575211068974e+01
6.095654228824792398e+01,1.767603808771646001e+01
1.116197162555300508e+02,4.364939614546354818e+00
4.731764354436003117e+01,4.220187643562611157e+01
1.111277197372637104e+01,7.731634623243479609e+01
1.087563446879370730e+02,2.826091742509806792e+01
6.725294203245910651e+00,1.794385074244474509e+01
3.894277090367783956e+01,9.456719181950511199e+01
7.474265323880852918e+01,7.772984387845635013e+01
1.166348172501666909e+02,1.111277130734448946e+02
9.481577157175824766e+01,5.960017714531569766e+01
4.525983080890105725e+01,1.536039939101218366e+01
1.617724885586970629e+01,3.674202713048389057e+01
5.070891783435106959e+01,5.820455925378822393e+00
3.087425729817505626e-01,7.923597914661702646e+01
5.746731249640214401e+01,6.147916351791282352e+01
9.828861544639434555e+01,1.066246683418940933e+02
7.190692155757945159e+01,4.989338753142940064e+00
9.503162837415231934e+00,4.718711658774432749e+01
8.676741680256317579e+01,3.240029765987272725e+01
9.459418823219213834e+01,5.942001342360256189e+01
8.230259275006201847e+01,2.462807519832264092e+00
1.059999612110104863e+02,7.327740279641852794e+01
6.788227942555111838e+01,9.993278341371929230e+01
1.980091411130396040e+01,3.644393798712933119e+01
6.220778506948038711e+01,2.184010548751338376e+00
4.847323762104856826e+01,1.069800276907313332e+02
8.897111100706732145e+01,7.138576167613319967e+01
1.002569854223140027e+02,8.443270437066466627e+01
7.658425757777081344e+01,6.592130155955011617e+01
1.218443348134000104e+01,5.894660566151533487e+01
1.051900888913957033e+02,8.354004897656093931e+01
4.634744540537136004e+01,1.020553205046798553e+02
6.581332244745445337e+01,1.194692679042419492e+00
1.151756380100249260e+02,5.472063212464043858e+01
9.986691044100575709e+01,1.092683578121168182e+02
1.639486214948279752e+01,9.363763624718815493e+01
7.465708246835988859e+01,1.057778588465197345e+02
3.845966667371357772e+01,1.619905720840966978e+01
8.729468614499543833e+01,3.949370668037581744e+00
8.426892436017516275e+01,1.009688270575066156e+02
2.822875494134017060e+01,2.621874217300724297e+01
1.386751719902870938e+01,9.771578265621963055e+01
3.952201925233650570e+01,1.785985299869415854e+01
7.228793631625588034e+01,1.152792790569745485e+00
4.063945893100358120e+01,1.651927589405513430e+01
8.027675391572586250e+01,9.586242258373027880e+01
2.139640685141332099e+01,1.680474351930960353e+01
9.017199422322464386e+01,1.055333734729994291e+02
9.732971954665084979e+01,4.270214063919730307e+01
1.531415970645017666e+01,2.886314970482257714e+00
4.542681507296002508e+00,2.158229386370211245e+01
1.829236751034651220e+01,7.398907963679737065e+01
6.051754553549701932e+00,9.708459143615085907e+01
7.515091580596350695e+01,1.103556627755461790e+02
1.056466949668137403e+02,5.957628598989263935e+01
6.452197150019172511e+01,1.112682154676179778e+02
1.906691709583385119e+01,3.905930350266066853e+01
1.909716100054956733e+00,1.120756727439605953e+02
4.054163277678220112e+01,3.824665308749810322e+01
1.140086517208387988e+02,3.216173709521199520e+00
3.393822113702634624e+01,1.043671055838045731e+02
5.398301136581354598e+01,1.070421438491053294e+02
1.384716733376303210e+01,9.866703648822294781e+00
6.336750177461558664e+00,1.914257137488636218e+01
2.043032218406601430e+01,1.035794153977934542e+02
5.076315104271863987e+01,1.181623313324450208e+02
6.433948408879913927e+01,3.491715748182024726e+01
7.502265533013351728e+01,8.108887248969722350e+01
9.400478750117034110e+01,4.666706450743372159e+01
1.022137864457788510e+02,6.088827413434981395e+01
1.229183798020595830e+01,1.053953059079178445e+02
4.834072304091485250e+01,7.826969340791913510e+01
9.876307351523009004e+01,6.465514266764702711e+01
6.715374759343566780e+01,1.063240044386367771e+02
7.126096634089934412e+01,6.336493159138461095e+01
1.449367239203125024e+01,3.476491556127398042e+01
1.108312251503518269e+02,2.470017914845582752e+01
9.544456210610961477e+01,8.909603945970285821e+00
4.309106600950939736e+01,8.943253226608295847e+01
3.758074066783225931e+01,8.712283355223404158e+01
6.904297510670535587e+01,1.151187645489991382e+02
5.993206288988438502e+01,2.022221379206450287e+00
8.381002111121613751e+00,7.012037635247978073e+01
5.336994390588781556e+01,9.730683235958278487e+01
8.826926178496128728e+01,9.737620751045963630e+01
7.166709299024876145e+01,1.002477146566326098e+02
5.960075124269364721e+01,3.149381734206194139e+01
4.412673068500987483e+01,2.406464683523901193e+00
5.063921925737004415e+01,7.165557762859893387e+01
1.004827333430097980e+02,3.099711387468911994e+01
4.132581547940343114e+01,4.805844000076058364e+01
1.540502808695453751e+01,9.045944474992361961e+01
4.646434676840871703e+01,1.098299210819948968e+02
1.542689106639879348e+01,6.925678999926624613e+01
1.024741025728769905e+01,1.086464057763156603e+02
5.767543576162692531e+00,8.829832028693164148e+01
1.251829164761373292e+00,5.132008156039503177e+01
2.524854240586046927e+01,2.360368183355527449e+01
7.526367792822389902e+01,6.370173884514106533e+01
6.826010585070477532e+01,8.295498195963456567e+01
3.411637209215925992e+01,5.481930567641836660e+01
5.214377186458368385e+01,9.218515973156249288e+01
4.805379744771204287e+01,1.740450815245072036e+01
3.779786775442870095e+01,6.889214017949115032e+01
1.002658873546479299e+02,9.316926444275654973e+00
4.783154456429323176e+01,2.271689551914257699e+00
2.818412092705001371e+01,3.275105238142615605e+01
1.041089112733352238e+02,3.844750853157773918e+01
7.950364015516652216e+01,3.080697380219067583e+01
7.376534032056775914e+01,1.118613644789413719e+01
2.363258083523241382e+01,6.402027606467994758e+01
1.050826222369011589e+02,1.049125607863725804e+02
1.087649432047083451e+02,1.348099793601709706e+01
2.152939300373839870e+01,3.677079113425558710e+00
1.884213226012606768e+01,6.290785832271065914e+01
2.079243188384927166e+00,5.106784244274219731e+01
8.328993111843004726e+01,2.176887677063517401e+01
1.099166450814554352e+01,4.260539195622761177e+00
1.064423501210432477e+02,1.167436413916915683e+02
5.901028474651263878e+01,6.754507030284149494e+01
6.251574228269893041e+01,1.774680357707172718e+01
2.741494036594966133e+01,8.778357263330700277e+01
7.473742343412679645e+01,6.847558209930961937e+01
9.579518502491517040e+01,5.701862532883983903e+01
1.073959758117895014e+00,6.808397198145875961e+01
4.174908792195417817e+01,6.708206025783449888e+01
3.923469581727661648e+01,2.077999571010581548e+01
4.056086413778292865e+01,2.955025513624494060e+00
1.135097836866354015e+01,1.090406330666711199e+02
8.947544937368840579e+01,1.027450717713311121e+02
2.322853165433293299e+01,5.438636436177246480e+01
2.451976033425431467e+01,4.375397490021156699e+01
1.027948942515544104e+02,2.621781392430732183e+01
2.290733438946324085e+00,9.060080345889269893e+01
4.194999208208435704e+01,8.631425913913632897e+00
7.847356465831448702e+01,8.479222305696383444e+01
4.704351961775491020e+01,4.630738502794437750e+01
1.461203510287648832e+01,8.375744212095457897e+01
6.354284225814457443e+01,3.561611148504169932e+01
7.999809486649937185e+01,1.189305072858639960e+02
9.886500047011020342e+01,2.195026824102157548e+01
1.194199752734927955e+00,2.904608339336212097e-01
6.794573023344037210e+01,5.221490410465784038e+01
3.158692235255347924e+01,3.906732039382250576e+01
8.066924064312856046e+01,1.002061531830807155e+02
4.348829180937464400e+01,1.716256239532439309e+01
7.754518478374029655e+01,2.823367063208836925e+01
7.581931339191473285e+01,9.926895388971011869e+01
1.165942784809724060e+02,9.478479405253631285e+01
7.922056737065825693e+00,9.329818046920192387e+01
7.547051531004858305e+01,9.631276062956372641e+01
3.735654217997704762e+01,2.859569210153919983e+01
1.022541411470970445e+02,1.135566020445153583e+02
1.182638997771401392e+02,1.011555766213406571e+02
5.199252519154933339e+01,6.421889440963143159e+01
7.709972409475093968e+01,1.117341676131159858e+02
1.556865978600651346e+01,1.139049372462959155e+02
4.852190284975029755e+01,9.629948598907054702e+01
2.035306134873196271e+01,7.471610886305750654e+00
5.942508404573048608e+01,3.226134988337505405e+01
1.056183654626986481e+02,7.661676238261112815e+01
6.008851063562242700e+01,2.312872983176861652e+01
1.224962703593427094e+01,9.023000907989319330e+01
8.941800574485156972e+01,5.116103481093576733e+01
3.164235969539154425e+01,4.621174500975912025e+01
7.502276065648761971e+01,4.123958740401314316e+01
3.759325749547357987e+01,5.822238760310763439e+01
3.670957263811764193e+01,4.570450656262803335e-01
3.094674702352461537e+01,3.426937072984794241e+01
1.176314739285539872e+02,2.566172833861990199e+01
2.005798353527745803e+01,2.618774276876842322e+01
9.552259930616177286e+00,9.258393786548144533e+01
8.818076716895687639e+01,9.594234058040065349e+00
9.251637964580307028e+01,8.740553526922126082e+01
9.983687156688830555e+00,1.849250594589420871e+01
1.173078027419123259e+01,7.163379218036773466e+01
4.389184674050144253e+01,7.092759964640211479e+01
3.197095235197378571e+01,5.644006394433998963e+01
4.880063022838351117e+01,1.656901351872348016e+01
2.027921292782086660e+00,3.334878467846954209e+01
8.521629304417537298e+01,1.199416021836425301e+02
1.673383579776643870e+00,5.776694386313926799e+01
7.645734156923950309e+01,1.034350991274397131e+02
3.578544765531648864e+01,4.606549244776460483e+01
6.986590026148090260e+01,1.596045783240159111e+01
5.359850399078511884e+01,6.879734456204820958e+01
2.409624187732695155e+00,7.854416964272843416e+01
7.986674280065888532e+00,2.113023352862299120e+01
1.194824496585553675e+02,1.111351971791584674e+02
2.320987231259889683e+01,5.865751450884241791e+01
8.302495563531384448e+01,6.698029530527580278e+01
3.139901049064395266e+01,3.446415455767035496e+01
8.514157138572535644e+01,3.284738344156913570e+01
1.658033242612280134e+01,7.033550128205257579e+01
5.845965065610088374e+01,4.749374226663251619e+01
9.721878520254445277e+01,2.500121310145602394e+01
9.248021182973053556e+01,9.789973553517003779e+01
2.102375878495314510e+01,2.327504902704417233e+01
8.901401525589970731e+01,2.391422256027673221e+00
2.461853970379334200e+01,3.041200223941322278e+01
6.462375544902322133e+01,3.882972476648434146e+00
3.259747890763953393e+01,3.592014128222703562e+01
5.212580553750430568e+01,1.048292443623846566e+02
5.577046799850529624e+01,5.987349391541925314e+01
1.116812534834863442e+02,1.129240411740248362e+02
1.169887282626460063e+02,6.855339258246370093e+01
1.691543436311796356e+01,2.806205295135295685e+01
2.762027063800973181e+01,1.134536588874245098e+02
1.031408961701972657e+02,3.484495552089980208e+01
7.851368070425077406e+01,3.515473079328329220e+01
2.454877799914676118e+01,6.623505402111919693e+01
1.121266445063756692e+02,1.124303945419928681e+02
8.545017760546440400e+01,8.999254603352778759e+01
3.142083158572148704e+01,4.604138274304261813e+01
6.379946204403735521e+01,7.043444891956841047e+01
4.565379346385464743e+01,3.728664910099698915e+01
2.818268844131800677e+01,8.355323979439033621e+01
4.860705145228578772e+01,1.068979686634150710e+02
2.266594489170657312e+01,1.397058108466519144e+01
9.968592333681598916e+01,2.372304041360677473e+01
6.673724560809688455e+01,1.114851638036263353e+02
6.846155533307559438e+01,4.428730916904752846e+00
9.799993695111233194e+01,9.577797042226524127e+01
4.249877878506939055e+01,1.151232532692438895e+02
5.960989389478589828e+01,3.487236480234921743e+01
6.754071454909380634e+01,4.648990880921162194e+00
2.828800895783111713e+01,7.745308734302443554e+01
4.500479223298319909e+01,4.137887633581647151e+01
1.238218431551128873e+01,6.706270448505887316e+01
1.148185118746648925e+02,5.295229871939053368e+01
9.054037324169176770e+01,5.895227285431219322e+00
7.746890740391364716e+01,8.850111989679926694e+01
3.047643656902847553e+01,1.080342765595429455e+02
5.486034529390796877e+01,1.152000039686280957e+02
8.989758344499483655e+01,9.182790772152910108e+01
7.349922640678364871e+01,1.010844031217788768e+02
9.207666905809789171e+01,6.942775245728161337e+01
1.022636310683528933e+02,7.447958310236896295e+01
5.932757196364515373e+00,6.937467434017494838e+01
5.326912304148400068e+01,6.359355260773392615e+01
5.714962572866496515e+01,6.148932477659273133e+01
7.582519451715330661e+01,4.277786784575384615e+01
9.895553966842901161e+01,1.239146098335746160e+01
8.238022449043370443e+00,7.153555627908161796e+01
2.114316714902785321e+01,7.194168183663882132e+01
9.135836556988220991e+01,8.059696791421214357e+01
7.474042887745406460e+01,1.041134507281968951e+02
9.901024276624565346e+01,4.817549594958520487e+01
1.111683318048186351e+02,1.280976300448965155e+01
5.071434993534844438e+01,2.326974741411200398e+01
4.475007899683575374e+01,9.036821269519495559e+01
1.035496938764563168e+02,1.153311882218019058e+01
8.827687758713692290e+01,2.858369594039697859e+01
7.690439327490486221e+01,4.655732813420425664e+00
6.569476055685528593e+01,2.502959761591705501e+01
1.122627918104729901e+02,4.926410318723303305e+01
2.590603926405363211e+01,7.661701532037449169e+01
8.808916928088096654e+01,9.582477955837276795e+01
5.672093860677707511e+01,8.334581576061741259e+01
1.083630309310426725e+02,5.571378239228499751e+01
1.174072207306288504e+02,1.179119410178576288e+02
4.592790278461847464e+01,6.398557885056419536e+00
1.981054865032261603e+01,4.188829927482107962e+01
1.125595287070290880e+02,7.431314632539225329e+01
1.194464604553705556e+02,2.216217956534873323e+01
2.544682031705321279e+01,1.930822058291290233e+01
2.381605874661257616e+01,4.750365798211178969e+01
8.145058051493610662e+01,4.210201975904282534e+01
1.165755401170686270e+02,9.259787516446121458e+01
1.061548284160361959e+02,1.214141792825472521e+01
3.324438142360049397e+01,1.513611178806629454e+01
9.989202910633531474e+01,9.595420848041159445e+01
6.272453342570008772e+01,9.781577182857982677e+01
3.098518451360120451e+01,9.999603817674940842e+01
8.381775942079205066e+00,4.170813210851903108e+01
6.135854622258327851e+01,1.039189808488358153e+02
4.408102814175882855e+01,8.710445419407098200e+01
4.486694204339163150e+01,5.892156132070412156e+01
3.965021236773081625e+01,7.405509458525150990e+01
4.067516003990334639e-01,6.819121215114172685e+01
4.460496331336892695e+01,9.957494902505395373e+01
4.537047288610467177e+01,1.076554926061994593e+02
1.135860469285275656e+02,3.660355711229545506e+01
6.629469310110923175e+01,4.613862763411118451e+00
4.530244898235563511e+01,9.129860185731416777e+01
1.051888997005861484e+02,1.079887303682843935e+02
5.106673792444568249e+01,4.477112446872526519e+00
4.616064387873730368e+01,8.451056162182845810e+01
3.874406651574292226e+01,9.366676669528649768e+01
6.679945775123054830e+01,6.265009002180956799e+01
1.885198911791658105e+01,9.671984419600839544e+01
3.701067232935078266e+01,8.863235661095980333e+01
6.983565983140707090e+01,6.385948748984444734e+01
9.617849413343175513e+01,6.192022939985807284e+01
2.897123800718938469e+01,7.350825210096660101e+01
1.062664087893382288e+02,9.261969013215184532e+01
1.868612286890503071e-02,1.578183447569654341e+00
1.048807964897428064e+02,5.902132799877870184e+01
1.034893518760667916e+02,9.517377776740661943e+01
1.129701274133319799e+02,1.000418504337054344e+02
9.649951605225999174e+01,1.083582297854508880e+02
9.305593617318484689e+01,3.569400843925557609e+01
9.349353689938131140e+01,9.627444778883390342e+00
8.460253156067361147e+01,9.001936609825482094e+01
4.127533794724347160e+01,2.602218352953875069e+01
1.112370605029831836e+02,3.442294066203015745e+01
1.217192204200574501e+00,1.478150327986882395e+00
9.216707518795291776e+01,3.954901301577808681e+01
2.030682474425057649e+01,2.845049773812191773e+01
9.595580465115079960e+01,7.721842223973929720e+01
4.257505920804150179e+01,1.038282272182809010e+02
1.000929070169820534e+02,4.955742396599512034e+01
2.575955219278598385e+00,9.524092988020859707e+01
1.105122689279113501e+02,1.026700455424928293e+02
3.419591537762472200e+01,9.987904294463577060e+01
7.680767148478432205e+01,7.392069931844046948e+01
2.131648735988244781e+01,6.114005175641663925e+01
4.826966081237117834e+01,9.153493966117144964e+01
2.803176545812998555e+01,5.582285379117629986e+01
9.660116296944258352e+01,1.155048435837653784e+02
7.683296840337216338e+01,1.516432830527348230e+01
9.930071951851523693e+01,9.539381866535555332e+01
8.396483809356605832e+01,3.301152426136262363e+00
1.128927908793589694e+02,1.125245616893051874e+02
2.281180973719822447e+01,1.090088149749259827e+02
5.077857460895443609e+01,9.078081046445314328e+00
2.802530989967622332e+01,7.718300588902683046e+01
1.163260201087118588e+02,1.155306218260019051e+02
5.688171411172823611e+01,4.158878467828372294e+01
7.975502646176428811e+01,3.088144362373893159e+01
4.426532121911395734e+01,7.027205151790442983e+01
8.775032637082547637e+01,6.820088933863404179e+01
1.254976022001255131e+00,7.159024855753767724e+01
1.156428845143761777e+02,3.678333393140196250e+00
5.021193129670100319e+01,2.156115762196164631e+00
4.761060367046263764e+01,2.638276501288960674e+01
9.785941424076236572e+00,9.167740360360923546e+01
4.023283025397881296e+00,9.596343752523658566e+01
8.238015509393025582e+01,1.040496178557059608e+02
4.917259533544453554e+00,3.172365690606855892e+01
6.240536391708867114e+01,5.751940128035551680e+01
2.673756024376880980e+00,5.702358538853616921e+01
4.110402092726701540e+01,1.073518733313636346e+02
3.147643035670460421e+01,5.958741713369786197e+00
2.113975386841583770e+01,3.629133704289976947e+01
3.202869648974151318e+01,6.798700247580323719e+01
3.185387101710627178e+01,1.867550942862112962e+01
2.067673135820946229e+01,1.709052049889021063e+01
1.122294257943095204e+02,8.873621416251390315e+01
9.984389983359089626e+01,6.787054483247731973e+00
5.249765829247962756e+01,6.847667138419826927e+01
5.710460380406113501e+01,9.418416752900498068e+00
3.171178381727015960e+01,6.292196588675845703e+01
8.637258530532047018e+01,4.718858367083137040e+01
6.941041059968071636e+01,8.753362277901639743e+01
1.101752016658628293e+02,8.689227118083285006e+01
4.018926620343731315e+01,1.811439316945058664e+01
3.155758937133317232e+01,7.627055476970365078e+01
1.380464407935995119e+01,1.107776042979491109e+02
1.554819904402480191e+01,2.896073255029848070e+01
2.318135043168286913e+01,3.223014212374800280e+01
5.710759159020182096e+01,1.170842607025026183e+02
1.025842883079283325e+02,5.334432468217460155e+01
4.776445168369647121e+01,8.031873888634106606e+01
7.599842879575729171e+01,9.112691538677114522e+01
4.438219217326818011e+01,2.116608586438500339e+01
1.111828994534166242e+02,1.616078566206389233e+00
1.793519210223983862e+00,5.092669488776034825e+01
6.035079111586205158e+01,8.152196022486503324e+00
7.069423677729290034e+01,3.166635144881373520e+01
3.067841572388089944e+01,7.041796636416061972e+01
9.310447796710836599e+01,4.458619479097518479e+01
9.179372510481216807e+01,8.693214364663988647e+01
3.636611044124178349e+00,8.589962764316689814e+00
7.965765272394337160e+01,1.888710368614590074e+00
9.031084238492073979e+00,3.377029516972318390e+01
4.099134655873852751e+01,1.031361458075508040e+02
9.443416883492936620e+01,5.698858115386821055e+01
2.157659050119925226e+01,5.668519237747760009e+00
8.540071626098857394e+01,4.009161729092251392e+01
1.306867396972189788e+01,1.019002166593369481e+02
1.181500962615622825e+02,6.943316013081059168e+01
3.724651201000206413e+00,3.597760255548717367e+01
3.909319736240401255e+01,8.220696254631566546e+01
9.624775520440519472e+01,1.382944993986607329e+01
1.026648991394723538e+02,4.774546420613320663e+01
2.629745009431276870e+00,4.210132909056859063e+01
1.516992851364753037e+01,5.372836772575172404e+01
3.185643389162430594e+01,7.936946557068692698e+01
6.233609658994708980e+01,1.004279389793741188e+02
3.775378606219165079e+01,5.422289903399153133e+01
1.612525238003729910e+01,1.115958762124178065e+02
7.359142369955152674e+01,1.828510480602094646e+01
8.369083166701830123e+01,1.174280643205413455e+01
9.873623352199988545e+00,1.643466714535770734e+01
1.075590979462535124e+00,3.786958585659358789e+01
1.180060863453696669e+02,2.018286413121385436e+01
1.082263472187679128e+02,5.365513073837837510e+01
1.085563957325890669e+02,3.456190674716036426e+01
1.054019760878511249e+02,8.655052674963670256e-01
2.995719223612899995e+01,9.314655370230845222e+01
9.689525302356511105e+00,3.947529995364796207e+01
3.798194760258131453e+01,3.748710472719842812e+01
1.081246115766713274e+02,6.803706040061491933e+01
5.326314142928669781e+00,2.655287962770702670e+00
3.696329990163309986e+01,3.347218339479414340e+01
9.406173916708812044e+01,7.997327124705698509e+01
3.541009219557168564e+01,8.665353154040808192e+00
7.153444008467612036e+01,1.032610979755507827e+02
1.896075545861532063e+01,3.277845374195699435e+01
5.057297179861245695e+01,6.362468266125517857e+01
1.186159945010206371e+02,1.145056195920171831e+02
9.318008396430627727e+01,7.858672896021673182e+01
5.698187116839914523e+00,9.266130612548558076e+01
1.017804735797287066e+02,5.870649734077007054e+01
8.254007806754410126e+01,2.447449583821072494e+01
5.482635399972659584e+00,7.247051245960176580e+00
1.139896582190483656e+02,1.088574619252969171e+02
9.522003162190962655e+01,1.827256499933465150e+01
2.725303433223841409e+01,2.756183870301456551e+01
8.971566778477741977e+00,1.048153561449297797e+02
3.703415655600250744e+01,4.841410047499773128e+01
7.686239509723716878e+01,3.480019952228792235e+00
4.526600059383842733e+01,1.094393323602256629e+01
5.532809801293512209e+01,8.940971168628344401e+01
1.087655639724970911e+02,7.693122424436276674e+01
1.904574588127567836e+01,1.919102860489848794e+01
1.108090590948628495e+01,2.435929036126815106e+01
5.645177754534052639e+01,9.472457436850868362e+01
7.543446916386518808e+01,4.966703586508575086e+01
2.120610873135568752e+01,1.100351499276536202e+02
3.946199699093568114e+01,2.800803297946864134e+01
4.107330481409063339e+01,1.176708712999772501e+02
1.832843245434672497e+01,7.670080186606803352e+01
2.052257041452487130e+01,4.510138468238143616e+01
2.145204950433237556e+01,9.757667686793705997e+00
1.056012446458221348e+02,4.785942108768470860e+01
3.582675819549385210e+01,1.138668029367502754e+02
7.663679146995654889e+01,8.664449218268162056e+00
2.084117524736262439e+01,4.866559098630156655e+01
7.668786583819773739e+01,5.560523562353704108e+01
6.273149903592867105e+01,7.408494329086792618e+01
4.644562336490163545e+01,4.533326905910677596e+01
1.692989051345306706e+01,5.545832149292718327e+01
1.106327010785122837e+02,7.391899680789100557e+01
4.245213008372603269e+01,2.015606256794516327e+01
1.065604864194942536e+02,6.822218518072685356e+01
3.084118327412754823e+01,6.679931432714749917e+01
1.137556868666475083e+02,1.131516140006575881e+02
6.565302845249448183e+01,6.547912399349247892e+01
6.764963402164065087e+01,5.915498219636329225e+01
1.191597421104764152e+02,5.188623821663809821e+01
1.164093245097200935e+02,1.360440857825358307e+01
9.287890075234459175e+01,3.624723287272730943e+01
1.113082448204682038e+02,9.170555230196464436e+01
1.044634667229783958e+02,3.868594035080000992e+01
4.909860852660634656e+00,8.771297457790974761e+01
4.073878807466962115e+01,7.876002626089876912e+01
1.804077847811695534e+01,4.179135190255796317e+01
6.404365300546115236e+01,8.337212132550212118e+01
8.347621789789567970e+01,2.522234470175649079e+01
6.628047239543823821e+01,1.396447191184270409e+01
1.091330778700978854e+01,8.306360896404345340e+01
6.000709641158597663e+01,8.508320232314657972e+01
7.239405691893853145e+01,4.306955319103573032e+01
4.772839724972993025e+01,8.554978660894834164e+00
9.215869798218265885e+01,2.876384628122963605e+01
6.251947916774932423e+01,6.114211030406784886e+01
1.005059453162479599e+01,5.213138760208487810e+01
1.078158387595028103e+02,1.106459869153051727e+02
3.142615191236006922e+01,4.706480298620807190e+01
7.244442092552714030e+01,5.142125451882327525e+01
7.519938146951621150e+01,1.790190178749896077e+01
5.831743932030978783e+01,4.191812755913598210e+01
6.141768497117890746e+01,6.464870871984892631e+01
7.890663601297526952e+01,6.842567101445489186e+01
8.035350713206329942e+01,3.663334439654279606e+01
9.358960054693363873e+01,3.871339409661359099e+01
2.673204006095112817e+01,3.982074210557761518e+01
1.931137931054301404e+01,6.190066073670165281e+01
9.593293210903905077e+00,9.591918311963763699e+01
8.378130684691805641e+01,2.026965067890742134e+01
1.652991543182402268e+01,9.393194401904881374e+01
4.913915250251066347e+00,3.516243187210707788e+01
9.619138454445402431e+01,6.789235259186323646e+00
1.131058976064151409e+02,8.600726660076163910e+01
2.205758204455399607e+01,2.473390336625911701e+01
1.565553944850321599e+01,9.510552700925835268e+01
1.099052930952526310e+02,1.159279310934234815e+02
2.310899736584188702e+01,1.028504671227830016e+02
6.766993036653934723e+01,7.293094661715455729e+00
2.695558943470548030e+01,1.733833613486568481e+01
8.723425291483280830e+01,9.024484860242283446e+01
1.033354884173036226e+02,1.723819568206381092e+01
9.946137007199492075e+01,7.216218911668960345e+01
2.698050299944224406e+01,5.389433791217659575e+01
2.442042130494184171e+00,1.157098677422433894e+02
5.610135565415782821e+01,4.158522830797571856e+01
6.646114467954777183e+01,1.068682661470445225e+02
8.502799629424104921e+01,2.411178749753871386e+01
3.583312057741800061e+01,1.910389255834065736e+01
5.964838359393111489e+01,1.039632909728949954e+02
8.576782422815112383e+00,1.167930628526049759e+02
1.007584443774133121e+02,2.692810407472789436e+01
4.228069991080464263e+01,7.116274624559410711e+01
2.231447011070908815e+01,9.379464119533049882e+01
6.723150021483374417e+01,8.371151444397649755e+01
1.187229137732560957e+02,4.575919196741421047e+01
5.557267872671705078e+01,5.328334235272223651e+01
8.384188803351432284e+01,8.074437069339084871e+01
1.905199452546828454e+01,1.116773029123027072e+02
7.104488358811342152e+01,7.534645626344106972e+01
1.165047780098544905e+02,3.288208946830440738e+01
1.757117729480027180e+01,7.077930209595585609e+01
1.122053090720281574e+02,1.239150879274252404e+01
1.007388091036606781e+01,8.436996353477459820e+01
7.399609710670640084e+01,4.969743722086113991e+01
8.999979249280960403e+01,1.184888169824763651e+02
1.058067889434727959e+01,7.484951796275912272e+01
5.537001600445868377e+01,4.142282453977366430e+01
1.494705093895425385e+01,4.652816937754944426e+00
7.971762569760362283e+01,5.194712873069371994e+01
4.819917378543222242e+01,9.731868849587564796e+01
4.016679019302142883e+00,2.528072769452811563e+00
7.245596023784810313e+01,3.399319339034342846e+01
5.266601677069559884e+01,6.363310282856344458e+01
8.868836720431279730e+01,6.319435375623980633e+01
1.030858484126936787e+02,1.539859782619980777e+01
5.598874987133273606e+01,6.856580957980835933e+01
8.805074822475462781e+01,9.376617107259362172e+01
1.207058829238246389e+01,6.124171548139204191e+01
1.145481603079203552e+02,4.401663713331988959e+01
9.543737784448849126e+00,4.908591408455946947e+01
2.042881295796259167e+01,8.568604473475011218e+01
1.163031816864591974e+02,1.033179126256006413e+02
8.460849119110667971e+01,1.193363153321211456e+02
3.676385979740557275e+01,7.792041375352687282e+01
6.566936339763894637e+01,7.256207086738298528e+01
5.401824889258973172e+01,1.132565639153595640e+02
1.713345819947109661e+01,8.817874675650682548e+01
6.656470830815409556e+01,5.256789228029545313e+01
3.012293410246243397e+01,5.054296305842178327e+01
3.465952351946646104e+01,1.131873797964276349e+02
3.257675230275795286e+01,5.750594777828298021e+01
1.101380303724811967e+02,4.928965277286906854e+01
6.802225014454222674e+01,1.120956290189107989e+02
9.452222443454118661e+01,1.151911978379719699e+02
8.701744041970692933e+01,9.943764478472800761e+01
8.575069534894186063e+01,4.286770755720781523e+01
1.035490009836296252e+02,5.147379952677915327e+01
5.473909174476591488e+01,8.576788084643432342e+01
9.471539241555723265e+01,6.093758957676281796e+01
3.436045756093621861e+01,1.162506443442518815e+02
3.957320285757559475e+01,3.076910652041686234e+01
1.171779436996927330e+02,6.203050439192831789e+01
1.034957789877521961e+00,1.142253859957216378e+01
5.465135414377825640e+01,8.238644296531676048e+01
6.427904934836541884e+01,1.994851634502576587e+01
6.967532486347255372e+01,1.953818891519821221e+01
1.100099600534499302e+02,5.943571059197517314e+01
1.066182864543518747e+02,1.081447146516065203e+02
7.418882823579481567e+01,5.070265787815464620e+01
2.968562027599146447e+01,3.711229210009661728e+01
8.631399066659456309e+01,6.867088508317424100e+01
7.054060033802032059e+00,2.124189744735734564e+01
1.131525791902297442e+02,9.700456808502222827e+01
1.010750205988966570e+02,2.067879264920621907e+01
2.442072917487163153e+01,3.799312944583023466e+01
8.937684393272179761e+01,7.886527988235332032e+01
3.143092702422379858e+01,1.031330323433847838e+02
5.043795246403252008e+01,1.167552843313090563e+02
2.432032035237316236e+01,7.792590522558430166e+01
4.462845834052324534e+01,9.274241746930285046e+01
7.702155967795621905e+01,3.065310546194809405e+01
9.322120284321360373e+01,7.394992246745584907e+01
5.838774294013558119e+01,3.836223506399898397e+00
1.352214294176192411e+01,1.137121433802954868e+02
7.900969484276328103e+01,2.136280983751694507e+01
3.869637006730103224e+01,1.958037538076238349e+01
3.116521107303102411e+01,7.408169354862197054e+01
6.036505288083870369e+01,1.096685353035893939e+02
1.542487064704089583e+01,9.029740688212666555e+01
8.124480822829767135e+01,1.191273940059669343e+02
5.276451299117250926e+01,6.224541163980885017e+01
4.093585531597659610e+01,9.141972051914328290e+01
1.188928496806037174e+02,8.037381288566376725e+01
7.283737797862728236e+00,9.284774556689562530e+01
1.153484669637900879e+02,5.179196870412729226e+01
1.863405600948069463e+01,9.822705728512140411e+01
9.985779886894346191e+01,1.142988919416056603e+02
6.290643351648579085e+01,4.167263309434942187e+01
9.742793392435801536e+01,7.990034840480450384e+01
4.504546823246027287e+01,3.292069932384662678e+01
2.928791816541430393e+01,2.440277798172920143e+01
1.515511538141018910e+00,3.595939880316868198e+01
1.548868022418894874e+01,9.451142577331877703e+01
4.680249607850707605e+01,4.171233626230380764e+01
9.389238965558739380e+01,4.342992119850059396e+01
3.351978728583616629e+01,1.126852000829149176e+02
7.318983446087037237e+01,2.344372057244115126e+01
1.692248184565180580e+01,5.625420152735898682e+01
9.293726486802711406e-01,6.380256033119229642e+01
1.113457502004034296e+02,2.291793899761479736e+01
8.924505438148075598e+01,2.262582877183820429e+01
9.210634465233438561e+01,9.975640743381656250e+01
1.143336182233968970e+02,9.146043676164492808e+01
7.001696028474789557e+01,1.851741412222928673e+01
2.898304622261718677e+01,5.487519605363593911e+01
6.239834751115112255e+01,4.473799148075402599e+01
7.022127119313547894e+01,9.574191489319196080e+01
5.478975929610501083e+01,9.449315935350313111e+01
4.951581813458077619e+01,8.741725065709123044e+01
1.126514205478368069e+02,1.171679054922312275e+02
7.204665158123562207e+01,3.780076266906411320e+01
8.646027143023049533e-01,3.727096951432288563e+01
6.524744409050046556e+01,7.703807927905430120e+01
6.640913180295771667e+01,1.972599236041077120e+01
5.628916289073313095e+01,4.133320863207985951e+01
1.172880390507303900e+02,2.891594889535423007e+01
1.115287739802754743e+02,1.134159712678723508e+02
7.346519745371584520e+01,3.631640328747413093e+01
7.464253182468357295e+01,1.085452493517841077e+02
8.993901216523705955e+01,8.490720630080953413e+01
2.207336573049758144e+01,1.188712933001542922e+02
6.086150119375248835e+01,4.058937510203791987e+01
3.621502423404405135e+01,9.098780475140536339e+01
2.568624582347673169e+01,3.028256791959789140e+01
9.685077103857786085e+01,5.148242652139058606e+01
6.555827018441922860e+01,7.258125075006987004e+01
7.882324448028201402e+01,4.392018853921592836e+01
1.797174741517822838e+01,8.631060676002209675e+01
6.587420236798374162e+01,1.153827545848464524e+02
9.920304589407243157e+01,6.402404789962163889e+00
1.344195372280492151e+01,1.053506022557635760e+02
1.110842067347456492e+02,8.575956245937368294e+01
8.717531112675980864e+01,1.176734303966991604e+02
2.827381610001523171e+01,1.736897360688032244e+00
1.275052601427230670e+01,2.128406715327524878e+01
1.187039448010186931e+02,1.030835491077994135e+02
1.392626804138083685e+01,3.510001238877496377e+01
1.108139484691704268e+02,1.172124479819814624e+01
1.173654855108901671e+02,9.908710646302948533e+01
3.921696663418554607e+00,4.414102779786680486e+01
9.445829647714982968e+01,4.145762604680848540e+01
1.099826453850366761e+02,1.194582041617045292e+02
2.631111285390163701e+01,5.735217711189206824e+01
1.290641686829430057e+01,3.844016780665913124e+00
1.057802539164087108e+02,1.191864952369555652e+02
6.226212634194858708e+01,4.844516384709574197e+01
1.104568474028274352e+02,6.508661541708059417e+01
5.459001733176812365e+01,5.055584701372785617e+01
6.134583059203988498e+00,4.004431581668908002e+00
3.908018329822594694e+01,7.516683958083571326e+01
1.098700459563350194e+02,1.073357714062406103e+02
1.360699974815027247e-03,8.362486082627211204e+01
2.284187222325357780e+01,9.653019309611228493e+01
8.905059816514048521e+01,2.591276177351288013e+01
7.726745079358234136e+01,8.654325802358042097e+01
1.463082516688079870e+01,1.127106630995369727e+02
2.098547984233873009e+01,7.471896086506261270e+01
4.407028221907938104e+01,2.652314211397495214e+01
2.882854728752711893e+01,5.262577237244772732e+01
5.710560023851131461e+01,7.228208116054062771e+01
9.607272946071550734e+01,5.115204337530298062e+01
9.060184108217802645e+01,1.627751099543539226e+01
1.136840629622933392e+02,1.142990035104426454e+02
1.277350601075542968e+01,8.615989800504378593e+01
9.976721811689161257e+01,1.367825360821132463e+01
4.887640311484854294e+01,1.080258271527473113e+02
6.423778518314217933e+01,8.870697623613727956e+01
9.944215711878406694e+01,1.642579743551592486e+01
1.456807731236839487e+01,1.134250343711431981e+02
1.150327329816617663e+02,6.480299450812266571e+01
1.163127051352398951e+02,1.873873121443444489e+01
2.758531969646137583e+01,2.421401349566890104e+01
5.724298801709517548e+00,6.186397801115219863e+01
8.051389378300065403e+01,4.245215885015107204e+01
4.513453409660526461e+01,6.261355703172048237e+01
1.138492931567492406e+02,1.062043844559115797e+02
4.601206730657152377e+01,2.124498815548797381e+01
4.188145051511761352e+01,9.836309062553239002e-01
5.290112301560747632e+00,5.206327942961503652e+01
6.041735390770163860e+01,5.232635116769488803e+01
6.255583134747286778e+01,9.908223139439550664e+01
1.780216288816699333e+01,3.515041771122953129e+00
9.661901347602987755e+01,2.965331001282505596e+01
1.136167784197793651e+02,3.618272789890828278e+01
6.331109213389367341e+01,9.929652230186468387e+01
7.410733760310158402e+01,4.099559077901883342e+01
1.845537030304033621e+01,7.154106098106420575e+01
3.496961808566045704e+01,6.666083313588146098e+01
9.074459068732713263e+01,1.039142271923920759e+02
4.298163438547975090e+01,4.209020885938107170e+01
1.777360536842920524e+01,1.272134894323543008e+01
1.821169786606550645e+01,6.364454376483300280e+01
4.619106967205261327e+01,6.936346802693010716e+01
3.514909826195473386e+01,1.568002142110666597e+01
4.680047833998472839e+01,1.174027366556127134e+02
3.124425806881451351e+01,2.637550305287841468e+01
1.020012018094025450e+02,1.019788188647787166e+02
9.062207423356360891e+01,1.927348633982245474e+01
9.368438069386375844e+01,7.158983812807188940e+01
6.857590688286303759e+01,1.115049170023437028e+02
1.035568219105379058e+02,5.683807431129364041e+00
2.903711175235117992e+01,1.018373215955967055e+02
5.392476295993788682e+01,2.219774759496394978e+01
1.967127239426380925e+01,1.092810469219796090e+02
2.509543695393368878e+01,2.690064048250578566e+01
3.200393261088730412e+01,5.377755394210413442e+01
5.498434148890031281e+01,5.729855311752994140e+01
6.466637988260445979e+01,9.619818126948547388e+01
1.502065376343213465e+01,5.518542208654226755e+01
1.122982147328000195e+02,7.933772732980187925e+01
6.076914603569878892e+01,5.022057806006130676e+01
1.884678955808066547e+01,1.770754816429921874e+01
1.011112508979556566e+02,8.262150968466562517e+01
9.227215385607910036e+01,1.018605970533934197e+02
7.505975721019046887e+01,5.255723751636087115e+01
4.192170589261525038e+01,1.077095523074212622e+02
3.532162822703280369e+01,9.187156359537222272e+01
1.161514236604576098e+02,4.824282058151346320e+01
7.444707349854779466e+01,6.859112643428474598e+01
7.501153997278655083e+01,2.477830949552318529e+01
1.062462596270653421e+02,8.903921060625755501e+01
6.791494191230769140e+00,1.196044321339547309e+02
1.366638731200036538e+01,6.579745938881634970e+01
7.380309119740678625e+01,2.577118744306816644e+00
1.478965171655175581e+01,1.037752341408861270e+02
3.285808664252049738e+01,9.676844103932391761e+01
1.149581080638643300e+02,2.003490456191271107e+01
9.004207375540866920e+00,4.735016885299155831e+01
4.007616205356592332e+01,3.463240876164218207e+01
2.131474905832404509e+00,8.483728614841187721e+01
3.475672876047853066e+01,6.632443566098826793e+00
2.325481283271534494e+01,9.539784578212440636e+01
6.188847705325719772e+01,2.375131926267929572e+01
1.009414779068473820e+02,1.119994810266080520e+02
1.368090841509157585e+01,7.954303214385451781e+01
7.535221187663205455e+01,7.216173694702487751e+01
9.340551873832612273e+01,8.891252265393401188e-01
1.131562054333951153e+02,3.332864941620465871e+00
7.072082958951938281e+01,8.366316828988831844e+01
2.246855530066735795e+01,1.264494941949919848e+01
9.232761536788521539e+01,2.792288449627778135e+01
2.893430694379026136e+01,1.011067745007938470e+02
3.982502673995227127e+01,1.122697285415029143e+02
2.099804119820270643e+01,4.516544952103491717e+00
1.088044540757313072e+01,1.258330767998256405e+01
2.199441768986656243e+01,2.609033668663283123e+00
4.466928631656890047e+01,3.774883980888800750e+01
5.687314452112278218e+01,9.676361442832813964e+01
6.101935144726346749e+01,1.190389597172195408e+02
1.030164309628281529e+02,5.688487791254257786e+01
1.464481781669197957e+01,9.643659116682816546e+01
1.142545233939655418e+02,8.544955630709013406e+01
6.775996800621523164e+01,1.511227175822457802e+01
1.090941857149477556e+01,1.635306107326635328e+01
2.372781682050474572e+01,7.674861105773057091e+01
1.000020152153075514e+02,4.423860334375779857e+00
6.897610337615506637e+01,2.951138527288220459e+01
1.144706272164611107e+02,6.079135195547898718e+01
9.738898524640870136e+00,5.974634737078105928e+01
7.312194866914917668e+01,4.825147319526732304e+01
1.001355392983376049e+02,8.585535402427156271e+01
8.543109441747198218e+01,6.158744402971947807e+01
1.165055345033794936e+02,9.171648477174780822e+00
8.603344266211814784e+01,5.501741150752266662e+01
6.677021824335680833e+01,1.062723741322994755e+02
3.908639954427759733e+01,8.581967220946529196e-01
1.961709271648839703e+01,9.222028893006113037e+01
9.280492486050749790e+01,8.336438969120067100e+00
2.875065226597098444e+01,8.306132545704487313e+01
4.895451321537582601e+01,6.513115994736719472e+01
3.646548023854028031e+01,1.018123055089207156e+02
1.041685287467532959e+02,1.457039202466621575e+01
1.149576515628794908e+02,7.540708925926425366e+01
8.039570278669842196e+01,6.440434860912074555e+01
9.407488359790266941e+01,2.186320032389431134e+01
7.969207441093963951e+00,3.759874377624080921e+01
5.965502519452192587e+01,4.642980980010777969e+00
1.112394547960161049e+02,7.475854682957044872e+01
9.647926968257590374e+01,9.558542001877087557e+01
9.443514619919606901e+01,4.519506152968831714e+01
9.782398446295789540e+01,1.187310352370850524e+02
7.934156640927757564e+01,6.353646700508097922e+01
4.022912607539754504e+01,7.000878265806420586e+01
7.324571572759288074e+01,4.236116758749435007e+01
3.203604430321382068e+01,9.464664983793487352e+01
5.389432450893075810e+01,8.989435468274109553e+00
7.433168822330057424e+01,6.236333195961202591e+01
5.319369825792241357e+01,8.617352110359831840e+00
9.623584172876284981e+01,5.790710159986734595e+01
1.504219931089791373e+01,6.555623637618056421e+01
7.245570609851455401e+01,5.740275584160319511e+01
1.107817000420253919e+02,2.506470765071414419e+01
4.608863236986429968e+01,5.903921890336654599e+01
2.807496756191321552e+01,2.926908995236718880e+01
4.436202139597952510e+01,1.472093574866899601e+01
6.671804236052206249e+01,2.247219303538473412e+01
9.669238016938115265e+01,1.008811751144004774e+02
3.332983651435430517e+00,2.212458761907839744e+01
6.644730798407296390e+01,3.533153753353102644e+01
2.780172645992287883e+01,8.543521398307086656e+01
1.536897833649000589e+01,5.327236642834138536e+01
3.950930775358457225e+01,1.087370186716141163e+01
4.381560299400273095e+01,9.929531129514854726e+00
1.052573570846225159e+01,2.590429979313895359e+01
4.831185552429579388e+01,5.099500174610029291e+01
7.755958904818848509e+01,2.727966716618461795e+00
8.902843628408582788e+01,3.033246400811550814e+01
6.678497417192423313e+01,6.182751365486389972e+01
1.162742494179399557e+02,1.131622559465146765e+02
1.194815117180315553e+02,2.749496373021785089e+01
1.044094870921396279e+02,2.853042229027223442e+01
3.396869629543324720e+01,2.849386622310987960e+01
1.145496965951605830e+02,1.375067214883042510e+01
7.403234550856591056e+01,4.561412888198947968e+00
2.738982729019445728e+01,9.165568382907112266e+01
1.082178067587993269e+02,6.301304185723314077e+01
8.391412630916958904e+01,8.628062396003585377e+00
1.047907805128309207e+02,1.541361803731756552e+01
3.040236313658858336e+01,3.932012730800551026e+01
3.687977538105735675e+01,6.953004558696845550e+01
1.331437502622728530e+01,4.209985805075580068e+00
1.089302771407383119e+02,9.375595036581006525e+01
5.400818913808930688e+01,2.268649051274449491e+00
9.756512707232384685e+01,1.128174504980850514e+02
2.596375991220902435e+01,9.797726292386974478e+01
1.139542492036288195e+02,1.139571654843316253e+02
2.911200216418294318e+01,7.303391520117034474e+01
1.028119699620767307e+02,1.917376806266499045e+01
1.050844142780144708e+01,2.154355867117492807e+01
1.111725559397445551e+02,5.273846448910629903e+01
3.941762113961616620e+01,3.426534749071763031e+01
5.530496422323991368e+01,1.030305931108824069e+02
6.282695541562373087e+00,5.940274857898172201e+01
8.846270085540720629e+01,4.290410531235657032e+01
5.838030584969650505e+01,6.748023687289914108e+01
6.976592245442243723e+01,3.861304600103940743e+01
4.609154886396180473e+01,8.925726936030460479e+01
5.075995682926268415e+01,5.480631864860421842e+01
4.688014510668220680e+01,4.941270813972435860e+01
4.192366617324751132e+01,3.020753538747933220e+01
8.126864398927619249e+00,1.467559596068277905e+01
7.737925144292078983e+01,2.160106494874947103e+00
1.057924487569035676e+02,7.198144823006832382e+01
9.590325866401389021e+01,2.621290495869533288e+01
8.570550795633862151e+01,1.138791114773017554e+01
1.134475369814530836e+02,1.012810736955497930e+02
4.004521455316765355e+01,7.781902553017252444e+01
9.678047132713722078e+01,6.110175685702441939e+01
2.790710205366631413e+01,6.788567343895704198e+01
2.712078321015524907e+01,7.447531492957776322e+01
1.020418909331722688e+02,3.489975589282184387e+01
8.521471377756114407e+01,1.507257428248983544e+01
1.246871122306179025e+00,5.721450121112564347e+01
1.126802663625791610e+02,1.119492060279200558e+02
1.718885403268827616e+01,2.467870208679284971e+01
5.218459595653273198e+01,9.273509987648606057e+01
1.017113378132712569e+02,1.054746945226016379e+02
2.010332347241419271e+01,3.746534179197754355e+01
1.061136802363038782e+02,2.506137764507968058e+01
5.243231005536100753e+01,4.990381306797799965e+01
1.015595379501845912e+02,1.027633624526542064e+02
4.724420550844714484e+01,2.202377656905601100e+01
5.286691804794016036e+01,8.397164549761895103e+01
1.124466050193482261e+02,1.098145385782993060e+02
9.197055891961508678e+01,4.127880692942363794e+01
3.440990249271099088e+01,9.343297071109363117e+01
5.550763176015257727e+01,4.487621790574009140e+01
1.091352917541569809e+02,9.177744049506685542e+01
1.122794274668089400e+02,2.008879386082345064e+00
8.551169451464581073e+01,9.849927868304528999e+01
9.928666252572327267e+01,5.148441388815341924e+01
8.009233021421268006e+01,6.481530557314654217e+00
2.625684288565730995e+01,5.700457029410824106e+01
4.437299120430098753e+01,3.416413147338177581e+00
4.664232211824333518e+01,8.168243910328127910e+00
6.013239037758127381e+01,4.492273991863670091e+01
1.110574976114352808e+02,7.654563041936235379e+01
4.085483747531726806e+01,8.111074855576825371e+01
5.706649779540497036e+01,4.237143225207132957e+01
9.650076753009058095e+00,7.272230804575472973e+01
1.166342379447933979e+02,7.244000438796372521e+01
6.074814663640490942e+00,2.550890382976232829e+01
4.041706867756113297e+01,1.000622711543969814e+02
1.183783550154326036e+02,5.637780043616302095e+01
7.270367082747638676e+01,2.392043937766465689e+01
6.534526676655326582e+01,7.077537240329475310e+01
4.477634571364254157e+01,1.058748156745843119e+02
1.104653642282403680e+01,5.836410127605133624e+01
1.001172167035523728e+02,2.244077252605593031e+01
2.899084461674381608e+00,7.381248973840357053e+01
1.008148685621550271e+02,5.933041478628719290e+01
9.413900495910915822e+01,1.954543646725509731e+01
3.669603905955946033e+01,1.465435269579950983e+01
9.089765740801779259e+01,4.921115668729935777e+01
4.870177100063597386e+00,6.761885664156861253e+01
5.164272740330425648e+01,7.444855337139881613e+01
1.040150029004763468e+02,8.279727328928018437e+00
1.064911698292108611e+02,5.358008993622484439e+01
9.133874708280735888e+01,3.624278213944493388e+01
6.738403076770258338e+01,9.719672065541254824e+01
8.085386796466985970e+01,7.673160595544501916e+01
4.133670210210528495e+01,5.590858270079483816e+01
8.005363045120465415e+01,1.044692272153717738e+02
1.316502167553083247e+01,4.302068720559979198e+01
2.245163209004790161e+01,1.106256738498871073e+02
1.033856318154663256e+02,2.243555459090773141e+01
8.018026631128208237e+01,2.009183283556045296e+01
2.394282721834369099e+01,3.036199328899019889e+01
7.629684614775757723e+01,1.530779911525339543e+00
9.791671051417640115e+01,4.309884716926062964e+01
1.155397231239546407e+01,1.024947729748088392e+02
7.300970510339486452e+01,1.192542365647447511e+01
1.531059784451042205e+01,9.708836577757632824e+01
9.882690007226935336e+01,9.227536678597238051e+01
1.199142949296049565e+01,2.280702165637726608e+01
1.190659754014353311e+01,3.593288923596880835e+01
7.482647206117556493e+01,2.576049665410610956e+01
8.992471275975852052e+00,9.243084403788304826e+01
6.039889230703348488e+01,1.003285013606019618e+02
9.315132329894082375e+01,9.101761926274543058e-01
1.101354018663098771e+02,7.061657222663959033e+01
9.946567267105722010e+01,2.905002572032673314e+01
1.013978493142843718e+01,1.006805666574866223e+02
8.522836755706224565e+00,3.666423813049770786e+01
4.517210665206430775e+01,3.171419041785199155e+01
1.043530816458785893e+02,7.461351266755325184e+01
1.477741001647440378e+01,1.094777090319597619e+02
8.388789617586313341e+01,9.747272817068255435e+00
3.418185032035466264e+01,6.277297520565572597e+01
9.071064268330687241e+01,3.086937507759202859e+01
1.063912900771527035e+02,4.385764540998829375e+01
1.084666263014929655e+02,9.030997229034554152e+00
8.874054543458029798e+01,3.065754740697307312e+01
4.857213193460624723e+01,7.570349679607457460e+01
5.337315749833287271e+01,6.410768042976785352e+01
8.547796790255802080e+01,2.388904953922181917e+01
1.179510194779800543e+02,9.648696184634712836e+01
1.086384655090823514e+02,2.252039618968554890e+01
6.452630721971354433e+01,6.645987650653910350e+01
5.170188971892400076e+01,6.559355691832806201e+01
8.603478536344529459e+01,8.592301536384323413e+01
3.447685242190105015e+01,4.363801733561865070e+00
2.714320184827713334e+01,1.264783396233331025e+00
2.019343749071189364e+01,9.905395298604817711e+00
9.691077130567846609e+01,8.215166838286988593e+01
1.177097209740754025e+01,2.999070771268168656e+01
1.270830991297453494e+01,6.230949832735573324e+01
9.821858005864129382e+01,1.021723328003215769e+01
2.492094396089258623e+01,1.017111960760310723e+02
8.013394987162939742e+00,1.039946245948873553e+02
7.710539188424820622e+01,3.905475824602036994e+01
1.879441436797953813e+01,7.170496364645740073e+01
3.610169920093091633e+01,4.512731387703789920e+01
9.012937890238509908e+01,4.640658951600639170e+01
1.198051894499720049e+02,1.187271092614532790e+02
1.166281280157782732e+02,3.442492307275246688e-01
5.479590495432581321e+01,7.823516319409097264e+01
5.431317434398019373e+01,1.364083613297230357e+01
9.139815478381808589e+01,1.946030932944988479e+01
3.767114184962632351e+01,4.003620346264607832e+01
3.829852587202127978e+01,1.116886243266166190e+02
6.099169100130153964e+01,6.908881348695565805e+01
5.396786568654881044e+00,1.080671545755022862e+02
1.185688145995552674e+02,5.354274691133782227e+01
5.973822071062788552e+01,3.539978717742442882e+01
8.216262429981024695e+01,1.231213901896971308e+01
6.165177312372346563e+01,8.074309027164424890e+01
7.171588565818792915e+01,7.481683134059409213e+00
9.372793273465252639e+01,4.300621907683138545e+01
3.712309870856613969e+01,2.921896125900476093e+01
1.047663534969272092e+02,2.587998496876715393e+01
2.788905038998234431e+01,1.015566289862109954e+02
3.883625701834100852e+01,9.335810073842932866e+01
6.326072398535413299e+01,8.439749460273714021e+01
5.666313862055884698e+01,4.960441084174492943e+01
5.312679759664532497e+01,1.997412922962308102e+01
2.316048073212755298e+00,6.585288611424698502e+01
8.693210318386682900e+01,1.185083112225156725e+02
7.987644115936143407e+01,5.625161596403879116e+01
2.033763899563931332e+01,5.170004329107061380e+01
1.194884236676466287e+02,1.074552178055117935e+02
6.371426103934627605e+01,2.351015805987586305e+00
1.163396839234345919e+02,9.805665402021104171e+01
1.064846459782412467e+02,9.525045072687892400e+01
5.314760929095222508e+01,4.120246955100015640e+01
7.998101769522887139e+01,2.594717361981477843e+00
3.434262556003349687e+01,2.431514315973846863e+01
9.018506714124089285e+01,7.442259410886984483e+01
1.532160410875994749e+01,9.874134397987252498e+01
8.189428956930417769e+01,4.579643363926768984e+01
2.600205242621748880e+01,2.180699370304481732e+01
2.329724198036315919e+00,6.189653960636491803e+01
1.067639787003526948e+02,2.946530537524435545e+01
4.371519766734017765e+00,1.007896281005395167e+02
1.146404031328767417e+02,3.698194965839513060e+01
3.612027346486834034e+01,6.318309679872129436e+00
7.345603297186310954e+01,5.215717167554386435e+01
8.334786613691052537e+01,6.705096310222478095e+00
4.332751882185926462e+01,1.125904266104175946e+02
2.023129653873866118e+01,9.001957550961282095e+01
2.113706130533284622e+01,5.556540720889094587e+01
1.356700451529233220e+01,7.502257750514784718e-01
5.002309125545828294e+01,6.290378457915202404e+01
1.911239533574370242e+01,9.799139119391257680e+01
1.977467435712181754e+01,7.740131760223520985e+01
1.975805642430966103e+01,9.805934541070134003e+01
4.660268375034463162e+01,1.690528800848437641e+01
3.443983178308848636e+01,3.894842756579783583e+01
4.093617039694672144e+01,7.884895690566845872e+01
9.068384835322076398e+00,9.361958290310353448e+01
7.451761685294037818e+01,1.807955371774341558e+01
4.938998765350771691e+01,6.157236266430123095e+01
1.203842077184759773e+01,1.556989342852273417e+01
2.131904682912632865e+01,9.037979685377436567e+01
4.547682842736900000e+01,1.572675447454994213e+00
3.087188822476692707e+01,4.720345518960870379e+01
3.295918487618672010e+00,1.130576921418152807e+02
8.157727034722192627e+01,2.664031841349037144e+00
5.982056456327488547e+01,2.154212938236720731e+01
4.977742713548455811e+01,1.056972751898758816e+02
8.171527314859108060e+01,3.355179619211580189e+01
3.243322386078853725e+01,1.224407906956261449e+01
1.018955781813132262e+02,1.762272003918180374e+01
3.748288557544086075e+00,1.678099498537399015e+01
8.051908360203131565e+01,1.281722276827099805e+01
8.322885021733036126e+00,3.686105596088617631e+01
6.148891650383468743e+01,2.106095769647781424e+01
4.136021495240377277e+01,2.691905368882189364e+01
1.158172749853220722e+02,9.694264243653479696e+01
6.550784891447032976e+01,2.984449844491150827e+01
9.864548957128820916e+01,3.941946550781523939e+01
3.977519957493918668e+01,3.799270703296387097e+01
1.070486121006624955e+02,2.255175489049137028e+01
7.734317304564317652e+00,1.054935048091621468e+02
6.642230662563761712e+01,1.059185623868249166e+02
3.843068731151993234e+01,2.003446605832428418e+01
5.057898230838018350e+01,4.254077964387522570e+01
1.634082576252486518e+01,1.110991538521656565e+02
6.425595753220974871e+01,5.981012991745586760e+00
1.069948170243033587e+02,6.542757056243106994e+00
8.433192306459038434e+01,7.507048744549751973e+01
3.671500316871867398e-01,6.266567679637209665e+01
9.633686576939506097e+01,5.939495939776677780e+00
5.500834829810278848e+01,3.044071161800014380e+01
1.787697729548906977e+01,9.082800703732463177e-02
1.026786119218454729e+02,1.104404334077385244e+02
4.993785078174791181e+01,4.291281854102501825e+01
2.983114388200432288e+01,9.678089270810109213e+01
1.136204036572583931e+02,1.067489582054655841e+02
2.284309618600806147e+01,5.707193675378026398e+01
4.293348388652700010e+01,7.005852523448172064e+01
4.852734233683143117e+01,6.411212171225841416e+01
2.490524226333628022e+01,1.027280191877005251e+02
1.157453771507452274e+02,1.872139776813987666e+01
1.017302836043558045e+02,3.772899477954232594e+01
6.954596830188155820e+01,7.263744097711888514e+01
1.553263053362062962e+01,4.617357837585764457e+01
2.980811052923016291e+01,1.173805766609301031e+02
1.102589069083826985e+02,3.901256267002924005e+01
3.359886118109258746e+01,4.495382653834658981e+01
7.583799619429122174e+01,3.717397225967206964e+01
6.148543485927044827e+01,8.082019607723741217e+01
4.208452317847444135e+01,3.355020322980451652e+01
3.921420218665841162e+01,1.110630639596369491e+02
1.801899375126114755e+00,9.513653928609386412e+01
6.918255918709755292e+01,3.497855614014093817e+01
1.664539855940006774e+01,5.550946192394673062e+01
4.202497401480465555e+01,1.041151093117747806e+01
5.562229399821865172e+01,6.843837279171953014e+01
3.075059929418378246e+01,7.401087280713301020e+00
9.886980556732666514e+01,6.720561492200118892e+01
7.715595092117938236e+01,1.467381243964825188e+01
1.154522122298369595e+02,6.254397364974042262e+01
5.278913536463680600e+01,9.990993574286993351e+01
9.011843055730440710e+01,5.260353666471246470e+01
9.345825437518753276e+00,1.437994122261436303e+01
6.726270751611968990e+01,6.654358423131326106e+01
2.784657928895881440e+01,1.058223166967279916e+01
9.929810211517335006e+00,5.842307904889446490e+01
8.602874080692083680e+01,9.872039789467170579e+01
1.163971897284474011e+02,3.491878507914921670e+01
1.033705435953876162e+02,4.787020423848227324e+01
3.994904967674941076e+01,6.924169351674613893e-02
2.312447700635256354e+01,1.148014535347792560e+02
7.074200140267421943e+01,7.505756979523456884e+00
9.788027588628696662e+01,3.073904769263781844e+01
1.185118492203800145e+02,1.197655406464106065e+01
2.731055916367346015e+01,1.136681204424801450e+02
3.853751919622560962e+01,2.714522212944515900e+01
4.073884464273816519e+01,5.442518665964373525e+01
2.714157681836624647e+01,9.608756378134280851e+01
7.335026238746951321e+01,5.469423135134831426e+01
2.535266775510486781e+01,4.729884161330890890e+01
1.085043114133762288e+01,1.125733637474483970e+02
3.749253652720878449e+01,3.930049886591664432e+00
6.359445611930887310e+01,1.108719267485958966e+02
1.463609484685154527e+01,4.146445829981354336e+01
5.579613917016619951e+01,7.062690740102527798e+01
4.170903751469041509e+01,1.454690189684139412e+01
8.615640950819359034e+01,1.734954316832550347e+01
7.096081488177448193e+01,9.525560164899789584e+01
2.304038884979426527e+01,2.304143199936770614e+01
1.178218125439731523e+02,5.935709492632508955e+01
1.178078830314845220e+02,5.595188453114020888e+01
6.742833902625821452e+01,1.052810975246885050e+02
1.031102542686564405e+01,3.445189603179648685e+01
2.752254829276466452e+01,1.188453923401681607e+02
1.190492719903860035e+02,5.565730920062476628e+01
9.287015853395556064e+01,6.811660327843812013e+01
1.226850813630517401e+01,9.662047822458475821e+01
5.638828291043584784e+01,9.089524902277423735e+01
2.150129052888220116e+01,8.018123102002201463e+00
6.313056115110384070e+01,9.307067697184805866e+01
3.649234148999570948e+01,1.060515357001028320e+02
5.370529431191844338e+01,1.459080278758699833e+00
9.845037864836560004e+01,1.028387635374083970e+02
2.128974137199011096e+01,1.007803572577553375e+01
6.016574217898351407e+01,7.910339278156415332e+01
1.133246804702730373e+02,7.389697934923739808e+01
4.647843646909470294e+01,7.901475645387495206e+01
9.559793817118911363e+01,7.025986860233649622e+01
3.807151811263170060e+01,6.776014978448448289e+01
4.614418193979928873e+01,6.326349277674705718e+01
2.041871219494488798e+01,1.081438313695713873e+02
7.861180876106189430e+01,8.874570982740709724e+01
1.013513692969779356e+02,3.750685756107830571e+01
7.347882340181675076e+00,4.791351621629358348e+00
1.535070796349536337e+01,1.031065843805432678e+02
1.164978411127326297e+02,9.815335825585559348e+01
3.914263155277116368e+01,4.299981532937645312e+01
7.263956447915155934e+01,8.540204692507295192e+00
5.467381731433171410e+01,1.060370951414106173e+02
3.230826195858576710e+01,4.827474446627522298e+01
4.644187214454139223e+01,6.546299364117820119e+01
4.646857106417363781e+01,7.014089463872335273e+01
5.032511052369761373e+00,7.135612602722130760e+01
2.339508160986468255e+01,4.715433100132215571e+01
3.538705607982421242e+01,1.332370886314358849e+01
1.106888686269394100e+02,2.276374802789267093e+01
2.079808850450320534e+01,1.158216736740171058e+02
2.285045552418338843e+00,1.067049679542943323e+02
5.060523961614422461e+01,6.587164429347780015e+01
1.954318248975012295e+01,4.696459308317714232e+01
5.977843039368583788e+01,5.860442693890177424e+01
9.655135215045339692e+01,1.043908064419320993e+02
1.487645740058676580e+01,9.714910009826089876e+00
6.646164723028716992e+01,4.830516287921491880e+01
4.414161532378992803e+01,1.035833318928939661e+02
8.141538868911631255e+01,1.003086192916138373e+02
4.186045177056904976e+01,5.125916408662087065e+01
8.587882782080892241e+01,9.521404175779905188e+01
5.896874764801849977e+01,9.270444070827133487e+01
9.723048413625259911e+01,8.111348547629970085e+01
7.610839629453479915e+01,7.719754364518995260e+01
4.646474263963457219e+01,1.001805384912402133e+02
3.112704022549397820e+01,1.199238578651525167e+01
6.041216456312381666e+01,2.569076987146529234e+01
3.995480354809003387e+01,1.521829431332932359e+01
3.427961032653796281e+01,1.019007475810570753e+02
2.624955133806459529e+01,4.582846225485015879e+01
9.303659979455680684e+01,2.301523366799899151e+01
3.834796913710610511e+01,1.031763576803401605e+02
5.505211770077399080e+01,1.509827058209049611e+01
3.574075113291957706e+01,8.740837667973045200e+01
1.148454603335452759e+02,2.612816983958845896e+01
2.255366794903440564e+01,1.244919118050763274e+01
5.117976295954116495e+01,3.110169596913852530e+01
6.477928104870360926e+01,1.540393439341425719e+01
5.655558796181443526e+00,4.080374085719417110e+01
5.373381560588352812e+01,2.990849618897241413e+01
7.084368038253560940e+01,1.731184821399611451e+01
3.149953604203169633e+01,1.129463207405570415e+02
5.696056141829493669e+01,2.430442946857313302e+01
4.005116974489571646e+01,5.659092120605716048e+01
9.776855470245536139e+01,1.849773982565967501e+01
1.026213943572893044e+02,6.702761374511570125e+01
2.593104955763714159e+01,7.242002608308139600e+01
8.444881153795230944e+01,7.573432107898058518e+01
9.663054592026920631e+00,5.536666173553450676e+01
2.924345376009997111e+01,1.123838396662270753e+02
1.039031170913507793e+02,1.131281541004854319e+02
7.275313034906299947e+01,2.873499771398187619e+01
8.872002770376805358e+01,4.507441390675542436e+01
5.738903746591109467e+01,6.528252589275314222e+01
6.311512773037027557e+01,7.050363766032052837e+00
6.124703996803363282e+01,5.020545033424163961e+01
2.457275437174737220e+01,9.919333226016352967e+01
5.550359826825915377e+01,1.411063507367930292e+01
9.667391220805065188e+01,7.414651607041604109e+01
8.294017515137053209e+00,1.087267922521175656e+01
6.892391459668750997e+01,2.962093565275848661e+01
7.914286069938026458e+01,1.115042335072437822e+02
7.464640991228171174e+01,1.299372737117113630e+01
3.932260014190306663e+01,1.124980073021214082e+02
5.274028870622819198e+01,1.187272577687857904e+02
9.329450415371823624e+01,1.104006049234640727e+02
6.395324654803502540e-01,1.589633892390236447e+00
6.149574949043409333e+01,5.644199958295515529e+01
9.978792037222629574e+01,7.115844639517891324e+01
1.071060049802430569e+02,7.446809751914729247e+01
8.294778314041417389e+01,3.765367693119492998e+01
2.659321787037647056e+01,6.137520454891713939e+01
7.521626404400173271e+01,6.881876448548419489e+01
4.770713711845563409e+01,2.090129218068127415e+01
1.821363332026508175e+01,5.303686845256365956e+01
6.063480322932251454e+01,6.453874704796724870e+01
6.885537293657746361e+00,5.978681465920826099e+01
7.437074363218572159e+01,3.438426759967082091e+01
1.034250614515493680e+02,8.565480261543225993e+01
4.395667763943402662e+01,3.881288872450335248e+01
8.882655285125796496e+00,1.438907135417407090e+01
4.105737460764526503e+01,5.431470358744914506e+01
6.802620920722648634e+01,6.949126816225850689e+01
2.792736110921271475e+01,2.190905611020491506e+01
1.066351328156097509e+02,9.492165815623032188e+01
6.979784622611187217e+01,1.889131143753443354e+01
8.905771931486366100e+01,4.808733195651795711e+01
7.641702063253377730e+01,9.936685161085954121e+01
1.053486124500734036e+02,2.648408460853051594e+01
1.166149904645358930e+02,7.874710491684530211e+01
5.274718148625332503e+00,7.581384924614901877e+01
1.375581627018762632e+01,6.793563887312318172e+01
3.043451548705558096e+01,4.638967740707588661e+01
8.403440533184232208e+01,8.906909839600409384e+01
1.858998647668979842e+01,1.024031872698199379e+02
7.014952649191475587e+01,9.251781699401875869e+01
5.695402063480505461e+01,3.379795408376051569e+01
1.047866774463361565e+02,7.874519617414458139e+01
3.710613003419377520e+01,1.019861413787683233e+02
8.379410624093711135e+01,4.018050367664451272e+01
2.814997598160285364e+01,4.581873266668548439e+01
4.447804010701563016e+01,1.007487405343698583e+02
2.697932132577660624e+00,3.005375104458327229e+01
6.679581683941192694e+01,1.033057628209395951e+01
2.192930889562545360e+01,3.083568939591440383e+01
4.550386812897482969e+01,6.283733756812996951e+00
6.133780455391708131e+01,7.630296000242260845e+01
7.505607675830144387e+01,7.690501322222806913e+00
1.110783926839914244e+02,7.217511316741453697e+01
9.778118358450447545e+01,5.188712689867472250e+01
5.317898166964156736e+00,5.066741588219486658e+01
1.057053080640774141e+02,7.628774390984520437e+01
2.432303063110897412e+01,3.022071960692544934e+01
5.632192938765761880e+01,2.245072613527723249e+01
1.006465959565363875e+02,9.615700904164241081e+01
6.987769576892425505e+01,9.321969694629684966e+01
9.603732503332037140e+01,4.497034413219210336e+01
7.027140462076444294e+01,5.051131350001416109e+01
8.149384805474944926e+01,8.371164655325678439e+01
9.510321431206855891e+01,6.920872743221546841e+01
2.590218024784805806e+01,1.008974100084250693e+02
2.615284812651887947e+01,4.033181547898581698e+01
1.084199384737416807e+02,2.889655959619077308e+01
5.513001475988587430e+01,6.328269516943172412e+00
8.155092281867105442e+01,2.511363518046567833e+01
2.156111450793397921e+01,1.120215439171747818e+02
7.133359301201387836e+01,1.083236314523063868e+02
3.693844699534422915e+01,6.876817734680955141e+01
7.895442252078683509e+01,2.304576514117022157e+01
1.061959710554551179e+02,3.773205572845854050e+01
1.177170272214608104e+02,1.199264179627695768e+02
2.631757723022209916e+01,7.601369584594364426e+01
9.791441649796689717e+01,5.415820475243595666e+01
1.745136101948567031e+01,1.882485610267055876e+01
9.219285381732129281e+01,6.754611049162096492e+01
6.285804419853283775e+01,9.826483250757335952e+01
3.859335689378821144e+01,9.442767516376694203e+00
4.473510465579402506e+01,9.471555802326020057e+01
9.899487946914373993e+01,5.650393319831773198e+01
3.687145674857204014e+00,2.693704304591914678e+01
1.182509488519919785e+02,1.024470312448889473e+02
1.212723270092864958e+01,6.546565107472763145e+01
7.291808731820906075e+01,2.906444464248924930e+01
1.015464470165743904e+02,5.193509319432857296e+01
8.700594974787691172e+01,9.837569280977028541e+00
6.698965635579358491e+01,1.024559881498674798e+02
9.204176072437225287e+01,2.333647989976416781e+01
7.305324546104546357e+01,1.184085488586141253e+02
1.087381504196869884e+02,5.905657840818690119e+01
4.134690052864635135e+01,5.058770968861102801e+01
9.376167287799155758e+01,6.139320936779805749e+01
1.031041746622339161e+02,8.952481794338899590e+01
8.555691787164572304e+01,1.068430745992054227e+02
6.682018501302609081e+01,2.811445444573868713e+01
9.936298175842560454e+01,9.393032528643455947e+00
3.039845407083299733e+01,4.531908522334347111e+01
8.876215295176304210e+01,8.669449513973128774e+01
4.196161803787669697e+01,2.888311441849679539e+01
1.118494905580979122e+02,3.958756935644607289e+00
4.627713187619460200e+01,6.306490471555224531e+01
7.480668007817547505e+01,1.163390625069516204e+02
4.380145199070885553e+01,8.975638345106537486e+01
8.561364856199884343e+01,4.255694526566340130e+01
1.463322349934788846e+01,5.938589049421765509e+01
4.999142877681467212e+01,2.895467642872002045e+01
6.974250236338046705e+01,3.051802514738064076e+01
3.834167985376599752e+00,1.193651385354778824e+02
1.097885538209747267e+02,1.563702922294417519e+01
8.390955787789927456e+01,1.659383269383608805e+01
5.791336054934336630e+01,9.743092719193359130e+01
8.647846085814722983e+01,1.136110970876618040e+02
8.814222393313578152e+01,4.772273957225053920e+01
1.159684526806825033e+02,6.351491026435564891e+01
1.174265359375438464e+02,8.914808746707514331e-01
4.357174972018613701e+00,1.092504406754498234e+02
1.569517449538256670e+01,7.410012231464010313e+01
1.816122401322576252e+01,1.303204390288916770e+00
4.177711050437197571e+01,9.035040260950256652e+01
9.529867966603158891e+01,2.853893907616429715e+01
8.270819804656450458e+01,8.114652029062689564e+01
7.405288179764323786e+01,1.050861040797462209e+01
7.489211570233028681e+01,9.112004671410288381e+01
2.426335859447628707e+01,1.147976075520848411e+02
5.398065421375927997e+01,4.900208821884821475e+01
6.365590889467589619e+01,5.125112128411876000e+01
5.974701034363061325e-01,9.947906541415839854e+01
1.144728364923797592e+01,2.629622802552833427e+00
4.449028590071038991e+01,4.371835044265291970e+01
1.193606443703860265e+02,1.056414711391845316e+02
8.000914699850713419e+01,1.037663767376962198e+02
3.291047065402716498e+01,6.090504277406594014e+01
1.156440957532434766e+02,3.963424620803344567e+01
7.126601245943756169e+01,5.172253701375440471e+01
3.115806993255551305e+01,1.138137804093557293e+02
6.151537644900847113e+01,6.091305200211523641e+01
3.513326205587448214e+01,1.189167785321306070e+02
1.441215046865453431e+01,2.226726677172736757e+01
1.102841380837494114e+02,2.965186388773544479e+01
9.978219989478287744e+01,4.655604781038290696e+01
1.480060981028594291e+01,5.766142960970924491e+01
3.945920306534085320e+00,1.034512263490099002e+02
3.824225219773746431e+01,1.077031780725657910e+02
5.957963784903537885e+01,3.450018897495964154e+01
8.940301683805652999e+01,4.766568447249604645e+01
9.866367660866255562e+01,1.014512268954072596e+02
1.142941896527363639e+02,3.393042287406387914e+01
1.727226737546297386e+01,3.397128522130886097e+01
8.639909646257164866e+01,6.909601974184063522e+01
4.967104104712946366e+01,1.999321900771633764e+01
1.158050772732050575e+02,1.819802506929065089e+01
8.935090441251301741e+01,1.184152933700863883e+02
5.214715940536143535e+01,5.234669786992716922e+01
4.508505379210739505e+01,3.535971267814924346e+01
8.530074453688622782e+01,4.960620572561064989e+01
5.788888502968735850e+01,2.600372892715335027e+01
7.369101472697897748e+01,8.961716225774250688e+01
1.136486606140310300e+02,7.267397500868126770e+01
1.928204838586376368e+01,1.171543709567638203e+01
1.193979243373105277e+02,5.991140751669088615e+01
9.428698936609674774e+01,1.861277686121607644e+01
1.071565164361291664e+02,4.865569195557431215e+01
1.403154485628701487e+01,7.260500862529495691e+01
1.685950561619599242e+01,9.529373334388964167e+01
4.536219146762815058e+01,8.417728393053828029e+01
8.400034218925728169e+01,7.199354097260209073e+01
1.164958090975226810e+02,1.155670177190227434e+02
2.694681305027950557e+01,6.996943751507296838e+01
7.048900808431024245e+01,1.146857235835525017e+02
7.376331016699130316e+01,9.019066644909056407e+00
4.912600368482468127e+01,5.592157721299424367e+01
5.338455144085776993e+01,1.110335279358337601e+02
1.881256615779225427e-01,7.204178775978772364e+01
6.236725765141571998e+01,8.100788942538167703e+01
1.097435225178021412e+01,6.394688851435754628e+01
3.553122648159315844e+01,1.144853666726092172e+02
3.858426207449493006e+01,4.641273011542702420e+01
3.380893921143548475e+00,9.501987288723431391e+01
9.905384619175670480e+01,3.668759738374904344e+01
1.081267984831267768e+02,7.548577370220523619e+01
3.237728099886091115e+01,3.948958324789567342e+01
4.506405890160482386e+01,8.801322443173823729e+00
8.628808359914227566e+00,7.665121077023458440e+01
7.471829390840041185e+01,2.464976593790296633e+01
5.068531358628604977e+01,9.044384378835138705e+01
1.133070930601317059e+02,6.728124988358771930e+01
1.769939867623649121e+01,8.496562462436688179e+01
1.959577792297956123e+01,4.782190093707748701e+01
9.420795593937008050e+01,4.186216136249637998e+01
1.003742731413968059e+01,4.675611620421206993e+01
3.231555632492013785e+01,4.665312962983831824e+01
6.873113547880362262e+01,8.187880776485960155e+01
6.568903280096792230e+01,5.936537038301909064e+01
3.499994043530043797e+01,1.028427703784585816e+02
9.780757108512531772e+01,7.152672347505938433e+01
4.231299111015866288e+01,7.610450876330514802e+01
6.771200800154628041e+01,2.593383996436214645e+01
1.029388991957876414e+02,3.785766850841373810e+01
1.053167015478333326e+02,3.654397685661616180e+01
1.029762941342315941e+01,7.475091591505540123e+01
3.405734889022247103e+01,9.609226113680787762e+01
8.160859712471084038e+01,5.475729669094138785e+01
9.498095586705976245e+01,8.194281000267028503e+01
9.915557563111961770e+01,3.541013644498783464e+01
3.056489867174416020e+01,1.235554255256124279e+01
1.124208744533761148e+02,7.892928761151050132e+00
1.023526458067751577e+02,1.072064597666238086e+02
9.699667220388803912e+01,4.110357616779600676e+01
3.403488087494435632e+01,3.490338411810621722e+01
4.241762043486866673e+01,4.748675912755519590e+01
4.690953273824646175e+01,2.137331489240353477e+01
1.879565184819355750e+01,7.948313962393773124e+01
6.706587304559106144e+01,7.334350466318629458e+01
3.552996120964438376e+01,7.930674830544535325e+01
9.144153054705022043e+01,5.992757867859878473e+01
5.953255758344955950e+01,5.824369477515568860e+01
6.725313805408910106e+00,4.421580923599891833e+01
4.267641352904370677e+01,3.845288390182940930e+01
6.490638219514922014e+01,6.584103994008441418e+01
1.175072562569415879e+02,2.280543529720299034e+01
1.077248185447141680e+02,9.107083226074035309e+00
1.137537191936384744e+02,4.908622462707382539e+01
4.947997573141364569e+01,8.832912578031702822e+01
4.237963635843379251e+01,1.120380270139108703e+01
7.131234303485496184e+01,1.074130705315770058e+02
9.322615618326832987e+01,5.572148193605413979e+01
4.945880580307064633e+01,9.181019786580802133e+01
7.911866483790018378e+01,6.580347167569594546e+01
6.329090650913541793e+01,1.239910315747745351e+00
4.592558425228950370e+01,8.662078297764800539e+01
2.777536407158904908e+01,5.624022284558945017e+01
3.405111840715497351e+01,6.270921821899395354e+01
7.755158871525048880e+01,8.363846204892834635e+01
1.152863627420001649e+02,4.576980584082050285e+01
3.264373541977941784e+01,1.499518155019067578e+01
1.102683685576928099e+02,9.202210471870354525e+01
6.752566820372922507e+01,4.266717281882696966e+01
4.672459099196726839e+01,1.348046077259291486e+01
5.218663441255612412e+01,8.071284105036993139e+01
7.486813673077533338e+01,6.214556015897854735e+01
4.031010927617754191e+01,5.859506596265060807e+01
5.676814388162840785e+00,6.295144656109523673e+00
8.431062160626044033e+01,2.088753241801147453e+01
8.373534068456736179e+01,7.984128919987205641e+00
1.067693778494431172e+02,9.648938238469587247e+01
4.671761142403310174e+01,1.147407113631618785e+02
2.756766060925129835e+01,1.183024862438592777e+02
8.397422155233284968e+01,6.887462234351148993e+01
4.179209271239911061e+01,4.078155145042083873e+00
4.193434948929349559e+01,8.059406350825891252e+01
9.124602116580368261e+01,1.218780957872917270e+01
3.532994885578717259e+01,1.419823686742569535e+00
1.188014015487571129e+02,2.449380742743472439e+01
1.150322085978410769e+01,9.028668917741381961e+01
1.585714278814591260e+01,3.888137587836271791e+01
1.025176203999214692e+02,1.143015654609046265e+02
3.678830815568406365e+01,2.350409012749976512e+01
2.867368977041074274e+01,9.431447292224694934e+01
2.678196544514310062e+01,2.684112996369682591e+01
9.254334022066448995e+01,1.045552572239746070e+02
2.138701426610932899e+01,9.696805739117717593e+00
2.868407303684163878e+01,1.131885025657319410e+01
9.473874109492507500e+01,5.292193818752480183e+01
1.174102552896079033e+02,7.742906366843608623e+01
5.139439270864001230e+01,6.091332410557203048e+01
9.936059865950662129e+01,1.092124242037178590e+02
3.539181995689984461e+01,4.395544485671720025e+01
1.046745216034712627e+02,5.823471605344842317e+01
9.303566773461447781e+01,5.950579566850652924e+01
4.980826774920896760e+00,1.117125111602029222e+02
9.040580710252253027e+01,3.970922759576442473e+01
1.121535970480114059e+02,5.276547218559591101e+01
1.215212878714965861e+01,6.698374646244262820e+00
3.979528064615577421e+01,4.498217003222888621e+01
5.867153489497622587e+01,8.601033201160760200e+00
8.324388642784563785e+01,6.346568569918524361e+01
7.954576733338922168e+01,1.706692391173932677e+01
5.045845154038956792e+01,3.938501374587126946e+01
6.795616753841312629e+01,9.950738772182677394e+01
3.228329468716887618e+01,2.410970161992459992e+01
5.058498450759500287e+01,4.839908589357511204e+01
1.155806305169818415e+02,2.590675221366161196e+01
2.344054987242881793e+01,2.072799422319176443e+01
1.162596404733365176e+02,1.022683778310796612e+02
1.431814800671679677e+01,1.180828188503347889e+02
8.197362649282086977e+01,9.464836285722870457e+01
8.839905472184534574e+01,1.000865203864877060e+02
8.275169082783774854e+01,5.266974057205479198e+01
4.706134901859066133e+01,5.836800488574311174e+01
6.988518999301098233e+01,4.955200005773826177e+01
3.621372444589523454e+00,1.855688603941560544e+01
5.435303648178179969e+01,9.562247659778962827e+01
4.636598487211334430e+01,1.036594474173145244e+02
1.100719240458133754e+02,9.718605736915581161e+00
8.677011813802846518e+01,1.143827685547713173e+02
3.578053687921571679e+01,5.347261108602839386e+01
5.532843623736165739e+01,5.389929590024672024e+01
9.935571898567985727e+01,1.104870573215415561e+02
1.005041015190551121e+02,1.545400858242645370e+01
1.071374856599560417e+02,8.241690210884056000e+01
1.123510963022118290e+02,4.714341084688361860e+01
3.668187369790124563e+01,4.076407557991639408e+01
4.582462257262469763e+01,1.060253308743916847e+02
5.815639120231690384e+01,3.457036815685163589e+01
9.250264760242991713e+01,5.864157299739241047e+00
4.169623859304991953e+01,9.495874111224897263e+01
7.301284417018254658e+01,4.352188993533006567e+01
3.304816672718907711e+01,1.100700471183872509e+01
2.928885985493834276e+00,2.409062357287786682e+01
5.865361772520869721e+01,5.486614462299378658e+01
6.351314482568706410e+01,2.992211974851368694e+00
5.261274550857302046e+01,8.844228210630529929e+01
8.998414963545496903e+01,6.695303218899606179e+01
8.456043661663281341e+01,1.136588282268014005e+00
4.036693156226599655e+01,6.147057289007473457e+01
1.105051460906569361e+02,3.088940740502542326e+01
3.509914801860788458e+01,5.286176826553163721e+01
8.217434656115194969e+01,6.942679819175288003e+01
9.010784764110142930e+01,3.316049487787132222e+01
9.626950337726680118e+01,1.092263096157710578e+02
6.476638539373119841e+01,3.236227243669679865e+01
1.014326579236142862e+02,7.497484698721126506e+01
1.035757373216681856e+02,5.062932287239823381e+01
7.936348866369939969e+01,3.908225654456676246e+00
3.054410641724543751e+01,3.674605705806880707e+01
1.107072488715501066e+02,8.241147443464826949e+01
5.533527606217951700e+00,6.697538147242271123e+01
5.218627039300596948e+01,9.143878072442400651e+01
2.562653741559138965e+01,4.005379021332190348e+01
2.044501822092938426e+01,9.228530332844324846e+01
5.353336365017850085e+01,2.602837438152384664e+01
5.196516198444886925e+01,5.796250294918297641e+01
1.066664407075598859e+02,2.923592335191058211e+01
8.168158773839282460e+00,2.976820736615215424e+01
6.742540483164840559e+00,5.065591643050679771e+00
4.117461312717595945e+01,8.833130257216120640e+01
9.189231091139774321e+01,1.056827661711288044e+02
1.003779581962322851e+02,1.078822401002245641e+02
2.342933613790643932e+01,2.160116511543623119e+01
2.379588968407202465e+00,4.894566383099692786e+01
5.657514800291883716e+01,2.073778969793255555e+01
1.170178889161290812e+02,4.605769380846286509e+01
4.603406007021231972e+01,4.717010444363448585e+01
2.007534523313769625e+01,7.113449946582751693e+01
1.412765630777128578e+01,1.136747454002657349e+02
5.672653873581252526e+01,7.139075758182991649e+01
4.310130822881869506e+01,4.028584406117460048e+01
1.182339847732817475e+02,1.342536404577062825e+01
1.657515387317239686e+01,6.360917631943045336e+01
2.302213211639092805e+01,7.910052916457610550e-01
7.394406454879744217e+01,3.861919391584711647e-01
7.600083699038087559e+01,3.683865621770718235e+01
7.394454282383095745e+01,6.925304444226193823e+01
1.111729035355245827e+02,2.944721083011648588e+01
1.108810670935409775e+02,6.406201046062338378e+01
1.901402232982185581e-03,4.783103072165871339e+01
6.935194296347226839e+00,8.352218808924645543e+01
8.573030823216620888e+01,3.609771591907715305e+01
2.866096414539172343e+01,5.214733568647282169e+01
7.301996342282248520e+01,1.570400253941366842e+01
2.916187617666084364e+01,1.008427869204076046e+02
5.957705062343263336e+01,3.503009636993311915e+01
3.248175441506764294e+00,3.055090885696826319e+01
7.618019412559816317e+01,2.397024201590086534e+01
1.179043321328035745e+02,9.966542934325970293e+01
3.806501485155824582e+01,6.376528388931770053e+01
4.345453063034731400e+01,4.405994684155346874e+01
6.122982727319315188e+01,4.598358086398909705e+01
1.192085827446061330e+02,1.018162422610497053e+01
1.089517928582350095e+02,8.354300638346556696e+01
1.097792675492024159e+02,3.077168838124001127e+01
9.135495784895914539e+01,8.548504199091287603e+01
6.606735994588272831e+01,7.514513535179537485e+01
5.295380087691108884e+01,2.917023863926601379e+01
2.650186423320680262e+01,8.788259095785630137e+00
5.251853271805698853e+01,1.147205617587640489e+02
1.158526620875194766e+02,2.273402831769869437e+01
2.147596490958726889e+01,2.913630264916912793e+01
1.029790193463973935e+01,3.335779188068459433e+01
5.356389371530362808e+01,4.005415587959952006e+01
6.187922251951398778e+00,1.115309360387234250e+02
3.575195632768337362e+01,5.835768363472931952e+01
7.246718263363102608e+01,6.592155126446989755e+01
4.495592395572580813e+01,6.155111858156399052e+00
7.205558395694201579e+01,1.159744142689617092e+02
7.566777276706987720e+01,4.909752924053385925e+01
5.886943307641210055e+01,8.119318240614951776e+01
7.775641967294887991e+01,5.630520824417290271e+01
2.254098694859232666e+01,4.533354937217519876e+01
2.506138892595035728e+01,1.473456423089267631e+01
1.180181804520082522e+02,1.211051597299692695e+00
9.938249652523320776e+01,7.265605734283275297e+01
2.453378001840867384e+01,6.447631259892517619e+01
7.582913589540743260e+01,1.051182834197865645e+02
5.993960120515159673e+01,4.341250633428466443e+01
1.131048045016547121e+02,4.436060316676356763e+01
5.147551073114465225e+01,9.097097735891665593e+01
7.690236604407063226e+01,1.090675924085559956e+02
8.786866027506725629e+00,2.141193076255765959e+01
3.690577011786123762e+01,1.056269111677482613e+02
4.067889052392598614e+01,2.780059561261800383e+01
6.892123296219230610e+01,4.125745672880274384e+00
1.164179952818766282e+02,3.166532938016355381e+00
5.302746978928028909e+01,1.529716761867704555e+01
1.153075708468615517e+02,8.800762437743910027e+01
4.249133782310244101e+01,4.315697606956580046e+01
9.205008319628737468e+01,6.274422825825610062e+01
1.759093331133723481e+01,9.126177181512663594e+01
1.766714463197937235e+01,4.191000701628227176e+01
7.097192788170104905e+01,8.730167428281683328e+01
4.396473230417501377e+00,5.388687191788868347e+01
5.512864416928964317e+01,2.251437732002855441e+01
3.463099206520929840e+00,1.043154644929479673e+02
8.735430578796184875e+01,6.487731144533628935e+01
9.159327771599605228e+01,6.029845027931784074e+01
1.056439687235619971e+02,7.399182780522616554e+01
3.244773043523699130e+01,2.504781159869962437e+01
1.023516591636877990e+02,1.021211294241465737e+02
1.357673941384063276e+00,1.015238586631832760e+02
6.160855504066202570e+01,1.030290026046359486e+02
2.050610715334909173e+01,4.793717696077749935e+01
1.000118162661109693e+02,1.488341977017308082e+01
1.645278879605449873e+01,9.578946114718631577e+01
3.486600251078493784e+01,6.379965278220086589e+01
5.402739974198904349e+01,2.021427918808558388e+01
8.441535914626092563e+01,1.584402650304726379e+01
6.285801553894921057e+01,6.349536858468813882e+00
1.432625117365416401e+01,1.326430403189403862e+01
1.156920395758940145e+01,1.178697066451454845e+02
3.392540963405900811e+01,4.865176476865908484e+01
8.487260707612055910e+01,1.188027557867889499e+02
7.693486333964391122e+01,8.319779380479290865e+01
2.915336874718608584e+01,4.216891580587741828e+01
7.087797396528551985e+01,8.450648067282580200e+01
4.476573626129448513e+01,5.825310951328663833e+00
1.066163804687921584e+02,3.886835614558273022e+01
1.021536760065470020e+02,7.861622841163095643e+01
2.187278734415126635e+01,6.142663853681385433e+01
1.260022292753493645e+01,1.089879272793392317e+02
3.697143042803291735e+01,1.140476370734084526e+02
9.373978645736235649e+01,1.100685473967264727e+02
2.480789436047495045e+01,3.474478633223338875e+01
1.651466411882713814e+00,7.305115802582695039e+01
2.101233996971742357e+01,9.282466512448776541e+01
1.016384780187980397e+02,8.276300173297467211e+01
3.095028141214637429e+00,7.967577378879202854e+01
1.255849900115254769e+01,1.713758739783681051e+01
1.036135699745165795e+02,4.145136886433348877e+01
8.053544765554372376e+00,8.383509297480368616e+01
4.813482803408595245e+00,7.535962217973302302e+01
1.033012771991166119e+02,8.645925261674918261e+01
4.268570689232254267e+01,6.326411357778215461e+01
1.020630318542816468e+02,8.820490001536187563e+00
8.720083127549729340e+01,5.909155583956052737e+01
5.517277753228536596e+01,6.621479583947699155e+01
5.731482099080090364e+01,1.084957443320773152e+00
2.126361260357142768e+01,1.176859034118165255e+02
1.464221014845708879e+01,9.372694609894008977e+01
6.753505070434059121e+01,4.874060914112573073e+01
1.007530269710981798e+02,6.656274133578730812e+01
1.124437644334206539e+02,9.648229119685801436e+00
5.994132833188943721e+01,8.038510501369358963e+00
6.192631842342566983e+01,7.148547836686196888e+01
1.083635075384018336e+02,7.695961267794429261e+01
6.660677575779692461e+01,7.172591799861460515e+01
2.009151144650192933e+01,3.786936744154056100e+01
2.143134396539787545e+00,6.213608963141305708e+01
5.045094047060199216e+01,4.733729494441961094e+01
7.388486313324541754e+01,5.044393383461544289e+01
8.416910743751630264e+01,3.635451170188981251e+01
7.369677892455110957e+00,7.068990633785709576e+01
6.560490957929125955e+01,9.528685361345878846e+01
9.293088802181823382e+01,3.589447646245980650e+01
9.119451624015069058e+01,7.619898870347748243e+01
8.291264228665667702e+00,1.057261579910947944e+02
7.446248227937044817e+01,1.078458549070548003e+02
6.515920804153631707e+01,3.738040042475898872e+01
8.398658803516095617e+00,2.255502975299893365e+01
1.087622100224621136e+00,7.707038220217943092e+01
1.133913735221442494e+02,8.116219871335499647e+01
1.164675318673280202e+02,4.742436999601847702e+01
8.006825856490870308e+00,8.090474524834482395e+01
1.142918680374730087e+02,8.302859146772148335e+01
4.350354085228250511e+01,8.546819696839143887e+01
4.869746329638400084e+01,2.707540810382141316e+01
2.862237506631579720e+01,7.175294429520670292e+01
9.982400481662243408e+01,3.371924556936541251e+01
4.985197034223318013e+01,2.393602847437232839e+01
9.187936382106171607e+01,4.526555093537031382e+01
8.659753783511770564e+01,5.521120403382943209e+01
4.096369944818007980e+01,1.764987846737174593e+01
4.990239035549176094e+01,3.421169123495150188e+01
4.196728194093461894e+01,4.234879496280483657e+00
9.660724871855622098e+01,9.420317162057747851e+01
5.123910945859397259e+01,7.718912883227826427e+00
4.145915870451115381e+01,7.504004785603659400e+01
1.669740454754610681e+01,5.001622472702257483e+01
8.611520365643042396e+01,3.314685059646301113e+01
9.059860278295609248e+01,8.087583839999815893e+01
7.012401458752097483e+01,9.342095743735166025e+01
8.967871696377173407e+01,6.944192697791309854e+01
6.727759872134693175e+00,4.452887616589524811e+01
1.013467295538832218e+02,1.631497285769481920e+01
2.611330765904947171e+01,6.418400643731878574e+01
9.057918015070144691e+01,2.486604337356688887e+01
9.085147215487197059e+01,8.431584645395130906e+01
2.547436865222553948e+01,3.363061831673418567e+01
1.776078481317938085e+01,5.685204540966051212e+00
1.089638057546888632e+02,6.032810457100431023e+01
3.706516418061092111e+00,6.864072987364346545e+01
3.592428238125236817e+01,9.432451989360497180e+01
7.689137242859682431e+01,6.505972962961890005e+01
6.061918725043768319e+01,6.960249400084123295e+01
9.599097214892329077e+01,6.332646915461468495e+01
8.033956149359379140e+01,7.152572648462509619e+01
7.865298857943665567e+00,1.070074667424197372e+02
6.851125637137931790e+01,1.883789869349758916e+01
5.462509822873333576e+01,4.167452740114933363e+01
3.927622293333567427e+01,1.332947826793371426e+00
1.039301790513068937e+02,9.814943167852426598e+01
5.065331043104289677e+01,5.898361665064491888e+01
1.091445695868007704e+02,1.063076511591366824e+01
7.282053107673181103e+01,7.710075006905682926e+01
8.195024221818408705e+01,1.053376533292743602e+02
3.194896222757465765e+01,1.160819258508736738e+02
1.322686344088788957e+01,3.981046359308485449e+01
8.801928013047408683e+01,1.389023796363713004e+01
2.077621741388158227e+01,4.213893571852234032e+01
1.036234388685099788e+02,1.169204342861031165e+01
9.558352702218357422e+01,1.366714283223764426e+00
5.212071337777456392e+01,1.136634460875898327e+02
6.643611453597921468e+01,9.418222225631598121e+01
1.060016722616256857e+02,3.820830853116191150e+01
7.193495598434529370e+01,6.685177643056331931e+01
1.011673969933280119e+02,4.145840008779052965e+01
2.738405706709407283e+01,9.266296930674290877e+01
1.437314200639309369e+01,2.775568522474238797e+00
4.819227947042189442e+01,1.174036083403458122e+02
8.746500089081496299e+01,6.359028014219972391e+01
9.688339096894991087e+01,1.747015830253009128e+01
1.191385074344861152e+02,1.027532685904254208e+02
2.920450660774971752e+01,4.855154452552058331e+01
1.824666755785615635e+01,1.166969674470409473e+02
4.902650500406943479e+01,2.576491883445304154e+01
8.981175588425438150e+01,1.074439760164779045e+02
3.697008757042692650e+01,7.273391837696692619e+01
9.308661439031141072e+01,1.050901193399652698e+02
8.120967953052083033e+01,8.841112461325685956e+01
1.033183740086784610e+02,8.861182048269259326e+01
4.900806125529223323e+01,8.913601486837282550e+01
1.718127360458865738e+01,2.055962808383067397e+01
1.045591883438264702e+01,8.311325170363794257e+01
1.173642729609379671e+02,1.909935940203055793e-03
2.124547386958494144e+01,9.395033665490953467e+01
2.242929945115866985e+01,1.710400292132558775e+01
6.995451871446979908e+01,4.830174266405597905e+01
1.646808849725477586e+01,2.808856570583428081e+01
4.993236433777998862e+00,1.110657187678024655e+02
3.544429798623963279e+01,1.179773692722365723e+02
9.365762818983124305e+01,8.848888197948437551e+01
1.291288382402515644e+00,5.247713694449584665e+01
7.112816095174208897e+01,3.803922125599306270e+01
3.955415816154086173e+01,3.762475475900422595e+01
9.624044331382703987e+00,3.904173789618968016e+01
1.178337948324378601e+02,1.111444383405235925e+02
3.646546234303790612e+01,8.036295883528821093e+01
9.089247521282158004e+01,1.474108083773065125e+01
9.473801494003011214e+01,8.452174186939650724e+01
4.489163310383473515e+01,3.915400145834884427e+01
2.929956353058068430e+01,2.760891808424177185e+01
9.846853645839630076e+01,7.181187305439129887e+01
5.635487412952365815e+01,6.967556939856675058e+01
6.652884326166618223e+01,8.694846179988887513e+01
6.380134290146710185e+01,8.875050141564366868e+01
1.741594034907733146e+01,2.370838331405007438e+01
2.780033981089852801e+01,8.800900450734661717e+01
9.100348097490939381e+01,1.164927692666850305e+02
7.038966060947863923e+01,1.917008305199995277e+01
4.663018615691382251e+01,8.348880374813116845e+00
1.068893457874504094e+01,1.152557907977179212e+02
2.536342338218000592e+00,5.626336018981299247e+01
4.456993515935402428e+01,6.345776752202458937e+01
6.105835818610804466e+01,5.692176088538789536e+00
9.652221687941835171e+01,7.079541000610639401e+01
6.204776812609075165e+01,7.252082643327858591e+01
7.956761589111361843e+01,9.211036746729621427e+01
1.497071460960876976e+01,8.781384292618831466e+01
5.010074371783118607e+01,1.587813181763607062e+01
3.205452644632006809e+01,2.744080988522203413e+01
4.429202745385096307e+01,9.045551402871565472e+01
6.540280444858170483e+01,9.341928631768520574e+01
2.887821266424218081e+01,9.359641121567901223e+01
5.570294565258611108e+00,4.821905728638324717e+01
7.128696114366981362e+01,9.642827620502175989e+01
3.135697577919991730e+01,4.124527188929044996e+01
6.803443413144525387e+00,5.378605097970834947e+01
4.146235800620146250e+01,2.527710377620311988e+01
1.087941955519990103e+02,6.935673095802705745e+01
5.488783401826948705e+01,4.766029579487420875e+01
7.808118256646278610e+01,7.173895183904731709e+01
8.159084818450659782e+01,1.024762932164385987e+01
8.400301757644288614e+01,1.142275517078541611e+02
6.607113449783371095e+01,7.758366934139938564e+01
8.414640755375263836e+01,1.148587139767083869e+02
9.955599519678801812e+01,1.850414078632518411e+01
1.347741059406417641e+01,8.150911571166415115e+01
9.404775133086464223e+01,5.497939029608745187e+01
6.637218698403104611e+01,6.483571023514660681e+01
1.939139320639070263e+01,9.418310609408914047e+01
6.446972061122174580e+01,1.174835835329909983e+01
3.860352525808914947e+01,8.004865655066156194e+01
6.183323576876011884e+01,5.186059693402065562e+01
4.791019987464117236e+01,2.557746292303088254e+01
1.051874014948046465e+01,1.086303467425879603e+02
6.980343463316410180e+01,6.585977778994505627e+01
8.123862321831497013e+01,1.017124002130151865e+02
7.125968747621396915e+01,1.178093365801467201e+02
6.536973042721517402e+01,2.192348638639059288e+01
6.358314973984340313e+00,1.147582731493648964e+02
7.714212502387573522e+01,7.925281420558010836e+01
8.964548022628271440e+01,3.777492767476693558e+01
8.919765810164616937e+01,3.291288108944486623e+01
6.910238139115406852e+01,2.967072165037789233e+01
5.158332838782440177e+01,1.070882804500563594e+02
1.079276069756591454e+02,8.938270053307743979e+01
1.161871157051734826e+02,8.439287425186478231e+01
6.218331488261669193e+01,3.108313433999866504e+01
2.021474292963261199e+00,1.098825435153385257e+02
1.187314332215713932e+02,2.340244314531521042e+00
5.989973536525490516e+01,7.758511355416663946e+01
1.144316821355025411e+02,1.266717155433328301e+01
3.727469783348433197e+01,1.056281751001135376e+02
1.510165225422778335e+01,2.896840154043147209e+01
1.183409371224799145e+02,1.123249534528771107e+02
4.790959985899198159e+01,2.804084090531186746e+01
8.533392931799606629e+01,5.344089877856220738e+01
4.745706633433853483e+01,6.823092126184417339e+01
1.066607445335154836e-02,2.972650088033711668e+01
5.806622870997984620e+01,7.178058286406651689e+01
9.985587368674848108e+01,8.500320412350221488e+01
1.165960313531765564e+02,1.009951396501407999e+02
4.638565117002335825e+01,1.188087396235605411e+02
4.154284877042375257e+01,1.042893129608678748e+02
6.800322935097963750e+01,1.468091695323257895e+01
1.156860276118129178e+02,3.684781345667022379e+01
3.690276774675784566e+01,4.002287355042422234e+01
3.628084635183029860e+01,1.076960550583598746e+02
9.946178827496410690e+01,1.492671253395352693e+01
3.889361726911995021e+01,8.400295682584884105e+01
9.640748945784778812e+01,7.779507568691009567e+01
6.819657594510793786e+01,1.040688469813573391e+02
7.977904118916670484e+01,5.177481156543390917e+00
8.002604670150250854e+01,1.651645763553042201e+01
1.087617870982438575e+02,2.751046740382258804e+01
9.736741406390889608e+01,1.162511438271786268e+01
8.135148417484424499e+01,2.404534940656543540e+01
7.083818793710766215e+01,9.059914781859875177e+01
9.590140524175899372e+01,7.649218199363711790e+01
8.079459999026103389e+01,9.001641927946171506e+01
2.115838128848425370e+01,7.878766498618534619e+00
1.091978965380538398e+02,5.640385742017934945e+01
9.906295240510803524e+01,1.721585185023829823e+01
3.303423702635897996e+01,1.174609670131350612e+02
9.442401582770172297e+01,1.134764405834092429e+02
1.260305736803484677e+01,8.525694129991751424e+01
1.302435732663003520e+01,7.595585830191811283e+01
1.137310476219668658e+02,1.150341069624228254e+02
1.005051345595092300e+02,1.145850685803872295e+02
8.984867481647631848e+01,3.337219980324201885e+01
3.058687880460535524e+01,8.283288760639680959e+01
6.058708940370464546e+01,5.621930351851132457e+01
6.281200184584943003e+01,8.426707835142640590e+01
4.075647237705535275e+00,8.143804756515812926e+01
2.801046389307623841e+01,1.116115646664256218e+02
9.939061637562922158e+01,5.569644735254237844e+01
8.349012576645237971e+01,1.427369230557937740e+01
5.240336993956341161e+01,4.170973892655731419e+01
9.808888570548405994e+01,1.109653421572107561e+02
1.016402381307213432e+02,3.826871919065593097e+00
5.990250263004233133e+00,8.732967243708634442e+01
1.147168885602329595e+02,9.281458787288551093e+01
7.608087694674858881e+01,9.970442999818870078e+01
1.210895140716447571e+01,8.018656104058337064e+01
2.609059790609966001e+01,8.222940292125916528e+01
6.192957221027231896e+01,5.207046810760326139e+01
8.540388895324628038e+01,9.716045567263418548e+01
5.323337909366014742e+01,8.126033488241603209e+00
2.145649552765945955e+01,2.268419192175421628e+01
8.463753780399389370e+01,3.514811309779656057e+01
2.972880746363308191e+01,7.483744379135990243e+01
4.828272563885609259e+01,1.230096803651808202e+01
7.820478673576234030e+01,2.473506619664777872e+01
2.276840745114588671e+01,1.503317822696804029e+01
1.148031289731134166e+02,3.053010869404699790e+00
6.738859566723679961e+01,1.720736168600725335e+01
5.514938842330577984e+01,3.674368844635822740e+01
5.578190961072559872e+01,9.468713996472044414e+01
7.146970677961135721e+01,8.201633978929272928e+01
9.417563601293704778e+01,2.939172107119137678e+01
9.657382421474879663e+01,6.122585087154038774e+01
1.106695512838297901e+02,6.242416261439079506e+01
2.319955428450899504e+01,4.465628778302828294e+01
1.115033946063485359e+02,6.107065578647491577e+01
2.053580610811857099e+01,1.196710323411170691e+02
2.361693134180290343e+01,2.252294746334850828e+00
4.216547061201607960e+01,9.779278511979221378e+01
2.966681744419747702e+01,1.678285862375538073e+01
7.494085332953966372e+01,9.915288476659526395e+00
6.447813916667766421e+01,4.266605549177469925e+01
6.355459159998209095e+00,3.633319160374913537e+01
8.015368940092189121e+01,5.724368503910062600e+01
1.091063946696617677e+02,8.579655805117925027e+00
8.398148776656145742e+01,1.124971569610922160e+02
4.279692223685732699e+01,6.574310645638558981e+01
1.127838555715433415e+02,3.629980187616652643e+00
6.844633920436723429e+01,8.003212137616253585e+01
7.978837285813098390e+01,3.726038531422291555e+01
4.316380369170977893e+00,8.707769938056910064e+01
9.332463382422139375e+01,7.150542374700881965e+01
6.887815452029808228e+01,8.453592331750427036e+01
3.192152563785199959e-01,3.326021206553706477e+00
4.426048979666004612e+01,8.469906932292667534e+01
1.445505675651319599e+01,7.601121074097501662e+01
7.826732319635362956e+01,1.292840895585396943e+01
1.162338499166642976e+02,1.797350589477725435e+01
6.553356162282459252e+01,1.196822241860406706e+02
3.305592889017735558e+01,4.163532987027339516e+01
9.076869558639809554e+01,9.300956647834614444e+01
2.960811733947167568e+01,8.956391576114737063e+01
4.674846115123352774e+01,8.686131715934084241e+01
7.308680061016990237e+01,7.440529996103475696e+01
8.678095694898119916e+01,1.594220555678456996e+01
7.935995830867940981e+01,6.026342079525006312e+01
5.703155834101072230e+01,9.808183583987191412e+01
3.185169073088799507e+01,3.582227929152024615e+01
1.147758163926652202e+02,1.666355366850902442e+01
1.426381581973165780e+01,6.907143699715639684e+01
5.061275691236039620e+01,9.623941683847459672e+01
6.402914380596334354e+01,3.573349365101887720e+00
7.902542313467597523e+01,1.154147974879302581e+02
5.839619861914357557e+01,2.468382002692245081e+01
7.085914518212682367e+01,4.648073974675259734e+00
3.732541256699141030e+01,4.525232104449860060e+01
9.711737825460885176e+01,7.315811287042954802e+01
2.434275636803464238e+01,1.124539285319058557e+01
9.183954667047375153e+01,6.810363672646332134e+01
4.546753926249429156e+01,9.484100653131849867e+01
9.252093162502691825e+01,3.559185079528472073e+01
1.180420956644499029e+02,1.965051160163953980e+01
3.968011446171978207e+01,9.789798035470500537e+00
7.094084942384813530e+01,1.801936485513055430e+01
1.138885733423004893e+02,1.779958716643042749e+01
5.574550835422098061e+01,2.781367975535743753e+01
9.867033094737182353e+01,9.237573641669513336e+01
6.729212573035026068e-01,8.587130545032039208e+01
1.042309706979751525e+02,2.593523541013017564e+01
1.512768050012359033e+01,2.154594496970490525e+01
6.985138242060382652e+01,5.561265799513583374e+01
1.162483690312508031e+02,5.430386743049064080e+01
4.267818838343170995e+01,2.659405318130584206e+01
1.092745299589189756e+02,6.718808335696938627e+01
1.813415146101840847e+01,4.582026892035594301e+01
1.109144237431044644e+01,9.021670696487464625e+01
1.587476752437366656e+01,7.116480961177579445e+01
4.789424182121260287e+01,1.389615081263547580e+01
8.945957466342281350e+01,2.484331374594587771e+01
4.148373102471580864e+01,1.092618717501767804e+02
1.081135898577613261e+02,5.141281694548002434e+01
1.075867203871042648e+02,9.914378174655426790e+01
1.139559040389034976e+02,2.230191159468937556e+01
1.018253145029980828e+02,4.044849328391878629e+01
1.162556241401680950e+02,2.311767730203269089e+00
2.948077082086988376e+00,3.691911492018366658e+01
7.643277561817662047e+01,6.939000802109848109e+01
1.059525980698225140e+02,1.564002813002562498e+01
3.758529145786414460e+01,2.272299672277614491e+01
1.003302612501644404e+02,2.227204577607731295e+01
1.171504291474981443e+02,2.933509407112503453e+01
8.441944471477343370e+01,1.093205831262002192e+01
1.399934874911860661e+01,5.130554171715031941e+01
3.211694032122008480e+01,1.121708032847078869e+02
1.141419002154168822e+02,7.950938337039649184e+01
6.697143277936778816e+01,1.269842962756681715e+01
7.425192517012506244e+01,2.723083888802179331e+01
7.701977032253617494e+01,5.377326994232145552e+01
4.285500236361038873e+01,2.451462247147446405e+01
7.505812339535661692e+01,1.693546963173115216e+01
7.277308339334048526e+01,1.141938833532452264e+02
5.923739035413613152e+01,7.191099635394022016e+01
6.986547353618222189e+01,6.608150709990430016e+01
5.902181648190312302e+01,1.053137559370858582e+02
5.523648352406240747e+01,7.445500676549985997e+01
3.484059649619250365e+01,8.895331178310328823e+01
7.138303630704163538e+01,8.501996017566204955e+01
5.035897095133405088e+01,9.986517750717294462e+01
2.096308610744122092e+01,5.247534301222840725e+01
3.660626735262217935e-01,1.071550055261801759e+02
4.490138534438552398e+01,7.625180849716151954e+01
8.197608197674632891e+00,8.267566205236336430e+01
9.815331148765643832e+01,9.198360116241798323e+01
6.610866217072608464e-01,2.195038668145279814e+01
9.047685414126306114e+01,7.192649625391308632e+01
1.029052800667490999e+02,1.421140114907042928e+01
5.402856374045613563e+01,6.366674852678526975e+01
9.295283412664862510e+01,5.422608180689718438e+01
6.175723945838191042e+01,8.565751812641227048e+01
8.267721835908487549e+01,8.239617024332929418e+01
7.828314622846143322e+01,4.546208296067289467e+01
2.662960421993435745e+01,1.515439663358090883e+01
6.701882782835700425e+01,5.884728213377286465e+01
5.249563535983172713e+00,6.646046842579139025e+01
2.711562421184612326e+00,3.020518490754712460e+01
8.625074510589817578e+01,8.018999444438406954e+01
2.812852999213401262e+01,1.132211657626131114e+02
3.052690628621221691e+01,2.338922547845978528e+00
1.109486928285966485e+02,2.277749508128486511e+01
1.129441463662854517e+02,1.072931006269958800e+02
1.123216385749890804e+02,3.329118355826465603e+01
1.961066273729229792e+01,3.618820581313818252e+01
9.814128883508131196e+01,7.638753453925195558e+00
8.028429554239042432e+01,7.897342553308668300e+00
3.497371803682482749e+01,3.126804215042625046e+01
4.935532432578378348e+01,1.087568954615540662e+02
4.104630246279376848e+01,9.132712049672096555e+01
1.114292627511350702e+02,1.557076313139051038e+01
8.311680915098892797e+01,1.065793838388628529e+02
2.438126272388434046e+01,8.085615781292180060e+00
1.161241857824679187e+02,1.130226053937981163e+02
8.002967436285329939e+01,6.784222870183543819e+01
9.646369269607882302e+01,3.602754786049919034e+01
2.120279737186054803e+01,1.025942898970381663e+02
3.444698120292375165e+01,3.085372990051447317e+01
1.175430745504300205e+02,7.093482367613717088e+00
3.765340774643844668e+01,5.658684001191873136e+01
4.335367386972844628e+01,2.999467218306884675e+01
1.830161975055803580e+01,1.022668350788753742e+02
8.425753683388423099e+01,3.458962808980456316e+01
7.578103328581440223e+01,3.014049608226687837e+01
7.471907051618758544e+01,1.806901441254323970e+01
5.855816496143348360e+01,7.118110196718264149e+01
6.050490571946868812e+01,1.050888448559827424e+02
1.098263506208390972e+01,5.926598758814804313e+01
2.876393868767377349e+00,4.514896030513715353e+00
5.494523508292277114e+01,3.278906794293978777e+01
7.589166291484739091e-01,9.322620059620641086e+01
1.140331432295851215e+02,1.135354568419215155e+02
7.460330474755210162e+01,5.544813965833520797e+01
6.961207469553890803e+01,8.883107803966581173e+00
1.728149180464210133e+01,9.051423614790323313e+01
8.697566548814796761e+01,1.458633571346696556e+01
1.032269139672684162e+02,9.676299078977272927e+01
7.528360467146001156e+01,8.968581436281388619e+01
7.909956408853174992e+01,2.002863929964970424e+01
4.533624309844421418e+01,6.870785675047326890e+01
4.553130091728538531e+01,8.456329126319435829e+01
2.022150647617617736e+01,4.953306027136409995e+01
6.237443369845516372e+01,1.013011222359394310e+02
3.874064790369522449e+00,1.724082322886144603e+00
2.470551293096688994e+01,7.636159313986146913e+01
4.776927415427811496e+01,8.795595404705142073e+01
2.252920832839536303e+01,6.800245133473977432e+01
8.592603726903770678e+01,4.146473828555068408e+00
4.011513462889246284e+01,6.143727369387690374e+00
1.118639003327810144e+02,9.119202145158800121e-01
1.022368961109630732e+02,9.575585969383965335e+00
3.231865049782352628e+01,6.933986669198173303e+00
6.495849266556909640e+01,7.363918733523416904e+01
3.978678746817099210e+01,5.163495601671471746e+01
4.096295909643379929e+01,7.262049531664042945e+01
4.856973478119286369e-01,9.036792743541894879e+01
9.351518169797060409e+00,4.979143667329159229e+01
3.575824602089207360e+01,1.195991239045163468e+02
5.436969839343015565e+01,7.120551645247917349e+01
9.528196446313683055e+01,1.745279605853151850e+01
9.575696391274453845e+01,4.571149181950855400e+00
1.428241985705476225e+00,5.187743931065445224e+01
7.642202855980664289e+00,1.153719509531592848e+02
4.641590437181766049e+01,6.885492909538936601e+01
1.681968672175428026e+01,5.607739737582382133e+01
9.167746348580894988e+00,7.199697923037636826e+01
1.786123143623801113e+01,1.855358413364884029e+01
1.195609566576103511e+01,5.877710295408925845e+01
2.480206062010195112e+01,6.692391796511842017e+01
5.753708445409962025e+01,7.365753204821356803e+01
1.085921116314012806e+02,7.160865852213951221e+00
8.479957583331399462e+01,9.461942300289250340e+01
1.129810504344872157e+01,1.261990010018148567e+01
4.596879136486382578e+00,1.044058529610046264e+02
9.793686810790572395e+01,6.312000985222114835e+00
4.374035422669655304e+01,1.907414288668910984e+01
4.090910512298809465e+01,3.773956337289170193e+01
9.325333864736983003e+00,4.193814998821567741e+01
8.927653077338418086e+01,4.774315684445335251e+01
1.472919509392328052e+01,1.086399479171885929e+02
1.125083074556137603e+02,5.048837314562969425e+01
2.181677269524200113e+01,7.500024608396360293e+01
2.343060404883738101e+01,9.899986593799427226e+01
5.406480857353297154e+01,8.384552301255860129e+01
8.235781877588861732e+01,1.817949380530660619e+01
1.006309311506504116e+02,4.295476871716321909e+01
1.459912847919428103e+01,5.029197590613957658e+01
4.518832427871592472e+01,5.475474569306415518e-01
8.951690038258393045e+00,1.162843757114121530e+02
3.512351218907864592e+01,5.366883780897298806e+01
2.721694346068832004e+01,5.639511289724005394e+01
7.978746612986342690e+00,4.350007054417174857e+01
3.646623137846128770e+01,1.164111376428618172e+02
1.114047085947148048e+02,1.176979432362996647e+01
4.640654666367365166e+01,8.662628744976618123e+01
8.676550820217308058e+01,5.995593078025116540e+01
3.261020846587650013e+00,4.708476780241204551e+01
3.952493802789604160e+01,4.558071623003561967e+01
6.658330074400797116e+01,1.132558085038364304e+00
9.211743287761372301e+00,1.000566770436315664e+02
1.005563595552679033e+02,1.111510344229558029e+02
6.992487512832306606e+01,5.056657333400045218e+01
7.124469598147143756e+01,2.899251148809593559e+01
2.366602766553955739e+00,7.131182244502537060e+01
6.257933206415732030e+01,8.390839861922505349e+01
1.173669733150235004e+02,2.458404654970028957e+01
5.310790570426214430e+01,3.926568369161240213e+01
9.140874160895319278e+01,7.407729345786995623e+01
7.044308116183411528e+01,4.895004419078600932e+01
3.602698850045133838e+01,3.832486631881710082e+01
3.748564023945043999e+01,6.675060182338862091e+01
7.704677274135494258e+01,3.064057968473169069e+01
6.646908643225576441e+01,5.392313184145276495e+01
7.291013940324971543e+01,2.839650969825429883e+01
2.984368066764673699e+01,1.130850670201023718e+02
1.065991017972265240e+02,6.919261074594811589e+01
2.985443179469623942e+01,1.005813314932219100e+02
2.972814616232938789e+01,1.055024959443515797e+02
9.283569584350321691e+01,1.130393255089748550e+02
3.663742133925160260e+01,6.264648310168723100e+01
1.487378781126964000e+01,2.516296439336547230e+00
1.024684477164095995e+02,6.973534135410540102e+01
6.451135328219973530e+01,9.593304787961361058e+01
6.572240927437196234e+00,3.166989519366003591e+00
4.526259217454699524e+01,3.087394679065721093e+01
1.145902516028526179e+02,3.576053824784229107e+01
3.124683970488768381e+01,3.302344529131841000e+01
3.671849613090412845e+01,5.411858745388786218e+01
9.652483595047660003e+01,8.389183083241475458e+01
5.958500255082340402e+01,6.835818213931068499e+01
4.876190012519702321e+01,5.498297498198420641e+01
8.955033672367073905e+01,4.441774860226447430e+01
1.080029693107107818e+02,1.064070507926870306e+02
7.295421046771789975e+01,1.122960034153423550e+02
3.088073754614839217e+01,6.662787100637605420e+01
7.658275355695882070e+01,7.242608055455308147e+01
1.106188099177824000e+02,5.175400943938700493e+01
8.158882442469023033e+01,8.491213228646294908e+01
1.065657929183484640e+02,8.174762038195052583e+01
1.034687214817100909e+02,5.149371647476939273e+01
1.681968819168973539e+01,1.184225991824004041e+02
1.102734588221810839e+02,2.166392452832386439e+01
1.779951777992800288e+01,5.421470556270123353e+01
3.449960972206960008e+01,5.758942861496745991e+01
3.513058061457184067e+01,4.113436069176268006e+01
7.506060456046994567e+00,1.169574785258048166e+02
9.837605415141528908e+01,9.057009896890772893e+01
6.645816775513371510e+01,8.016064099720556158e+01
5.241890164444861711e+01,5.700029542108207181e+01
1.008473825500495309e+02,1.148489850982188187e+02
7.496607934882410973e+01,9.712727678954153987e+01
2.354937341848301458e+01,8.543703118420420140e+01
2.836439574713288536e+01,1.192024246306398680e+02
1.808606112466854654e+01,4.862138773068353004e+01
8.649325215151344537e+01,6.838915785984598017e+01
9.217818438171515538e+01,1.029519003206931558e+02
1.168353569073536562e+02,8.833411838129791249e+01
1.132419374237900342e+02,7.427277213559798952e+01
8.833157377768945651e+01,4.860222851926468479e+01
8.317132491752019519e+00,7.387744923633611904e+01
7.771220203765905055e-01,1.149090592193424101e+02
7.384288776113702113e+01,1.199113530282831164e+02
9.204978396899998927e+01,3.183126453232261355e+01
6.662463665702313165e+01,3.282434813656672645e+01
7.518051500591870706e+01,1.028616997520378362e+02
6.487014033515704625e+01,3.504650326739871957e+01
5.583020895348681023e+01,6.726241200235618578e+01
8.335959204900623831e+01,1.095889176203362609e+02
3.839024792490745597e+01,6.823082002235670984e+01
3.475605815584339098e+01,4.290856061780403685e+00
9.728861984834895793e+01,8.018383378876377776e+01
8.166893623325135820e+01,3.518713582574815035e+00
4.112592144672415628e+00,6.463923799760794964e+01
4.330686156674481424e+01,1.149427440532309674e+02
6.779229057028800298e+01,2.453912287167320372e+01
2.979853861882645560e+01,6.251977954077095490e+01
6.314032054532825455e+00,1.866630756672589797e+01
8.222674388727780581e+01,3.647653342144116806e+01
7.510055907244348816e+01,4.360419041385843464e+00
7.702642963122561071e+01,1.467149010916696028e+01
6.875373692620759414e+01,8.900048692999199318e+01
5.883106346581115531e+01,5.234934188523077836e+01
1.027096344617532537e+02,8.559332421145487046e+01
4.445560127750318458e+01,4.286800277682799987e+01
2.469867950292022130e+01,3.342594046134574626e+01
6.641062621611544614e+01,1.000948048070327303e+02
1.789914903110549105e+01,9.158812113884592065e+01
7.040972597043325720e+01,1.257245897800456369e+01
1.577820105064763112e+01,1.738459863606151146e+01
4.620673700566890574e+01,7.082005150115523406e+01
7.916983833547587324e+01,3.826707816647906668e+01
3.168014985117300597e+01,1.125434840317046934e+02
4.207083799275471137e+01,6.741486891260313996e+01
2.813125638713481536e+01,1.846703892438823047e+01
1.376627969184461975e+01,4.621067953681065887e+01
7.641178202551203924e+01,1.181663342242294163e+02
8.809970187942671771e+01,8.408653824168554536e+01
1.710617221891169848e+01,7.225370396499781123e+01
4.866578347476569633e+01,2.696061160466025086e+01
2.881581030365048690e+01,1.025927262284606059e+02
3.291348317315823380e+01,1.741754141168302539e+01
4.465213581659743625e+01,6.595280086978010559e+01
5.870039213428621139e+01,1.832063077608105317e+01
4.376166074080318680e+01,9.309216377045865443e+01
5.418925649431245262e+01,8.223898112454162401e+01
1.197899435654225755e+02,3.791556163738865060e+00
5.341043745006741617e+00,1.059495558152102461e+02
7.108619873666722810e+01,9.963249464496891505e+01
5.942758185555752704e+01,3.891667859138227925e+01
7.808863283293513291e+01,3.620399784711374025e+01
1.151956096273501231e+02,4.440813142536418923e+01
3.255303132176854319e+01,2.094026087351505439e+01
6.181282368883227463e+00,5.073222463012920969e+01
2.600637412094201295e+01,1.108830136021895925e+02
4.227095546337950083e+01,2.959419154184701384e+01
4.202798412029433450e+01,1.026484126357164257e+02
9.103291425715525520e+01,1.175756110105240282e+02
7.701265608588670375e+01,4.853066416460593757e+01
2.780050621833856894e+01,9.549601252409657093e+01
5.261341708500746961e+01,5.140954406595404436e+01
6.017719057879621403e+01,8.674876186839615855e+01
4.143489546417661273e+01,6.033577516324886858e+01
4.282221094561916175e+01,1.128708562541074230e+02
3.842420275834503940e+01,9.516986593222183899e+01
4.048779426967897166e+01,8.316157404152407651e+01
3.718125216477488948e+01,5.140191822113726516e+01
1.030647058391043345e+02,1.801815712792166124e+01
9.999509383836016951e+00,8.799396625765227498e+01
1.937201682024802096e+01,1.427121557249484951e+01
3.596727862287670519e+01,3.660665439908333951e+01
1.130318632287076355e+02,1.012500957128678465e+02
2.814120064025571466e+01,7.686934784986111424e+01
1.932974129855123380e+01,1.091560050099695047e+02
8.745505961367700820e+01,2.035365638352947926e+01
1.447451704123341898e+01,4.105379846736636296e+01
1.154698803593924907e+02,7.505068739217131224e+01
3.081219851616550898e+01,1.045003275346510776e+02
2.636892843241845341e+01,2.644930387092885837e+01
9.062203412780245060e+01,1.039051093342267791e+02
1.172414031422544838e+02,4.503505313845876934e+00
1.040899648180331667e+02,9.503441778666912398e+01
9.831216831840447412e+01,1.143632768247952924e+02
2.307460812226769242e+00,4.516478563831173432e+01
4.115248820657094342e+01,7.847867930644309808e+01
7.315355939432581067e+01,1.113329146398453133e+02
5.347355051834783524e+01,6.181626485608343557e+01
1.000515540564164070e+02,3.212838993766287388e+01
1.943247052249500939e+01,9.916726781557746051e+01
4.959202824755410965e+00,4.983484200294415700e+01
8.053830855080069284e+01,2.043547088185548688e+01
9.875868430622180938e+01,1.431854015439247618e+01
3.164389181150390939e+01,1.082942364320803534e+02
2.000957319117784294e+01,4.948781957136493759e+01
8.878655425014103741e+01,6.048176560785185529e+01
1.088189705700158356e+02,1.096911004856669791e+01
5.390502163730017671e+00,9.791774631221493053e+01
9.368981266005311781e+00,1.492684351032219858e+01
2.324148012138369523e+00,2.469996376192933241e+01
2.460907580002303163e+01,1.179358520358582041e+02
5.177028540350312369e+01,7.521969572802461812e+01
3.772642323662702779e+01,5.167967627230964922e+01
9.324782803513653562e+01,1.034648455052531801e+02
9.861585025887023903e+01,8.722504028109632657e+01
4.156667600270854734e+01,6.271664837005434379e+01
4.535995479587626278e+01,8.140437788249545292e+01
1.042034857616254158e+02,1.322218772475608262e+01
8.526010154758907333e+00,3.325057509123733723e+01
1.090056920613639164e+02,2.463800698539568046e+01
1.084911378703289699e+02,1.412557548830034371e+01
1.176730023573278459e+02,9.746822544907471908e+00
1.028477511540807967e+02,6.093892834080418197e+01
1.094053216511426712e+02,1.040586090012870955e+02
3.718933653454398325e+01,7.630278963698388850e+01
6.295133339529226646e+01,1.092677042060959138e+02
2.170941882729767158e+01,6.448302305108073540e+01
5.016236493739771873e+00,6.047987098915758963e+01
5.646496129099524808e+01,2.417977116024087181e+01
3.153850616694019138e+01,1.041552951635165556e+02
9.557979552331768502e+01,1.117086438231423671e+02
1.167926205600333667e+01,2.668878411255306560e+01
6.888454901878463943e+01,5.353891925035189558e+01
7.490666695481522197e+01,5.151124141216668306e+01
2.702174708106846168e+01,8.363752339861993335e+01
5.635122645155421139e+01,9.065819844471742783e+01
4.818098547337626059e+01,9.851418454820749560e+01
2.229703595181672426e+01,1.958602125844140929e+01
6.232097885062017184e+01,6.524736399857201263e+01
2.858342293555727309e+01,1.047311035906633236e+02
8.123558492177544110e+01,4.277392586649101958e+01
2.695613497703672223e+01,4.998509230914235957e+01
9.520228272558755123e+01,9.516074386515672501e+00
1.109501720506431184e+02,6.995618096487073956e+01
7.202234380815554005e+01,1.109678247744961226e+02
8.437897937019922523e-01,3.250270487798164254e+01
1.071344192272936056e+02,7.660203038634323036e+01
1.040436720494599854e+02,5.608590943287351394e+01
3.835925547030567628e+01,8.331557024864335403e+01
3.373740637213305860e+01,9.551751310666496408e+01
5.514998521654736408e+01,2.688548115249811410e+00
9.007283358754480673e+01,6.227443565520042057e+01
8.744797923011665830e+01,2.622373164271474266e+00
8.587893380243916397e+01,5.210102385315278362e+00
1.117301299287736249e+01,1.164107999739987491e+02
8.130288881371620846e+01,8.557083627141180671e+01
3.549165599871620458e+01,2.654076563815208623e+00
1.000778965931359465e+02,9.689178283422235438e+01
1.101445513687957032e+02,1.868780017213553890e+01
2.605146728109110299e+01,3.594170712857786043e+01
8.051724796572095499e+01,1.467880565262806059e+01
3.880686347924569191e+01,7.173682372480878655e+01
1.742550836977473594e+01,6.187580409298952588e+01
1.173274959282132528e+02,1.473753596983446990e+01
3.291100934809006873e+01,3.926751671566861290e+01
1.114383710165189001e+02,6.987063303484220000e+01
9.586516142201932666e+01,9.839632367238806410e+01
5.725159936581982123e+01,5.985983204397444979e+01
4.682301471595491194e+01,1.009505443636856796e+02
9.195634375239495739e+01,7.458190104121337072e+01
1.192281116131162548e+02,1.242675652106668949e+01
9.001873299739738599e+00,2.275317986696597927e+01
4.935491524691064669e+00,1.276891387959684465e+01
2.097353795922371589e+01,2.234603971885338325e+01
4.728593895403800929e+00,5.305507645899618296e+01
3.822802112025632937e+01,1.085153622989807900e+02
1.175008178851954028e+02,1.197167863197032034e+01
9.789065623461698351e+01,6.999108547575147554e+01
2.347406033010348381e+01,7.628509205199836174e+01
4.048603357433812988e+01,2.426478967521060071e+01
5.250661607240800777e+01,1.111615572953082136e+02
1.275907963531053291e+01,1.011859016660837511e+02
4.116478017620442387e+01,2.263505333442706657e+01
2.376682274910123027e+01,7.980965303967972879e+00
6.141252011189323667e+01,7.304207941725185549e+01
6.960995139417357791e+01,3.982383518659069210e+01
9.284836682608819558e+01,1.408816425565505881e+01
6.846463309333758218e+01,7.048808317578483695e+01
6.552379178080859390e+01,4.734630397249518552e+01
7.166222563206503082e+01,3.459605409342226068e+01
3.661878813279058420e+01,2.087832961869233372e+01
7.115654574364610596e+01,6.099745399354637243e+01
1.168831297226552692e+02,1.198127866948536564e+02
6.935029046502610584e+01,5.343237324812020006e+01
6.163408828161166753e+01,6.791397952456059706e+00
5.307046547701864370e+01,5.340806692174063386e+01
1.669003034517107054e+01,1.132499637747594363e+02
1.121379548678182090e+02,7.724139910842126255e+01
8.033385003832474069e+01,1.194717921792408788e+02
1.348313098717284220e+00,1.079557892400989658e+02
5.006318977445076257e+01,9.923140421297782510e-01
3.387309645338757491e+01,5.381354250388507410e+01
5.030036026253807080e+01,1.467866098247895934e+01
2.155282249059280275e+01,6.117229320415010818e+01
1.138126496356617423e+01,9.405167715621493585e+01
6.531597383367554244e+01,7.438775984256167817e+01
7.944333474607488199e+01,1.043529940491201842e+02
3.703237914195822711e+00,9.814975048118309076e+01
3.396481687462831900e+01,3.828653723483775906e+01
1.940845440444212144e+00,9.523544197971294523e+01
5.410882272630469458e+01,1.192292839272082858e+02
7.239324408995528870e+00,8.190221178344928887e+01
6.941977737569882123e+00,1.030088451496756505e+02
4.557961969739516839e+00,7.499814830069007598e+01
1.048151982668663464e+02,2.961793379909776291e+01
5.327735752932409241e+01,1.080668739024751375e+02
2.460153513319180263e+01,1.161042559068009012e+02
2.979814574475583200e+01,1.093062857585636749e+02
2.422982791537675240e+01,1.184340238449399862e+02
7.558513378252652615e+01,3.622717591405834980e+01
6.232598008695917002e+01,3.314048753168590267e+00
1.103419397916535019e+02,1.720406049118440706e+01
7.944323493039586026e+01,9.754097920633374486e+01
4.407491816521034877e+01,3.255619255921860855e+01
7.009717923083471192e+01,8.700525767662536225e+01
6.609049671532886805e+01,2.333349743565932499e+01
3.803592601952359331e+01,3.270412030439027262e+01
1.196509879723079592e+02,3.668238113806604872e+01
1.054671591698794941e+02,1.074200380062299871e+02
3.066884380943170640e+01,1.180216100528028136e+02
1.150276277440762129e+02,9.624829381652662619e+01
8.420710125699530124e+01,3.501331923924461620e+01
3.636260947454603354e+01,9.195600415254629922e+01
1.054255520385809746e+02,1.106500721892230104e+02
1.025943176730737747e+02,8.429762314086968900e+01
3.530574177549073056e+01,6.010067953329689061e+01
1.127680620407878394e+02,1.121714926575605489e+02
2.674326520338473756e+01,1.158673784844582428e+02
1.136924502205780385e+02,5.284957149013094835e+01
1.090820578266134646e+02,1.117430364453816765e+02
8.204461865402819853e+01,1.140731879985507931e+02
7.129570332850211400e+01,2.788911598221444521e+01
3.876333844234076764e+01,9.600560705684503660e+01
6.954383361781427197e+01,8.669227227352763521e+01
5.377246603434317507e+01,1.190384453210720181e+02
1.503929110253457324e+01,4.262182513877566947e+01
2.246225749921082482e-01,7.226188440890534537e+01
4.698896741139149924e+01,6.062829712170102425e+01
9.536513389137623165e+01,3.083974944315169253e+01
1.088842624620304491e+02,3.393181202935651442e+01
7.075043942068279534e+01,3.402247218254019856e+01
1.754768468730244635e+01,3.702492402367645319e+00
1.502170219563245723e+01,4.077074628983924498e+01
6.574630162538306344e+00,9.690181236233249251e+01
5.913523689997002286e+00,6.415343677857919147e+01
4.225209889473245539e+01,1.120777680496961324e+02
1.099751065731991417e+02,1.071610379219798759e+01
8.664791660917641991e+01,7.069671948262123351e+01
8.117537148301842365e+01,3.221528427030727215e+01
1.962094928006683148e+01,1.385686993552603496e+01
8.678515473353471066e+01,7.761307774038094465e+01
7.201751302369370933e+01,2.980516741549486781e+01
1.052928327770825092e+02,1.445111363146437178e+01
7.534092928727147864e+01,8.326515147441723741e+01
1.828419599508230853e+00,6.653589559972567713e+01
1.559859861018759375e+01,7.316320546867495977e+01
9.277372927746077380e+01,7.031361737394696831e+01
9.080350203387246211e+01,1.143286994368001217e+02
8.495696578065849280e+01,4.791510759764337024e+01
5.311802424196091721e+01,1.102443209864384386e+02
8.932387405176898199e+01,1.911338999798434202e+01
6.865075343366130767e+01,4.709063206137872726e+01
2.006498338535347159e+01,1.761138089582938449e+01
7.636136838663556148e+01,6.777837180807064499e+01
7.559387274464258155e+01,1.074202903269978577e+02
9.126185950599703745e+01,1.066038847882212650e+02
4.568127229775454623e+01,9.170566669854959230e+01
1.126164907773539596e+02,3.555578030823689772e+01
2.208669156056322080e+00,1.386837605616117486e+01
1.595892588726286121e+01,4.707165025517295476e+01
1.109163883553032690e+02,5.077488011069271323e+01
1.893262311709204937e+01,1.018268867094574262e+02
4.890091734589705474e+00,1.911388305582801195e+01
9.975883659212408361e+01,7.587462450438937367e+01
9.833500953922253984e+00,3.992365119537231521e+01
3.689179456086952058e+01,7.193985334902924933e+01
1.429062113143765522e+01,2.073071984043433602e+01
9.981026612267520193e+01,6.379388561303844085e+01
8.263442668562008819e+00,1.955884748282899821e+01
2.367375599730367597e+01,1.037982233671289976e+02
1.282258665231187678e+01,9.191574073639955600e+01
1.589005011273942003e+01,2.732803638055484896e+01
3.368028397519367445e+01,4.473201947676337653e+01
4.272590058934679291e+01,1.025582338508637150e+02
7.000927279993391039e+01,7.281485125547345660e+01
8.036812562954035855e+01,2.437377150381506041e+01
5.021221668336546173e+01,1.044200092911008824e+02
6.021998352082663075e+01,7.662041745966557471e+01
1.064718668185968511e+02,4.225937466024299027e+01
1.737676897967408962e+01,9.168700198207669416e+01
2.886414466968916770e+01,1.121502054313999537e+02
8.039591864940506127e+01,6.656647300043361781e+01
6.804885671976580852e+01,2.538972911651655551e+01
1.026389439613967767e+02,6.364705470879216875e+01
2.310487863752581461e+01,3.403477110780697501e+01
3.727495433216144249e+01,9.032936535692844870e+01
3.217117974392807156e+01,3.711789280834658200e+01
5.839565176284730086e+01,1.083750894870450026e+02
9.086526766294586821e+01,4.791327661451516562e+00
4.505608048575629709e+01,6.989011632174654665e+01
5.820338500966066420e+01,1.088161560696304377e+02
1.158093904786783668e+02,1.798775019415185028e+01
1.041725423693886796e+02,1.569097125464370279e+01
3.992873110902429090e+01,9.278807260563871750e+01
1.593636480085091733e+01,7.770171516789048383e+00
1.433561110205246791e+01,1.077389712924375971e+02
1.046719341604727020e+02,2.833346233827506921e+01
1.181036515707403396e+02,9.534421386998763737e+00
9.902522812807812613e+01,3.741657426981163326e+01
9.864067018078361571e+01,1.450293200557779549e+01
8.790488324203717951e+00,5.630339123236730359e+01
1.028555834984242239e+02,4.122637442487132375e+01
3.178894428718800569e+01,6.457121755052912704e+01
4.817262656880798488e+01,1.504148935118525543e+00
4.762314825041800503e+01,8.882531104364777264e+01
6.382295556997412689e+00,1.172416105626348468e+02
5.194058502147461809e+01,1.004626217768458787e+02
1.189209682837771709e+02,9.467543749275354514e+01
7.059448715837720556e+01,5.932903935875670953e+01
1.163969371105726935e+01,1.049453754695717009e+02
6.747992819023745881e+01,8.707203650711137755e+01
7.137743116458896964e+01,3.801032152562480171e+00
1.983156549045462924e+01,1.479429628865335467e+01
6.517046686823009338e+01,5.346400206180000936e+01
1.144877581784759002e+02,3.625716334189141321e+01
3.849138668741001368e+01,2.103108901646904627e+01
7.008857858495014170e+01,1.523014935187390861e+01
1.715402873539755646e+01,1.792873233900246532e+01
3.994093083991979398e+01,1.020518276638114372e+02
1.132234385728806103e+02,5.784313492557689074e+01
2.808158452127567983e+01,9.341396632247483467e+01
9.248925123669291537e+00,4.720850431898850275e+01
8.912367637342056526e+01,1.298193959119529062e+01
9.210724425636156454e+00,8.195649734425788324e+01
2.646150905482354432e+01,8.347757440812539187e+01
4.287282817271617574e+01,8.025900512936144082e+01
9.272305788871977938e+01,4.314428375691473150e+01
5.403888870516066589e+01,7.891822834769044448e+01
7.721635592361521105e+01,6.708283590742279046e+01
5.509428071693967155e+01,4.628926498806920620e+01
2.371888979902416850e+01,1.081998109942369695e+02
7.889203352843411210e+01,4.074014983215090524e+01
1.048341292563130764e+02,4.905120232796118529e+01
1.015813927741246232e+02,2.100944319549110517e+01
8.081303807152906415e+01,2.013353780726392372e+00
9.994044459848873885e+01,1.035143661807663591e+02
1.188064136063101870e+02,1.184447571645417696e+02
2.957135789451193375e+01,3.699324749852533500e+01
6.430956279733650582e+00,6.572577725641805557e+01
1.137046478650340049e+02,9.719552125422528377e+01
1.108679474042093744e+02,1.004332051091297728e+01
3.669067598897171223e+01,9.760716847047254419e+01
9.350175607877191908e+01,5.143427822320984433e+01
1.550550762272320782e+01,6.264634413142795566e+00
1.073018402657400543e+02,7.372124446066787584e+01
1.171084709944188802e+02,2.937682097781242874e+01
5.571504853289086157e+01,4.518373795244440316e+01
3.199761574579962797e+01,4.290933728945862669e+00
1.163548589250791210e+01,8.900751763188782206e+01
1.852042101817609421e+01,8.902225024924220520e+01
8.877766821169576161e+00,8.672149572140941132e+01
5.791436172370817559e+01,2.781413559384537848e+01
1.836503719739322804e+01,1.548222523381338789e+01
9.447437588164757472e+01,1.265040655761765720e+01
4.355643020898323670e+01,1.105934167744645151e+02
1.682966707757090674e+01,7.671995663652201358e+01
3.802904840361894401e+01,2.371312922018828928e+01
1.187554705793447596e+02,1.077279204219385775e+02
2.302768766152917479e+01,1.095264340798643019e+02
3.764108593550825788e+01,1.034051432172893215e+02
4.269018682550122890e+01,1.574316913600431356e+01
1.115716378057904308e+02,3.620084314570392792e+01
1.056751351642004977e+02,1.187719748413486371e+02
9.308484341458232336e+01,4.783627429675843246e+01
1.219009299238594224e+01,5.349264677775019550e+01
9.746514529254244508e+01,5.157965508267974286e+01
7.088884188906371264e+01,4.914286372956970439e+01
1.362562123802488756e+00,4.132672041480498848e+01
8.237561618752665993e+01,8.632601336488253452e+00
2.751256737224347404e+01,9.243310069956768871e+01
6.812127797764064496e+01,1.097703276160278278e+02
2.327403675051390763e+01,3.983582004759482942e+01
9.871506958505062812e+01,7.510268030331167211e+01
8.369169412148359299e+01,1.344650647923606890e+01
1.114541769012802774e+02,5.797774435498222800e+01
9.220352205812541513e+01,7.250400341446487573e+01
1.175888217097111834e+02,4.079376594881266271e+01
8.195603225449094253e+00,5.908813305930144111e+01
6.761026216641546682e+01,6.875041021047077550e+01
4.019445596818873589e+00,9.893576927407643495e+00
4.186335716705666954e+00,5.753025750059676824e+01
6.167194304032537389e+01,8.146772932385158583e+01
3.232749082658881434e+01,1.052712052605154867e+02
7.281068681995103020e+01,8.830885973480778972e+00
1.192897304519983521e+02,1.027945306189167241e+02
7.636834923299670663e+01,1.780573921292650041e+01
9.118066893474416190e+01,7.005449540584058887e+00
7.197138580656336160e+01,5.392523649543745634e+00
3.753732502488527700e+01,7.539529530070194596e+01
9.215169674779723152e+00,8.658347756140105389e+01
8.680077845575495132e+01,5.792461156462471727e+00
2.838430066097252435e+01,4.526668198204202298e+01
4.055129339125669219e+01,9.311174493289253462e+01
9.178224650367427273e+01,9.291880014035157842e+00
9.943277213477514920e+01,1.116142900782012504e+01
2.239865325637553894e+01,7.258868242077549837e+01
1.097549375348718854e+02,1.034335422136210241e+02
1.471020071403758323e+01,1.101430775844795846e+02
1.009026163802798948e+02,1.075801177192522218e+01
8.106824084650627071e+01,3.557268156309417861e+01
9.598331552418355272e+01,6.495902961433952782e+01
1.058817363552356738e+02,6.654580828889375255e+01
3.112427376643605115e+01,7.841995055698745887e+01
5.461944107756458067e+01,2.403984311564704157e+01
6.647826226558557039e+01,2.051698415882413329e+01
4.394564378797232251e+01,7.648304057454475924e+01
4.385804323444810393e+01,5.864024328317660917e+01
6.338024577787613367e+01,1.065577240427927421e+02
4.681925108099264321e+01,1.158110628440613823e+02
5.434188793427566821e+01,3.601596105747611887e+01
9.168539280984172990e+01,5.382540022001998636e+01
3.439224002059265217e+01,1.902183175110632618e+01
1.522057772601998593e+01,9.608401927523389929e+01
1.798437277653151511e+01,4.792897998526481729e+01
6.666655779261922987e+01,9.084484123502915054e+01
9.316803633865056611e+01,1.188170632391827297e+02
1.815754045335158295e+01,2.930034602305055813e+01
1.667511696398530674e+01,1.165591093342894347e+01
7.942246708199207639e+00,2.277783633287122456e+01
1.808559224190868875e+01,5.175027726265755490e+01
6.949709470813489531e+01,4.514165100911163364e+01
4.486227800268927091e+00,1.115564317585570251e+02
6.816777811018308597e+00,1.697756835704726797e+01
2.497553615651690251e+01,2.685473231585385179e+01
2.745329427747240914e+01,1.118575487163310669e+02
3.557312894233439238e+01,1.074273848062701973e+02
2.540939027401668326e+01,6.070725836919897489e+01
1.113008404568504801e+02,1.329108997118044755e+01
5.590187906333794388e+01,4.872189729132590230e+01
3.197491008066300111e+01,6.788119567497665230e+01
1.032103505475296998e+02,8.101261620375069583e+01
1.163522829275051862e+02,2.337084986966505440e+01
3.114005365977577711e+01,5.397087668128266102e+01
7.525857530621500757e+01,2.221969043914254982e+01
5.620776880474587500e+01,1.070856762651154952e+02
4.459394297287651199e+01,6.444346818296438073e+00
8.845433276777646370e+01,1.148390574680237393e+02
9.533790772930233004e+01,8.407036006413933649e+01
1.451104077926831692e+01,1.879631543761137280e+01
9.460050761289470245e+01,6.320454926859891742e+01
8.702077211694231096e+01,1.978093408836784661e+01
1.101359392430855735e+02,8.569391157538707660e+01
4.172566836658710976e+00,4.902631469766063077e+01
1.137090052801486735e+02,9.366269112966518762e+00
3.630515221153939365e+01,8.918982819458645395e+01
8.186888605969888033e+01,7.482835186574092745e+01
4.299256183699212386e+01,5.616416502151283652e+01
2.472767106095620449e+01,5.915711013846966893e+01
8.339651861011920175e+01,4.351999839848645735e+01
1.136460131389870121e+01,4.253710172045830973e+01
3.667171940929785734e+01,2.265351665394634750e+01
1.076124514575734992e+02,1.127266329880131650e+02
7.541665987900663026e+01,4.079730718435090608e+01
1.149976786412290437e+02,8.515763986367960570e+01
4.382209619280181556e+01,2.900628873029074484e+01
1.464261743603146115e+01,1.022952157639291784e+02
1.081770999852742250e+02,7.679050821991376097e+01
8.409994110039451698e+01,1.252874212079646199e+01
3.089179169134969172e+01,8.152159269799984287e+00
6.439360623423533525e+01,5.530865888466986036e+01
6.029576134085245798e+01,6.743459559693479832e+01
8.486612368995562150e+00,6.847758417340300241e+01
9.206299358037891523e+01,3.507308422315946750e+00
1.009616772065269004e+02,3.279130061538004526e+01
1.971597220610216539e+01,3.662519375097136987e+01
8.568461682099163568e+01,6.384070319596388998e+01
1.090495525312493612e+02,1.290728345788145859e+01
1.125926166015386229e+02,2.169625193788773387e+00
7.630971317420647893e+01,1.649516538882213368e+01
2.477757610413497957e+00,4.990071054447997767e+01
1.165593379846132649e+02,1.143018620884126193e+02
6.491140341269360192e+01,3.205156087133499909e+01
6.490175481523303347e+01,7.332712975663066857e+01
7.380194242516336089e+01,1.501921731613073518e+01
9.093538714126712819e+01,2.937554994282350407e+01
3.255529127375078957e+01,6.047025008993930584e+01
5.708499790694580156e+01,8.618410952610115316e+01
5.890888608035070462e+01,1.084621842090024444e+02
4.310682546763133871e+01,1.436866306016379013e+01
2.557248554215486536e+01,3.748646195953733162e+00
3.553470171643480313e+01,8.373693032407933856e+01
9.502789103533628179e+01,5.594395043686854052e+01
7.304644749301368734e+01,2.565816904979685376e+01
9.607576364050818540e+01,6.138517219415341941e+01
7.526565384543089010e+01,5.308386605775213241e+01
3.833493280001442116e+01,3.815208116565616336e+01
9.328333351538614693e+01,8.568455497693116740e+01
1.800336369064527631e+01,2.635969864305203103e+01
6.554410950460966490e+01,4.586436414882794566e+01
4.381120811837982387e+01,6.862876149550873883e+00
3.175304706772369201e+01,7.389544443592097878e+01
1.162507185724385295e+02,4.903369691208272485e+01
8.197329166720896865e+01,1.187702610130518224e+02
9.090231238912608092e+01,2.026259660537137819e+01
8.096835840184307642e+01,2.746182863800932239e+01
4.217167410453495080e+00,9.046308462879677847e+01
9.186863044211406759e+01,8.943384652832723702e+01
4.133990240117248760e+01,9.070613603509248435e+01
8.291662632716361259e+01,5.112451788077792258e+01
6.456459216858567629e+01,4.441767595162233562e+01
1.813212212184333083e+01,6.099405366170699239e+01
1.167151328218239001e+02,7.871830936252104394e+00
7.471734360051294743e+01,1.807554341247022478e+01
2.103257244315746277e+01,1.016231052002209054e+02
1.193301741216455412e+02,9.838544566815077275e-01
1.027056769324127039e+01,2.130128413105099838e+01
5.973843101394252386e+01,2.349045184761413552e+00
4.940977553415524426e+01,6.771380538745711419e+01
2.518007658407200111e+01,6.536028572206789988e+01
7.825949473381365351e+01,1.953646552410828008e+01
2.489404138585702420e+00,1.620821953892330747e+00
8.990232593655731819e+01,2.440759766005838571e+01
4.188350843901482534e+01,9.956514509830124382e+01
4.677752522414626668e+01,1.063821444681139212e+02
1.170146885237083438e+02,2.085201682656904154e+01
1.086696771254621154e+02,2.162547678824097730e+01
4.693180622596462115e+01,3.580688044374632284e+01
6.826894382727081734e+01,1.024812316086288035e+02
1.045835071551208273e+02,1.164004894344855074e+02
9.435306972165685124e+01,7.966654549831235954e+01
1.638441254364137478e+01,1.144264683110130676e+02
3.639007334311250474e+01,6.324925699212999852e+00
1.177086760432519341e+01,2.496816575091878576e+01
1.043385941272214694e+02,1.068676234918482351e+02
1.167421828767737395e+02,2.669291154364335839e+01
5.565465276681835860e+01,6.951794528625595149e+01
4.917022347600192234e+01,2.637319443417788278e+01
7.918085073034845323e+01,2.215117767681104155e+01
6.547381350760654861e+00,3.218108223767490017e+01
7.494004695200909794e+01,1.104265874958646165e+01
8.403482277222319397e+01,8.735440949808308631e+01
1.061059747044876076e+02,4.495410101873982001e+01
1.129131402026950042e+02,4.491105041361920058e+01
7.951845479564629215e+01,3.414087481110419375e+00
7.536305779195555488e+01,2.176792918972834201e+01
1.106954599363788532e+02,8.321322774331754601e+01
1.101450769085663950e+02,1.183090201189631614e+02
5.364260666991594917e+01,3.728829119782488988e+01
2.246834441289837869e+01,5.053974454152072582e+01
1.028343036091139027e+02,9.148613270208805659e+01
6.727777024338323031e+01,2.667156114379104537e+01
3.949488303248721621e+01,5.588183770382804738e+01
1.152377071724124846e+02,1.678352990714380155e+00
1.682161987994964392e+01,8.472418695410281941e+01
1.177913823389622792e+02,1.993813973992564570e+01
2.170421086565226787e+01,1.041583335155465448e+02
1.225880206623847357e+01,7.738542346294623542e+01
8.129113875964502256e+01,2.926248595533711949e+01
7.404558985774460211e+01,9.111248621443880324e+01
1.404773869099303241e+01,8.542527454351853677e+00
9.756479481248180718e+01,6.482370365064224416e+01
7.824946635797574856e+01,7.470846019524520898e+01
6.522885454988555409e+01,5.056712424282728335e+01
1.067618508105264112e+02,1.065005453450279873e+02
7.735908294564408649e-01,1.014932603030936491e+02
1.935797485365652548e+01,8.523074762471017607e+01
8.986233703104268500e+01,6.199811649707967121e+01
5.716785313279467573e+01,1.088225274208840005e+02
4.557499683779044908e+00,7.402873104325774989e+01
5.020082229762131476e+01,1.193959587419459467e+02
9.886266365974242376e+01,1.066373389816752564e+02
7.717654320009168600e+01,8.281128427259073987e+01
8.865223556151831019e+01,3.887495632598397322e+01
3.303995612817631411e+01,1.172460870514957492e+02
6.659850538602637471e+01,5.616015968911711553e+01
5.357373231458281992e+01,5.351546637815500418e+01
9.154358262393387236e+01,1.089203745397521743e+02
1.417276842469845732e+01,9.875202065723178180e+01
5.462532285090455275e+01,1.094730149053070534e+02
1.880307940914327602e+01,4.335870518567318044e+01
1.069067936143067215e+02,5.312229427614276034e+01
1.099320479961700698e+02,1.550030351746975654e+01
2.180496070903846473e+01,1.080832968502896136e+02
1.072751131604229187e+02,5.696786145622449737e+01
3.713163587198893367e+01,2.216335807747412900e+01
1.678895499444322326e+01,4.426826974206953480e+01
1.902366928169945126e+01,8.012843372719177637e+01
1.052342783721240096e+02,3.848591481124120151e+01
8.538804355264002766e+01,9.633010508480167289e+01
6.199471970174283797e+01,2.892393390047109492e+01
1.147068325909909277e+02,2.652988037492010065e+01
9.028648618419990157e+01,1.149435959722201233e+02
9.461768780187480843e+01,2.847519937493036579e+01
3.586851655612020551e+01,8.470837897625165169e+01
9.332522281651523599e+01,9.653302825370143125e+01
8.554508159651994958e+01,3.659404182961240792e+01
3.551498353444282685e+01,4.527668708685306243e+00
5.985410434924260947e+00,7.132688169422365831e+01
9.786593771475193648e+01,4.236675565530553911e+01
1.013330434579305432e+02,7.933350264511136629e+01
2.985432029823287259e+00,1.035507342930514199e+02
3.884347398122551454e+01,9.962074392701671854e+01
2.150939195332529863e+01,4.207744515724613876e+01
7.998736901998839244e+01,5.725411744759937704e+01
1.017265198314288881e+02,8.151622826122009258e+01
1.073209402479849643e+02,1.182930405736083657e+02
3.130619095511476502e+01,9.025013719947844493e+01
3.156228418407268776e+01,5.799696359134496504e+01
7.848919571279049023e+01,9.347180551814597038e+01
8.712250724380484712e+01,1.103989585401052267e+02
4.239273448933397503e+01,2.137149408830612174e+01
1.130620196977673544e+02,7.239646652300723417e+01
9.919655948045121363e+01,5.531301841138115805e+01
1.012427333455315477e+02,7.826323537446180012e+01
3.251118916053865604e+00,1.011073614199091111e+02
8.415201702314725196e+01,4.440389339721268414e+01
7.725004541679707870e+01,7.340741964079752790e+01
9.730240549646740078e+01,2.665575309682409255e+01
1.052413352763353629e+02,7.065531207097654942e+01
4.761421586216300028e+01,6.085840104897287262e+01
1.753357067010266057e+00,1.069753515096161607e+02
3.740088350780832371e+01,7.233727277458936555e+01
5.554835037654547136e+01,3.108573026609460221e+00
4.376506079921941250e+01,6.197047488394969150e+01
1.285953335940117981e+01,5.427176405365405287e+01
6.958137451359182535e+01,1.044834184211277943e+02
1.057153834631147902e+02,1.169532837391978859e+02
1.021079560798501262e+02,2.950671985008099796e+01
7.313041734531789473e+01,7.935796127578443304e+01
3.314486294053671855e+01,5.600385238148133737e+01
2.343818434819938901e+01,6.109650990404436044e+00
1.395305356241185457e+01,5.675754674483732742e+01
5.848309342448948200e+01,3.949755971960987466e+01
1.082553553942901772e+02,6.298589271485712970e+01
1.054243552332215472e+02,3.650181706385498615e+01
8.807063154172450936e+01,2.568678805471426685e+01
9.783591223487775324e+01,4.288124596925344534e+00
8.856023136466706092e+01,4.364271273319065614e+01
2.210431908527968403e+01,2.377752673828881314e+01
1.780539331695381122e+01,3.770895144091251439e+01
7.426560631983193161e+01,6.704583804230452415e+01
4.217632235628850879e+01,1.152735256076259276e+02
9.085488657808599555e+01,1.159817272548552864e+02
1.114497177898524569e+02,6.514492396703310817e+01
1.111101539412533015e+02,9.356136037007277650e+01
1.105954799088314218e+02,9.586415138001257219e+01
1.811634018981722605e+01,1.151615324212101541e+02
3.156864231266239074e+01,5.279475834474564522e+01
1.038276711205871123e+02,4.281381615469165069e+01
1.911194427348263858e+01,2.657908874424305878e+01
1.059225555312828959e+02,1.176794150972776549e+02
3.344130075639291277e+01,2.916225281282885717e+01
3.663689573749894635e+01,7.505493495058695430e+01
5.694367435040687297e+01,1.903674550298901735e+01
1.192708594508947471e+02,4.703499704454996433e+00
6.047662252816031270e+01,5.409736654297480385e+01
6.460572360784880175e+01,1.024638404395075355e+02
6.614331068346496068e+01,5.587374667216082713e+01
2.997624227645863115e+00,2.999832069228691367e+01
5.419201272036518446e+01,2.022285324035043885e+01
2.800433326538460221e+01,9.343981374477512247e+01
6.858253721231123734e+01,4.678119331720176355e+00
6.630226418196146199e+01,3.365402353967685656e+01
4.811203754008641909e+01,1.117951120723349305e+02
1.098340081534992052e+01,1.032188572882758422e+02
9.012404420575148833e+01,1.198670214135405843e+02
8.493765607670707141e+01,9.320569827401922680e+01
3.017907123594143926e+01,1.094536051757994386e+02
1.059532892135201934e+02,7.023321457755383790e+01
7.155712822617286406e+01,1.981476953786168949e+01
6.581293031030807583e+01,1.159909583533423785e+02
1.715251332343386892e+01,2.213343687709921070e+00
7.235212850859039690e+01,5.851454427770392641e+01
1.991362639396074030e+01,5.598971057853082556e+01
9.233792596728783053e+01,1.155795724954677013e+02
8.383199846707456970e+01,9.235869892854483965e+01
4.692389150672338616e+01,5.992110048429343294e+01
8.433882329792804455e+01,1.143023477510702008e+02
4.126508169455700425e+01,6.160913887239138909e+00
2.944879303549949157e+01,1.173712054449092790e+02
6.838757976954148887e+01,2.027927351514186682e+01
6.954411869325656426e+01,6.414959075101117492e+01
1.022196613937619105e+02,6.465497806245583945e+01
1.085179836437663425e+02,1.536671682729610744e+01
1.060241073666412888e+02,2.867904811032258294e+01
9.042338877429921240e+01,1.357994986860368236e+01
6.402312741937916485e+01,1.721709272154532400e+01
8.093111841958611308e+01,7.432488854847184712e+01
7.397172290155877761e+01,7.005440597860223306e+01
3.051712207003762778e+00,2.034119882943394941e+01
5.806004984010710857e+00,3.848431324729931191e+01
6.623814419004943943e+01,4.118556804614765099e+01
1.413222539873827621e+01,1.012336938227189194e+02
1.117690539338864966e+02,9.374921826450659523e+01
2.302598844455289040e+01,1.052308049620836243e+02
8.386995076554004669e+00,1.732837907696494995e+01
1.011843793444249116e+02,4.266535863888861257e+01
9.220693198078120645e+01,2.087324154523313524e+01
9.555740602820104357e+01,4.061724228237424228e+01
6.575870070175446358e+01,8.505393220305765567e+01
6.542988852421969170e+01,3.080661013685664074e+01
1.137120645122129901e+02,1.171700116381553158e+01
1.004610977723213381e+02,7.810414506370140941e+01
1.502410061232871996e+01,9.926288175346911657e+01
4.061982550181712526e+01,2.142514833320600331e+01
8.701370564343768876e+01,3.691699322144820172e+01
7.791767030585430120e+01,4.738984613223062325e+01
5.099558720491679509e+01,4.906097234355008396e+01
1.123340318489051839e+02,1.326572900207180083e+01
1.033775659498804913e+02,4.394284177221199883e+01
6.503505636810751334e+00,1.197391409298367364e+02
5.710732894467484044e+01,1.542338150057710244e+01
1.101695631535735487e+01,1.111444438126925149e+01
9.207936526838038560e+01,2.542859592476923325e+01
9.158724861389653427e+01,6.657946037507036863e+01
2.780118881623532445e+01,4.616263329113053970e+01
6.624655740559069272e+01,1.029213147211704182e+02
6.385272627639928800e+01,4.328083412681061048e+01
1.182723032657948607e+02,1.793007469675355381e+01
4.310909509037438880e+01,9.413964638827349063e+01
1.229616060844418968e+01,1.024693048137871472e+02
1.137936875422980734e+02,5.878551205506606436e+01
1.007861248362867599e+02,3.088683375546882104e+01
2.087582270342267776e+01,9.793807732189327453e+01
1.172166009891210763e+02,6.566007030775348596e+01
1.469838059201071445e+01,6.417218715489338976e+00
3.549930422040129940e+01,9.807044105143516788e+01
4.029855628369422504e+01,2.440688399898743910e+01
9.449925319190312223e+01,4.487881171661187096e+01
1.033264978120310502e+02,1.033318364180124576e+02
4.337296082279887344e+01,7.918082240363244750e+01
7.405926802099575923e+01,5.213875466779732193e+01
9.522044886542065001e+01,6.895231264863804199e+01
1.185471555306314002e+02,1.146655381849425055e+02
1.318015009429086248e+01,7.559222262840559381e+01
8.036363576156360011e+01,8.594669614877351194e+01
7.929442117086673569e+00,1.785499560812070996e+01
6.686818710015285383e+00,5.295955794153880447e+01
1.006814321682456921e+02,8.240609552516681902e+01
1.101012238501859883e+02,7.250587220253970600e+01
3.004536958449675410e+01,1.237490434590766242e+01
5.304274701542006198e+01,7.725193231899769586e+00
1.059714379512307971e+02,4.034326265333851858e+00
1.097320087932138506e+02,7.394730588637295909e+01
6.676914962370415196e+01,7.858733321181146891e+01
8.027653253063009231e+01,2.177904905318244033e+01
6.453872886861939939e+00,3.070410960949681467e+01
2.456487266687446791e+01,3.297893702065102239e+00
1.142179215885255417e+01,1.044964920514131137e+02
5.936153527106775840e+01,8.915526897090498437e+01
3.480121288427818627e+01,1.054494149898229409e+02
5.674212529236844205e+01,8.703463744022118931e+01
7.644692366614268053e+01,9.584644687950161313e+01
7.405413115979264660e+01,8.144656975335726656e+01
3.806354893224823854e+01,4.287392765094112690e+01
1.140464844192003255e+02,5.605129891962175037e+00
6.467158632681775998e+01,4.644761602730345373e+01
6.866239840900497882e+01,2.224712285951316915e+01
1.331590514076318676e+01,5.453769249614104098e+01
1.197570013145499956e+02,9.578631988516202966e+01
9.918457689989510584e+01,9.701573361447849209e+01
7.514664457190031044e+01,4.069076908801990555e+01
5.075254323518792887e+01,6.047716982088373783e+01
5.392049740861521911e+01,8.597048978510174777e+01
3.333919818110513944e+01,2.127285262496467411e+01
6.176044419554629883e+01,3.759809466786645515e+00
1.181310459759418450e+02,9.916162962036013084e+01
9.795275534686673780e+00,5.873537157216271964e+01
8.472831871004986226e+01,7.782854944021362087e+01
3.705018751765165774e+01,4.729920513317360076e+01
1.094304423243973048e+02,1.170504561136209709e+01
7.474090199594702888e+00,8.172619753750507243e+01
4.750108864777283912e+01,9.853061821522983621e+01
6.172353008025794452e+01,9.625044232279019241e+01
1.033319932980653704e+02,4.055010140948310493e+01
8.016323924849855587e+01,1.286820806456502453e+01
1.668262856032441732e+01,3.665490048624170782e+01
7.134122861350870437e+01,2.103151129145595633e+01
7.134045389583279473e+01,8.043431504481080196e+01
6.453346770224985107e+01,7.040204839167114415e+01
1.167121604978456730e+02,1.073562527406064504e+00
7.601089096046206350e+01,1.192565745352787729e+02
5.179785174484955945e+01,3.895396655936796293e+01
8.424643794906749861e+01,5.196479302936567457e+00
7.431224215515459264e+01,6.801584761967062320e+01
1.149305267457309654e+01,6.609072359693035636e+00
4.046780300615723291e+01,8.168412071581292366e+01
6.061429912636491935e+01,7.480774833856166595e+01
1.040552276519734107e+02,3.355225094404165986e+01
2.313453171702541766e+01,1.033101287187513151e+02
7.891909411269626418e+00,3.239063218004019973e+01
1.974480073313103645e+01,5.626469666885629550e+00
3.327834381514103512e+01,2.054259995252025206e+01
1.134764999230227858e+02,5.320301860457129095e+01
7.789834656473136931e+01,4.833216054876813672e+01
1.391963129646837416e+01,4.304818248662101610e+01
5.266140625840418465e+01,6.081284039224227911e+01
1.086515729364783880e+02,1.172744929347039573e+02
1.014329812445182171e+02,1.374070592633623278e+01
2.454510148759442956e+01,2.050790947946428489e+01
9.932921715241283778e+01,9.785632103239626645e+01
4.640905123332449023e+01,1.139080979121071948e+02
2.943283652577928322e+01,8.360145166026518027e+00
8.085024814286633443e+00,1.092470493614969342e+02
8.973544951712543138e+01,5.260604815400569123e+00
2.025475254757387944e+01,3.208119194595157353e+01
4.660726859216004669e+01,5.592191409976820182e+01
7.898892140834024644e+01,1.119263963947818610e+02
7.260128643005953109e+01,9.182621473696386261e+00
4.821920234209169109e+01,9.755707681347733029e+00
8.141668451058867717e+00,1.936673636919968189e+01
2.784673544516112997e+01,3.501838155249868123e+01
6.846111727070692154e+01,4.125222606205313980e+01
2.598845091061097179e-01,5.039990215288472797e+01
7.518676505365384344e+01,3.936108384534502846e+01
7.462221963177442241e+00,7.188502203467393770e+01
3.081748939259589903e+01,1.080738892464558063e+02
1.199080984877194425e+02,5.497245188446241571e+01
2.258870388675997631e+01,6.481044341517856466e+00
2.342639693743979024e+01,1.297032292749294413e+01
4.120769644522599151e+01,8.852628129067565510e+01
4.280953098559711378e+01,1.128649409061810047e+02
3.828932186937193194e+01,2.174156549416830231e+01
4.566786732380518998e+01,2.877874658918203821e+01
1.598517768677832152e+01,1.076309313747329668e+02
1.161568287998274229e+02,9.990383128526399048e+01
4.321238436888164003e+00,3.184794996633290509e+01
7.609763701083553933e+00,1.563769677302553340e+01
2.489122002113930421e-03,9.531457288787881055e+01
5.352596803679952053e+00,6.530769478379531279e+01
3.928660316656817741e+01,3.535824436007271743e+01
7.044201764788223841e+01,1.230220590634725752e+01
8.080688938912028618e+01,3.017191177335597629e+01
9.262525246410808677e+01,6.526882960809379597e+01
1.160837521726227450e+01,6.680592552715194188e+01
1.278429926041052411e+01,6.476766358144868718e+01
9.081901016841581509e+01,9.588487717388032650e+01
1.120403804273126980e+02,2.366158803265596688e+01
8.325750136693628178e+01,3.737328102539598973e+01
6.927446819931604161e+00,2.541048602504879383e+01
1.048287347730605035e+02,4.237041053043144601e-01
1.191876806755371945e+02,8.852762252682664723e+01
2.670166983063242583e+01,1.091603095938113199e+02
2.409672790957398547e+01,9.952583145774849527e+01
2.577582792848845372e+01,5.098771894091198931e+01
2.731754002129608949e+01,7.259921774055229093e+01
3.505879758597907880e+01,3.959773129691201632e+01
6.088515476444218422e+01,3.827405473848106254e+01
3.063773922878401379e+01,1.054625976978629254e+00
4.417284371975359392e+01,5.419109258981484878e+00
9.195219065337025199e+01,1.048210289083090032e+02
9.899624872012634569e+01,6.065590996252767653e+00
5.456714502190970251e+01,6.839961185168483837e+01
9.490670671973687433e+01,4.114802267466454566e+01
9.024279706938040135e+01,9.169688467325681813e+01
9.402773934341772133e+01,4.103413400000449229e+01
8.665151786709159865e+00,2.521146057035341670e+01
1.106000939659762992e+02,9.345639739425219261e+01
3.325263193718399890e+01,8.722513070037918226e+01
4.896640897179894836e+01,1.002661690880600389e+02
8.380493213843324440e+01,1.270267894283500709e+01
7.321985490725593593e+01,5.806428161236217989e+01
5.303674622692154372e+01,2.092682087426267046e+01
1.131616218868467456e+02,5.319940698715956984e+01
2.809908183759008082e+01,1.084691512968208968e+02
6.495604474920801863e+01,2.460793907104768508e+01
6.620144576611583886e+01,9.379863781781121190e+01
1.162610762210953084e+02,1.025130340115045158e+02
8.556259565447361126e+01,3.510814139456905281e+01
7.061669592696222253e+01,1.163616157728681060e+02
9.868963571479504537e+01,4.374236072711288159e+01
3.266579901897504357e+01,6.343831641227854590e+01
8.262317234658330278e+01,1.145789504558210581e+02
4.987858865013299337e+00,3.180732756288006868e+01
8.140782016384146402e+01,8.180131349565715482e+01
6.440873037445561522e+01,3.643078021262083865e+01
7.416779053221817719e+01,5.397226743423246376e+01
6.106809375684309060e+01,3.815018327556067135e+01
3.868616723929164181e+01,3.488582202748316519e+01
3.672146799760645308e+01,2.590994731478915014e+00
3.084864410518903810e+00,3.302663133060703160e+01
5.815661025623534641e+01,1.066128366392989051e+02
3.426311267938194760e+01,5.608428018861708608e+00
1.078059518518754771e+02,1.164450439164819500e+02
2.502799975267206989e+01,1.118513873239449481e+02
1.055715226649176088e+02,4.085772203257705826e+01
5.763098670422741066e+01,4.953865110874622246e+01
1.183280243851065165e+02,4.376055266035409375e+01
9.607223518705026777e+01,3.078998065013537655e+01
7.096225097368332513e+01,5.408238076808977723e+01
2.302292115402922335e+01,7.548430550637380065e+01
1.488725635452978224e+01,4.381442779975894553e+01
4.998442883967988593e+01,4.765859637710563312e+00
6.560919924520104018e+01,1.025243202750734213e+02
6.551499463666048939e+01,2.355341024378358128e+01
5.675305451255792377e+01,6.121793387598057912e+00
9.470863398783521347e+01,4.158460387455216534e+01
9.331165156618246215e+01,9.331332564604463187e+01
8.243033939140327959e+01,4.934741146447452564e+01
1.014426243546806745e+02,1.681982885514878845e+01
1.160948587804624026e+02,1.419051730209428897e+01
1.152031845379087400e+02,1.083760991628172974e+02
7.393776936908597008e+01,8.999200488279392118e+00
2.039802672156181984e+01,6.181520009224066570e+01
2.321489343854773324e+01,1.039428009251429899e+02
1.720950500736272915e+01,4.177381969569721321e+01
7.276607519380134192e+01,8.473994252756978085e+01
6.714578817140018430e+01,2.601732974872455628e+01
2.435731974617580420e+01,1.143115610217689806e+02
1.120805467007707819e+02,4.698620130741906564e+01
9.725972453014543362e+01,8.918466694998585353e+01
5.576175882418809238e+01,1.169655942993856428e+02
1.111650828445469017e+02,1.064760094020323038e+02
2.286823789121515205e+01,2.222362358898948287e+00
5.504385626517724717e+01,7.860890963434427192e+01
1.384483351605775425e+01,7.693725876828435162e+01
1.032307761722899357e+02,4.836796736465111479e+01
2.846681040854335976e+01,9.406035341634253655e+01
1.196620713589534404e+02,2.467001884574391291e+00
7.787212935758520871e+01,8.186998330465337403e+01
9.713279727505563699e+01,7.278952939104135567e+01
1.998455895041670871e+00,3.510897515319793172e+01
4.353742555366271461e+01,7.945414366147660701e+01
4.667449229692998358e+01,2.339095836775896231e+01
3.555943634377111096e+01,5.339129086897802523e+00
4.595434049591847270e+01,7.599997915397652548e+01
5.145332740697541141e+01,6.382184455927085054e+01
1.008434962955581824e+02,3.289755364553393235e+01
3.577636149325702775e+01,4.032671632046749721e+01
6.654803048601513638e+01,1.103668120451909971e+02
9.989743833032233056e+01,1.004866101725561123e+02
1.195716029686209936e+01,9.292301676729813664e+01
3.824772358009608553e+01,5.872182252655861134e+01
1.171295412291040208e+02,3.969233147277937235e+01
1.146668847787313013e+02,4.367827241480242151e+01
7.141789501789020278e+01,8.786816659967840337e+01
8.751363937779922253e+01,1.166319448711977174e+02
8.923460131432207731e+01,1.596013160630204375e+01
1.118257024147539340e+02,7.921753022875597594e+01
7.402030056208047881e+01,7.437766211907248248e+01
9.098206735157556579e+01,9.484604770531815632e+01
7.738580731336168128e+01,1.166284872498981606e+01
9.150181145216994594e+01,1.157599351971705062e+02
7.909413301740966062e+01,1.498557960858642701e+01
1.147517849788743405e+02,7.466623072851982101e+01
6.950475209396746834e+01,1.041057499717292103e+02
5.490035372239760392e+01,6.565037519298043378e+01
7.099265507126025909e+01,1.039649326807068377e+02
3.100914604132346142e+01,6.092942218730505743e+01
1.188584381706651669e+02,5.585598247832356122e+01
1.050084955141028189e+02,1.140403725998957469e+02
1.080455440925802151e+02,9.398454653193348918e+01
5.414904744382779711e+01,1.101576268408356896e+02
3.723781697098473842e+01,8.965582478831210267e+01
4.070111271893189553e+01,1.092973719600880429e+02
1.084815527804494195e+02,2.048660747035637186e+01
3.315967240413677786e+01,9.265619362047863206e+01
4.255574040772638966e+01,2.460434103854113630e+01
3.259114119521812114e+01,6.766634677343226656e+01
1.000554853940493132e+02,1.182668754625149745e+02
2.746262077220669084e+01,1.072805379133981205e+02
7.697438265768528076e+00,2.643635916989701684e+01
2.933391129221747207e+01,9.617771644035207146e+01
2.211545305421893559e+01,1.003054257656212513e+02
2.610747424061314881e+00,1.108473844845432694e+02
4.767830160172773901e+01,4.882344400226135406e+01
2.734682471989380304e+01,1.079915964886454134e+02
2.165402734969394771e+01,4.819833798486859422e+01
9.141780651433488458e+01,4.489199485877264806e+01
9.504591911115912950e+00,2.218178730185304559e+01
5.697656638008985652e+01,3.094726077264596498e+01
7.029941255071003070e+01,1.769312600067616259e+01
8.524040119767693113e+01,7.567527425439108413e+01
1.099778840288887665e+02,8.751951205654192734e+01
9.557334456253326493e+01,1.744686305188542264e+01
1.992531496978862293e+01,1.015821978002147574e+02
6.260225756955221499e+01,4.814457436562085135e+00
8.979373717553248468e+01,9.043580516650881407e+01
4.486670365538256533e+01,1.550712678122648214e+01
8.661820502649405285e+01,4.071970313135422259e+01
1.051417249231074322e+02,2.978656376707458264e+01
2.298696017534140879e-01,1.186897282063320631e+02
8.657491284420521538e+01,9.106272899108724062e+01
9.543771766576996640e+01,8.086603592434317989e+01
5.280552556914592088e+01,5.603362754098271381e+01
1.310828770223491091e+01,1.195554128094444764e+02
7.318430231595492330e+01,7.346883528945315334e+01
7.185243237092971924e+01,9.545280828705502074e+01
5.105005026985734418e+01,4.393172705047569337e+01
6.099699375459638162e+01,2.046794095636305855e+01
9.960559047052085191e+01,1.158433955696526994e+02
3.049247147886472220e+01,5.800760186109532413e+01
3.410295536296857932e+01,8.037822816474889720e+00
9.372367695862580206e+01,8.374382013114058054e+00
6.107748945935829177e+00,9.362258841820877819e+01
4.790399298348233970e+01,6.586229422094000086e+01
1.029136606724788017e+01,8.524467141758537991e+01
1.018333511232645066e+02,3.118040261208323471e+01
5.412540171486837082e+00,2.901808583369506067e+01
5.882691716986467867e+01,5.443453997748860473e+01
3.255394182198348574e+01,7.102539677425308184e+01
7.154548094839454109e+01,5.957154257250125795e+01
1.066133720543400898e+02,8.585937559568738209e+01
2.775456326007372354e+01,4.238238594047898289e+01
7.578707044533430803e+01,7.067145279583536421e+01
2.411389022385598224e+01,8.412064124798372688e+01
2.471658337634183056e+01,1.076939246903250904e+02
7.820384691864364868e+01,4.379047529204115108e+01
8.210537352894945684e+01,9.362407742765887519e+01
5.242338712501840092e+01,7.047959945859938458e+00
1.102681914583678520e+02,1.122284060413666396e+02
8.046668107505257694e+01,6.477734429022459040e+01
7.278464045784937753e+01,3.284142236097127920e+01
2.041600528403614589e+01,5.436907519600296013e+01
7.214515511920463098e+01,6.403368781933014020e+01
8.826883967816154097e+01,7.793594346998538036e+00
1.286103817744111666e+01,9.730090079402418723e+01
9.712875700250958744e+01,5.447529064138987565e+01
1.077348608931118576e+02,1.077541513554461261e+02
3.755171072272587196e+01,6.857339752137870903e+01
5.879789807045919048e+01,4.841598140448845555e+01
3.038173128802739242e+01,9.377820334106600342e+01
8.514465294451986210e+01,2.964457069792146626e+01
6.904043791023424603e+01,7.259099014417053297e+01
5.269350875799158729e+01,5.349621168751085065e+01
1.344338073716019011e+01,6.865669270897397780e+01
9.927252842868530536e+01,3.917355354655101962e+01
9.946307204569617966e+01,9.806942656267656488e+00
1.193670446866540757e+01,2.838454538429459717e+01
2.010582479301414338e+01,9.270948426078074078e+01
1.103180373808404653e+02,3.026248154346559360e+01
6.829154132797160059e+01,6.144925726437500657e+01
9.209141514786756488e+01,4.546651746901346769e+00
7.057129613472329766e+01,3.479108464842528292e+01
3.193508995143158913e+01,7.254642986073052668e+01
3.762386530436003795e+00,8.960389770254978714e+01
9.089083422640543120e+01,6.056319730342116969e+01
4.134200025306893167e+01,5.325640146142654174e+01
4.713633821478909880e+01,6.871759598671498281e+01
3.794581577769999114e+01,1.181757505408285596e+02
8.308785470473597456e+01,1.057483642835435234e+02
6.124999803250570807e+01,1.980358966229530893e+01
8.539237328618465028e+01,2.279999317432310235e+01
3.077784870721416155e+00,6.167912374850242685e+01
6.853445095532561027e+01,4.572080088059286140e+01
1.062046625763677667e+02,9.978149454130738150e+01
7.937361281991118744e+01,5.122303024566967622e+00
1.544503109559596155e+01,1.142329365000716876e+02
1.150871550186036671e+02,7.973769643537812613e+01
7.333652573883122727e+01,5.379270834316860572e+01
4.203931712139436883e+01,7.091467039789858973e+01
9.495386985354915055e+01,8.515763774272146236e+01
8.078489345870420379e+01,3.754992371496485504e+01
9.626678197829602368e+01,7.628060642105953093e+01
7.577315228560318872e+01,1.074554242604382068e+02
1.050698681411127495e+02,8.520780508085670135e+01
1.095700728422327686e+01,1.441849409728063414e+01
1.492303005481662481e+01,5.740524492342726148e+01
9.819496702082375350e+00,1.074741665470019001e+02
4.116232220031901079e+01,4.451969952650368612e+01
7.822488005918467024e+01,7.742485448753303956e+01
6.628951555933221584e+01,6.914837633874677181e+01
3.282208144654867255e+01,4.041239074346054672e+00
2.742553796019289791e+01,1.185907795943203382e+02
6.297572580178324841e+01,9.641611203274777608e+01
4.774662680947496796e+00,6.110365694049776408e+01
7.930938567588212607e+01,1.025516074946732346e+02
6.928006825529710966e+01,1.140769720153422817e+00
2.420142179620803446e+01,8.749634615053034281e+01
9.054430068918381380e+01,1.032932300266957668e+02
5.914293219055058159e+01,7.292875860208864935e+01
1.102983113109517888e+01,5.115024653929314269e+01
1.116779563644300737e+02,7.037580145026394973e+01
1.109923590674933394e+02,2.856699807470953090e+01
1.112230063587342954e+02,5.806931874919436609e+01
2.681374646862091282e+01,2.611521038537767403e+00
4.814224820187880027e+01,1.067870770075405886e+02
9.838893768972909015e+01,1.055726437184738984e+02
6.716055280159233121e+01,1.079329089358467542e+02
2.741507639340020575e+01,5.719532518482090921e+01
4.183055137022526537e+01,4.289297340217332533e+01
8.934027752428764302e+01,1.672924372651466740e+01
4.284994227798324395e+00,4.332739330199040495e+01
1.145345933164149415e+02,2.299848534502039854e+01
3.901169280316137389e+01,5.769414744438018516e+01
9.925785487274075081e+01,2.200622270795943436e+01
9.343366799059099037e+01,1.150065638199556872e+02
1.147143799103232027e+02,3.390870398260841512e+01
4.739086984177643558e+01,5.226567790889037468e+01
2.433774212280943772e+01,1.963708230170407987e+01
8.375843990881078582e+01,5.806235530744422846e+01
4.848459017648139735e+01,9.657352179816156479e+01
7.821156227768084079e+01,9.314108300098337168e+01
8.520314244362171507e+01,6.307808108068818598e+01
6.300595191700732300e+01,6.147623550925389679e+01
8.229616287208534686e+01,1.059597521761318717e+02
5.154328689782958151e+01,1.062439381876340718e+02
8.444488851189930756e+01,1.081011967808454557e+02
2.583770609859688250e+01,1.096509833567338745e+02
1.398465645905687893e+01,5.427197204886051907e+01
8.242790048548727100e+01,5.196754090616231281e+00
8.365772478871109286e+01,3.455130964328060372e+01
2.728691516775206694e+01,5.816773721389074581e+01
1.031131264355056203e+02,5.181348508302825451e+00
2.607832870256261515e+01,9.759499976755409989e+01
7.840950147822900362e+01,8.042402650293854549e+01
4.448169433491752045e+01,1.132926829034069982e+02
1.129986847906993006e+02,5.056495747589302425e+01
8.991635612220599683e+01,1.014702493558965983e+02
3.046686821114067811e+01,3.822248210354888442e+01
2.297484345960925012e+01,7.195252041434763157e-01
3.178015357675830188e+01,4.265555556405682580e+01
6.727227863981396183e+01,2.955628795529497665e+01
1.135886604580248047e+02,4.910265299276714046e+01
7.861111599406757477e+01,2.252975110420495497e+01
8.007995618503433377e+01,1.021043747321394051e+02
9.690221914733388076e+01,6.854235185789161733e+01
2.612078859683612819e+01,3.592183260236058118e+01
5.294045106844342818e+00,3.661341799772253580e+01
2.716081766657825192e+00,8.778436240270245605e+01
6.176881907262544757e+01,7.588258152820459657e+01
6.944021508371538687e+01,9.451306270607625493e+01
8.252534006256225041e+01,6.239534416965871344e+01
8.762349933125624091e+01,1.069754293411740207e+02
8.861323899274496796e+01,7.042221129810961600e+01
7.458250680503959451e+00,3.668068711254894865e+00
3.788612653648219464e+01,2.058223570114581236e-01
7.429900749078207411e+01,7.272792241320011897e+01
1.118918631098623706e+02,2.222699390184097723e+01
1.096040470051544702e+02,3.701678532607401451e+01
5.082977236896270057e+01,2.576038989228013065e+01
7.322059923717661434e+01,1.085864236827654139e+02
4.656317598135853331e+01,3.170903508334757959e+01
6.066625341283086925e+01,8.175110800514650577e+01
5.260078080180021765e+00,3.088900613999945932e+01
1.842366983558584081e+01,4.949821495280644257e+01
9.970476887229172291e+01,5.633321866939191125e+01
3.883567692270042926e+01,9.320442382311578911e+01
6.163882772854649694e+00,5.447585258454672186e+01
3.233952427578374511e+01,1.896122164227151785e+01
1.167686681807014111e+02,1.012615217842897550e+02
1.066095017051344911e+02,6.448971065875478814e+01
9.238629164396812143e+01,7.608172327110162314e+01
7.418549993374443829e+01,3.233406987259589016e+01
1.120955686778241613e+02,7.434805684938923775e+01
6.307211589201131829e+01,1.155327589950409362e+02
6.348703697223236730e+01,6.723123402160030082e+01
5.285818622711375525e+01,4.426734171281374586e+00
7.978601034448055884e+01,8.345374975738616286e+01
3.736714615056975930e+01,4.578110921763674668e+01
2.098513604492954698e+01,6.429905680602858808e+01
4.105879856832019925e+01,1.149091262793573378e+02
1.191752246121027810e+02,1.491890878850679059e+00
1.134943788982206492e+01,8.818765295288811501e+01
4.946548731812867317e+01,2.604748323252406550e+01
5.258112997130951527e+01,1.153551698788603801e+02
3.038373189335860403e+01,9.034625368587688854e+01
3.338526173532884656e+01,4.791881956094930217e+01
8.530941090904045154e+01,7.630125058999608711e+01
4.858219670575824978e+01,4.420247910132588665e+00
1.584549342551706630e+01,1.505427816157725829e+01
5.428557832470177758e+00,2.623332431976844958e+01
4.545922982169652293e+00,1.125261913421373379e+02
7.964400450333435799e+01,2.421947624494055518e+01
6.804553246806523248e+01,9.255061235010687426e+01
6.400299793121732250e+01,6.822656117138738807e+01
5.798247773610529521e+01,9.168879266583859078e+01
2.698997366815830645e+01,6.302215765030013728e+01
4.087026344365958153e+01,1.104785528611232195e+02
3.150174702501518098e+00,8.546232753039917895e+01
9.397243413009253032e+00,4.940599519347875912e+01
8.320715162655741892e+01,8.938390440293878214e+01
1.028046417460136581e+02,8.317313315049145217e+01
5.510683857041725986e+01,3.465957553373821298e+01
4.643445261965685233e+01,9.158798066968743967e+01
6.416166361628495451e+01,6.137770076269107733e+01
3.252428230982899748e+01,9.073655365208255219e+00
3.697958107882388390e+01,2.658706543007083667e+01
6.748491767127462460e+00,7.820021115352218111e+00
9.045816291229220596e+00,1.119603474730494526e+02
3.011780743211137690e+01,3.758361616613132838e+00
5.090935680112384176e+01,3.648066427809572332e+01
5.544587429693770275e-02,4.957893028495059440e+01
2.596742414740691629e+01,5.903354886377321087e+00
9.017202056709724900e+01,1.110789987987868273e+02
4.460894147953048616e+01,4.153586474917673144e+01
1.089170888119396778e+02,2.911105726120012704e+01
5.531390191342513418e+00,1.199447548588086647e+02
5.385899569142428334e+01,1.190909618611650274e+02
8.861406525807035450e+01,8.317629180295510594e+01
9.230809114418094907e+01,5.196635432317678038e+01
9.151893689991676695e+01,9.128034235039207545e+01
3.422759402854678967e+01,4.288667467766082808e+01
6.103802599045054222e+01,5.538298841698050268e+01
4.881384590898895226e+01,1.105045474121573790e+02
9.752384239699569690e+00,3.307892993477188526e+01
8.115848572018524010e+01,7.624488332103798882e+01
3.832042228037575171e+01,1.130110545485198088e+02
7.514914738362098490e+01,2.027259346687408836e+01
6.983482128079462825e+01,8.464556983229940101e+01
9.863289602476925211e+01,9.811117698216553151e+01
1.206640317786820127e+00,1.077226502992891710e+02
4.802424492650067833e+01,6.370428372491676328e+01
1.326037487130569659e+01,7.654504874395917113e+01
4.329409075503454218e+00,7.673276467055250016e+00
7.876389846192829225e+01,8.914630944826187431e+01
5.479598121027485291e+01,6.475906876108092547e+01
3.971658963565788270e+01,5.830490145530666801e+00
1.506557967343281490e+01,2.016405496664170727e+01
9.657943109069355714e-01,6.009143428947897547e+01
1.113952703633625561e+02,1.112064052728470216e+02
4.256719769924328034e+01,1.156033816135645367e+02
4.945827052838011184e+01,7.045673895143714560e+01
1.132104540422986645e+02,7.948502520634971802e+01
7.353985770880714767e+01,8.201064662821661955e+01
1.281175736836168610e+01,3.397148576661227537e+01
6.301080127435503897e+01,6.621071970852356969e+01
5.635589926656336957e-01,2.691887981073675107e+00
1.053588067701165443e+02,1.193789987901050722e+02
3.642054303476547261e+01,4.798651938843064357e+01
8.120998520213643701e+01,4.286272409057647792e+01
1.148029807137478429e+02,6.703128690540896173e+01
4.198362485907110653e+01,2.915935223956469713e+01
7.686148802754995302e+01,6.273788297541267411e+01
5.881447743630480574e+01,1.089048369456590670e+01
1.090632444801533012e+02,8.452427678844675540e+01
6.664945799590306308e+01,2.031166242866159877e+01
3.694981399004957723e+01,3.406965659802094137e+01
3.544126117308081092e+01,2.674349062733385907e+01
7.742152283207772712e+01,1.134103402636047804e+02
9.715192429104635607e+01,6.555491732948114247e+01
6.954242189307655586e+00,1.157963557081685337e+02
6.442481910847476456e+01,8.192672652778566089e+01
5.029877001062483544e+01,2.783514696972464719e+01
6.757808751081171295e+01,2.959595334651861975e+01
1.119681685943427425e+02,8.721467494150232369e+01
1.761075433105573040e+01,4.681014693011692884e+01
3.697777166409146332e+00,6.938475790009864852e+01
7.791618507849928221e+01,6.299898689722751577e+00
8.504477055360105453e+01,5.590730856220047507e+00
3.272015681911114626e+01,1.380228531486655896e+01
8.971748984746406563e+01,7.217994094987098208e+01
6.633417393630979575e+01,8.590000568656188662e+00
8.400829074204074232e+01,3.335227972170700106e+00
1.195375036724031226e+01,1.028272263653948784e+02
5.292039453213830313e+01,6.858212910491340608e+01
1.109146195310309224e+02,3.176336196542491308e+01
1.459963470647812045e+01,1.039112093064735376e+02
1.147910590672750253e+01,1.145609724582588456e+02
3.672908300245080682e+01,5.694370763269502334e+01
5.404329574809236192e+01,9.451157811101745665e+01
9.147398437619600031e+01,9.320629521789253147e+01
4.606593678411704929e+01,2.491507101884122832e+00
8.095854006807986281e+00,9.788021451084993885e+01
1.009521360334416613e+02,5.080744574483847487e+01
1.051319556879056876e+02,1.783873174200621037e+01
9.704701100111834933e+01,1.031467992232457362e+02
6.427866884552244642e+01,6.515963897682846095e+01
9.119881070111561883e+01,1.153917205601366547e+01
2.750977837591143427e+01,4.759116389899335076e+01
9.209367925531040555e+01,1.160174004913297665e+02
5.339951194601198381e+01,8.650024305821695236e+00
1.136350586632156734e+02,4.731981019851728121e+01
5.175674732476316819e+01,2.609999794051572763e+01
8.490996053370965058e+01,3.832608850116610455e+01
9.379152901994110891e+01,1.663471554877172309e+01
7.037855440005263574e+01,1.038079684596626748e+02
1.450608823517877788e+01,9.726166328446559817e+01
9.218564715650688868e+01,2.087227665162746604e+01
5.676967038387354947e+00,6.865491986636715183e+01
2.585482090186015824e+01,5.037994165187118512e+01
5.653404900806422972e+01,1.929832471132609939e+01
1.095928914812879356e+02,8.060518892653881551e+01
8.726768780007863313e+01,7.673358945145227494e+01
1.124587559729015993e+02,8.724796866916918248e+01
4.121856759283883775e+01,1.453238272795700503e+00
1.124737456642201323e+02,3.164724547227445228e+01
1.346381647871384146e+00,9.546682898225938629e+01
2.744204032627747836e+01,1.196579608704000464e+02
1.197500587844001814e+02,7.391535889943216375e+01
2.525106778899264270e+01,1.538130464444662060e+01
1.692538562871615326e+01,4.488568034123246520e+01
8.308701679533434969e+01,7.770589545502249962e+01
3.451532860672528358e+01,4.579080579962396769e+01
5.200221540108755391e+01,1.184288240441038909e+02
5.409135721669413499e+01,7.305554331600468743e+01
1.399187212944704584e+01,1.018471574655450524e+02
1.080670451741305627e+01,5.871461361087533248e+00
7.986560895316416975e+01,1.521059672202142465e+01
8.956333061792239647e+00,5.699950229729839890e+00
7.661936043464559987e+01,8.267448701964212887e+00
3.448079364479542619e+01,6.881633294850915661e+01
7.374198787818576761e+01,7.934930630499550830e+01
4.899519946889385125e+01,1.120141841272531913e+01
1.613259516056576004e+01,1.051028838636324458e+01
1.027711411755874025e+02,8.537172588245273630e+01
1.672479028916512078e+01,1.017070581394613953e+02
1.478483886231892441e+01,8.376009009398207183e+01
4.633867440769892454e+01,2.999182830527780119e+00
3.261305756745782958e+01,8.468431666845526706e+01
5.793671965458158013e+01,9.423083120435407523e+01
8.644422304611433105e+01,6.242025756342010112e+01
1.678646318197577614e+01,1.131178198068615082e+01
4.340050480638191033e+01,2.173383528251236640e+01
7.564459561426708945e+01,2.934690264393884007e+01
8.417562092788270434e+01,2.984920128289918395e+01
3.599867179687874597e+01,8.447900443409653803e+01
6.935558577280399106e+01,8.770679534643935682e+00
3.447897358552818048e+01,5.138130902237001152e+01
5.369595686580423965e+00,1.495875484456448490e+01
1.098042588207193120e+02,1.149917842143759117e+01
1.168128104303306003e+02,3.067730448155646172e+01
1.142884899851651710e+02,7.964101381020357451e+01
5.270474360004614311e+01,9.824809876460528812e+01
9.631617882704229316e+01,9.687220116956760663e+00
8.945505367045107903e+01,4.691048912301552321e+01
5.530107842236907345e+01,1.313807349352003584e+01
1.120960405965705888e+02,8.528150383843751570e+01
9.759282286068206247e+01,4.428413248407951919e+00
1.199668734735272722e+02,7.858171185875720255e+01
8.410291922025247402e+01,1.713100538234406400e+01
9.872364144679994524e+01,4.536019114156179199e+01
3.785516465464992564e+01,3.872082591971388865e+01
8.729429379341627282e+01,1.072263846709783586e+01
2.295081762333350817e+00,9.160718578543591661e+01
3.782745221052834239e+01,5.433611244398058915e+01
1.856347853293446448e+01,1.055951833152738999e+02
1.051891103069299227e+01,3.853530286679181671e+01
9.350203479388733285e+01,1.043558604633501119e+02
1.711040341934575082e+01,1.928561005062111278e+01
8.919086676007185588e+01,5.291402435502972068e+00
8.263450231538678281e+01,3.686672450891249753e+01
5.617819529085536345e+01,7.950474180892057063e+01
9.069280642857228258e+01,3.651336139948962511e+01
1.142984849153591540e+02,7.194812177923337515e+01
5.091799092176400876e+01,8.979872567812994077e+01
5.323521913313712162e+01,9.988502054522626850e+00
8.291725056775632652e+00,1.024896071362001635e+02
7.726158685792168512e+01,3.827830792982411623e+01
9.794681079185461670e+01,8.593986600634380579e+01
5.524356677623946155e+01,9.114913243744446447e+01
6.356568547588597085e+01,8.891794162970045079e+01
1.070951413068367941e+02,7.759907461313734700e+01
1.008382928570388515e+02,4.778171563488211859e+01
5.260367706718707126e+01,1.145357693694079870e+02
7.580262248127511704e+00,9.671707144262654765e+01
6.886308950623465819e+01,7.938960531962479195e+01
9.945630836199782721e+01,2.999595741690527007e+01
7.393178282788808531e+01,3.428495657911049221e+01
1.046243058388822647e+02,9.259222178358402999e+00
2.808243800470778240e+01,1.541570977165154588e+01
9.837235449409460841e+01,4.720552443319866143e+01
1.251034769355424814e+01,2.785356270710516924e+01
3.522265177568306171e+01,2.462967984780563668e+01
1.182672096490672509e+01,8.512016271149704494e+01
1.090454365858985994e+02,2.119443759887694512e+01
7.084440716455323184e+01,1.154755671833199671e+02
3.385079056494539174e+01,3.187353954757429975e+01
6.556423493490609644e+01,2.229212247633397936e+01
5.529690962040282898e+01,4.637495638348613625e+01
1.144891519969365561e+02,9.168911700863361602e+01
6.284416030544571186e+01,4.770949035433043406e+01
1.053523402407248710e+01,8.573513584466813597e+01
7.941076343451055664e+01,7.639970708959421586e+01
1.116881426986473969e+02,9.357573547594874697e+01
3.127725341409311000e+01,1.005861442032170601e+02
8.798127725167037738e+01,6.571510572450721099e+01
4.432662187524689301e+01,7.074417603781414243e+01
1.085347885750814640e+02,1.162740032988704684e+02
9.409840262965201418e+01,8.543300420596935396e+01
7.307761190909671711e+01,4.604151059972729598e+01
4.903467472407426442e+01,6.057725048462619810e+01
7.809787311459838577e+01,1.139055436628433569e+02
3.697786959498798609e+01,3.428853900986485570e+01
4.879348773463163269e+01,1.113928074562886223e+02
8.686562363284002686e+01,5.515653261215962999e+01
7.429752940971755493e+01,2.576746473045066210e-01
1.091444069196000441e+02,1.285034882242235810e+01
7.378391440724678318e+01,5.211152052164233339e+01
4.154406691736107149e+01,6.830439690212625692e+01
3.785554777104711377e+01,3.509424655170871432e+01
7.890502747987088128e+01,1.124766614292825153e+02
8.065648071102593519e+01,1.137414921445936358e+02
9.417031363583933512e+01,3.336030020106282734e+01
7.115662021964530481e+01,4.080699221190273107e+01
1.024764056406193617e+02,3.319797803796413405e+01
3.149271677811748305e+01,5.051906379060842056e+00
7.618941032697384230e+01,8.478295905351257034e+01
2.315844753735078498e+01,1.502166728432669274e+01
2.840564280941261543e+01,1.106026274355480581e+02
1.512682386692342895e+01,6.331095539899941826e+01
8.530858468117038740e+00,5.171828682414285794e+01
6.648091736640804328e+00,8.227409035350690658e+01
6.691563172602516829e+01,5.153963306671042233e+01
1.966604479579012121e+01,1.034772925358585809e+02
4.625113091391816056e+01,4.111012341091723243e+01
1.471261144951322564e+01,1.144325405731089518e+02
9.176310679423141892e+01,2.333480361544685522e+01
3.816773135493594538e+01,1.072331550048085802e+02
9.874235397814754833e+01,4.717742048211148642e+01
2.372215749332966794e+01,3.823066416132425616e+01
6.433761067076389395e+01,2.116665728974427196e+01
1.856052433368030918e+01,1.032655541945220250e+02
4.144342534414242607e+00,6.307228419122940011e+01
7.935281423747800034e+01,1.109207888359264302e+02
9.319126494435316488e+01,7.270083771195916711e+01
1.110126957084503658e+02,4.141778468838936078e+01
1.109414657778968376e+02,1.789671969405105045e+01
1.724953468935026279e+01,4.164511380893532078e+01
3.012221675779364816e+01,8.295660718328866778e+01
1.008511322138055561e+02,8.445589429110366098e+01
1.085538258497200843e+02,1.503479445416603610e+01
6.531902087761513087e+01,7.579132824984324657e+01
1.687190774929918291e+01,1.199502366906672819e+02
2.458066487683101542e+00,8.925407394029760155e+01
4.411029503089201853e+01,8.274567035415778093e+01
3.711629371160999824e+01,1.042166620613628538e+02
8.464518502902294017e+00,3.961669312950127875e+01
2.716254900345894185e+01,1.206042151542506247e+01
1.181496748768387448e+02,2.263055834707677150e+01
8.905552126014778480e+01,3.057893299350226002e+01
1.985737017768816060e+00,1.120509312598237273e+02
9.400896100742895101e+01,4.629911613159074335e+01
1.761165713729411308e+01,1.180574940917521474e+02
6.999052589643925160e+01,5.631902876925929391e+00
5.911550554124864476e+01,2.250001995853734371e+01
7.729157015522278584e+01,1.048277872443661352e+02
5.161986422499500549e+01,1.063454644419791464e+02
2.494748255456838848e+01,8.663155679745893067e+00
4.336479071506007443e+01,3.688429724875956772e+00
4.773110457169460830e+01,5.084625628984377244e+01
1.274675715693100031e+01,9.765290474725551917e+01
3.254457684813768026e+01,3.988902446908292632e+01
7.501797402721646790e+01,2.293852014962936181e+01
1.572174809098609849e+01,9.462972966959678445e+01
2.132025473305871088e+01,7.786223948183152288e+01
1.139268495515197799e+02,5.281537244935596931e+01
8.542270165351455091e+01,5.729467639442076887e+01
4.831353374643510534e+01,6.376165362964187011e+01
5.075454850560210396e+00,2.689356121043375225e+01
1.073582917999812736e+02,1.025878765232179859e+02
1.147157404018433624e+02,1.107450239633370330e+02
1.169072191281337751e+02,5.931372919429487922e+01
2.733299985052890690e+01,5.787985618765934248e+01
1.454065780366332383e+01,1.959879420645829207e+00
2.271693858361204832e+01,3.520313714143394890e+00
8.922903471615846627e+01,9.483269957951702622e+01
3.039359821716882948e+01,5.547951596569965460e+01
1.181873810265025071e+02,8.559296105210007966e+01
2.803394757613731159e+01,6.644517237021996436e+01
8.207919735239242698e+01,1.745570021392300575e+01
2.972711853092571133e+01,4.668262382038858505e+01
9.715895268415201258e+01,4.232283840806649522e+01
9.496325183525860325e+01,5.051678833069094310e+01
1.118252165692770177e+02,6.480857713043209856e+01
1.008567320534578755e+02,1.068633433714656320e+02
8.022892928600307982e+01,9.249971699606884101e+01
1.743232255561612121e+01,3.146579703259778071e+01
8.134838562418536867e+01,1.893883874643180576e+01
5.964827025349055845e+01,3.062029176910699135e+01
7.593741123229811762e+01,3.475064119879429825e+01
6.617206749204174798e+01,1.169928025464969323e+02
1.095022992857199995e+02,7.522432204957617330e+01
3.275544686853564968e+01,3.405819723779111996e+01
3.903028804079118430e+01,9.788911622144387081e+01
1.099764705273580887e+02,1.078602947721038561e+02
1.182423701851608797e+02,5.020213385080679558e+01
5.573747452462094998e+01,2.411826344270175326e+01
6.957734031060076063e+01,1.173891716978780835e+02
8.847331864988152006e+01,9.784358980636500291e+01
1.082476328060862016e+02,5.244787427974267047e+01
3.243543464818618105e+01,4.128076460324798092e+01
5.378410128600057760e+01,4.422515846386304617e+01
1.710375710504482072e+01,6.075508032795453062e+01
1.196876390294034849e+02,3.795975917045049641e+01
7.506358521565574904e+01,7.442120343644229763e+01
9.544136345670581889e+00,6.213569435392320983e+00
9.730087207135015603e+01,2.024385910024511759e+01
9.014081448215222281e+01,9.398365506893344445e+01
3.719903290212629088e+01,8.633867692978112984e+01
1.112304724240707543e+02,1.605650464319967341e+01
7.802323170035829492e+01,9.166550124430818869e+01
7.396771966625867378e+01,5.095849758561081799e+00
3.160390456711235174e+01,5.550831822423396567e+00
1.324570302578839787e+01,8.445075749586317215e+01
2.865474183172333156e+01,6.476099073850504340e+01
4.756209892576954701e+01,1.234907835547853772e+00
4.014014687627057754e+01,7.503235117338327598e+01
6.692967449232267541e+01,8.332218585600242022e+01
2.593896905097873429e+01,3.850960506934096372e+01
2.980562496327911504e+01,8.389151497513445577e+01
7.850534056900286828e+01,1.049868131864515561e+02
4.991375504701602495e+01,8.122873258709176980e+01
3.819255392098148860e+01,5.592806865100853031e+01
8.289295164152402151e+01,7.663416056928190301e+01
1.163842304663627800e+02,1.874361941530203168e+01
5.106429503158427963e+01,1.177220015731584368e+02
8.746892007011140890e+01,2.545179067273508622e+00
3.015334333880152684e+01,6.327810821479896219e+01
1.087519217565258742e+02,1.155956891039578522e+02
1.054560720081097429e+02,8.104855366335281985e+01
5.741572876602632647e+01,9.091378668365106819e+01
1.164273292265556847e+02,9.950493257152425031e+01
5.965237482983074813e+01,1.085432762180953432e+02
1.033861899435189713e+02,7.769131776431578373e+01
6.693545062584418304e+01,1.110707336052553273e+02
8.559332295754762754e+01,2.154688080109411175e+01
2.424873996433831635e+01,5.425775843067432902e+01
3.645649649191575037e+01,6.167537169054399016e+01
3.368921628911591171e+01,8.644290104454202606e+01
2.606775159050527435e+01,1.153965852144530402e+02
1.000943241250076277e+01,8.291679612543794065e+01
9.874107336947945157e+01,2.027156317252774542e+01
3.805002177873271307e+01,6.686212001687113116e+01
7.102581037366711314e+01,4.256513024679910018e+01
9.758953122741309016e+01,6.385151910832900057e+01
8.480164830200558868e+01,6.751216693211635800e+01
6.345783935717168589e+00,7.522286625583851105e+01
3.738287673028450797e+01,8.588764132408111607e+01
1.182982623925972661e+02,9.564844991263117890e+01
1.113889753022467914e+02,3.826749140884923861e+01
1.047556653451025426e+02,5.971959677509497766e+01
7.417544696949613936e+00,4.113593623437903091e+01
3.652111506599873536e+01,1.069824865482880227e+02
4.365124560766333417e+01,1.146175577256399833e+02
5.506315454404328591e+01,6.548977373398932045e+00
7.022719233864478383e+01,1.571494795475672035e+01
1.057361925440356316e+02,6.190437516114122296e+00
5.495721135694954285e+01,9.705143524170182445e+01
3.490060815981662046e+01,9.588619929566037570e+01
9.755174576628158434e+01,4.759538576372888485e+01
4.482802915987654302e+01,9.583484131401559125e+01
4.648447163254815706e+01,9.114338441027678428e+00
7.111666954863052581e+01,3.615176850614527382e+01
8.387035865018219738e+01,1.182599989817372332e+01
2.531888716324221278e+01,9.576012678134428313e+01
4.197984068567529192e+01,1.039072408860071590e+02
1.136902810386974920e+02,8.510010341599223693e+01
9.275604981470091559e+01,3.664203316860775317e+01
6.030354546676551308e+01,5.244565606092662335e+01
2.255726500854701300e+01,7.273388149751478515e+00
1.252698469827601713e+01,4.412036048038353186e+01
4.843195947585323680e+00,8.284612876632753853e+01
1.233555633438530030e+00,1.026318781518622245e+02
3.172830275547777745e+01,1.164431977577375932e+02
8.302463164615096503e+01,9.476153773039519024e+01
1.133783182436258699e+02,6.468291162863962995e+01
2.102361707790173284e+01,5.342917115204772927e+01
9.923573025472575182e+01,4.254495486114011982e+01
1.204945643888655127e+01,4.879300239321160149e+01
8.583779091269320816e+01,5.773333231815270494e+01
1.797541438962606719e+01,1.008969523481071207e+02
1.170603137392075155e+02,1.160117767611615704e+02
2.858842053740982436e+01,7.126204922792464913e+01
8.159846727923923027e+01,9.517259361306696519e+01
1.277036465015202538e+01,3.020564860486663861e+01
8.637205133318153116e+01,8.547654936695150241e+01
1.751133994457263299e+01,1.040655438903879997e+02
7.106914526788213493e+01,3.263774330657864198e+01
5.910943590613260135e+00,5.479783533715139043e+01
1.039030542971189703e+02,8.247831440424589289e+01
9.273224857889312034e+01,5.412506226511180074e+01
5.093539789890144931e+01,7.430750352013788529e+01
1.177395446631669174e+01,9.068518792544003304e+01
5.821120281257031337e+01,7.159566585864549637e+00
8.621624123039183019e+01,9.949859377527234017e+01
5.119459977779187199e+01,1.132795471711354480e+02
2.476020824694604983e+01,9.421255757245683427e+00
1.124282766596685832e+02,9.056879415271991718e+01
8.927787883933586954e+01,4.585521722309816539e+01
1.124079240435658278e+02,2.616641496630380814e+00
4.693634734636629702e+01,1.072777711692145317e+02
1.124762034890726028e+02,8.195992732541216697e+01
1.198907650397801774e+02,1.129133081077420684e+02
8.063669183146159014e+01,4.708343331103694851e+00
1.690214815506290158e+00,1.002164801717967464e+02
1.113803675704888434e+02,9.333156123228066292e+01
3.174160771408440240e+01,4.112838541732353548e+01
1.055408851491897053e+02,7.109193719993893978e+01
5.719036236282094166e+01,8.842512450333327223e+00
7.851515051958637414e+00,8.065724500101130445e+01
1.799480165147976152e+01,4.424710823553322570e+01
1.902677272678023890e+00,2.617851952059275433e+01
3.135640445566828660e+01,8.091465726309242257e+01
1.973531923489550977e+00,2.636800326226147462e+00
1.088732077607269559e+02,1.006278625473198645e+02
1.062073023304696591e+02,1.164757715135069276e+02
2.493223625021577661e+01,2.541777536005552562e+01
4.084552133758045045e+01,5.693401078433137918e+00
8.866739418816329987e+01,2.846922281046781222e+01
3.285623065887736516e+01,7.109033197260356474e+01
2.751050573920306874e+01,6.899563522503595436e+01
2.157622526616883363e+01,6.986486984723467231e+01
3.950326643317991682e+01,2.854060657749022312e+01
4.150678463378755367e+01,9.638075438113193627e+01
8.830403832334179981e+01,2.866537966098839973e+01
6.586922148151018064e+01,6.111764456171104598e+01
1.063296525510983059e+02,5.933096488880244834e+01
5.204840661627336829e+00,3.522115734527724129e+01
1.334207963185791712e+00,5.429186004877963967e+01
7.953401032723408548e+01,6.532072508906385799e+00
4.831023276537518285e+00,7.961522794177254525e+01
9.000934112776664620e+01,2.322560139427531922e+01
8.549845894461073215e+01,5.436609369919364099e+01
9.173885734248790413e+01,2.347386672358167203e+01
6.399164477205983026e+00,5.569401430329410374e+00
5.126934950684664472e+01,5.439444079775623209e+01
2.543516876983399300e+01,4.950138961495977696e+01
6.516081295662728223e+01,1.581739890216745437e+01
6.740202379799775656e+01,1.020066809755926585e+02
8.925735231920454282e+01,6.293648339093780919e+01
1.091108968062521285e+02,1.023796657828183072e+02
5.249432248999257666e+01,3.283733140415049689e+01
2.332950343144744565e+01,9.180929589211619657e+01
3.051647525060003119e+01,1.135452411437629223e+02
1.917719189209064368e+01,3.648810220008149585e+00
8.411044453985978464e+01,8.481428244460504118e+01
3.732206337181403910e+01,4.708653265044778635e+01
3.923320268456505744e+01,9.813828234428251562e+01
5.778546278307175754e+01,5.001673119725285943e+01
4.539516460806455456e+01,2.974519153426368234e+01
9.970334379920809909e+01,8.983327932612907318e+01
9.278314595915939833e+01,5.787525102119521847e+01
7.872235961794276093e+00,1.888038555726504697e+01
3.556445809297250094e+01,1.254003883038904199e+01
7.791392408270435510e+01,9.148931882172027485e+01
5.174278405588868424e+01,6.596032596663954450e+01
9.611946470045100455e+01,9.644535150318878891e+01
1.138207149034539754e+02,4.660182255447814725e+01
7.758682420666298185e+01,1.221122050091991795e+01
5.259316059532412879e+01,6.981416811206604223e+01
8.044491706479644222e+01,2.006857509699288045e+01
8.565904645766107706e+01,8.497009369377435917e+01
4.497409051220585496e+01,3.460839843439506325e+01
4.364612376845813912e+01,4.151170846049740248e+01
4.852263248381320437e+01,5.165855655068293828e+01
6.835451791891787821e+01,7.298617663436874636e+01
2.753764735843867939e+01,9.391222960405114861e+01
1.768208319544095986e+01,1.166681117191195582e+01
5.271262442650881042e+01,5.300645319177153425e+01
1.027126740462567227e+02,1.176067657262131689e+02
9.615706600964583117e+01,6.024701492001837266e+01
1.082235883069996873e+02,6.441903257136733885e+01
1.363287493442921772e+01,7.257320636803122227e+01
8.480117171579544788e+01,5.866227516561053790e+01
4.053850220339798582e+00,7.281874815026392866e+01
3.302311693924613323e+00,3.863829924033257157e+01
3.745893943812779980e+01,6.481771193129381992e+00
4.497268454591434050e+01,7.357585830318778619e+01
1.321007756802991651e+01,3.882965744137717223e+01
9.264601711224729286e+01,6.347921266579484723e+01
1.186489461029096582e+00,3.709047128098674762e+00
2.346747072918222798e+01,3.475785371450704986e+01
1.154009151583999397e+02,3.439020084220113205e+01
5.018493033393822600e+01,8.274731600675292498e+01
8.331813839225297613e+01,6.172407946840878168e+01
1.066103931887139282e+02,4.855934714168840571e+01
9.737679740702991182e+01,4.951300612893173536e+01
9.489366882776090506e+01,9.945131152809379671e+01
1.005306920818817957e+02,2.028151641888409529e+01
3.000698725828630842e+01,3.701536892406867452e+01
2.421287945601942049e+00,8.394068147012575309e+00
2.787252830114651658e+01,4.110457695880028695e+01
5.122135222905924223e+01,2.550827374380419954e+00
7.250069036849038184e+01,9.241472340478034653e+01
8.402290131274935447e+01,7.149047917216984160e+01
4.708949091883907556e+01,3.603296818021684089e+01
4.388886477115205054e+01,5.001720676921886621e+01
9.487522063887792001e+01,8.551414628135414375e+01
1.138721983198571053e+02,2.149320732719100135e+01
6.407896832871854542e+01,6.606163742593254540e+01
7.873802463473373336e+01,1.027055675318935215e+02
9.397114081334656532e+01,9.679295484235419167e+01
4.790837540462767663e+01,1.078535667512477119e+02
8.121957880944304975e+01,9.985483005628134379e+01
3.506045977201077335e+01,6.851572827030796020e+01
9.113770556733912542e+01,1.032983289223207208e+02
5.608531886003324018e+01,1.018349238587764631e+02
2.371387751404985522e+01,1.218938111675003455e+01
1.086862958089192865e+01,1.703136599733316991e+00
6.988817719147105834e+01,5.072223928909938451e+01
9.853848405212843886e+01,7.360662440034457177e+01
1.040575229485771729e+02,7.312407661635201350e+01
4.846191460273198715e+01,5.820244554848479623e+01
7.908157566722664455e+01,6.461138422976392803e+01
6.038283782891810603e+01,8.277791733569267763e+01
4.328830648614763277e+01,2.219562546097435884e+01
2.283901380493909272e+01,1.135772205786769717e+02
1.105015934945641902e+02,8.215945780459954051e+01
1.160898398301822283e+02,1.102251542837013716e+02
1.655607533240086582e+01,1.183389334290640988e+02
1.168622348683930596e+02,2.641665396953023048e+01
6.869806039068365067e+01,8.304429746482200869e+01
2.548531572221924790e+01,9.299747518812833391e+01
2.915146616436885907e+01,1.008345907368412639e+02
9.356302248140686117e+01,1.159125729204538686e+02
5.272849899190917000e+01,3.248700782064093318e+01
6.526888507478273027e+01,1.025137550711317687e+02
1.061652461119418973e+02,8.543361189359704611e+01
5.724804925723496751e+00,9.711032515741514715e+01
7.316453833242815108e+01,5.717388440401767014e+01
8.581000039587743800e+01,5.875501902513695995e+01
2.862959041669698479e+01,4.136476884589776404e+01
7.114102975415922003e+01,2.329003772006577044e+00
1.175924507721413903e+02,1.110742063009361758e+01
1.192030013041127887e+02,2.145166404146713646e+01
9.672963212000961164e+01,9.420297788632288416e+01
1.191997444998880979e+02,1.132352003040193722e+02
8.997086179722759880e+01,7.959675663938899959e+01
1.097554380962310745e+02,6.526456772737201106e+01
5.166462061489679058e+01,5.228660893171494450e+01
9.139453081085548547e+01,9.019293885951837808e+01
1.149899292045424630e+02,3.819610947468055429e+01
4.393998225306105354e+01,5.120022309172795616e+01
6.571171105723735195e+01,7.786530052342493491e+01
5.091537396010237160e+01,3.951597784081278775e+01
8.049110085465734699e+01,6.493109275035409667e+01
8.657554966798620910e+01,2.622600776805670719e+01
3.073389301438725596e+01,8.416577527717834073e+01
7.106597465419783077e+01,6.598902449389876246e+00
4.805984625006082922e+01,4.386936571645838256e+01
3.970257487425384824e+01,1.008788332806908130e+02
4.249647734138524413e+01,3.744568721939791089e+01
5.182904414547591898e+01,1.161646060613929450e+02
7.854614547131819791e+01,2.188978886981844951e+01
1.151597139268539394e+02,6.658946183433623389e+01
1.360175602604380884e+01,8.107083497175100462e+00
5.486774619072036074e+01,1.073467797160677577e+02
6.710367554583920935e+01,1.034634846611771479e+02
2.673601138136625011e+01,3.303059694846710670e+01
7.125137946685651968e+01,6.391988054859449164e+01
3.320131487945099380e-01,1.084370511905387104e+02
5.264822074492440152e+01,3.214731449079970815e+01
1.162096745570202359e+02,5.016641962248053943e+01
1.146649518053526151e+02,5.280129816924761599e+01
6.301821167294664860e+01,2.288225119771963634e+01
4.391214193377444275e+01,4.137107154743442372e+00
8.937779701922003994e+01,1.085282926644690775e+02
4.719067654131625034e+01,8.640255634125043116e+01
6.119812316500944860e+01,7.935625810187077889e+01
6.978981262924799012e+01,3.071559005413390864e+01
1.199093298486223915e+02,4.723570472509209850e+01
5.489116785966745482e+01,8.671960854164082377e+01
3.131464894381844388e+01,6.296915992573542553e+01
9.635576809023687872e+01,1.627076861054761459e+00
1.092838479305356856e+02,5.718237581368734723e+00
7.456493724089630071e+00,1.935279574221180354e+01
2.480490082321384904e+00,5.706310091817594632e+00
3.530890025873380011e+01,7.691021568126758723e+01
9.904995448778593925e+01,7.073232526430005862e+01
4.214901950700769007e+00,5.369853032358655298e+01
3.562698496082301602e+00,8.978212963087058540e+01
2.915186978220458514e+01,8.974887556918866949e+01
4.112357974887898848e+01,2.411308442891574089e+01
2.873164016570343193e+01,2.613496683053132585e+01
1.452219443120668174e+01,1.035789695230627672e+02
7.206972907374085935e+01,3.467525468119317367e+01
5.006358193856213745e+01,3.410611526413254779e+01
5.542962888945837818e+01,3.304301260469539869e+01
2.615464178581090593e+00,3.303775189201449791e+01
6.968279522225057576e+01,4.388609038314599786e+01
6.131863823568486360e+00,1.122080279542803964e+02
2.179924683629071680e+01,6.379982042218775007e+01
6.874453890049913696e+01,4.081802188694494404e+00
6.276710027366105038e+01,1.016221789942770926e+02
8.957838089805558468e+01,8.214110158053523492e+01
2.252755907609056152e+01,8.581102872549686822e+01
2.897454133810396115e+01,1.186324703358048680e+02
9.692887064552621723e+01,1.054850009412946434e+02
7.707181897763152278e+01,2.812055991300382374e+01
6.048751305939278922e+01,1.148632948431797303e+02
9.901027687978110237e+01,1.019823087952307361e+02
2.285423500207914316e+01,9.602185204261357399e+01
6.164944104091666333e+01,4.101703535103732889e+01
8.966515820865222963e+01,1.048740390926287205e+02
8.764273646328123846e+01,1.464480239975597087e+01
2.518198071856048514e+01,4.413337182162611327e+01
3.091123783825153382e+01,7.455624636077965306e+01
1.176282672709108823e+01,8.722545704991070181e+01
3.022462818841342269e+01,7.269219875346728088e+01
9.458538440213628462e+01,6.208164483146231305e+01
1.014749884912995697e+02,4.638734583828089342e+01
9.887927780866871785e+01,3.732049102844453614e+01
4.564665051014281261e+01,1.058435316514142670e+02
2.503542829160705452e+01,4.057458140924711643e+01
7.150130258763733870e+00,7.809177468622526419e+01
3.034190817411307961e+01,8.596490240714193476e+01
4.429183625666830437e+01,3.014709087164049706e+01
6.174422304337163325e+01,1.779973282234772824e+01
1.005576965586731006e+02,4.457708498195007962e+01
5.242600830270212064e+00,9.297588385064339889e+01
1.762423016069333670e+01,8.789943434313782689e+01
9.594730196301065916e+01,1.196640543778058827e+02
7.663629355666331833e+01,5.005947896092518334e+01
1.135113330982459843e+02,3.378065948682981201e+01
4.321640331502128163e+01,5.605040134659206075e+01
5.324015845512563061e+01,3.771469895043606613e+01
1.101845967843416929e+01,1.169189147167209910e+02
2.638890491401366489e+01,2.120155376380768075e+01
8.685944524706917491e+01,4.282154604336304260e+01
8.279234446189801133e+01,1.114142532124638620e+02
8.172182725531752112e+01,8.126805667234881980e+01
5.974651563698809298e+01,3.114318854302551287e+01
5.625161570353159135e+01,8.811482685280900284e+00
8.535387017398926446e+01,4.803363625263285286e+01
8.540032927283516528e+01,1.059710375712722339e+02
9.127557493811478651e+01,7.651390740529639345e+01
6.080398829871428745e+01,5.881504337671037419e+00
5.800196958493462063e+01,5.919411138916685644e+01
8.902726098863351467e+01,6.415460414549872326e+01
2.623254823799980073e+01,4.096840862913169445e+01
1.187640927316542587e+02,1.147480743958566904e+02
2.866087333469327092e+00,2.384796390109296027e+01
7.065595632339255872e+01,7.992022267708088634e+01
1.192049739572434106e+02,1.104173082964625365e+02
4.660786992785194371e+01,8.151023247052907550e+01
6.597847359762180020e+01,4.650777584900701100e+01
2.371862146412172478e+01,1.062883880720400498e+01
4.526402475123990854e+01,4.605717979678869511e+01
8.516872162427207016e+00,4.189220319972839945e+01
1.692035166841886706e+01,1.050454752846386270e+02
8.882210051105789717e+01,5.614885049115142124e+01
9.615478394733032985e+01,5.614389810828421190e+01
5.245311757803714414e+01,1.040155955578493945e+02
1.025243134278446178e+02,6.130096966721914953e+01
9.449391471721939695e+01,1.020385688527110091e+02
8.266266017259911791e+01,7.630346620435720695e+01
9.433408288463823510e+01,6.442838090400638862e+01
1.078153828645149162e+02,7.930556147431165925e+01
6.011929515991828765e+01,1.060035419763653231e+01
1.117590494532132510e+02,1.197126906898807590e+02
3.323903918563063087e+01,1.081092785817074287e+02
8.547089670148433527e+01,3.589401903633949331e+01
3.231357181897349662e+00,2.341619104966658682e+01
3.284830904676394425e+01,4.739746537336826293e+01
1.003657320562438287e+02,2.916741239585489609e+01
1.053186984760479987e+02,9.501838585015816818e+01
8.490447184602028585e+01,3.645606374157168261e+01
7.773653909434594311e+01,1.081526987463951741e+02
2.373745394301536749e+01,2.799655464813137939e+01
5.210109735126781771e+01,1.126145115407327921e+02
1.537931458588964873e+01,5.420069846860926788e+01
4.887943570977398622e+01,3.539442739998796839e+01
4.877539442349428356e+01,8.047124519189863179e+01
1.718977385347558595e+01,1.142033324819963127e+02
8.947193555816295429e+01,3.423336733796559628e+01
8.269619868604207724e+00,6.009682184190986476e+01
9.722304852377958184e+01,3.737104498290186427e+01
7.560196045528547870e+01,4.105633750646813951e+01
1.129852530799671655e+02,9.656920165168232018e+01
9.228625251173109234e+01,9.201415259252270218e+00
4.243656066553103301e+01,1.158772698199603894e+02
9.661312942181163521e+01,5.697837923975451702e+01
4.289746165722537796e+01,2.026136323671999406e+01
9.416506653534034399e+01,3.479448889402210909e+01
7.958033521230578344e+01,6.511998309675686869e+01
4.456139524147906883e+01,2.493899299031800965e+00
7.813771120286307337e+01,1.895558822869000792e+01
3.771004869740940535e+01,5.016354162923293813e+01
1.002675787793037756e+02,2.812326951623077420e+01
6.040412447683892339e+01,1.122715432815084569e+02
4.876963368451990277e+01,7.003072257133924339e-01
6.894197167449200947e+01,6.286061652591376969e+01
5.933575994604924908e+00,4.881713907142011522e+01
1.226171234223028428e+01,9.740767389482903127e+01
1.080214835187948665e+02,1.016385690047410009e+02
5.297459166755792381e+01,8.768041324150129867e+01
3.713410286237206037e+01,3.862815842494582341e+01
7.137686700560770703e+01,7.333462458642821957e+01
8.396840987352953789e+01,8.587542733012362817e+01
1.027757311656595078e+02,7.702422084149394266e+01
9.786314790107213923e+01,4.131040154475159198e+01
4.719488150843687002e+00,1.932590509974465576e+01
8.265020774433014594e+01,7.510986504047346557e+01
9.045767693299320911e+01,2.719637346957197721e+00
2.350450336206958113e+01,5.448386051628526872e+01
7.921715940058085437e+01,2.147942793075440449e+01
1.083183095231425028e+02,1.019724351206111663e+02
1.181396690300536250e+02,1.160423296096925156e+02
5.555558435818925034e+01,3.006847798641075187e+01
7.235727934199117328e+01,7.475653620100604257e+01
8.098387236635433339e+01,1.087833394122076243e+02
4.493328592610812677e+01,1.527426783104876229e+01
1.124180760743201262e+02,9.555076688069991064e+01
8.063548003889859217e+01,6.863534141625815721e+01
3.091030111897906352e+01,1.037732778595552645e+02
9.495457587794717824e+01,4.851772449251390640e+01
6.866049326135035358e+01,1.344960848400047126e+01
1.032159440489296429e+02,5.978143419047587059e+01
4.336396980877422180e+01,8.642787950938721053e+01
6.036380733481864524e+01,1.557369018945381356e+01
3.611979885483560082e+01,3.704523144435741244e+01
3.664127347763743714e+00,8.870961155457467839e+01
1.932843350198828247e+01,4.862571944670398238e+01
5.966493775439987246e+01,3.478429397607823148e+01
8.656989547087610504e+01,2.595450630555591331e+01
3.624440827980130564e+01,2.332109338035581914e+01
1.127989310160123182e+02,4.590561023207958868e+01
1.149668793808824745e+02,4.814643871794541496e+01
2.570624524008904288e+00,1.120221788352901910e+02
6.687262520995369641e+01,1.088858478621194337e+02
8.873129257538101555e+00,3.049249459617843883e+01
3.391826094423085891e+01,5.511573012239146152e+01
5.900420166125687160e+01,2.902297150376167778e+01
8.189514636494210720e+01,9.869972042677167678e+01
6.321454625090973423e+01,8.777356163648001086e+01
9.129056917728614451e+01,3.786456825597395692e+01
8.138891363489149455e+01,2.228508448689388644e+01
5.275777505703731407e+01,6.615665186592819680e+01
6.743408851039656327e+01,1.635157951359840567e+01
6.988383865675471895e+01,6.166620011032857462e+01
4.190911173224571229e+01,8.386473106037077230e+01
3.591431251762676879e+01,7.356007278981547870e+01
9.419088129703884249e+01,1.056218915486849852e+01
7.587350430057993833e+01,6.155544699537387032e+01
3.880788079073385077e+00,8.353606243636222928e+01
5.199961575422505433e+01,1.584131643210220730e+01
7.978730163353093019e+01,1.098143312362540058e+01
7.512305483540981932e+00,7.626910864675078017e+01
2.451817762958904012e+01,1.002294773433723805e+02
1.054124998379672746e+02,6.152915617979490825e+00
1.034995586819738023e+00,1.070152063066122139e+02
6.803894482044256620e+01,2.631435302472517890e+00
1.150364146381180603e+02,6.443488962665134068e+01
1.014781233753980700e+02,9.129889667882027027e+01
8.858423290320827448e+01,1.595821773937173305e+01
1.019437703559476631e+02,5.802496115695979739e+01
2.150834949585086164e+01,8.345807263735449055e+01
1.538846424535451618e+01,2.289378081304385049e+01
6.206521157181267512e+01,9.771704092310076817e+01
5.846872531188061828e+01,5.282212675045416006e+01
8.522907830093160442e+01,9.167016047671781109e+01
7.464781446009237698e+01,9.574408693316858887e+01
3.367101427188887186e+01,8.338342738884074379e+01
1.990916881452434595e+01,1.289412552977090343e+01
1.051140657430420191e+02,9.648448028723241521e+01
1.044912573954716066e+02,5.650227451597320538e+01
9.054193945307247304e+01,1.162072468924607449e+02
8.224000272695379010e+01,2.538746204931983996e+01
9.734353800674035995e+01,7.307359472884755291e+01
2.966101402704822121e+01,5.150676464249416142e+01
9.796603275506677733e+01,5.872233193885182345e+01
3.597571214193145295e+01,5.041409454089296105e+01
7.845173908163525311e+01,7.920335010175820756e+00
2.326260607761595622e+01,8.074551008587877732e+01
6.201316003099861263e+01,5.259267700849285632e+01
8.517107031881387513e+01,1.199881112778306971e+02
6.406303218385735931e+01,7.836734900568529838e+01
6.543704617142377344e+01,6.814394640841993578e+01
3.376204862686790165e+01,1.160160057060747647e+02
1.600620016634650611e+01,2.983492057379952911e+01
1.083612128094388005e+01,6.534840662430423208e+01
8.306064133652699866e+01,1.019066263925823250e+02
6.279558459650741042e+01,9.168394475569768076e+01
1.177514748859472888e+02,4.982182426655820251e+01
3.211784045438720625e+01,1.662946051297957695e+00
6.539842880508413714e+01,9.973821208166607732e+01
6.852370798043629918e+01,6.450207582563014519e+00
1.547563392542937066e+01,9.509004038286546745e+01
7.854637161804345169e+01,1.567443468984403232e+01
1.056662504431803598e+02,1.684055155561104655e+01
5.940484483639374957e+01,4.606515648784963446e+01
1.271377289341187655e+01,5.334510559737594093e+01
8.916545737010393680e+01,8.192104106299328237e+01
1.085841074053013777e+01,1.057591549110990030e+02
1.139893479551904392e+02,1.195936344792079922e+02
4.803272465124489088e+01,8.299542871060508276e+01
7.246709564820402250e+01,6.335049746747218080e+01
7.670129269154836038e+01,9.749964281577004499e+01
5.370513821892198081e+01,1.005927291008954967e+02
1.352120654009615563e+01,7.748498712619625906e+01
6.529918126276149337e+01,9.511957858661093113e+00
2.757861277727180394e+01,4.945567591979763478e+01
1.106097747717998203e+02,9.270815994841207441e+01
4.339544212894803366e+01,9.068527334119565353e+01
2.517788764900374332e+01,9.582542634316956764e+01
9.796352577107406034e+01,1.151201201933308624e+02
5.965334692990964527e+00,3.038801692042363278e+00
4.133162988359758572e+01,1.074675485916382058e+02
4.774207770549833185e+01,9.420279551273746677e+01
4.286445030179653770e+01,1.042182790682347502e+02
1.303287719342957729e+01,1.003291825331211840e+02
8.113506048260168768e+01,2.867754923934257150e+01
8.138687647504796985e+01,3.273533298740913722e+01
8.174576691804765005e+01,1.065753134931639465e+02
1.104539118136459166e+02,2.463429416787398551e+01
3.117099438923182930e+01,5.422327667539582308e+01
7.421863374208206210e+01,3.153529782171933604e+01
4.344644165390425883e+01,1.142642297369596918e+02
2.868153619246849928e+01,1.041655784492742782e+02
2.695061155180338730e+01,9.976040698453734024e+01
6.232402456288912163e+01,7.360691346206029095e+01
4.807404898602264609e+01,5.308624840798791666e+01
6.063245368672009761e+01,6.636821104286140383e+01
7.183076116558311242e+00,1.950710738997047855e+01
8.488374874890142507e+01,4.486385099783602470e+01
1.089519028990727207e+02,5.789880424680130488e+01
2.078094612107795314e+01,6.430870922083909136e+01
9.581694909057075904e+01,7.570155903217187188e+01
8.720350079119569386e+01,6.015462193874763130e+01
1.171166615504507575e+02,8.282877143063731751e+01
9.105205333774848953e+01,2.220968870526957062e+01
7.390374236490350768e+01,1.159972007279707356e+02
7.240464891885032728e+01,5.826239878134505545e+01
9.465102550862583541e+01,6.171516918223722570e+01
1.094556703885386924e+02,2.444483396194322111e+01
6.517174999352613440e+01,6.980595849750433501e+01
3.082235136890276195e+01,7.700130019485587241e+01
6.491683479076175445e+01,7.888681426125049256e+01
1.155120391125615953e+01,2.941174848735126446e+01
1.068915457325059890e+02,8.205568185510459500e+01
9.543233320466434577e+00,2.936762079378602763e+01
1.769546713538021976e+01,4.619882485583632814e+01
8.479315168671912772e+01,1.225263989548663446e+01
1.024684755536528229e+02,9.520419019793253312e+01
1.196822361424136290e+02,8.818951664512395539e+00
1.062887689659561659e+02,5.486352197223134652e+01
9.021514854578786924e+01,7.561035605460837417e+01
6.135852349528471450e+01,4.819341686207530273e+01
3.097723677233804906e+01,1.107605577742008194e+02
1.913734572893476482e+01,9.441215574662018639e+01
1.117624819359782151e+02,7.917182019525128567e+01
1.781342687387958179e+01,6.403711722546080409e+01
8.890698153739154463e+01,8.489123165503674784e+01
1.520748196995253210e+01,1.124884400395119570e+02
5.910214217538955950e+01,1.543767617744836507e+01
7.499612118303906527e+01,4.439461991834885168e+01
3.206078698400048665e+01,4.169025899055682061e+01
4.046683025854171234e+01,4.523011751232671429e+01
6.002900022756467990e+01,3.223682925097217655e+00
2.919128493672416624e+01,7.389618467254335243e+00
5.099067538491911478e+01,3.981405786456770812e+01
2.700574951673815605e+01,8.468946659441269276e+01
6.194380768385449443e+01,1.836167907466088423e+01
1.085158702951397345e+02,9.195601387018477624e+01
6.219565371046072499e+01,1.138846156708451929e+02
9.248373955627076271e+01,5.327302569935752530e+01
3.573888761931846858e+01,5.174085251018567533e+00
5.918932288252012341e+00,4.447211717315454393e+01
5.242243965602121136e+01,8.611590410255888628e+01
1.024043166985437523e+02,4.166965392602897822e+01
1.066852271353044301e+01,1.764106347497267357e+00
7.685258936406472685e+01,7.982020436290460097e-01
5.923986925545568027e+01,4.712074919748039292e+01
4.851822873755018151e+01,1.734995834625548738e+01
3.494271620361074326e+01,7.290694376151873257e+01
6.462600195964864724e+01,9.339373511944739903e+01
4.532405828466292697e+00,6.758172210487406062e+01
7.623983790886300937e+01,1.103013417792370277e+01
1.172747588037494779e+02,3.730090862893521830e+01
9.502899896233483901e+01,8.366852297275659112e+01
8.167897129341142204e+01,2.963740521304472608e+01
1.920623242279826393e+00,6.650916552422549444e+01
2.615565223202986900e+00,2.449478696505291708e+01
1.142741174818763028e+02,8.439058731062469576e+01
9.641215164532317772e+01,5.445742154866953655e+01
6.533885210322876169e+00,1.108732614502634277e+02
8.767139053353716349e+01,6.117079504820975444e+01
1.011040525025378756e+01,7.072595737060969334e+00
6.470347349790457336e+00,1.798308159131195794e+01
5.025058643862158902e+01,8.731805169122178256e+01
9.594155196431555055e+01,3.562109528460175767e+01
1.278668093001460448e+00,8.642536043570485660e+00
1.630994993540390681e+01,8.458818127783273155e+01
7.473886280418970962e+00,5.214080879141674529e+01
3.377078897970426397e+01,8.060807544591021667e+01
2.633908042466089938e+01,7.402941686337378258e+01
3.344772454933799111e+01,4.006650444871193173e+01
2.497524337253592464e+01,7.711433183271743985e+01
2.577416553244905373e+01,1.164867656083115151e+02
3.860918981523033722e+01,7.319952763254261185e+01
1.091474902539536913e+02,4.885960362096854936e+01
1.034427757331228577e+02,1.595990139925972073e+01
1.099064173023523239e+02,5.304046887575649549e+01
8.761200815867186975e+01,6.558381708060136361e+01
6.345892802954007550e+01,1.029651443212449209e+02
2.351464122352780350e+01,4.873942161495210534e+00
3.399042749991109957e+01,4.708693919191570387e+01
7.291385498787748531e+01,1.034488436915737992e+02
3.020593668697561895e+01,8.505662393900739460e+01
1.810568036280089643e+01,9.206950951558550855e+01
1.037966395866775713e+02,2.181777173523530422e+01
6.696422922827646573e+01,7.729972374442321836e+01
9.204582358922372975e+01,4.227995447325764644e+01
2.652307723492559077e+01,1.059428978623665785e+02
9.459430157410646700e+01,2.530698766901491581e+01
9.391482904745528515e+01,2.258497790080693335e+01
7.024897143433430813e+01,1.004382787287235743e+02
8.826331303429211061e+01,8.418743455247872021e+01
4.701372815044867082e+01,5.824436751588009287e+01
6.447662206182771527e+00,3.451820325393040179e+00
1.118081680094436621e+02,1.429388379872631454e+00
2.753951952177538232e+01,1.139282109738132789e+02
7.136638929636289674e+01,1.125243446900551731e+02
9.202595293724520786e+01,1.448837718407022024e+01
8.432776993231713902e+01,8.336444790749337130e+01
6.552039720457742078e+01,7.624015125826311134e-01
9.200981561929684460e+01,3.484236784938238429e+01
8.423984801674698986e+01,1.252755117824600362e+01
1.377523789245359787e+01,6.853197091668381802e+01
2.337707787643307711e+01,6.062765438085335035e+01
5.287297514729307579e+01,7.972613658410354631e+00
1.346553871940923131e+00,7.850567781615659158e+01
6.818342350458533474e+01,1.095587971339063813e+02
7.050002931793893879e+01,1.065663405243284956e+02
1.853737453594849782e+01,7.177795532687605373e+01
3.869446023826166225e+01,8.622265884769777244e+01
1.762718574456284770e+01,4.949966294581740556e+01
8.602067208619456551e+01,2.627168166783298631e+01
4.756144072095296593e+01,1.625154149790700941e+01
1.158916267438492156e+02,5.507033564556332550e+01
3.006404598824111574e+01,6.129505687443769091e+01
5.706986838414459839e+01,4.076591137911451312e+01
8.060566919079288084e+01,6.105125827291970353e+01
6.103164763814603333e+01,1.011839560611871605e+02
1.109027641142946834e+02,8.609450470520420140e+01
6.668908773935203271e+01,5.833612640906488167e+01
5.024465602539023301e+00,8.019706476200241241e+01
6.570206483321686619e+01,6.905818602531920192e+01
1.034723115184730204e+02,4.208768428894958902e+01
6.683931182595384257e+01,2.226254719490906453e+01
1.550162564721755842e+01,4.386113978711805572e+01
1.888034280810599341e+01,2.324724801654109640e+01
4.806208207728003856e+01,1.164551721796468229e+02
1.277849736798017943e+00,4.207200212195343170e+01
5.363685770769519934e+01,1.127199548586085314e+02
4.766683650021237639e+01,5.331550007291642146e+01
7.313474476412373804e-01,7.853449007158791062e+01
3.216047140222426037e+01,1.126912435469559313e+02
1.096760794609134706e+02,1.027811076398670025e+02
8.176903066476461390e+01,1.103413666305559246e+02
3.870624832970155182e+01,5.126166364005236176e+01
2.243854400499817459e+01,7.192643382445497480e+01
7.999905907993829146e+01,8.130975706716850482e+01
4.108325232526487980e+01,7.001928719582610938e+01
7.435534434377779611e+00,8.725364543527039984e+01
6.162418780526228090e+01,1.686257873138672636e+01
4.501837610390064981e+01,8.543174512381948205e+01
3.379378394901294769e+01,5.237493794642386291e+01
1.051810912460643550e+02,4.120263675873984965e+01
3.422364977057945623e+01,4.991036494803301338e+01
1.045430433590269672e+02,1.064201195765821950e+02
5.064464962448808905e+01,1.215338081241334933e+01
1.231539675186196092e+01,1.158812857575398283e+02
2.603302016722241774e+01,9.970961064185860323e+01
3.021018610366020596e+01,4.550459170376795726e+01
5.745916686077266178e+01,8.377994532136774808e+01
7.234120756800450636e+01,2.026949648352791655e+01
1.007785827099567655e+00,3.166559581187506112e+01
1.040137801964089022e+02,6.111426128332149688e+01
1.571180373888560133e+01,5.405720295808900744e+01
1.821349919684555374e+01,6.587667982850633486e+00
3.822485546762800368e+01,1.143044747999980899e+02
7.195095142193777349e+01,8.766401340745376558e+01
1.766469087843635322e+01,4.551421852970035786e+01
6.954705640584131210e+00,1.000190883107679412e+02
8.254242740494630937e+01,5.248651958104166226e+01
6.036824626855706555e+01,4.961643263261214543e+01
2.177714833009332196e+01,1.770046702278096262e+01
6.037675290060784405e+00,9.723031086386932031e+01
9.796225197565142651e+00,2.995529771103889871e+01
7.042671239899847535e+01,1.193170966478617885e+02
1.521362397620026563e+01,1.443505642759230767e+00
7.644801639908664015e+01,6.776445224101946962e+01
4.520581043729452375e+01,4.065642505163452824e+01
3.049936877051398199e+01,1.024460340172626900e+02
8.103302644887472184e+01,6.434261786370734626e+01
7.688053891823884101e+01,1.088118811972827586e+02
1.122891163294394090e+02,6.808674568927512993e+00
6.574988444346826100e+01,3.039693266738338906e+01
2.911073158083683410e+01,5.353832196612874839e+01
5.440384733109932114e+01,5.029264901366713048e+01
4.993348144630873264e+01,7.294102214886746083e+01
4.476480930206279396e+01,1.431411981818002666e+01
1.172022272107570373e+01,1.227057502361330599e+01
6.558789930997224360e+01,5.234875844285020463e+01
1.084287161542955005e+02,1.106308958857519897e+01
9.298630260894601918e+01,9.020760112132769848e+01
7.965626759660486300e+01,1.231776915604815414e+01
4.209436976629479688e+01,5.546101443310248413e+01
3.840508960590929277e+00,8.578461142046602816e+00
4.278282264339936347e+01,6.283315545192265716e+01
1.462822280119649321e+01,4.343396540524265959e+01
2.012603967784163395e+00,1.693651197179308099e+01
2.079174872945411323e+01,6.077564505875935197e+01
4.569098527854209379e+01,4.722872604025653942e+01
1.125242861663566316e+02,5.610145518605595072e+01
4.338272157560956188e+00,3.914992764190298402e+01
1.753007052606037774e+01,1.027780793712541652e+02
1.004208507620940054e+02,1.165266943871606031e+02
5.722114531580921870e+00,4.794920739167070423e+01
3.153039731396526690e+01,8.718757924495625389e+01
5.597251014427843785e+01,5.340969539079192430e+01
6.990481690063391795e+01,7.293075478616454177e+01
3.801079625252966565e+01,7.531828946358086796e+01
5.935479510550406701e+01,1.114920895199529838e+01
5.679652474133878570e+01,3.374922293408621243e+01
3.096398902834561540e+01,4.014225350243498269e+01
3.659977762679191926e+01,1.055502012045560178e+02
9.948196608133112306e+01,2.919065418183981464e+00
3.767377101257502403e+01,1.024969975030493572e+02
6.228752962530140991e+01,5.851104524204068724e+01
1.006744516698226732e+02,1.121184674399951007e+02
6.910330959777374460e+01,7.778308897422695622e+01
9.336102416961026051e+01,8.327143762251110104e+01
1.059899443630386031e+02,7.297533097120053469e+01
5.577945664350866650e+01,6.541534895406670103e+01
1.088538306854708679e+02,9.373852505652119760e+01
9.605335688907889846e+01,7.390839966736929512e+01
3.709169793322679709e+00,6.344598595327043000e+01
2.761768091125425073e+01,1.827007449394859506e+01
4.105668660589390839e+01,2.057085905133273585e+01
7.336310415266339646e+01,3.434441524515335686e+01
3.474782479791719680e+01,1.432007674138059272e+01
1.043675117009150597e+02,3.354983887703841106e+01
3.322723723839599330e+01,8.587307366470659531e+01
1.124200770921290200e+02,3.125479980353374287e+01
1.177368413526202602e+02,9.756582821072463219e+01
9.780070932957350749e+00,3.226239145614246695e+01
1.012840514622546237e+02,4.210728205650101330e+01
1.097278368922425074e+02,9.592349176235173047e+01
6.538619891379386218e+01,1.125620835461509373e+01
9.652665689219524836e+01,9.401192584995567358e+01
1.687008833157512910e+01,8.741623249076980073e+01
8.275243917219849266e+01,8.892654648062462286e+01
1.195593919112513248e+02,8.558831537487466790e+01
8.855971063197750937e+01,4.006899772971480189e+01
4.383820167363012388e+01,1.059582185559508360e+01
1.168888996464342611e+01,7.018011292634527365e+01
1.498695984971343265e+01,6.845441201183383839e+01
3.857830932716219507e+01,7.158538360256504518e+01
2.886438719504220529e+01,8.601199868189901565e+01
7.472115675618753983e+01,4.112344856674913984e+01
5.037895375663535447e+01,7.474324137055866402e+01
1.070935802326640243e+02,4.973017356366862174e+01
9.835703469139322408e+01,1.155746368356361700e+02
7.309847235770970997e+01,6.061697409261989833e+01
1.164262503369936894e+02,6.430252291839120460e+01
9.566934590557220019e+01,5.670115790813605372e+01
1.101986757831504207e+02,2.553741813997921994e+01
9.667346909939982424e+01,5.342880523602995169e+01
2.942460546959966905e+01,7.409467234330520569e+01
3.010126081968098077e+01,1.091397917646932285e+02
5.759781088077136246e+01,9.178267190932317021e+01
4.892366960566526046e+01,1.168973154469454272e+02
2.400655874030272585e+01,1.062178602121684605e+02
5.980031232933344398e+01,2.923947652227783323e+01
3.630997583357147285e+00,1.131608042311567743e+02
5.505731082783374575e+01,4.837726457210658992e+01
6.227017896076916514e+01,7.574043338215948040e+01
8.203353060167908950e+01,7.397762433319785202e+01
1.429174883327292811e+01,9.678457091924182976e+01
6.725288172227709538e+01,1.101387462646879953e+02
3.845473865829166726e+01,2.469905958455329653e+01
3.110648351262035405e+01,4.683619497443318380e+01
4.348807345991896511e+01,8.617217430144182799e+01
1.514950196059254850e+01,1.080856947026722139e+02
8.862877252605744616e+01,6.011375320187966054e+00
3.081398743241026139e+01,7.632575238314078092e+01
6.237581171807162406e+01,9.194589404046240588e+01
3.255995977375869899e+01,1.043464260409662359e+02
1.937692806067645179e+01,1.070561827840877953e+02
4.667261882333744438e+01,6.917354611354498672e+01
9.206914380732230541e+01,9.895421139699435287e+01
7.600812405830637886e+01,9.846872707089224264e+01
2.442966372434555922e+01,9.807436141723768230e+01
5.996328902438699515e+01,5.408562189625776284e+01
1.134502723144013814e+01,8.990230810307139109e+01
1.107609743954677839e+02,9.754319176962715687e+01
5.459859598911926781e+01,1.377367249479318190e+01
4.260802624477011413e+00,4.421199122909535362e+01
1.084589005116057194e+02,1.772862833604079214e+01
6.101272082704041111e+01,7.832953417448287325e+00
6.800863145553327627e+01,4.522989828038959814e+01
4.885502024637354879e+01,7.761508468799971183e+01
4.172141407349349862e+01,9.937539300225671468e+01
1.170653710392000164e+02,4.548797263369734623e+01
9.615263651522400323e+01,4.545954511987923041e+01
9.412082066573645989e-01,2.534820212020381902e+01
9.495320716048888698e+01,1.187076490082307956e+01
4.836429737094236714e+01,1.642128712591444106e+00
8.503465294241581773e+01,8.971222749604091007e+01
2.417180153065861248e+01,8.185009557153709636e+01
7.076227332525633074e+01,1.556309205584106792e+01
3.551904047658916852e+01,1.174815485935817527e+01
5.537683867439578478e+01,3.317750218985365507e+01
2.389988938196745849e+01,1.900784857316515364e+00
1.711373205982264167e+01,7.778710479923270782e+01
1.266096563211600667e+01,3.061259957509108176e+01
2.396627255082529473e+01,4.986964743050373272e+01
1.023105267706000348e+02,1.182660630405124813e+01
1.677467948727122682e+00,9.962593292481690810e+01
1.689201131379053678e+01,8.094409921917842610e+01
8.879077927667692904e+01,6.028088306824150067e+01
9.233861834648961064e+01,3.120191364038102577e+01
5.661526757241371399e+01,9.145782136699642706e+01
8.874146125337585289e+00,8.306479347225766219e+01
1.139592347805873374e+02,7.709066683857055580e+01
1.145668094941417969e+01,7.298941026615943883e+01
8.726182703209593683e+01,1.136995670384100379e+02
5.640744224179464084e+01,6.899266857728161995e+01
6.889638873157443300e+01,1.423822491050778183e+01
7.347020252528220396e+01,1.305113021037772825e+01
3.722574777591135131e+01,6.698695650892089759e+01
7.711362139711323493e+01,2.072870013553125190e+01
1.065638442011593554e+02,6.564306793506392523e+01
1.022370846907075475e+02,8.735932735387845582e+01
6.897868176232117321e+01,1.018634814179812054e+01
6.427277585911417646e+01,5.404243156670882797e+01
4.234766619777844454e+01,2.660131969777656735e+01
5.502515669063215853e+01,9.136113210304792176e+01
8.319186703616396983e+01,2.149687370227533201e+00
9.962379745956600630e+01,5.915977739807510716e+01
6.954895031874978883e+01,7.372356257630706011e+01
7.235499625484908393e+01,9.115566031939758318e+01
5.466457510807052955e+01,2.634896319968587974e+01
8.095437912218497445e+01,2.625783525463205237e+01
9.282759770167410807e+01,1.177493382025074311e+02
7.978423178602270127e+01,2.546369145221643038e+01
1.057465793265182867e+02,1.023191121202275511e+01
9.037820595252762246e+01,6.742121798011521605e+01
9.088897224716403400e+01,1.743734670888633786e+01
7.500093219958526447e+01,9.257527709892494272e+01
4.934826668618588208e+00,7.550128215755540495e+00
1.071891859850787228e+02,8.281471799370717690e+01
3.404196095177351822e+01,8.003654915633395817e-01
7.143025744510597974e+01,1.084931594926478766e+02
8.949318588540003816e+01,1.156073793108098755e+02
1.089454030546672811e+02,2.421675865575220499e+01
6.672131167426303477e+01,2.896833091137602878e+01
2.245900073578295242e+00,7.755464091367464619e+01
9.577561716228126443e+01,9.326870713843013050e+01
7.569420906652494807e+01,5.409450966761677648e+01
9.755700224654596298e+01,3.319806046289642865e+01
7.342149284744009208e+01,1.184887526425173121e+02
1.117008991104399058e+02,1.082958163084078507e+02
9.571845954556960123e+01,1.106047628624812091e+02
2.615509676937964656e+01,2.530403972974763604e+01
4.755647142041181041e+01,2.724951902444686525e+01
3.945583420402810049e+01,9.008613593325431168e+01
9.344360604538772819e+00,1.148260328036509321e+02
2.571471728471373552e+01,1.176912378715657610e+02
5.478457218319832833e+01,7.526176926312413684e+01
1.975427063661888383e+01,6.028091485823149753e+01
4.675933060879415137e+01,4.831316895282191837e+01
5.164393067634645007e+01,3.305057659833410355e+01
8.437063334099077849e+01,1.713226936682325174e+01
6.072343899896205244e+01,1.172265524770513423e+02
9.667531478550662882e+01,8.735329781591782705e+01
6.637583899234630280e+01,3.575927477499933893e+00
4.437567691802323111e+01,5.175686428985608245e+01
1.457299913778912526e+01,5.867604034532816115e+01
4.410697389138053381e+01,1.097543148778163840e+02
1.138366076084632823e+02,5.457882596956824273e+01
1.028260851671161191e+02,9.125678554935119280e+01
1.114371346562556369e+02,7.066519733770627454e+01
5.597877919081476961e+01,6.543320928954466353e+01
2.818166597457221556e+01,1.478200618129956290e+01
2.377666536107005868e+01,4.154062868345044279e+01
2.845825400618143064e+01,6.457211582568307051e+01
2.341346361853019431e+01,1.516114768218301734e+01
1.135783440531878199e+02,6.346631881185722790e+01
2.867380519259281968e+01,1.945035949824144694e+01
9.852355703369899231e+01,4.397357031432262175e+01
4.109262187960045765e+01,9.651553572463889452e+01
7.500475632426298489e+01,2.048482417938417655e+01
1.495752722361732268e+01,3.473586662960649818e+01
7.834531345214753628e+01,9.152475612768679269e+00
9.521696107938947762e+01,6.605055638502359727e+01
1.006207890435208583e+02,5.684590093689308077e+01
4.105340225794784459e+01,1.044289549951832612e+02
6.847880704487738512e+01,2.730347467865002287e+01
2.492882542097167864e+00,1.333273790624259902e+01
4.591258605641719015e+01,1.325340474906882093e+01
4.586521254008960113e+01,4.608486926423883290e+01
1.069727803442870595e+02,2.537093002271576125e+01
1.034206698909050317e+02,4.251374517371679929e+01
4.622870753383786280e+01,2.889629153516505156e+01
1.557645711367933927e+01,3.199676513295830560e+01
3.787469733482920020e+01,1.100634194176836722e+01
8.591060111051248782e+00,5.980473844459827859e+01
1.105009073814144074e+02,8.340010771218206287e+01
8.048323644882247052e+00,9.285402308445304698e+01
1.061193446213215879e+02,4.404504720720885302e+01
9.713341487466776414e+01,5.824807700433347613e+00
2.089090143403506161e+01,1.040100171184101896e+02
5.487577198259387501e+01,3.850798138216164546e+01
9.268897413213629477e+01,1.025572812426454732e+02
7.061706611726486926e+01,1.660052913981987643e+01
4.882448714444875826e+00,9.239566865332611201e+01
5.333548778431088522e+01,7.159934497456984559e+01
6.596161439043779495e+00,7.793988253811424727e+01
9.192853344437331486e+01,5.093201851804521851e+01
7.109063714652241117e+01,7.426775601539337401e+01
8.981465346126111626e+01,1.578418461157836461e+01
2.240284232499668349e+01,1.927922363316802645e+01
5.948722290606597340e+01,9.283890788659817872e+01
1.189018454028311140e+02,2.822722863561925166e+01
9.605864263942989112e+01,3.273200989899485336e+01
4.461023170620364198e+01,9.563538617885255633e+01
3.969695885246735401e+01,4.920139998910189050e-01
3.263596235653433553e+01,1.117183115766271300e+02
4.689316690143798638e+01,2.204464829224311018e+01
9.644691245027782145e+01,1.920858069194389373e+01
4.551334770433378196e+01,1.140501444259268311e+02
1.012921625246945752e+02,1.581141450486850530e+01
2.041191733731645286e+01,7.028880651283295755e+00
2.002494785701109947e+00,9.727399488818113582e+01
4.990167677643674438e+01,5.159922888841744282e+01
9.376743668700318324e+01,3.175902521950304447e+01
7.807623411117668866e+01,4.540455442358305049e+01
5.225209982416048149e+01,2.363032737172505904e+01
4.045601589256660446e+01,6.947389781304416090e+01
9.883306348835310118e+00,1.085701413125063297e+01
1.941085033178168828e+01,1.180426875537545470e+02
1.042668765341303754e+02,1.167473735140520006e+02
6.542022037424756320e+01,9.345740085869896063e+01
6.890620751902973495e+01,5.393819983092308945e+01
3.741777625681083208e+01,4.292178268896968518e+01
5.083754339804303157e+01,1.172715633110289701e+01
8.690386546137386858e+01,8.056514100381050980e+01
2.581916308345700628e+01,5.538635219223776573e+01
5.378384018063807304e+01,1.164564067430863332e+02
7.311119245392854182e+00,4.715601060996177551e+01
6.043694041542391204e-01,3.978465794721295623e+01
6.690695221802462811e+01,1.043459448870589625e+02
9.422922126705249468e+01,1.142361493465981681e+02
4.667323109015683258e+01,1.112943499745407081e+02
6.196419157985749848e+01,2.246850767484222189e+01
9.845665783677866045e+01,1.042136113804652453e+01
7.767580863286048043e+01,5.174219515882229103e+01
5.934042208230385995e+01,1.453238485542908265e+01
8.022172837855259786e+01,3.169055459472290437e+01
1.043530704671548293e+01,3.583705336153121124e+01
9.001745485631321486e+00,8.475129472291932586e+01
1.124160511920500909e+02,1.083204290600458108e+02
1.010477414443971327e+02,1.060827111859618128e+02
4.644415153506646909e+00,7.125874397651027436e+01
1.028305074225097258e+02,7.048434217689843706e+01
8.535531742780662512e+01,7.172269964268906506e+01
7.864927886106117683e+01,9.361503473226997585e+01
2.918045781180712694e+01,8.950787835441423113e+01
4.458049869875615201e+01,1.106951760659320598e+02
8.185303592268621742e+01,8.901040347340939718e+01
1.147462353154750048e+02,8.730431362280798169e+01
7.329545959220727980e+01,5.401095654589828143e+01
3.360687529887438352e+00,1.009344253051277320e+02
9.376871776100230704e+01,2.301195466970405334e+01
6.461663175948909554e+01,1.801359131146606529e+01
1.290359446634274931e+00,9.598276308924670275e+01
5.153668344580670890e+01,1.798444674791747744e+01
9.820299962998979026e+01,3.231485902894912954e+01
4.461697881956217770e+01,9.813177927899903352e+01
1.004501151382594912e+02,4.676439927970549348e+01
8.410949346491346290e+00,6.696620935530265228e+01
5.592605526011991657e+01,2.863271300169274269e+01
2.331025196766850627e+01,4.043496178875128066e+01
8.515669623653214160e+01,1.031709896021502288e+02
9.662890756079016796e+01,1.572520488140266437e+01
4.945346456645026478e+01,9.515003157831043268e+01
6.844735379004163178e-01,3.489537606051102614e+01
5.632654270266626639e+01,5.110204537138707082e+01
8.098431833282788261e+01,8.747963775362613603e+00
8.777572406502510205e+01,1.080542860430627456e+02
1.144408146628101122e+02,7.150206504067297963e+00
3.289684004644334436e+01,5.846384447235368498e+01
1.123918532083682464e+02,8.031621387845845561e+01
3.046790523673518081e+01,1.180112764391667923e+02
3.170444970604105706e+01,6.412601885233917187e+01
6.776112054373621163e+01,7.044490680246420311e+01
1.152702976577161849e+02,2.888550412699553149e-01
7.298585550796386201e+01,8.384000882328965076e+01
9.134352907682270484e+01,9.391970599878762016e+01
4.577584049080488882e+01,4.739965793628546464e+01
1.595875690164031191e+01,6.873403208618915983e+01
1.169763460078208368e+02,9.628137078759149148e+00
2.913002589770115947e+01,1.106583983673301503e+02
6.861478417679957431e+01,1.028424593124906465e+02
4.956193406952933600e+01,2.355825343432338315e+01
1.082419143062491713e+02,6.598463385904720369e+00
4.258899324682501231e+01,1.068893171890075564e+02
2.367483092823467672e+01,1.095743374037650568e+02
6.795985386738715306e+01,6.187387694974996322e+01
5.601186370412984949e+00,1.131381197511041421e+02
1.104569382860197351e+02,6.800426459463750462e+01
1.030527332829724259e+02,6.988064119118000406e+01
2.598365954359713470e+01,8.586142263485059800e+01
5.602913631021449703e+01,9.204437718306745353e+01
3.817976707468750419e+01,1.374799987201948426e+01
4.025039372409685257e+01,7.855922193096785122e+01
4.646977659594180921e+01,1.014795287752326658e+02
7.349875535738399890e+01,1.769031857058814694e+01
1.401959275922830983e+01,9.025047033488999659e+01
8.227689830253274295e+01,4.504847482900772349e+01
1.611166299602637508e+01,3.734166459827650186e+01
7.387470439558425994e+01,2.298194080144916640e+01
1.071022978349565307e+02,3.841289084029756395e+01
1.328425393523478881e+01,1.233462507571605471e+01
1.844743174733839908e+01,7.072376298475282397e+01
5.365787036952242772e+01,1.145931581675650222e+02
1.039779759530124750e+02,7.045260934495355798e+01
6.397732609924916147e+01,4.100055182569590073e+01
6.399638372603113368e+01,1.145176050693135750e+02
9.357423482903053014e+01,4.720079752460362243e+01
4.735900416900317111e+01,6.371158369677635136e+01
9.605246343495197436e+01,3.985634968897972641e+01
4.135165177581416884e+00,6.615922937345409593e+01
9.079952830192294755e+01,8.248003271347056398e+01
4.520794764652401199e+01,1.824474387516168505e+01
7.090621336396152330e-01,1.785765292345290334e+01
6.908003871785336969e+01,1.164034003308980374e+02
1.143013643100776591e+02,1.073741830128136954e+01
8.668259641798937309e+01,3.785973641334147288e+01
5.999669147759943399e+01,3.407082866855560610e+01
1.043482769150120788e+02,1.082435511002712474e+02
1.065685727715287499e+02,8.559266894255777913e+01
3.095446156943977911e+01,1.134033340919890804e+02
9.565511278737901080e+01,2.365613781620037770e+01
1.068796617625967968e+02,3.346406722884805163e+01
3.075788672126554957e+01,1.416731615365526054e+01
2.998094635060216362e+01,6.189589248042481273e+01
1.072525872404293423e+01,6.717807315027468462e+01
3.806537668955058962e+00,7.828142959015490021e+01
5.881164959758680766e+01,7.830009768167988682e+01
2.988013540623928677e+01,4.430032650838862907e+01
7.871007851376981534e+01,5.873763740677987499e+01
3.552594381965258918e+01,8.353106076869680408e+01
6.407119835381605810e+01,3.620821856265656891e+00
1.135582732456021233e+02,8.668332420662173377e+01
8.394147864232959932e+01,6.480813939200575646e+01
6.495071914597659202e+01,2.354803587750183880e+01
4.784073889757599574e+01,1.024943461786396028e+02
1.124775837312204771e+02,7.171263225221341031e+01
3.156085921962848673e+01,2.446512652782601904e+01
3.437137057315857902e+01,9.182171697266952037e+01
3.339271553734313613e+01,3.152231918146151912e+01
1.501854535577644256e+01,9.401427539117133136e+00
9.927667044473935221e+01,1.328488618149594735e+00
9.597405302851169040e+01,4.520081012078738070e+01
7.828178821235366058e+01,7.938680809076775802e+01
5.973316716607788379e+01,8.758048011175866066e+01
8.102780456053832836e+01,1.037657846263259245e+02
8.553083236221182517e+01,5.974009535983928032e+01
1.105428372655114941e+02,1.955741514983646567e+01
7.165306017884987000e+01,7.985755951268578201e+01
1.161659358379442040e+02,6.714140557336848758e+01
1.163538553362502341e+02,8.772175527624104063e+01
6.173942747062383063e+01,2.027536114985428739e-01
9.768656201863680621e+01,8.639250139682491181e+01
2.582970808916737937e+01,8.720845374784840232e+00
3.845427910551868500e+00,1.089977656807373450e+02
3.576447578835286834e+01,9.331531511578732818e+01
1.741676945596313253e+00,6.978955732606999618e+01
3.182548602152155581e+01,9.642799079052095124e+01
9.802582810484793185e+00,1.095788271599519419e+02
5.031204701883385155e+01,9.377291242599996224e+01
3.922410692627344275e+01,8.718836974017258967e+01
4.535676917552368792e+01,2.541772993167907657e+01
2.094548049466411399e+01,7.300088573700487871e+01
4.186205095716793778e+01,3.968046090044327912e+01
6.456600149755209372e+01,1.183901923309845614e+02
2.037009250097294455e+01,4.807331017233556736e+01
1.170364127673202006e+02,9.301342890681166864e+01
3.686331917342867115e+01,1.099961725125026959e+02
1.091554755820354217e+00,2.325812921372927278e+00
2.473702439998691105e+01,5.251544867419581664e+01
2.709497944433692851e+01,8.394393959125903137e+00
1.066680640195055503e+02,2.758275558392986326e+00
4.509981006866177466e+01,1.184768491980353105e+02
3.416733531801502011e+01,7.538589940448248150e+00
3.962012932389674802e+01,8.689205835867475969e+01
9.285757016830697808e+01,2.423291432271398804e+01
1.071976536864371781e+02,1.900440632022651499e+01
1.042226740335113107e+02,6.781051997730391179e+01
6.052676471382466161e+01,1.395197373146039865e+00
7.686061303603866079e+00,7.239246341673094776e+01
8.871589022080851805e+01,8.007502008555240991e+01
9.853282598247577084e+01,8.256811522638454903e+01
3.295731781687916140e+01,9.487845488635855418e+01
1.019597232450029054e+02,2.855617550512485892e+01
1.183841001436068296e+02,4.381653281229129782e+00
3.578332287509336140e+01,1.175510170009745821e+02
2.324812659333786513e+01,2.670966810477944264e+01
4.746064920465172321e+01,5.348717219160992187e-01
9.405396846011080925e+01,6.991809641299234102e+01
1.193490311578559044e+02,1.128002296783030545e+02
8.677619239451406230e-01,1.178455401055966405e+02
9.078625172116974795e+01,5.489856108458343442e+01
4.059966644551141712e+01,8.854486918470352919e+01
1.596519243948849720e+01,5.542712278649177904e+01
2.390237062424795056e+01,1.105020813520218326e+02
1.153838238026817891e+02,9.416702908334727340e+00
9.482316934663302277e+01,1.045157313693685524e+02
1.114546763097476259e+02,5.271648577387616541e+01
6.502789124661474318e+01,6.782305500150675925e+01
1.179240960600909744e+02,4.458393348833677550e+01
1.656061082137746610e+01,2.367887331394367223e+01
7.932381136883724082e+01,7.862434951815220074e+01
1.192520097989290804e+02,5.453438484911279716e+01
2.682564904272327055e+01,5.546771285763289683e+01
4.604413850401164865e+01,2.040702907610412353e+01
8.049924816769934921e+01,3.455288494888486639e+01
1.156875932781212128e+02,6.413145298815332751e+01
4.465175198982271354e+01,3.137705179356595764e+01
9.143048354096529806e+01,6.449760324929179056e+00
1.020638040981192916e+02,5.283716292327217445e+01
6.118762539857091554e+01,8.373317112413309360e+01
4.952956969175815516e+01,8.088969055003634878e+01
3.847725296585413446e+01,9.971660939536805301e+01
6.097057881159691561e+01,1.182212663852370582e+02
3.983264264577012881e+01,6.771185322040557253e+01
6.147462454641836871e+01,7.180476746615032368e+01
6.512183095431799984e+01,3.906180511655893639e+01
5.333528787036399166e+01,6.678088728148496500e+01
1.129995278889253569e+02,3.923207766382856221e+01
6.401465503353433917e+01,4.148245307523676928e+01
7.923523265736808696e+01,5.095873723432116087e+00
9.270256806802893834e+01,1.057785111734661498e+01
2.900562186123390518e+01,6.705390968074395630e+01
1.074894841390760263e+02,3.038759833275527811e+01
2.513903713200072332e+01,5.802486170395256693e+01
2.731872697128274652e+01,6.458444505435977590e+01
9.485325076766889651e+01,4.217505174438060322e+01
2.841514585014117245e+01,2.535106949153842848e+01
5.970125624215103244e+01,7.181605795177982543e+01
5.373762571462154369e+01,3.627586800759744534e+01
8.726175446479581410e+01,6.728706279686761604e+01
1.345095019813022930e+00,1.061887069150801608e+02
4.291393050963680622e+01,1.103339366243954487e+02
3.054631570071706648e+01,8.162119636405194001e+01
7.022024783534540404e+01,2.678846550982738606e-01
9.755277711461503998e+01,1.196749994072958998e+02
3.939058574348837105e+00,6.047546099544254616e+01
9.401254777977437982e+01,5.542500795656668799e+01
6.709164133685706588e+01,1.038294865001774170e+01
8.779513482198962038e+01,6.216720928076552610e+01
1.135050280519226078e+02,7.297196458586681089e+00
7.141315982637760840e+01,8.127403774630818134e+01
3.458127855003458251e+01,1.027099455086252107e+02
1.146031371177473446e+01,1.057153676562482190e+02
2.042813965821079769e+00,6.390654065765201608e+01
6.164245184898841501e+01,9.430630192007484425e+00
5.201648606184166823e+01,1.163472038358221106e+01
1.046289744580832703e+01,4.600617424762472751e+01
5.934699221959137105e+01,3.212436148202183972e+01
3.458556355312593666e+01,9.535134871321037053e+01
4.411474623070213852e+01,2.206318695713011380e+01
6.820503308262406961e+01,1.025979545992880020e+02
9.481563162070155215e+01,1.172627354244314120e+02
3.134481242382633326e+01,2.210214657933372706e+01
4.404621417729946842e+01,9.945798490945939818e+01
6.748267432480774630e+01,3.548432326819992433e+00
3.136895024382744879e+01,9.711578283089448860e+01
8.924591338990285294e+01,1.031266076447563194e+02
1.058918964274943697e+01,8.790937999306584061e+01
5.462483359827665197e+01,9.586893815681665387e+01
1.153520800764672458e+02,1.183371904690488918e+02
6.200753903962399249e+01,8.228209694685386921e+01
1.067823479364339931e+02,6.228137541165261126e+01
1.168517096794555101e+02,1.155576173658650063e+01
1.130551326433432706e+02,8.037276797030195041e+01
1.228427439833941648e+01,3.618838302812648067e+00
1.158199117848381832e+02,1.138761382341093338e+02
4.358553035913737972e+01,8.277435620995862564e+01
3.761789733324567564e+00,9.277247443152499784e+01
4.989456810074805304e+01,3.392452116519355343e+01
9.899846025742914435e+01,1.168938670400636148e+01
6.415967680351432989e+01,3.426095451185241814e+01
2.737602807963253326e+01,3.777657811614371042e+01
4.379513498166490137e+01,7.553475103547653191e+01
1.153143695660602077e+02,3.353032271554500454e+01
9.943942144812318418e+01,1.007507360470727775e+02
6.253566685246327239e+01,4.394482248762280818e+01
1.081084933765181688e+01,9.241543708125144008e+01
1.447423654159939232e+01,6.737043557011462269e+01
1.465520934146077181e+01,2.401746600144605637e+01
9.555256484085310476e+00,8.682366809734250523e+01
7.875752915457718473e+01,1.058498922839178107e+02
9.479246362167924644e+01,2.212430427946134870e+01
9.949293122553821433e+01,8.743264831360883704e+01
1.696392316289354696e+01,1.053963981683140929e+02
4.685306269522055089e+01,9.713367436891518025e+01
5.507998719261461673e+01,4.748725835593696587e+01
3.485093442397162455e+00,7.062430478105534348e+01
3.684563285188930593e+01,4.149060154982437609e+01
7.055394914003248630e+01,1.092359206056962364e+02
6.699082048909028586e+00,1.047510946232407463e+02
8.880743719348612331e+01,4.964386659099637455e+01
6.212212955668209702e+01,1.778655054432127791e+00
4.897121310604642019e+01,5.587454423705121087e+01
3.465857168344838612e+01,1.034172210931263436e+02
1.146305105198323702e+02,1.346687796598029863e+01
1.051634748671811934e+02,9.986300995008035386e+01
8.127670135792822492e+00,4.042369642096780780e+01
3.181577833376238118e+01,2.349866709229907613e+01
1.145875178948889328e+01,5.037508765201736338e+01
2.025250286178825831e+01,5.335644073274817600e+01
7.638984353486418399e+01,5.554703789166093486e+01
5.631228647651053620e+01,6.155128652715378479e+01
8.070618015012682633e+01,9.256138406632148019e+01
5.629005607278061518e+01,6.427242248117792656e+01
9.244179349364164011e+01,2.358048678613926441e+01
3.541996292598586393e+01,1.913894296404499151e+00
6.594678850664931247e+01,5.805395410438170956e+01
7.142385305249850092e+01,6.976506386114381542e+01
4.605665851639771091e+01,9.107932595195730130e+01
1.657851227715763898e+01,1.016291493260816914e+00
1.158658769563909345e+02,3.800992430938652689e+01
9.532867522364649915e+01,6.369460374245191758e+01
1.510809847628222258e+01,1.840480126261645566e+01
1.132444305665596147e+02,8.149492166996714104e+01
1.438417026183621772e+01,1.184014235287749415e+02
5.058689360505842814e+01,8.767885187233272859e+01
1.137599378048949283e+01,1.022458825887713942e+02
8.544008813393101320e+01,7.976724632393154479e+01
1.140407218547761801e+02,2.743999298179252122e+01
6.163378200211034397e+01,9.830676116467928694e+01
3.335683225693710341e+01,1.188037977074872771e+02
9.655366550624529509e+01,5.502489888605328616e+01
7.921202091076500551e+01,7.472687606089053247e+01
7.238373473680439929e+01,8.699798867401894142e+01
6.241321144760007655e+01,3.335194581608628539e+01
1.545915245080537659e+01,7.024392303527956471e+01
8.954562681358257237e+01,5.873396505909225240e+00
1.028063684963526470e+02,7.712923746657553181e+01
1.981346331423166873e+01,5.683557105945462595e+00
1.140166111969058420e+02,1.855984565703302636e+01
1.277646927687833411e+01,1.027797986335363163e+02
5.647093765330293991e+01,1.321467763406990770e+01
8.681932028501725540e+01,7.934512984048409123e+01
7.916170827477038152e+00,4.636326645571917027e+01
1.029395082534539370e+02,7.643887917794349107e+01
1.119317077753944432e+02,1.011519030151670790e+02
6.696402722067307423e+01,9.483640234696110838e+01
1.029497001841003652e+02,8.149596421366393884e+01
9.391111864598559578e+01,3.178303271196423907e+01
2.602302429785963511e+01,3.843982628924099743e+01
3.102351109616347102e+01,5.864603919091373285e+01
8.568835187404383191e+01,1.136779496512168919e+02
1.096363257280536914e+02,9.497478758951223199e+01
1.469114539186193724e+00,8.810303546957695175e+01
4.039579084117129071e+01,5.255270513329982407e+01
5.576630458456363471e+01,2.476467536595832186e+01
7.196500239335726690e+01,2.693822671291479054e+01
1.219442782810233439e+01,9.493995243137948137e+01
7.524230601066026480e+00,9.602710529186218480e+01
1.128091870639467231e+02,3.237553264683442222e+01
5.729845936468425549e+01,4.159187041396207718e+01
9.562824704822688204e+01,7.191454902471316757e+01
7.002612118978552758e+01,1.151328435970763167e+02
5.632656455070818424e+01,3.124668754540789450e+01
7.865080989826182645e+01,2.501932207395779173e+01
5.276493139570074931e+01,8.026038047886022753e+01
1.138968217488926058e+02,6.249396918569476611e+01
2.061708583281372498e+01,7.053407351461649455e+01
4.175950879224622980e+01,8.309458820180871896e+00
7.416846900688059918e+01,8.577802280870636764e+01
1.127463866399026315e+01,1.537795913246741364e+01
1.107915251202836373e+02,3.980165044444311206e+01
6.499884712076278959e+01,4.158061826658521198e-01
3.342157481820330389e+01,3.649674900259390142e+01
3.037683321167428119e+01,1.005499725894707375e+01
2.613034378018141624e+01,7.999255417731259854e+01
3.844626564091055343e+01,1.011743613806697795e+02
1.031047851165850915e+02,1.164917188137257540e+02
3.975451306555371644e+01,8.389735330436957383e+01
9.065473747335072119e+01,1.126586664045950243e+02
7.487452485552032044e+01,1.078350984222637976e+02
4.996896257369902727e+00,5.057555350885327528e+01
4.480610609243117892e+01,1.037149813922490615e+01
2.508593594589075337e+01,4.648747442658689977e+01
2.013043386177051985e+01,3.371823176888804596e+01
5.354018659119735446e+01,2.380595910730314557e+01
7.489685558576857716e+01,8.439764454252808434e+01
3.084215992448628185e+01,9.453301176393472360e+01
8.423361297250926327e+01,3.285321276192433260e+01
3.854349139055499052e+01,1.997087711985089697e+01
8.723329296792178411e+01,4.840031976071335862e+01
4.236113642178240823e+00,6.690457472986838638e+01
1.036257887610990593e+02,8.356713135671139980e+01
3.220878689333623157e+01,7.594157446118616406e+01
4.491303090437663315e+01,6.836197492040945178e+01
6.159559827442391367e+01,5.310795537077720496e+01
5.379197383538532762e+01,1.049102506242928854e+02
3.551615203019518674e+01,2.519799398557625025e+01
7.148419647476247007e+01,4.540911794436243554e+01
2.517680719410030576e+01,2.278182987535242532e+01
6.174527401452427000e+01,1.034964798105369255e+02
9.027578704968263423e+01,6.655048887791662082e+01
7.564591413702981981e+01,4.532946357793881731e+01
4.226689540036328907e+01,6.055034830790567213e+01
7.832839013793973493e+01,4.988496186088418938e+01
9.863563510836776516e+01,5.671597529104005986e+01
9.396154253083537355e+01,1.073885130807212960e+02
9.091724119353970934e+01,1.128606837019077886e+02
8.993616443212218314e+01,8.692300062440612862e+01
8.791899145764486434e+01,6.999548905773377783e+01
1.053871039547321828e+02,1.007435265636584347e+02
9.661044540691443672e+01,8.377347370189750109e+01
8.205618544780590184e+01,6.614060930056130871e+01
2.085918883393976486e+01,4.750677110876019782e+01
7.747036142627069921e+01,1.038280228217324463e+02
6.372230801502701780e+01,1.017466725139502728e+02
2.473605900539116575e+01,7.229551630447222976e+01
2.823926634106019407e+01,8.478231510772737067e+01
2.500289555222374105e+01,2.325328270289922727e+01
1.023055176191941484e+02,3.616394856685602832e+01
7.222548682945135745e+00,1.044612423353820247e+02
3.220204902002093661e+01,3.138100578513225258e+01
7.512854571528689007e+01,7.535003037358934819e+01
8.785366943937206941e+01,3.032009967256857763e+01
1.018425773587070893e+02,1.131308725350292264e+02
3.039359797038835609e+01,9.384067881486816987e+01
1.109861235686266951e+02,7.025598550349788241e+01
1.136669083149551938e+02,9.039442845138322014e+01
3.118043825139894665e+01,4.469728006642060336e+01
1.167135022276659697e+02,3.162438599840944420e+01
7.159666074194620933e+01,4.162357848900440871e+01
4.845573348928633450e+00,5.298254287909924898e+01
4.038564857405825137e+01,8.804420968354286003e+01
1.306970614151268251e+00,2.239097862180275200e+01
1.799252307755763169e+00,4.090520478447363928e+01
3.468479964450112618e+01,4.488556501997287995e+01
1.039187001440353413e+02,8.788164865441919460e+01
1.076169456560419846e+01,5.634689928487511423e+01
5.428161272032662055e+01,1.688799040005235597e+01
5.350637770382304126e+01,1.013765954436134678e+02
2.500938711927383196e+01,8.330189659869498087e+01
1.197943577254773828e+02,1.008845639697534722e+02
6.481081853031231788e+01,1.125970262069722949e+01
2.983779596642800769e+01,8.240863572019694061e+01
1.126564301177870533e+02,4.036761152656661977e+01
1.098500296893188022e+02,5.362982384565987104e+01
4.679772411814849420e+01,9.899859751595803914e+01
8.823645906078041889e+01,3.456296985206875405e+01
8.740725037682264542e+01,8.907286348420413447e+00
4.589413683600969307e+01,1.965309189161887460e+01
1.493477523210695601e+00,9.653529215543838404e+01
2.485970664713230249e+01,7.133254045621809780e+01
1.124795488574226567e+02,1.149631026949730597e+02
2.425309054870723813e+01,8.635462961795650472e+01
2.255796994916963527e+01,1.123712152079911988e+02
8.290865755479259747e+00,9.558300131760238116e+01
4.811597823515406702e+01,1.144317864894788102e+02
8.060291236259283210e+01,3.699729370000075512e+00
4.288090764975989089e+01,6.909193485053528150e+01
1.094195773784826002e+02,4.260731569417962561e+01
6.934049936377317636e+01,1.113472275352464607e+02
9.514131134907063370e+01,2.646674704935525924e+01
9.144246201616923031e+01,4.169212678820945683e+01
6.240822045875022894e+01,4.399682125284138934e+00
9.444784696615444730e+00,5.401528731514692794e+01
3.875304188271964279e+01,1.133068143632508367e+02
4.231166085046016434e+01,1.182983627095845947e+02
5.377064337020724949e+00,7.168091094192375579e+01
5.888574755277176109e-01,1.002586628875040446e+02
9.186436553210366185e+01,9.964037787713924388e+01
1.333784805252283689e+01,6.823558010008893859e+01
1.838905309577496894e+01,3.124708322669914651e+01
4.893333216101850525e+01,2.536899967113687282e+01
1.059797278657685240e+02,6.364175031717569198e+01
4.004169849700530648e+01,1.079640791184649942e+02
7.887747339020340576e+01,3.367928054410862160e+01
7.763184851466333214e+01,3.885503145665413882e+01
5.275056094655997185e+01,6.430633146304892023e+01
5.486388182922149781e+01,2.114044366841403644e+01
1.072093723823676470e+02,9.078169711256772700e+01
1.138664070411573448e+01,1.113679856111153299e+02
3.588760713339733854e+01,3.976098179147417966e+01
5.261951908089557861e+01,4.774946589101108430e+01
1.081657013810614671e+02,4.953980976192804420e+00
7.363128220558954240e+01,9.208363602560356753e+01
1.863565419348509522e+01,5.903272217946258138e+01
5.907514678586100132e+01,4.938539712437957085e+00
5.093532495568885565e+01,1.344552933576042975e+01
9.501474042475238946e+01,6.976645849137564426e+01
9.508261420481272808e+01,6.618414665161121491e+01
8.032933764006855881e+01,1.195807204706652698e+02
6.748088145890967837e+01,1.074190750745170106e+02
2.835119991015697849e+01,6.565922229183418324e+01
9.310748795645648102e+01,5.665920013152896395e+00
1.361774336343641778e+01,3.192109238272255922e+01
2.166697443812864066e+01,7.819982434026185558e+01
1.171808280136292808e+02,4.957034651852674045e+01
7.515682155766570816e+01,2.642437229699132217e+01
1.949842195002199929e+01,7.685410711212955448e+01
6.392591756780890933e+01,9.579955560551633198e+01
7.002054659905190270e+00,8.579095167026919455e+01
3.054418491289400350e+01,1.095354717143948733e+02
8.330326850310603959e+01,1.588088769627201913e+01
9.473232584287768532e+01,4.662411135445462662e+01
8.474315605148700570e+01,8.687614968644300006e+01
1.460576651340325327e+01,4.462160796433329857e+00
9.462369960672670288e+01,3.047777943970050885e+01
8.916309548344956681e+01,1.004661019020980746e+02
1.140497134832493202e+02,1.134789454947786425e+02
7.589671610237827792e+01,1.116028546033343503e+02
1.087950963480233924e+02,4.947746764666219832e+01
4.331704931000379588e+01,8.213381183598107782e+01
1.092477538933261627e+02,5.372391895021696939e+01
4.290989021396570280e+01,5.083566451340566772e+01
1.199446745957308167e+02,1.065021164345463660e+02
4.449415176575850950e+01,6.323217352327143459e+01
9.872721096207116886e+01,1.194025812779372870e+02
6.768366518187067982e+01,4.784022434196452167e+01
7.374373716856806027e+01,5.954553857415940676e+00
1.087733945440506176e+02,2.264470448422681770e+01
2.015967418619846541e+01,5.749951010080329183e+01
5.106389928036885806e+01,6.944355692915584655e+01
7.161298305243938955e+01,4.308574427814360064e+00
1.838280002730146023e+01,8.968108183647989051e+01
1.920479624319178313e+01,5.693941052389592805e+00
4.051276668951178550e+01,9.882443355744916857e+01
6.782306986653122749e+01,4.609735004840779737e+01
6.823495456523872349e+01,1.448296975452435298e+01
6.549511199779904302e+01,1.138019104084172710e+02
5.951425392404689774e+01,1.909762929105544771e+01
6.607674747489251388e+01,8.129764521480618100e+01
1.166748378267231629e+02,1.165935583122034984e+02
1.603583298617831332e+01,3.816603129141937245e+01
1.181039898363246863e+02,5.733049864589285782e+00
4.157293863770619424e+01,2.842453886048002332e+01
1.916851299893707150e+01,1.019248902321504602e+02
1.184892380219530281e+02,4.319790974918169724e+01
7.303406286653374480e+01,1.037617096668675032e+02
6.890908766183531498e+01,7.052642962586755004e+01
8.300785575082976209e+00,4.535970839809917265e+01
5.255221045536383428e+01,1.067265227350852257e+02
5.985826975945929007e+01,5.868596986222848955e+01
1.495093397653270628e+01,7.837583961276648381e+01
2.107269540808276886e+01,6.295276725475657997e+01
8.955421990825604439e+01,7.353924846266758664e+01
7.490006270433363511e+01,3.706469184507538728e+01
1.013987679858125688e+02,7.510789280546113389e+01
2.626894447014604950e+00,7.548776286993089002e+01
4.044006485453680000e+01,1.096816031513448593e+02
1.124418682529734070e+01,2.457901289329743477e+01
1.198833310924827202e+02,6.851788875861130634e+01
1.185323780155268878e+02,9.066859577849486129e+01
4.332363231142930005e+01,7.740261328183503053e+01
9.140373101370104791e+01,1.199581978603172558e+02
9.543843355225250491e+01,1.454959486103580701e+01
1.031424847541290433e+02,9.180676242887981786e+00
1.128260562981602249e+02,5.728318402033582402e+01
4.485550641220719115e+01,8.425921590080679380e+01
1.397909324591641322e+01,8.847281676389498273e+01
5.157716061457421830e+01,3.436741690184342701e+01
3.481458137867852187e+00,1.136527828711051882e+02
1.916543829159465773e+01,4.793940262660431273e+01
5.407917697195885154e+01,7.483027411637409898e+01
8.826127661874666330e+01,1.872438740856128803e+01
3.485612139073597859e+01,1.086282987287476089e+02
6.790548807582749191e+01,8.036001226359094574e+01
1.030946587701762667e+02,4.620805830057523167e+01
2.639588842116831557e+01,3.394945409102327716e+01
1.142570591286341681e+02,1.197771924624147459e+02
8.393410116522903763e+01,7.760490083871231093e+01
6.138864092189763966e+01,7.907204704003275708e+01
4.585340190804786431e+01,9.146045970429800320e+01
4.758880963102703276e+01,6.899245102211503422e+01
7.979915287214254249e+01,5.502577768417825155e+01
2.496602293691967844e+01,1.858822733831875951e+01
9.879341853728477929e+01,1.132489288867690362e+02
1.044355221383044352e+02,6.028104960146211511e+01
1.110061983825653869e+02,1.487376192367254824e+01
8.229544120413538622e+01,2.669485284633870137e+01
6.662769595389069366e+01,2.469880097264276841e+01
4.740317359077165804e+01,2.568224791846467525e+01
1.132012532543747341e+01,4.423485182261210724e+01
6.002159627957273358e+01,2.467835951863835220e+01
3.757712441588230234e+01,9.989000289863053439e+00
5.480039296961155770e+01,1.054820312217416642e+02
1.533759196065210517e+01,3.839251324859515080e+01
1.034919664909380899e+01,7.949679894954222448e+01
6.819050692886168008e+01,3.946713253387950004e+01
6.041848778342907167e+01,2.372172259204710798e+01
3.735211412267850051e+01,1.098951851937999891e+02
5.614340217910944375e+01,5.201655049648050522e+01
9.094694403841660346e+01,1.143466741153953734e+02
6.262064562376452415e+01,1.140012533779090091e+02
8.227257752370667276e+01,1.032215903921639111e+01
2.585306369297617124e+01,1.062397697808845862e+02
6.825676795191832014e+01,6.403380826553183169e+01
2.562089229240531196e+01,8.041391071526462042e+01
4.088063486678103686e+01,3.502922192124242429e+01
2.558620679237432327e+01,3.618060494807232885e+01
1.037923761595993852e+02,5.640509684023908221e+01
3.508642549031129043e+00,8.246409906152447888e+01
4.509239467489960873e+01,7.858087918708892516e+01
6.932853995579314699e+01,4.669329471969870582e+01
9.543145411792103516e+01,5.725757582104824550e+00
1.028760900457266558e+02,6.957919896625924139e+01
1.116530939332477601e+02,8.885894317981177437e+01
4.904656613677521193e+01,7.094408804446555905e+01
1.463780222882514970e+01,8.774077537586869369e+01
8.591721396382051523e+01,1.158643953928578725e+02
2.506462623049067417e+01,3.054974569109316462e+01
9.645794723390773129e+01,4.205920517028413030e+01
1.621634639694631375e+01,3.662274645203040535e+01
4.117451163713689510e+01,1.079645466579829503e+02
8.977539046720416138e+01,6.165655137742012926e+01
3.215821283262967256e+01,3.523473227520019435e+01
9.135525799098554955e+01,7.048611704155663915e+01
1.875877990387925109e+01,1.016890520091634613e+02
1.156435267778140741e+02,1.027523448179582743e+02
3.466994514402962579e+01,8.133274416921230454e+01
1.733452459595049078e+01,5.194802473632307738e+01
9.418379368513591032e+01,2.136883029882495322e+01
1.058795368902090139e+00,4.363307613434432142e+01
1.176144788938065062e+02,3.597728391725461705e+01
1.301274833442058210e+01,1.587449756059486816e+01
9.922839610763715257e+01,1.584280741702433382e+01
2.003274130451162094e+01,3.322645570405797599e+01
3.359340874950292033e+01,9.570943038427814997e+01
3.970914266612951593e+01,4.894176897069077370e+01
2.544846227114811654e+01,1.187089008220383306e+02
1.329883391393947534e+01,6.885589038814035234e+01
1.185051752510002672e+02,6.948892565527130216e+01
4.257206492570941236e+01,6.572599342469797534e+01
7.552775408734322582e+01,3.982166451420009423e+01
3.641304731282425422e+01,2.119564733570344472e+01
7.938429069513630587e+00,3.365584698316732215e+01
8.259071047898466134e+01,4.398787014822708130e+01
8.925424881829069079e+01,1.101583727137506941e+02
5.067362182226615630e+01,1.029396624593806564e+01
3.466874235483673061e+01,6.438831636913472778e+01
8.077359261418433789e+01,8.742209392695177428e+01
8.678558628457842872e+01,1.135257507678969802e+02
1.691800155755031909e+01,1.141526854343081432e+01
1.153343886787438635e+02,5.645343895785812549e+01
1.003412923877123575e+02,5.641972564767778664e+01
3.789810396438357998e+01,6.236114778700816430e+01
5.828746644158790957e+01,6.382587977829199133e+01
7.026815297585616804e+01,1.162845736180438365e+02
2.605137343054646237e+01,7.293717630597984680e+01
6.984056601263098685e+01,5.499409762047227090e+00
4.848923116625715579e+01,2.663753975396587492e+01
6.348858909045067378e+01,6.662995957030179284e+01
3.803784458807349012e+01,1.834053363487672073e+01
4.792665298189519518e+01,3.953502013171755891e+01
6.280070711272310291e+01,3.505757979087869103e+01
1.161386055627397411e+02,6.925318592339068857e+01
6.014510343395472347e+01,3.925959209127500849e+00
2.383168403183122308e+01,3.975930207001577088e+01
2.993607821490028442e+01,9.382348913815235392e+01
9.246420063811868317e+01,8.307394547402086005e+01
9.197385754754219533e+01,4.768634067646054575e+01
5.402807679850173628e+01,3.321590848164206022e+01
8.822262187404881217e+01,7.258265859395032749e+01
1.066032900206614897e-01,6.310579983949590144e+01
4.664230732265692581e+01,6.024759526958744260e+01
1.449448839318263182e+01,7.059911470581636195e+01
2.119485312405622324e+01,1.045531314821105440e+02
5.501109702543677571e+01,5.106555768535702100e+01
5.362037109736539264e+01,1.012493974568938171e+02
5.338498065068002774e+01,1.118499063923420778e+02
9.172169775152916316e+01,1.014802308035080536e+01
8.841723474884325640e+00,8.454824281585215928e+00
7.212995358556590020e+01,6.027719110102979272e+01
7.550194649531046309e+01,8.091295306277889665e+01
1.009517003814038674e+02,7.015005935795595171e+00
8.440203183174487833e+01,9.224250454413930811e+01
1.192776070415277445e+01,4.971904227260872666e+00
1.296885220892073676e+01,4.165159888561523616e+01
8.256826912715096967e+01,4.305465365031435709e+01
5.424337003992134498e+01,1.047383759594159187e+02
7.396276865562740888e+00,1.267261843159433710e+01
3.489129202511043104e+01,7.752972005203337957e+00
1.032656595134451436e+02,2.538183792960264640e+00
1.186379844166599042e+02,5.866542387999104591e+01
6.983653150914847174e+01,7.979408620214682912e+01
5.040236297577315128e+01,9.042874763106927105e+01
4.067645686669592209e+01,2.182435790210590554e+01
9.166429552333828212e+01,8.440938230284534427e+01
4.563599108421249184e+01,5.016834951729922665e+00
2.377591199184769266e+01,4.085375367247210932e+01
8.591733088339927349e+01,7.726106358733275670e+00
7.694258495363636996e+01,7.046093907635064824e+00
3.748915002057414370e+01,9.734157384704315064e+01
1.829954971527466512e+01,2.390146094937505694e+01
1.021099145954880356e+02,6.225574834781584599e+01
9.008921868782850595e+01,1.193550818538924574e+02
2.656138326398935767e+00,9.290732454928820516e+01
3.801681518992963760e+01,2.818977715924962624e+01
7.641669966893006460e+01,6.302477168078071657e+01
4.523305211987525354e+01,1.182727132063166380e+02
9.660439813310428292e+01,4.666871457552591096e+01
7.948823003305807333e+01,1.087122278578843861e+02
3.659933034642332217e+01,4.242901877300968749e+01
2.725859770241920721e+00,5.413300247490353456e+01
8.951186058804304935e+01,6.906545836871303834e+01
4.055281422397573010e+01,6.159604270677913718e+01
4.440823472533299565e+00,5.761817716179766791e+00
1.205455359115851977e+01,1.498842510985322818e+01
3.747095765545915214e+01,1.102807090209915089e+02
1.147180793699163814e+01,2.871388260230990497e+01
9.937117468392617070e+01,5.596929261134463474e+01
4.607275355837585096e+01,5.304532524864882959e+01
3.106873112955134530e+01,2.798550346431547808e+01
6.798223237769988714e+01,5.860701221734677802e+01
5.073751133968463733e+01,5.874874490432428331e+01
1.205933919309170577e+01,6.962048500275277263e+01
1.006562367233396458e+02,1.740209513678285447e+01
1.010151877515140200e+02,5.493934397938642178e+01
1.075403848739037755e+02,2.054533843468102106e+01
1.058611317610850335e+02,1.182520477297680515e+02
3.414256942456739097e+01,3.552019908809201354e+01
3.387558452672935516e+01,2.527874419337601708e+01
5.922060289604485206e+01,2.743254437553667913e+01
9.091088434232563031e+01,4.816305499201112283e-01
5.087019312449192654e+01,3.580441287185073662e+01
8.310176183211170908e-01,1.172585005602920205e+01
8.215003604532694226e+01,4.069647033902290900e+01
5.118290337151273661e+01,7.087561283013981495e+01
5.231851484307409805e+01,7.768132533255138128e+01
8.959370802779204723e+01,4.106842675721988911e-01
4.316713548176895898e+00,5.828777248264724165e+01
7.170595472811393734e+01,1.136097257608849560e+02
3.892069130591675474e+01,5.898019073005497148e+01
7.047287782981631210e+01,1.611640907698421898e+01
6.537750984436401325e+01,8.805755632050977511e+01
3.440124382127081759e+01,2.691289227575327914e+01
2.767916760297853074e+01,6.065270756362508564e+01
2.344491853422208649e+01,1.104826594902052506e+02
2.997971571273655300e+01,1.163217042765529357e+02
9.600914995106816718e+01,3.207434214100611314e+01
1.020802145575294730e+02,2.081135207115169194e+01
6.680535975385967618e+01,7.926913716624299866e+01
3.452035172825750209e+01,3.623991938609202634e+01
1.067289976488796981e+02,5.555399264903179102e+01
7.710166258612879631e+01,4.660688586686244861e+01
3.654738913293775937e+01,9.917160589337289167e+00
1.093246860856193479e+02,3.858926307624437158e+01
6.241501596579657019e+01,9.736549741869896479e+01
1.033999244867185325e+02,3.619002218039457119e+01
5.381401037187175973e+01,6.405868074329478645e+01
5.218679045317242071e+01,8.208053075658612840e+01
1.126476188383802395e+02,6.278822586384595894e+00
1.034399751802122154e+02,9.021908616941517778e+01
7.958450559171360794e+01,8.739385039804992061e+01
4.403269631650325522e+01,3.586811477112270552e+01
1.387307161801704680e+01,5.538155525444829408e+01
5.851714367456350985e+00,1.139179785075963878e+02
2.271158317809658200e+01,4.770841846236058359e+01
5.033907565470574497e+01,7.804607225542869742e+01
6.896255847655785942e+01,2.086361843197742871e+01
7.608879536105018815e+01,9.069868700628870783e+01
2.368197099571598940e+01,3.917717938498811492e+01
2.352197275952796929e+01,6.343557251495913363e+01
5.812115725747793249e+01,1.476470073992359389e+01
1.161425323753636150e+02,1.031594912335510372e+02
7.907157072138109299e+01,1.074505462413119830e+02
1.172460973180099160e+02,6.233213068830294645e+01
1.088969541381812007e+02,6.597452827254403473e+01
4.219971110255608693e+01,7.717931597113098974e+01
4.190830411143117828e+01,3.498458766825739019e+01
1.652643732562262713e+01,5.748014745137497528e+01
6.950444128019906032e+01,3.842496663949209790e+01
9.499366792983016694e+01,6.792490862310687305e+01
5.223224970264905664e+01,9.880515440257977389e+01
4.907768965258509297e+01,6.229181847300833397e+01
6.266310887454971379e+01,6.806833465959538643e-01
1.819092722714628607e+01,2.752788599347884713e+01
3.623957538409617030e+01,3.537482095429346174e+01
2.947878427956247194e+01,7.109169903039241944e+01
1.026663459690002469e+02,6.743192576376112868e+01
5.675700547409056895e+01,3.959028841398696841e+01
5.452640347986606884e+01,8.472432390548185310e+01
8.310981730453242733e+01,5.813521511473909698e+01
8.498270052799840357e+01,1.092996294041379315e+02
1.020508259763257684e+02,3.758684065770310667e+01
1.729258219510430017e+00,5.995434360459390177e+01
3.362817477457555881e+00,1.146833110770365494e+02
3.405021176115186066e+00,5.919783558281199731e+01
2.301317053451541739e+01,1.080504655768401534e+02
8.790904775940735760e+01,2.079213591774126257e+01
8.425642316862308689e+01,8.155667127755313572e+01
7.222564107388522814e+01,4.776732144466513574e+01
6.466904768343542287e+01,4.398039268759645637e+01
6.621522648694855206e+01,8.051876077638026175e+01
1.199210713218919011e+02,8.863501694563466060e+01
8.418483217620497783e+01,7.142125079270969934e+01
1.119293885855732924e+02,1.652555699398410738e+01
3.540724658867229202e+00,2.764039820711253270e+01
6.076608278140636799e+01,2.891457784263422326e+01
5.109519519258965659e+01,6.795709796110024570e+01
3.530542817751496898e+01,1.302297830188190986e+01
8.711323390431677183e+01,5.819806567869472147e+00
6.130370762249300753e+01,2.545514318363280637e+01
9.474104960833916778e+01,7.711043918151104037e+01
9.268564039540952137e+01,1.190285997590726481e+02
6.170142485399028942e+01,8.344132702193574858e+01
8.793232902823955044e+01,5.007950333586212821e+01
2.778797613349067319e+01,2.408114335044153620e+00
3.157741721137988833e+01,5.610530597864575952e+01
6.847475573821544970e+01,5.055956411359508706e+01
2.777167625412096896e+01,3.213627821698987930e+01
5.112273012185581678e+01,5.170223676224158282e+01
6.115091334749511987e+01,8.089347080526563616e+01
1.177812871223429596e+02,8.205945104213542152e+01
4.768305406098830446e+01,1.849398663738504034e+00
7.978609765179869839e+01,8.529331463934776991e+01
5.227581449347611908e+01,4.179470978186317076e+00
4.738321583243316582e+01,1.546846624710939011e+01
2.245445734981578312e+01,9.049961542566107653e+01
1.325591135514478935e+01,2.755584603574849467e+01
5.193063290326740145e+01,7.977374856695084304e+01
2.375287727919741343e+01,2.778269477831495138e+01
8.113973338494812992e+01,7.115320215331993836e+01
1.109765708477648758e+02,9.638862572470526402e+01
4.617454101854550075e+00,5.973409293675467069e+01
2.130087424669854101e+01,6.428019924923574990e+01
9.317424873229454363e+01,5.973442582524550915e+01
3.861265004535391654e+01,1.650467989582314132e+01
5.469653463268407023e+01,1.044889112018279604e+02
3.568611880129594738e+01,9.160798889634395437e+01
9.077833754372214514e+00,6.585254097149862673e+01
8.298069539833917929e+01,2.642077707351040061e+01
1.066596970437821170e+02,1.121284385512321791e+02
4.883061081697766781e+01,1.084508243923431650e+02
3.049789146623238523e-01,7.158114669474737468e+01
4.321201330258191575e+01,6.797830180569238223e+01
4.351605479844000257e+01,9.559165790583907096e+01
6.962647291589986764e+01,1.035391704332106499e+01
7.845088576103191258e+01,8.589923972495923010e+01
7.021985675026203921e+01,1.100759866858022633e+02
2.299195292969250914e+01,5.308814254173179137e+01
7.408196496898912642e+01,8.253966935908700009e+01
8.954161320054758733e+01,1.085366332592113707e+02
3.617624375913727164e+01,9.299797352257343164e+01
2.156446478279154277e+01,1.885370611678097674e+01
6.468894669062530056e+01,2.220506580007663899e+01
9.644863965260744010e+01,6.437006262553632041e+01
3.623194213041881540e+01,1.682076871494439274e+01
1.150103792718033731e+02,1.801735075117307261e+01
8.058576236712600860e+01,6.829034284040480429e+01
6.763332008641150139e+01,6.628211195572992764e+00
4.761203828091673529e+00,4.689386970111276298e+01
3.774061852175520215e+01,1.855470822101670691e+01
2.528649913268226612e+01,2.596375432148845874e+01
1.073107878126305650e+02,4.528585277272667753e+01
1.115907696497517207e+02,6.405617614416297556e+01
6.566702379808904766e+01,9.585664458231488538e+01
9.418240286891943924e+01,3.980316782574117696e+01
7.218337314701002150e+00,1.309407395865811452e+00
8.778970246974009228e+01,7.143680364084035261e+01
3.609154748960327908e+01,1.318269971040497701e+01
1.089404160618120869e+02,2.127159790089525515e+01
9.177751711264687628e+01,4.015279443571380114e+01
6.833316555777811629e+01,9.934649726097674716e+01
3.112825408177682718e+01,6.213912610223549393e+01
3.142901581237235575e+01,3.588490584607997391e+01
7.370526804941967214e+01,1.051352744779262309e+02
5.477299103620876508e+01,3.163504649739100216e+01
5.910050656304205319e+01,8.084915380110207650e+01
4.688943540396180509e+01,1.086104170092140322e+02
3.180603848275035972e+01,2.614665572742615751e+01
1.019208622066319236e+01,1.198127090895028033e+02
5.769121567182808263e+01,1.055224014334496303e+02
9.036688436211645126e+01,6.615221328160586722e+01
4.334780992458645699e+01,1.162727668739329516e+02
3.657829363852772531e+01,1.515985963475628751e+01
4.991423076722465169e+01,4.740418189153675144e+01
1.008895468526505823e+02,8.198615848658745620e+01
3.868943017012381347e+01,6.401000864136824475e+01
3.665526478206029992e+01,9.712627290602999608e+01
5.867742811835850603e+01,6.755142380573076366e+01
8.495036394170834626e+01,1.035889469434467571e+02
4.692988662242478171e+01,5.120080878414148273e+00
4.664859224162233886e+01,1.533359659875471515e+01
7.016088399862788094e+01,8.479868486644538450e+01
1.039047775672995044e+02,3.185224374288480576e+01
5.346459102207344216e+01,9.530578073953611806e+01
2.761417603546530586e+01,9.571117888776350924e+01
1.177724411670034357e+02,3.046956678827568155e+01
1.138871881665795769e+02,6.031885532239131820e+00
1.025863610817026483e+02,5.213410758396087630e+01
1.203600033958856486e+01,1.044419740419299387e+02
1.287553634990014828e+01,8.519110961415982786e+01
1.308247286034836776e+01,9.751697080498055925e+01
1.158079699652132319e+02,7.031131932435108922e+01
1.028948380230211797e+02,2.609611058983528054e+01
1.003423110727357681e+02,2.665939414701698595e+01
3.632536047189064732e+01,5.967322870394374945e+01
1.196839040411849879e+02,5.099748981577371154e+01
6.257450564980568686e+01,9.425112319244652781e+01
1.068178240765566329e+02,7.953703083109927263e+01
2.492351573050132529e+01,7.941858083486037856e+01
1.765048536673637614e+01,6.159856039011327056e+01
6.251702110426464998e+01,1.376618352597139605e+01
9.165595319385971607e+00,6.049180131621278989e+00
4.851486487612310583e+01,6.951418734994828696e+01
3.710512396702533522e+01,6.701244247985377456e+01
7.614718567979154784e+01,1.135813249307182957e+02
3.103918977253279365e+01,1.075530323588984345e+02
6.906309222416544458e+01,1.671139709536275575e+01
2.161554447825284342e+01,6.561519928003204427e+01
2.371657272330640609e+01,6.139597014104736417e+01
8.368342106260398339e+01,7.414423625247111715e+01
1.088858325038735728e+02,7.586297846063260408e+01
6.573106624920005459e+01,9.249805447539415582e+01
3.736882635672078834e+01,5.031073162980679570e+01
9.602334367698767892e+01,5.464011668973198965e+01
6.759904276172088089e+01,4.430622783988717828e+01
4.396202560641349066e+01,5.224705805622748755e+01
2.922409491281102945e+01,4.545087745807185797e+01
8.522292427620570265e+01,8.886924759502987570e+01
3.947238921089883945e+01,4.891021655772454579e+01
1.088003577834513322e+02,9.383610759825181447e+00
4.884442941243252179e+00,1.550700839380039220e+00
9.141263558007503320e+01,1.198906984862758662e+02
7.014976845411422346e+01,3.351722646692208940e+01
6.667395034877131366e+01,1.060864938504289796e+02
1.084566500582437385e+02,3.893036407874890870e+01
1.092166597737704734e+02,2.776364414146545911e+01
3.336923265949216244e+01,1.124896266103250220e+01
9.960182574986033899e+01,2.208185964187286032e+01
3.905454599078462508e+01,8.114819779702216351e+01
6.483844305730417545e+01,1.089722137784720388e+02
9.243263334299014389e+01,5.247681691149509220e+01
9.445113042089769806e+01,7.842352914630988892e+01
6.677613086824493394e+01,7.822381301606637294e+01
6.987158235589699018e+01,7.484541945962882892e+01
9.524436919956951897e+01,9.400524334983910535e+01
2.072050010782585616e+01,3.439984040154061518e+01
8.622037092487794041e+01,5.286018757625242159e+01
3.872526278057605253e+01,1.115651105826986367e+02
2.944608309948395686e+01,1.126509792981076004e+02
1.011701168378340583e+02,7.731144726608170004e+01
9.676773834160275101e+01,5.794993612036291353e+01
6.319816307111145903e+01,4.016649320803887235e+01
4.762549785572689132e+01,1.039138741084703099e+02
1.273902623658269562e+00,6.672226995482516543e+01
9.312196436936439170e+01,1.100732764895473537e+02
1.253318986013018943e-01,5.005423355464817092e+01
4.181897480437764614e+01,9.919887390910524516e+01
9.982410353144267390e+01,7.118712916080855280e+01
1.043488566008180669e+02,5.404120816135284144e+01
6.493257640160852873e+01,6.220009239410523350e+01
4.170682749979242487e+01,4.234461471460685544e+01
1.032673627437879986e+02,3.447573427852666583e+01
3.886105169197976750e+01,2.931948679280858272e+01
1.729250255455218621e+01,1.195001491293033951e+02
1.105023947983771819e+02,1.144718408817435034e+02
5.637993079533723773e+01,1.057576255891246291e+02
8.969633454999895150e+01,1.469846694490950512e-01
6.645596939832354622e+01,7.468835470214428085e+01
4.250303711370509774e+01,1.464046233492982019e+01
1.166001395222959189e+02,9.939095766810615373e+01
1.971014620635398273e+01,1.133901400456569064e+02
1.067716420062744476e+02,5.360058265449028170e+01
5.078284631385601244e+01,4.203981948914088207e+01
1.155350339855331754e+02,8.193400116910790132e+01
4.204482162136804391e+01,8.872533040292022122e+01
2.759668503224941816e+01,9.945725070531838696e+01
6.209800813649819418e+01,9.535341289585518609e+01
1.001264564739887959e+02,1.165693220292831995e+02
5.239091199255771159e+01,2.074908081520512582e+01
3.706420369427935668e+01,1.144618646576448100e+02
8.767828689284360166e+01,7.987612559034685944e+01
6.780300857838911099e+01,7.131645354490342470e+01
1.117735875802110854e+02,5.387305972220527650e+01
3.233686179372332603e+00,2.932801799421984157e+01
9.416478409210421319e+01,1.476202592488768950e+00
8.928772228233391672e+01,1.198350625268227247e+02
6.811770620490224815e+01,2.506643844032945267e+01
1.286798643173148626e+01,1.870483261714253054e+00
1.175249923494426696e+02,8.400520561239873985e+01
8.789591393192014834e+01,2.058114746778661441e+01
2.809334188823063627e+01,1.054255345341732379e+02
1.030016666082825196e+02,7.818344708748878702e+01
1.143650651134002416e+01,9.666443000251479134e+01
9.243288080620061464e+01,6.645559410943180012e+01
2.679826316889197813e+00,5.136443058630503344e+01
6.424616085360383977e+01,9.558297949604579458e+01
3.517041535857401868e+01,5.793236961680651120e+01
8.383116394215386435e+01,7.096822379726648933e+01
3.211588894791229620e+01,6.167026145693978378e+01
8.290293555938593784e+01,1.404902323553308818e+01
4.663155701934932296e+01,4.844904955075499231e+01
4.321185939026110390e+01,4.996528459257029908e+01
6.011000695718052356e+01,4.360423464376093250e+01
8.109837504351240511e+01,2.491971412170352451e+01
2.799231209245208873e+01,9.317538132019694785e+01
3.303643556296631800e+01,6.922175257805973558e+01
5.283178651284679717e+01,7.520897521132042129e+01
1.096525803809742001e+02,7.676660477515385139e+01
6.979230470089090588e+00,1.923307614007675781e+01
2.792632229755481887e+01,8.232891967556814450e+01
2.520247231710755287e+01,1.970477465305471654e+01
4.729000468929586987e+01,4.828669887875020095e+01
1.153037406486706544e+02,1.129098626776031011e+01
9.908446907523345715e+01,5.413986520624976606e+01
9.206371500669766306e+01,9.106043776568553128e+00
4.224732086309913370e+01,1.006120897887485626e+02
9.244634910707826236e+01,7.468932903923663957e+01
8.887685938160753096e+01,5.813708086703574907e+01
1.186734075596547626e+02,5.719278315997331497e+00
1.089085320018536578e+02,5.305127403848583612e+01
1.172800199207148921e+02,1.218459830569830871e+01
4.647277706321802526e+01,4.776185918090217797e+01
4.145853351319694724e+01,4.505983124288014352e+01
9.251503368760110391e+01,5.110919926907774880e+01
4.713154288415324089e+01,9.349185430130256691e+01
7.661058381483417179e+01,2.339293585996984604e+01
4.247635101276321734e+01,1.088005849850229652e+02
3.242333371828305388e+01,1.120170595140310468e+02
6.571438194354371376e+01,5.114014722453707407e+01
9.319379860987364594e+00,1.620528214554324364e+01
4.218897325248848063e+01,9.293129270329237102e+01
1.003261975177735934e+02,7.809990554438763866e+01
8.911507167671750551e-02,1.194391392104481042e+02
3.388718269008838035e+01,1.689882896872429541e+01
5.511166580232365675e+01,5.503063028626407771e+01
4.049388446827958887e+01,1.346529218963903318e+01
1.101673360824754724e+02,1.065956110266560728e+02
7.378774703873946805e+01,2.590226086813810369e+01
3.062780731059675077e+01,8.251418085038636718e+01
8.154049933517040927e+01,3.969174929090738146e+01
4.908823614942088653e+01,2.225884822949460329e+01
5.683248838369797795e+01,1.141787431380624582e+02
4.145959246185979552e+00,1.194396656803370149e+01
8.198197586457672514e+01,9.043252986872648336e+00
1.287846599684186799e+01,1.156503571822752292e+02
3.480822998749147956e+01,1.071651941736387954e+02
1.649626916482878158e+01,1.969247806231706832e+01
7.251644605488459661e+01,1.181671551623443435e+02
3.053692079588223152e+01,4.268977685381409870e+00
9.431826898977308815e+01,4.160885903319977430e-01
7.370294067070136634e+01,7.822943959711342643e+01
1.122518628197596513e+02,1.162164744662800615e+02
4.169859362708128181e+00,2.497661552036893440e+01
5.511534916092437442e+01,1.790280794860912295e+01
7.267459268920097770e+01,1.197718188975884175e+02
2.205183976368562071e+01,1.355281632689185756e+01
3.925835104556227861e+00,1.087585177856034448e+02
2.771147373468889619e+00,7.361790665187608340e+01
3.769961288475265349e-01,1.051506454127802499e+02
9.628921617065280714e+01,1.023917728521437027e+02
4.141184150469668879e+01,2.534524613990475217e+01
2.699616375874594709e+01,7.906098640715160286e+01
9.049805486646418728e+01,9.729139441843319958e+01
9.291174047534795477e+01,6.280625954316116122e+01
4.290142197597007367e+01,8.361697714617054089e+01
8.403420274602058271e+01,1.084921869912014216e+02
1.067074509029665847e+02,1.133140314560776218e+01
5.209637992095414205e+01,6.273478694342635009e+01
5.461835822227142501e+01,5.689749128510549525e+01
1.158430550586439409e+02,2.723956134068431112e+01
9.919780901925000194e+01,1.536654652987305170e+01
2.101525309012802722e+01,2.688122527515301385e+01
2.628316258537700634e+01,2.285501709729474840e+01
7.732024006909661296e+00,1.081048014841092879e+02
8.352294536602657615e+01,4.887564054892357746e+01
3.257791288500319382e+01,5.149061725511930376e+01
8.250825736682804745e+01,1.036130798790721883e+02
6.537122078244617285e+01,7.009952605132511394e+01
7.000662471549657084e+01,7.215265657735540117e+01
4.451049490242826323e+01,6.697157644420070710e+01
5.140784112322591426e+01,2.531023215204230681e+01
4.285040908663223291e+01,5.230185919974773867e+01
2.321781349678981954e+01,8.828655412928257817e+01
4.664247092072394452e+01,8.925163562542148554e+01
1.050215732867852836e+01,8.049976337861185982e+01
8.778316910906826820e+01,2.732364723059534128e+01
2.450229905468647473e+01,1.028918910187784803e+02
5.663543313055108541e+01,7.185554170708827826e+01
1.981710160746342453e+01,1.688472755647854839e+01
6.378538744783508463e+00,1.146821946208711722e+02
1.074142778805259439e+02,6.808984268350288005e+01
3.058356942468266837e+01,6.713244173816116245e+01
8.696210354701698009e+01,4.576279555363066009e+01
6.200069486734203217e+00,4.541615550568822712e-01
7.606049350130096798e+01,7.407194020014954106e+01
3.156433976551502951e+01,5.712169678745849666e+01
1.372759652364008431e+00,3.288044275004465788e+01
1.192372413867126824e+02,6.382827461386271040e+01
1.069487310401268161e+02,6.874112859346072923e+01
9.712374797331349896e+01,3.648235876107473530e+01
8.279899787775596565e+01,8.873568903785651685e+01
1.443724066843408949e+01,1.272916964261154860e+01
4.084152489051429136e+00,2.395529019553915262e+01
8.678931143146638760e+01,9.014961178878651538e+01
5.671242900839983392e+00,2.989637881824410570e+01
5.560184119135498371e+00,1.033979738236988624e+02
5.082034354708231660e+01,6.209195853942234322e+01
3.150233663191516342e+01,1.171844186308015345e+01
5.941614070532068581e+00,6.902613300492950543e+01
5.316183195743323608e+01,3.602857445483142840e+01
1.739313785535418333e+01,9.110376406087848977e+01
5.691292333537048620e+01,9.953250469487400665e+01
1.015873145414134981e+01,2.350899979539083162e+01
3.064052292943362943e+01,4.638292746794719790e+01
6.754177547727050523e+01,4.801643484365607151e+01
8.756982292056432016e+01,1.079542243311046548e+02
1.995362158951521536e+01,2.824911604800321996e+01
5.614863012226248884e+01,1.046034468170696812e+02
4.637441128946109359e+01,9.570770218597733958e+01
9.962337772587170548e+01,1.140597896319411433e+02
3.470037397252647082e+01,1.193987470673335736e+02
4.717509874410299453e+00,6.476584981236138105e+01
4.658960413065870654e+01,4.805722479715596052e+01
4.680572699393366065e+01,2.121485743204986107e+01
5.608518923560684755e+01,4.614964384398165009e+01
1.137156826862141941e+02,4.584470267558788947e+01
9.340974233917137326e+01,7.921072897940372570e+01
7.219855145253124817e+01,8.007128079207220139e+01
7.341777880279239810e+01,9.937440452214045195e+01
5.057522363214054195e+01,1.050287485261056162e+02
2.349151618285379683e+01,4.067585544335743464e+01
3.789208627484213565e+01,3.245061178240044342e+01
5.376125431724977943e+01,9.703785118207230198e+01
5.244647778741513378e+01,2.700337910882165815e+01
4.301877103767986910e+01,3.551231525000281408e+01
2.037416382377587354e+01,7.185771441096416368e+01
3.410526273493061922e+01,1.098264842452698815e+02
1.041821735816611749e+01,3.669223608733656761e+01
7.778218596086729519e+01,3.254049352425263919e+01
4.504760669817801499e+01,7.592843529869038832e+01
9.210724642326735534e+01,9.486315343595951788e+01
1.033088329627863828e+02,6.280212479513311763e+01
4.426173891844459973e+01,1.126544943872063698e+02
4.325307954968472046e+01,2.194288427733361857e+00
1.463001268338892658e-01,1.534221683924946511e+01
1.090661274363756661e+02,1.156434103429804452e+02
5.837744740091303441e+01,9.839420461408590768e+01
1.196704000023108847e+02,2.489235899018306242e+01
1.063718468817199323e+02,4.202943086782610038e+01
7.395984762658882516e+01,1.024558108610541041e+02
9.048413519645312419e+01,1.199299919660565052e+02
1.165318332822409708e+01,5.694773927863298724e+01
1.069130628430168599e+02,5.626102471583909903e+01
5.252720339809864925e+01,7.946937600536695356e+01
3.458322149456154193e+01,6.254525348167290844e+01
1.008854436373004759e+01,5.138038666648149189e+01
7.288978758844949368e+01,1.178311803160413689e+02
8.231184578133462537e+01,8.150458943788225952e+01
1.175521550278021294e+02,6.201463535008477379e+01
9.524551575575966922e+01,8.330573488317118347e+01
4.179072413629589278e+01,8.631702554069534017e+01
6.589167377852587038e+01,9.572774244230766172e+00
1.171652657082551059e+02,7.988039722012820221e+01
5.864330360096934669e+01,4.059743593639309012e+01
9.630749374436209109e+01,2.768969512928274312e+01
2.817412989442437876e+01,2.595894980495358695e+01
9.093930697992983880e+01,7.028614044139946770e+01
8.542196132286537846e+00,3.053958337158046987e+00
5.441599594150643782e+01,8.123619218206302151e+01
9.655877799286329832e+01,1.195090491408860203e+02
2.472585983409411270e+01,2.362504129002336128e+01
6.944432523472049468e+01,6.574876623419616806e+01
4.015389047784978516e-02,3.284407362441374545e+01
8.189299558273106072e+01,1.466284017245799021e+01
9.071387198574026911e+01,7.078716882046599324e+01
1.687775405861244593e+01,8.123501206191991741e+01
6.515410789880465359e+01,8.536752999551826804e+01
1.187485823895968764e+02,3.925847500033442117e+01
8.003105795080472262e+01,6.685148794891409807e+01
5.040954821554231557e+01,7.981091363929076010e+01
7.681907592571471355e+01,3.801081636102934880e+01
7.103021983030370734e+01,6.246184752931786477e+01
4.514166816691919593e+01,8.252215036313614860e+01
6.722405091360195151e+00,9.369091292983560137e+00
6.206477832795553695e+01,2.249721205788469902e+01
1.161116925976743346e+02,2.325583571665950444e+01
3.496821863602688296e+01,8.893074887198093847e+01
9.301311560042216797e+01,2.661867340761947887e+01
5.049302043646456184e+01,1.133834757250326817e+02
5.746312378616821803e+01,1.138387382328422319e+02
9.458019598071300038e+01,1.111094512733619979e+02
1.001077563884930299e+02,1.026318430073209527e+02
1.119386349511506182e+02,1.077677686901446634e+02
2.015605634856816408e+01,1.440429220382744013e+00
4.832885256131584129e+01,1.512078344304104149e+00
1.423467226920428175e+01,7.070147205029834936e+01
1.144673052146604135e+02,4.836439785291549498e+01
9.978196735363093239e+01,1.193373749536783066e+02
4.630789525393042538e+01,1.531527380597862198e+01
1.158235916795763210e+01,6.830678436156927269e+00
9.160949127808800085e+01,8.435792058327531606e+01
5.063218567502963907e+01,3.072125119062572018e+00
1.002814837672848114e+02,4.819115229531218958e+00
2.725603944958042391e+01,2.501647578279953521e+01
8.090270572947110850e+01,9.220178980604622154e+01
3.353443233716806304e+01,8.713066035934065212e+01
6.643247617053290810e+01,6.837970158787794617e+01
1.008912342817918528e+02,4.699115872018972340e+01
6.714191768102883984e+00,9.289310587431597099e+00
3.195690149330686936e+01,1.124627467508749419e+02
7.331710709022392081e+00,1.177688348997107397e+02
2.673628122157555964e+01,6.659289789889609779e+01
1.026574623893555156e+02,6.794230309256319345e+01
2.246476927718101280e+01,4.177507005432992315e+01
1.025303505340965700e+02,7.524183752491558153e+01
1.656622745181734047e+01,2.694540459889469020e+01
3.193148590308663870e+01,3.662342057041078647e+01
1.038295926031774599e+02,1.151352614258456271e+02
3.029392521244058400e+01,9.500959089373276356e+01
8.350418488814705142e+01,6.017077322492592373e+01
7.726619225581633543e+01,3.213564633973319928e+01
5.614597687447239593e+01,1.135446878918086782e+02
4.134918555539223206e+01,5.754930214702179825e+01
7.817309347934002517e+01,4.685085899251400576e+01
4.491872424618171777e+01,3.122897113869984054e+01
5.451202470025637581e+01,2.280825828172503833e+01
7.320833310204486111e+01,8.382866767276263431e+01
2.988986197502232400e+01,4.384877784074939200e+01
7.061955688747708848e+01,1.134209915211993192e+01
1.051106046982390438e+02,1.111047334492897960e+02
1.194238587292843761e+02,1.107017270983451454e+02
6.836795162573653784e+01,7.888716733092765310e+01
1.025561228742174791e+02,3.337900940413763351e+01
1.033890234276342568e+02,8.048938324791595278e+01
1.170114107285858296e+02,9.898538569007594390e+01
7.425688067152313465e+01,6.032238248040697748e+00
1.259360537645014766e+01,7.626784448537564742e+01
7.841977504396334098e+01,8.929284083852027720e+01
6.560379004010999893e+01,7.224558909963691633e+01
2.955049117796438907e+01,8.624526489075184088e+01
7.187640153795621245e+01,8.622532165657231928e+01
2.488752594919351324e+01,1.017836831179205319e+02
6.486765361700010146e+01,1.031783958515756154e+02
3.262659092369859337e+01,1.503685892208599739e+01
5.807616387527018986e+01,3.404498811639540889e+01
2.298184106437074092e+01,4.670315038131703034e+01
6.424115368481415089e+01,8.325589302811781067e+01
3.455249329147207504e+01,2.280054119166489102e+01
8.881386673681191724e+01,1.056461015137620905e+02
9.703972508704279676e+01,9.756209936548262363e+01
7.972255788955669686e+01,1.109919212043237025e+02
8.678397785123398478e+01,5.132847190942184312e+01
1.198083114412113446e+02,3.248831581983738204e+01
1.094058815946857379e+02,9.469544717948268442e+01
8.948495900254772550e+01,2.394830812607959913e+01
1.802221986703317924e+01,1.047029414824132374e+02
1.103816457517492324e+02,1.267564584690008900e+01
5.088670042236463331e+01,2.528783026041276116e+01
7.094182352574394201e+01,9.778071461477934179e+01
8.699888889736020303e+01,2.530208075755248132e+01
3.230472614231856454e+01,1.004670142396466019e+02
1.031708638625792389e+02,3.912032720012145859e+01
1.421072724362348794e+01,4.909902233771146207e+00
1.046453123273740005e+02,6.348069167882839281e+01
1.064259644136294014e+02,8.660153198870369806e+01
1.932977340485131634e+01,7.723380144117440693e+01
4.950039151633249901e+01,8.974430882538857190e+01
1.063832576091329116e+02,9.957473367308114831e+00
5.552187263834154152e+01,1.410440879766932198e+01
1.091834426811848999e+02,1.309361955700719449e+01
3.621725602504291430e+01,1.617751212729551469e+01
3.497594354373099179e+01,7.876381757249832560e+01
4.442719960939722768e+00,9.309298221232867832e+01
7.804463752532730325e+01,1.050589108426610352e+02
1.101580694239502236e+02,1.544770448655901873e+01
1.054556942814492118e+02,3.873280615414338257e+01
7.564548316357728197e+01,6.865238392539660595e+01
8.277795203324778583e+01,1.064982548623236909e+02
9.479234658659333235e+00,2.998233389374524194e+01
6.318304350630561395e+00,7.474707450818617360e+01
9.796109057672062193e+01,3.689840901634212855e+01
6.437481122649055010e+01,3.120666305456731848e+00
6.477679560861689367e+01,7.414068268382283122e+01
4.331234934749911503e+01,4.347995419540402651e+01
4.029279774118982260e+01,8.449364213010262858e+01
9.191684127130014303e+01,1.034111063696240080e+02
7.250869063510971557e+01,1.242695647812432114e+01
1.147808881548851474e+02,1.766943393109615457e+01
2.842542703033831231e+01,4.339020899537695541e+00
5.386651165875028369e+01,1.099973907120153882e+01
2.135406412348612726e+00,9.691767672512921195e+01
2.114800091838479545e+01,6.416412120506133476e+01
8.200360429521057881e+01,6.528057298992168000e+01
9.975235586641669272e+01,5.659820471410763787e+01
8.192058236189215847e+01,9.699421898797669428e+01
3.412607631371954398e+01,2.271331881375294159e+01
9.167898056083504343e+01,6.686739964246140744e+01
3.793258724271089477e+01,9.763532478989388608e+01
4.852038614597513799e+01,1.403202246290220501e+00
1.588292005111958005e+01,1.071109688769883661e+01
6.575723667206667677e+00,4.588699887836345681e+01
4.262411878343375093e+00,1.151640944336804466e+02
1.120036815964849950e+02,4.508633154220787986e+01
2.178395083777738606e+01,7.910444787526515142e+01
4.949964295856653962e+01,9.441913152583619961e+00
1.070571751327910164e+02,1.138470785172501962e+02
7.787694213648245523e+01,8.639080479120055145e+01
3.699635851827807898e+01,8.335701490404932912e+00
8.795298364334190921e+01,5.077457813761594707e+01
6.597725423258437161e+01,2.749431366767597495e+01
1.186641650559355696e+02,6.131107921356051804e+01
6.842301769586391913e+01,5.777639223155297543e+01
7.661887022282964210e+01,7.352857691918413252e+01
6.187914453002554893e+01,4.134314221509248455e+01
7.843256076762519058e+01,1.018407478316289172e+02
8.459650732629893355e+01,3.164165723948468845e+00
1.093184214589825274e+02,2.260280196774071015e+01
1.113301695372135782e+02,5.164780023197475600e+01
2.288374017651491066e+00,5.931777759304864617e+01
9.369366870990040752e+01,3.974201221607047785e+01
1.083550979354450874e+02,6.595939456961683334e+01
6.658300228442365665e+01,4.156686483773677310e+01
1.483096961793145852e+01,3.665030819002083717e+01
5.725490846403764778e+01,1.086414839628519076e+02
1.037329856106584103e+01,9.702267091331202664e+01
9.291906374252806700e+01,3.441011171837574523e+01
1.076464728837187010e+02,4.306064088795346834e+01
1.161706672076147981e+02,2.070672664363362259e+01
5.610239131105710442e+01,8.260393169914777900e+01
1.002852347957004611e+02,3.926907196941417055e+01
8.008105135185061840e+01,6.002525747376760279e+01
1.003215270396503058e+02,1.043277059288267594e+02
1.020392471616743677e+02,3.410323319558740707e+01
9.792810145134238553e+01,9.731223176797135466e+01
8.266778467806489061e+01,1.393508326647942219e+01
9.451741056037050726e+01,7.421403395690627747e+01
1.106269408420755411e+02,4.543089844274416578e+01
9.383767069806438599e+01,7.977824470322512695e+01
8.537181957560729018e+01,8.332160070443852362e+01
6.231487588514814036e+01,4.962372587275145719e+01
2.343593018545243467e+01,9.430903549435677746e+01
4.197960609586662173e+01,8.685068424219242900e+01
2.645136963687786391e+00,1.155229314678677781e+02
6.867628444009952204e+01,1.131333162222139066e+01
1.496249514592942198e+00,9.298087328308794497e+01
8.085395205607838420e+01,8.752493031799183143e+00
8.551920453245148224e+01,9.341018797970149024e+01
5.930808600527119268e+01,2.333841204362419575e+01
6.785466437574237375e+01,7.870486980820024314e+01
1.159769952618384394e+02,1.158879226696743387e+02
2.956577096577193231e+01,3.429033976664668160e+01
1.166917609645220892e+02,1.391881953826903384e+01
6.290536313019332226e+01,1.090529119827850195e+02
5.268408967785898511e+01,2.049368613826647234e+01
1.092080878689771772e+00,5.933020882918990679e+01
1.858189180741836566e+01,1.237623259360531947e+01
1.540108559270980138e+01,3.118019637341606654e+01
1.167101144757215252e+02,1.109198333336555748e+02
6.767507134513606104e+01,1.412492374171412379e+00
1.709156532288064412e+01,9.336542624103113752e+00
1.192259223468329310e+02,6.180604356161258295e+01
9.322263316978979475e+00,9.652881248992298424e+01
6.149906172013824346e+01,3.909583327062676972e+01
3.416320502426471251e+01,1.179430929539073531e+02
9.600888656146278066e-02,3.733126437627088734e+01
1.185707480646939445e+02,5.295993995183578562e+01
6.530461325326767508e+01,1.021236457695300714e+01
3.287873367857829265e+01,3.256357007294284500e+01
6.095035129520694994e+01,1.152401270415333556e+02
9.637999813481428646e+01,6.446931098035308949e+00
3.064432234559206591e+01,9.558353603246833075e+01
7.271811106369189304e+01,4.074650990857784372e+00
5.518930427975041653e+01,8.784757928508302882e+01
1.048222106281981780e+02,3.106982505935418004e+01
3.158743395183324765e+01,8.835459132344996647e+01
2.831248035853494827e+01,5.342753305702154876e+01
9.367264112953124311e+01,2.700656621964276916e+00
3.549397120514096571e+01,9.027483084643019851e+00
1.083867036430927584e+02,9.475968531835988529e+00
1.018646650570177172e+02,3.291629300822351922e+01
7.314703251773964610e+01,4.519696851070201404e+01
7.521470932229904349e+01,2.649993352197274277e+01
8.236521968285750006e+01,6.099794400655726179e+01
9.618849223932929249e+01,6.418777299102106326e+01
9.519141004274435147e+01,9.488250734941446751e+01
4.606548605150724995e+01,1.258528163505259201e+01
7.877892921800547299e+01,6.797182075414798419e+01
1.004296659759421857e+02,3.254979500977226081e+01
9.918643337324919429e+00,7.992534828786786250e+01
3.392401373525308905e+00,5.595630244292264877e+01
5.315486748412023843e+01,4.074266456419370286e+01
2.928920184119786541e+01,2.120952289779638456e+00
4.343230578762300809e+01,9.584251816876937369e+01
4.009695198445029085e+00,9.687784645428675390e+01
5.034457558082798556e+01,9.017387988477217675e+01
8.021156348788051105e+01,1.791394818140394563e+01
7.237336142003150030e+01,6.193149109095982396e+01
2.004193057212542328e+01,4.664780680982278938e+00
4.088232023149023320e+01,3.526355881114474755e+01
2.953609643370388582e+01,1.031296341118066522e+02
7.901407166719761221e+01,9.944751602261969481e+01
1.232399827520248436e+01,6.073386911221887630e+01
1.068716693868431378e+02,8.448712760537998179e+01
1.088169253428168162e+02,4.258096759795146902e+00
9.543991635902727921e+01,9.588628449557438671e+01
5.778009684878631447e+01,1.009610523146808418e+02
8.078259210022477532e+01,5.749026937029068307e+01
4.616522394575100918e+01,3.619881838426456966e+01
3.385726165834523727e+01,9.823385833970414183e+01
6.229583707890001421e+01,4.948223348858063986e+01
4.022342551798944044e+01,8.098232500658507149e+01
6.294977842989939631e+01,6.633572373360172492e+01
1.022118090171505003e+02,3.468147092614635341e+01
1.149237362448391480e+02,4.804809533566818658e+01
3.319691685753048205e+01,7.954759620716453128e+01
5.955743615376125888e+01,3.956558947657333647e+01
1.795606140512122195e+01,3.164514845428005430e+01
1.081018697178856200e+02,5.164221732009402643e+01
1.003655346373687536e+02,5.705897753782118720e+00
8.187308148774248195e+01,8.489454145581744626e+01
8.945356286200437523e+01,1.689477992636025760e+01
3.761171065336821329e+01,9.395301117017908155e+01
6.468484292459216078e+01,1.156455349656161502e+01
2.790975622630197606e+01,2.005563282195751285e+01
5.091384549950242189e+01,9.814958146584018550e+01
3.726004069725659207e+01,9.158395929451873485e+01
8.295765141860199776e+01,3.128579312413459235e+01
8.297907809081021924e+01,6.801868328075052261e+01
4.854475806880825672e+01,6.752397400337184763e+01
5.880286236270015365e+01,8.905277862060790994e+01
2.299562156569056270e+01,3.906580511944240186e+01
7.846608875465700805e+01,5.543309419592634413e+01
4.956636786628043012e+01,3.520824480227717856e+01
1.161588179995867876e+02,6.819774732421031160e+01
3.027609403151910072e+01,8.576612917947204551e+01
3.036792634211608544e+01,6.440106294499997830e+01
8.859701047128143614e+01,1.762597755225856488e+01
7.997932714162683965e+01,8.195861480476045458e+00
5.172042494914825994e+01,3.118047196543948019e+01
5.923978025183811269e+01,2.983889397874236948e+01
1.108379077579183445e+02,9.242705783564183264e+01
5.980498664694693645e+01,6.772509820681682413e+01
1.122926065126560786e+02,5.323149618835571317e+01
8.227563553695409837e+01,1.114731184091192375e+02
4.261134679782880141e+01,9.226388567678448283e+01
6.424062365217393733e+01,3.687041776031294660e+01
5.960956036355825916e+01,9.733254037902399602e+01
1.195335157295978057e+01,4.961502035192724236e+01
6.865178742621913521e+00,1.194389634986471123e+02
2.525395712029003192e+01,1.770418644020841370e+01
6.679667339141754212e+01,6.769161109879179605e+01
6.685132459427066465e+01,8.102599853957656251e+01
3.861544191153054584e+01,5.407938633653496652e+01
7.375065224654450446e+01,1.181482349768235629e+01
9.922349931273014079e+01,7.828843264014106751e+01
5.769461857867923982e+01,3.884071568973558186e+01
2.207983581033654019e+01,6.784308617781393025e+01
4.267290531761952366e+01,8.969571352347651683e+00
4.427739356993083675e+01,8.441600459262487277e+01
2.326266528206832618e+01,8.646080999122199273e+01
3.674586932786765203e+01,9.989547390840600372e+01
1.176806676420340665e+02,1.074584349513798642e+01
1.272448464101751497e+01,1.082619250983172634e+02
7.641134908120356783e+01,8.130865063839428331e+01
8.944784620969230104e+01,3.320643987702884914e+01
6.799582879701074489e+01,9.462938913871253988e+01
8.734272681479595235e+01,9.692561722064765206e+01
2.667320724110016172e+01,8.678385242706646352e+00
1.026610984940934088e+02,1.274753108999872708e+01
6.931829298839727471e+01,4.985541888106816799e+01
1.344545593709404407e+01,1.411826772393177443e+01
5.116598179266031110e+01,7.959916078588892674e+01
3.591666028633301266e+01,9.725700867989871767e+00
1.644371225382372614e+01,8.156444571047715897e+01
1.091051097842574507e+02,2.225969048354005864e+01
5.689813060371485420e+01,5.790690284291466128e+01
4.082811825800675365e+01,1.111299516661347582e+02
9.774052316643982863e+01,7.976579224725507800e+01
1.049242524455733871e+02,8.361761423576569996e+01
3.465590047963063114e+01,6.783429360722236368e+01
7.071718027701220421e+01,4.252856782799544533e+01
4.644606652810487901e+01,1.037210036933186643e+02
3.196284030257920961e+01,6.475984045573076742e+01
7.827272066854864363e+01,2.990789921285220743e+01
6.639138389902029758e+01,5.268019183180949483e+01
1.147568667422156921e+02,4.353735800844736303e+01
6.752847548870778382e+01,2.317787276510502537e+01
9.317046638318470286e+01,7.946297901119336871e+00
2.845676470951899972e+01,2.128511865704169281e+01
7.587952687369065075e+01,3.855989779306086263e+01
1.027313369008757036e+02,5.302952122259512890e+01
8.255935826654604170e+01,1.182529079712657989e+02
1.056547990308147860e+02,3.961578349140757638e+01
8.149079734353502147e+01,7.903959329330422179e+01
1.096774469319246066e+02,8.037435804982082743e+01
7.740196085817520100e+01,3.237668334295560157e+01
4.506403056335052071e+01,3.381701534174452917e+01
3.741149330179236188e+01,1.131908464535040082e+02
7.111254532447921406e+01,1.167688754752238509e+02
1.107533869392081272e+02,1.059555448491315701e+02
7.824570594699470405e+01,4.739273903176237646e+00
1.022590061209105414e+02,8.098772370641778195e+01
4.545734460824845513e+01,5.597934406905443439e+01
1.162831164527435845e+02,9.225158607907141572e+01
5.219760165070280777e+01,9.016577082154714162e+01
8.603438212263223761e+01,4.143203321632699954e+01
1.100021960599849820e+02,7.569663742932473838e+01
1.033149926845195807e+02,1.115167259585995794e+02
3.078247037575108891e+01,4.146187991591051514e+01
5.531131452709499996e+01,8.263623474037171945e+01
2.912221177137142902e+01,1.434855740530451840e+00
2.708899776283203664e+01,6.800646222011718578e+01
1.126409114730166010e+02,5.998064094040537952e+01
9.850858509008962471e+01,2.347281026776737534e+01
1.189283753309773317e+02,2.405371896958835265e+01
9.582843634933909982e+01,6.269579890615335671e+01
9.324651971958894592e+01,5.821439274970077093e+01
9.921070236227781436e+01,3.972454156003975356e+01
3.153939472323039084e+01,6.306614626981190952e+01
1.934826374468591936e+01,7.981421668223148913e+01
5.482987328176275810e+01,2.281015247256492628e+01
4.470222701946293853e+01,2.291117547430399526e+01
7.355412885722158478e+01,1.915702397386596090e+01
4.104765430202952103e+01,6.259497663115284638e+01
5.783863397451221999e+01,1.069423159283965958e+02
6.770308160629039662e+01,7.280995035388579595e+01
4.859788385218577389e+01,9.484926614711575610e+01
2.126123465669519064e+01,8.606047041957435084e+00
7.215947227625802896e+01,5.449010944884265228e+01
6.077745866657343043e+01,1.037006860488910291e+02
1.983203869042266732e+01,6.225144928044752390e+00
1.370512075387374296e+01,1.156522929096256576e+02
1.085667660314741880e+02,1.156047309079244485e+02
1.307682426506302953e+01,8.044470361817494108e+01
1.107079517846700156e+02,2.301999142366094375e+01
1.739606849940327038e+01,1.414998387596180152e+01
5.207286249791953026e+01,3.408095945508885904e+01
8.784860034127335382e+01,9.106650682892659177e+01
7.009687288600909483e+01,9.298610698405900266e+00
4.968803278101874099e+01,8.703049119330131589e+00
6.165541411021588658e+01,9.847022796177359538e+00
2.351711327590067313e+01,3.432420937921101256e+01
3.204684572656342212e+00,1.093141858689946844e+02
7.059786781658252686e+00,3.502606567236086477e+01
7.043957162044326026e+01,1.905878819352705023e+01
2.156174181418073843e+01,9.184123387648216408e+01
8.913865150799617254e+01,9.104280415835832230e+01
5.972516338697593596e+01,3.656478871559511390e+01
1.500411612249893523e+01,1.133056623354847261e+02
6.084083244582423333e+00,9.424086183497753666e+01
1.039799746162079259e+02,9.207022759261838019e+01
4.790687358525305228e+01,3.864539030184568347e+00
4.147716962775157157e+01,5.336543839615832496e+01
6.465047109279849735e+01,9.500202214936956580e+01
4.817850089385457579e+01,8.118001700709898216e+01
4.237941335057762160e+01,9.438150197882505665e+01
6.612840150164839770e+01,4.974752484041630396e+01
1.105763794940936577e+02,9.169341047373670506e+01
1.138952439179744971e+02,9.062513652132798825e+01
6.183269519896412447e+01,3.261844956679142626e+01
1.044832685591908046e+02,1.105763996227708361e+02
7.453624844512097525e+01,1.807395715099338673e+01
9.655949786507551380e+01,7.720895840103989372e+01
1.122521761638874978e+02,2.420254734961604370e+01
6.928559783027986896e+01,4.901994906991825474e+01
4.232472539076749740e+01,6.980233279580197348e+01
1.023522301153203244e+02,2.194280786231141533e+01
1.025833045766801206e+02,4.888774093686657096e+01
7.606554717934852761e+01,5.631847797727890992e+01
3.008835283530758886e+01,5.740606204390778800e+01
6.571413766696818470e+01,6.831961260820271775e+01
1.541963758704317655e+01,3.243368306066828666e+01
9.883549702627101397e+01,3.554887740084475212e+01
9.261090876108585235e+01,4.158758168730108196e+01
5.034883239421184697e+01,6.528589113887167628e+01
1.038871898504634856e+02,1.050329587537472804e+02
5.464635091966567870e+01,9.896863669608730163e+01
9.028027677857886601e+01,1.880171839847710658e+01
5.847525845343636064e+01,1.138534146488912455e+02
5.415478333212409012e+00,6.661405358952363542e+01
8.504407496181987369e+01,6.765092666536438593e+00
3.748395200458333676e+01,1.263927788423147902e+01
5.632058677784259970e+01,5.090455385422933432e+01
1.114570168851309973e+02,1.753100064638253031e+01
3.369762590382017464e+01,1.102154362478109135e+02
1.132756619702481515e+02,8.637447796810734246e+01
5.768166144691650032e+01,4.193527686891728479e+01
3.436209885964236577e+01,6.770265112574680444e-01
3.497537580272295799e+01,4.297174967538590629e+00
3.386922140632226785e+01,8.317930124282523252e+01
4.516410672831089101e+01,3.192190126509120773e+01
5.231681079150440894e+00,2.512490225385913689e+01
1.056203972538856704e+02,1.500313076517774569e+01
1.689265562389179465e+01,2.692527758662288662e+01
1.197605409535354966e+02,1.010011994826087722e+00
1.682559362755231902e+01,1.408142921772269851e+01
4.058971712603011639e+01,7.050681958219779233e+01
2.331146425016587997e+01,4.559274782222077249e+01
8.553482628288654155e+01,7.316258313121640811e+01
1.534768939989974967e+01,6.717635911035219465e+01
4.565326272794023055e+01,3.932786664042779989e+00
4.046642841077269281e+01,7.392749294620435307e+01
8.237236022207623520e+00,3.192955438181085270e+01
4.346179348222066352e+01,1.845957892332206640e+01
4.329614800099017202e+01,5.746660858854116327e+01
9.715882971399975077e+01,2.224742023422000159e+01
5.041765703611894622e+01,6.339525333132787921e+01
5.971130213828233479e+01,3.658181254345685574e+01
1.173879067680228445e+02,8.758776803143551604e+01
2.044856430806587611e+01,6.767799536257697923e+01
9.598483231075952915e+01,2.395885694805554067e+01
4.009330803703702628e+01,1.996357892588233085e+01
1.187499148459151996e+02,7.167088457917795097e+01
2.522609935135548298e+01,6.383237335081562946e+01
7.875605176730986479e+00,2.460126394126081095e+01
5.775778734463403730e+00,5.414998552706001078e+01
3.674615062352858530e+01,1.920095139910245052e+00
1.976283093484611086e+01,6.696244940437276227e+01
4.060749769699901179e+01,6.939097533817086116e+01
8.196457416516645367e+01,1.138491956155191929e+02
3.579443508843690580e+01,4.266154361270676532e+01
4.058426402566885827e+01,9.043780543976147612e+01
1.156299297464020412e+02,1.117516831714592911e+02
1.156418244262186761e+02,9.762406278396535697e+01
1.070802395786845551e+01,3.644652983936988022e+01
8.083797255062036413e+01,4.284054373228523360e+01
8.377627753582013170e+00,6.849619704511837881e+00
7.746276404033278595e+01,8.016061895631463585e+01
6.134848214871965411e+01,1.978032250375803969e+01
2.516497077767003532e+01,3.874819517526607626e+01
2.190434746702497648e+01,3.330673819689349102e+01
2.523020361350014440e+01,3.993286406392746102e+01
1.067556021783736782e+02,5.251182119748292365e+01
5.429913623166547865e+01,3.088432293435473497e+01
9.181474336866880037e+01,5.678953380732242806e+01
5.961896013544733819e+01,6.871471235374498576e+01
2.239413767116456100e+01,1.169504130067493293e+02
1.725521499693610394e+01,4.334646615502252587e+01
4.957742287324854402e+01,4.483470626886843036e+01
1.796832289708734010e+01,8.496982925714080181e+01
6.134036890037597800e+01,1.653806016870498219e+00
2.491648046797942939e+00,1.164399597225258098e+01
7.433605303558802291e+01,1.164131687151825645e+02
8.231974620369774698e+01,1.168144444450934998e+02
5.350033714002653262e+00,4.939087597541227126e+01
1.087640778079036608e+02,9.145419799583227416e+01
2.314877100901215101e+01,2.043481486944560288e+01
6.468358316673925401e+01,4.647813541296369522e+01
2.252915449642123491e+01,1.798862246661123265e+01
9.781755740071662331e+01,1.039290360030047395e+02
1.255387728247205104e+01,1.868378850513755651e+01
9.930590303262589202e+01,9.468789832270836371e+00
8.944231951845485185e+01,4.860296299532107511e+00
4.301709587536268486e+01,1.062607048590197110e+02
1.416191854118944882e+01,5.327068394138582619e+01
9.556224607161094298e+01,1.812146978009496756e+00
3.436622728602996801e+01,4.963810426195040293e+01
1.054471544368036362e+01,1.731514754623135843e+01
5.294682086327537007e+01,4.271240154773707332e+01
6.204187413602762291e+01,1.528607615328322211e+01
7.038211703095547023e+01,1.040768943712712371e+02
7.338019217463465083e-02,9.612410513730628736e+01
3.420407633303930339e+01,1.450000393877637350e+01
6.262931011658763225e+01,2.149850278305041051e+00
4.557297508128365138e+01,8.931952682006654243e+01
4.284156911627188435e+01,2.763884861431493078e+01
2.623348736287447736e+01,1.008388736984783094e+02
1.768270446246178906e+01,1.314902811234897939e+01
9.680010668630018245e+00,7.713264711357992098e+01
8.085035300005382908e+01,1.176543861292131226e+02
3.886137445794039280e+01,2.361757865049685634e+01
1.057392635110041397e+02,1.105146687286616753e+02
6.890703440745555497e+01,7.402061773232796327e+01
8.415661748336609094e+01,1.452668972765289723e+01
3.896006211952973075e+01,9.028005589112196105e+01
3.375653697841391931e+01,8.972828236800722834e+01
5.511243924907999769e+01,3.425386266922408396e+01
2.713537809138820123e+01,1.009864337775296832e+02
9.502068973729309675e+01,5.654444523197173567e+01
9.321887431083584374e+01,1.080646459493674172e+02
4.616635463437641640e+00,6.463600706056961087e+01
4.838004034704793099e+01,1.086318427125802373e+02
7.482055149220602175e+01,3.906750652958260162e+01
4.985178883732056221e+01,1.963635622006374959e+01
5.040117058963173946e+01,3.105489555266305857e+01
8.296901941886841314e+01,1.067999609589570440e+02
5.043553377194590581e+01,6.946703584962384070e+01
8.799150469025427412e+01,2.375215584177065864e+01
4.116173459118958533e+01,3.531624138372987431e+01
6.667288644039753365e+01,8.484044071748644456e+01
6.282674374219827662e+00,8.126116360500790847e+01
1.193670954662221106e+02,8.398512776675484304e+01
2.122501272405832751e+01,6.467848455004828168e+01
1.040330955267159254e+02,6.405040760462119920e+01
5.231249148417617789e+01,9.456690809485075988e+01
6.337772778890241909e+01,1.012056827591883916e+02
2.483985382003931264e+01,7.973960101210121820e+01
2.694245850473119930e+01,1.551303723172317461e+01
3.706005975156122645e+01,8.515404561240031001e+01
2.692976740515127787e+01,7.639104564763417216e+01
1.120195977903471345e+02,2.286046351051758130e+00
1.027949552202753267e+02,3.099945936705122662e+01
9.594655406272440246e+01,6.096364476584412273e+01
1.044150647873041891e+02,6.147080424345251259e+01
4.737557274135015462e+01,7.373919456192872701e+01
1.337716952689921079e+01,1.022490851437752468e+02
1.067535174758116767e+02,8.586567708784309616e+01
1.132913180412195686e+02,1.140929856844669104e+02
7.609752220742846873e+01,6.408568679124786627e+01
9.951450695314530037e+01,6.057131182196025065e+01
4.445126166752307739e+01,5.426178080435437323e+01
1.082002972802399086e+02,2.352996160348032362e+01
7.469749419272815771e+01,1.045505013938367256e+01
1.123357567018281884e+02,1.143358268607729968e+02
1.007476431785355828e+02,8.562750177557192899e+01
1.353897876830946956e+01,1.363165788049623828e+01
1.067658083547338492e+02,2.622799621752765376e+01
2.520164651439219838e+01,8.391703344803119080e+01
3.125775704728900450e+01,7.174286927578145878e+01
1.597432969011272874e+01,7.206342283595145659e+01
6.254559330550917196e+01,2.584429656830309341e+01
3.996575226116196689e+01,6.039849293565727351e+01
4.057583375812779281e+01,6.361849351294432608e+01
5.362609251021212486e+01,9.247320256538210970e+01
1.170825977072381932e+02,7.062805275914230663e+01
7.527291337692867046e+01,2.872260513138007809e+01
9.181781665957186078e+01,6.300660621214056789e+01
4.642838627287423492e+01,1.077284938137176340e+02
4.812898144491232699e+01,2.507297570760886529e+01
1.050872516478511614e+02,6.542696771668538247e+01
8.445316234117086651e+01,2.073958666653386018e+01
2.762559806836034326e+01,6.999063334330578812e+01
1.155715951693891412e+02,9.785970241196162078e+01
1.034445244200600769e+02,4.954029209595970684e+01
2.030490414791270126e+01,4.970333685998139828e+01
5.541539176673686740e+01,9.030569267381764575e+01
7.120502131858795281e+01,1.200192946854892995e+01
5.116345074859886921e+01,2.451399725728295209e+01
2.240648630652055573e+01,3.648567025511147932e+01
9.476428289381030368e+01,1.004055176077586680e+02
1.015250441964814598e+02,1.113498962444272600e+01
6.113406096926343025e+01,6.022150745642358061e+01
7.450084931569596058e+00,9.666348543299085350e+01
4.846159949267763523e+01,7.099161283656835053e+01
3.063251444659242928e+00,8.520527869565599488e+00
6.679460871082764584e+01,9.783124271217654666e+01
4.789701632278507759e+01,1.002454638679005541e+02
5.776319405803049811e+00,1.129613532037842418e+02
6.640887124340937930e+01,1.008663114297010992e+02
3.791942096713920307e+01,1.885333282229156282e+01
4.442285264615515672e+01,7.846541751307780999e+01
3.261102807291568695e+01,1.525715407089206366e+01
8.208890387936010313e+01,1.537578447452278674e+01
1.094394918133379377e+02,6.509806928091208533e+00
9.724842326801430659e+01,8.590899455229838111e+01
3.143003242607374759e+01,5.442844303988303523e+01
8.310502521895699601e+01,7.029310696836706995e+01
7.312243144919371218e+01,2.813306999724582624e+01
5.343069011147895253e+01,2.825701405559196999e+01
9.831334373596561704e+01,1.154653403692798719e+02
3.923481867041989091e-01,9.382639095087749581e+01
7.489451397615934525e+01,9.673474441213920727e+01
6.246523438075179513e+01,9.052860979552406206e+01
1.112803225097314908e+02,4.765069752004502845e+01
6.943467398970284421e+01,6.598250434105972317e+01
4.114023735527037218e+01,5.848909410116679197e+01
1.113385954866162564e+02,7.003207615780181072e+01
3.203150552433775999e+01,7.911145525395069100e+00
2.083831527814891871e+01,1.625489908413524276e+01
4.953879985617723491e+01,7.609867130541911884e+00
2.533952838520988138e+01,8.566217599080611933e+01
4.756601320010956613e+01,1.001266655533323586e+02
1.113660222245029416e+02,2.560694600497381401e+01
2.918852890266821731e+01,8.137674472717056062e+01
1.304122817794823774e+01,3.032991337259022657e+01
6.496379211159013778e+01,7.608788717086770248e+01
3.618487075148529897e+01,1.106036814319023591e+02
3.541881714911245815e+00,5.381954983264706982e+01
1.158848816184728321e+02,7.487658280304427194e+01
8.460626624638616988e+01,9.827350186550312117e+01
9.751050973195113158e+01,4.199631956436411429e+01
7.472805245551786868e+01,7.678251800467483790e+00
8.255728688677382365e+01,5.198859383142907120e+01
7.486565687570774230e+01,2.030345592501465646e+01
9.643400178924278521e+01,8.914775535556616148e+01
4.617414478918779253e+01,1.086456742001097240e+02
1.956669200647100837e+01,5.726219306119502761e+01
1.870165076317471886e+01,1.140105321990874927e+02
7.559995517578819602e+01,2.865721911112389364e+01
1.133036353093629245e+01,5.887449036879505115e+01
1.048634083221980973e+02,9.736419000475990515e+01
2.237520524945928813e+01,4.161136241586231677e+01
5.312827333006164565e+01,1.600800586946424175e+01
7.201764189672553584e+01,8.173501885694760460e+01
4.663781618911708904e+01,7.698921983840357086e+01
9.822613953810022736e+01,3.710889094728046445e+01
5.394363216303386110e+00,9.843243172007852593e+01
7.851176391895252493e+01,1.041387355576363944e+02
5.009982657430963116e+01,1.135452073591076072e+02
1.392312091555643860e+01,9.882785627128745887e+01
6.329876996093623376e+01,4.434164976909014655e+01
1.076000785686368033e+02,1.693972394988267638e+01
8.574056105449923848e+01,1.619297803209952491e+01
8.913762540213534180e+01,8.998375332514349623e+01
8.647235546600639111e+01,7.021082476842647679e+01
9.470209870280989151e+01,2.476562769029712285e+01
1.668413874414829223e+01,5.764048659258943985e+01
6.327717045155215914e+01,4.532616517064465711e+01
9.696722866031345234e+01,1.292272149199725462e+01
1.112354960655247140e+02,5.436859996656649230e+01
1.884607626372254074e+01,7.921053997287606308e+01
2.674761896444444886e+01,5.322628238653904731e+01
3.237413926678078013e+01,7.205744656364012712e+01
4.688893715941850360e+01,5.793613249257457909e+01
5.091253526841870780e+01,7.329352373633280138e+01
7.278806920852109386e+01,4.151844628144694127e+01
4.584915323834812284e+01,1.135404298572646837e+02
1.796292261105292454e+01,3.600812668634655012e+01
3.237760473177593212e+01,1.894075310385269972e+01
5.734540557239922975e+01,5.233036329366878014e+00
9.968065257175197758e+01,7.257340956108058094e+01
8.376184454628240417e+01,6.467486426832833502e+01
7.485363083619409963e+01,6.494477307727109405e+01
5.967438275492013844e+01,5.963887202894225936e+01
4.656559510298978921e+01,3.974399344388830002e+01
9.397340574408134728e+01,8.356813409078530697e+01
5.170776613778422792e+00,4.729755454732202935e+00
4.736801234057067944e+01,5.338717383497553470e+01
2.062516655781099573e+01,6.582999426054557546e+01
7.739545827895751984e+01,6.359329515588432002e+01
5.403326221722424805e+01,2.909287716085954045e+01
1.095264192613591980e+01,9.216798465532188800e+01
1.010888625318743550e+02,1.629940672105809796e+01
7.605245628307612549e+01,8.067341240124697777e+01
9.581745607125553477e+01,6.934064966245563255e+01
1.087618503374497152e+02,7.393757577474421794e+01
7.787564171522905099e+01,6.644963588451545888e+01
4.555752997930873072e+00,1.109584268308238251e+02
8.788930918218841271e+01,5.582816725892978127e+01
1.048948436088356857e+02,3.620711677914155757e+01
6.191513029292320880e+01,8.034091545272059420e+01
4.346058155928795230e+01,3.907937935764590520e+01
3.432210768917191501e+01,6.249635348114930267e+00
5.712687760697723149e+01,7.652406935839965740e+01
4.151519863605354033e+01,5.975489562520419895e+01
7.572307763969395467e+01,1.312358122310941511e+00
6.688548265694959127e+01,1.744281619932750971e+01
6.729985016589067470e+01,9.199976108119740559e+01
1.281059980359170325e+01,1.130020885271098905e+02
9.934922184358221386e+00,2.573405725249283194e+01
3.689297901354994735e+01,1.140056255264290854e+02
1.016400836467009015e+02,3.380865710898848420e+01
1.157601705595959629e+02,6.142613937582070349e+01
1.641002847335217396e+01,1.057015239236292388e+02
2.126562272516119378e+01,9.194927051620354064e+01
1.064220544963631738e+02,8.410220744049551911e+01
4.201333437529657289e+01,5.671360315013407316e+00
1.246709710418296702e+00,8.258932297043322990e+01
1.099704909751279871e+02,1.227024742615883568e+01
1.765304219549883413e+01,3.548217543670245533e+01
2.791264414142388262e+01,9.238401841694228267e+01
4.378338261136860865e+01,1.129546648097876300e+02
7.785265634245799049e+01,5.331272802351791285e+01
7.030085851022388965e+01,1.113369911860169879e+02
4.972038022018870862e+01,9.123162129346130200e+01
9.887663976542143018e+01,1.901309214845396411e+01
1.052822595931759366e+02,2.509461387538077659e+01
4.800201915064900504e+01,2.427413962363235456e+01
3.657281075359111355e+01,4.985478403355924826e+01
8.088405244894988755e+01,2.605394351455920443e+01
1.153361136859572156e+02,5.000078013118458387e+01
9.275653904478200218e+01,1.057125102502605785e+02
7.085255150560713844e+01,4.582362794063062239e+01
7.829577282039426223e+01,6.714046145885186334e+00
6.467236835907004888e+01,1.165319764023735445e+02
1.840201447082050024e+01,6.840228493006486588e+01
5.522292042275905999e+01,7.331272303416551495e+01
1.618447752424632213e+01,4.535661768921721659e+01
9.630265745814624267e+01,8.247737508186530420e+01
1.051413056351080257e+02,1.186121418856895460e+01
4.635511451255328552e+01,7.300031252963484008e+01
6.442529924716967571e+01,5.042485673986565331e+01
6.561265315012774124e+01,5.566356910183928619e+01
3.975985026186480553e+01,1.163427021867488378e+02
7.461047556121059188e+01,9.892189715354935231e+01
3.212287870057504158e+00,3.590814247433986139e+01
1.173089363040956243e+02,8.623524984520646086e+00
5.392697768358971899e+01,7.718616874164678165e+01
9.362700621565714698e+01,1.143926849153818814e+01
8.721411809060937514e+01,2.001839068544628120e+01
1.061405505767115045e+02,9.704038726330036013e+01
6.678801754293411364e+01,7.250595697455550237e+01
1.086023834179050027e+02,1.116648767594506637e+02
7.953882749851813116e+01,4.427142101877443991e+01
2.419610658933502378e+01,3.278093181912298348e+01
1.199651530198963201e+02,1.899108823147042813e+01
7.411175713111072128e+01,1.115761742880667100e+02
5.748985877125802801e+01,2.917698148470345387e+01
5.604701999091737719e+01,4.257735236919447175e+01
1.855298982956605158e+01,4.208298689828541228e+01
7.527347720207296788e+01,2.328525381286829798e+01
8.560350818931073036e+01,1.936726256060791229e+01
2.484588837209198431e+00,4.663049640494354442e+00
3.598643546272031557e+01,1.096194973589056332e+02
5.570915334239673911e+01,1.130809311654776508e+02
7.369761314706269673e+01,7.690845377398774474e+01
1.115908738877694191e+02,4.901231411799369653e+01
1.008312831186298268e+02,2.154887876446074557e+01
1.791507118435884038e+01,2.189635956823846286e+01
2.015528027771963337e+01,1.039897722872907764e+02
1.090778337103324418e+02,9.004216726016878170e+01
1.092082559354731330e+02,5.893282045088724175e+01
7.245792144447536032e+01,5.055070712804790389e+01
9.234377042354475407e+01,1.072881812121115530e+02
5.538009516780260100e+00,2.190434039741617411e+01
1.259356441444301566e+01,6.383629768519397629e+01
5.757803661105051418e+01,8.982760127749442347e+01
1.394243848730043922e+01,6.925334232069964457e+01
7.072965844609052510e+01,4.268850951578568242e+01
3.078299050042679141e+01,1.008884506229809688e+02
7.267105315420732836e+01,1.232095640077084830e+01
2.675462359180756167e+01,6.863647257719451034e+01
3.593812406678745219e+01,6.325123917523521300e+01
1.131962793195980481e+02,4.278082425222648055e+01
6.402531112878440922e+01,8.597555849482927215e+01
8.513973723454451203e+01,5.582934307170729937e+01
3.545287596760616822e+01,1.473639320774375427e+01
9.350008709214601765e+01,1.212693804096684502e+01
8.550743557797839856e+01,6.316828944798400514e+00
6.199883093993582861e+01,7.175435893426889145e+00
4.109115007965954902e+01,6.187001007626844284e+01
5.343248578330817011e+00,5.010001196482479457e+01
3.782531974631816496e+01,3.780859615988767786e+01
8.988745297459784922e+01,1.650628933708116719e+01
4.836780938977027944e+01,9.657798132262887236e+01
9.435256149818226845e+01,6.209145350577461642e+01
1.354012972686690297e+01,1.185303383564895618e+01
6.901585053291319127e+01,1.013966087835104730e+02
8.612898259554745550e+01,2.982798990098452663e+01
8.620021979588015881e+01,1.102150078803804121e+02
9.748365614656836442e+01,1.198011838807906315e+02
9.965186143016488529e+01,6.328883617207694812e+01
4.566313630151344682e+01,8.672001729429524630e+00
9.519165982370242318e+01,3.812071126868646331e+01
1.127022004762735463e+02,9.096960058618736866e+01
2.527760000348575531e+01,1.290735117446208058e+01
8.965217787627491930e+01,1.153528185249856932e+02
1.060290959028362465e+02,5.560928704745770546e+01
8.042944150135480186e+01,1.098781551594902623e+02
7.965444532966607483e+01,3.723190938922614635e+01
4.368446168695201415e+00,1.060573264414977643e+02
2.350065238550325475e+01,9.414375494877154438e+01
8.667448751946191976e+01,9.516359633331587986e+01
1.122427026410721425e+02,1.095840060724138993e+02
6.845845796099919767e+01,1.062989255218594451e+02
7.593813595299660335e+01,1.099587313749549367e+02
5.437483995831775729e+01,7.287076587765626279e+00
8.675363367704746054e+01,1.188497703956945912e+02
7.332761680195787335e+01,5.830763515382976436e+01
7.912249938114246106e+01,6.641701524160848180e+01
8.668027633056176740e+01,3.956021162547288128e+01
2.431205184539361852e+01,2.590075810555536862e+01
2.897451526162201674e+01,3.489092728666958010e+01
7.008401356628544931e+01,1.986058198885800863e+01
7.725222053471259187e+01,7.501941495319253761e+01
7.381389060061297869e+01,5.450495267247304554e+01
6.052375149315027159e+01,9.634149969528866109e+01
1.090619388192424140e+02,1.198714836922739551e+02
1.122785933890142616e+02,3.067835320068850180e+01
5.255396666904839265e+01,1.065220066769572682e+01
7.360743927088751093e+01,1.005049949162803671e+02
1.010242609069693316e+02,8.611703289901548430e+01
8.479835240637063976e+01,1.191719244881298465e+02
7.448570874347200288e+01,3.491972462166814495e+01
1.073159384382226165e+02,8.913806496279636349e+01
7.680649774493909376e+01,3.012459214706992583e+01
5.143220047969619912e+01,7.649707651305953959e+01
5.599661105106019221e+01,5.143738089563898086e+01
7.917547820270787184e-01,8.498073750583006358e+01
1.104891661630733779e+02,1.028931512131496078e+02
1.153229675742245774e+01,7.360993298574985033e+01
1.131993442709983810e+02,1.066341639827304135e+02
7.484108923642834554e+01,8.111909086653735557e+00
9.896188309320056931e+01,9.049498648835577796e+01
9.865703454246006743e+01,7.173057417251011714e+01
1.114719615625017894e+02,3.355570473697849820e+01
8.451585581158141736e+01,7.695838898440187847e+01
9.205458732521843501e+01,1.814557374427116798e+01
2.451499315898405840e+01,8.225598347127981924e+01
7.091769765262733927e+01,1.184613693201872593e+02
3.441446352188937396e+01,5.872822690981701044e+01
7.813764266849237572e+01,4.376063401084393512e+00
6.308735808127190126e+01,8.369787342639935446e+01
6.036175034605896172e+01,9.332113508975285754e+01
1.184526085547068845e+02,5.958057310269546747e+01
6.552186977286169167e+01,1.187556461665039720e+01
1.005949714685075662e+02,8.998816524831916297e+01
5.154188824002892133e+00,1.056342048101800799e+02
2.791091554131336494e+01,7.432141856928521406e+01
3.225736628070511358e+01,8.228921336756874894e+01
1.930343625064540802e+01,9.259033819389266284e+01
1.164791397455533826e+02,6.956088054375049978e+01
1.431574696006107317e+01,6.089816102400475017e+01
8.455004178889421951e+01,7.740909592809251194e+01
7.449375282953845101e+01,5.897595677785115953e+01
2.708489770517369166e+01,1.983823984015119279e+01
6.893604599292976332e+01,9.123904315503160944e+00
2.043131135876765647e+00,7.163454340143621835e+01
2.317179769864893402e+01,4.539935141068941959e+01
3.193351696532668882e+01,9.198260019544586896e+01
3.390032317370419435e+00,6.843946898240528753e+01
7.167754988539329908e+00,9.902701274397597331e+01
1.122802952720660699e+02,4.280794778576626669e+01
2.692850820708338233e+01,1.044886351486220235e+02
7.187176034806066127e+01,8.852941709442985996e+01
5.780989433804973032e+01,6.893515422570018814e+01
8.049268053615281815e+01,6.008332733955710836e+01
1.154363350717831764e+02,4.650670935013452123e+01
1.283291711392612200e+01,3.369988193222018680e+01
1.104782607343691438e+02,4.769663308189576867e+01
6.415260576982684881e+01,1.145156799777402910e+02
8.639494823027439452e+01,7.925727627165920808e+01
7.938337884552350943e+01,1.060650030672370718e+02
3.306278240820802949e+01,9.608657982504723805e+01
7.267527060587401877e+01,5.186707883809690145e+01
7.628793190903486732e+01,6.633031596584733336e+01
7.299045195063762037e+01,4.999563677921243965e+01
3.634422399078892596e+01,6.569322593852481873e+01
9.813650783800646593e+01,1.144242318812724903e+02
2.695607481273820838e+01,1.171639424738707191e+01
4.718236961533235352e+00,2.851536062811081251e+01
2.104574101922423068e+01,9.846733456730851231e+01
4.008635108997524732e+00,2.087985312676304517e+01
1.078710964246087940e+02,1.090613441664383743e+02
1.098228204226517875e+02,8.487175016832890151e+01
1.146566564145106639e+02,3.437730139806487273e+01
1.971181847614134952e+01,1.165208859067889904e+02
9.755439227973147354e+01,8.307856892973731533e+01
6.700386671410582551e+01,2.497628953020036846e-01
7.089991764875877323e+01,6.863614672964141050e+01
4.660614004742865291e+01,7.576506049305278623e+01
1.089217307348300210e+02,2.945572436202873234e+01
4.986092360652619249e+01,3.154167501359969350e+01
1.193513325082455054e+02,7.914061823600509626e+01
9.432775531114997136e+01,3.447997118982683418e+01
2.253410928491938847e+01,2.728628758423287337e+01
1.065438905650884323e+02,4.717156100592626444e+01
6.524347570810265040e+01,1.489173577714817398e+00
9.571082187026325983e+01,7.986612030798646344e+01
7.011629450671074437e+01,1.065396646258316196e+02
1.236184149833728263e+01,1.046020267402312243e+02
1.201647815895963589e+01,4.268556364307033135e+01
4.176284141600565647e+01,7.689796969976877961e+01
7.929003799138284592e+01,3.289952378994489379e+01
6.140625428163211552e+01,9.866292999965007482e+01
1.011981935236058092e+02,7.819911441237933047e+01
1.481023038009187687e+01,6.915575511148014698e+01
9.657249697304335712e+01,1.045993819200672021e+02
3.178334992295516770e+01,2.272686010539313628e+01
1.072554290660676202e+02,4.819374684870112446e+00
4.732408978034744962e+01,1.030862221409307864e+02
5.364438206493364447e+01,3.297860523743369754e+01
3.307741109173981187e+01,5.703185585126156809e+01
8.753515419084978078e+01,7.997096717370678221e+01
8.417739539122187864e+01,7.341917782141962334e+01
2.887267219661652007e+01,6.833267018696241735e+01
6.531294036545335757e+01,8.253917474766069518e+00
4.845545123663141851e+01,7.511263063372543058e+01
5.919477804961755396e+01,6.951256356322282670e+01
6.300043528371205070e+01,9.861102155495181876e+01
1.736561073117250231e+01,9.585367729779855495e+01
5.360945548486163403e+01,8.089056384906292863e+01
1.167263147913879209e+02,7.338892384771611432e+01
9.745706193884893764e+01,9.404732975709337950e+01
5.234339165223190804e+01,4.691911919540199705e+01
7.776170002029178363e+01,7.971077003333692801e+01
8.218625009596652831e+01,4.483961757185697117e+00
1.081204951621089805e+02,5.880193660661016963e+01
9.561379559775180326e+01,8.677004436819925104e+01
3.662796461443743112e+01,1.046693310488265993e+01
2.320080974405317420e+01,2.716063884406159090e+01
1.838482659889338677e+01,8.326756559861627238e+01
4.062143226676698760e+01,6.569235201969762272e+01
6.870372509730849231e+01,7.368218841736910463e+01
6.006601061672817110e+01,5.818681089144267560e+01
1.592598110934599021e+01,3.762299051132892913e+01
5.924293942380876032e+00,9.398884906102703951e+01
8.796840131780506056e+01,2.146435906175570807e+01
8.486671175272124401e+01,4.199927515699209835e+01
5.662469688748567620e+01,1.046189326285299259e+01
2.591975945542512250e+01,8.994444039275397529e+01
8.479660053990646418e+01,8.504320076474652979e+01
5.928932082239593626e+01,6.706052495851190542e+01
4.505884199987550964e+00,1.131320242732997770e+02
8.019034948773384031e+01,7.734812436161239191e+01
1.149773513296622127e+02,9.236551237770856915e+01
4.126707368219435068e+01,4.024335855845758658e+01
7.563974615370277377e+01,6.324034174650806506e+01
1.193115815088582963e+02,1.006893936540680130e+02
8.539517165441901625e+01,2.204476991461838864e+01
5.235708860688218635e+01,7.454433578224012535e+01
1.019392166326461222e+02,3.626385438882717693e-01
2.236712164737748587e+00,9.225329447282007322e+01
1.194834023377429446e+02,1.039141330130518881e+01
7.751402254300499806e+01,3.592522451107905113e+01
1.138820459883665990e+02,7.254278479616907305e+01
5.012826498762176186e+01,9.818438949326710485e+01
7.122576030753398868e+01,4.043616743966658156e+00
1.109734038899584050e+02,8.465454536515260031e-01
3.925535360768564885e+01,2.230173933372513773e+01
1.115839790718800231e+02,1.990052168133042088e+01
1.036383450533873827e+02,3.485520196761435763e+00
1.094260701136486631e+02,2.097722106307371348e+01
4.239240112099157898e+01,8.447599306679600772e+01
3.203878417228409603e+01,1.576574082603623950e+01
8.223110469847806314e+01,7.914849760860914785e+01
7.153098555956674431e+01,3.250376360859248592e+01
3.660398624954012803e+01,5.815809432744289964e-01
1.081105609764912856e+01,5.736788914000295847e+01
4.638533184327982895e+01,8.380315486127406643e+01
2.329875461111079105e+01,1.955972569995223509e+01
1.950576744952599739e+01,3.691962909656827208e+01
2.952875373724317853e+01,9.769617274586182987e+01
7.126024892031578872e+01,1.189996996421187703e+02
8.425498288538206282e+01,3.394801600441009271e+01
3.995277140122883708e+00,2.671500702085521084e+01
1.081136159413756417e+02,7.823404464559992277e+01
4.711886958029934647e+01,6.957681545033672421e+01
2.740103285874273809e+01,5.919829164174954883e+01
1.504088256543587576e+00,6.336657754796437558e+00
3.383047771603233400e+01,8.142704387245898090e+01
1.101574285729563627e+02,2.176723802678484887e+01
2.156075431181451307e+01,4.085714824226668895e+01
8.227223380147809451e+01,8.113330732461540151e+01
3.775314624756443749e+01,2.768977989153637154e+01
5.178631642240276989e+01,9.825051012861118238e+01
1.102628566425008358e+02,1.160608327423323090e+02
7.144790680060404497e+01,1.773396649712485029e+01
7.993632639373589654e+01,6.856626405938983737e+01
8.644630356140304173e+01,5.137740093168322630e+01
4.860902831914035005e+01,1.034275267439966512e+02
4.259620600462802287e+01,9.411920837109776983e+01
5.437031633158882471e+01,9.646557542615991565e+01
1.000565748826933259e+02,3.500462401403927615e+00
6.363487640432697390e+01,3.793243850206237511e+01
2.827178908439304905e+01,3.005250515746352136e+01
2.902249031793683898e+01,1.412618371384211535e+01
5.162401252144891828e+01,5.368243580835022044e+01
2.693609389367281537e+01,1.032740085473099469e+02
9.155478781191682458e+01,1.065294494872269695e+02
2.021940223320938657e+01,1.140203758560988376e+02
8.740387966159769206e+00,7.706705891542422648e+01
6.738906685161441601e+01,1.079633863244472565e+02
9.989945798074437278e+01,6.953473327780996271e+01
1.908681297881741656e+01,4.338624087215278990e+01
1.928353638990587982e+01,6.475260110664642355e+01
2.255500242638176189e+01,2.190800768861671344e+01
9.276763124265431770e+01,7.707951815930121597e+01
2.175912769501846000e+01,2.712339299685587690e+01
1.066379477277492072e+02,8.690943508228593828e+01
2.095541523116444260e+00,3.338698984010343196e+01
2.354952400429164783e+01,4.328221194990926790e+01
4.868665541999224899e+01,1.365281041296821485e+01
1.299958241651688162e+01,5.615454713881447901e+01
2.085828438524526618e+01,4.971078435670521145e+01
3.777382949485948416e+01,1.492094656391239482e+01
5.612347335679834259e+01,7.929221624626661935e+01
5.464628511311691739e+01,1.096601618140706194e+02
6.781497507925098489e+01,6.290122851993213260e+01
2.969182163715057143e+01,3.695351853198948078e+01
4.313409762852340634e+01,1.534289879108079013e+01
3.522176076009864154e+00,5.393148237191417138e+01
1.139394459084240339e+02,1.099076354909600468e+02
6.711706564452505575e+01,8.030755973477252496e+01
3.795906969592958546e+01,4.620215595753809623e+01
1.076748332725069872e+02,1.053388484309015780e+02
4.175059557790186204e+01,4.670896441374028996e+01
5.879203505012212361e+01,3.877830970226030871e+01
4.116659074285993114e+01,2.708004567920744421e+01
1.130870955508404592e+02,9.002944059543987976e+01
9.082690169845760408e+01,8.088785372369969195e+01
7.090917821449994562e+01,1.137634077707990912e+02
5.173648484591726060e+01,4.569084589025003851e+01
9.103938328848288108e+01,2.133534552940475493e+01
8.394553067173998784e+01,3.164073225710630410e+01
3.831998708679444121e+01,9.326893996300412937e+00
6.602920305617783470e+01,8.373441168842808224e+01
3.230903830738894555e+01,5.322432683934395214e+01
5.408405885054668971e+01,1.696465981449718186e+01
1.012054251794067028e+01,2.710185032918182202e+01
2.135159832866211005e+01,4.846621360732707018e+01
2.536442423632621868e+01,3.698035722903108002e+00
9.652589633425218096e+01,3.008610585906247792e+01
8.172640547754804174e+01,9.140811562845811977e+00
7.420956936548205363e+01,8.803777178201318065e+01
8.180208282123760455e+01,2.008070697801608873e+01
8.148481613133937174e+01,1.067672965556773619e+02
7.078538008890926392e+01,4.759149020554004039e+01
8.186788208059769545e+01,4.874153945268207622e+01
9.458482834101116055e+01,8.964207630402749771e+01
6.821872546675490412e+01,5.938348417927144141e+01
1.453828730446002027e+01,4.391952035367216922e+01
8.491598825852522126e+00,1.040574948021896233e+02
5.600922608702080652e+01,2.042305382936699942e+01
4.904007577695626452e+01,9.088117508435666991e+01
1.112351521423953216e+00,6.949118837645849567e+01
3.245288534502982003e+01,4.771573003739324292e+01
1.166132490465818989e+02,9.764079932646143334e+01
7.242075559930017903e+01,2.340685355459683592e+01
1.154329116982170689e+01,6.761831436788239102e+01
1.707871539378619374e+01,8.871979317492103689e+01
4.606935724997609327e+01,1.057077093870359192e+02
3.317026804699566611e+01,7.519258685489752736e+01
1.007789222228399062e+00,4.757576806985655793e+01
1.150340395118217884e+02,1.323404807716263321e+01
8.206529177240713580e+01,3.092899395463056678e+01
1.190548432773823464e+02,8.012117882760486509e+01
5.455061218809520085e+01,1.997806443890489092e+01
1.034996397859550115e+02,3.439979901330705303e+00
3.463794423018040902e+01,6.680908322158032320e+00
8.928001608890482999e+01,8.854473208152624863e+01
3.501812367763572809e+01,8.396520655644548015e+01
3.198481841719835472e+01,9.059534027228694697e+01
9.775919651747751971e+01,8.650975397032256708e+00
8.723647159079010294e+01,9.385066539945349007e+01
3.475334779240742478e+01,3.311813705897802151e+01
4.121218017329767491e+01,5.262798508033812084e+01
9.764041650096383762e+01,3.972877948900665501e+01
5.433117250637619122e+01,2.639324745354497992e+01
9.624443080245086435e+00,2.672136936824794162e+01
3.519482234173305812e+01,1.118687570870171868e+02
1.131776249378194876e+02,1.037522337693994245e+01
9.940820691981944890e+01,8.913034938799749796e+01
1.492440937486492203e+01,1.055772443106773579e+02
1.082743325704551012e+02,6.841251026274672853e+00
5.304300385098952830e+01,2.805484515796707967e+01
1.075599130468745201e+01,1.179161879569914078e+02
9.540865060231111272e+01,1.081384302660358685e+02
7.189791009120435206e+01,9.889019533377310722e+01
3.060035461997675554e+01,8.226533331510006519e+01
2.221122786775049462e+01,1.125291317807400446e+02
3.278266728206042302e+01,7.689427267356296625e+01
9.220692181700947287e+01,8.422451466618706206e+01
7.451042561803396325e+01,2.087813542031542013e+01
3.914778042923628476e+01,4.264927555885746813e+01
1.061256707769177012e+02,1.116438994675494740e+02
7.853666025954126440e+01,8.192103490383338738e+01
9.079557135322203010e+01,1.914155784712878727e-01
5.548414364059943438e+01,1.139936034548580182e+02
4.177148480846194900e+01,9.115560449722519820e+01
7.611441551611110867e+01,7.700214307489730459e+01
7.406223245778016917e+01,8.355615793572353311e+01
3.857761070340578868e+01,3.062227353037538791e-01
3.538055229541078717e+01,5.584702690558874139e+01
7.538983984000116045e+00,1.198524891293088785e+02
9.831987800689729795e+01,1.159325251048250891e+02
5.905916312359394027e+01,1.121244550005610279e+02
9.333182197256165580e+01,9.406368123012495630e+01
9.349693735775187520e+01,7.117468240963205517e+01
8.761805328369459289e+01,1.037665255524076429e+02
1.328009311870149922e+01,9.610878807446562178e+01
9.731127601265619376e+01,4.933977462550598858e+01
6.739937822424383285e+01,5.844232476527232478e+01
8.957667355102054785e+01,1.062175132435663194e+00
7.225738004956170357e+00,1.009747674230080321e+02
1.112716671914251165e+00,7.552096506306936874e+01
1.079787463018759297e+02,1.171144607724299291e+01
1.099090027775322227e+02,1.616318645815364974e+01
2.033089893780103807e+01,1.045180790234530264e+02
7.836001733649587209e+01,1.016224924961859699e+01
5.336855965036441063e+01,4.901251631243363249e+01
9.376362319371465048e+01,5.979955073017101341e+01
8.948036467861325605e+01,6.163752833459195557e+01
6.221724798581313998e+00,1.067968335667820696e+02
9.109013825665523711e+01,5.735600951894554811e+01
9.960913304855660044e+01,1.059260829063928924e+02
4.918311380641382513e-01,2.356998717915385555e+01
1.057909086971236405e+02,4.762634038651420809e+01
2.263324118922471762e+00,6.595740145537106969e+01
7.020813486000720971e-01,6.987075495771578915e+01
7.810366164229434105e+01,8.052230032362727741e+01
1.140475423757824700e+02,9.460289171404822639e+01
4.362363086635117071e+00,1.189640524173211560e+02
1.122299146782192594e+02,1.579135615111826318e+01
1.194971377431855046e+02,1.546705907652405543e+01
7.060111899531173663e+01,9.268524755053748265e+01
5.637136187536395937e+01,1.388620195346006447e+01
2.089079820743733862e+01,1.036260764743749974e+02
4.199531024854904615e+01,5.173263222804126826e+01
3.341421356316950408e+01,1.665954974523538468e+01
2.105419792405715640e+01,5.809026504963967596e+01
6.977979866935564246e+01,5.025459412134821946e+01
6.146903143965046468e+01,4.086003455038313348e+01
3.530458585343082234e+01,4.700461542824432115e+01
1.177898504797562822e+02,1.475105771756144435e+00
5.941611666489647803e+01,9.553607804747760213e+01
6.596931174443869850e+01,4.569950827667916826e+01
5.047650602547618348e+01,3.683788774685113765e+01
1.063915110927690364e+02,1.034425251121662086e+02
8.663603727314831815e+01,1.941762843036802266e+01
3.390247915025809533e+01,6.249295904807931379e+01
1.271494072124203711e+01,2.319190082868106018e+01
2.395612776488093942e+01,7.051743184455618874e+00
9.416120850350002058e+01,6.957124947852719288e+01
7.715703254690464696e+00,1.119962137188645244e+02
8.589722544401342930e+01,3.241589144036325365e+00
2.175821768349028673e+01,7.929945076390731984e+00
5.690893334582355578e+01,6.875665848205490249e+01
1.025074577581651170e+02,4.793406775384563900e+01
2.170248944614643349e+01,3.718165798319945736e+01
1.568815865722105940e+01,6.737735710070414541e+01
5.087474943563930196e+01,2.490391899005643594e+01
1.137391203192811275e+02,7.802444261602690290e+01
1.025749457946019021e+02,1.296652843185666981e+01
4.318500977824479037e+01,6.232868109977648174e+01
9.196518426986109773e+01,9.032288416390208852e+01
3.712097981488383169e+01,6.565733445256944378e+01
4.572655748582938173e+01,1.981088930425864980e+00
6.289730191576005325e+01,1.572348620260980567e+01
5.776094592904220804e+01,8.446240835648129064e+01
1.098413685912523192e+02,9.339101296068295710e+01
8.472416322409598877e+01,7.030769048145413080e+01
8.044161492391592105e+01,7.652633977769646378e+01
1.034778274803810802e+02,1.006560762813794128e+02
6.364893555698098737e+01,7.052764081626551729e+01
8.806657733985829850e+01,8.317045465021921302e+01
1.755456752600780135e+01,3.263538521292739247e+00
1.124540877617183980e+02,1.639262678439912335e+01
1.132178188959499607e+02,9.228717082335894162e+00
3.051307707333991459e+01,1.807682015824583033e+01
4.032770738727595727e+01,1.144959532603370462e+02
4.326920900531787595e+01,1.160243409882272374e+02
8.611150655928335595e+01,1.663006153348547400e+01
6.694737807856793665e+01,4.847337891648292185e+01
1.078929611133215190e+02,5.383046844805269870e+01
6.919249895558913011e+01,8.966605043023427868e+00
1.045401070754604334e+01,6.294772665510028276e+01
3.816075015958676175e+01,1.916030438967291616e+01
6.067202965058589825e+01,1.530338037358387027e+01
6.615135789437383096e+01,9.103093931442258224e+01
2.645660399183654832e+01,5.698748722715201609e+01
7.976405314001924296e+01,2.421750099510158094e+01
9.081231017390923910e+01,3.958520398944551033e+01
1.174203698351532665e+02,2.426801157260645070e+01
3.931675645591843704e+01,1.024618254027348030e+02
5.352778957630488499e+00,7.273569103996146623e+01
3.136878031274846634e+01,4.902106636298641718e+01
6.403494948030211731e+01,3.088188177603974793e+01
9.585456353135718643e+01,9.830111974650930051e+01
2.074315792818996584e+01,1.122535665946883938e+02
1.857487232878108330e+01,1.112801893978951711e+02
1.196639276618220720e+02,6.255251522211322879e+01
8.168446340426305241e+00,2.093099204416112613e+01
5.801055983534011773e+01,6.928992520585504167e+01
9.687690621566152060e+01,8.528474028269700113e+01
1.259006761351018966e+01,5.935381335194255570e+01
7.381239896318150251e+00,2.785615797363402280e+01
4.748735356704397503e+01,1.007507116079795395e+02
5.326018460629254037e+01,9.820415977594973356e+01
4.006744850540063396e+01,2.689046665181988871e+01
4.175651612662235834e+01,7.544566128989768572e+01
6.104071981025031590e+01,2.349639005810904990e+01
3.050730094501612655e+01,5.065934894692831847e+01
4.495120610250292970e+01,5.919014097395078977e+01
7.578171127368109694e+01,1.144016736136628367e+02
8.295080790076423227e+01,3.472391022405064120e+01
3.108295137357008286e+01,8.731484163342688021e+01
1.025483502273709320e+02,1.004827508762082431e+02
6.848330113614662196e+01,6.125171655085443945e+01
5.033284842382113311e+01,8.927364382268660137e+00
6.383356157311547463e+01,2.763965142450258128e+01
3.727335460501168996e+01,9.467700269084470222e+01
2.121329855798762765e+01,1.404107935557163955e-01
9.349650221283688722e+01,3.558393015652372782e+01
4.409840251075847561e+01,6.582073476380983834e+01
1.122261579446937105e+02,5.379110006073109673e+01
3.465010133879528098e+01,3.930575070319680009e+01
5.540524820870562195e+01,7.037706036919092867e+01
5.863387733952089320e+01,6.067996638950707222e+01
2.633839287173729105e+01,4.560944832461687781e+01
9.510219730722137399e+01,1.195040405994889454e+02
4.752614782101413482e+01,6.922251703822045954e+01
4.698886646987709526e+01,3.960357076989831882e+01
9.509491282678581570e+01,7.512264527072153442e+01
1.153176357707107655e+02,7.480265513501254304e+01
3.588914126646015745e+01,1.086919929659059960e+02
1.172236023577004005e+02,7.721357777372662667e+01
5.146577276804398338e+01,1.168289103354960474e+02
8.858736372502661993e+01,6.278412243223123568e+01
1.189537013681551088e+02,4.499983077181690660e+00
5.492584220739554723e+01,9.798116036620510272e+01
1.072567397945392713e+02,6.592098013324854833e+01
2.891466412204526293e+01,1.261468025709572949e+01
6.901171894104125215e+01,2.806447045234413551e+01
1.120576858525218853e+02,8.915419496667169597e+01
5.465597545372907717e+01,1.034744062109510025e+02
1.086455595790476707e+02,1.023960032235541604e+02
2.986375958741308523e+01,9.032335924608960909e+01
6.761440792111817188e+01,6.117936156865363984e+01
1.101288043852658234e+02,8.518172307319694880e+01
2.232852321791967398e+01,5.915414673936898993e+01
3.703217360952816506e+01,8.787004725531677707e+01
1.169941618762966726e+02,7.710768386623885817e+01
1.491822945079876916e+01,3.527320061984649158e+01
3.467823508207662542e+01,8.879685427422137423e+01
5.845579955685891171e+00,1.189801957329604534e+02
8.416580584892452066e+01,4.951290218453314651e+01
3.268246172275559758e+01,1.648682175006870665e+01
8.448480717408818919e+01,2.898636215326721910e+01
7.204745502465154061e+01,1.598345045341557302e+01
6.469196791755189224e+01,4.902188251504941263e+01
3.599557503484573928e-01,2.092962904743697194e+01
9.399453499043306692e+01,1.014883858001874728e+02
6.264868913057641819e-01,1.128215851574274922e+02
3.632960207728941526e+01,2.925245583135549055e+01
1.142581484662142088e+02,4.551508242962800921e+01
1.132270511732295972e+02,1.069279487866127027e+02
2.501755194679505223e+01,9.181362584181242426e+01
1.982808877020016425e+01,1.409042458590420210e+01
4.804485807386056351e+00,7.318522893983228528e+01
5.226949780364332554e+01,8.389594489518391640e+01
1.187919270583435178e+02,7.823764331715550213e+01
3.102169753855823586e+01,8.063515648832710880e+00
1.951822173881485156e+01,2.314374240952122364e+01
4.863353720684044390e+01,1.206806549079548319e+01
4.870624391618898130e+01,6.696747605942084647e+01
2.227419262563660141e+01,4.560154352657310284e+01
9.737708823503184874e+01,7.033591733651800837e+01
4.550966715646786298e+01,9.847985162675817605e+01
9.956006483807446727e+01,3.178504499759876367e+01
2.700756244642592918e+01,1.113583863147465713e+01
3.480057451516627154e-01,9.960989784780618095e+01
1.188194810725471058e+02,8.617814285260172369e+01
5.937215004456910350e+01,1.123523360825479500e+02
9.478820636592242010e+01,6.224974775257011572e+01
6.950280687511607880e+01,4.887829770018771569e+01
1.206176028091071828e+01,3.651433202993994342e+01
9.551580747624682033e+01,2.895780586774066023e+01
1.119165395744592928e+02,7.382966702157933980e+01
1.091281457025276183e+02,4.340121971734805584e+01
8.743594392981907504e+01,7.378072225552875807e+01
8.073185260420299869e+01,1.052109138287321457e+02
2.881191159902336452e+01,3.959495256169753929e+01
5.581150447995710095e+01,5.072317916537027571e+01
1.012497311907675055e+02,6.792929190476723988e+01
1.851726000810657169e+01,2.039054724445783506e+01
5.361095086603508264e+01,2.701426489163290512e+01
1.777303719730854681e+01,9.984016674068375607e+01
1.196308720802368555e+02,6.037460509993217528e+01
9.171047386810404589e+01,1.162674360382966796e+02
9.003879190195013393e+01,7.472665860674391070e+01
1.921021692579776641e+01,5.722478040152221723e+01
2.462592260113941833e+01,6.207032029425069197e+01
1.287749657461949226e+01,2.630773587837618166e+01
1.550595910777632369e+00,3.252134275345959935e+01
1.038768155558960018e+02,3.550558247766601028e+01
6.872667791796781955e+01,1.269876769337924038e+01
5.485969110228539591e+01,1.000544923865085991e+02
3.026714800909105207e+01,4.700633138572546699e+01
4.701741255893853122e+01,3.806688196871851915e+01
1.065275806060791552e+02,5.536627952047827250e+01
9.329360064947795195e+01,7.387308932510528336e+01
4.104944881023910597e+01,4.393277024236641637e+01
6.929456742233270461e+01,1.187703255812166958e+00
5.714929094116277497e+01,9.715698895118067924e+01
1.987046504112826995e+01,6.814270298304893458e+01
1.122988669879324561e+02,4.396982578691108046e+01
8.846289178980224222e+01,2.188564343762152475e+01
3.512038541763890720e+01,3.428983265090194976e+01
5.086364385497172691e+01,1.999995365652601720e+01
3.257136919259070140e+01,9.382385377303712914e+01
7.987793057772333327e+01,4.406332151742768133e+01
6.036293670862317384e+01,1.855711175629519261e+01
1.094948038382366562e+01,8.613384646797031508e+01
5.331833635352958112e+01,7.035352221388766480e+00
2.585142702745001131e+01,9.609360271388442243e+01
1.815847317930448312e+01,3.862292927174460289e+01
9.350548894765928765e+00,2.007526751694083345e+01
4.370429523626705759e+01,6.293777553446644646e+01
4.152934369707741524e+01,1.216786386620691474e+01
7.894359217496625547e+01,3.340872282134667870e+01
9.077947772678821536e+01,5.620285033411798992e+01
5.183844689075933587e+01,4.097645388774038366e+01
1.143616709657096919e+02,7.460927749734065628e+01
1.173438857204020138e+02,1.101405105246630995e+02
8.370808452867903782e+01,1.054671819012308163e+02
1.084774944663569585e+01,5.286903475534776575e-01
1.157162655644369096e+02,6.785446686944379735e+01
7.799350264313316927e+01,7.340030754368554256e+01
1.109901108626367403e+02,1.005411162450024278e+02
4.692120445287136477e+01,8.018790044759454361e+01
7.739883050183561863e+01,7.218618958626166204e+01
7.488838334553462062e+01,5.859795411466446069e+01
1.080837082285024842e+01,4.783754637560198830e+01
7.691487475048020883e+01,8.310872607850221527e+00
9.949060060489688340e+01,7.824591473272300846e+01
7.877973354497864023e+01,6.079542770454489897e+01
2.243179746207376368e+01,1.134245904476545377e+02
2.657658817743561386e+01,4.066581358643623645e+01
9.778045694747946470e+01,1.974852348504846589e+01
4.202708889654334001e+01,1.162646198846756960e+02
1.002105350866493012e+02,1.080196755062906959e+02
1.023770359532970957e+02,3.318025866493738363e+01
1.167037040328597470e+02,1.053717960830731073e+02
6.760715608734808768e+01,3.645681692965845855e+01
7.902410864057276285e+01,4.713811298795751270e+01
8.742715773122031919e+01,1.039405543354759516e+02
9.325511077560183537e+01,1.288175695075109317e+01
8.830835158749451352e+01,9.933811348633963689e+01
2.524872172989122987e+01,8.311764325201193060e+01
5.352372502311409619e+01,2.444604701738303731e+01
4.435614142257903580e+01,3.271911938657581231e+01
2.622665549673945051e+01,5.092145692731360640e+01
1.149232184823617899e+02,6.104452334693828419e+00
3.133756168336799419e+01,7.671261537687024656e+01
8.284369561412558980e+00,1.147288026449520402e+02
9.340873470131586487e+01,1.459226382161583757e+01
9.785593984038216675e+00,6.719562302165155643e+01
8.627383528773972898e+01,1.154708520970010852e+02
1.102212975490328617e+01,1.062337075789267118e+02
1.182000115509309097e+02,3.524004980232251683e+01
3.731723082678558967e+01,7.662075635377095750e+01
5.053727644417999443e+01,8.131137651821758183e+00
6.627159853628138819e+01,1.175005665795039533e+02
1.085181711606422255e+02,6.799233070928174527e+00
7.757122304436674654e+01,4.551568338357960641e+01
1.090381425850258239e+02,6.323574490140957494e+01
3.147493613929165690e+01,1.579304216007328421e+01
3.680627848074338182e+00,6.629739726422538837e+00
9.066616751569800670e+01,1.537378553989174002e+01
6.514410322490046212e+01,2.039126127498314034e+01
3.540806898141119063e+01,5.315316365426711087e+01
3.094183929437928526e+01,3.545580268940461366e+01
5.870774552267300095e+01,4.292865510222924996e+01
1.637556204676683791e+01,7.581134554146454718e+01
1.191220572192366092e+02,5.176744466695762270e+01
2.005378909957574507e+01,6.864898440396029855e+01
4.183491878923669560e+01,1.047662767419005547e+02
5.298358754802024606e+01,1.052485500434128056e+02
2.244284913477536669e+00,1.457023613036076526e+01
9.097468635709390128e+00,6.085233182070396651e+01
6.456625364154716351e+01,6.847299785651053128e+01
9.915745559666308395e+01,6.875258365052090426e+01
7.602062858916670507e+01,9.629898988955083894e+01
1.069195500470161306e+02,6.745802297258359204e+01
8.046231946123435819e+01,1.153484106785723924e+02
4.443637153203858503e+01,6.794706394927578685e+01
8.294987709756888705e+01,4.148912451488735087e+01
1.429350753609756808e+01,2.934842820097502880e+01
6.744243109421630322e+01,1.345403565469460716e-01
1.183377449170094593e+02,7.617112358785492177e+01
9.600166862958832326e+01,7.543037912613485219e+01
7.579251850011810632e+01,5.962699488121262448e+01
1.047973030742457894e+02,8.749089148292435425e+01
3.631661874230226772e+01,6.949748804703297367e+00
1.072660878444414152e+02,9.147834281815256929e+01
1.044308263584646568e+02,1.112446634328568678e+02
7.465788449550439054e+01,8.769343200890054391e+01
8.984343702478513194e+01,7.393675035108968530e+01
8.347769988295219434e+01,1.048802048347847737e+00
3.252731363440024381e+01,4.175995979507460731e+01
3.977511186852687786e+01,4.006423105268875418e+01
4.706557713724344438e+01,9.228067659471994943e+01
6.435416549783747087e+01,6.590067082004092924e+01
1.143352592861733399e+02,8.562199569587998838e+01
6.779384485063766341e+00,9.735746803452178710e+01
5.952432037511918139e+01,4.544722277266056665e+01
6.762334489367813717e+01,6.135300839924812522e+01
4.852174702285073238e+01,2.447822095624862726e+01
2.907861261972711731e+01,4.067942789208383658e+01
1.084607778721187401e+02,2.170097571934670100e+01
3.858723379506945861e+01,4.724577963594222751e+01
1.028094919756852477e+02,5.221464982394738996e+01
5.983987203125715837e+01,8.611230387447449175e+01
1.093395055120162027e+02,1.182674348396696331e+02
1.114914851599128269e+02,6.918332597201531087e+01
1.818922253433446912e+01,9.557656092118040903e+00
5.672348650293097450e+01,1.439250056264843813e+01
9.239625298205460524e+01,4.348021664272965836e+01
3.900798565375846749e+01,6.490014004264564562e+01
6.622885326235990533e+01,4.502725792217003864e+00
7.489100329354296548e+01,5.517871777218388729e+01
7.187362800818652886e+01,4.635616199966955264e+01
3.529175819305420703e+01,7.892329986161858812e+01
1.119272219214129365e+02,7.587730169219847198e+01
3.050035822189758328e+00,4.646368229557853446e+00
5.070652634325288943e+01,4.376115681985431394e+01
1.034149751237682580e+02,8.192549840639192382e+01
1.762019115823942883e+01,6.946437479099425616e+01
8.758877851969572248e+01,3.352616082284653487e+01
6.275737381361722811e+01,2.716995144808486273e+01
2.095105604903229946e+01,1.101358047314078590e+02
6.033539932415425966e+00,1.566042158647072746e+01
4.630094490346226621e+01,5.915489699234527876e+01
4.982167938321009615e+01,5.649324086294647174e+01
9.447464469547850285e+01,4.306773703465038494e+01
1.137156006034439883e+02,6.443369840913781843e+01
3.482452536983170432e+01,5.165027718901067999e+01
8.438877760923709559e+01,8.671370499813532717e+01
3.782571086752079026e+01,1.152604939683868963e+02
1.018322504846594256e+02,4.686007512077173232e+01
1.042753771299689269e+00,1.111633885979859002e+02
1.101850509272631626e+02,1.782394019703080446e+01
6.944307386101158386e+01,8.971111942669753603e+01
3.111587004000224610e+01,8.898173169112945402e+01
7.191326566470810633e+01,2.682992766019317799e+01
7.746386674745292567e+01,1.194940421513495465e+02
7.243048373892457903e+01,4.437425752744511698e+01
2.154580181486612034e+01,1.172442900473704128e+02
9.690694898311053862e+01,3.307759956003996393e+01
8.967701018485661280e+01,2.534847183282640160e+01
1.159886927712395277e+02,5.815813748890370505e+01
4.350312269588597047e+01,7.509833303435394214e+01
5.685818793522120984e+01,9.197821931705396636e+00
4.784286539796605098e+01,1.104803399364946870e+02
4.669294139869872851e+00,1.146581801571635566e+02
6.773584563769783351e+00,6.531549922107691941e+01
8.167951748380889399e+01,1.033346160076468863e+02
2.559343350090523828e+01,3.065224387087216940e+01
1.062576632478638885e+02,6.188441238810582945e+01
8.855072195511249333e+01,2.916711698229313754e+01
1.015312917088049716e+02,7.023256494937820094e+01
5.212000194566419253e+01,8.043209174303262898e+01
9.155888439577598348e+00,4.178233108268612739e+01
8.334808069422410881e+01,2.313503066753444770e+01
4.555961937779575699e+00,3.250981697292586858e+01
5.576924348547915855e+00,9.822626807909306024e+01
4.474831390534836828e+01,9.959989418572773445e+01
3.254811438209762997e+01,3.227354442350860353e+01
1.086824891641414297e+02,5.710332429765779949e+01
6.176235088335263157e+01,5.875538181724476772e+01
8.914486728866590681e+01,3.200933104983128175e+01
5.511447269782583191e+01,4.345844652616963799e+01
3.283580987433291654e+01,5.529114372888730600e+01
1.687833530820260819e+01,6.023157475479425926e+01
7.343737542683196295e+01,4.204620304136562225e+01
9.042522686144076616e+00,1.125289244217645148e+02
7.812024908699558523e+01,3.397227524203576365e+01
8.892677572253627716e+01,7.813903244605333498e+01
7.628497693965998394e+01,1.328091004989559210e+01
9.145443084233387765e+01,1.023432744727552972e+02
3.988965089351020765e+01,5.994842975360849380e+01
6.296761386286485873e+01,4.605671650042539511e+01
5.118106682633940352e+01,1.165836052712854496e+02
3.868088767189856014e+01,9.425630756135356592e+01
5.319153556316100406e+01,7.123127669482181545e+01
4.699274853853882661e+01,9.842957453792702438e+01
1.154732685098354494e+02,4.601746048340704931e+01
4.715707086566322914e+01,9.861825553704450442e+01
2.223640169876521355e+01,9.369615527944107214e+01
6.349520451374883834e+01,1.107543966798897088e+02
1.093618627474669012e+02,3.434484974473119223e+01
7.988088551948914073e+01,5.656652521953684243e+01
5.340279727024422129e+01,3.692015235522110572e+01
4.120489446369742126e+01,1.701244057141307664e+01
6.371823616991716221e+01,7.371285456053742280e+01
8.541471584941706396e+01,5.068258681580802261e+01
8.085954738441186862e+01,3.903044883411478594e+01
1.092055872832205807e+02,7.038969609228051638e+01
6.498813699543404709e+01,6.378988356650525660e+00
8.508493871017655863e+01,1.127468212669058403e+02
2.696392886245373433e+00,7.646232193956499223e+00
5.198370988545431004e+00,9.848378431132651656e+00
4.115244914147889688e+01,8.162356154303995481e+01
9.029115769199385966e+01,8.880524104561862941e+01
6.370501379121132857e+01,7.750310025634792055e+01
1.026725006204865878e+02,2.787445749986851595e+01
2.510147932046622543e+01,4.275764287291265475e+01
1.024842830884469151e+02,3.715516604836630421e+01
7.197083587201120736e+00,7.411142929016374126e+01
3.683979370047926238e+01,1.582240455494238773e+01
2.956075905911740875e+01,8.403231836359445595e+01
5.728482564920843600e+01,5.967140240173143262e+00
8.914615054203271427e+01,1.094855094993377662e+02
9.007640078721379950e+01,4.053164331152568423e+01
1.124702413653705690e+01,4.579441872332633778e+01
5.520198196209010888e+01,7.788221600567352709e+01
8.553147400712268222e+01,1.171525467213313618e+02
2.898293410335536535e+01,1.198748639427060851e+02
3.145630028488519514e+01,4.174448961426748816e+00
6.523882479194388395e+01,4.773272823444103352e+01
1.298644973647733458e+00,3.272970577508017698e+01
5.477302358727006748e+01,4.840415408564626709e+00
7.440126007056218782e+01,1.102080262078864621e+02
4.069279040199076292e+01,5.243995721205450167e+01
8.479685606169439893e+01,1.136786198797986174e+02
1.127338426876149100e+02,1.176769688849633297e+02
2.955742094037142920e+01,1.019747491013159646e+02
4.380353453193361446e+01,1.036956130310283442e+02
6.935885808021241417e+01,1.047944752693898529e+01
7.947693590554612797e+01,5.184696360270114468e+01
1.030035857269235038e+02,2.887274123732275299e+01
2.732059296896056111e+01,4.081464448289997549e+00
4.972279932738565122e+01,7.732842665115180480e-01
1.028008114622819420e+02,2.448583420669321953e+01
1.929302333373696854e+01,9.247375537165791570e+01
9.140810463052858381e+01,1.108982076315825509e+02
1.029392703292379281e+02,5.577494742961625462e+01
8.449792710225004555e+01,8.360923262258623367e+01
9.102184315828179706e+01,7.520246633327575125e+01
2.780683355339686713e+01,3.752208353295439025e+01
7.618640473052693096e+01,3.205316847415291548e+00
7.550175624537168062e+01,8.383875602142705930e+01
5.381021136200524779e+01,2.914164416462270424e+01
7.771604641473491881e+01,8.864613958519679215e+01
7.273250852445704595e+01,3.589133004962998541e+01
3.580333771276855970e+01,1.207312615982161219e+00
7.992783488191952301e+01,6.204437055568278936e+01
1.058569977418151922e+02,1.766561404157265969e+01
7.700519495824777039e+01,9.062211817173597694e+01
2.479659661630346790e+00,4.040124737688982037e+01
3.831091433560593629e+01,6.934899452991356839e+01
7.965671651618481519e+01,6.090685091050862354e+01
4.960042535174261502e+01,1.049992671189696267e+02
1.568888219828005859e+01,7.865262822512001151e+01
4.668113359817454722e+01,5.376887883013344549e+01
8.901234286315725797e+01,1.169236244119066370e+01
8.588715014167341621e+01,4.522136284081747704e+01
7.354724987731441388e+01,5.150784034200549399e+01
6.923647950081709723e+01,1.123671717960933734e+02
2.858112327026220001e+01,5.934319336088091923e+00
8.273414105766046589e+01,1.388022856868315813e+01
1.034114532412359324e+02,6.669431486344944915e+01
6.561105719424689653e+01,6.803997179563243947e+01
1.079292431702081103e+02,2.790713387202043982e+00
1.393689425563517936e+00,2.786307032194296340e+01
8.640847351054411263e+01,2.300508882469072702e+01
9.122122575856717219e+01,1.111057318510052454e+02
8.044169023228890580e+01,5.720382454062399802e+01
6.540397274768500324e+01,7.309483299298729087e+00
9.295421398176226546e+01,8.300490914508621643e+00
4.311314470837926649e+01,1.041808241759550384e+02
9.644769265603719077e+01,3.925278888286447909e+01
1.122900480399099763e+02,7.981325285851947626e+01
1.053715146341340159e+02,1.187574319894286390e+02
1.091514031917265868e+02,5.205424947783719603e+01
1.448875204641266734e+00,2.487323909595529869e+01
7.911519476717137422e+01,3.001056353845513769e+01
4.547985009459373629e+01,5.265964164975382289e+01
5.237111769590448063e+01,6.943195896937164946e+01
9.619068625197216704e+01,1.169852910721500336e+02
2.398103424730996380e+01,1.021249762897953133e+02
1.180694094317185083e+01,9.902215496993328259e+01
3.298384458930132013e+01,4.588041367491211986e+01
1.081750234708714231e+01,9.823414277414838125e+01
5.036971078518129019e+01,4.616699335041607455e-01
1.112551519042749959e+02,4.400844323755964638e+01
8.079632801178716761e+01,9.681589109438829155e+01
3.654591597668186864e+01,7.091923562391754388e+01
9.620123923287088985e+01,7.460484628103332128e+00
1.109455073027865524e+02,2.914024156514039987e+01
9.273030281707795552e+01,7.268453205610369139e+01
5.661137880066782913e+01,2.000381135565479696e+01
3.137058226302864128e+01,7.760956787619419117e+01
1.077917025334505894e+02,7.596246026599492041e+01
1.263341435801617862e+01,1.256692799281435313e+01
5.497120942738617089e+01,5.739573721729118461e+01
6.034416511306545061e+01,9.841477087300667392e+00
8.014814757380398191e+01,3.634168099648151440e+01
6.199619288881588375e+01,6.173041130858189263e+01
1.182241133152027430e+02,3.398348417036117297e+01
3.504724494344635133e+01,5.825657208033051404e+01
2.913483234441600445e+01,4.450421493984612198e+01
2.103033412836973426e+01,9.127961031238434941e+01
1.065904764159917022e+02,1.070228010841572264e+01
1.465517270294008689e+01,1.824064642180603357e+01
1.001712280964603394e+02,1.145967145641162404e+02
6.273715458510122289e+01,1.272875545892727800e+01
9.970031407726536088e+01,1.206451982135905432e+00
1.186639657128032894e+02,9.774818676640568071e+01
2.996353028131433760e+01,9.784357744846667515e+01
3.741897267980740338e+01,2.023001999206298862e+01
4.305673043139378109e+01,8.399946168528874324e+00
1.071978293094716577e+02,1.918982575264849544e+01
7.521042692085829628e+01,3.632987437525930829e+01
7.536576036999282735e+01,8.574716092349499164e-01
8.120436940505710766e+01,1.182674420314069010e+02
1.138388293627179415e+01,3.932071150450732233e+01
1.145399038362633632e+02,1.045845635640926048e+02
7.056715730718426016e+01,6.758587246097012269e+01
1.026514150911037149e+01,1.083959610828420210e+02
1.133179736993280500e+02,7.667342711732914040e+01
7.044835732314466270e+01,4.724673887127519833e+01
1.677258886920100522e+01,4.630973060574853406e+01
1.425950637493569673e+01,6.958963227607715396e+01
6.518235908603573492e+00,2.255184945628227666e+01
6.157116882497789589e+01,9.677991408073090440e+01
9.139005842291446413e+01,8.779726812503062661e+01
8.052350895748487858e+01,7.934260987173944457e+00
1.185391053155420877e+02,1.170471714795121017e+02
6.497196338085129241e+01,1.155096393570995730e+02
6.139589880851601578e+01,9.345826914184615930e+01
1.257150802378805921e+01,1.126444835628897039e+02
1.046014728184094906e+02,1.092823269127058268e+02
7.032812872368184287e+01,6.668942305104471302e+01
8.753034306554916100e+01,2.871786500408930465e+00
1.304956075915672997e+01,3.205012994337399590e+01
9.805752732544343075e+01,2.897672443061149039e+01
8.365468400239139157e+01,5.385491926861590883e+01
3.421851905999509569e+01,8.464941204852213730e+01
1.771499305342457831e+01,9.173635452874447083e+01
9.417114114226556865e+01,9.641873920130012721e+01
1.938497876098813322e+01,6.104131744077185573e+01
4.585927542080467845e+01,8.147035019800287614e+01
1.094741207345112883e+02,7.158037172655070890e+01
3.796294793848630889e+01,6.779494583905952254e+01
1.003415656973660788e+02,3.102371254431714931e+01
6.502198848972352607e+01,1.341547738727995487e+01
8.362800941468938731e+01,1.109110514824601523e+01
4.174928516717073279e+01,8.422811024662127011e+01
4.800958134687095935e+01,2.133436817405413422e+01
4.507710289708251850e+01,2.455810438695833042e+01
4.047639657061479213e+00,1.872060453626029641e+01
3.499729598181444601e+01,1.179156617200170842e+01
7.144258157693946032e+01,3.291159122796314307e+01
7.667718053728079042e+01,7.320120066723583818e+01
5.850430027451216652e+00,1.493889405873591869e+01
1.130193917832533756e+00,1.329639392197974246e+01
5.769581046082122100e+01,4.571433386997198056e+01
7.182546590462584390e+01,9.618132617678099905e+00
7.128878588252218762e-01,9.059966858152162672e+01
6.055663973626597851e+01,4.081329946518343910e+00
2.907836009252006448e+01,4.339516358630403658e+01
2.712863912499063446e+01,7.323634849644733436e+01
4.989061087459207755e+01,4.012123333055319563e+01
8.064126025639197337e+01,6.014050947415184822e+01
1.081682932772826007e+02,5.098205199218537587e+01
9.740901197720212679e+01,1.177876696414203366e+02
1.140875999262839855e+02,7.559563172871844472e+01
6.575372289163565753e+00,3.035513140283496725e+01
3.450242055819492037e+01,1.181612336305731077e+02
3.836399362637151711e+01,1.965518997560369030e+01
4.941988922638157078e+01,1.083094218409828073e+02
8.726032802505656605e+01,1.055424570980976711e+02
2.576339775637011442e+01,7.597722658168969190e+01
2.043565309818851006e+01,8.779445080485004382e+01
7.451625669652177919e+01,2.252709388121174072e+01
1.706586269469863026e+00,9.558896579387312897e+01
9.550922201446826421e+01,9.150728898826658053e+01
4.641848362159812069e+01,5.278874185538082742e+00
8.283949374838341839e+01,9.036483960043024410e+01
9.990775473210985069e+01,7.342301793849781433e+00
1.702571873326890994e+01,1.244698742968921579e+01
4.359841965542852193e+01,8.412863497877758334e+01
1.117883788926793471e+02,1.139726392560121013e+02
9.069279408376227991e+01,1.109590121735397048e+02
9.440141945768084497e+01,9.978692359058926797e+01
2.957053698300193822e+00,5.098720000387475437e+01
5.828036171951627864e+01,1.032783093675231356e+02
3.768364796260991056e+01,3.418063932556921003e+01
4.809802165971722587e+01,1.154147616661750817e+02
1.167283495984921586e+02,8.296559133906771422e+01
8.480958919143991181e+01,1.207859008386964916e+01
1.018621967358093343e+02,2.590689034167144200e+01
6.197441799953564612e+01,6.529592567256626978e+01
5.526587950100796398e+00,2.969037991858775882e+01
7.155192402486190417e+01,1.071576068707296230e+02
4.195772164180913144e+00,8.289103627532475116e+01
1.192246123136663982e+02,3.090587213893842744e+01
7.565267532645876258e+00,1.048475087117444247e+02
5.164173592104313570e+01,6.523458217633010747e+01
2.944300023455509674e+01,9.635251370094503898e+01
2.987782887064895121e+01,3.640012320565693216e+01
9.992591521905747243e+01,3.636813858975752822e+01
8.843910378400740058e+01,4.324409220051208536e+00
4.556011086560067724e+01,4.566184542575923899e+01
3.439563025395726470e+01,1.404536592507192871e+01
8.775404200555560408e+01,2.522828298183417139e+00
8.355372924285553893e+01,8.963472311266416170e+01
1.038502148938516996e+02,2.427387392550265588e+01
2.771201713816312662e+01,4.379237341565563923e+01
8.527851034002127051e+01,9.632311767895592425e+01
9.946054446876162558e+01,8.591255623953674103e+01
5.221706563071779073e+01,4.288893970236698294e+01
1.874167526621175384e+01,8.998820620666582215e+01
5.468097950782022565e+01,5.334561583025361209e+00
4.470911390315701084e+01,3.483719654933628362e+01
1.876095888417458113e+01,1.125451164618989708e+02
7.573198550774601756e+01,1.019455079815009668e+02
3.882282142613097164e+01,4.933423621516184454e+01
6.301323838883455863e+01,1.095581253274802691e+02
5.561467374775939732e+01,1.086307948208469867e+02
9.567379296025046997e+00,8.418563032755866971e+01
6.439996671210559498e+01,2.942866988204805523e+01
7.929043469707273140e+00,6.861124219972596450e+01
1.122266315060621196e+02,6.650864875537554610e+01
5.884333339452754785e+01,5.860683940617148835e+01
3.967798188225124534e+01,2.807084570567851500e+01
1.689389782931209538e+01,1.055642017525605780e+02
9.651388494622193548e+01,4.470913647973968352e+01
8.200364584669529222e+01,6.421966902724973636e+01
7.798531370155109244e+01,3.482503231554228762e+01
1.087215797978985705e+02,6.512720843929061232e+01
6.825444845204410171e+01,9.675059899385693996e+01
1.143894391496640566e+02,9.048332206542187350e+01
3.527233891208067007e+01,4.704095297576881762e+01
7.829132728558101384e+00,2.198437551278995983e+01
7.168700741920572739e+01,4.609525606138540610e+01
6.715421471534899212e-01,8.016227141662989197e+01
9.615441297901172391e+01,9.806534853873715463e+01
3.027373278375072374e+01,4.062559935884557660e+01
9.470196725547953776e+00,1.092475100830335464e+02
9.573389802242840574e+01,4.226969599098097063e+01
2.620508302388215327e+01,7.972041289753181559e+01
6.695853181161722034e+01,4.113150646212302064e+01
7.329826523111756842e+01,7.895952182089965277e+01
6.590873643749985433e+01,9.447038593947257823e+01
4.267530946726247976e+01,8.374794609704918003e+01
6.802899424799952044e+01,1.772517659411487756e+00
3.576619120278183850e+00,6.187882992754907718e+01
7.047887174175157554e+01,1.868921613545833083e+00
4.691490245191334907e+01,7.384634816472383534e+01
8.995351256202769719e+01,4.946544742372438463e-03
6.175588741528746795e+01,5.009804953890274959e+01
5.721289123068034854e+01,6.484007115753057349e+01
1.329567070593450495e+01,4.103876506682733805e+01
3.564692934837073324e+01,3.739364017229691228e+01
7.331312508738123768e+01,8.454980543925159964e+01
7.650439956217819315e+01,9.042288078625328751e+01
1.832716475176368576e+01,2.352021608520460205e+01
7.134692832423432662e+01,8.925966898478490918e+01
6.528870799239879830e+01,1.376942664107227898e+01
3.362711675342231388e+01,6.014672472622191179e+01
1.083788433495464858e+02,4.954142597853548580e+01
1.141595433453944963e+01,7.776767905144309623e+01
2.088023989167590244e+01,9.814008511388682621e+01
7.739317750972516308e+01,1.065562734574107822e+02
4.028812801733554494e+00,3.258560304945758901e+01
6.855877401885729228e+01,6.565728973311995276e+01
1.042508634425268532e+01,2.224604299470354363e+01
6.086213448593588993e+01,4.228040560404317461e+01
1.198444391057688989e+02,7.030698854253054719e+01
9.686947184855549153e+01,5.122941042056260130e+01
4.015109772073580530e+01,1.132738044567201712e+02
9.670121463420061048e+01,1.565974770291806095e+01
1.079164635560894965e+02,4.546358527726298604e+01
7.651256728518482930e+01,9.240720359893128943e+01
6.106594741821099603e+01,3.524517236375233864e+01
1.000259110624407697e+02,1.587528521841683471e+00
1.193505826256866698e+02,5.076715410377359206e+01
1.144223664749118115e+02,4.268144467928300401e+01
5.734391208609688206e+00,2.337491160634264986e+01
2.706599664425112550e+01,8.109787389160359794e+01
1.102007213690011582e+02,3.083393049147802145e+01
3.934794302481274819e+00,8.581559175367470260e+00
6.173310173392120959e+01,9.853723283863627103e+01
9.962892421235822837e+01,5.885359434775531895e+01
7.906074644461902778e+01,1.166946674736732064e+02
6.769907484971379574e+01,2.891704913155243162e+01
9.999053525306563017e+01,1.519929285449330791e+01
2.209896178492972751e+01,9.741182729502796178e+01
3.077071592259056487e+01,7.168850559212006601e+01
5.966712182624465299e+01,6.041677948475651050e+01
2.933167260078363014e+01,4.284797232935834188e+01
1.004489047661374173e+02,5.892020744653655839e+01
8.288705663384480005e+00,1.047770191387082122e+02
1.060865286568708683e+02,3.891777197080561024e+01
3.311923389378562632e+01,1.074297823646030565e+02
3.470181859914695366e+01,2.138264427406468826e+00
1.071124263504922851e+02,1.093400123837333098e+02
2.515323628004347256e+01,1.113207614267944763e+02
4.165427564224816592e+01,9.798710824543810816e+01
1.097061436927716329e+02,7.424695297741041600e+01
9.764624029481493039e+01,2.179853956848241125e+00
1.972715059185220809e+01,8.889036173371289351e+01
6.595463753669586993e+01,1.138525309444172393e+02
8.674407131116437597e+01,1.108645987794256058e+02
9.838036597222988178e+01,6.589439571738424206e+01
7.473661709095645733e+01,2.020799752229287805e+01
7.776052549072787201e+01,1.518704781083507704e+01
1.173871913619500305e+02,9.838682025009241272e+01
7.664043737988929195e+01,9.934846238587704192e+01
3.425880683509338809e+01,3.663658835720239892e+01
1.062030302772021173e+01,2.368115912870543482e+01
1.485761579663188314e+01,4.669447890495617060e+01
4.383867580174607781e+01,1.106973621851997791e+02
1.102071453783334505e+02,5.352024799961964874e+01
4.877423685136194820e+01,5.953452275540152527e+01
9.151193704146949415e+01,8.867893103043192582e+01
5.737338541910864365e+01,8.295046983858888723e+01
8.060908106329627287e+01,2.590555608060196846e+01
7.550085498895028024e+01,2.105312416393090302e-01
3.695913492172606851e+01,4.020642730355161731e+00
1.462246557913981704e+01,1.057554039458001256e+02
3.555096670311970186e+00,1.437570707948042781e+01
1.191902512195488839e+01,4.848243035627884012e+01
3.096166800999014512e+01,1.958819533852442163e+01
3.470044557954749109e+01,2.098574874420057412e+01
7.693305153568690002e+01,2.089295656256233613e+01
3.103306695729324360e+01,7.287136436267620354e+01
3.892042963250585785e+01,4.726401914690001860e+01
9.589467677366116050e+01,6.250591300662704697e+01
1.352794724650527058e+01,5.304871297000865127e+01
4.176276328939707128e+01,8.523520063186364837e+01
2.496584392357014792e+01,7.448609303790181002e+01
3.616296584268408765e+01,9.443985259185086534e+01
4.530128899076734683e+01,7.540592980867121753e+01
9.423809914498288975e+00,8.885547526218320513e+01
1.164307143712739219e+02,6.036264075164816489e+01
4.225356325148514713e+01,5.555171300907245779e+01
5.876046416728863164e+01,1.085872376554427348e+02
9.543716585678025410e+01,1.140987664780421227e+02
1.380342689578139570e+01,5.762777821662563582e+01
1.707051166360555072e+01,5.628579127575305563e+01
8.860057855479992384e+01,8.858997934038222866e+01
8.512458937787832269e+01,9.582590152973925512e+01
4.229223627495333915e+01,5.012062601464643308e+01
8.569206728103074511e+01,9.207363419162699358e+01
1.002046205927666449e+02,9.253824102749518943e+01
7.683309951169209739e+01,2.567138328951758197e+01
1.051627228350610324e+02,9.216068145717230209e+01
1.753558754944101494e+01,6.406351205132354210e+01
3.058320458351076709e+01,2.366428291233852121e+01
2.010372469256990513e+01,8.683797306028269247e+01
1.567720916202905457e+01,5.060009678875757544e+01
1.899271327024607814e+01,2.122922055977998568e+01
5.066362222038293339e+01,1.020556168084319921e+02
4.487070834527686003e+01,1.096393863982094707e+01
8.381218252582318939e+01,1.917800233755295736e-01
7.420920768945174473e+01,3.271388695021099835e+01
3.038125289609499191e+01,1.733576491731935221e+01
1.111321054523679521e+02,5.678098266284559514e+01
1.204186422199304829e+01,8.864736842939063877e+01
8.655085426439049456e+01,7.091035014113695922e+01
5.013729764574888748e+01,6.736551593781906888e+01
1.173839255245941473e+02,3.765902971299372126e+01
8.261476782961425158e+01,1.123791969131688262e+02
3.609491390271617917e+01,4.837386622737300002e+01
3.253770917404616370e+01,6.286377167828692336e+01
3.684296785942839847e+01,1.749683523282693187e+01
1.047409797800071374e+02,9.956980924874304151e+01
8.136270785496303404e+01,1.008409949174671638e+01
3.678678415046024242e+01,1.016515773971943588e+02
1.175135492295719501e+02,6.221472095548999448e+01
5.010385140074380672e+01,7.165889585807092033e+01
3.416164391298067216e+01,5.135293513408384314e+01
6.932154726816057178e+01,2.986098361577753479e+01
3.257950592196600326e+01,8.325412736436086902e+01
6.506266680002023861e+01,1.199435911348301573e+02
9.472204179384846157e+01,5.529832700838972670e+01
1.020236855338462334e+02,2.721981101244722012e+01
5.971023079603381234e+01,3.415229685809716642e+01
4.182364842760301826e+01,7.761510833035396573e+00
3.199136696716584183e+01,1.834434155536706079e+00
3.594096937739239195e+01,3.066053736133784824e+01
2.650519452048087388e+01,5.018285709558994512e+01
1.185352301541666122e+02,1.179289600484380571e+02
1.550631784170224847e+01,9.542878809486656166e+01
2.563040833147692510e+01,6.029629257688237942e+01
1.017980356124334236e+02,1.063498848992909416e+02
9.924200435062873282e+01,2.110991400075622693e+01
6.962475658844414284e+01,1.055035428769991626e+02
6.086838750542662524e+01,3.561549154720351851e+01
1.408479032869696113e+00,6.344894573176772923e+01
8.712004773861784201e+01,3.241225747201821328e+00
7.816333585057356004e+01,5.752597490378051504e+01
6.705090042073254608e+01,1.171208770013305411e+02
1.106501491889298592e+02,3.296545165038828884e+01
9.752996943531321961e+01,1.186578894501669481e+02
4.152325320463732794e+01,6.218540044803826561e+01
9.941979818517854994e+01,1.615814901423995309e+01
7.044929737275819548e+01,5.893633328446129127e+01
1.114573387568214891e+01,3.493184958311518784e+01
8.229260403001718771e+01,7.748249438583310678e+01
2.237935961066941104e+01,9.774572348959848966e+01
8.753575909955088719e+01,9.550667166873338942e+01
4.350478360793277233e+01,1.136814143764121638e+02
9.033488860258786701e+01,8.349935676924533823e+01
4.638230271190283105e+01,8.364111427096995044e+01
3.460964724922153124e+01,1.073142725319494417e+02
4.931298201713538987e+01,4.690898996424266443e+00
7.080062924761118381e+01,6.908073284075032916e+01
6.870433873591902341e+01,7.988827931374886759e+01
6.167021207520186721e+01,7.383299559967137782e+01
5.529258460789104390e+01,9.704457728734385569e+01
7.105394272062230243e+01,8.482057120968518404e+01
5.901958753698610849e+01,4.985461343810057144e+01
7.359317806293231001e+01,4.937009997925505900e+01
9.166478860235680770e+01,4.415191627590852619e+01
2.357726503760618897e+01,8.628003620687141506e+01
3.885495583813725062e-01,8.549029685788991628e+01
3.071531518881192468e+01,7.043604142471087926e+01
1.783295038938992860e+01,6.638597512672752998e+01
1.168964495405699822e+01,1.153198492156630550e+02
3.554696610024799242e+01,3.378334035916446965e+01
6.188813627613390622e+01,1.040599558443295081e+02
5.912564426431280395e+01,2.605335147540507634e+01
8.340021249825899474e+01,3.362806610769160187e+01
3.667119416115670560e+01,1.093302570197324997e+02
5.269432710409175513e+01,2.005139011986354447e+01
1.036136123079898539e+02,3.393257840201114561e+01
4.893821431798747312e+01,2.890412592710770312e+01
1.303031975516957175e+01,1.004493715812274530e+02
1.050090774493469894e+02,1.501776613723235343e+01
1.165451774228944117e+02,9.455483562432893052e+01
3.917986042332743324e+01,5.145164106295834472e+01
1.045707724108005010e+02,6.460011722471180917e+01
1.146389970540387822e+02,2.068341758132898889e+01
7.564787884263908779e+01,2.437317626284011141e+01
1.027335492334772766e+02,9.767093419106689112e+01
3.320357592435480854e+01,1.514970808306774330e+01
1.183259764392198576e+02,1.187702056737800547e+02
4.129828483511130344e+01,1.943732573882063264e+01
8.940841416478581039e+01,4.188845578323149965e+01
7.255071245548786862e+01,9.911620981544329823e+01
4.581140256885494466e+01,2.045981155691412923e+01
1.067919101035086555e+02,3.742199073966164491e+01
3.736400509549442717e+01,9.917551532854321295e+01
1.073464391832766296e+01,6.330634627618661625e+01
5.627927654497791821e+01,1.195843999483428632e+02
8.286063309396288901e+01,7.751350506346295788e+01
9.974091632352072168e+01,8.568011014820118021e+01
7.660229057103595096e+01,5.522797792453453525e+01
1.037838042555950437e+02,1.041919503729082948e+02
2.068035671113694818e+01,7.490794608523816578e+01
9.436853544050471498e+01,9.541483645783489465e+01
7.001786055718260116e+01,8.223955138557248290e+01
1.196223514634909151e+02,8.574001722873524045e+01
7.744492553978045635e+01,2.271638633688929687e+01
8.152187582859126280e+01,1.002558767394618968e+02
4.364030755612962054e+00,6.626541872818079071e+01
9.305737519832743487e+01,4.687758598355352291e+01
1.922035486396708137e+01,6.645432891630926520e+01
2.305545120311764151e+01,4.287432108259869068e+01
1.183271535489887327e+02,4.407834526576320400e+01
2.064473508021186632e+01,2.499083327498072826e+00
1.027158749584407929e+02,8.813738017959342130e+01
7.204858942548594314e+01,9.256704370252926140e+01
5.493997464946777853e+01,9.140902422482329825e+01
2.992908229978789336e+01,1.010369947929932408e+02
2.331823661851808893e+01,1.893904890321963208e+01
5.135766804511690253e+01,7.385088709221992076e+01
3.676422603914277687e+01,5.874615325036902647e+01
4.751058466122452018e+01,3.907289169841730825e+01
3.268935609388997676e+01,5.810440665177371500e+01
3.395757336648954094e+01,4.128521104474782533e+01
2.651613052345650701e+01,6.209820374685375555e+01
1.196742629253727586e+02,1.170871530134907061e+02
2.437685454426945952e+01,4.639062180359708520e+01
6.467018751754912387e+01,1.174485477848595849e+02
9.833705580966278603e+01,7.609170440544961878e+01
2.950792128767307787e+01,1.052521852966787606e+02
8.310758150270753930e+00,8.070536516522435022e+01
4.747393579674680097e+01,7.038118105158845594e+01
3.147580912471669734e+01,1.160645475493945753e+02
1.606485943580871023e+01,3.398260792025044452e+01
4.118704182685598880e+01,8.209975002072182804e+01
1.187679989261826279e+02,1.021904964394430522e+02
8.283890153729299755e+01,1.455599288023472582e+01
1.123970768777007407e+02,5.316129907795247078e+01
7.073800356793518063e+01,1.135725904722005026e+02
8.042586702669802889e+01,2.002611464955252529e+01
2.330177394637972910e+01,8.221738840953949534e+01
3.744812731279068885e+01,2.170373415187535926e+01
1.073952085897472131e+02,6.601801083342745358e+01
5.392255582182832541e+01,8.136137246911093257e+01
5.329166126394618885e+01,1.089540127338135846e+02
1.077990878222390592e+01,1.089956018899488157e+02
3.235102740748296668e+01,4.842862468538633181e+01
1.175992819708276613e+02,5.927729927229371043e+01
2.823028421244671904e+01,2.225711600792500633e+01
9.913088084924196153e+01,1.687791762753207792e+01
7.061784654489736113e+01,6.963014940381435736e+01
5.929685328533862432e+00,7.747247633085902407e+01
8.208577808522016994e+01,7.314967608622043826e+01
4.884074952291817340e+01,6.786474262170947291e+00
3.449572606150882592e+01,5.915027346465981140e+01
1.868541173775919617e+01,4.580579600444708888e+01
9.528397701951004706e+01,1.163693121427465513e+02
3.925776630400177325e+00,1.041541120600871864e+02
3.942356715742801754e+01,1.143188491456845810e+02
1.116386056289894668e+02,1.075755420411488643e+02
1.026223092491993185e+02,2.128543496220961728e+01
5.963853954677673386e+01,3.775391469127419697e+01
7.161691059161466910e+01,1.018598094238248564e+02
8.236231241827009342e+01,6.556592890747224089e+01
8.549889744291972704e+01,9.684721705376699674e+01
6.209602204691142902e+01,7.516430390839718712e+01
6.246371912298549489e+01,1.833207210281958766e+01
1.345396905272518850e+01,1.178965699057280858e+02
3.258438578847034961e+01,6.903700646823051557e+01
6.364005863452418055e+01,5.405788349726695685e+01
6.905154345933095783e+01,6.625476439795443184e+01
9.642622731678868320e+01,1.115306889099629473e+02
1.424049822525628173e+00,7.796058879842755118e+01
2.388907630220142408e+01,4.270004931246885604e+01
4.932229615263432265e+01,1.066163049639528708e+02
1.056506873910965254e+02,9.080558494567416972e+01
6.158555421497356974e+01,3.274531213178936184e+01
1.131156372605366727e+02,1.156374427849775941e+02
3.069555501368141037e+01,5.538521339521213349e+01
5.298851847715319963e+01,8.491400289130658052e+01
5.475929418428415829e+01,1.270858234079802251e+01
1.028623829961534710e+02,5.471807749865351411e+01
8.892062108982443647e+01,5.128669549859130683e+01
2.990623840409075740e+01,4.426255338654649307e+01
7.013295757487047410e+01,6.398085273317969524e+01
5.863147133421635715e+01,4.927743447129398646e+01
7.532212699489704733e+01,5.186287843428302580e+01
5.039194265778954573e+00,1.850044970432716340e+01
4.544546844333810043e+01,2.432474538441349665e+01
3.640211187254257652e+01,1.102343659835277805e+02
2.937588835958651501e+01,1.533630706613862671e+01
5.919166227406076786e+01,2.842951060431381194e+01
1.137064769272585210e+02,9.124130436245027909e+01
4.530088696282361838e+01,2.662590636553312606e+01
1.561344002478493564e+01,4.993577351310832313e+01
1.017905451693649468e+02,1.107227723260442502e+02
8.861861795590232305e+01,1.188079756180491842e+02
3.880971840752178537e+01,4.778843256698630881e+01
1.141551752121383885e+02,9.643970113793487542e+01
7.563640515795253805e+01,9.742146473703908782e+01
3.545003754916792360e+01,5.348883931131154412e+01
6.846306262836215240e+01,1.431345615894645817e+01
2.605903897750004106e+01,2.054579128333621085e+01
2.102254520798438975e+01,2.104166997651737958e+01
6.090259115323856776e+01,1.106758517128299530e+02
1.317965443859225871e-01,8.016217320052955131e+01
9.269070846431593225e+01,6.464971953972460028e+01
9.437100848864507441e+01,7.249748716381593283e+01
3.575437548111008823e+01,8.790667431760392958e+01
1.089042259975560825e+02,7.900081484293031053e+01
7.939509388464632877e+01,7.820439376257651531e+01
3.750904406271214953e+01,3.461876349510291107e+00
5.270147721267902341e+01,8.258241447049691430e+01
9.586173832089309599e+01,4.645629769939638720e+00
5.630485215783354391e+01,5.231439371906951408e+01
1.012294072427672944e+02,7.325767390051041161e+01
2.288729481526039677e+01,6.853712314046255472e+01
5.084392574305650925e+01,3.002584913871156402e+01
6.621993037222479472e+01,5.159850009998023523e+01
1.123577753267278183e+02,6.354504231199107522e+01
8.827722906603132458e+01,9.922525496676061607e+01
4.832280812348698618e+01,1.059640790023476775e+01
8.404400678432433835e+01,1.182128427833314674e+02
8.448708792322165095e+01,1.119184768689286074e+02
1.062651800736166763e+02,9.733182681352093368e+01
6.404929129189910952e+01,3.398127895640597984e+01
8.222113368641967668e+01,2.641262165382645222e+01
4.191841396464523939e+01,9.259210183038531738e+01
1.701041416029217146e+01,6.799028968291428043e+01
1.112871990772061537e+02,7.267360704953279082e+01
6.340659742625207684e+01,7.333064379779554542e+01
6.976965214205888799e+01,8.748122306922891767e+01
5.027252777258127026e+01,1.077990323553873679e+02
1.145869415567544110e+02,1.186019399394139668e+02
4.921987474639290383e+01,5.751182061565491210e+01
8.203773807187384648e+01,3.913825415976290856e+00
5.216415280881138727e+01,6.797056052335983622e+01
1.181274067262106797e+02,7.462454300493425308e+01
1.108081334808146607e+02,3.861934290996049413e+01
8.461501267981086016e+01,1.153099093586115771e+02
1.122978466145981713e+01,2.306724329148407548e+01
4.965822028167068680e+01,4.425997689632764320e+01
1.006733163396713451e+02,8.053966246831105735e+00
8.328605871366306701e+01,1.156459540510556820e+02
6.292473748410383649e+01,7.245804064002103928e+01
8.247147304645527299e+01,9.652022732187801068e+01
5.428172225647926297e+01,9.499980225313987603e+01
5.204318437652623430e+01,4.508391916779026332e+01
1.133552563179433577e+02,1.022644554984361633e+02
1.108139174665228097e+02,7.705176941567886217e+01
7.239859365701468619e+01,5.415193033089718710e+01
1.080402338444600474e+02,3.770317709656841032e+01
1.106588995163674696e+02,1.192909912822408529e+02
9.704235280304699529e+01,6.304214006562429518e+01
9.433575363906965094e+01,9.639466121160094758e+01
5.884414067941132487e+01,1.862347190255477258e+01
8.711952571481110397e+01,1.282997012964053241e+01
9.717916710916361467e+01,2.206264369249929658e+01
1.020844752637746211e+02,9.091163838783018036e+01
6.925145080201271242e+01,2.159074417432718107e+00
8.781997195039314974e+00,1.610403458789807729e+01
8.426906985066187872e+01,1.039178113518767361e+02
9.089718419537774707e+01,9.710153635649425041e+01
3.229541149008743872e+01,1.088586423934094256e+02
9.353963133259249219e+01,1.101831188716354433e+02
4.711294357298613988e+01,1.196794960549515281e+02
6.237737407177741744e+01,1.121908531182023694e+02
1.195930029411384368e+02,1.840473925532464605e+01
7.311971438954086011e+01,3.544273513428542088e+01
2.048438062274833982e+01,1.149352881563481219e+02
1.182862580915551298e+01,7.484151488543151487e+00
5.296976398801119501e+01,2.522301001614667371e+01
1.741285475704970054e+00,5.135850340148744664e+01
5.298586969234568045e+01,8.118731534381856818e+01
6.274391280880695376e+01,7.251309117801142179e+01
6.614229399173854063e+01,1.013269111232500705e+02
1.151690581802873226e+02,8.409947783808300414e+01
4.351280084833169326e+01,6.462945057426819062e+01
1.151655171236909183e+02,3.249906078979584834e+01
1.057842094934425603e+02,5.360802316757246899e+01
1.111459760978832492e+02,1.011357807223721181e+02
2.638510658552966071e+00,1.177203408295283396e+02
4.633193197338918878e+01,8.722823522052206613e+01
4.942571646523985862e+01,6.864959024192336301e+01
1.126068871083978564e+02,7.627873108431960247e+01
1.228110191449518851e+01,1.003539983173110670e+02
9.424167699024985723e+01,6.122587048976542157e+00
1.349032789004358968e+01,5.682107828845906994e+01
5.564888348950209007e+01,1.386395362474378246e+01
3.031589010888971458e+01,1.056898149370204578e+02
5.800273130880048456e+01,8.547883540031442351e-01
1.627251500109032634e+00,4.791753204383910969e+01
7.711581479277820961e+01,1.040388587003657648e+02
8.306116533033119254e+01,8.169058858833119530e+01
4.363125264485557864e+01,1.952604816323594150e+01
1.102089527297605542e+02,4.000827918869112665e+01
4.665026842526592787e+01,3.076334342570574165e+01
3.573555795214583242e+01,4.589661099508863629e+01
4.343892972238603534e+01,5.312698800395806131e+01
2.036988260868328737e+00,7.551224033163711624e+01
3.507426497429096202e+01,5.785728830184814342e+01
1.117296472590515322e+02,2.023269795211911060e+01
7.886792326603024605e+01,2.543885545721508734e+01
5.343326364558330965e+01,7.091890809105674975e+01
2.347628012576598167e+01,6.007709043113260350e+01
3.254941716778573380e+01,1.011551359565332007e+02
1.176783462061248002e+02,5.304230179238982146e+01
1.286930237571561442e+01,5.801145323183541791e+01
1.734333196855812531e+01,1.022148238673691623e+01
1.013342183030563035e+02,7.748644520679638958e+01
1.199810513726819750e+02,1.049546959283823639e+02
9.839345417178782327e+01,8.546917930953505049e+01
6.501875578912535047e+01,1.114939924236921911e+02
6.801934416076809953e+01,1.459285043721533448e+01
1.043221884272253419e+02,4.792000650223585723e+01
1.082949282767340691e+02,8.218596926851867579e+01
1.011650607376173809e+02,1.492739656040820506e+01
1.093162566599915095e+02,1.154965270453392492e+02
4.671326972201713801e+01,8.643385943260574322e+01
1.175368446713300017e+02,3.837641880344165912e+01
1.811817465785359715e+01,2.723616361505699501e+01
4.987234930552477863e+01,1.080172299342386850e+02
4.894951787059397930e+01,5.104382450699694829e+01
1.952448703908385852e+01,6.578185454659228526e+01
4.122030019564893166e+01,7.375002922723115262e+01
9.980273552232281986e+01,5.861244153501591825e+01
1.014078860262630855e+02,7.901076649016610531e+01
9.193890881052259090e+01,7.927329899357518173e+01
2.332676369292826024e+01,2.303694046356620362e+01
1.105704732497715810e+02,8.392260018021164569e+01
8.870152616648705646e+01,1.056172946779120707e+02
2.137526750267367603e+01,4.097498041397784618e+01
4.536329523336927849e+01,2.038534186251588309e+01
1.137747028066062995e+02,2.625304577479433377e+01
2.846516019758028193e+01,3.010077793831752757e+01
4.266329379106985620e+00,3.652329307533393887e+01
1.005163318150069074e+02,9.736214483771685479e+01
9.477740081375060299e+01,4.529422918607148851e+00
1.128003286178806803e+02,7.960410577543987642e+01
3.048768308026342666e+01,2.778948303462183134e+00
7.673149855277043230e+01,7.087274119034638886e+01
6.228056570771744305e+01,7.719563945669658267e+01
1.869477709347276217e+01,7.133263659692063641e+01
1.173080530669075188e+02,8.361255999405058503e+01
8.024385183212909567e+01,5.788778482716372409e-01
1.367872712187261897e+01,9.723315742108111692e+01
8.773718950153326546e+01,3.846408933432106103e+00
5.419933901827541689e+01,2.748305278340089330e+01
2.179513740208847139e+00,5.945320895247597548e+01
6.847827112025335339e+00,6.483079570397953262e+01
9.397956025734417551e+01,1.094285179214730590e+02
9.316975077649323111e+01,1.181585890329045725e+02
5.766173884539030325e+01,8.468917823953347579e+01
6.905389868158852096e+01,6.717189859004437658e+00
1.085758426907473648e+02,5.578205496594431168e+01
5.554185350477189331e+01,7.463592875016470884e+01
1.525017585175679535e+01,4.517513898892973856e+01
8.652208825696024519e+01,2.274971786635773796e+01
6.098360765029083552e+01,7.343293586267509454e+01
3.696236345545684543e+01,2.907719418394869493e+01
1.074982899759956183e+02,6.831537897756206235e+01
1.085868480929337494e+02,5.762968865119931650e+01
4.163509833020255968e+01,4.659858757992595457e+01
9.278866256183211192e+01,2.324317132065077729e+01
5.731379881903893647e+01,5.774955151069077175e+01
1.087604401225363944e+02,1.884643692983803476e+01
8.978517640528988863e+01,1.573057874031355219e+01
6.413639776864631870e+01,1.707262953543387596e+01
7.531924982143456404e-01,1.072907566195335676e+02
3.090992592729413246e+01,3.522683792266249014e+01
5.423469590549521158e+00,5.935193834214216935e+01
1.032624920386546847e+02,1.065633185949101858e+01
5.162703910716985867e+00,3.775950923520317026e+00
1.073172139166830448e+02,7.375418300855923803e+01
6.912345255615521467e+01,1.808524368609726096e+01
8.506702629999776377e+01,9.764883879077001438e+01
1.179717033672284572e+02,9.392143852308502971e+01
2.494407990164777544e+00,2.663930540508537348e+01
3.921614482403592206e+01,2.111381232723602253e+01
1.714680483551429191e+01,1.411873473243197807e+01
7.531708708721438938e+01,3.674869498632359921e+01
9.196693302940796855e+01,6.024586406255279769e+01
4.018101568328411588e+01,1.166833033215560249e+02
6.895596463122271302e+01,9.887918698514016569e+01
3.996396264237962725e+01,7.919278394387876396e+00
4.817371155775280300e+01,2.127626555987603751e+01
2.496509052686507246e+01,7.084816965048310600e+00
4.654456018207584833e+01,1.063936717134441778e+02
6.369615346339183759e+01,1.880064669015175838e+01
2.210353434650113513e+01,3.467933713978262489e+01
6.844777270713798600e+01,4.405333074610857125e+01
7.000990686683246622e+01,8.032423913729503795e+01
8.300345079692796446e+01,8.546726257431143381e+01
1.177076795222088208e+02,2.305328067466875908e+01
5.253845155360535557e+01,1.814782190149925256e+01
6.693395445992021564e+01,2.157980756249792620e+01
2.912366054632604673e+01,1.042470483954343479e+02
6.313998378336145123e+01,4.697164301556271937e+01
9.913023175606936377e+01,5.603283285474444853e+01
6.429967033090500195e+01,7.175924372623272518e+01
8.123429691370540695e+01,1.691278006427384639e+01
6.782552168999791320e+01,6.443211939997407001e+01
4.771287042697571756e+00,5.665820660627282024e+01
8.418660430499689085e+01,2.152896105368011703e+01
2.405016665082375482e+01,3.506327541322415442e+01
1.050585292332980174e+02,5.318742093171153584e+01
1.111330116974959878e+02,1.026116139613826448e+02
4.981606182689078111e+01,4.822231106996026284e+01
3.070852546231619584e+01,6.069991910618768571e+01
5.119603692347166657e+01,9.145057853473319653e+01
1.003888175006871251e+02,5.556948788269389894e+01
2.343429714045758772e+01,7.547640439373205368e+01
1.424285312915672286e+01,9.890359983746783712e+01
9.129664897101764609e+01,1.087550816920727499e+02
1.115304393051247445e+02,6.722500878751013431e+01
8.917380170392534922e+01,9.103745401605846155e+01
9.558468071566800006e+01,1.038448773697858485e+02
4.734447271520748046e+01,1.241193513958789651e+01
8.269052961934990265e+01,8.945695122537752297e+01
5.102041416634506277e+00,1.059247442337000820e+02
2.883319996930722162e+00,1.123221339277898494e+02
2.972553554462953329e+01,3.741290538569766255e+01
4.429068325635489600e+01,1.804220617005309535e+01
2.412867923511883816e+01,1.095627289296293867e+02
1.732000368242592003e+01,1.180234438310065173e+02
4.041178167295278456e+00,8.114026069013067399e+01
1.048190675478866325e+02,8.732618310166631659e+01
8.393589282780257577e+01,7.145622920891749175e+01
5.054138255554501136e+00,4.504292342449903686e+01
1.215054443003679374e+01,3.300981331128578233e+01
3.975943648821028376e+01,7.853664880640511115e+01
4.670972057231907115e+01,9.517265726998957120e+01
6.358241459501111592e+01,1.616764467818837758e+01
1.159831738371358796e+02,3.532771028672190994e+01
1.066642702843045925e+02,1.148427762666352834e+02
9.483553045663977343e+01,1.816373614390870017e+01
4.530277789181648984e+01,7.075925838533537160e+01
1.194470587212898494e+02,2.420558382438931844e+01
1.079944536150594274e+02,8.106287719098803279e+01
8.547793668363993902e+01,4.958887139045507553e+01
4.188775678357667687e+01,1.120127262836683855e+02
2.595729945107874670e+01,4.096386381916684627e+01
9.546169257923803286e+01,9.415858081627851561e+01
9.095244055548049289e+01,2.300150723882602577e+01
6.527984696128714859e+01,8.946150457769772402e+01
1.157187701310191841e+02,2.412904807310806632e+01
9.094673472046230245e+01,7.001995168364018696e+01
7.461145891085948278e+01,1.160585992150866161e+02
8.643958741808214086e+01,1.094476222819746738e+02
9.370873423488254161e+01,7.904345844410536870e+01
1.840177345288399735e+01,1.145327879409976504e+02
6.628976824894661490e+01,3.823604510037765891e+01
4.704865275485522602e+01,8.778781276852403437e+01
4.006104981999455106e+01,9.476105669647797924e+01
2.681066282067224549e+01,1.098168524807158875e+01
8.081770693550094364e-01,2.282983932342579791e+01
5.244333698749128558e+01,2.889505027864781539e+01
7.232761260052757279e+01,4.898073469439351157e+01
7.399126808752984630e+01,1.514925507211471256e+01
6.968141309253165616e+01,6.199955852464555761e+01
6.138540135204473280e+00,7.556884037908343998e+01
6.689278431978178219e+01,6.996056964809874046e+01
1.083082936441065982e+02,6.441475281857164248e+01
3.996825280247811918e+01,9.850925684513756053e-01
4.622425139930421523e+01,8.212232808622252378e+01
1.890702035768093126e+01,6.874882320430694449e+01
2.502508743198486130e+01,2.268443451493698504e+01
4.814335782111952966e+01,9.810589011199456877e+01
5.732870796563623372e+01,3.104121939307349365e+01
3.146481498675401411e+01,2.963498908585162184e+01
6.866800211242592411e+01,1.522803227594089392e+01
1.130994342880310626e+02,1.032482383750155748e+02
7.902914438679604814e+01,2.269375454097318112e+01
6.056117649388140478e+01,4.733171540278919842e+00
9.098202884744468122e+01,4.821981414806701594e+01
4.401492562631466399e+01,1.033862698433464260e+02
7.543418517865779904e+01,5.940944506299717887e+01
3.857066577795772844e+01,6.635023032797504605e+00
2.294026853819783085e+01,6.642186028296102052e+00
9.775219818122586446e+01,7.177727887196239109e-01
6.530277580821872618e+01,6.503569013650307795e+01
3.273456443051101417e+01,5.870621012672081918e+01
6.505143510330109180e+00,9.939676418951151504e+01
7.531501537591151418e+01,6.559914155608640840e+01
6.134981617002162579e+01,1.193079278128038396e+02
5.872374674156855434e+01,4.816550761939720360e+01
8.951835786502693182e-01,2.881925615012566055e+01
8.403966701530161743e+01,1.016549708189183860e+02
9.949059341099696496e+01,1.922017216840244203e+01
5.565499230862062063e+01,3.330140534229693117e+01
5.749049060744118833e+01,1.090821940223493698e+02
1.092898336682153655e+02,7.080409597888946394e+01
2.968780011086654724e+01,7.816413213656031189e+01
2.312568496726504463e+01,2.799827248893263842e+01
1.634498678626789570e+01,5.894012652119502604e+01
8.063999794372851682e+01,2.318297240882088417e+01
1.172544836188919604e+01,3.045588742231696244e+01
9.756002834667019386e+01,1.881522695909287890e-01
1.831064241403657533e+01,5.591585746540520319e+01
3.343688624666430087e+01,8.201656291930828502e+01
1.183314853577698216e+02,1.025463954443464445e+02
7.878996166994895134e+01,1.791808227032272782e+01
8.536676275412341397e+01,1.594808058162550779e+01
3.625153696236186818e+01,5.714118290241256659e+01
4.856821950598479276e+01,6.198095876537665916e+00
2.765055823696962989e+01,7.722642871347399307e+01
7.112878322679911491e+01,5.719511084458072503e+01
5.746888278525593563e+01,8.694636530874102220e+01
1.170528111289582256e+02,1.097926611998198752e+02
9.780624553716773306e+00,3.914537488329641945e+01
6.123818770186257154e+01,6.910682285783512668e+01
1.005735097334522550e+02,3.557143534476821145e+01
2.625620831934442734e+01,4.397770869019147710e+01
6.311415581597352720e+00,5.812467029313467037e+01
1.149887343072459629e+02,2.802865055015386986e+01
5.886581374717700044e+01,8.449253587237225815e+01
3.633038024076504513e+01,4.290944816286954477e+01
1.120800438861905945e+01,1.054814569134163804e+02
6.415940019249786985e+01,7.392492029939080567e+01
9.873121833267174452e+01,6.145334919018984721e+01
5.512859866663668384e+01,3.924974249238540125e+01
6.577051868463199469e+01,1.103460374745088330e+02
5.415256637328351985e+01,1.121728358610362335e+02
8.892849504540896532e+01,4.160178602163868788e+01
1.975968708573197929e+01,1.077437817478538733e+02
9.642196504596232387e+01,1.132701793808640502e+02
8.098285968426954184e+01,1.057472318508953606e+02
5.778614173721652492e+01,2.666409379608531971e+00
5.480377441887900147e+01,8.283470928161793267e+01
9.509838973852383504e+01,7.079592665915384941e+01
8.966521572494163195e+01,6.651102930146004155e+01
7.647869092146925141e+01,8.108470797364110183e+01
1.189644057245187696e+02,5.918291747543774051e+01
1.159418682402286862e+02,1.189426000153645617e+02
3.304556167604668815e+01,9.447419175984475714e+01
1.128965249714359516e+02,1.079973554954347463e+02
7.762309887281757881e+01,5.210810838133821221e+01
8.460825152861653464e+01,1.083163794235154711e+02
8.518899853686387758e+01,6.855575838553114920e+01
1.979526127355672216e+01,5.506426572493960947e+01
4.774070062906400835e+01,1.649396372659921894e+01
3.656412982928665123e+00,1.174707394640903289e+02
9.522081089261783404e+01,4.954207383546656018e+00
9.266729698405757176e+01,1.458771337756052944e+00
1.213390411582642159e+01,1.450205325359541497e+01
3.884442911137742982e+01,1.021586263461725395e+02
1.262188619088357200e+01,6.287180948736826736e+01
3.250696316130849972e+00,1.905434364464585428e+01
1.092358143312009986e+02,1.141736208665126640e+02
7.426538449349553161e+01,1.133945918285366048e+02
4.867547987858041836e+01,3.093667699752180766e+01
7.234923557577134545e+01,2.060292990937324475e+01
9.475109075488063581e+01,1.092957043903293908e+02
7.814685027988494426e+01,1.104186414130802945e+02
8.681295513031227529e+01,3.275399381112219288e+01
1.939708701239710109e+01,1.985007921955169152e+01
5.516783743735521739e+01,5.606973132181332176e+01
3.749439711311765677e+01,8.768580002358056902e+01
1.187425543356066093e+01,5.881692471085816010e+01
8.312655676405248073e+01,3.521707126214336370e+01
9.969063878463497019e+01,1.016213143557775140e+02
4.819703138820973720e+01,1.029999800080298940e+02
4.765154931505996672e+01,5.244167543871780879e+01
1.159682520869083646e+02,9.809004861494679517e+01
4.027344783246754645e+01,8.020417791305693100e+00
5.209646949466269916e+01,9.904564204807950034e+01
1.128297344548643224e+02,7.973214331702369861e+01
1.348089459629468934e+01,9.812178907089703728e+01
8.776677264748120422e+01,4.788679207060275189e+01
3.629268652336561019e+01,7.382520453959189410e+01
3.275173453951853730e+01,9.258491519294048544e+01
4.233130853375071467e+01,1.128499459579497000e+02
7.092147209473297664e+01,2.165005500665006366e+01
6.592893513280461093e+01,2.596469009820268070e+00
1.056191672017261709e+02,1.388193631858516852e+01
5.285821464703843731e+00,1.067505588579939229e+02
9.997431154422108079e+01,8.735792971587332545e+01
9.760623609291540959e+01,1.009081571818238103e+02
1.017474237036380913e+02,2.109507916370138147e+01
6.779856927004201950e-01,9.775218205895189527e+00
1.124041359546001573e+01,1.176603969164968930e+02
3.383693379590591022e+00,4.263697094249909014e+01
2.147497530965743096e+01,1.084589919167534617e+02
6.463023927538657176e+01,4.292925711853712301e-01
9.167927110402627022e+01,4.045025164028773190e+01
3.688131196190575878e+01,7.898465306038792733e+01
3.173622288088980525e+01,1.180945317702572481e+02
5.247044358953672116e+01,1.863429301031145258e+01
1.536681096231250265e+01,1.608847425102522521e+01
1.403937293385449792e+01,5.061914593597394685e+01
1.042643303447766101e+01,6.120858416769624455e+01
8.894754426276773529e+01,1.096612974112571521e+02
4.668765761501571632e+01,1.086475491774920954e+01
1.174218535199650972e+02,1.106704840250150141e+02
9.618693157502136160e+00,6.441028861566779540e+01
3.091469487843029640e+01,9.453836312298436440e+01
1.919772117112064436e+01,1.025576756151876907e+02
1.410719323608156017e+01,1.078730392403142702e+01
5.567832092316704973e+01,1.098804748034232688e+02
2.822361610964594369e+00,5.599208017340955301e+00
2.896245975321962263e+01,1.072029806394147471e+02
1.541765020145209419e+01,1.077759712562277912e+02
1.836152022801527650e+01,9.883374069622675506e+01
8.437074310866412929e+01,7.648856675213667700e+01
1.123541907007362539e+01,7.480975093235609563e+01
7.687017886420466084e+01,5.634587928461825612e+01
4.237022084415533385e+01,1.060951869776339862e+02
5.044232996763980026e+01,2.314513676342233595e-01
5.374213653890467235e+00,8.750085458907018676e+01
1.090401037567574889e+02,4.511140412795393573e+00
9.313691289708060594e+01,5.981065913139600454e+00
6.528742765541093718e+01,5.651011814148977663e+01
1.006319359560606728e+02,1.019623048156712031e+02
1.737435927545128678e+01,2.795916828298122070e+01
6.647779888795827219e+01,7.407793774939494824e+01
8.112677636739814346e+00,4.109793872702055495e+01
8.020330309295131599e+01,2.962509777731451877e+01
1.683064731844693540e+01,5.483473738244806839e+01
3.589843140686652845e+01,9.993512212065747136e-01
2.184737072984139772e+00,3.894315068547799541e+01
1.062376539790352012e+02,3.011504744586481763e+00
5.830248391262054497e+01,8.544006232084940677e+01
1.137207376368687477e+02,5.501096240980650265e+01
1.660280888677981892e+01,5.256014447487655161e+01
1.014484546648601082e+01,1.484972931913695859e+01
5.947386997330505665e+01,8.305942251223081030e+01
4.416748425832523139e+01,2.507359968171153142e+01
5.492263361416603829e+01,7.443402683357711602e+00
1.027748511389082182e+02,1.010800180433332400e+02
6.765545415657278738e+01,2.805940300556840583e+01
3.526959043665916482e+01,2.538847413840107592e+01
1.178246126430926637e+02,9.857994500893852319e+01
1.802856824944268510e+01,1.248660917011813254e+01
5.541650243875616866e+01,5.309496456619269367e+01
5.215703985451662561e+01,6.165343859127298032e+01
1.650448919696101413e+00,7.132449431072620882e+01
2.653761144823568685e+01,6.830785027728349945e+00
6.692422851339897250e+01,5.602380835967024630e+00
6.250365181117856395e+01,2.801235421303442941e+00
9.293227040226470592e+01,1.190681780252462545e+02
6.158812823257872537e+01,1.157503578106814928e+02
9.593347230453174745e+01,2.363246453921218659e+01
9.525900197286286186e+01,7.728246630731855760e+01
1.163208721859104600e+02,7.112274413866887812e+01
8.530102586080212745e+01,5.135405210377992091e+01
1.139733977497181172e+02,4.147281223479478740e+01
2.019696612614812281e+01,3.920625111472037361e+01
4.589557329585740320e+01,1.085730579187766551e+02
7.902308675692643192e+01,8.311106562885356652e+01
7.462584652802520679e+01,4.345438771528290545e+01
7.089500187368948048e+01,2.264962763324532702e+01
5.580850922451045903e+01,1.718223532384126528e+01
4.700141589518831431e+00,2.141069111051688267e+01
1.025706198221662646e+02,1.095751116255938769e+02
2.962483162508183909e+01,1.125288575559468427e+02
4.113724455719796680e+01,5.364664822605148231e+01
7.875020691518842852e+01,2.346487405072635823e+01
3.974430059064648901e+01,1.075307728083339214e+02
1.072510544962962769e+02,2.686323965953487658e+00
3.039858666515906194e+01,1.936813373513361825e+01
3.978448586445604285e+00,6.263017199681953429e+01
5.289908385969042115e+01,2.894871991904274822e+01
3.225810466072415750e+01,8.710689690396705487e+01
4.768330026286317747e+01,1.622071849065836702e+01
7.102902628283656838e+01,9.778602978518598832e+00
9.794713155759744438e+01,2.856272329848353309e+01
3.282468253489980725e+00,1.194383302888370508e+02
2.336614119628688613e+01,9.564776023803912608e+01
5.002717428581263448e+01,5.574805332922083778e+01
8.417933819827705122e+01,1.024242450988825226e+02
5.974960224259286967e+00,4.288333904721945800e+01
1.232322182173939851e+01,5.191403596119528885e+01
5.633626686952322871e+01,3.233878296244230199e+01
1.016140913082985975e+02,1.541231267285441575e+01
5.630845150298932111e+01,6.834094265506453780e+01
6.069849229154814196e+01,2.931208453143597836e+01
1.647245720825795701e+01,5.953267531260268974e+00
2.233718082872080757e+01,4.141415004215380691e+01
6.654376300379151132e+01,1.109810986446636036e+02
6.721810475052392064e+01,1.174670932075158163e+02
1.083704252873417744e+02,1.040303550594344699e+02
9.398646959249300892e+01,1.169085506260365150e+02
3.156332827084508708e+01,1.052888274914347591e+02
2.727469022684539368e+01,1.261947813257898510e+01
7.113455278740524079e+01,3.557819438374283294e+01
9.708766773199630506e+01,4.962255104001669537e+01
8.758788694202765157e+01,1.073960000946994171e+02
1.113474744670343881e+02,8.015289792145219394e+01
1.072157253291591701e+02,2.058843152491815687e+01
2.896782116523473150e+01,1.139822460436349587e+02
6.631900060858023949e+01,9.111722105510902736e+01
7.635581024295885300e+01,1.666450045493579069e+01
1.083941028646417664e+02,7.066674475573738334e+01
2.590714765519691554e+01,1.031697286251492471e+02
7.360035424353704059e+01,1.175671649986674367e+02
3.630611513426509163e+01,2.185786514125996405e+01
9.034689934101960773e+01,1.563825808631599479e+01
7.243645702819031840e+01,1.544766691584902318e+01
1.006092697499119311e+02,7.948544038503438003e+01
5.241078001039207379e+01,5.227886291026754861e+01
5.844727935766236726e+01,3.269751257244774223e+01
1.037372317578239063e+02,4.422137526453119705e+01
4.021611930206425001e+01,4.683831754138454428e+00
4.466746727689350216e+00,6.029346283877497115e+01
3.452117565710090474e+01,2.622454493554134558e+01
4.483261036649241760e+01,1.044285771018424569e+01
9.601359009398242961e+01,4.476979342727273092e+01
1.044742172455829063e+02,1.499964262367906365e+01
3.509490966578224658e+01,9.392718734357714538e+01
4.361250964482623971e+01,4.190060656901222558e+01
7.367703364219615025e+01,5.195621839020655131e+01
7.209802175289190984e+01,3.297505885491403177e+01
9.334767748608480531e+01,5.027240768950478866e+01
4.825331568942325333e+01,2.742961371615633226e+01
6.996161499428268371e+01,5.741427423039149325e+00
7.361884546222881909e+01,1.089347665642696654e+02
4.471094279205948396e+01,4.794470769654247988e+01
5.910755467323736667e+01,9.974856306994929867e+01
3.737637712037903270e+01,4.500438343600996660e+01
1.020442932154399784e+02,3.875373432614681235e+01
5.474782203176238227e+01,2.746221460043713947e+01
8.255947982552132203e+01,8.621116423645368343e+00
1.617347892923179131e+01,7.006392934057927846e+01
4.920384358379408241e+01,2.878917133225228753e+01
2.939740492374123804e+01,3.949998216544712903e+01
3.117527482248997472e+01,6.007959532143311776e+01
1.065082418684385175e+02,1.242884136127017669e+01
8.558270305286491464e+00,1.181696825192447591e+02
6.834252523387527312e+00,7.863974990235689688e+01
9.589145747880013460e+01,5.960084138738145043e+01
3.998225481379834889e+01,8.119588846161029494e+01
8.358361387902445472e+01,5.140994359184629303e+01
1.514820046507221818e+01,5.046986362076879828e+01
7.959425237840423506e+01,5.459752202005362420e+01
6.207840811511668733e+01,9.057624938012286009e+01
7.049873399048347267e+01,2.853002692305182819e+01
1.160023361933339991e+01,3.361509508504266108e+01
9.481949515241295501e+01,1.067078321478734892e+02
9.403901491321290962e+01,1.192851653872914568e+02
2.626782546285359388e+01,1.109882969843153404e+02
3.089226526609827062e+01,7.123165172654708499e+00
8.564304601986050258e+00,4.726392849030172094e+00
7.788449512624285376e+01,5.477734560929179430e+00
1.745851747810895915e+00,4.895672906931420698e+01
4.792309116585688145e+01,9.627942105918135951e+01
1.583079940560276810e+01,4.047541950471788397e+01
9.780471730230276250e+01,1.074732547432443681e+02
4.689835093394532350e+01,1.009234070130855798e+02
8.022549389581277168e+00,9.051762880083266793e+01
2.776507923706377667e+01,8.864199189833277259e+00
3.784179324472346195e+01,7.614693825704284791e+01
1.107589426372554158e+02,3.523706226217011306e+01
5.825663661362283641e+00,1.153636081625184318e+02
2.677654261751760600e+01,9.993820270300541608e+01
3.369876775374162747e+01,3.754015054995492306e+01
9.173792792573755150e+01,1.523666968814303502e+01
8.690861577077750155e+01,6.118402502899311912e+01
8.221249523363297840e+00,1.192708986252800827e+02
4.713021633650384956e+00,1.082576053725432530e+02
9.223504576755753703e+01,3.559590832813454853e+01
5.902745984733814844e+00,5.837152749871081880e+01
3.758331327424478019e+01,4.957366536541235291e+01
1.197052396592441852e+02,3.487829620365450722e+01
2.251132068244593754e+01,3.068565307710865753e+01
5.950316058795931440e+01,1.046855506097576267e+02
7.034628472922328513e+01,6.557120707465216469e+01
7.800492754811865836e+01,6.714514483918563315e+01
6.383483315223231358e+01,5.137365193076870185e+01
4.332388833851315724e+01,1.634249612881966485e+01
2.441462183370834182e+01,6.883370880807360948e+01
9.798524134522423878e-01,5.276187828694962612e+00
1.134382396244367612e+02,8.397811128564742944e+01
8.321184657813365959e+01,1.134644478066583275e+02
1.152404139508415426e+02,1.164008688740991175e+02
1.146320372582695910e+02,3.138015714609506546e+01
2.544466809550841901e+01,9.865157561024143718e+01
4.498550153496877613e+01,6.474206653220767294e+01
4.633384775488929108e+01,4.951146362162505454e+01
3.413537099853902745e+00,3.435843217864445620e+01
1.012414118096652231e+02,1.135627629113554526e+01
7.663671017345761527e+01,6.477976545225993732e+01
2.645170848492075422e+01,9.724714319022824327e+01
7.829143638712129416e+01,7.464656277002806917e+01
1.120893639046524299e+02,3.228673202296392652e+00
4.151437369363357988e+01,1.183217562992979026e+02
1.609385961740674276e+01,9.521409392730571142e+01
1.087468694676036307e+02,4.580793722393406142e+01
1.006052812554546705e+02,1.131956230549124456e+02
1.535810721728510408e+01,7.813847760245641894e+01
1.169671855536523992e+02,5.678445917806760690e+01
3.268905509281933774e+01,9.605172600197349198e+00
7.612498065770624578e+01,3.250132243082472883e+01
1.067231863002060095e+02,3.122353603926199739e+01
8.028325797178537115e+00,9.919401262012527809e+01
1.836931979095104950e+01,7.048746117364146357e+01
4.187817040140220115e+01,4.212011086770549184e+01
1.827046664604809578e+01,5.148620796610362049e+01
6.364203682486186153e+01,1.886958684552570276e+01
1.797911672934249694e+01,9.045200900144362777e+01
4.221008352211824644e+01,5.615587535342854864e+01
8.893168714391369178e+01,5.426764027189391726e+01
1.066682770787124923e+02,6.472180879851090474e+00
5.701075122417175578e+01,1.054629601472932592e+02
8.541024956650848310e+01,9.069669574876551010e+00
9.236992121373205578e+01,1.153991885774835779e+01
4.419963131931887546e+01,1.106409006699541351e+02
4.391054596490593553e+01,1.900245954307452578e+01
7.481596127078229586e+01,6.840135724804747852e+00
1.037411529670199712e+02,7.509830471752417225e+01
