arm,control,layer,type,word,C_lag1,C_lag2,c1_C_lag1,c1_C_lag2,c1_kmed,dev_Clag_c1,dev_Clag_real,dev_Cx_c1,dev_Cx_dense_c1,dev_Cx_dense_real,dev_Cx_real,dip,dip_c1,dip_real,dip_x,kmed,matched,real_C_lag1,real_C_lag2,real_kmed,sM,tau,tau_v,v_exkurt,v_ks,v_skew,vrms_ratio,x_step
A0,c1_regen_s0,0,Q,STAYS AT C1,0.0666804823203028,-0.23637068845287157,0.06274114311318292,-0.23479671038334993,0.644852956482181,0.046535730924628926,2.297169472452821,1.3127808913575678,0.1205836256462702,2.107895977706952,6.657921131854096,-0.24847967964777373,-0.2429096344568394,-0.18178031892168256,0.8500000000000001,0.6426500645900062,,-0.1630364649249793,-0.11457289332365465,0.7167000559758318,,575.9980190085095,,0.09148915016770243,0.004362550619860073,0.013558724578280005,nan,0.43772137090993996
A0,c1_regen_s1,0,Q,STAYS AT C1,0.05880180390606305,-0.23322273231382828,0.06274114311318292,-0.23479671038334993,0.644852956482181,0.04653573092462865,2.2183826883104234,1.3127808913575678,0.1205836256462702,1.9596059067503533,4.03235934913896,-0.2373395892659051,-0.2429096344568394,-0.18178031892168256,0.8500000000000001,0.6470558483743558,,-0.1630364649249793,-0.11457289332365465,0.7167000559758318,,575.9980190085095,,0.09041221265745669,0.004646346685408642,-0.010686469836238987,nan,0.43772137090993996
A0,c9_smooth_zero,0,Q,STAYS AT C1,0.05853849759816449,-0.2339833720414884,0.06274114311318292,-0.23479671038334993,0.644852956482181,0.06668684892752255,2.215749625231438,0.7126538182256557,0.07952189427555878,2.0137904565730436,5.998854166870033,-0.24273114172282545,-0.2429096344568394,-0.18178031892168256,0.8500000000000001,0.6470938802908378,,-0.1630364649249793,-0.11457289332365465,0.7167000559758318,,575.9980190085095,,0.06528345230809585,0.003501130229115662,0.011270199218564321,nan,0.43772137090993996
A0,c9_scale_only,0,Q,STAYS AT C1,0.058538497598164346,-0.23398337204148859,0.06274114311318292,-0.23479671038334993,0.644852956482181,0.0666868489275313,2.2157496252314366,0.7126538182257227,0.07952189427557303,2.0137904565730524,5.998854166869724,-0.24273114172282592,-0.2429096344568394,-0.18178031892168256,0.8500000000000001,0.647093880290807,,-0.1630364649249793,-0.11457289332365465,0.7167000559758318,,575.9980190085095,,0.06528345230809984,0.0035011302291158286,0.011270199218562994,nan,0.43772137090993996
A0,c9_smooth_matched_s0,0,Q,STAYS AT C1,0.05865433566498159,-0.23376466951475477,0.06274114311318292,-0.23479671038334993,0.644852956482181,0.06921559517039363,2.216908005899609,0.6851274462419975,0.08145749463561078,2.0154678063368263,6.002857308366886,-0.24242914822964204,-0.2429096344568394,-0.18178031892168256,0.8500000000000001,0.6473313509032893,True,-0.1630364649249793,-0.11457289332365465,0.7167000559758318,,575.9980190085095,,0.06484715068216307,0.003476766377313728,0.008188579537306381,1.0071826579427643,0.43772137090993996
A0,c9_smooth_matched_s1,0,Q,STAYS AT C1,0.053195254173316456,-0.231489049251869,0.06274114311318292,-0.23479671038334993,0.644852956482181,0.09545888939866465,2.1623171909829573,2.1306276333204552,0.178283243986845,1.9019388642956847,3.2145126071760726,-0.23212022138571856,-0.2429096344568394,-0.18178031892168256,0.95,0.6473502095624848,True,-0.1630364649249793,-0.11457289332365465,0.7167000559758318,,575.9980190085095,,0.061020422853716116,0.003691640797743645,-0.012263278982117806,1.0025851469033498,0.43772137090993996
A0,c9_smooth_null,0,Q,STAYS AT C1,0.05859325033142029,-0.23392952655907276,0.06274114311318292,-0.23479671038334993,0.644852956482181,0.06709077014954615,2.216297152563996,0.6752865464188518,0.10623792351694936,1.99749213488626,6.02042678691538,-0.24133391437431204,-0.2429096344568394,-0.18178031892168256,0.8500000000000001,0.6465288883797875,True,-0.1630364649249793,-0.11457289332365465,0.7167000559758318,,575.9980190085095,,0.07021154836393517,0.0037447342123827915,0.010814437879761767,1.0073907292095405,0.43772137090993996
A0,c9_fine_zero,0,Q,STAYS AT C1,0.058299564928086196,-0.23408313279287735,0.06274114311318292,-0.23479671038334993,0.644852956482181,0.06868857242279439,2.2133602985306546,0.8227145165867648,0.11457697007781958,2.0025136488716853,6.154813717601612,-0.25290502642960805,-0.2429096344568394,-0.18178031892168256,0.8500000000000001,0.6461220041665785,,-0.1630364649249793,-0.11457289332365465,0.7167000559758318,,575.9980190085095,,0.06185615297000435,0.0033998791816133994,0.013701108986124092,nan,0.43772137090993996
A0,c9_fine_matched_s0,0,Q,STAYS AT C1,0.05883052031238935,-0.23306873229276184,0.06274114311318292,-0.23479671038334993,0.644852956482181,0.08410886197253165,2.218669852373686,0.8497100775885976,0.09732738760420773,2.0137320251446655,6.194850318085126,-0.2527389975107824,-0.2429096344568394,-0.18178031892168256,0.8500000000000001,0.6454794249927777,True,-0.1630364649249793,-0.11457289332365465,0.7167000559758318,,575.9980190085095,,0.06150216466231395,0.003605751814934527,0.007826857345387581,1.0075953505978084,0.43772137090993996
A0,c9_fine_matched_s1,0,Q,STAYS AT C1,0.053216015574475715,-0.230842243704898,0.06274114311318292,-0.23479671038334993,0.644852956482181,0.09525127538707205,2.16252480499455,2.8301855144569283,0.11700821484288304,1.9167427273857693,2.5149547260395995,-0.23224041082008426,-0.2429096344568394,-0.18178031892168256,0.8500000000000001,0.6472096123662282,True,-0.1630364649249793,-0.11457289332365465,0.7167000559758318,,575.9980190085095,,0.06558797634105629,0.0038286655685695337,-0.013409634948605966,1.0028767730825021,0.43772137090993996
A0,c9_fine_null,0,Q,STAYS AT C1,0.058439214451474104,-0.23401991100127262,0.06274114311318292,-0.23479671038334993,0.644852956482181,0.07268737623950278,2.214756793764534,0.6565644767976819,0.13368720365956932,1.9944916345934347,5.885155656128496,-0.24440566426942492,-0.2429096344568394,-0.18178031892168256,0.8500000000000001,0.6466622051041924,True,-0.1630364649249793,-0.11457289332365465,0.7167000559758318,,575.9980190085095,,0.06584581822493485,0.0035450099556402215,0.01341900074464822,1.0075031546091062,0.43772137090993996
A0,c9_raw_zero,0,Q,STAYS AT C1,0.05820299467277911,-0.23398158990472576,0.06274114311318292,-0.23479671038334993,0.644852956482181,0.07294177549160355,2.212394595977584,0.9746150551797416,0.1696530021624156,1.983132866768084,6.2453373743826095,-0.2463806996988753,-0.2429096344568394,-0.18178031892168256,0.8500000000000001,0.6417856118544172,,-0.1630364649249793,-0.11457289332365465,0.7167000559758318,,575.9980190085095,,0.11015123324048304,0.0041567843860637055,0.016559259421289246,nan,0.43772137090993996
A0,c9_raw_matched_s0,0,Q,STAYS AT C1,0.058031932719608416,-0.2323901677790834,0.06274114311318292,-0.23479671038334993,0.644852956482181,0.13980239783784418,2.210683976445877,0.9152688435347394,0.18902288956914703,1.9883356243419463,6.260409084031267,-0.2505689375431034,-0.2429096344568394,-0.18178031892168256,0.8500000000000001,0.6233805680652644,True,-0.1630364649249793,-0.11457289332365465,0.7167000559758318,,575.9980190085095,,0.27681717798161554,0.007847279776991845,0.014971074376574217,1.0199492444913176,0.43772137090993996
A0,c9_raw_matched_s1,0,Q,STAYS AT C1,0.05497005787972348,-0.22713310732217926,0.06274114311318292,-0.23479671038334993,0.644852956482181,0.07771085233459443,2.180065228047028,2.6018441537876735,0.28204731913373354,1.9720065368082884,2.7432960867088543,-0.23322288642433742,-0.2429096344568394,-0.18178031892168256,0.8500000000000001,0.6229016709984883,True,-0.1630364649249793,-0.11457289332365465,0.7167000559758318,,575.9980190085095,,0.2502829683328449,0.006808268304638793,-0.01141860166482822,1.0134867246711379,0.43772137090993996
A0,c9_raw_null,0,Q,STAYS AT C1,0.058663238315604695,-0.2324825408770704,0.06274114311318292,-0.23479671038334993,0.644852956482181,0.08325747845999529,2.21699703240584,1.2410535726487537,0.2101418604642085,1.9701361827253425,6.5861938131452815,-0.24384624345562447,-0.2429096344568394,-0.18178031892168256,0.8500000000000001,0.6293697336403482,True,-0.1630364649249793,-0.11457289332365465,0.7167000559758318,,575.9980190085095,,0.25690499384313403,0.006184577936153374,0.027033355403580143,1.015707700723044,0.43772137090993996
A0,c9_planted_A50,0,Q,OVERSHOOTS,0.4211269675460588,0.11702363978926163,0.06274114311318292,-0.23479671038334993,0.644852956482181,3.5838582443287583,5.84163432471038,5.219508553295911,3.109673957551859,4.4912746017496215,7.462088118481662,0.04262242865126446,-0.2429096344568394,-0.18178031892168256,1.55,0.2485388254178876,False,-0.1630364649249793,-0.11457289332365465,0.7167000559758318,,4003.9049872131022,,1.6819265187140875,0.023979074467088357,-0.0357719823741584,1.2102595384042523,0.43772137090993996
A0,driver_tau0_s0,0,Q,REPRODUCES,-0.21649323325166872,-0.08642618851333116,0.06274114311318292,-0.23479671038334993,0.644852956482181,2.792343763648516,0.5345676832668941,8.702156867580472,2.5993739477157316,0.5656230054870791,3.4255163244412543,-0.22680474912548773,-0.2429096344568394,-0.18178031892168256,0.45,0.7995679007586027,True,-0.1630364649249793,-0.11457289332365465,0.7167000559758318,0.008050821720871971,,0.0,0.1847126309866267,0.005781177662294357,0.011075246344495183,0.9551686475211283,0.43772137090993996
A0,driver_tau0_s1,0,Q,REPRODUCES,-0.2215125662678273,-0.08882533882003392,0.06274114311318292,-0.23479671038334993,0.644852956482181,2.8425370938101024,0.58476101342848,9.233161190551723,2.6553347712216455,0.6215838289929931,4.511131681915994,-0.22781592915998103,-0.2429096344568394,-0.18178031892168256,0.45,0.7935877618146403,True,-0.1630364649249793,-0.11457289332365465,0.7167000559758318,0.008050821720871971,,0.0,0.17372338937873177,0.005062195956645588,-0.00198897196665122,0.9606844012327488,0.43772137090993996
A0,driver_tau2_s0,0,Q,REPRODUCES,-0.19970176683879798,-0.0980532327731823,0.06274114311318292,-0.23479671038334993,0.644852956482181,2.6244290995198085,0.3666530191381867,9.031829359092475,2.4606465930923758,0.4268956508637234,3.6866891185959467,-0.2115537551539502,-0.2429096344568394,-0.18178031892168256,0.45,0.7889479972928426,True,-0.1630364649249793,-0.11457289332365465,0.7167000559758318,0.004256174116489161,,2.0,0.1171265204217864,0.006686826822910885,-0.006348084084223608,0.9618490207383639,0.43772137090993996
A0,driver_tau2_s1,0,Q,REPRODUCES,-0.20738765126353736,-0.10427725260682504,0.06274114311318292,-0.23479671038334993,0.644852956482181,2.7012879437672024,0.4435118633855806,8.626205013014898,2.5247629853671034,0.4910120431384511,3.281064772518371,-0.21648013534598579,-0.2429096344568394,-0.18178031892168256,0.45,0.7900317871100699,True,-0.1630364649249793,-0.11457289332365465,0.7167000559758318,0.004256174116489161,,2.0,0.19240979744655462,0.005037064746099773,-0.020408657983132933,0.9638054014104541,0.43772137090993996
A0,driver_tau5_s0,0,Q,REPRODUCES,-0.16877794449233474,-0.1253080041131028,0.06274114311318292,-0.23479671038334993,0.644852956482181,2.3151908760551763,0.10735110789448152,6.5137123205386525,2.2182984501007894,0.18454750787213686,1.4564751434617456,-0.1829773281098575,-0.2429096344568394,-0.18178031892168256,0.45,0.7725549098138059,True,-0.1630364649249793,-0.11457289332365465,0.7167000559758318,0.002921925847461993,,5.0,0.09850430082702077,0.003829015516105483,0.007304935411296826,0.968178859633318,0.43772137090993996
A0,driver_tau5_s1,0,Q,REPRODUCES,-0.18003451795200356,-0.11839372806074444,0.06274114311318292,-0.23479671038334993,0.644852956482181,2.4277566106518647,0.16998053027024257,7.529155327031146,2.2158540074251283,0.40114831554284924,2.1840150865346186,-0.19664092774074954,-0.2429096344568394,-0.18178031892168256,0.45,0.7795946410660027,True,-0.1630364649249793,-0.11457289332365465,0.7167000559758318,0.002921925847461993,,5.0,0.08427673095599575,0.003219033338656807,-0.0046914310024292125,0.9734813948258593,0.43772137090993996
A0,driver_tau10_s0,0,Q,REPRODUCES,-0.11125949477682233,-0.1610328909652013,0.06274114311318292,-0.23479671038334993,0.644852956482181,1.7400063789000524,0.5177697014815698,3.4120681898333345,1.7856653173445125,0.3535836713395113,1.9330720506631938,-0.1682597590080416,-0.2429096344568394,-0.18178031892168256,0.75,0.7460783942776426,True,-0.1630364649249793,-0.11457289332365465,0.7167000559758318,0.002342672719367072,,10.0,0.0798436910250242,0.00369090272428918,0.006318214472419728,0.9735176730345232,0.43772137090993996
A0,driver_tau10_s1,0,Q,REPRODUCES,-0.11908092318775897,-0.16394617534290903,0.06274114311318292,-0.23479671038334993,0.644852956482181,1.8182206630094189,0.4937328201925438,6.078987690067563,1.725286985472802,0.3865131890993761,1.9530034422370124,-0.1633351513756387,-0.2429096344568394,-0.18178031892168256,0.75,0.7468965750207079,True,-0.1630364649249793,-0.11457289332365465,0.7167000559758318,0.002342672719367072,,10.0,0.12080358310308092,0.0037064207989331854,-0.014456314805271427,0.9799963100783657,0.43772137090993996
A0,driver_tau20_s0,0,Q,OVERSHOOTS,-0.041414798592336356,-0.19645631842368738,0.06274114311318292,-0.23479671038334993,0.644852956482181,1.0415594170551927,1.2162166633264295,1.5799425169759556,1.1969070579480023,0.8368438842806499,3.7651977235205725,-0.20031974636184513,-0.2429096344568394,-0.18178031892168256,0.8500000000000001,0.7089507502011418,True,-0.1630364649249793,-0.11457289332365465,0.7167000559758318,0.0020284264084730872,,20.0,0.06708938960382183,0.00492505636342816,-0.0035461920709472265,0.982356079661719,0.43772137090993996
A0,driver_tau20_s1,0,Q,OVERSHOOTS,-0.05316373470025541,-0.18606393065047516,0.06274114311318292,-0.23479671038334993,0.644852956482181,1.1590487781343832,1.0987273022472388,4.17617572471624,1.0879841953912548,0.9457667468373976,2.275331669103325,-0.21008742628110558,-0.2429096344568394,-0.18178031892168256,0.75,0.7262039221996929,True,-0.1630364649249793,-0.11457289332365465,0.7167000559758318,0.0020284264084730872,,20.0,0.09865798420454341,0.004338544926252075,-0.015496151740699694,0.9718086996646832,0.43772137090993996
A0,driver_tau40_s0,0,Q,STAYS AT C1,0.010152610789152512,-0.21075489994937965,0.06274114311318292,-0.23479671038334993,0.644852956482181,0.525885323240304,1.731890757141318,0.8851661103448276,0.6834944466837449,1.3502564955449075,4.459974130151701,-0.22234415366865903,-0.2429096344568394,-0.18178031892168256,0.8500000000000001,0.7006771354278598,True,-0.1630364649249793,-0.11457289332365465,0.7167000559758318,0.0018707038830415301,,40.0,0.005115627682329205,0.0016178981607171128,5.802369998733529e-05,0.9858432236918215,0.43772137090993996
A0,driver_tau40_s1,0,Q,STAYS AT C1,0.005602070946203586,-0.2184509225173834,0.06274114311318292,-0.23479671038334993,0.644852956482181,0.5713907216697933,1.6863853587118287,2.963393798139006,0.6932654566421407,1.3404854855865116,2.381746442357522,-0.22591508216358164,-0.2429096344568394,-0.18178031892168256,0.8500000000000001,0.6933030053807139,True,-0.1630364649249793,-0.11457289332365465,0.7167000559758318,0.0018707038830415301,,40.0,0.07142157884428135,0.005722002846510588,-0.0036012174364045543,0.9833530879326082,0.43772137090993996
A0,driver_tau80_s0,0,Q,STAYS AT C1,0.04761235874088273,-0.2309816651609757,0.06274114311318292,-0.23479671038334993,0.644852956482181,0.15128784372300189,2.1064882366586204,0.9542335477924299,0.4658520676380745,1.5678988745905778,4.390906692704099,-0.24327353600851598,-0.2429096344568394,-0.18178031892168256,0.8500000000000001,0.6810620413708786,True,-0.1630364649249793,-0.11457289332365465,0.7167000559758318,0.0018031005487374725,,80.0,0.09867099054077144,0.004674179613035179,0.001345871947372359,0.9764822163751272,0.43772137090993996
A0,driver_tau80_s1,0,Q,STAYS AT C1,0.024385096970038395,-0.23424015060077655,0.06274114311318292,-0.23479671038334993,0.644852956482181,0.3835604614314453,1.874215618950177,2.2629875432791366,0.42308836942029954,1.6106625728083528,3.082152697217391,-0.27480446669979763,-0.2429096344568394,-0.18178031892168256,0.6500000000000001,0.6823600315378916,True,-0.1630364649249793,-0.11457289332365465,0.7167000559758318,0.0018031005487374725,,80.0,0.0707896931553309,0.006157037287969458,0.016889608487214127,0.9814825406522819,0.43772137090993996
A0,driver_tauc1_s0,0,Q,STAYS AT C1,0.10124229636481494,-0.22254578452422447,0.06274114311318292,-0.23479671038334993,0.644852956482181,0.38501153251632014,2.642787612897942,0.9357236803000313,0.2737048621254695,1.8802585539752104,6.280863920796559,-0.26049720366073603,-0.2429096344568394,-0.18178031892168256,0.6500000000000001,0.6623823106977881,False,-0.1630364649249793,-0.11457289332365465,0.7167000559758318,0.002204411317935082,,575.9980190085095,0.18739607866306462,0.006621930281378141,0.018181728915447472,0.944688087805254,0.43772137090993996
A0,driver_tauc1_s1,0,Q,STAYS AT C1,0.08044954527056447,-0.2315094445232184,0.06274114311318292,-0.23479671038334993,0.644852956482181,0.1770840215738155,2.4348601019554375,1.3055546447216737,0.22991110953740976,2.1029826854011233,5.131310980792619,-0.25004383405799296,-0.2429096344568394,-0.18178031892168256,0.75,0.639863459465999,True,-0.1630364649249793,-0.11457289332365465,0.7167000559758318,0.002204411317935082,,575.9980190085095,0.21606828352651464,0.007724909730241314,-0.0008164479987058613,0.9850221930648071,0.43772137090993996
A0,c1_regen_s0,0,K,STAYS AT C1,0.13564068557827758,-0.22456820176389436,0.13312743297406776,-0.23270643246963857,0.6642667011209722,0.0813823070574421,2.6810400513336496,0.5922136565429585,0.1622692991244895,2.275889479030595,3.8984498341169216,-0.24322063400817287,-0.24412550427993523,-0.15757216772599636,0.75,0.6679770757375317,,-0.1324633195550874,-0.10656466147115831,0.7717809924622132,,647.0691265182655,,0.0961570871470494,0.003423013902338179,-0.0018167496027420107,nan,0.3896440614906966
A0,c1_regen_s1,0,K,STAYS AT C1,0.13061418036985795,-0.2408446631753828,0.13312743297406776,-0.23270643246963857,0.6642667011209722,0.08138230705744237,2.630774999249453,0.5922136565429585,0.1622692991244897,2.156599227983314,5.082877147202839,-0.24503037455169757,-0.24412550427993523,-0.15757216772599636,0.75,0.6605563265044125,,-0.1324633195550874,-0.10656466147115831,0.7717809924622132,,647.0691265182655,,0.12885181134262647,0.004853861595772835,0.02233703776904125,nan,0.3896440614906966
A0,c9_smooth_zero,0,K,STAYS AT C1,0.12559004656356437,-0.22264285783353885,0.13312743297406776,-0.23270643246963857,0.6642667011209722,0.1006357463609972,2.5805336611865175,0.8625909677592699,0.17409970560979798,2.261467951234024,3.6280725229006103,-0.23674568362645215,-0.24412550427993523,-0.15757216772599636,0.75,0.6711059304770854,,-0.1324633195550874,-0.10656466147115831,0.7717809924622132,,647.0691265182655,,0.08995438096367447,0.002994523489710632,-0.0041461335194627625,nan,0.3896440614906966
A0,c9_scale_only,0,K,STAYS AT C1,0.12559004656356512,-0.2226428578335391,0.13312743297406776,-0.23270643246963857,0.6642667011209722,0.1006357463609947,2.5805336611865246,0.862590967759472,0.1740997056097876,2.2614679512340525,3.6280725229004083,-0.23674568362645304,-0.24412550427993523,-0.15757216772599636,0.75,0.6711059304768607,,-0.1324633195550874,-0.10656466147115831,0.7717809924622132,,647.0691265182655,,0.08995438096367625,0.0029945234897315043,-0.004146133519459312,nan,0.3896440614906966
A0,c9_smooth_matched_s0,0,K,STAYS AT C1,0.12582005243269861,-0.22230751242011984,0.13312743297406776,-0.23270643246963857,0.6642667011209722,0.10398920049518728,2.58283371987786,0.880686650996095,0.19044489300079756,2.265329318921791,3.6099768396637852,-0.23613764558088815,-0.24412550427993523,-0.15757216772599636,0.75,0.6706645351601823,True,-0.1324633195550874,-0.10656466147115831,0.7717809924622132,,647.0691265182655,,0.0917712699477744,0.002961528380999945,-0.007442838152254742,1.0346016843500005,0.3896440614906966
A0,c9_smooth_matched_s1,0,K,STAYS AT C1,0.1203978272422746,-0.24125465299215398,0.13312743297406776,-0.23270643246963857,0.6642667011209722,0.1272960573179316,2.5286114679736196,0.8356261170817136,0.2788016147280907,2.160053156590873,5.326289607741594,-0.24648612989617893,-0.24412550427993523,-0.15757216772599636,0.8500000000000001,0.6624011910864476,True,-0.1324633195550874,-0.10656466147115831,0.7717809924622132,,647.0691265182655,,0.10096118753938166,0.004117735592572502,0.017273947359341724,1.0443087294075937,0.3896440614906966
A0,c9_smooth_null,0,K,STAYS AT C1,0.12595417629639702,-0.22241934382470419,0.13312743297406776,-0.23270643246963857,0.6642667011209722,0.10287088644934383,2.5841749585148444,0.7829819250915453,0.21956092806409894,2.229914978300356,3.707681565568335,-0.23548937465631564,-0.24412550427993523,-0.15757216772599636,0.75,0.6710138191801429,True,-0.1324633195550874,-0.10656466147115831,0.7717809924622132,,647.0691265182655,,0.09539649935127281,0.003295289658836867,-0.004440776834802965,1.034956787262751,0.3896440614906966
A0,c9_fine_zero,0,K,STAYS AT C1,0.12450344200353154,-0.22351999024617283,0.13312743297406776,-0.23270643246963857,0.6642667011209722,0.09186442223465735,2.569667615586189,0.7955310415413871,0.18703168940081544,2.2483578743326733,3.695132449118493,-0.24144288758783652,-0.24412550427993523,-0.15757216772599636,0.75,0.6706909239638781,,-0.1324633195550874,-0.10656466147115831,0.7717809924622132,,647.0691265182655,,0.08459638742132292,0.0029125052338604546,-0.0038550916506375514,nan,0.3896440614906966
A0,c9_fine_matched_s0,0,K,STAYS AT C1,0.1255903862214338,-0.22218203649934423,0.13312743297406776,-0.23270643246963857,0.6642667011209722,0.10524395970294337,2.580537057765212,0.9436223788282594,0.21290756602475722,2.2634161593950917,3.547041111831621,-0.24007133421022217,-0.24412550427993523,-0.15757216772599636,0.75,0.6692393294478323,True,-0.1324633195550874,-0.10656466147115831,0.7717809924622132,,647.0691265182655,,0.0886679027499282,0.002997711260647254,-0.007752011783090562,1.0345040091316342,0.3896440614906966
A0,c9_fine_matched_s1,0,K,STAYS AT C1,0.12037649892138311,-0.24044679176055342,0.13312743297406776,-0.23270643246963857,0.6642667011209722,0.12750934052684654,2.528398184764705,0.8067793105150519,0.26698780362202934,2.167025778714212,5.297442801174932,-0.24513629336075365,-0.24412550427993523,-0.15757216772599636,0.8500000000000001,0.6616908413286546,True,-0.1324633195550874,-0.10656466147115831,0.7717809924622132,,647.0691265182655,,0.09615626147118261,0.004304244619880854,0.016305256291902794,1.044367450531246,0.3896440614906966
A0,c9_fine_null,0,K,STAYS AT C1,0.12480380482625121,-0.22253293822989742,0.13312743297406776,-0.23270643246963857,0.6642667011209722,0.10173494239741149,2.5726712438133856,0.8398252344993584,0.19770726334825425,2.2492041913137513,3.650838256160522,-0.2439137351647057,-0.24412550427993523,-0.15757216772599636,0.75,0.6700103703105814,True,-0.1324633195550874,-0.10656466147115831,0.7717809924622132,,647.0691265182655,,0.09079957878793232,0.003344660694332202,-0.0033248418148721084,1.0348057689427967,0.3896440614906966
A0,c9_raw_zero,0,K,STAYS AT C1,0.12470913679365968,-0.2242038729819686,0.13312743297406776,-0.23270643246963857,0.6642667011209722,0.0850255948766998,2.5717245634874706,0.4708265988561326,0.2939217619731951,2.2872129307945586,4.019836891803748,-0.24153105321941648,-0.24412550427993523,-0.15757216772599636,0.75,0.6638835350344146,,-0.1324633195550874,-0.10656466147115831,0.7717809924622132,,647.0691265182655,,0.13827211928193783,0.004135753626498831,-0.002637878432827953,nan,0.3896440614906966
A0,c9_raw_matched_s0,0,K,STAYS AT C1,0.15487542215371644,-0.23145707107021202,0.13312743297406776,-0.23270643246963857,0.6642667011209722,0.2174798917964868,2.873387417088038,2.840495030877799,0.3799576553361872,2.2698454273731303,3.081345036927204,-0.2619092791741427,-0.24412550427993523,-0.15757216772599636,0.75,0.6441645301259505,True,-0.1324633195550874,-0.10656466147115831,0.7717809924622132,,679.679393248098,,0.3982897058632018,0.011216395918769217,0.0005777889872591401,1.0244967933960367,0.3896440614906966
A0,c9_raw_matched_s1,0,K,STAYS AT C1,0.16406977305658474,-0.23337638947926345,0.13312743297406776,-0.23270643246963857,0.6642667011209722,0.3094234008251698,2.9653309261167213,0.4944237336248573,0.19699003788525626,2.3346715727143703,4.9850872242847375,-0.24570985664877765,-0.24412550427993523,-0.15757216772599636,0.8500000000000001,0.6420401890321792,True,-0.1324633195550874,-0.10656466147115831,0.7717809924622132,,685.2578991244532,,0.3862733166421175,0.010508464456384925,-0.004592825699656972,1.0208435938263454,0.3896440614906966
A0,c9_raw_null,0,K,STAYS AT C1,0.12580740382660452,-0.22017623926307595,0.13312743297406776,-0.23270643246963857,0.6642667011209722,0.12530193206562623,2.582707233816919,0.36834317091162216,0.36834317091162216,2.3322461482197387,4.506033271532015,-0.2457143592817773,-0.24412550427993523,-0.15757216772599636,0.75,0.6493277725754331,True,-0.1324633195550874,-0.10656466147115831,0.7717809924622132,,647.0691265182655,,0.2623704449932589,0.006055647661664054,0.001424757242129491,1.0458779312834974,0.3896440614906966
A0,c9_planted_A50,0,K,OVERSHOOTS,0.5016913902181559,0.22617739727354405,0.13312743297406776,-0.23270643246963857,0.6642667011209722,4.588838297431826,6.341547097732432,5.776846136164783,3.8771204845185325,4.490605821837173,7.862667368830391,0.09746822508105135,-0.24412550427993523,-0.15757216772599636,1.85,0.24227202817562193,False,-0.1324633195550874,-0.10656466147115831,0.7717809924622132,,7070.993486725299,,0.9203590920344946,0.018630084004631398,0.03392880139316378,1.238825805263348,0.3896440614906966
A0,driver_tau0_s0,0,K,REPRODUCES,-0.18027448763761242,-0.0877043456643404,0.13312743297406776,-0.23270643246963857,0.6642667011209722,3.1340192061168013,0.4781116808252503,7.294453003300125,2.6317050170351353,0.4154606635281807,2.975415445670892,-0.19486669581598234,-0.24412550427993523,-0.15757216772599636,0.45,0.8761910292883222,True,-0.1324633195550874,-0.10656466147115831,0.7717809924622132,0.006976596622963262,,0.0,0.2482823516281485,0.005462750903897029,-0.013848043645254597,0.9707765437371739,0.3896440614906966
A0,driver_tau0_s1,0,K,REPRODUCES,-0.19019248561353905,-0.0954042354740188,0.13312743297406776,-0.23270643246963857,0.6642667011209722,3.233199185876068,0.5772916605845165,8.624841305780636,2.684410618556858,0.46816626504990283,4.134177815120756,-0.20039985285975742,-0.24412550427993523,-0.15757216772599636,0.45,0.8747550735581318,True,-0.1324633195550874,-0.10656466147115831,0.7717809924622132,0.006976596622963262,,0.0,0.18839730978093305,0.005538268558738568,-0.0014804746215908132,0.9663916035885781,0.3896440614906966
A0,driver_tau2_s0,0,K,REPRODUCES,-0.16240295422109988,-0.10597496437546217,0.13312743297406776,-0.23270643246963857,0.6642667011209722,2.9553038719516764,0.2993963466601249,5.975575907210147,2.5051542158014395,0.2889098622944847,1.7040068713820244,-0.18851061401815034,-0.24412550427993523,-0.15757216772599636,0.45,0.8575043507999762,True,-0.1324633195550874,-0.10656466147115831,0.7717809924622132,0.0036652213337919903,,2.0,0.1817776762449994,0.006500843885216101,-0.003698658388092549,0.9754436691209223,0.3896440614906966
A0,driver_tau2_s1,0,K,REPRODUCES,-0.15551427452845656,-0.11069053368954891,0.13312743297406776,-0.23270643246963857,0.6642667011209722,2.886417075025243,0.23050954973369175,7.028636427112892,2.4156073642262057,0.19936301071925086,2.537972936453012,-0.18390382146009138,-0.24412550427993523,-0.15757216772599636,0.45,0.860487559050813,True,-0.1324633195550874,-0.10656466147115831,0.7717809924622132,0.0036652213337919903,,2.0,0.22040196088018993,0.0047082614654563315,0.01328532567885171,0.9713783391726637,0.3896440614906966
A0,driver_tau5_s0,0,K,REPRODUCES,-0.12789602375076636,-0.12493652336223124,0.13312743297406776,-0.23270643246963857,0.6642667011209722,2.610234567248341,0.18371861891072927,3.626482310489529,2.233682646330701,0.28876640668407705,1.8226887159496301,-0.16372781988485394,-0.24412550427993523,-0.15757216772599636,0.45,0.8498419516178671,True,-0.1324633195550874,-0.10656466147115831,0.7717809924622132,0.002505945712942445,,5.0,0.11616358289190787,0.003732886353437395,0.006620475094533525,0.9793910317796781,0.3896440614906966
A0,driver_tau5_s1,0,K,REPRODUCES,-0.12238213645352196,-0.12758989719605932,0.13312743297406776,-0.23270643246963857,0.6642667011209722,2.5550956942758973,0.21025235724901004,4.8144280368541015,2.220663125289006,0.29153837420177786,1.7249142689642714,-0.15634947968777252,-0.24412550427993523,-0.15757216772599636,0.45,0.8553595427310353,True,-0.1324633195550874,-0.10656466147115831,0.7717809924622132,0.002505945712942445,,5.0,0.17747532904794117,0.005113327406517598,0.012814453828204415,0.96710629549879,0.3896440614906966
A0,driver_tau10_s0,0,K,REPRODUCES,-0.06524615136118637,-0.16431448134680623,0.13312743297406776,-0.23270643246963857,0.6642667011209722,1.9837358433525414,0.6721716819390101,2.8997137521670586,1.772346750410349,0.44389760309660586,2.8080203064141402,-0.17558074822530625,-0.24412550427993523,-0.15757216772599636,0.8500000000000001,0.8189188026180613,True,-0.1324633195550874,-0.10656466147115831,0.7717809924622132,0.0020147608241353723,,10.0,0.09128861017344869,0.0040327310027036545,0.0011839719204440652,0.983713700609083,0.3896440614906966
A0,driver_tau10_s1,0,K,REPRODUCES,-0.06265175845989662,-0.1652574474333425,0.13312743297406776,-0.23270643246963857,0.6642667011209722,1.9577919143396438,0.6981156109519077,3.1371293153988407,1.7853044666968407,0.5179763300066886,1.8314001945046037,-0.16543162538080022,-0.24412550427993523,-0.15757216772599636,0.75,0.8193529848429438,True,-0.1324633195550874,-0.10656466147115831,0.7717809924622132,0.0020147608241353723,,10.0,0.15650254390679263,0.005078391941850613,-0.002532310417291645,0.9778350635316492,0.3896440614906966
A0,driver_tau20_s0,0,K,OVERSHOOTS,0.020524976401141364,-0.19982566625319795,0.13312743297406776,-0.23270643246963857,0.6642667011209722,1.1260245657292638,1.5298829595622876,2.017034040821883,1.175822617251992,1.0404217362549626,3.8557826270294293,-0.20341401152770244,-0.24412550427993523,-0.15757216772599636,0.8500000000000001,0.779184188020607,True,-0.1324633195550874,-0.10656466147115831,0.7717809924622132,0.001738203605253036,,20.0,0.15153714974552068,0.004624638787687485,-0.006090460912757301,0.9854108026999525,0.3896440614906966
A0,driver_tau20_s1,0,K,OVERSHOOTS,0.014513636511430537,-0.1919986079049484,0.13312743297406776,-0.23270643246963857,0.6642667011209722,1.186137964626372,1.469769560665179,2.2043800939771803,1.1886869589880564,1.0275573945188985,3.303186599682819,-0.20479954661239433,-0.24412550427993523,-0.15757216772599636,0.6500000000000001,0.776360836993889,True,-0.1324633195550874,-0.10656466147115831,0.7717809924622132,0.001738203605253036,,20.0,0.12707266426460606,0.00591758609585058,0.004059847132239814,0.98573030440511,0.3896440614906966
A0,driver_tau40_s0,0,K,STAYS AT C1,0.10062008119501523,-0.21398035315396452,0.13312743297406776,-0.23270643246963857,0.6642667011209722,0.32507351779052535,2.330834007501026,1.9896297993700327,0.797673757450955,1.4185705960559996,3.829711380871339,-0.21947348777433753,-0.24412550427993523,-0.15757216772599636,0.75,0.7524734264334194,True,-0.1324633195550874,-0.10656466147115831,0.7717809924622132,0.0015309226424853792,,40.0,0.1688746656226865,0.005873494490597819,-0.00962196454761815,0.9555073612219575,0.3896440614906966
A0,driver_tau40_s1,0,K,STAYS AT C1,0.10757189533813362,-0.2078512962556921,0.13312743297406776,-0.23270643246963857,0.6642667011209722,0.2555553763593414,2.40035214893221,2.0379252438529356,0.7523879440627169,1.463856409444238,3.7679078949932463,-0.21028811903488812,-0.24412550427993523,-0.15757216772599636,0.75,0.7576030287966221,True,-0.1324633195550874,-0.10656466147115831,0.7717809924622132,0.0015309226424853792,,40.0,0.08891067570518318,0.004594765028196751,-0.014577416492164182,0.953382423982307,0.3896440614906966
A0,driver_tau80_s0,0,K,STAYS AT C1,0.1473843466042657,-0.21904230241139264,0.13312743297406776,-0.23270643246963857,0.6642667011209722,0.14256913630197932,2.7984766615935306,1.2563847474410759,0.36879082002979346,1.8474535334771613,3.9684274493458402,-0.232400746777883,-0.24412550427993523,-0.15757216772599636,0.75,0.7217099727129954,True,-0.1324633195550874,-0.10656466147115831,0.7717809924622132,0.0014824230661689558,,80.0,0.129065365208771,0.005784825389548165,-0.005222557630917359,0.9670267240797924,0.3896440614906966
A0,driver_tau80_s1,0,K,STAYS AT C1,0.1509884382224246,-0.22563054855872397,0.13312743297406776,-0.23270643246963857,0.6642667011209722,0.17861005248356848,2.8345175777751197,1.5287862791185478,0.4728238239688552,1.7434205295380993,4.208227336388237,-0.2319270828467449,-0.24412550427993523,-0.15757216772599636,0.75,0.7278402551712227,True,-0.1324633195550874,-0.10656466147115831,0.7717809924622132,0.0014824230661689558,,80.0,0.1531387974161822,0.006439918010827328,0.004651177102899685,0.9538186386050835,0.3896440614906966
A0,driver_tauc1_s0,0,K,STAYS AT C1,0.19011283598843398,-0.21799983817869234,0.13312743297406776,-0.23270643246963857,0.6642667011209722,0.5698540301436622,3.2257615554352137,1.670095046132137,0.30019240798869234,1.9160519455182623,4.457712223550054,-0.2309536536286747,-0.24412550427993523,-0.15757216772599636,0.8500000000000001,0.6802239941187482,True,-0.1324633195550874,-0.10656466147115831,0.7717809924622132,0.0017588142689019604,,647.0691265182655,0.3033679212203917,0.008272057785081444,0.02055719475948753,0.9594931068683646,0.3896440614906966
A0,driver_tauc1_s1,0,K,STAYS AT C1,0.18568715535332986,-0.24015353883052612,0.13312743297406776,-0.23270643246963857,0.6642667011209722,0.525597223792621,3.1815047490841724,1.4033138598134351,0.2496431640772109,2.02535790104049,5.72309771611088,-0.25135790079378617,-0.24412550427993523,-0.15757216772599636,0.8500000000000001,0.6780146406355261,True,-0.1324633195550874,-0.10656466147115831,0.7717809924622132,0.0017588142689019604,,647.0691265182655,0.26700919815787616,0.0068960911147455395,0.012760677335836816,0.9567806084821782,0.3896440614906966
A0,c1_regen_s0,0,O,STAYS AT C1,-0.22447064828487168,-0.16562594618560736,-0.22838430290122763,-0.16478267504921643,0.5451130579023105,0.05809713883512255,1.2720746756552253,0.7305835031228155,0.08339857541513471,0.8504010785618243,2.2197349395368677,-0.24639610165112097,-0.24874774954649848,-0.41146155004006485,0.6500000000000001,0.5447630386612935,,-0.3516781158503942,-0.07087640876605814,0.5469355381288689,,312.6876461694049,,0.06878064218445656,0.003579682483435931,-0.0059887728232511026,nan,0.6400119972697177
A0,c1_regen_s1,0,O,STAYS AT C1,-0.2322979575175836,-0.1639394039128255,-0.22838430290122763,-0.16478267504921643,0.5451130579023105,0.05809713883512255,1.1938015833281062,0.7305835031228155,0.08339857541513471,0.8190457732901243,3.6809019457824985,-0.251099397441876,-0.24874774954649848,-0.41146155004006485,0.6500000000000001,0.5454630771433275,,-0.3516781158503942,-0.07087640876605814,0.5469355381288689,,314.17408849808373,,0.07679923354590557,0.0036627331067833335,0.007329570877097625,nan,0.6400119972697177
A0,c9_smooth_zero,0,O,STAYS AT C1,-0.2248656820606921,-0.16484775565572035,-0.22838430290122763,-0.16478267504921643,0.5451130579023105,0.05414952322679579,1.268124337897021,1.1211659729110524,0.13731248808954086,0.8529187805078942,2.5515493713334343,-0.2460184463592105,-0.24874774954649848,-0.41146155004006485,0.6500000000000001,0.5485802250557791,,-0.3516781158503942,-0.07087640876605814,0.5469355381288689,,312.6876461694049,,0.06467988072760988,0.004202751539362892,-0.010638959016543513,nan,0.6400119972697177
A0,c9_scale_only,0,O,STAYS AT C1,-0.22486568206069185,-0.16484775565572102,-0.22838430290122763,-0.16478267504921643,0.5451130579023105,0.054149523226798425,1.2681243378970235,1.1211659729111265,0.13731248808953392,0.852918780507894,2.5515493713333925,-0.24601844635921052,-0.24874774954649848,-0.41146155004006485,0.6500000000000001,0.5485802250557839,,-0.3516781158503942,-0.07087640876605814,0.5469355381288689,,312.6876461694049,,0.06467988072761832,0.004202751539344796,-0.010638959016542899,nan,0.6400119972697177
A0,c9_smooth_matched_s0,0,O,STAYS AT C1,-0.22434803008364768,-0.16444035412902216,-0.22838430290122763,-0.16478267504921643,0.5451130579023105,0.048414010956058746,1.2733008576674654,1.0898560086180202,0.1516661162613994,0.8552177968434787,2.536864464187192,-0.24567359390887283,-0.24874774954649848,-0.41146155004006485,0.6500000000000001,0.5482597237687361,True,-0.3516781158503942,-0.07087640876605814,0.5469355381288689,,312.6876461694049,,0.06454542345193826,0.005033798368774822,-0.014860907901596913,0.9622653711696171,0.6400119972697177
A0,c9_smooth_matched_s1,0,O,STAYS AT C1,-0.2338843450086112,-0.16180219315807723,-0.22838430290122763,-0.16478267504921643,0.5451130579023105,0.07384440824658549,1.1779377084178302,0.8452298983948078,0.13228962274316433,0.8102316732296296,3.7855932379243304,-0.2524215124509502,-0.24874774954649848,-0.41146155004006485,0.6500000000000001,0.5460803326278239,True,-0.3516781158503942,-0.07087640876605814,0.5469355381288689,,314.17408849808373,,0.06759933937953866,0.0037692102354613677,0.0012281346529335888,0.9604583534639004,0.6400119972697177
A0,c9_smooth_null,0,O,STAYS AT C1,-0.22442057961188766,-0.16487132482826788,-0.22838430290122763,-0.16478267504921643,0.5451130579023105,0.05460637781514577,1.2725753623850655,1.0207403006254279,0.21717586571125183,0.8582470209715101,2.255773277272692,-0.24590028561549798,-0.24874774954649848,-0.41146155004006485,0.6500000000000001,0.5479766311807933,True,-0.3516781158503942,-0.07087640876605814,0.5469355381288689,,312.6876461694049,,0.06738019503389658,0.004498330371196291,-0.011424044835440149,0.9624379712077615,0.6400119972697177
A0,c9_fine_zero,0,O,STAYS AT C1,-0.2258674234247594,-0.16482041112451945,-0.22838430290122763,-0.16478267504921643,0.5451130579023105,0.05297926209687412,1.258106924256348,3.568065666792914,0.3100952517769622,0.8682829772279426,2.397874566628205,-0.24589704459401782,-0.24874774954649848,-0.41146155004006485,0.6500000000000001,0.5483076511414802,,-0.3516781158503942,-0.07087640876605814,0.5469355381288689,,312.6876461694049,,0.06838892888621251,0.004218941046349123,-0.010238097786473874,nan,0.6400119972697177
A0,c9_fine_matched_s0,0,O,STAYS AT C1,-0.22432012843866087,-0.16332972082701203,-0.22838430290122763,-0.16478267504921643,0.5451130579023105,0.040641744625667664,1.2735798741173334,1.2934843940083534,0.30718049695389177,0.8809401145650327,2.2809176208191815,-0.2454992558481412,-0.24874774954649848,-0.41146155004006485,0.6500000000000001,0.5482034388975353,True,-0.3516781158503942,-0.07087640876605814,0.5469355381288689,,312.6876461694049,,0.0652161444177608,0.005065685401932085,-0.017220208655933877,0.9625353428732278,0.6400119972697177
A0,c9_fine_matched_s1,0,O,STAYS AT C1,-0.23296266634356377,-0.16078436001451032,-0.22838430290122763,-0.16478267504921643,0.5451130579023105,0.08077290021118075,1.1871544950683044,1.6367564190264292,0.1404409092278634,0.8093747923433452,3.7074211747341432,-0.25255004458389285,-0.24874774954649848,-0.41146155004006485,0.6500000000000001,0.54465402453756,True,-0.3516781158503942,-0.07087640876605814,0.5469355381288689,,314.17408849808373,,0.06946690424342927,0.003927285875250125,0.0003868195767455345,0.9609775821325953,0.6400119972697177
A0,c9_fine_null,0,O,STAYS AT C1,-0.22552674279247284,-0.16479287804046494,-0.22838430290122763,-0.16478267504921643,0.5451130579023105,0.05286354191865803,1.2615137305792137,1.9431116066894287,0.3608231357559684,0.859642851046938,2.2613286174667335,-0.24611540995917658,-0.24874774954649848,-0.41146155004006485,0.6500000000000001,0.547795899075218,True,-0.3516781158503942,-0.07087640876605814,0.5469355381288689,,312.6876461694049,,0.07270928419652867,0.003942946336082498,-0.01014341375853608,0.9623283043839951,0.6400119972697177
A0,c9_raw_zero,0,O,STAYS AT C1,-0.2261559141129812,-0.16427040496045967,-0.22838430290122763,-0.16478267504921643,0.5451130579023105,0.052086194823443656,1.2552220173741302,1.1031049364017573,0.24961042132221997,0.8759578349010751,2.0972372238205437,-0.2449786015147634,-0.24874774954649848,-0.41146155004006485,0.6500000000000001,0.5430253437256005,,-0.3516781158503942,-0.07087640876605814,0.5469355381288689,,312.6876461694049,,0.09654552404655492,0.003930273483994884,-0.008843181267394017,nan,0.6400119972697177
A0,c9_raw_matched_s0,0,O,STAYS AT C1,-0.2251736442578402,-0.1594427688817033,-0.22838430290122763,-0.16478267504921643,0.5451130579023105,0.0533990616751312,1.26504471592554,0.9763543897173598,0.24141680510559405,0.8955533590700495,2.0962469448382324,-0.24470359479621182,-0.24874774954649848,-0.41146155004006485,0.6500000000000001,0.536352914335867,True,-0.3516781158503942,-0.07087640876605814,0.5469355381288689,,312.6876461694049,,0.152046654041591,0.005224569278503233,-0.015215103190413271,0.9678150343660669,0.6400119972697177
A0,c9_raw_matched_s1,0,O,STAYS AT C1,-0.23190263551816567,-0.15877025163201328,-0.22838430290122763,-0.16478267504921643,0.5451130579023105,0.09109032568652943,1.1977548033222853,1.055540927434333,0.1752727519985009,0.8291888608964395,4.005859370094016,-0.2495779343009287,-0.24874774954649848,-0.41146155004006485,0.6500000000000001,0.5367348322834662,True,-0.3516781158503942,-0.07087640876605814,0.5469355381288689,,314.17408849808373,,0.15586798325961393,0.007438135328202533,-0.0009052517063331271,0.9662045292444343,0.6400119972697177
A0,c9_raw_null,0,O,STAYS AT C1,-0.22581553499584683,-0.1644131185948369,-0.22838430290122763,-0.16478267504921643,0.5451130579023105,0.049919123026458234,1.2586258085454738,1.26795031248564,0.27092124434040205,0.8661113252525736,1.939039838530697,-0.2440395646475086,-0.24874774954649848,-0.41146155004006485,0.6500000000000001,0.5390570241760553,True,-0.3516781158503942,-0.07087640876605814,0.5469355381288689,,312.6876461694049,,0.1517709326718064,0.0049638611760266516,-0.013174505420368654,0.9667529114371952,0.6400119972697177
A0,c9_planted_A50,0,O,OVERSHOOTS,0.09185295879077292,-0.10044431163302683,-0.22838430290122763,-0.16478267504921643,0.5451130579023105,3.2023726169200053,4.4353107464116714,4.55282410343715,2.8135686141597893,3.6482920400857632,5.2328148222510364,-0.1066050822444611,-0.24874774954649848,-0.41146155004006485,1.6500000000000001,0.23946417430045508,False,-0.3516781158503942,-0.07087640876605814,0.5469355381288689,,2462.4798119719367,,2.9102463091612076,0.044143671136885665,-0.04017873913141959,1.2229288288086413,0.6400119972697177
A0,driver_tau0_s0,0,O,REPRODUCES,-0.3036673430312157,-0.08792704909850622,-0.22838430290122763,-0.16478267504921643,0.5451130579023105,0.7685562595071019,0.4801077281917854,6.713609129350231,0.7836338381759738,0.45239089285071665,6.462332681004435,-0.30609762950778713,-0.24874774954649848,-0.41146155004006485,0.6500000000000001,0.6026747457028896,False,-0.3516781158503942,-0.07087640876605814,0.5469355381288689,0.014887799187272444,,0.0,0.2459634769842145,0.005736587070584637,0.004814370568199779,0.8892708218365337,0.6400119972697177
A0,driver_tau0_s1,0,O,REPRODUCES,-0.34215569571328885,-0.06955091567001236,-0.22838430290122763,-0.16478267504921643,0.5451130579023105,1.1377139281206121,0.09522420137105359,7.74166374294168,0.838824769969051,0.3633833384799467,4.900795196193396,-0.35108215860332515,-0.24874774954649848,-0.41146155004006485,0.6500000000000001,0.5781918065161091,False,-0.3516781158503942,-0.07087640876605814,0.5469355381288689,0.014887799187272444,,0.0,0.30947267648800736,0.006454120689007192,-0.00695875908471796,0.940136193788783,0.6400119972697177
A0,driver_tau2_s0,0,O,REPRODUCES,-0.3144235934256648,-0.07764341447460804,-0.22838430290122763,-0.16478267504921643,0.5451130579023105,0.8713926057460838,0.3725452242472943,5.048531751924575,0.7783832082110613,0.6683065046280966,3.240429259196888,-0.34242995074644533,-0.24874774954649848,-0.41146155004006485,0.6500000000000001,0.6026655817665552,False,-0.3516781158503942,-0.07087640876605814,0.5469355381288689,0.00799807484320869,,2.0,0.21804368377371963,0.004518764695498945,-0.004878099438333274,0.8931665428290694,0.6400119972697177
A0,driver_tau2_s1,0,O,REPRODUCES,-0.3414502683604428,-0.0715314739436713,-0.22838430290122763,-0.16478267504921643,0.5451130579023105,1.1306596545921515,0.11737549913948507,7.956485510016804,0.7771727607445008,0.2510455092423516,6.8885362143003,-0.34858827591322117,-0.24874774954649848,-0.41146155004006485,0.6500000000000001,0.5745177421376846,False,-0.3516781158503942,-0.07087640876605814,0.5469355381288689,0.00799807484320869,,2.0,0.27253553906434114,0.005479267969506152,0.013807222163480943,0.9473339830290485,0.6400119972697177
A0,driver_tau5_s0,0,O,REPRODUCES,-0.31054321298914433,-0.09033000318742963,-0.22838430290122763,-0.16478267504921643,0.5451130579023105,0.821589100879167,0.4113490286124988,4.070467681326634,0.7217630876076553,0.5002483405298088,1.591287071343267,-0.33968575313041455,-0.24874774954649848,-0.41146155004006485,0.6500000000000001,0.5998479575838934,False,-0.3516781158503942,-0.07087640876605814,0.5469355381288689,0.00548533397494938,,5.0,0.15680278484882937,0.005113468783472408,-0.0166269630457114,0.9030602625871098,0.6400119972697177
A0,driver_tau5_s1,0,O,REPRODUCES,-0.3267234827045798,-0.08766593758673796,-0.22838430290122763,-0.16478267504921643,0.5451130579023105,0.9833917980335216,0.2495463314581442,6.52404348343764,0.6679808662540839,0.2715774833331161,5.340366738842261,-0.3352455995488719,-0.24874774954649848,-0.41146155004006485,0.6500000000000001,0.567801807835939,True,-0.3516781158503942,-0.07087640876605814,0.5469355381288689,0.00548533397494938,,5.0,0.2094753150817117,0.005468952074600908,-0.019343597425369563,0.9531305354729498,0.6400119972697177
A0,driver_tau10_s0,0,O,REPRODUCES,-0.2830172459606215,-0.11417536732355575,-0.22838430290122763,-0.16478267504921643,0.5451130579023105,0.5463294305939387,0.6866086988977271,2.436797123211368,0.4594742242806915,0.42882012129985725,1.9936306989659507,-0.3176688831886022,-0.24874774954649848,-0.41146155004006485,0.6500000000000001,0.5868215656605599,False,-0.3516781158503942,-0.07087640876605814,0.5469355381288689,0.004466848693216966,,10.0,0.11495023266820636,0.0036136425115501636,-0.001391759165737611,0.9126906791096585,0.6400119972697177
A0,driver_tau10_s1,0,O,REPRODUCES,-0.3098032180189546,-0.10724313982876704,-0.22838430290122763,-0.16478267504921643,0.5451130579023105,0.8141891511772698,0.41874897831439606,4.978262440151568,0.6325180524083185,0.37212387703867333,3.6465713498968255,-0.3181376818795936,-0.24874774954649848,-0.41146155004006485,0.6500000000000001,0.5597455806222034,True,-0.3516781158503942,-0.07087640876605814,0.5469355381288689,0.004466848693216966,,10.0,0.1489102984784889,0.00417184687157901,-0.009200720971307898,0.9564719985855555,0.6400119972697177
A0,driver_tau20_s0,0,O,REPRODUCES,-0.25264787992679394,-0.14047857171788847,-0.22838430290122763,-0.16478267504921643,0.5451130579023105,0.2430410333132796,0.9903023592360027,1.2292458766546257,0.27516730147366886,0.7172729437249731,1.7408649820212794,-0.2775259372687627,-0.24874774954649848,-0.41146155004006485,0.6500000000000001,0.5729162089166946,False,-0.3516781158503942,-0.07087640876605814,0.5469355381288689,0.0038575385264423227,,20.0,0.04576845095706217,0.0030886945265147653,0.007898304842381038,0.9285242731542248,0.6400119972697177
A0,driver_tau20_s1,0,O,REPRODUCES,-0.2882148986300683,-0.11773154087984398,-0.22838430290122763,-0.16478267504921643,0.5451130579023105,0.5983059572884064,0.6346321722032594,4.90515502638435,0.3992500248688865,0.5182861471027755,1.954836583724667,-0.30863525327683144,-0.24874774954649848,-0.41146155004006485,0.6500000000000001,0.5579813508265541,True,-0.3516781158503942,-0.07087640876605814,0.5469355381288689,0.0038575385264423227,,20.0,0.10669921342807553,0.0036984691786954293,0.009996081185374196,0.9554119860879703,0.6400119972697177
A0,driver_tau40_s0,0,O,STAYS AT C1,-0.24582157862052453,-0.1575774673345717,-0.22838430290122763,-0.16478267504921643,0.5451130579023105,0.17437275719296902,1.0585653722986967,3.599483128954114,0.2742419484344849,0.9438461777306205,2.6723568555059347,-0.27346765007647095,-0.24874774954649848,-0.41146155004006485,0.6500000000000001,0.5701948594809445,False,-0.3516781158503942,-0.07087640876605814,0.5469355381288689,0.0036474303732820477,,40.0,0.0922004639079228,0.003967394868349516,-0.01783991668127943,0.9196850583467617,0.6400119972697177
A0,driver_tau40_s1,0,O,REPRODUCES,-0.2594881473373339,-0.13668039156032114,-0.22838430290122763,-0.16478267504921643,0.5451130579023105,0.31103844436106254,0.9218996851306033,5.426880552578036,0.23930090143948984,0.6280739237982536,3.5382728518343054,-0.2797451748656566,-0.24874774954649848,-0.41146155004006485,0.6500000000000001,0.5539102363264378,True,-0.3516781158503942,-0.07087640876605814,0.5469355381288689,0.0036474303732820477,,40.0,0.07385988974547164,0.0025386159298083077,-0.005555505682551373,0.9594445247781566,0.6400119972697177
A0,driver_tau80_s0,0,O,STAYS AT C1,-0.2348319101039336,-0.15257539161410677,-0.22838430290122763,-0.16478267504921643,0.5451130579023105,0.12207283435109656,1.168462057464606,3.3674723374665136,0.2250697687556233,0.7491147895336725,3.031659823403134,-0.26158904500534375,-0.24874774954649848,-0.41146155004006485,0.6500000000000001,0.5645717473297838,False,-0.3516781158503942,-0.07087640876605814,0.5469355381288689,0.0035268436958145496,,80.0,0.11238113091101853,0.004740515004567847,0.02148853036080776,0.925631022731316,0.6400119972697177
A0,driver_tau80_s1,0,O,STAYS AT C1,-0.23790594468382978,-0.15862271981526366,-0.22838430290122763,-0.16478267504921643,0.5451130579023105,0.1778124861477597,1.1377217116656442,3.2943153199479016,0.25671622640659836,0.8675665089097844,2.5602563348586176,-0.2644318933891168,-0.24874774954649848,-0.41146155004006485,0.6500000000000001,0.5443689177027433,True,-0.3516781158503942,-0.07087640876605814,0.5469355381288689,0.0035268436958145496,,80.0,0.0938130035824507,0.004888518146658027,-0.029355519897935452,0.9615435834599267,0.6400119972697177
A0,driver_tauc1_s0,0,O,STAYS AT C1,-0.17124941344216463,-0.17529805265649004,-0.22838430290122763,-0.16478267504921643,0.5451130579023105,0.57134889459063,1.8042870240822957,2.1693773764103637,0.26797017128081324,1.0152668250733652,2.234826197184443,-0.22166623967438986,-0.24874774954649848,-0.41146155004006485,0.6500000000000001,0.5718641276026476,False,-0.3516781158503942,-0.07087640876605814,0.5469355381288689,0.004014373288560188,,312.6876461694049,0.1967302527115069,0.004616607430342257,0.0035365588912817346,0.8843277278833933,0.6400119972697177
A0,driver_tauc1_s1,0,O,STAYS AT C1,-0.1975944649629414,-0.17415692162889546,-0.22838430290122763,-0.16478267504921643,0.5451130579023105,0.3078983793828624,1.5408365088745282,1.7538193695250823,0.23861666253241637,1.004741670971817,2.158987862719062,-0.23220336910131054,-0.24874774954649848,-0.41146155004006485,0.6500000000000001,0.5496361371100389,False,-0.3516781158503942,-0.07087640876605814,0.5469355381288689,0.004014373288560188,,312.6876461694049,0.22899574298940228,0.007142456123952368,-0.016985193188959552,0.9264179171693391,0.6400119972697177
A0,c1_regen_s0,0,MLP_OUT,STAYS AT C1,-0.08468306745502181,-0.20817078175968398,-0.07907268439081555,-0.21111432157567067,0.6054463949600627,0.08899093856842087,3.101467989980259,0.5970197760824378,0.11350091632917957,2.0634600441659168,2.6782026414038316,-0.24682452754482367,-0.23977963937404967,-0.4173108939779216,0.95,0.6099484101160235,,-0.39482986645304774,-0.022548117393499045,0.5673615907860454,,465.27254684364715,,0.066476702289747,0.004087172527780347,-0.004804014936328453,nan,0.5395478176983792
A0,c1_regen_s1,0,MLP_OUT,STAYS AT C1,-0.0734623013266093,-0.2140578613916574,-0.07907268439081555,-0.21111432157567067,0.6054463949600627,0.0889909385684208,3.213675651264384,0.5970197760824378,0.11350091632917966,2.1104006605893146,3.4593089341960246,-0.23273475120327566,-0.23977963937404967,-0.4173108939779216,0.95,0.6009443798041019,,-0.39482986645304774,-0.022548117393499045,0.5673615907860454,,469.05529567983734,,0.029026665809852137,0.0038493379446362663,-0.012156679203806428,nan,0.5395478176983792
A0,c9_smooth_zero,0,MLP_OUT,STAYS AT C1,-0.09193850876427007,-0.20649364461321137,-0.07907268439081555,-0.21111432157567067,0.6054463949600627,0.12865824373454515,3.0289135768877764,0.8866787638194666,0.2074486894548174,1.9688747124892791,2.7220186646723583,-0.23447451214974652,-0.23977963937404967,-0.4173108939779216,0.8500000000000001,0.6113305564005656,,-0.39482986645304774,-0.022548117393499045,0.5673615907860454,,465.27254684364715,,0.04636517198990697,0.0033656978587869313,-0.003265751040483394,nan,0.5395478176983792
A0,c9_scale_only,0,MLP_OUT,STAYS AT C1,-0.0919385087642698,-0.20649364461321063,-0.07907268439081555,-0.21111432157567067,0.6054463949600627,0.12865824373454252,3.0289135768877795,0.8866787638193679,0.20744868945483205,1.9688747124892796,2.7220186646724756,-0.23447451214974777,-0.23977963937404967,-0.4173108939779216,0.8500000000000001,0.6113305564004337,,-0.39482986645304774,-0.022548117393499045,0.5673615907860454,,465.27254684364715,,0.04636517198990919,0.0033656978587869313,-0.003265751040477984,nan,0.5395478176983792
A0,c9_smooth_matched_s0,0,MLP_OUT,STAYS AT C1,-0.0918261158200003,-0.20633110032859986,-0.07907268439081555,-0.21111432157567067,0.6054463949600627,0.12753431429184753,3.030037506330474,0.8831720307454527,0.20947597116063765,1.9694356444008365,2.719988015907968,-0.23458762088446272,-0.23977963937404967,-0.4173108939779216,0.8500000000000001,0.6116311829461974,True,-0.39482986645304774,-0.022548117393499045,0.5673615907860454,,465.27254684364715,,0.04621234230725735,0.0034611320658460842,-0.005567386335951747,0.9552918077307201,0.5395478176983792
A0,c9_smooth_matched_s1,0,MLP_OUT,STAYS AT C1,-0.07869629799682783,-0.2143781728874638,-0.07907268439081555,-0.21111432157567067,0.6054463949600627,0.09907368875152765,3.161335684562199,1.2360260844660906,0.3092541096955729,2.0576269675663506,3.3612491712806203,-0.21738779387786264,-0.23977963937404967,-0.4173108939779216,0.95,0.601824056616155,True,-0.39482986645304774,-0.022548117393499045,0.5673615907860454,,469.05529567983734,,0.03593083328395741,0.004255307441955597,-0.012477715672177448,0.9538939813578547,0.5395478176983792
A0,c9_smooth_null,0,MLP_OUT,STAYS AT C1,-0.09171160117881347,-0.206469703531878,-0.07907268439081555,-0.21111432157567067,0.6054463949600627,0.12638916787997917,3.031182652742342,0.7230655314122436,0.1886673983854681,1.968047521307703,2.928485517465233,-0.23583535759414775,-0.23977963937404967,-0.4173108939779216,0.8500000000000001,0.611912091144538,True,-0.39482986645304774,-0.022548117393499045,0.5673615907860454,,465.27254684364715,,0.0514071158923981,0.003500976589885574,-0.003042242154268141,0.9557786009667804,0.5395478176983792
A0,c9_fine_zero,0,MLP_OUT,STAYS AT C1,-0.09219149081938022,-0.2065739038506319,-0.07907268439081555,-0.21111432157567067,0.6054463949600627,0.13118806428564667,3.026383756336675,1.1390165115878135,0.21088852874244235,1.9837604166678455,2.707355502865622,-0.23842707140319933,-0.23977963937404967,-0.4173108939779216,0.95,0.6105365529249003,,-0.39482986645304774,-0.022548117393499045,0.5673615907860454,,465.27254684364715,,0.05243340058744339,0.0041224785622957505,-0.0020140928579512477,nan,0.5395478176983792
A0,c9_fine_matched_s0,0,MLP_OUT,STAYS AT C1,-0.09172283177436188,-0.20607023937658386,-0.07907268439081555,-0.21111432157567067,0.6054463949600627,0.12650147383546334,3.031070346786858,1.078774961636226,0.1861496941707677,1.9850200831639353,2.703092935745787,-0.23377187742609803,-0.23977963937404967,-0.4173108939779216,0.95,0.6095772999761769,True,-0.39482986645304774,-0.022548117393499045,0.5673615907860454,,465.27254684364715,,0.055295904027331755,0.004096672469423246,-0.003492153099133121,0.9558166212626159,0.5395478176983792
A0,c9_fine_matched_s1,0,MLP_OUT,STAYS AT C1,-0.07870510006572853,-0.21409786941112424,-0.07907268439081555,-0.21111432157567067,0.6054463949600627,0.10192833571883858,3.1612476638731923,1.2282412095208481,0.23501091586376435,2.06295407611066,3.326417812101285,-0.2157101256369513,-0.23977963937404967,-0.4173108939779216,0.95,0.6006507094520801,True,-0.39482986645304774,-0.022548117393499045,0.5673615907860454,,469.05529567983734,,0.037065208811966954,0.004002053576502268,-0.01192292253361437,0.9540416421928326,0.5395478176983792
A0,c9_fine_null,0,MLP_OUT,STAYS AT C1,-0.09178325846424469,-0.20616046442702912,-0.07907268439081555,-0.21111432157567067,0.6054463949600627,0.1271057407342914,3.0304660798880305,0.8540868860457712,0.21870437013347688,1.9733149336342715,2.694295192315574,-0.22688282718131839,-0.23977963937404967,-0.4173108939779216,0.95,0.6100860463519617,True,-0.39482986645304774,-0.022548117393499045,0.5673615907860454,,465.27254684364715,,0.05859222501692951,0.004094424817448816,-0.001713594120160364,0.956094704958925,0.5395478176983792
A0,c9_raw_zero,0,MLP_OUT,STAYS AT C1,-0.08999294918754534,-0.20580860442612314,-0.07907268439081555,-0.21111432157567067,0.6054463949600627,0.10920264796729792,3.0483691726550237,1.1653473095189653,0.162323025668323,2.0081555890814315,2.8008741273950677,-0.23723395454625892,-0.23977963937404967,-0.4173108939779216,0.95,0.604191378792521,,-0.39482986645304774,-0.022548117393499045,0.5673615907860454,,465.27254684364715,,0.10700311585268585,0.004984389097458353,-0.007246631525405467,nan,0.5395478176983792
A0,c9_raw_matched_s0,0,MLP_OUT,STAYS AT C1,-0.08904566111904365,-0.2043074194284365,-0.07907268439081555,-0.21111432157567067,0.6054463949600627,0.16266151079769794,3.0578420533400408,1.450261043040125,0.184590200932555,2.0412540611715815,2.992025930028756,-0.24296067032977692,-0.23977963937404967,-0.4173108939779216,0.95,0.5876942163482581,True,-0.39482986645304774,-0.022548117393499045,0.5673615907860454,,465.27254684364715,,0.33572078377125036,0.009303587651329881,-0.009839961497145392,0.9693080404041031,0.5395478176983792
A0,c9_raw_matched_s1,0,MLP_OUT,STAYS AT C1,-0.07674353656920883,-0.2117383895100292,-0.07907268439081555,-0.21111432157567067,0.6054463949600627,0.12407678136973306,3.1808632988383887,3.6365071224780827,0.20473179657377014,2.118470837866725,4.411504513976847,-0.21334498041502223,-0.23977963937404967,-0.4173108939779216,1.1500000000000001,0.5791036119788476,True,-0.39482986645304774,-0.022548117393499045,0.5673615907860454,,469.05529567983734,,0.28293934224796446,0.0072684552930567525,-0.01149237059077291,0.9665981170258433,0.5395478176983792
A0,c9_raw_null,0,MLP_OUT,STAYS AT C1,-0.08976687920088211,-0.20324949067633868,-0.07907268439081555,-0.21111432157567067,0.6054463949600627,0.1099879733471848,3.050629872521656,0.5310403947343603,0.18199597622723052,2.0195757477465555,2.733950530796389,-0.23893132427365105,-0.23977963937404967,-0.4173108939779216,0.95,0.5958274524317926,True,-0.39482986645304774,-0.022548117393499045,0.5673615907860454,,465.27254684364715,,0.20731677372928026,0.007112963660353078,-0.014394586206001238,0.9648033528087936,0.5395478176983792
A0,c9_planted_A50,0,MLP_OUT,OVERSHOOTS,0.2768660035119893,-0.0019012983629865794,-0.07907268439081555,-0.21111432157567067,0.6054463949600627,3.5593868790280485,6.7169586996503705,6.523978965593699,3.077567596712782,5.131187628529611,7.4890844008867585,-0.013257065800207085,-0.23977963937404967,-0.4173108939779216,1.35,0.24472871220183412,False,-0.39482986645304774,-0.022548117393499045,0.5673615907860454,,2058.8669517498715,,2.0526610809075576,0.03181157452607353,0.058938870708427474,1.1770550811738432,0.5395478176983792
A0,driver_tau0_s0,0,MLP_OUT,OVERSHOOTS,-0.281482822041232,-0.0805952905241719,-0.07907268439081555,-0.21111432157567067,0.6054463949600627,2.024101376504164,1.1334704441181576,8.139747182932519,1.667244968258255,0.847866464201336,5.072277676653173,-0.2901309243477212,-0.23977963937404967,-0.4173108939779216,0.55,0.682875969786143,False,-0.39482986645304774,-0.022548117393499045,0.5673615907860454,0.010906650915391601,,0.0,0.2582562730238882,0.005377922559725912,0.012297003774921461,0.9251265647076137,0.5395478176983792
A0,driver_tau0_s1,0,MLP_OUT,REPRODUCES,-0.29557144437793426,-0.08289591208744994,-0.07907268439081555,-0.21111432157567067,0.6054463949600627,2.164987599871187,0.9925842207511348,7.760237883208351,1.7913996099039642,0.8194580137084584,4.692768376929004,-0.29439219192165283,-0.23977963937404967,-0.4173108939779216,0.55,0.6543423156907013,True,-0.39482986645304774,-0.022548117393499045,0.5673615907860454,0.010906650915391601,,0.0,0.25697001399958674,0.004220000229555931,0.0024836447600116783,0.9701485559466024,0.5395478176983792
A0,driver_tau2_s0,0,MLP_OUT,OVERSHOOTS,-0.26126253636670205,-0.10100576570941153,-0.07907268439081555,-0.21111432157567067,0.6054463949600627,1.8218985197588649,1.335673300863457,5.2776024187870885,1.457792668350593,0.9203976139635291,3.321881481802792,-0.2792512518833922,-0.23977963937404967,-0.4173108939779216,0.55,0.673306602074322,False,-0.39482986645304774,-0.022548117393499045,0.5673615907860454,0.005767196483668194,,2.0,0.18224438776476504,0.006578909615466144,0.013111837665994979,0.9319114086770894,0.5395478176983792
A0,driver_tau2_s1,0,MLP_OUT,OVERSHOOTS,-0.28162733950767066,-0.10197100895698516,-0.07907268439081555,-0.21111432157567067,0.6054463949600627,2.025546551168551,1.1320252694537707,6.645794478013335,1.5667152349119091,0.8802638352028377,3.5783249717339882,-0.28527131869749595,-0.23977963937404967,-0.4173108939779216,0.55,0.6440165108986085,True,-0.39482986645304774,-0.022548117393499045,0.5673615907860454,0.005767196483668194,,2.0,0.2256849914202359,0.006316548641793235,0.006558389586340974,0.9827679380156038,0.5395478176983792
A0,driver_tau5_s0,0,MLP_OUT,OVERSHOOTS,-0.24171215719594513,-0.11875814034563159,-0.07907268439081555,-0.21111432157567067,0.6054463949600627,1.6263947280512958,1.531177092571026,3.494086604480545,1.3892487816319898,1.0488049582166479,2.2268499414576644,-0.25999015024542443,-0.23977963937404967,-0.4173108939779216,0.55,0.6651770510734442,False,-0.39482986645304774,-0.022548117393499045,0.5673615907860454,0.0039348821670105085,,5.0,0.1610932001546539,0.0055673346495439535,0.023632082783726548,0.9367923947969683,0.5395478176983792
A0,driver_tau5_s1,0,MLP_OUT,OVERSHOOTS,-0.2566415857182727,-0.1240398601442494,-0.07907268439081555,-0.21111432157567067,0.6054463949600627,1.7756890132745717,1.38188280734775,4.91414405080407,1.4412345765245094,1.030717741648973,4.04078143807212,-0.26270323273057566,-0.23977963937404967,-0.4173108939779216,0.55,0.6399495921558072,True,-0.39482986645304774,-0.022548117393499045,0.5673615907860454,0.0039348821670105085,,5.0,0.1599774239637659,0.00421466257350947,-0.00652561747059343,0.9773344985145769,0.5395478176983792
A0,driver_tau10_s0,0,MLP_OUT,OVERSHOOTS,-0.21602734336136706,-0.13960601355037205,-0.07907268439081555,-0.21111432157567067,0.6054463949600627,1.369546589705515,1.7880252309168068,2.9028270398107496,1.1917637606916538,1.227808961750949,2.1296947295147657,-0.23313954971527925,-0.23977963937404967,-0.4173108939779216,0.55,0.6435361565096565,True,-0.39482986645304774,-0.022548117393499045,0.5673615907860454,0.003008730645793495,,10.0,0.09902213830483264,0.005040184192652619,-0.0069940577232537205,0.9556687154669253,0.5395478176983792
A0,driver_tau10_s1,0,MLP_OUT,OVERSHOOTS,-0.21060686325038533,-0.14690375783600376,-0.07907268439081555,-0.21111432157567067,0.6054463949600627,1.3153417885956977,1.842230032026624,3.1272819395421405,1.1496197426825605,1.2802577648206879,2.5852722869892504,-0.22527222925481843,-0.23977963937404967,-0.4173108939779216,0.55,0.6397095391558696,True,-0.39482986645304774,-0.022548117393499045,0.5673615907860454,0.003008730645793495,,10.0,0.1519454757178318,0.005569865984623501,-0.0006340610544662158,0.9560574452255041,0.5395478176983792
A0,driver_tau20_s0,0,MLP_OUT,STAYS AT C1,-0.17264937016530682,-0.16794840617202206,-0.07907268439081555,-0.21111432157567067,0.6054463949600627,0.9357668577449126,2.221804962877409,2.1790849406938237,0.8579395761865102,1.4940494344563813,2.1554933504071956,-0.19899040189736336,-0.23977963937404967,-0.4173108939779216,0.8500000000000001,0.6417038770625325,True,-0.39482986645304774,-0.022548117393499045,0.5673615907860454,0.0026041303681383116,,20.0,0.0852256763035304,0.003535511967820315,-0.004140373207932939,0.9515618372230797,0.5395478176983792
A0,driver_tau20_s1,0,MLP_OUT,STAYS AT C1,-0.1760944874323895,-0.16542430912220413,-0.07907268439081555,-0.21111432157567067,0.6054463949600627,0.9702180304157395,2.1873537902065823,2.925801310128544,0.7400223066878064,1.4588846424446562,2.9023357454962624,-0.2247710869048224,-0.23977963937404967,-0.4173108939779216,0.95,0.6373618313689073,True,-0.39482986645304774,-0.022548117393499045,0.5673615907860454,0.0026041303681383116,,20.0,0.11004548848983298,0.004074905360180958,0.0073122708079501235,0.9503555802073198,0.5395478176983792
A0,driver_tau40_s0,0,MLP_OUT,STAYS AT C1,-0.1374650912425151,-0.18085704265143598,-0.07907268439081555,-0.21111432157567067,0.6054463949600627,0.5839240685169955,2.5736477521053263,1.4163269838512942,0.48967726421710184,1.7134491146379036,2.2315433559527236,-0.1928988395814704,-0.23977963937404967,-0.4173108939779216,0.95,0.6188155483093161,True,-0.39482986645304774,-0.022548117393499045,0.5673615907860454,0.002430637915727076,,40.0,0.04767552830391297,0.0035066485760160138,0.021473736898105972,0.9631081040743091,0.5395478176983792
A0,driver_tau40_s1,0,MLP_OUT,STAYS AT C1,-0.141539182937389,-0.18343761406230996,-0.07907268439081555,-0.21111432157567067,0.6054463949600627,0.6246649854657346,2.5329068351565875,3.315293204606544,0.484329710080877,1.6884365649600563,4.090290596105309,-0.20436899573165168,-0.23977963937404967,-0.4173108939779216,0.95,0.6204515779114068,True,-0.39482986645304774,-0.022548117393499045,0.5673615907860454,0.002430637915727076,,40.0,0.05627917696793272,0.003935594309170731,-0.008966979183051636,0.9696633639238853,0.5395478176983792
A0,driver_tau80_s0,0,MLP_OUT,STAYS AT C1,-0.11574971747349996,-0.19237965185759878,-0.07907268439081555,-0.21111432157567067,0.6054463949600627,0.3667703308268441,2.790801489795478,1.302543003348324,0.3522745754180631,1.8174163514298622,2.4815996955369357,-0.22768503735563186,-0.23977963937404967,-0.4173108939779216,0.8500000000000001,0.6124124636013789,True,-0.39482986645304774,-0.022548117393499045,0.5673615907860454,0.002336093026417244,,80.0,0.08911821869837366,0.004646544766166549,0.005855599831025433,0.9560682825997457,0.5395478176983792
A0,driver_tau80_s1,0,MLP_OUT,STAYS AT C1,-0.11006552143492501,-0.19768120188519026,-0.07907268439081555,-0.21111432157567067,0.6054463949600627,0.3099283704410946,2.8476434501812276,2.899971135717802,0.24814247526957287,1.8899529066517173,3.674968527216566,-0.21376968880297775,-0.23977963937404967,-0.4173108939779216,0.95,0.6038878030839439,True,-0.39482986645304774,-0.022548117393499045,0.5673615907860454,0.002336093026417244,,80.0,0.1315319926128633,0.005190617955306703,-0.005434536356687664,0.9687778981915173,0.5395478176983792
A0,driver_tauc1_s0,0,MLP_OUT,STAYS AT C1,-0.06653541647981916,-0.2206703123726695,-0.07907268439081555,-0.21111432157567067,0.6054463949600627,0.12537267910996394,3.282944499732286,2.3930394133285113,0.29438901411701557,2.187375972604851,3.0906373080679397,-0.2521458997548934,-0.23977963937404967,-0.4173108939779216,0.8500000000000001,0.6250612087861331,False,-0.39482986645304774,-0.022548117393499045,0.5673615907860454,0.0029364742253279795,,465.27254684364715,0.2095807657075257,0.005377898091125877,0.010215923914389895,0.9130536329183733,0.5395478176983792
A0,driver_tauc1_s1,0,MLP_OUT,STAYS AT C1,-0.08476623078936545,-0.2050129945953679,-0.07907268439081555,-0.21111432157567067,0.6054463949600627,0.13976242036502656,3.1006363566368225,2.10927071071636,0.1895089995965621,2.114239673939406,2.9097671103890437,-0.2392921257059721,-0.23977963937404967,-0.4173108939779216,0.95,0.5932913412938083,True,-0.39482986645304774,-0.022548117393499045,0.5673615907860454,0.0029364742253279795,,465.27254684364715,0.2444163279341045,0.004421701399999534,-0.007207946352141203,0.9562726962122914,0.5395478176983792
A0,c1_regen_s0,2,Q,STAYS AT C1,0.003005215104404602,-0.2271226709987877,0.0017033017676731026,-0.23394437464725196,0.6402873023462607,0.06821703648464267,2.1147105428175967,2.963271065530997,0.27581234522134923,1.886742617853868,4.2592488861575895,-0.23802329625178495,-0.2588669599596553,-0.2501821611726272,0.8500000000000001,0.6390394461550428,,-0.2084658391773551,-0.12284471289150804,0.6568749189630401,,524.7754183996685,,0.14309448851193718,0.00464997184797733,0.019616760243801594,nan,0.48044674670678844
A0,c1_regen_s1,2,Q,STAYS AT C1,0.0004013884309416032,-0.24076607829571622,0.0017033017676731026,-0.23394437464725196,0.6402873023462607,0.06821703648464267,2.0886722760829666,2.963271065530997,0.2758123452213493,1.4022189580641151,1.918462058645473,-0.27971062366752564,-0.2588669599596553,-0.2501821611726272,0.8500000000000001,0.6415351585374787,,-0.2084658391773551,-0.12284471289150804,0.6568749189630401,,524.7754183996685,,0.08653979055202266,0.004537579489311994,0.0032744810015628684,nan,0.48044674670678844
A0,c9_smooth_zero,2,Q,STAYS AT C1,-0.0023062583639199487,-0.22534844820390984,0.0017033017676731026,-0.23394437464725196,0.6402873023462607,0.08595926443342117,2.061595808134351,2.339272924036857,0.3312851262339383,1.8373088821621317,3.6352507446634497,-0.23450196259628658,-0.2588669599596553,-0.2501821611726272,0.8500000000000001,0.6385350194355304,,-0.2084658391773551,-0.12284471289150804,0.6568749189630401,,524.7754183996685,,0.11979065022847157,0.0034494540679191887,0.020691556607619534,nan,0.48044674670678844
A0,c9_scale_only,2,Q,STAYS AT C1,-0.002306258363919515,-0.22534844820391003,0.0017033017676731026,-0.23394437464725196,0.6402873023462607,0.08595926443341922,2.0615958081343555,2.339272924036365,0.33128512623391004,1.8373088821621142,3.6352507446629576,-0.2345019625962888,-0.2588669599596553,-0.2501821611726272,0.8500000000000001,0.6385350194354846,,-0.2084658391773551,-0.12284471289150804,0.6568749189630401,,524.7754183996685,,0.1197906502284658,0.0034494540678985386,0.020691556607618868,nan,0.48044674670678844
A0,c9_smooth_matched_s0,2,Q,STAYS AT C1,-0.0020910986421048164,-0.22505807410001094,0.0017033017676731026,-0.23394437464725196,0.6402873023462607,0.08886300547241016,2.0637474053525025,2.3381000054961363,0.33438459140082144,1.8387511103989922,3.634077826122729,-0.2337563855713912,-0.2588669599596553,-0.2501821611726272,0.8500000000000001,0.6387771045315505,True,-0.2084658391773551,-0.12284471289150804,0.6568749189630401,,524.7754183996685,,0.12007603450342108,0.0032970534699786613,0.01653567245953207,0.9648819298259701,0.48044674670678844
A0,c9_smooth_matched_s1,2,Q,STAYS AT C1,-0.004431188287779944,-0.23906957563659095,0.0017033017676731026,-0.23394437464725196,0.6402873023462607,0.06134490055453046,2.0403465088957513,2.51139596754429,0.24183249897041859,1.402648288988573,1.4224429607098583,-0.27108241957378404,-0.2588669599596553,-0.2501821611726272,0.8500000000000001,0.6413357404254341,True,-0.2084658391773551,-0.12284471289150804,0.6568749189630401,,524.7754183996685,,0.05081891551970141,0.004022760497476602,-0.0023108838203065194,0.9662985416759304,0.48044674670678844
A0,c9_smooth_null,2,Q,STAYS AT C1,-0.0022911630913310024,-0.22541838689261384,0.0017033017676731026,-0.23394437464725196,0.6402873023462607,0.08525987754638115,2.0617467608602404,1.66014044857762,0.38768448555891455,1.8721611939190923,2.9561182692042127,-0.22936277585672496,-0.2588669599596553,-0.2501821611726272,0.8500000000000001,0.6388838027897099,True,-0.2084658391773551,-0.12284471289150804,0.6568749189630401,,524.7754183996685,,0.12290511182835218,0.0035164279754247296,0.02110617621441926,0.9649306490475675,0.48044674670678844
A0,c9_fine_zero,2,Q,STAYS AT C1,-0.0029358421159793656,-0.22519063800714806,0.0017033017676731026,-0.23394437464725196,0.6402873023462607,0.08753736640103899,2.055299970613757,2.2873489959392996,0.25889001772005865,1.743186981614654,3.5833268165658922,-0.24263207856156013,-0.2588669599596553,-0.2501821611726272,0.8500000000000001,0.6366601810043184,,-0.2084658391773551,-0.12284471289150804,0.6568749189630401,,524.7754183996685,,0.12336229471173255,0.0037985859211638884,0.02000980206350775,nan,0.48044674670678844
A0,c9_fine_matched_s0,2,Q,STAYS AT C1,-0.0017922150960739403,-0.22396793402561216,0.0017033017676731026,-0.23394437464725196,0.6402873023462607,0.09976440621639798,2.066736240812811,2.7596203473077234,0.2287794063665826,1.7374700769789184,4.055598167934316,-0.23652483845038377,-0.2588669599596553,-0.2501821611726272,0.8500000000000001,0.6363928794154645,True,-0.2084658391773551,-0.12284471289150804,0.6568749189630401,,524.7754183996685,,0.12361200000004757,0.003814430150458681,0.014534433222777794,0.9655954767241135,0.48044674670678844
A0,c9_fine_matched_s1,2,Q,STAYS AT C1,-0.004202025194177861,-0.23834907062439656,0.0017033017676731026,-0.23394437464725196,0.6402873023462607,0.05905326961850964,2.042638139831772,3.2631141775604076,0.3023155945335111,1.3421651934254806,1.967136356933815,-0.28133922757146884,-0.2588669599596553,-0.2501821611726272,0.8500000000000001,0.6408978601170261,True,-0.2084658391773551,-0.12284471289150804,0.6568749189630401,,524.7754183996685,,0.060277341923510086,0.0037581633716460283,-0.0045863869570778384,0.9668281104825361,0.48044674670678844
A0,c9_fine_null,2,Q,STAYS AT C1,-0.00268337993954693,-0.22476070714241816,0.0017033017676731026,-0.23394437464725196,0.6402873023462607,0.09183667504833792,2.0578245923780814,2.364833013158317,0.3361843506691707,1.764798610657703,3.6608108337849097,-0.24445342087623037,-0.2588669599596553,-0.2501821611726272,0.8500000000000001,0.6363052193794196,True,-0.2084658391773551,-0.12284471289150804,0.6568749189630401,,524.7754183996685,,0.1273502974680394,0.003444315423167435,0.020619940983905065,0.9655034726031647,0.48044674670678844
A0,c9_raw_zero,2,Q,STAYS AT C1,-0.0027980733130081566,-0.22490528920313194,0.0017033017676731026,-0.23394437464725196,0.6402873023462607,0.09039085444120021,2.056677658643469,2.7211801240935385,0.1860574081290925,1.7462942853326402,4.0171579447201315,-0.23548672353760994,-0.2588669599596553,-0.2501821611726272,0.8500000000000001,0.6329892346147418,,-0.2084658391773551,-0.12284471289150804,0.6568749189630401,,524.7754183996685,,0.14133354663624909,0.0041849273304515044,0.02088735665582766,nan,0.48044674670678844
A0,c9_raw_matched_s0,2,Q,STAYS AT C1,-0.0035472892864339654,-0.2202822148394472,0.0017033017676731026,-0.23394437464725196,0.6402873023462607,0.13662159807804747,2.049185498909211,4.814766936463252,0.27417357974061995,1.7374177029988345,6.110744757089845,-0.22333177002408197,-0.2588669599596553,-0.2501821611726272,0.95,0.6189424344485315,True,-0.2084658391773551,-0.12284471289150804,0.6568749189630401,,524.7754183996685,,0.24445186346266512,0.007176862977370524,0.010551368792095563,0.974305412638978,0.48044674670678844
A0,c9_raw_matched_s1,2,Q,STAYS AT C1,-0.004035836343290964,-0.23588812100981785,0.0017033017676731026,-0.23394437464725196,0.6402873023462607,0.0767508097948344,2.044300028340641,2.819413902617237,0.4393668848131263,1.3940707972267705,1.6302013633767884,-0.26978386068831306,-0.2588669599596553,-0.2501821611726272,0.8500000000000001,0.6221912060053396,True,-0.2084658391773551,-0.12284471289150804,0.6568749189630401,,524.7754183996685,,0.2522745084983691,0.007869026584217453,-0.009144446960415534,0.9772346380212132,0.48044674670678844
A0,c9_raw_null,2,Q,STAYS AT C1,-0.004228140279053717,-0.22071964236093713,0.0017033017676731026,-0.23394437464725196,0.6402873023462607,0.13224732286314822,2.0423769889830137,3.03897450921293,0.25133426404155557,1.686887833030286,4.334952329839522,-0.22805493054905196,-0.2588669599596553,-0.2501821611726272,0.8500000000000001,0.6195444634060323,True,-0.2084658391773551,-0.12284471289150804,0.6568749189630401,,524.7754183996685,,0.2524164710540395,0.006932038833010856,0.012697356657651605,0.9725812843450675,0.48044674670678844
A0,c9_planted_A50,2,Q,OVERSHOOTS,0.3630479825965423,0.05978805324625637,0.0017033017676731026,-0.23394437464725196,0.6402873023462607,3.613446808288692,5.715138217738974,5.874300022663825,3.0241004537529173,4.203298768602343,7.596192399253609,-0.0009777556166750269,-0.2588669599596553,-0.2501821611726272,1.85,0.25004812628002504,False,-0.2084658391773551,-0.12284471289150804,0.6568749189630401,,2567.7580018058206,,1.7186706948426487,0.026651277325317524,-0.0523335582183387,1.184284098170067,0.48044674670678844
A0,driver_tau0_s0,2,Q,REPRODUCES,-0.24790453507769794,-0.0840099796602798,0.0017033017676731026,-0.23394437464725196,0.6402873023462607,2.4960783684537104,0.3943869590034285,6.523881423541397,2.4111354594544188,0.7666546714954271,7.81985924416799,-0.2514357370673625,-0.2588669599596553,-0.2501821611726272,0.45,0.7454308562422562,False,-0.2084658391773551,-0.12284471289150804,0.6568749189630401,0.009526144601259818,,0.0,0.2333942959042865,0.00591478061062356,-0.0071261497586840245,0.9444764388882357,0.48044674670678844
A0,driver_tau0_s1,2,Q,REPRODUCES,-0.25159335791318654,-0.08877488760379992,0.0017033017676731026,-0.23394437464725196,0.6402873023462607,2.532966596808596,0.43127518735831455,9.537052433006073,2.4203955575615965,0.7759147696026051,10.833030253632666,-0.26030278208479596,-0.2588669599596553,-0.2501821611726272,0.55,0.7101248968497254,True,-0.2084658391773551,-0.12284471289150804,0.6568749189630401,0.009526144601259818,,0.0,0.26270672973494413,0.006418665716585115,0.006479517683818695,0.9867284584095376,0.48044674670678844
A0,driver_tau2_s0,2,Q,REPRODUCES,-0.2208946420588823,-0.11120127382709757,0.0017033017676731026,-0.23394437464725196,0.6402873023462607,2.225979438265554,0.14900537064563646,4.390376092409456,2.006268153150262,0.4375608970597513,4.733214250675839,-0.23104492893442774,-0.2588669599596553,-0.2501821611726272,0.45,0.7272455633938217,True,-0.2084658391773551,-0.12284471289150804,0.6568749189630401,0.004761871030270236,,2.0,0.173931301799517,0.004953608712503721,-0.00858793881042857,0.9544251827893245,0.48044674670678844
A0,driver_tau2_s1,2,Q,REPRODUCES,-0.2204179617271349,-0.10708355002177077,0.0017033017676731026,-0.23394437464725196,0.6402873023462607,2.22121263494808,0.15761162869737277,4.508283653571431,2.1006279713391596,0.6692805485123775,4.129810994728805,-0.23035117882258688,-0.2588669599596553,-0.2501821611726272,0.45,0.7325120045383379,False,-0.2084658391773551,-0.12284471289150804,0.6568749189630401,0.004761871030270236,,2.0,0.2032095333381818,0.005435799020683252,-0.0011426171105120182,0.94637552178836,0.48044674670678844
A0,driver_tau5_s0,2,Q,REPRODUCES,-0.20096959661090977,-0.12312169184734488,0.0017033017676731026,-0.23394437464725196,0.6402873023462607,2.0267289837858287,0.15215705877256833,3.3750705653770185,1.871684054021748,0.6347727424980218,2.656374327169025,-0.2122082158961994,-0.2588669599596553,-0.2501821611726272,0.45,0.7205271512151807,True,-0.2084658391773551,-0.12284471289150804,0.6568749189630401,0.0032873729549390395,,5.0,0.13894628625366323,0.006942363156124953,-0.03894527145654611,0.9563772546706301,0.48044674670678844
A0,driver_tau5_s1,2,Q,REPRODUCES,-0.192352342853431,-0.12261875752510629,0.0017033017676731026,-0.23394437464725196,0.6402873023462607,1.940556446211041,0.29648728947588554,2.5591066879375455,1.864931674643479,0.675839263918022,3.6962727208621082,-0.2040123024463081,-0.2588669599596553,-0.2501821611726272,0.45,0.713650691511567,True,-0.2084658391773551,-0.12284471289150804,0.6568749189630401,0.0032873729549390395,,5.0,0.1557042891515108,0.005590554726239316,-0.0039384846624856374,0.9581346312489286,0.48044674670678844
A0,driver_tau10_s0,2,Q,REPRODUCES,-0.14660436705733312,-0.15750154009044517,0.0017033017676731026,-0.23394437464725196,0.6402873023462607,1.4830766882500623,0.6186147212002197,2.19665127027395,1.3702003316023235,0.7795708827451833,1.3090413762430904,-0.19115963342509693,-0.2588669599596553,-0.2501821611726272,0.75,0.6978436577415033,True,-0.2084658391773551,-0.12284471289150804,0.6568749189630401,0.0026679134254385265,,10.0,0.10732531541628276,0.00493255977248841,-0.012584992522717595,0.968718706429531,0.48044674670678844
A0,driver_tau10_s1,2,Q,REPRODUCES,-0.15355105327061103,-0.14492779012367454,0.0017033017676731026,-0.23394437464725196,0.6402873023462607,1.5525435503828413,0.5491478590674406,1.3293183735638658,1.3293183735638658,0.7336403462306856,1.3736180362605188,-0.1979230041654376,-0.2588669599596553,-0.2501821611726272,0.55,0.6946728169004861,True,-0.2084658391773551,-0.12284471289150804,0.6568749189630401,0.0026679134254385265,,10.0,0.14702092548507784,0.004632313397383597,-0.007951862240432796,0.9693186993373482,0.48044674670678844
A0,driver_tau20_s0,2,Q,OVERSHOOTS,-0.10253220292099122,-0.18884200316577887,0.0017033017676731026,-0.23394437464725196,0.6402873023462607,1.0423550468866432,1.0593363625636387,1.0664730553988642,0.9001903155874734,0.7454391608776778,1.0563636266395369,-0.21516651280342336,-0.2588669599596553,-0.2501821611726272,0.8500000000000001,0.6761575597034468,True,-0.2084658391773551,-0.12284471289150804,0.6568749189630401,0.002316255460561506,,20.0,0.11014985541676969,0.00644565554982518,-0.016626093042484594,0.9739217810515525,0.48044674670678844
A0,driver_tau20_s1,2,Q,OVERSHOOTS,-0.10498310781647208,-0.1790108573367395,0.0017033017676731026,-0.23394437464725196,0.6402873023462607,1.0668640958414517,1.03482731360883,1.5879557915413565,0.7198685658720588,0.9246122220869328,1.710648860549277,-0.21585228761083636,-0.2588669599596553,-0.2501821611726272,0.75,0.6812885305379575,True,-0.2084658391773551,-0.12284471289150804,0.6568749189630401,0.002316255460561506,,20.0,0.0843088502370235,0.00426198512767062,0.004335023994570285,0.9642666907485116,0.48044674670678844
A0,driver_tau40_s0,2,Q,STAYS AT C1,-0.06275632359655217,-0.20219134638207267,0.0017033017676731026,-0.23394437464725196,0.6402873023462607,0.6445962536422526,1.4570951558080292,0.9695757099804244,0.6560561781679429,1.1285633201607514,2.265553530607017,-0.22981218535572479,-0.2588669599596553,-0.2501821611726272,0.75,0.6601955222330955,True,-0.2084658391773551,-0.12284471289150804,0.6568749189630401,0.0021283300169705013,,40.0,0.12641213684367303,0.0034942247236036117,-0.01522063611679623,0.9705609383743201,0.48044674670678844
A0,driver_tau40_s1,2,Q,STAYS AT C1,-0.056984180175150806,-0.2081737256217226,0.0017033017676731026,-0.23394437464725196,0.6402873023462607,0.586874819428239,1.5148165900220427,1.2224098145471562,0.6072000234900281,1.0372807644689634,1.9968566718214824,-0.21278087374446683,-0.2588669599596553,-0.2501821611726272,0.75,0.6749012417105651,True,-0.2084658391773551,-0.12284471289150804,0.6568749189630401,0.0021283300169705013,,40.0,0.08521340342355543,0.005269631214739556,0.0030310286320679603,0.9672239513588249,0.48044674670678844
A0,driver_tau80_s0,2,Q,STAYS AT C1,-0.028370913949277127,-0.2121481725785543,0.0017033017676731026,-0.23394437464725196,0.6402873023462607,0.30074215716950226,1.8009492522807795,0.6093867512735273,0.3111019880214066,1.620622989237911,2.1603166347274825,-0.2533654338561588,-0.2588669599596553,-0.2501821611726272,0.8500000000000001,0.6512305704055263,True,-0.2084658391773551,-0.12284471289150804,0.6568749189630401,0.0020461908606488844,,80.0,0.11027130792649587,0.004412900494459193,0.0006331993094755908,0.963597236649779,0.48044674670678844
A0,driver_tau80_s1,2,Q,STAYS AT C1,-0.035339382907274605,-0.2081542433247483,0.0017033017676731026,-0.23394437464725196,0.6402873023462607,0.37042684674947707,1.731264562700805,1.4331863693351419,0.5744749078635422,1.418381727702855,2.3780916601448,-0.22928494324118673,-0.2588669599596553,-0.2501821611726272,0.8500000000000001,0.6518602710044397,True,-0.2084658391773551,-0.12284471289150804,0.6568749189630401,0.0020461908606488844,,80.0,0.10908060781485274,0.004190387893575703,0.020798344965125025,0.9748540369822843,0.48044674670678844
A0,driver_tauc1_s0,2,Q,STAYS AT C1,0.03807088380336549,-0.23527507408006906,0.0017033017676731026,-0.23394437464725196,0.6402873023462607,0.36367582035692386,2.465367229807206,5.207222884241783,0.22291828614376924,1.617344894426257,3.9112450636151896,-0.2367210748023056,-0.2588669599596553,-0.2501821611726272,0.8500000000000001,0.6342199503582164,False,-0.2084658391773551,-0.12284471289150804,0.6568749189630401,0.002506797556004473,,524.7754183996685,0.2613029825237225,0.007136943853260247,0.002082136725307024,0.9377318575574654,0.48044674670678844
A0,driver_tauc1_s1,2,Q,STAYS AT C1,0.033935131646045294,-0.2275611884715317,0.0017033017676731026,-0.23394437464725196,0.6402873023462607,0.32231829878372187,2.4240097082340037,1.4831913744196925,0.2507436094320622,1.5410809354239428,2.779169195046285,-0.254770890047855,-0.2588669599596553,-0.2501821611726272,0.8500000000000001,0.6197525919127505,True,-0.2084658391773551,-0.12284471289150804,0.6568749189630401,0.002506797556004473,,524.7754183996685,0.21655841794596142,0.006680047105743714,-0.014599545619168064,0.9610287594960287,0.48044674670678844
A0,c1_regen_s0,2,K,STAYS AT C1,0.056344461696674404,-0.23168712224504437,0.04959719590377877,-0.22905081374532935,0.648414074203312,0.06747265792895633,2.353617345029746,1.9675153882341898,0.1384256143783529,1.7422960920356616,2.7265837898072287,-0.24406910096893222,-0.24709113831522994,-0.2029931474857706,0.8500000000000001,0.650792626306887,,-0.1790172728063002,-0.11346734197975833,0.6765429422857591,,571.5674876293615,,0.09769946909904226,0.0045071283735839685,-0.02309864897304099,nan,0.4411143880271026
A0,c1_regen_s1,2,K,STAYS AT C1,0.04284993011088314,-0.22641450524561432,0.04959719590377877,-0.22905081374532935,0.648414074203312,0.06747265792895633,2.218672029171833,1.9675153882341898,0.1384256143783529,1.824579062488003,2.832318010349477,-0.2501131756615277,-0.24709113831522994,-0.2029931474857706,0.8500000000000001,0.6460355220997369,,-0.1790172728063002,-0.11346734197975833,0.6765429422857591,,571.5674876293615,,0.11722855861369164,0.007675860232297382,0.018614103058078688,nan,0.4411143880271026
A0,c9_smooth_zero,2,K,STAYS AT C1,0.046942831748241806,-0.22901700442435938,0.04959719590377877,-0.22905081374532935,0.648414074203312,0.043372748685478885,2.25960104554542,1.2278074216492534,0.1504016273846103,1.669749962087791,2.2638151707638223,-0.24487101725533328,-0.24709113831522994,-0.2029931474857706,0.8500000000000001,0.6483571713813643,,-0.1790172728063002,-0.11346734197975833,0.6765429422857591,,571.5674876293615,,0.06538827824375204,0.0033158184250769995,-0.018475495889021327,nan,0.4411143880271026
A0,c9_scale_only,2,K,STAYS AT C1,0.046942831748241626,-0.229017004424359,0.04959719590377877,-0.22905081374532935,0.648414074203312,0.043372748685477774,2.259601045545418,1.2278074216493295,0.15040162738458665,1.6697499620877796,2.2638151707637633,-0.24487101725533464,-0.24709113831522994,-0.2029931474857706,0.8500000000000001,0.6483571713814715,,-0.1790172728063002,-0.11346734197975833,0.6765429422857591,,571.5674876293615,,0.06538827824375515,0.0033158184251016465,-0.018475495889019457,nan,0.4411143880271026
A0,c9_smooth_matched_s0,2,K,STAYS AT C1,0.04698586438891955,-0.2288887641401266,0.04959719590377877,-0.22905081374532935,0.648414074203312,0.04450009784283948,2.260031371952197,1.2303267423265574,0.1524979274487017,1.6710312320132852,2.260714606936178,-0.24472287108298116,-0.24709113831522994,-0.2029931474857706,0.8500000000000001,0.6482031250657899,True,-0.1790172728063002,-0.11346734197975833,0.6765429422857591,,571.5674876293615,,0.06575366650746295,0.0034321151519237647,-0.020981674127120667,0.9996548074608723,0.4411143880271026
A0,c9_smooth_matched_s1,2,K,STAYS AT C1,0.037718093247913,-0.22612372748366433,0.04959719590377877,-0.22905081374532935,0.648414074203312,0.11879102655865774,2.167353660542132,1.713345569789042,0.14623967906963115,1.7718521139309795,2.9279919541740083,-0.24244742498995997,-0.24709113831522994,-0.2029931474857706,0.6500000000000001,0.6463918828565791,True,-0.1790172728063002,-0.11346734197975833,0.6765429422857591,,571.5674876293615,,0.10931184035869634,0.00519503842306418,0.016381763200441397,1.004150639511,0.4411143880271026
A0,c9_smooth_null,2,K,STAYS AT C1,0.04711769436797651,-0.22881597005493262,0.04959719590377877,-0.22905081374532935,0.648414074203312,0.04394561210154843,2.2613496717427672,1.2422708868232433,0.18606004618653885,1.6761090259660039,2.1567299327906504,-0.24447993077994645,-0.24709113831522994,-0.2029931474857706,0.8500000000000001,0.6482451241526391,True,-0.1790172728063002,-0.11346734197975833,0.6765429422857591,,571.5674876293615,,0.06603466431223781,0.003385639622816905,-0.0182891751600858,0.9998938622036436,0.4411143880271026
A0,c9_fine_zero,2,K,STAYS AT C1,0.04654971561867425,-0.22946135327062098,0.04959719590377877,-0.22905081374532935,0.648414074203312,0.047142568190238626,2.2556698842497442,1.2308470184642095,0.1803065182137222,1.6541635937712729,2.1056169929471924,-0.24846983111530616,-0.24709113831522994,-0.2029931474857706,0.8500000000000001,0.6472310288785825,,-0.1790172728063002,-0.11346734197975833,0.6765429422857591,,571.5674876293615,,0.07769458851624389,0.003310443709384936,-0.019715686432840558,nan,0.4411143880271026
A0,c9_fine_matched_s0,2,K,STAYS AT C1,0.04679412452806811,-0.22869745962932458,0.04959719590377877,-0.22905081374532935,0.648414074203312,0.05363464944012422,2.258113973343683,1.232352229679489,0.17239427945373237,1.6578491802614859,2.0978825100584846,-0.24980399418630006,-0.24709113831522994,-0.2029931474857706,0.8500000000000001,0.6464969716714581,True,-0.1790172728063002,-0.11346734197975833,0.6765429422857591,,571.5674876293615,,0.07878437787582193,0.0036109271832538425,-0.0240308620358535,1.0002889886332949,0.4411143880271026
A0,c9_fine_matched_s1,2,K,STAYS AT C1,0.037861408814209296,-0.2255977514914577,0.04959719590377877,-0.22905081374532935,0.648414074203312,0.11735787089569474,2.168786816205095,1.9158260843014012,0.1388377550880928,1.786489779368683,2.9060318852200404,-0.2412004878420462,-0.24709113831522994,-0.2029931474857706,0.8500000000000001,0.6460597434161868,True,-0.1790172728063002,-0.11346734197975833,0.6765429422857591,,571.5674876293615,,0.10502949903518033,0.005048338628370869,0.012713330095763895,1.0039710833001596,0.4411143880271026
A0,c9_fine_null,2,K,STAYS AT C1,0.04621489885655392,-0.2293423991167725,0.04959719590377877,-0.22905081374532935,0.648414074203312,0.04896341745269969,2.252321716628541,1.3372667825897389,0.1625295717468539,1.6398266910418524,2.257433006956268,-0.24877774455500032,-0.24709113831522994,-0.2029931474857706,0.8500000000000001,0.6472378456190213,True,-0.1790172728063002,-0.11346734197975833,0.6765429422857591,,571.5674876293615,,0.08107832586032737,0.0032689180009718433,-0.02012710063349936,1.0001490825012158,0.4411143880271026
A0,c9_raw_zero,2,K,STAYS AT C1,0.04674989442221044,-0.22965477321049388,0.04959719590377877,-0.22905081374532935,0.648414074203312,0.04937966933051027,2.2576716722851065,0.8449119115936465,0.16548995915545336,1.6832149381474786,2.5590374842403527,-0.24285767674432265,-0.24709113831522994,-0.2029931474857706,0.8500000000000001,0.6412913281797367,,-0.1790172728063002,-0.11346734197975833,0.6765429422857591,,571.5674876293615,,0.11555589702112457,0.0037407907596885837,-0.01845025787732389,nan,0.4411143880271026
A0,c9_raw_matched_s0,2,K,STAYS AT C1,0.04644877980743492,-0.22626775996900586,0.04959719590377877,-0.22905081374532935,0.648414074203312,0.084593773493781,2.254660526137351,0.8416040300140526,0.25497380696052147,1.6376779852393046,2.5178241463636972,-0.24450025496018155,-0.24709113831522994,-0.2029931474857706,0.8500000000000001,0.625543602380985,True,-0.1790172728063002,-0.11346734197975833,0.6765429422857591,,571.5674876293615,,0.2942236551166313,0.0074582674443234576,-0.028447002782670167,1.0133424907640927,0.4411143880271026
A0,c9_raw_matched_s1,2,K,STAYS AT C1,0.03868331554544251,-0.221747282579137,0.04959719590377877,-0.22905081374532935,0.648414074203312,0.10913880358336257,2.177005883517427,1.8133703442409292,0.15172693009639415,1.8357603302411005,4.0756506546034315,-0.2307217394064615,-0.24709113831522994,-0.2029931474857706,0.8500000000000001,0.6224277142453645,True,-0.1790172728063002,-0.11346734197975833,0.6765429422857591,,571.5674876293615,,0.36598034660791035,0.009427053638933702,0.014775929560687979,1.0159766635028433,0.4411143880271026
A0,c9_raw_null,2,K,STAYS AT C1,0.04539782053359639,-0.22864990371968735,0.04959719590377877,-0.22905081374532935,0.648414074203312,0.0874575052253633,2.244150933398966,1.1969645220821061,0.25777532040207896,1.6677066718451887,2.337425284381906,-0.24556512263502206,-0.24709113831522994,-0.2029931474857706,0.8500000000000001,0.6318747062917003,True,-0.1790172728063002,-0.11346734197975833,0.6765429422857591,,571.5674876293615,,0.21777891620766443,0.005940984821889289,-0.023261042785451685,1.0087919644282526,0.4411143880271026
A0,c9_planted_A50,2,K,OVERSHOOTS,0.42482225911225463,0.1216397410777958,0.04959719590377877,-0.22905081374532935,0.648414074203312,3.7522506320847584,6.038395319185548,4.6159063155701965,3.3470492996688828,4.802583379104604,4.802583379104604,-0.002545397339175497,-0.24709113831522994,-0.2029931474857706,1.75,0.24079929073023373,False,-0.1790172728063002,-0.11346734197975833,0.6765429422857591,,3471.11989847288,,1.7013120952186505,0.023846973927411252,-0.011152786730588893,1.2037079090074305,0.4411143880271026
A0,driver_tau0_s0,2,K,REPRODUCES,-0.21808028945256794,-0.0937849081345436,0.04959719590377877,-0.22905081374532935,0.648414074203312,2.676774853563467,0.3906301664626774,6.106817792282471,2.3604329316686097,0.576995354406777,4.068913670603562,-0.2282774071242225,-0.24709113831522994,-0.2029931474857706,0.45,0.7888308261236665,True,-0.1790172728063002,-0.11346734197975833,0.6765429422857591,0.008184082638610802,,0.0,0.17346140565976897,0.004951459525806112,0.0121241788729815,0.9597215455550595,0.4411143880271026
A0,driver_tau0_s1,2,K,REPRODUCES,-0.218213778886639,-0.09116940278163861,0.04959719590377877,-0.22905081374532935,0.648414074203312,2.6781097479041773,0.3919650608033881,7.030748557810537,2.340385330141255,0.5569477528794229,4.992844436131629,-0.22682193993883754,-0.24709113831522994,-0.2029931474857706,0.45,0.7839513889813232,True,-0.1790172728063002,-0.11346734197975833,0.6765429422857591,0.008184082638610802,,0.0,0.2155119264594898,0.005473068782208879,-0.0024351075736675012,0.960605988926833,0.4411143880271026
A0,driver_tau2_s0,2,K,REPRODUCES,-0.19307871158978984,-0.10271288650968156,0.04959719590377877,-0.22905081374532935,0.648414074203312,2.4267590749356858,0.14061438783489644,5.587508155084673,2.2258144492176855,0.44237687195585307,3.5496040334057644,-0.20245048467690235,-0.24709113831522994,-0.2029931474857706,0.45,0.7837836503493176,True,-0.1790172728063002,-0.11346734197975833,0.6765429422857591,0.004317576984109182,,2.0,0.1611682644207022,0.004862326198013078,0.0005352456459858477,0.9622136866535228,0.4411143880271026
A0,driver_tau2_s1,2,K,REPRODUCES,-0.20394174797040393,-0.10512305743467439,0.04959719590377877,-0.22905081374532935,0.648414074203312,2.5353894387418268,0.24924475164103732,6.166307145370143,2.234429726837632,0.45099214957579914,4.128403023691235,-0.2147677328169709,-0.24709113831522994,-0.2029931474857706,0.45,0.7749626959741522,True,-0.1790172728063002,-0.11346734197975833,0.6765429422857591,0.004317576984109182,,2.0,0.21860564350635547,0.004943225546904295,0.0006661172024158467,0.9663689175699008,0.4411143880271026
A0,driver_tau5_s0,2,K,REPRODUCES,-0.16873812870075006,-0.11723778925543274,0.04959719590377877,-0.22905081374532935,0.648414074203312,2.183353246045288,0.10279144105550142,4.472239678495477,2.0016942416038352,0.4001716829246773,2.434335556816568,-0.1825180063869096,-0.24709113831522994,-0.2029931474857706,0.45,0.7724092558306773,True,-0.1790172728063002,-0.11346734197975833,0.6765429422857591,0.002956254034183687,,5.0,0.18393592360230038,0.005495495028305819,0.003266528196605095,0.9670616946499725,0.4411143880271026
A0,driver_tau5_s1,2,K,REPRODUCES,-0.17664294463436261,-0.12671447233394942,0.04959719590377877,-0.22905081374532935,0.648414074203312,2.262401405381414,0.1324713035419109,4.442698487840005,2.0613283693294036,0.27789079206757117,3.2270653215725016,-0.18971217614220948,-0.24709113831522994,-0.2029931474857706,0.45,0.7607889212218142,True,-0.1790172728063002,-0.11346734197975833,0.6765429422857591,0.002956254034183687,,5.0,0.18265249787608884,0.005727210316419068,-0.0014245838319712322,0.9742127487705482,0.4411143880271026
A0,driver_tau10_s0,2,K,REPRODUCES,-0.11502657572649508,-0.14908154753486064,0.04959719590377877,-0.22905081374532935,0.648414074203312,1.6462377163027386,0.6399069707980511,2.880583403055383,1.516296433823039,0.5890952333492194,2.413842778550521,-0.1605816351383696,-0.24709113831522994,-0.2029931474857706,0.75,0.7396478118712423,True,-0.1790172728063002,-0.11346734197975833,0.6765429422857591,0.002373415625808557,,10.0,0.17911723346347186,0.006239127480303419,-0.00921517898019471,0.9775139029063785,0.4411143880271026
A0,driver_tau10_s1,2,K,REPRODUCES,-0.12962362409906444,-0.15734213627844973,0.04959719590377877,-0.22905081374532935,0.648414074203312,1.7922082000284323,0.49393648707235754,2.794835468218519,1.604980167890402,0.4713486159458581,3.694306900099822,-0.17055753623690845,-0.24709113831522994,-0.2029931474857706,0.6500000000000001,0.7474200550040229,True,-0.1790172728063002,-0.11346734197975833,0.6765429422857591,0.002373415625808557,,10.0,0.13407008356352668,0.004591913493704192,0.001223610079173315,0.9762133212717317,0.4411143880271026
A0,driver_tau20_s0,2,K,OVERSHOOTS,-0.052090300386553545,-0.19904876204994548,0.04959719590377877,-0.22905081374532935,0.648414074203312,1.0168749629033231,1.2692697241974664,2.1285244652424016,0.985501746301809,0.8411597065386949,2.6024945172745384,-0.20451925690901054,-0.24709113831522994,-0.2029931474857706,0.8500000000000001,0.7183304031150981,True,-0.1790172728063002,-0.11346734197975833,0.6765429422857591,0.0020525060019606243,,20.0,0.129299001467166,0.005169668554803802,-0.008151618883918582,0.9803538236007465,0.4411143880271026
A0,driver_tau20_s1,2,K,OVERSHOOTS,-0.0541028393148701,-0.19567380619205416,0.04959719590377877,-0.22905081374532935,0.648414074203312,1.0370003521864886,1.249144334914301,2.070389909303204,0.8822769822661113,0.901160594995721,3.689531123579349,-0.22194542236694376,-0.24709113831522994,-0.2029931474857706,0.75,0.71965232797353,True,-0.1790172728063002,-0.11346734197975833,0.6765429422857591,0.0020525060019606243,,20.0,0.09282897624889586,0.005350753277147291,0.005778077136300476,0.9777048186729734,0.4411143880271026
A0,driver_tau40_s0,2,K,STAYS AT C1,-0.03382813744969391,-0.22113686167828842,0.04959719590377877,-0.22905081374532935,0.648414074203312,0.8342533335347269,1.451891353566063,3.4013815756700883,0.7409690208263696,1.0424685564354628,3.388261725119057,-0.2496217469995651,-0.24709113831522994,-0.2029931474857706,0.75,0.6982556770111885,True,-0.1790172728063002,-0.11346734197975833,0.6765429422857591,0.0019015855311962024,,40.0,0.10479496240543584,0.004622065198939179,0.0003244857163897238,0.978568164919241,0.4411143880271026
A0,driver_tau40_s1,2,K,STAYS AT C1,-0.015846919058743972,-0.2240841551531039,0.04959719590377877,-0.22905081374532935,0.648414074203312,0.6544411496252274,1.6317035374755622,2.692504558990363,0.729296226451124,1.071306683292759,3.6349358624853174,-0.24882459418178893,-0.24709113831522994,-0.2029931474857706,0.75,0.7016756791798242,True,-0.1790172728063002,-0.11346734197975833,0.6765429422857591,0.0019015855311962024,,40.0,0.12832607649704908,0.006514941732981755,-0.010861694071966315,0.9808401795930229,0.4411143880271026
A0,driver_tau80_s0,2,K,STAYS AT C1,0.022587411168427843,-0.23364275147864932,0.04959719590377877,-0.22905081374532935,0.648414074203312,0.2700978473535093,2.01604683974728,4.057428246807973,0.3053915044106239,1.4780460728512084,4.044308396256941,-0.2377599717816642,-0.24709113831522994,-0.2029931474857706,0.75,0.6758909012914649,True,-0.1790172728063002,-0.11346734197975833,0.6765429422857591,0.0018373005916322148,,80.0,0.12738839549139858,0.006593064611197352,0.006971339759600775,0.9854883200076623,0.4411143880271026
A0,driver_tau80_s1,2,K,STAYS AT C1,0.03294676973053855,-0.22483974279989632,0.04959719590377877,-0.22905081374532935,0.648414074203312,0.18481056651894895,2.1196404253683876,2.78182083672668,0.30032790194768594,1.5349872694714581,3.356449326463665,-0.2404519825468005,-0.24709113831522994,-0.2029931474857706,0.6500000000000001,0.6744052321472991,True,-0.1790172728063002,-0.11346734197975833,0.6765429422857591,0.0018373005916322148,,80.0,0.11604439232505959,0.004705155147782469,0.007224812346445609,0.9894242060357182,0.4411143880271026
A0,driver_tauc1_s0,2,K,STAYS AT C1,0.09026656786749361,-0.2331524490501391,0.04959719590377877,-0.22905081374532935,0.648414074203312,0.4066937196371484,2.6928384067379376,3.832050853107772,0.31424444496069814,1.7837998862284214,4.07186230380361,-0.24474256340341716,-0.24709113831522994,-0.2029931474857706,0.75,0.6598928025604142,False,-0.1790172728063002,-0.11346734197975833,0.6765429422857591,0.002234365169093252,,571.5674876293615,0.26429705307559415,0.00769416577816151,0.020997141665531557,0.9435690926297087,0.4411143880271026
A0,driver_tauc1_s1,2,K,STAYS AT C1,0.06664562795511315,-0.23438045248988565,0.04959719590377877,-0.22905081374532935,0.648414074203312,0.17048432051334383,2.4566290076141333,1.2667895888033462,0.28979133762584985,1.848976481352883,3.193931512866551,-0.24341838296161197,-0.24709113831522994,-0.2029931474857706,0.75,0.6462190758921174,True,-0.1790172728063002,-0.11346734197975833,0.6765429422857591,0.002234365169093252,,571.5674876293615,0.17601220619681923,0.005941736580432622,0.016674822533113365,0.9849351822861164,0.4411143880271026
A0,c1_regen_s0,2,O,STAYS AT C1,-0.09192332388375908,-0.2088843640319114,-0.09422007494199518,-0.20717955555240786,0.6005245905236061,0.05473570199025182,1.8800887680694482,1.4571905872533575,0.1741367421212301,1.4016369830205246,2.039910012306993,-0.24659084092650269,-0.23483724490313407,-0.34392345837637484,0.95,0.6034905473617951,,-0.2799322006907039,-0.07178898697943921,0.6363441802360693,,429.46350428958084,,0.04460057074889523,0.0032890108331270484,0.0007384418556043227,nan,0.5407710981367908
A0,c1_regen_s1,2,O,STAYS AT C1,-0.09651682600023127,-0.20547474707290428,-0.09422007494199518,-0.20717955555240786,0.6005245905236061,0.05473570199025182,1.8341537469047264,1.4571905872533575,0.17413674212123015,1.3728598580009557,3.6420551411680924,-0.22308364887976545,-0.23483724490313407,-0.34392345837637484,0.95,0.5975586336854171,,-0.2799322006907039,-0.07178898697943921,0.6363441802360693,,429.63799506023406,,0.09439694722768044,0.003947503554416865,0.012605881388357883,nan,0.5407710981367908
A0,c9_smooth_zero,2,O,STAYS AT C1,-0.0957074774646859,-0.2079605114644961,-0.09422007494199518,-0.20717955555240786,0.6005245905236061,0.03792408427408148,1.8422472322601802,1.4958877891829596,0.2508898608927134,1.3990107058970518,3.0229515682115333,-0.2409741573854499,-0.23483724490313407,-0.34392345837637484,0.8500000000000001,0.6013040807102195,,-0.2799322006907039,-0.07178898697943921,0.6363441802360693,,429.46350428958084,,0.04041183866978182,0.003454930491858299,-9.335705898546328e-05,nan,0.5407710981367908
A0,c9_scale_only,2,O,STAYS AT C1,-0.09570747746468544,-0.207960511464496,-0.09422007494199518,-0.20717955555240786,0.6005245905236061,0.03792408427408786,1.8422472322601846,1.4958877891829567,0.2508898608926843,1.39901070589706,3.0229515682116777,-0.2409741573854473,-0.23483724490313407,-0.34392345837637484,0.8500000000000001,0.6013040807102048,,-0.2799322006907039,-0.07178898697943921,0.6363441802360693,,429.46350428958084,,0.040411838669776934,0.003454930491858299,-9.335705898797957e-05,nan,0.5407710981367908
A0,c9_smooth_matched_s0,2,O,STAYS AT C1,-0.0947505786565982,-0.20675651147082327,-0.09422007494199518,-0.20717955555240786,0.6005245905236061,0.03588288182828341,1.851816220341057,1.4881926366814433,0.2849119112604613,1.4166494924643247,3.0891941763665094,-0.23851728407875628,-0.23483724490313407,-0.34392345837637484,0.95,0.6006705321596715,True,-0.2799322006907039,-0.07178898697943921,0.6363441802360693,,429.46350428958084,,0.038461377678170816,0.0035434457443912493,-0.00024011237017545272,0.9651114009765155,0.5407710981367908
A0,c9_smooth_matched_s1,2,O,STAYS AT C1,-0.09828925753761618,-0.2041279755132691,-0.09422007494199518,-0.20717955555240786,0.6005245905236061,0.0714857901941772,1.816429431530877,1.4452481164874762,0.2987325842973766,1.3646649575034295,1.4052423413269854,-0.2177603657203021,-0.23483724490313407,-0.34392345837637484,0.95,0.5947454015517917,True,-0.2799322006907039,-0.07178898697943921,0.6363441802360693,,429.63799506023406,,0.1017495733922047,0.004110504116869196,0.006743611648701493,0.9735271306882165,0.5407710981367908
A0,c9_smooth_null,2,O,STAYS AT C1,-0.09544954902025647,-0.2079569204331809,-0.09422007494199518,-0.20717955555240786,0.6005245905236061,0.03992931302067723,1.8448265167044742,1.5270041223530932,0.2460751893586267,1.3942790440370565,1.8701834183874249,-0.24754611539404564,-0.23483724490313407,-0.34392345837637484,0.8500000000000001,0.6010477626234862,True,-0.2799322006907039,-0.07178898697943921,0.6363441802360693,,429.46350428958084,,0.042365255503714394,0.0033082630589014173,0.001018378834712152,0.9650552582412131,0.5407710981367908
A0,c9_fine_zero,2,O,STAYS AT C1,-0.09628260841510554,-0.20794907402300433,-0.09422007494199518,-0.20717955555240786,0.6005245905236061,0.032822385327827136,1.8364959227559834,1.8570981349520896,0.21992366558802767,1.353413240500584,1.7995654284911975,-0.2561720121978363,-0.23483724490313407,-0.34392345837637484,0.95,0.6015335732892013,,-0.2799322006907039,-0.07178898697943921,0.6363441802360693,,429.46350428958084,,0.044534930293232744,0.003781119040325298,0.0011742618659363964,nan,0.5407710981367908
A0,c9_fine_matched_s0,2,O,STAYS AT C1,-0.09353301330561964,-0.20456663598508104,-0.09422007494199518,-0.20717955555240786,0.6005245905236061,0.06237545547317005,1.8639918738508425,2.169986705381084,0.27621201744484564,1.4214522723869967,1.9791376324255259,-0.24917560526208724,-0.23483724490313407,-0.34392345837637484,0.95,0.5996600500372224,True,-0.2799322006907039,-0.07178898697943921,0.6363441802360693,,429.46350428958084,,0.04281805641636849,0.004046918587592985,0.0020232809452168233,0.9658054848402531,0.5407710981367908
A0,c9_fine_matched_s1,2,O,STAYS AT C1,-0.09755822388738421,-0.20178607515709737,-0.09422007494199518,-0.20717955555240786,0.6005245905236061,0.09281448749374116,1.8237397680331968,1.584200258631226,0.22070773293340767,1.376301503733857,1.4292356893818492,-0.22460811036192468,-0.23483724490313407,-0.34392345837637484,1.05,0.5935076469225072,True,-0.2799322006907039,-0.07178898697943921,0.6363441802360693,,429.63799506023406,,0.11103139490797043,0.004474092968447363,0.006069789102508995,0.9746390617409756,0.5407710981367908
A0,c9_fine_null,2,O,STAYS AT C1,-0.0961287081397774,-0.20757426777391652,-0.09422007494199518,-0.20717955555240786,0.6005245905236061,0.0291012123379894,1.8380349255092647,1.6023089153840293,0.19860891086346802,1.3370652550363824,1.6567046777984655,-0.2523127113149231,-0.23483724490313407,-0.34392345837637484,0.95,0.6009478216019877,True,-0.2799322006907039,-0.07178898697943921,0.6363441802360693,,429.46350428958084,,0.051337128621871564,0.003874426877296888,0.002195538552993159,0.9651285750292,0.5407710981367908
A0,c9_raw_zero,2,O,STAYS AT C1,-0.09641144858758108,-0.20769431864557644,-0.09422007494199518,-0.20717955555240786,0.6005245905236061,0.024996090551541866,1.8352075210312282,1.8189999507021442,0.16985445682098255,1.3775642135632449,1.6288089788482891,-0.26031541342628145,-0.23483724490313407,-0.34392345837637484,0.95,0.5983404124338136,,-0.2799322006907039,-0.07178898697943921,0.6363441802360693,,429.46350428958084,,0.07666673881930208,0.004670736674150522,0.0019071798142022214,nan,0.5407710981367908
A0,c9_raw_matched_s0,2,O,STAYS AT C1,-0.09488209532310027,-0.20137976029088953,-0.09422007494199518,-0.20717955555240786,0.6005245905236061,0.07142808862207264,1.8505010536760362,1.4051142250333475,0.21571551554592644,1.5481029791443675,2.652974667946732,-0.24256773585214403,-0.23483724490313407,-0.34392345837637484,0.95,0.5844982504995344,True,-0.2799322006907039,-0.07178898697943921,0.6363441802360693,,429.46350428958084,,0.16835886113127962,0.0065826864747061675,0.008608522034994397,0.9744359055470622,0.5407710981367908
A0,c9_raw_matched_s1,2,O,STAYS AT C1,-0.09633625000301956,-0.19984822678179617,-0.09422007494199518,-0.20717955555240786,0.6005245905236061,0.10856905186403837,1.8359595068768435,1.4269042003760288,0.3524703988917632,1.5382662185255993,1.7181422163057385,-0.2221392431689544,-0.23483724490313407,-0.34392345837637484,1.05,0.578351187595066,True,-0.2799322006907039,-0.07178898697943921,0.6363441802360693,,429.63799506023406,,0.2847613404560434,0.007871673581275829,0.004837059923761725,0.983254602253938,0.5407710981367908
A0,c9_raw_null,2,O,STAYS AT C1,-0.0959384633824521,-0.20613031907654383,-0.09422007494199518,-0.20717955555240786,0.6005245905236061,0.03505831727351992,1.839937373082518,2.0077787141703953,0.1775756957079337,1.3914278367328898,1.7490085774108393,-0.2558648553806983,-0.23483724490313407,-0.34392345837637484,0.95,0.5886160998028027,True,-0.2799322006907039,-0.07178898697943921,0.6363441802360693,,429.46350428958084,,0.1484362670213497,0.006604954383872541,0.0067532676803381654,0.9716641724689903,0.5407710981367908
A0,c9_planted_A50,2,O,OVERSHOOTS,0.280859045062745,-0.01016407295790275,-0.09422007494199518,-0.20717955555240786,0.6005245905236061,3.7507912000474017,5.607912457534489,6.737863289248073,3.321230555883501,4.5000537273184404,8.252237696459536,-0.030804437708542614,-0.23483724490313407,-0.34392345837637484,1.85,0.24848725515019526,False,-0.2799322006907039,-0.07178898697943921,0.6363441802360693,,1904.2899709311052,,2.213757038715084,0.032889849102407664,0.0046897739516000075,1.1779894537657125,0.5407710981367908
A0,driver_tau0_s0,2,O,REPRODUCES,-0.2744024822622692,-0.09037720386394603,-0.09422007494199518,-0.20717955555240786,0.6005245905236061,1.8018240732027402,0.1858821688450682,6.295898393817478,1.7184910630784689,0.3312426425677288,5.849511553362731,-0.28486794124091297,-0.23483724490313407,-0.34392345837637484,0.55,0.6849899405617891,False,-0.2799322006907039,-0.07178898697943921,0.6363441802360693,0.011503523523208747,,0.0,0.19630045819990505,0.004354237776511893,0.015057805311272612,0.9223592934325944,0.5407710981367908
A0,driver_tau0_s1,2,O,REPRODUCES,-0.2905709156020443,-0.08216326457134332,-0.09422007494199518,-0.20717955555240786,0.6005245905236061,1.9635084066004909,0.10638714911340386,7.471331621577496,1.69503095653374,0.5163269805358961,7.024944781122748,-0.298382055087841,-0.23483724490313407,-0.34392345837637484,0.55,0.6457077626620757,True,-0.2799322006907039,-0.07178898697943921,0.6363441802360693,0.011503523523208747,,0.0,0.2481998442396245,0.0064727402586668425,0.017721196363378044,0.9713441599180209,0.5407710981367908
A0,driver_tau2_s0,2,O,REPRODUCES,-0.25341768143711096,-0.10571625835858063,-0.09422007494199518,-0.20717955555240786,0.6005245905236061,1.5919760649511576,0.3392727137914142,5.850387530738774,1.6312216335361158,0.2942119950129737,5.404000690284028,-0.2643900787369802,-0.23483724490313407,-0.34392345837637484,0.55,0.6673420495616353,False,-0.2799322006907039,-0.07178898697943921,0.6363441802360693,0.005968987771977955,,2.0,0.29309718231089077,0.006519060590337161,0.019515470324095428,0.9302524500557181,0.5407710981367908
A0,driver_tau2_s1,2,O,REPRODUCES,-0.2829406925256135,-0.09036289495009264,-0.09422007494199518,-0.20717955555240786,0.6005245905236061,1.8872061758361829,0.18573907970653433,6.39616169005891,1.6773457788074846,0.29009735829674443,5.949774849604163,-0.29082545035102286,-0.23483724490313407,-0.34392345837637484,0.55,0.6510045440536463,True,-0.2799322006907039,-0.07178898697943921,0.6363441802360693,0.005968987771977955,,2.0,0.12984812996710504,0.003803775987847202,0.012095273723560982,0.9746880062187511,0.5407710981367908
A0,driver_tau5_s0,2,O,REPRODUCES,-0.23785221656735353,-0.11805849544277258,-0.09422007494199518,-0.20717955555240786,0.6005245905236061,1.4363214162535836,0.4626950846333337,4.745859581215782,1.4883334334895453,0.39495231144473186,4.299472740761036,-0.2507314034829475,-0.23483724490313407,-0.34392345837637484,0.55,0.6598528962498778,False,-0.2799322006907039,-0.07178898697943921,0.6363441802360693,0.004122444265969822,,5.0,0.18824167011293635,0.00503891517267907,0.003935188049035162,0.9388093362882594,0.5407710981367908
A0,driver_tau5_s1,2,O,REPRODUCES,-0.2569516920769322,-0.11083111492327176,-0.09422007494199518,-0.20717955555240786,0.6005245905236061,1.62731617134937,0.3904212794383255,4.752649593202029,1.512479605473517,0.298479921081426,4.306262752747282,-0.2676041699196255,-0.23483724490313407,-0.34392345837637484,0.55,0.6412210324446947,True,-0.2799322006907039,-0.07178898697943921,0.6363441802360693,0.004122444265969822,,5.0,0.16921986807893719,0.004608403178506304,0.014263008861023784,0.9784277914634614,0.5407710981367908
A0,driver_tau10_s0,2,O,REPRODUCES,-0.2122073308588375,-0.13669421865822368,-0.09422007494199518,-0.20717955555240786,0.6005245905236061,1.1798725591684232,0.677248698318664,3.2095126941345486,1.1184515471229604,0.5019111225710683,2.9510123200320626,-0.2346663920980067,-0.23483724490313407,-0.34392345837637484,0.55,0.6487609317600178,True,-0.2799322006907039,-0.07178898697943921,0.6363441802360693,0.0031547037424042327,,10.0,0.17388893107263215,0.0052059011143053,0.031924260106504586,0.9527056829057373,0.5407710981367908
A0,driver_tau10_s1,2,O,REPRODUCES,-0.2069645384322,-0.1387580656021302,-0.09422007494199518,-0.20717955555240786,0.6005245905236061,1.1274446349020482,0.729676622585039,2.7054857838419712,1.1330894041981951,0.6381630687946499,2.259098943387224,-0.22519559399480196,-0.23483724490313407,-0.34392345837637484,0.55,0.6394437648957274,True,-0.2799322006907039,-0.07178898697943921,0.6363441802360693,0.0031547037424042327,,10.0,0.17246595227057293,0.005733172736587022,0.0043940449334303085,0.9578309578288408,0.5407710981367908
A0,driver_tau20_s0,2,O,STAYS AT C1,-0.1761392497387247,-0.16987199552022939,-0.09422007494199518,-0.20717955555240786,0.6005245905236061,0.8191917479672951,1.037929509519792,1.9370387812225947,0.7931868765889004,0.8012073692470999,2.7989876073074216,-0.21200533843301594,-0.23483724490313407,-0.34392345837637484,0.95,0.6334793425149803,True,-0.2799322006907039,-0.07178898697943921,0.6363441802360693,0.0027563546848275366,,20.0,0.08300734689442546,0.0036936843649795215,0.01011920120386112,0.9618206340458413,0.5407710981367908
A0,driver_tau20_s1,2,O,STAYS AT C1,-0.16987678835288353,-0.16470817708521474,-0.09422007494199518,-0.20717955555240786,0.6005245905236061,0.7565671341088834,1.1005541233782037,1.7293568755374766,0.7649991460339838,0.7635136295849484,2.718455572668669,-0.20413199691224926,-0.23483724490313407,-0.34392345837637484,0.95,0.6252163938502207,True,-0.2799322006907039,-0.07178898697943921,0.6363441802360693,0.0027563546848275366,,20.0,0.14154618387904394,0.0058212293713093555,0.014619496880718962,0.9626507925119522,0.5407710981367908
A0,driver_tau40_s0,2,O,STAYS AT C1,-0.14713347956892164,-0.18785640805016313,-0.09422007494199518,-0.20717955555240786,0.6005245905236061,0.5291340462692646,1.3279872112178226,2.9895979689455587,0.6893114395476259,0.9228753019276736,0.9228753019276736,-0.230255528335102,-0.23483724490313407,-0.34392345837637484,0.95,0.6234884201397292,True,-0.2799322006907039,-0.07178898697943921,0.6363441802360693,0.002552163904943932,,40.0,0.1065216257863355,0.0039095077576586645,0.0030791134952234235,0.9589109356590694,0.5407710981367908
A0,driver_tau40_s1,2,O,STAYS AT C1,-0.14072870464823758,-0.18557903913756493,-0.09422007494199518,-0.20717955555240786,0.6005245905236061,0.46508629706242405,1.3920349604246631,1.2608401898737363,0.37765075927551767,1.0095976612352224,2.7752145970852,-0.19897174290503328,-0.23483724490313407,-0.34392345837637484,0.95,0.6190254856106097,True,-0.2799322006907039,-0.07178898697943921,0.6363441802360693,0.002552163904943932,,40.0,0.08785128284539967,0.004211383144274161,0.00387672234156503,0.9664818505585083,0.5407710981367908
A0,driver_tau80_s0,2,O,STAYS AT C1,-0.12203930390827274,-0.19617418615698534,-0.09422007494199518,-0.20717955555240786,0.6005245905236061,0.2781922896627756,1.5789289678243117,1.4653976923938972,0.5135756615636574,1.075492225414216,1.3195340914091247,-0.23054194850868004,-0.23483724490313407,-0.34392345837637484,0.95,0.6131668213828187,True,-0.2799322006907039,-0.07178898697943921,0.6363441802360693,0.0024700993024241525,,80.0,0.12854550672987974,0.005197590288467557,0.0018153058806874326,0.9619897460508346,0.5407710981367908
A0,driver_tau80_s1,2,O,STAYS AT C1,-0.12359620722452058,-0.1915920031812529,-0.09422007494199518,-0.20717955555240786,0.6005245905236061,0.293761322825254,1.5633599346618332,1.8363848630635415,0.5415353205998744,1.0406127859124361,1.489028692471669,-0.22129694620843235,-0.23483724490313407,-0.34392345837637484,0.8500000000000001,0.6127317513315187,True,-0.2799322006907039,-0.07178898697943921,0.6363441802360693,0.0024700993024241525,,80.0,0.20970296006781108,0.004710742781759536,-0.00996642863105362,0.958854782894533,0.5407710981367908
A0,driver_tauc1_s0,2,O,STAYS AT C1,-0.07176012175902169,-0.20341067754446437,-0.09422007494199518,-0.20717955555240786,0.6005245905236061,0.22459953182973488,2.081720789316822,1.4894288428482076,0.3423201119234517,1.304947817629076,3.444651764243367,-0.2658221991853902,-0.23483724490313407,-0.34392345837637484,0.8500000000000001,0.6171764649798095,False,-0.2799322006907039,-0.07178898697943921,0.6363441802360693,0.0030562546234164747,,429.46350428958084,0.2088038669365604,0.005610412322289093,0.005184258621599322,0.9152303921003402,0.5407710981367908
A0,driver_tauc1_s1,2,O,STAYS AT C1,-0.0813359391828036,-0.19862197479490523,-0.09422007494199518,-0.20717955555240786,0.6005245905236061,0.14474070107725154,1.9859626150790028,1.6970016863642,0.25807595261987387,1.434333813229611,4.481933470167222,-0.2113217129484488,-0.23483724490313407,-0.34392345837637484,0.8500000000000001,0.5971087893079798,True,-0.2799322006907039,-0.07178898697943921,0.6363441802360693,0.0030562546234164747,,429.46350428958084,0.26113463599542985,0.005493962567238664,-0.004361664908602463,0.9517896228929352,0.5407710981367908
A0,c1_regen_s0,2,MLP_OUT,STAYS AT C1,-0.0664024320255574,-0.21482007444165477,-0.062910589346949,-0.21603925532120946,0.616139854265918,0.05743845771654328,2.3669394656365528,1.3933211550049207,0.17111556563783253,1.6802622475107498,2.4608853608351753,-0.23913634579444568,-0.23727676828607167,-0.3183916381716592,0.95,0.611051791982661,,-0.3030963785892127,-0.07393520448666498,0.6413973578298768,,483.1936927945229,,0.089106011507178,0.0038450808675616344,0.00066150692571644,nan,0.5262147753381783
A0,c1_regen_s1,2,MLP_OUT,STAYS AT C1,-0.08642781572459031,-0.2104306679529974,-0.062910589346949,-0.21603925532120946,0.616139854265918,0.2351722637764131,2.1666856286462237,1.199526965365704,0.16066929568264499,1.5621541608908667,2.1717004632355175,-0.22086586630522026,-0.23727676828607167,-0.3183916381716592,0.95,0.6010441491818814,,-0.3030963785892127,-0.07393520448666498,0.6413973578298768,,458.5665612660753,,0.08856018904808405,0.003939417456284344,-0.036256853113452434,nan,0.5262147753381783
A0,c9_smooth_zero,2,MLP_OUT,STAYS AT C1,-0.07306378381744526,-0.2158354993438746,-0.062910589346949,-0.21603925532120946,0.616139854265918,0.10153194470496257,2.300325947717674,0.6215627456377834,0.21796209205956968,1.6511207891622068,2.5416774533497986,-0.24348678679019398,-0.23727676828607167,-0.3183916381716592,0.95,0.6138232354724843,,-0.3030963785892127,-0.07393520448666498,0.6413973578298768,,483.1936927945229,,0.09412755663488381,0.0034028671881639605,-3.931389933092129e-05,nan,0.5262147753381783
A0,c9_scale_only,2,MLP_OUT,STAYS AT C1,-0.07306378381744792,-0.21583549934387267,-0.062910589346949,-0.21603925532120946,0.616139854265918,0.10153194470498922,2.3003259477176474,0.6215627456379218,0.2179620920595468,1.6511207891621862,2.541677453349937,-0.24348678679019442,-0.23727676828607167,-0.3183916381716592,0.95,0.6138232354724031,,-0.3030963785892127,-0.07393520448666498,0.6413973578298768,,483.1936927945229,,0.09412755663488648,0.0034028671881148886,-3.931389932866585e-05,nan,0.5262147753381783
A0,c9_smooth_matched_s0,2,MLP_OUT,STAYS AT C1,-0.07299996903581729,-0.21575060865010487,-0.062910589346949,-0.21603925532120946,0.616139854265918,0.10089379688868291,2.3009640955339536,0.6150269608369929,0.2182850611916382,1.651667912699697,2.535141668549008,-0.24335019289993945,-0.23727676828607167,-0.3183916381716592,0.95,0.6137026652938562,True,-0.3030963785892127,-0.07393520448666498,0.6413973578298768,,483.1936927945229,,0.09376686527961953,0.003500481522878851,-0.0009445827305371703,0.9616050599650026,0.5262147753381783
A0,c9_smooth_matched_s1,2,MLP_OUT,STAYS AT C1,-0.0891445627293765,-0.2115954429838101,-0.062910589346949,-0.21603925532120946,0.616139854265918,0.262339733824275,2.139518158598362,1.2388722600682087,0.17732652802425225,1.5334850572842216,2.13716552541476,-0.23877537208987032,-0.23727676828607167,-0.3183916381716592,0.8500000000000001,0.603468902089799,True,-0.3030963785892127,-0.07393520448666498,0.6413973578298768,,458.5665612660753,,0.07606136792174745,0.003779528979620972,-0.03970399687600693,0.9903536537533182,0.5262147753381783
A0,c9_smooth_null,2,MLP_OUT,STAYS AT C1,-0.07279445422480835,-0.21587128664490612,-0.062910589346949,-0.21603925532120946,0.616139854265918,0.09883864877859347,2.303019243644043,0.6374285460469383,0.18838341765313757,1.6332779981660452,2.5575432537589533,-0.24520809984568012,-0.23727676828607167,-0.3183916381716592,0.95,0.6134441728596945,True,-0.3030963785892127,-0.07393520448666498,0.6413973578298768,,483.1936927945229,,0.10221556420693823,0.0037755548044294818,-0.0005158716158688646,0.962202542619858,0.5262147753381783
A0,c9_fine_zero,2,MLP_OUT,STAYS AT C1,-0.07422143522532232,-0.21588120489063578,-0.062910589346949,-0.21603925532120946,0.616139854265918,0.11310845878373318,2.2887494336389036,1.089346357716489,0.3271771141586743,1.6392326934100585,2.557607030956276,-0.24374397640715162,-0.23727676828607167,-0.3183916381716592,0.95,0.613941628799528,,-0.3030963785892127,-0.07393520448666498,0.6413973578298768,,483.1936927945229,,0.09099617581971575,0.003608049800048252,0.0006478244670708741,nan,0.5262147753381783
A0,c9_fine_matched_s0,2,MLP_OUT,STAYS AT C1,-0.07345208487268085,-0.21496222465867745,-0.062910589346949,-0.21603925532120946,0.616139854265918,0.10541495525731845,2.296442937165318,1.088126120004325,0.346019894748183,1.6531903582476593,2.535185818127757,-0.24448655629104443,-0.23727676828607167,-0.3183916381716592,0.95,0.6133293549604295,True,-0.3030963785892127,-0.07393520448666498,0.6413973578298768,,483.1936927945229,,0.09117626109809018,0.0036254090869611844,-0.00046808620024726575,0.9613500348759296,0.5262147753381783
A0,c9_fine_matched_s1,2,MLP_OUT,STAYS AT C1,-0.08992662468354477,-0.211740407575034,-0.062910589346949,-0.21603925532120946,0.616139854265918,0.27016035336595773,2.131697539056679,0.9982418125320257,0.157503557308373,1.54826807777739,2.2685409054537096,-0.22852966730924512,-0.23727676828607167,-0.3183916381716592,0.8500000000000001,0.6029563959046693,True,-0.3030963785892127,-0.07393520448666498,0.6413973578298768,,458.5665612660753,,0.08210925512603051,0.003679339087648059,-0.040979853983359696,0.9898479854451666,0.5262147753381783
A0,c9_fine_null,2,MLP_OUT,STAYS AT C1,-0.0738020045075665,-0.21547022931899135,-0.062910589346949,-0.21603925532120946,0.616139854265918,0.10891415160617493,2.2929437408164617,0.6641262295399061,0.2848815526144387,1.6360488332822702,2.5842409372519213,-0.24694532623778237,-0.23727676828607167,-0.3183916381716592,0.95,0.6134326672819136,True,-0.3030963785892127,-0.07393520448666498,0.6413973578298768,,483.1936927945229,,0.10192697589598199,0.0035280734551979,0.00033459675150995273,0.9617015410432074,0.5262147753381783
A0,c9_raw_zero,2,MLP_OUT,STAYS AT C1,-0.07290104860378585,-0.21542555027550786,-0.062910589346949,-0.21603925532120946,0.616139854265918,0.0999045925683685,2.301953299854268,0.8967097605143431,0.33351113663560106,1.66319346705703,2.617719749107997,-0.2370541942853613,-0.23727676828607167,-0.3183916381716592,0.95,0.6072055649029307,,-0.3030963785892127,-0.07393520448666498,0.6413973578298768,,483.1936927945229,,0.11345363773531636,0.0051866399513119665,0.0004309861191193342,nan,0.5262147753381783
A0,c9_raw_matched_s0,2,MLP_OUT,STAYS AT C1,-0.07280806312628865,-0.21269562679873671,-0.062910589346949,-0.21603925532120946,0.616139854265918,0.09897473779339652,2.30288315462924,0.9082280818614352,0.13858700602649068,1.694481386720845,2.5566951487604745,-0.23421457721873298,-0.23727676828607167,-0.3183916381716592,0.95,0.5938105787476071,True,-0.3030963785892127,-0.07393520448666498,0.6413973578298768,,483.1936927945229,,0.25316487756239425,0.007678290881080629,-0.0013285866529991275,0.9705892430004104,0.5262147753381783
A0,c9_raw_matched_s1,2,MLP_OUT,STAYS AT C1,-0.08700692438469071,-0.21122637598848126,-0.062910589346949,-0.21603925532120946,0.616139854265918,0.2409633503774171,2.1608945420452197,1.6938540690054094,0.2269940643719241,1.5477877306872068,2.4741696397216435,-0.21771339405613382,-0.23727676828607167,-0.3183916381716592,0.95,0.5893994151108309,True,-0.3030963785892127,-0.07393520448666498,0.6413973578298768,,458.5665612660753,,0.2206380751002035,0.0063738730626739515,-0.039657514958753685,0.9974796755775981,0.5262147753381783
A0,c9_raw_null,2,MLP_OUT,STAYS AT C1,-0.07182720589769026,-0.21485482573129974,-0.062910589346949,-0.21603925532120946,0.616139854265918,0.0891661655074126,2.312691726915224,0.8081388872252686,0.2882784722978339,1.6965151387752508,2.468740246912374,-0.23634296894199133,-0.23727676828607167,-0.3183916381716592,0.95,0.5980062517481938,True,-0.3030963785892127,-0.07393520448666498,0.6413973578298768,,483.1936927945229,,0.21565825627800628,0.006192084013195598,-0.007166717901418569,0.9677287232881457,0.5262147753381783
A0,c9_planted_A50,2,MLP_OUT,OVERSHOOTS,0.29227311001889567,0.01641087342543409,-0.062910589346949,-0.21603925532120946,0.616139854265918,3.5518369936584464,5.953694886081083,5.615073947433252,3.014782867582062,4.439709158869913,7.261863024195085,-0.05189482973426282,-0.23727676828607167,-0.3183916381716592,1.55,0.24794905866470202,False,-0.3030963785892127,-0.07393520448666498,0.6413973578298768,,2192.3280117621057,,2.0318936517922435,0.03060771324029743,-0.038590850179270025,1.1765552131743324,0.5262147753381783
A0,driver_tau0_s0,2,MLP_OUT,REPRODUCES,-0.2678710231651952,-0.08309834564558617,-0.062910589346949,-0.21603925532120946,0.616139854265918,2.0496043381824616,0.352253554240175,6.47057084193159,1.5330433873966758,0.29309425531847727,3.9772341915342198,-0.2831383334876328,-0.23727676828607167,-0.3183916381716592,0.55,0.6946656245967748,False,-0.3030963785892127,-0.07393520448666498,0.6413973578298768,0.010621390675534801,,0.0,0.19682844751669393,0.006591916366170514,-0.011333760098126092,0.9271783554471381,0.5262147753381783
A0,driver_tau0_s1,2,MLP_OUT,REPRODUCES,-0.27817815034611937,-0.08925009333852536,-0.062910589346949,-0.21603925532120946,0.616139854265918,2.1526756099917037,0.2491822824309331,6.649430599553984,1.5546982047624591,0.48391230102214605,4.156093949156614,-0.284787821244071,-0.23727676828607167,-0.3183916381716592,0.55,0.667310722724926,True,-0.3030963785892127,-0.07393520448666498,0.6413973578298768,0.010621390675534801,,0.0,0.1961812793534694,0.0034098890850592367,0.005458000755816113,0.9747346621339845,0.5262147753381783
A0,driver_tau2_s0,2,MLP_OUT,REPRODUCES,-0.25943712234309285,-0.0965072444714022,-0.062910589346949,-0.21603925532120946,0.616139854265918,1.9652653299614387,0.43659256246119826,6.20126774731258,1.4761847289222882,0.3192272388995695,3.70793109691521,-0.2705075523367238,-0.23727676828607167,-0.3183916381716592,0.55,0.6851120919405194,False,-0.3030963785892127,-0.07393520448666498,0.6413973578298768,0.005569808358284741,,2.0,0.1015841711824752,0.0037509192687751602,-0.0059399659279163255,0.9387676053330353,0.5262147753381783
A0,driver_tau2_s1,2,MLP_OUT,REPRODUCES,-0.283261892957862,-0.09123081060268426,-0.062910589346949,-0.21603925532120946,0.616139854265918,2.2035130361091304,0.1983448563135065,7.022775816564006,1.5678811098147711,0.20152683265557636,4.529439166166635,-0.28816261327332277,-0.23727676828607167,-0.3183916381716592,0.55,0.6575081319841342,True,-0.3030963785892127,-0.07393520448666498,0.6413973578298768,0.005569808358284741,,2.0,0.23018078125202113,0.00571842904634301,0.01788911669713135,0.9839804839773366,0.5262147753381783
A0,driver_tau5_s0,2,MLP_OUT,REPRODUCES,-0.24336125420955337,-0.11923535843958946,-0.062910589346949,-0.21603925532120946,0.616139854265918,1.8045066486260435,0.597351243796593,5.386880381437628,1.2127747770252593,0.47076368225866494,2.8935437310402574,-0.26758073857891385,-0.23727676828607167,-0.3183916381716592,0.55,0.6735405363489345,False,-0.3030963785892127,-0.07393520448666498,0.6413973578298768,0.0037984201132299808,,5.0,0.14756327165298222,0.005613897973506504,-0.0035114510575907235,0.9464963925921638,0.5262147753381783
A0,driver_tau5_s1,2,MLP_OUT,REPRODUCES,-0.26404657053749947,-0.10092734378278613,-0.062910589346949,-0.21603925532120946,0.616139854265918,2.0113598119055047,0.3904980805171321,5.681943636595727,1.4113932566728749,0.3052536926220877,3.1886069861983564,-0.2737944736564448,-0.23727676828607167,-0.3183916381716592,0.55,0.658205430639953,True,-0.3030963785892127,-0.07393520448666498,0.6413973578298768,0.0037984201132299808,,5.0,0.1810332851877976,0.004719456911503828,0.0035637835903704757,0.9860384030198822,0.5262147753381783
A0,driver_tau10_s0,2,MLP_OUT,REPRODUCES,-0.20975284993536916,-0.14804626771216203,-0.062910589346949,-0.21603925532120946,0.616139854265918,1.4684226058842014,0.9334352865384351,4.2265994656805,1.0136207475351278,0.8343504289956066,2.7805099377713023,-0.23237960168246627,-0.23727676828607167,-0.3183916381716592,0.55,0.6555092734666036,True,-0.3030963785892127,-0.07393520448666498,0.6413973578298768,0.002900159750443679,,10.0,0.14404891596014524,0.007289243557971337,-0.0014111014306894044,0.9540971862157349,0.5262147753381783
A0,driver_tau10_s1,2,MLP_OUT,REPRODUCES,-0.20612266734690923,-0.14344952177314912,-0.062910589346949,-0.21603925532120946,0.616139854265918,1.432120779999602,0.9697371124230344,4.200278278751872,1.055814955342009,0.6296284248343746,1.7069416283545022,-0.22394737444650303,-0.23727676828607167,-0.3183916381716592,0.55,0.6583541732541675,True,-0.3030963785892127,-0.07393520448666498,0.6413973578298768,0.002900159750443679,,10.0,0.09884643740393217,0.0035356424010398735,0.02431405660444057,0.9546038991246824,0.5262147753381783
A0,driver_tau20_s0,2,MLP_OUT,STAYS AT C1,-0.1534282575328223,-0.17248284558142316,-0.062910589346949,-0.21603925532120946,0.616139854265918,0.9051766818587329,1.4966812105639038,3.2103467354592303,0.6283830241601234,1.0678654140109032,3.6931695370942403,-0.2178715557815015,-0.23727676828607167,-0.3183916381716592,0.8500000000000001,0.6457776149015573,True,-0.3030963785892127,-0.07393520448666498,0.6413973578298768,0.002528686442567832,,20.0,0.03613553105187384,0.002534192459983653,0.00030563190978273586,0.9581086089318667,0.5262147753381783
A0,driver_tau20_s1,2,MLP_OUT,STAYS AT C1,-0.14448779563443942,-0.17863965370185425,-0.062910589346949,-0.21603925532120946,0.616139854265918,0.8157720628749041,1.5860858295477325,2.5337090489162217,0.570273436544581,1.0765156402172527,2.0457387813866985,-0.18138062169817157,-0.23727676828607167,-0.3183916381716592,0.95,0.6351652273017978,True,-0.3030963785892127,-0.07393520448666498,0.6413973578298768,0.002528686442567832,,20.0,0.09207500458107587,0.003154092146859022,0.006163540472603141,0.9658959983028136,0.5262147753381783
A0,driver_tau40_s0,2,MLP_OUT,STAYS AT C1,-0.12894859903533631,-0.19397344910995726,-0.062910589346949,-0.21603925532120946,0.616139854265918,0.6603800968838731,1.7414777955387635,2.6986861759046072,0.4360424245579527,1.210746652203881,3.479001746620842,-0.22435281583503108,-0.23727676828607167,-0.3183916381716592,0.95,0.6382676341520861,True,-0.3030963785892127,-0.07393520448666498,0.6413973578298768,0.0023700872250410625,,40.0,0.056759410439474856,0.0039597715326229466,-0.001644581799365722,0.9596692172637914,0.5262147753381783
A0,driver_tau40_s1,2,MLP_OUT,STAYS AT C1,-0.11965745554067769,-0.19293360941758195,-0.062910589346949,-0.21603925532120946,0.616139854265918,0.5674686619372868,1.8343892304853497,1.3140713426239623,0.3054815587900765,1.3618595843420143,2.3548652467277593,-0.20498904258482317,-0.23727676828607167,-0.3183916381716592,0.95,0.6231722874621533,True,-0.3030963785892127,-0.07393520448666498,0.6413973578298768,0.0023700872250410625,,40.0,0.12338000334803967,0.004646599887534908,0.002044650273803699,0.9713554036187559,0.5262147753381783
A0,driver_tau80_s0,2,MLP_OUT,STAYS AT C1,-0.09735618573499626,-0.2021027918844746,-0.062910589346949,-0.21603925532120946,0.616139854265918,0.34445596388047256,2.057401928542164,1.8865377360315794,0.2942364141915779,1.428416813321532,2.6668533067478135,-0.22071039466943243,-0.23727676828607167,-0.3183916381716592,0.95,0.6156778724759784,True,-0.3030963785892127,-0.07393520448666498,0.6413973578298768,0.0022889994951144836,,80.0,0.060666643518730634,0.005435289490659023,-0.02102953017664459,0.9729203557314274,0.5262147753381783
A0,driver_tau80_s1,2,MLP_OUT,STAYS AT C1,-0.10246452356526267,-0.20805652149335552,-0.062910589346949,-0.21603925532120946,0.616139854265918,0.3955393421831367,2.0063185502395,1.311527210555946,0.2674018805271011,1.4949403330281346,2.8145299724424273,-0.2516677310605685,-0.23727676828607167,-0.3183916381716592,0.8500000000000001,0.6250798598236058,True,-0.3030963785892127,-0.07393520448666498,0.6413973578298768,0.0022889994951144836,,80.0,0.019825888908387324,0.0031588048218591513,-0.012948489714140005,0.9683509324615915,0.5262147753381783
A0,driver_tauc1_s0,2,MLP_OUT,STAYS AT C1,-0.039976346796092674,-0.21709724872530814,-0.062910589346949,-0.21603925532120946,0.616139854265918,0.22934242550856326,2.6312003179312,1.74156093929898,0.5120229953200227,1.7099301580944097,2.93071438464291,-0.21891208942055027,-0.23727676828607167,-0.3183916381716592,0.8500000000000001,0.6135696205630786,False,-0.3030963785892127,-0.07393520448666498,0.6413973578298768,0.002814155715795893,,483.1936927945229,0.1540045997126005,0.005913916222799909,0.013875986895000008,0.9310360697009566,0.5262147753381783
A0,driver_tauc1_s1,2,MLP_OUT,STAYS AT C1,-0.07522894634302421,-0.21329589977645183,-0.062910589346949,-0.21603925532120946,0.616139854265918,0.19162075172628787,2.2786743224618844,1.718387301140261,0.47306722258754064,1.5137518081237473,3.4303469879610815,-0.21303474987555146,-0.23727676828607167,-0.3183916381716592,0.95,0.6134034242772,True,-0.3030963785892127,-0.07393520448666498,0.6413973578298768,0.002814155715795893,,483.1936927945229,0.1671138131510852,0.004485762244331115,0.002288647952713282,0.9556627750972311,0.5262147753381783
A0,c1_regen_s0,5,Q,STAYS AT C1,0.07902062334420622,-0.2242609209241436,0.07716216832765374,-0.22986337001409507,0.6564101659028699,0.13138908087245882,2.071052914016341,0.4388178305671514,0.16977004104111293,1.580862908561885,3.185971807500443,-0.22845598570909278,-0.23657143016341486,-0.16555219743791588,0.8500000000000001,0.6524776684727243,,-0.12808466805742794,-0.11858231156190148,0.7200613541378362,,594.6955432537846,,0.0980499010959397,0.0045872048909981755,0.01497217195072522,nan,0.4239591928709311
A0,c1_regen_s1,5,Q,STAYS AT C1,0.07530371331110125,-0.23546581910404657,0.07716216832765374,-0.22986337001409507,0.6564101659028699,0.13138908087245868,2.033883813685292,0.4388178305671514,0.16977004104111304,1.476792026937956,3.739709655353944,-0.2562217914815427,-0.23657143016341486,-0.16555219743791588,0.75,0.6603426633330156,,-0.12808466805742794,-0.11858231156190148,0.7200613541378362,,594.6955432537846,,0.15392598377087197,0.005569976538530863,0.012735114392203796,nan,0.4239591928709311
A0,c9_smooth_zero,5,Q,STAYS AT C1,0.07242458049088676,-0.22438383575496765,0.07716216832765374,-0.22986337001409507,0.6564101659028699,0.11215972992601589,2.005092485483147,0.5861870839102692,0.21595697754328402,1.5430962616501007,3.1716793483945134,-0.2334512304767859,-0.23657143016341486,-0.16555219743791588,0.95,0.6523098958358249,,-0.12808466805742794,-0.11858231156190148,0.7200613541378362,,594.6955432537846,,0.08604639003362147,0.003934595278890132,0.013796357308186727,nan,0.4239591928709311
A0,c9_scale_only,5,Q,STAYS AT C1,0.07242458049088667,-0.22438383575496856,0.07716216832765374,-0.22986337001409507,0.6564101659028699,0.1121597299260084,2.0050924854831456,0.5861870839102555,0.21595697754327803,1.5430962616501118,3.171679348394396,-0.23345123047678515,-0.23657143016341486,-0.16555219743791588,0.95,0.6523098958357947,,-0.12808466805742794,-0.11858231156190148,0.7200613541378362,,594.6955432537846,,0.08604639003361347,0.00393459527891539,0.013796357308188454,nan,0.4239591928709311
A0,c9_smooth_matched_s0,5,Q,STAYS AT C1,0.07286609858896519,-0.22372900463338966,0.07716216832765374,-0.22986337001409507,0.6564101659028699,0.10607569785677035,2.009507666463931,0.5733470122860783,0.22289671667061325,1.559605272613009,3.13742293199482,-0.2341169140816751,-0.23657143016341486,-0.16555219743791588,0.95,0.6518490971528506,True,-0.12808466805742794,-0.11858231156190148,0.7200613541378362,,594.6955432537846,,0.08566607568417073,0.003751314909866549,0.009030522917329377,1.0201796596446582,0.4239591928709311
A0,c9_smooth_matched_s1,5,Q,STAYS AT C1,0.06760452298464212,-0.2322594803738276,0.07716216832765374,-0.22986337001409507,0.6564101659028699,0.13242787254262825,1.9568919104207005,0.7569733934347167,0.2473752087573301,1.450413921307725,3.57352225734718,-0.24882408632351635,-0.23657143016341486,-0.16555219743791588,0.75,0.6585400580188463,True,-0.12808466805742794,-0.11858231156190148,0.7200613541378362,,594.6955432537846,,0.14457588659171572,0.005228878824405814,0.00746642913980539,1.009964608179433,0.4239591928709311
A0,c9_smooth_null,5,Q,STAYS AT C1,0.07253314268375491,-0.22431230006798053,0.07716216832765374,-0.22986337001409507,0.6564101659028699,0.11399375533696077,2.006178107411828,0.5657488772645616,0.18822933609810782,1.5488465930589956,3.18781043816135,-0.23193964214458346,-0.23657143016341486,-0.16555219743791588,0.95,0.6522749366871025,True,-0.12808466805742794,-0.11858231156190148,0.7200613541378362,,594.6955432537846,,0.09123372054535572,0.003975754734235129,0.013585796357729333,1.020257074973064,0.4239591928709311
A0,c9_fine_zero,5,Q,STAYS AT C1,0.07257122042903105,-0.22424446016974156,0.07716216832765374,-0.22986337001409507,0.6564101659028699,0.10980037729645578,2.0065588848645897,0.6733274877923584,0.21230283291164453,1.5447490617270618,3.1652922444299967,-0.23057952199650603,-0.23657143016341486,-0.16555219743791588,0.95,0.6505089683418261,,-0.12808466805742794,-0.11858231156190148,0.7200613541378362,,594.6955432537846,,0.08777833424902859,0.003597068270376383,0.015041528125913623,nan,0.4239591928709311
A0,c9_fine_matched_s0,5,Q,STAYS AT C1,0.0744919143646634,-0.22125228012611375,0.07716216832765374,-0.22986337001409507,0.6564101659028699,0.08611089887981316,2.025765824220913,0.6295957743281609,0.2462679119046618,1.5856936567241264,3.117952772156727,-0.22832887433618548,-0.23657143016341486,-0.16555219743791588,0.95,0.6484672239946186,True,-0.12808466805742794,-0.11858231156190148,0.7200613541378362,,594.6955432537846,,0.08782181778564224,0.0037276214288372023,0.008680054472274237,1.0213469126393737,0.4239591928709311
A0,c9_fine_matched_s1,5,Q,STAYS AT C1,0.06871383127373394,-0.22948160859818578,0.07716216832765374,-0.22986337001409507,0.6564101659028699,0.1525634468725176,1.967984993311619,0.8819386225495534,0.37401745492355415,1.5088145273202416,3.548414210660682,-0.24854207853226534,-0.23657143016341486,-0.16555219743791588,0.75,0.6567730153704991,True,-0.12808466805742794,-0.11858231156190148,0.7200613541378362,,594.6955432537846,,0.14431660514342415,0.005192415622339852,0.004486571717043854,1.0108957502205749,0.4239591928709311
A0,c9_fine_null,5,Q,STAYS AT C1,0.07248076332196289,-0.22398239893926203,0.07716216832765374,-0.22986337001409507,0.6564101659028699,0.10549938531232914,2.005654313793908,0.6444416644070533,0.21361310581121323,1.5262549915823895,3.1399674931289088,-0.22827885546323848,-0.23657143016341486,-0.16555219743791588,0.8500000000000001,0.6504160290754919,True,-0.12808466805742794,-0.11858231156190148,0.7200613541378362,,594.6955432537846,,0.09821631223869165,0.003771008835148193,0.016440502270958016,1.0208841667447703,0.4239591928709311
A0,c9_raw_zero,5,Q,STAYS AT C1,0.0720795442668004,-0.22424397356817918,0.07716216832765374,-0.22986337001409507,0.6564101659028699,0.0984375996003152,2.001642123242283,0.5834224189344019,0.2072711736496567,1.539639188795692,3.2586710359519997,-0.2294086442519812,-0.23657143016341486,-0.16555219743791588,0.95,0.6446543744509323,,-0.12808466805742794,-0.11858231156190148,0.7200613541378362,,594.6955432537846,,0.1394305737289887,0.00483967072152483,0.015512945014841304,nan,0.4239591928709311
A0,c9_raw_matched_s0,5,Q,STAYS AT C1,0.07538463190122877,-0.2155915079235189,0.07716216832765374,-0.22986337001409507,0.6564101659028699,0.14271862090576182,2.034692999586567,0.7953773658029323,0.3976616859641221,1.660975377641144,4.092416470242978,-0.22842705542270325,-0.23657143016341486,-0.16555219743791588,0.8500000000000001,0.6243742089032257,True,-0.12808466805742794,-0.11858231156190148,0.7200613541378362,,594.6955432537846,,0.3254824369838678,0.008473891940826261,0.010750067709907121,1.0353700102520254,0.4239591928709311
A0,c9_raw_matched_s1,5,Q,STAYS AT C1,0.07082021930562205,-0.2232750501248564,0.07716216832765374,-0.22986337001409507,0.6564101659028699,0.1802419433662794,1.9890488736304996,1.0789599267040997,0.20016860857265656,1.5834680765789808,3.30613569122381,-0.23377289119255815,-0.23657143016341486,-0.16555219743791588,0.8500000000000001,0.6357793490236896,True,-0.12808466805742794,-0.11858231156190148,0.7200613541378362,,594.6955432537846,,0.32806173878888156,0.009447255272529986,-0.001720875025260381,1.0229769883569753,0.4239591928709311
A0,c9_raw_null,5,Q,STAYS AT C1,0.0712439386854048,-0.2206290357458595,0.07716216832765374,-0.22986337001409507,0.6564101659028699,0.09234334268235583,1.9932860674283273,0.9081701153866011,0.22218508821201022,1.5500649616423978,3.2118177454871497,-0.23206673742498327,-0.23657143016341486,-0.16555219743791588,0.8500000000000001,0.6317288670395071,True,-0.12808466805742794,-0.11858231156190148,0.7200613541378362,,594.6955432537846,,0.24813088458157706,0.007731773771536887,0.020867622236584563,1.0293748563034746,0.4239591928709311
A0,c9_planted_A50,5,Q,OVERSHOOTS,0.4500945936027671,0.14308663236865943,0.07716216832765374,-0.22986337001409507,0.6564101659028699,3.7295000238275446,5.78179261660195,4.99863006325239,3.2811936491692593,4.517989124943675,6.527457531002311,0.024472298075450406,-0.23657143016341486,-0.16555219743791588,1.75,0.2511672232476144,False,-0.12808466805742794,-0.11858231156190148,0.7200613541378362,,3630.29498088225,,1.4315327497483636,0.024035270610756165,-0.019346065120230464,1.2032271916631654,0.4239591928709311
A0,driver_tau0_s0,5,Q,OFF-CURVE,-0.2190962137524339,-0.0863587497276149,0.07716216832765374,-0.22986337001409507,0.6564101659028699,2.962583820800876,0.9101154569500597,7.227459834414733,2.623678143888012,1.0948506761380916,4.923812204314186,-0.22782525319114533,-0.23657143016341486,-0.16555219743791588,0.45,0.8216633104653358,True,-0.12808466805742794,-0.11858231156190148,0.7200613541378362,0.007766550293674512,,0.0,0.20126980747481849,0.004807199025962161,-0.006831214376478966,0.9615075317022173,0.4239591928709311
A0,driver_tau0_s1,5,Q,OFF-CURVE,-0.21210483803819677,-0.09314804842356728,0.07716216832765374,-0.22986337001409507,0.6564101659028699,2.892670063658505,0.8402016998076883,6.728415492502402,2.5564494377358855,1.0276219699859652,4.424767862401852,-0.22291991468363107,-0.23657143016341486,-0.16555219743791588,0.45,0.8125957166492019,True,-0.12808466805742794,-0.11858231156190148,0.7200613541378362,0.007766550293674512,,0.0,0.19491833996865449,0.005436521495354674,0.005657683014888324,0.9617002966745519,0.4239591928709311
A0,driver_tau2_s0,5,Q,REPRODUCES,-0.1940249635572799,-0.11163753305109214,0.07716216832765374,-0.22986337001409507,0.6564101659028699,2.711871318849336,0.6594029549985198,5.447730344235164,2.522110154579995,0.9932826868300748,2.0575376262560736,-0.2027154521279197,-0.23657143016341486,-0.16555219743791588,0.45,0.8047531601023878,True,-0.12808466805742794,-0.11858231156190148,0.7200613541378362,0.004080456339448414,,2.0,0.16893073145237247,0.005886203959924452,0.017512540500486076,0.9655837238400568,0.4239591928709311
A0,driver_tau2_s1,5,Q,REPRODUCES,-0.19605511183087185,-0.10433207501180983,0.07716216832765374,-0.22986337001409507,0.6564101659028699,2.7321728015852558,0.6797044377344391,5.92368189484577,2.41147102743553,0.8826435596856096,3.6200342647452217,-0.2130320036734619,-0.23657143016341486,-0.16555219743791588,0.45,0.8111760534029866,True,-0.12808466805742794,-0.11858231156190148,0.7200613541378362,0.004080456339448414,,2.0,0.17782739193396502,0.005078572311109419,0.008492619172747972,0.9597113099018694,0.4239591928709311
A0,driver_tau5_s0,5,Q,REPRODUCES,-0.15643758625343324,-0.1361185587533388,0.07716216832765374,-0.22986337001409507,0.6564101659028699,2.3359975458108697,0.283529181960053,3.976353447599403,2.226179704176073,0.697352236426153,2.3432838496408466,-0.17184386713061817,-0.23657143016341486,-0.16555219743791588,0.45,0.7924121839322606,True,-0.12808466805742794,-0.11858231156190148,0.7200613541378362,0.0028046423034566496,,5.0,0.19811588218627696,0.007644297222302754,0.031213829796183302,0.9699220974396059,0.4239591928709311
A0,driver_tau5_s1,5,Q,REPRODUCES,-0.16570236398913155,-0.12516120698259176,0.07716216832765374,-0.22986337001409507,0.6564101659028699,2.428645323167853,0.3761769593170361,4.728918955795514,2.120999973497042,0.5921725057471215,2.4252713256949656,-0.19068438959091386,-0.23657143016341486,-0.16555219743791588,0.45,0.7863528793574465,True,-0.12808466805742794,-0.11858231156190148,0.7200613541378362,0.0028046423034566496,,5.0,0.1982399790628886,0.006573115526113282,0.007925941800808408,0.9710006808028798,0.4239591928709311
A0,driver_tau10_s0,5,Q,REPRODUCES,-0.10812689876514106,-0.17121283032729567,0.07716216832765374,-0.22986337001409507,0.6564101659028699,1.852890670927948,0.5263051876539419,2.0494824668594225,1.8177857049486283,0.5033723864146568,3.3095050879274046,-0.17184703748747532,-0.23657143016341486,-0.16555219743791588,0.75,0.7801857639999201,True,-0.12808466805742794,-0.11858231156190148,0.7200613541378362,0.002246997011821992,,10.0,0.13607979364606848,0.0044440703940302195,0.002473192589938425,0.9754949909351186,0.4239591928709311
A0,driver_tau10_s1,5,Q,REPRODUCES,-0.0996078667889388,-0.1642902740519172,0.07716216832765374,-0.22986337001409507,0.6564101659028699,1.7677003511659255,0.45707962490015724,2.655202778091602,1.6168144313395842,0.5494406337799085,1.3973438451839377,-0.1688325628552771,-0.23657143016341486,-0.16555219743791588,0.75,0.7717076063706664,True,-0.12808466805742794,-0.11858231156190148,0.7200613541378362,0.002246997011821992,,10.0,0.14780224163894218,0.004146308997612147,0.021059795430848304,0.9695806547671638,0.4239591928709311
A0,driver_tau20_s0,5,Q,REPRODUCES,-0.047454122167549,-0.1936849064771983,0.07716216832765374,-0.22986337001409507,0.6564101659028699,1.2461629049520273,0.8063054588987895,1.2177624196694012,1.2177624196694012,0.7706875694190042,3.2379918872223867,-0.21194431493812743,-0.23657143016341486,-0.16555219743791588,0.75,0.7428866223596904,True,-0.12808466805742794,-0.11858231156190148,0.7200613541378362,0.0019540966200670327,,20.0,0.09901359931888987,0.005610379261878351,-0.026066189412522593,0.9851750513217538,0.4239591928709311
A0,driver_tau20_s1,5,Q,REPRODUCES,-0.03783467115433609,-0.19697192379160797,0.07716216832765374,-0.22986337001409507,0.6564101659028699,1.1499683948198982,0.9024999690309184,1.797571300635363,1.055686179265272,0.6770248756776471,1.8377055961041877,-0.19789491087692387,-0.23657143016341486,-0.16555219743791588,0.75,0.7476448343127395,True,-0.12808466805742794,-0.11858231156190148,0.7200613541378362,0.0019540966200670327,,20.0,0.1281375557264064,0.0049592345738743715,0.009030947406993724,0.979244235997803,0.4239591928709311
A0,driver_tau40_s0,5,Q,STAYS AT C1,0.04187912277809538,-0.22504320343651346,0.07716216832765374,-0.22986337001409507,0.6564101659028699,0.3528304554955836,1.699637908355233,0.5663860367783182,0.5663860367783182,1.0473769228941983,3.3041218634313214,-0.23044153289312033,-0.23657143016341486,-0.16555219743791588,0.8500000000000001,0.7285328076526458,True,-0.12808466805742794,-0.11858231156190148,0.7200613541378362,0.001709858790645539,,40.0,0.08439183769540248,0.006485067586931181,-0.018959528564462935,0.9507424689705678,0.4239591928709311
A0,driver_tau40_s1,5,Q,STAYS AT C1,0.04378723506753633,-0.2229823236139484,0.07716216832765374,-0.22986337001409507,0.6564101659028699,0.33374933260117406,1.7187190312496425,1.5285111578639188,0.47101490214619646,1.0792312018410297,2.311738603212538,-0.23277388749041655,-0.23657143016341486,-0.16555219743791588,0.8500000000000001,0.7318338244916537,False,-0.12808466805742794,-0.11858231156190148,0.7200613541378362,0.001709858790645539,,40.0,0.07883999812580056,0.003978137880790322,-0.02049552222115006,0.9438889786661231,0.4239591928709311
A0,driver_tau80_s0,5,Q,STAYS AT C1,0.07346075522229725,-0.23038603517455714,0.07716216832765374,-0.22986337001409507,0.6564101659028699,0.2609953972126942,2.0154542327972518,0.39689788823674355,0.3474167557738704,1.2680894277343757,3.506152670185372,-0.24209194942145013,-0.23657143016341486,-0.16555219743791588,0.8500000000000001,0.6962078712966123,True,-0.12808466805742794,-0.11858231156190148,0.7200613541378362,0.0016499308627801667,,80.0,0.10258268022298367,0.0044755879593503245,-0.01257763498930758,0.9563393932737234,0.4239591928709311
A0,driver_tau80_s1,5,Q,STAYS AT C1,0.07987506128295602,-0.228628514372688,0.07716216832765374,-0.22986337001409507,0.6564101659028699,0.22111605430530493,2.0795972934038396,1.6898655518487127,0.47510550700798204,1.3348313634320774,3.2651283279209053,-0.2571981512543375,-0.23657143016341486,-0.16555219743791588,0.75,0.706689670665612,False,-0.12808466805742794,-0.11858231156190148,0.7200613541378362,0.0016499308627801667,,80.0,0.09680900568035744,0.004219837328961584,0.0017582537512590005,0.9494754587746597,0.4239591928709311
A0,driver_tauc1_s0,5,Q,STAYS AT C1,0.12964192933309088,-0.2309402047341738,0.07716216832765374,-0.22986337001409507,0.6564101659028699,0.5247976100543713,2.577265973905188,0.7725260032607658,0.3577338657727691,1.6136813099752907,4.235366734687959,-0.25638364897333504,-0.23657143016341486,-0.16555219743791588,0.75,0.661336703144039,True,-0.12808466805742794,-0.11858231156190148,0.7200613541378362,0.0019765854310635697,,594.6955432537846,0.23212324376204396,0.007203626548496489,-0.028491943474466947,0.9505050272038467,0.4239591928709311
A0,driver_tauc1_s1,5,Q,STAYS AT C1,0.1155898298921391,-0.22704301153783318,0.07716216832765374,-0.22986337001409507,0.6564101659028699,0.3842766156448536,2.43674497949567,2.133701073844921,0.4129563600685956,1.5490979561788254,4.43734870394547,-0.2384761713544501,-0.23657143016341486,-0.16555219743791588,0.75,0.6695854500573901,False,-0.12808466805742794,-0.11858231156190148,0.7200613541378362,0.0019765854310635697,,594.6955432537846,0.19481496641583007,0.005911757610747581,-0.014682986703502134,0.9483654435977806,0.4239591928709311
A0,c1_regen_s0,5,K,STAYS AT C1,0.20300914100713482,-0.22223677779078224,0.18163227091226114,-0.2239667115982824,0.6752266487337483,0.21376870094873685,2.816630607432584,0.36051395261978464,0.2217103595182939,1.9179842941719005,3.079002438490534,-0.23400639428118183,-0.2512299607180769,-0.15025344956085335,0.75,0.6760464341834878,,-0.0786539197361236,-0.1201652684406917,0.787175774725001,,711.6363991637761,,0.08433102839192319,0.0043360122976778825,0.013603696749326556,nan,0.373173089030914
A0,c1_regen_s1,5,K,STAYS AT C1,0.16025540081738748,-0.22569664540578258,0.18163227091226114,-0.2239667115982824,0.6752266487337483,0.21376870094873657,2.3890932055351106,0.36051395261978536,0.22171035951829385,2.56592050384404,2.56592050384404,-0.268453527154972,-0.2512299607180769,-0.15025344956085335,0.75,0.6744068632840088,,-0.0786539197361236,-0.1201652684406917,0.787175774725001,,675.6292185391962,,0.16132278180018877,0.004586990797626644,0.01389156479556382,nan,0.373173089030914
A0,c9_smooth_zero,5,K,STAYS AT C1,0.19095504720030199,-0.22363643222324844,0.18163227091226114,-0.2239667115982824,0.6752266487337483,0.09322776288040846,2.6960896693642553,0.304607982807108,0.21985169238351052,2.7297521782074545,2.7297521782074545,-0.2411816821559204,-0.2512299607180769,-0.15025344956085335,0.8500000000000001,0.6765472412448689,,-0.0786539197361236,-0.1201652684406917,0.787175774725001,,711.6363991637761,,0.07735460230581293,0.004031260643914347,0.013771586680453935,nan,0.373173089030914
A0,c9_scale_only,5,K,STAYS AT C1,0.19095504720030135,-0.22363643222324756,0.18163227091226114,-0.2239667115982824,0.6752266487337483,0.09322776288040208,2.696089669364249,0.3046079828069881,0.21985169238350794,2.729752178207518,2.729752178207518,-0.24118168215592126,-0.2512299607180769,-0.15025344956085335,0.8500000000000001,0.6765472412448684,,-0.0786539197361236,-0.1201652684406917,0.787175774725001,,711.6363991637761,,0.0773546023058187,0.004031260643856283,0.013771586680456282,nan,0.373173089030914
A0,c9_smooth_matched_s0,5,K,STAYS AT C1,0.19098923440926002,-0.2235241074671454,0.18163227091226114,-0.2239667115982824,0.6752266487337483,0.09356963496998882,2.6964315414538365,0.32390011645505146,0.21959148819781948,2.7229840775946883,2.7229840775946883,-0.24113575986453692,-0.2512299607180769,-0.15025344956085335,0.8500000000000001,0.6770133238546343,True,-0.0786539197361236,-0.1201652684406917,0.787175774725001,,711.6363991637761,,0.07782450520674189,0.003201886194218795,0.010225648250552007,1.016594513413092,0.373173089030914
A0,c9_smooth_matched_s1,5,K,STAYS AT C1,0.19029040764846575,-0.2256178893047086,0.18163227091226114,-0.2239667115982824,0.6752266487337483,0.2725835612544965,2.6894432738458933,0.5509656974413306,0.27776942536313937,2.1132941988326697,2.4071260929110423,-0.236441497347655,-0.2512299607180769,-0.15025344956085335,0.75,0.6751827609269134,True,-0.0786539197361236,-0.1201652684406917,0.787175774725001,,714.2079285361866,,0.13558143386279564,0.004934703232829629,0.0030233487599350363,1.0101009991175047,0.373173089030914
A0,c9_smooth_null,5,K,STAYS AT C1,0.19137768872373256,-0.22319953567547435,0.18163227091226114,-0.2239667115982824,0.6752266487337483,0.09745417811471424,2.700316084598562,0.26098188685960433,0.1795702436251671,2.754874489767689,2.754874489767689,-0.24009831553427174,-0.2512299607180769,-0.15025344956085335,0.8500000000000001,0.676857920723519,True,-0.0786539197361236,-0.1201652684406917,0.787175774725001,,711.6363991637761,,0.0808099185263087,0.004057869263774827,0.013896466745900093,1.0169912580433953,0.373173089030914
A0,c9_fine_zero,5,K,STAYS AT C1,0.1896705248015429,-0.22475478564382428,0.18163227091226114,-0.2239667115982824,0.6752266487337483,0.08038253889281755,2.6832444453766646,0.22843965844833874,0.21039204337163842,2.4358202378256615,2.6822429418374325,-0.23599797767932057,-0.2512299607180769,-0.15025344956085335,0.8500000000000001,0.6755459718261874,,-0.0786539197361236,-0.1201652684406917,0.787175774725001,,711.6363991637761,,0.0778870643181322,0.0036425268735972294,0.01577356700735829,nan,0.373173089030914
A0,c9_fine_matched_s0,5,K,STAYS AT C1,0.19029331913838535,-0.22359436169265862,0.18163227091226114,-0.2239667115982824,0.6752266487337483,0.08661048226124207,2.6894723887450893,0.2561615017499197,0.22640823533623836,2.5182634671328588,2.748248043966196,-0.23515752945285856,-0.2512299607180769,-0.15025344956085335,0.8500000000000001,0.6745556008662128,True,-0.0786539197361236,-0.1201652684406917,0.787175774725001,,711.6363991637761,,0.08308173875989677,0.002917155916243863,0.009474647200330715,1.0169928122498855,0.373173089030914
A0,c9_fine_matched_s1,5,K,STAYS AT C1,0.19500127911205914,-0.22014897080318538,0.18163227091226114,-0.2239667115982824,0.6752266487337483,0.16147196672593775,2.736551988481827,1.6761513408775712,0.4485444509487389,2.1306089433457878,4.39463982674832,-0.23969168243291863,-0.2512299607180769,-0.15025344956085335,0.8500000000000001,0.6697546451758011,True,-0.0786539197361236,-0.1201652684406917,0.787175774725001,,714.3215862532749,,0.05497895929870422,0.004744484775364377,-0.0023855366589061516,1.020679771365081,0.373173089030914
A0,c9_fine_null,5,K,STAYS AT C1,0.1903933989572464,-0.22322039121789233,0.18163227091226114,-0.2239667115982824,0.6752266487337483,0.08761128044985272,2.6904731869337,0.32472430140196695,0.18593192336977327,2.4892855133999636,2.7185820669347636,-0.23630464792183864,-0.2512299607180769,-0.15025344956085335,0.8500000000000001,0.6744291590426658,True,-0.0786539197361236,-0.1201652684406917,0.787175774725001,,711.6363991637761,,0.0845103686355424,0.003523799815769002,0.015178659052558625,1.017410927947947,0.373173089030914
A0,c9_raw_zero,5,K,STAYS AT C1,0.1899651217147504,-0.22454609136700174,0.18163227091226114,-0.2239667115982824,0.6752266487337483,0.08332850802489272,2.68619041450874,0.3415440103292986,0.3415440103292986,1.8768314159843555,3.0320626179603103,-0.23511341968403973,-0.2512299607180769,-0.15025344956085335,0.8500000000000001,0.6700252199286221,,-0.0786539197361236,-0.1201652684406917,0.787175774725001,,711.6363991637761,,0.1235872466579302,0.0043239257791019,0.00960955637556285,nan,0.373173089030914
A0,c9_raw_matched_s0,5,K,STAYS AT C1,0.19001592334813155,-0.21993756154525346,0.18163227091226114,-0.2239667115982824,0.6752266487337483,0.08477373952922342,2.686698430842551,2.2342058682864248,0.31117466288421347,2.017102596181355,4.898465764560425,-0.23340885326328978,-0.2512299607180769,-0.15025344956085335,0.8500000000000001,0.6491563938729232,True,-0.0786539197361236,-0.1201652684406917,0.787175774725001,,711.6363991637761,,0.33878208472599347,0.008878786740022626,0.0009948835872384655,1.032227289183263,0.373173089030914
A0,c9_raw_matched_s1,5,K,STAYS AT C1,0.2052020115849543,-0.21089116243667408,0.18163227091226114,-0.2239667115982824,0.6752266487337483,0.23569740672693157,2.8385593132107787,0.7650478693367149,0.45834929761079723,1.9996545177287814,2.8935212618015465,-0.23009132215791897,-0.2512299607180769,-0.15025344956085335,0.75,0.645803369905225,True,-0.0786539197361236,-0.1201652684406917,0.787175774725001,,725.6029236014297,,0.27092951944812427,0.008407785569585102,-0.01927812835013601,1.0134519257173247,0.373173089030914
A0,c9_raw_null,5,K,STAYS AT C1,0.1901281045051975,-0.22233108120897724,0.18163227091226114,-0.2239667115982824,0.6752266487337483,0.08495833592936347,2.6878202424132107,1.0378967651593234,0.3566783480516236,2.0040192106251173,3.7021566614333232,-0.23714554427792295,-0.2512299607180769,-0.15025344956085335,0.8500000000000001,0.6523428905590059,True,-0.0786539197361236,-0.1201652684406917,0.787175774725001,,711.6363991637761,,0.3039865117930973,0.0088080704240725,0.010387969734750218,1.029423107332955,0.373173089030914
A0,c9_planted_A50,5,K,OVERSHOOTS,0.5362180219136734,0.2613630599024496,0.18163227091226114,-0.2239667115982824,0.6752266487337483,4.85329771500732,6.148719416497969,4.368493416938263,3.4117545999810446,4.530035535142076,7.032753313212265,0.13009233499748807,-0.2512299607180769,-0.15025344956085335,1.9500000000000002,0.24509346136724397,False,-0.0786539197361236,-0.1201652684406917,0.787175774725001,,8250.499553362206,,0.6247897128457454,0.024878409870395524,0.0009323639371081145,1.2293233578722547,0.373173089030914
A0,driver_tau0_s0,5,K,PARTIAL,-0.16987141989756788,-0.09421864167305904,0.18163227091226114,-0.2239667115982824,0.6752266487337483,3.51503690809829,0.9121750016144428,6.847797828767538,2.6277457220188323,1.3747329610641443,4.129309342896789,-0.20934503393676318,-0.2512299607180769,-0.15025344956085335,0.45,0.8912273068448447,True,-0.0786539197361236,-0.1201652684406917,0.787175774725001,0.0066104626050166775,,0.0,0.24143089204249302,0.005781010182362267,-0.014053164666682851,0.9720397164360011,0.373173089030914
A0,driver_tau0_s1,5,K,PARTIAL,-0.17199871498468033,-0.08641226763754085,0.18163227091226114,-0.2239667115982824,0.6752266487337483,3.5363098589694144,0.9334479524855673,7.502357615480568,2.6521603276619414,1.4048353637827895,4.783869129609819,-0.17413152171023433,-0.2512299607180769,-0.15025344956085335,0.35000000000000003,0.9150386314200936,True,-0.0786539197361236,-0.1201652684406917,0.787175774725001,0.0066104626050166775,,0.0,0.1879687233362728,0.005883425101321782,0.021546831047052382,0.9630903645908052,0.373173089030914
A0,driver_tau2_s0,5,K,PARTIAL,-0.16682311975593175,-0.08835424268227932,0.18163227091226114,-0.2239667115982824,0.6752266487337483,3.4845539066819287,0.8816920001980816,5.755327682182152,2.6308830015871,1.3117828278437413,3.0368391963114028,-0.1774867385952253,-0.2512299607180769,-0.15025344956085335,0.45,0.8980348495777816,True,-0.0786539197361236,-0.1201652684406917,0.787175774725001,0.0034695480787223236,,2.0,0.20540478100696946,0.005656377517906291,-0.013946403733473462,0.9755757474190423,0.373173089030914
A0,driver_tau2_s1,5,K,PARTIAL,-0.151721856040191,-0.10458687341360821,0.18163227091226114,-0.2239667115982824,0.6752266487337483,3.3335412695245212,0.730679363040674,6.070491000326771,2.5202477593574013,1.3733523890330006,3.3520025144560215,-0.1543446364645533,-0.2512299607180769,-0.15025344956085335,0.35000000000000003,0.9058920234280917,True,-0.0786539197361236,-0.1201652684406917,0.787175774725001,0.0034695480787223236,,2.0,0.218357032170315,0.006745786548374488,-0.00911873761299663,0.9661847142731338,0.373173089030914
A0,driver_tau5_s0,5,K,REPRODUCES,-0.11736717026289417,-0.12100341163792747,0.18163227091226114,-0.2239667115982824,0.6752266487337483,2.989994411751553,0.38713250526770576,3.666264243916559,2.3097625975019405,0.7860269531563909,0.9477757580458095,-0.16365810175203155,-0.2512299607180769,-0.15025344956085335,0.45,0.867613479358095,True,-0.0786539197361236,-0.1201652684406917,0.787175774725001,0.002386680872835388,,5.0,0.17885781137458068,0.005794171424891081,-0.014212074106106828,0.9840591057273642,0.373173089030914
A0,driver_tau5_s1,5,K,PARTIAL,-0.11604067592230037,-0.13003489506878296,0.18163227091226114,-0.2239667115982824,0.6752266487337483,2.976729468345615,0.3738675618617677,4.680709629246,2.300000709934507,1.0300321461218929,1.9622211433752512,-0.12957600813638603,-0.2512299607180769,-0.15025344956085335,0.75,0.8833805001119734,True,-0.0786539197361236,-0.1201652684406917,0.787175774725001,0.002386680872835388,,5.0,0.17845129149424688,0.005242805739646694,-0.01869813667742039,0.9715771405304229,0.373173089030914
A0,driver_tau10_s0,5,K,REPRODUCES,-0.04421274702766877,-0.16355141867152986,0.18163227091226114,-0.2239667115982824,0.6752266487337483,2.258450179399299,0.43386150230838166,2.849210304160842,1.8111768525102938,0.6995135503613916,0.8770139082397999,-0.1656607813936334,-0.2512299607180769,-0.15025344956085335,0.75,0.8391846105717917,True,-0.0786539197361236,-0.1201652684406917,0.787175774725001,0.0019006474090706182,,10.0,0.10451752379682189,0.006116276347180316,-0.01454199897995274,0.9860694553618958,0.373173089030914
A0,driver_tau10_s1,5,K,REPRODUCES,-0.055121814139797,-0.16145325897034274,0.18163227091226114,-0.2239667115982824,0.6752266487337483,2.367540850520581,0.4128799052965104,3.494189280996254,1.916171753897764,0.6337661405472794,0.9481349452421621,-0.1612854097881375,-0.2512299607180769,-0.15025344956085335,0.75,0.8583561666998949,True,-0.0786539197361236,-0.1201652684406917,0.787175774725001,0.0019006474090706182,,10.0,0.158482086385078,0.005606517104126185,0.011557496459188589,0.9756950112404366,0.373173089030914
A0,driver_tau20_s0,5,K,OVERSHOOTS,0.030588706905163767,-0.1910153508688613,0.18163227091226114,-0.2239667115982824,0.6752266487337483,1.5104356400709735,1.0924262664128737,2.1850040097687846,1.367510748361765,0.8108317838686195,2.2094730333297594,-0.19393477960127203,-0.2512299607180769,-0.15025344956085335,0.75,0.808113249772902,True,-0.0786539197361236,-0.1201652684406917,0.787175774725001,0.0016438177590605064,,20.0,0.1358533784439473,0.005391401198448109,-0.017767772389884962,0.9853096498804886,0.373173089030914
A0,driver_tau20_s1,5,K,OVERSHOOTS,0.03554697510316708,-0.20496678686123096,0.18163227091226114,-0.2239667115982824,0.6752266487337483,1.4608529580909406,1.1420089483929068,2.1156423184915107,1.3214275936371929,0.932121953911384,0.932121953911384,-0.2079612297274415,-0.2512299607180769,-0.15025344956085335,0.6500000000000001,0.8148924163809852,True,-0.0786539197361236,-0.1201652684406917,0.787175774725001,0.0016438177590605064,,20.0,0.17492119509346304,0.004851186674265873,0.0012388660912447298,0.9805161043757415,0.373173089030914
A0,driver_tau40_s0,5,K,STAYS AT C1,0.12252677553650423,-0.20690626010700217,0.18163227091226114,-0.2239667115982824,0.6752266487337483,0.591054953757569,2.0118069527262783,1.455594923349021,0.7766271845945073,1.2086649729249792,2.850561407928416,-0.21783100004922598,-0.2512299607180769,-0.15025344956085335,0.75,0.7699621533025156,True,-0.0786539197361236,-0.1201652684406917,0.787175774725001,0.0014645173590437431,,40.0,0.1283003232152895,0.005736163128094163,-0.016440109644851875,0.9679762158475516,0.373173089030914
A0,driver_tau40_s1,5,K,STAYS AT C1,0.13325037202453216,-0.2179676452873845,0.18163227091226114,-0.2239667115982824,0.6752266487337483,0.4838189888772898,2.1190429176065573,1.838270575814085,0.722247319692633,1.2710771876794829,1.615611381218962,-0.23477318334225017,-0.2512299607180769,-0.15025344956085335,0.6500000000000001,0.7789273997289434,True,-0.0786539197361236,-0.1201652684406917,0.787175774725001,0.0014645173590437431,,40.0,0.09927442178499168,0.004432944719176879,0.000309427309211864,0.9609309752338602,0.373173089030914
A0,driver_tau80_s0,5,K,STAYS AT C1,0.18200621231967004,-0.2161543137390462,0.18163227091226114,-0.2239667115982824,0.6752266487337483,0.17096940030427699,2.606601320557936,0.8899414724214002,0.4099040750465479,1.8013411651965359,2.973859664067496,-0.22667915721039256,-0.2512299607180769,-0.15025344956085335,0.75,0.7352847918907219,True,-0.0786539197361236,-0.1201652684406917,0.787175774725001,0.0014090844868014534,,80.0,0.06946146213184967,0.004029253519390319,0.0013901216890285055,0.967647525268452,0.373173089030914
A0,driver_tau80_s1,5,K,STAYS AT C1,0.18077671986731034,-0.21157849402807558,0.18163227091226114,-0.2239667115982824,0.6752266487337483,0.12388217570206833,2.594306396034339,1.388665054896786,0.3877235738599235,1.6922573423702256,2.2572566512491683,-0.2238671991332756,-0.2512299607180769,-0.15025344956085335,0.8500000000000001,0.7333418167285496,True,-0.0786539197361236,-0.1201652684406917,0.787175774725001,0.0014090844868014534,,80.0,0.08584927891009375,0.0051887022653039905,-0.010920638081754893,0.9742455362138916,0.373173089030914
A0,driver_tauc1_s0,5,K,STAYS AT C1,0.22260354736226956,-0.2141698032376903,0.18163227091226114,-0.2239667115982824,0.6752266487337483,0.4097127645000842,3.012574670983932,2.505736400160488,0.2530385003195813,1.8126402009382796,4.349237985978507,-0.23205321255418176,-0.2512299607180769,-0.15025344956085335,0.8500000000000001,0.6772790076477407,True,-0.0786539197361236,-0.1201652684406917,0.787175774725001,0.0016613255123950137,,711.6363991637761,0.20933299490218893,0.005946181512493376,0.002438343026689901,0.9669308133734875,0.373173089030914
A0,driver_tauc1_s1,5,K,STAYS AT C1,0.22723336235817915,-0.22281368875533306,0.18163227091226114,-0.2239667115982824,0.6752266487337483,0.4560109144591801,3.058872820943027,3.301658623556982,0.26619875737004384,1.8812169333567168,3.908510744945934,-0.23616507523848207,-0.2512299607180769,-0.15025344956085335,0.75,0.6952804177002014,True,-0.0786539197361236,-0.1201652684406917,0.787175774725001,0.0016613255123950137,,711.6363991637761,0.21450316895816934,0.006025075667764002,-0.005529665144303016,0.9522353541969258,0.373173089030914
A0,c1_regen_s0,5,O,STAYS AT C1,-0.013541708732244709,-0.2253844748484628,-0.011986227535026182,-0.23284533056242301,0.633804332830746,0.07460855713960213,2.5398132045799593,1.0435731788154134,0.15618236826532267,1.8271038416018879,2.724820943899546,-0.25235307974103677,-0.2527615356490094,-0.2788644184756339,0.8500000000000001,0.6338982814789513,,-0.2675230291902406,-0.09290978656978094,0.6854757808178635,,511.34702102999364,,0.06206127559891428,0.003622797033141556,-0.0134528377408457,nan,0.49306367721466715
A0,c1_regen_s1,5,O,STAYS AT C1,-0.010430746337807653,-0.2403061862763832,-0.011986227535026182,-0.23284533056242301,0.633804332830746,0.07460855713960185,2.5709228285243295,1.0435731788154128,0.15618236826532272,1.681578514696828,2.055785135359338,-0.253169991556982,-0.2527615356490094,-0.2788644184756339,0.8500000000000001,0.6337103841825407,,-0.2675230291902406,-0.09290978656978094,0.6854757808178635,,511.34702102999364,,0.10623371874342347,0.0048755535491690205,0.011532060585477857,nan,0.49306367721466715
A0,c9_smooth_zero,5,O,STAYS AT C1,-0.01791889716460362,-0.22261247955707414,-0.011986227535026182,-0.23284533056242301,0.633804332830746,0.10232851005348875,2.49604132025637,1.7277791431993603,0.17818998998671695,1.7388543118570863,2.6924107222549516,-0.2403776051385122,-0.2527615356490094,-0.2788644184756339,0.8500000000000001,0.631575412181073,,-0.2675230291902406,-0.09290978656978094,0.6854757808178635,,511.34702102999364,,0.0381301559545042,0.0031053548251298024,-0.016670750235034205,nan,0.49306367721466715
A0,c9_scale_only,5,O,STAYS AT C1,-0.017918897164603816,-0.22261247955707414,-0.011986227535026182,-0.23284533056242301,0.633804332830746,0.10232851005348875,2.496041320256368,1.7277791431995158,0.17818998998671168,1.7388543118570852,2.692410722254972,-0.24037760513851233,-0.2527615356490094,-0.2788644184756339,0.8500000000000001,0.6315754121810571,,-0.2675230291902406,-0.09290978656978094,0.6854757808178635,,511.34702102999364,,0.03813015595450775,0.0031053548250355445,-0.016670750235031798,nan,0.49306367721466715
A0,c9_smooth_matched_s0,5,O,STAYS AT C1,-0.0174807213396747,-0.22204733414508693,-0.011986227535026182,-0.23284533056242301,0.633804332830746,0.10797996417336087,2.500423078505659,1.7013079529238606,0.17326887618761305,1.7429343857645827,2.691230063683607,-0.2392209291321437,-0.2527615356490094,-0.2788644184756339,0.8500000000000001,0.6313738567832696,True,-0.2675230291902406,-0.09290978656978094,0.6854757808178635,,511.34702102999364,,0.03717008162159274,0.003380827854192303,-0.0162794152006115,0.9659527857499925,0.49306367721466715
A0,c9_smooth_matched_s1,5,O,STAYS AT C1,-0.015427804488721242,-0.23919226683939315,-0.011986227535026182,-0.23284533056242301,0.633804332830746,0.07558326393010004,2.520952247015194,1.1003743909174744,0.2208569172536144,1.707570010802321,1.9873151274581047,-0.2660947959166245,-0.2527615356490094,-0.2788644184756339,0.75,0.6360477425888519,True,-0.2675230291902406,-0.09290978656978094,0.6854757808178635,,511.34702102999364,,0.07779745122649073,0.003803658392691922,0.009409757602310683,0.9554581729889204,0.49306367721466715
A0,c9_smooth_null,5,O,STAYS AT C1,-0.017727702169921727,-0.22258059745911588,-0.011986227535026182,-0.23284533056242301,0.633804332830746,0.10264733103307139,2.497953270203189,1.2196841795249957,0.17550089929813265,1.7125352538751237,2.6749010125703805,-0.2449541027776728,-0.2527615356490094,-0.2788644184756339,0.75,0.6317794643215009,True,-0.2675230291902406,-0.09290978656978094,0.6854757808178635,,511.34702102999364,,0.041665405377617315,0.0034802223884826677,-0.016668796311132952,0.9660915457483877,0.49306367721466715
A0,c9_fine_zero,5,O,STAYS AT C1,-0.01895836033629261,-0.22285000350040216,-0.011986227535026182,-0.23284533056242301,0.633804332830746,0.09995327062020859,2.48564668853948,1.020724666181104,0.19126912899160436,1.761567995289852,2.6599035839383944,-0.2516635185399002,-0.2527615356490094,-0.2788644184756339,0.8500000000000001,0.6323469283746578,,-0.2675230291902406,-0.09290978656978094,0.6854757808178635,,511.34702102999364,,0.03485765386260997,0.003149165980763091,-0.0161598932030162,nan,0.49306367721466715
A0,c9_fine_matched_s0,5,O,STAYS AT C1,-0.01783892701986975,-0.221376354608962,-0.011986227535026182,-0.23284533056242301,0.633804332830746,0.11468975953461025,2.4968410217037085,0.8873517385035079,0.1463235620519792,1.7834823643410684,2.594312791586102,-0.25002685353340226,-0.2527615356490094,-0.2788644184756339,0.8500000000000001,0.6307076093781818,True,-0.2675230291902406,-0.09290978656978094,0.6854757808178635,,511.34702102999364,,0.03508477971677326,0.0030919355169320983,-0.015469083862379395,0.9657831574245003,0.49306367721466715
A0,c9_fine_matched_s1,5,O,STAYS AT C1,-0.015528081953538544,-0.23817548049363255,-0.011986227535026182,-0.23284533056242301,0.633804332830746,0.0869109455200219,2.5199494723670206,2.1488703176493207,0.1447086765149376,1.714803232790366,2.0199341203586876,-0.24870061286717537,-0.2527615356490094,-0.2788644184756339,0.8500000000000001,0.6352704202533237,True,-0.2675230291902406,-0.09290978656978094,0.6854757808178635,,511.34702102999364,,0.0790374774535727,0.0037381886819627397,0.010766539065018895,0.955680038102827,0.49306367721466715
A0,c9_fine_null,5,O,STAYS AT C1,-0.018246430484414673,-0.22212837706268912,-0.011986227535026182,-0.23284533056242301,0.633804332830746,0.10716953499733894,2.4927659870582595,0.7519369483930483,0.17018408426264325,1.7486424108566654,2.64157669848022,-0.2481100271388206,-0.2527615356490094,-0.2788644184756339,0.8500000000000001,0.6305765136831277,True,-0.2675230291902406,-0.09290978656978094,0.6854757808178635,,511.34702102999364,,0.03896028111777783,0.0031911864537396695,-0.017267714691167932,0.9660935236970452,0.49306367721466715
A0,c9_raw_zero,5,O,STAYS AT C1,-0.019735074206568733,-0.22243096969045187,-0.011986227535026182,-0.23284533056242301,0.633804332830746,0.10414360871971146,2.477879549836719,1.1055102781259172,0.20886666102921791,1.8501999619304008,2.6243598141892464,-0.2563224860394609,-0.2527615356490094,-0.2788644184756339,0.8500000000000001,0.6281783265777977,,-0.2675230291902406,-0.09290978656978094,0.6854757808178635,,511.34702102999364,,0.0806003329918048,0.004201645324883652,-0.01441583577555536,nan,0.49306367721466715
A0,c9_raw_matched_s0,5,O,STAYS AT C1,-0.018368029228848667,-0.21727962192447778,-0.011986227535026182,-0.23284533056242301,0.633804332830746,0.15565708637945236,2.491549999613919,1.9414894755747374,0.22080951232836174,1.9241321327892995,2.4025460305496735,-0.24339597944881158,-0.2527615356490094,-0.2788644184756339,0.8500000000000001,0.6149545309333828,True,-0.2675230291902406,-0.09290978656978094,0.6854757808178635,,511.34702102999364,,0.2358651732689876,0.007212293117409119,-0.011283634739142111,0.9760780434008427,0.49306367721466715
A0,c9_raw_matched_s1,5,O,STAYS AT C1,-0.015855338104403885,-0.23309098271362458,-0.011986227535026182,-0.23284533056242301,0.633804332830746,0.11493022972200673,2.5166769108583673,0.8848317694416926,0.2529323282430587,1.96917561494014,1.96917561494014,-0.2448608023286391,-0.2527615356490094,-0.2788644184756339,0.95,0.6120271195215657,True,-0.2675230291902406,-0.09290978656978094,0.6854757808178635,,511.34702102999364,,0.31018948864181395,0.008915171897382779,-0.00952290951352782,0.9672254247309712,0.49306367721466715
A0,c9_raw_null,5,O,STAYS AT C1,-0.018939538333615506,-0.22036655374456465,-0.011986227535026182,-0.23284533056242301,0.633804332830746,0.12478776817858361,2.4858349085662512,1.0168044712220268,0.1906617339981534,1.911699447279338,2.909706408985617,-0.2474583889789053,-0.2527615356490094,-0.2788644184756339,0.8500000000000001,0.61929362535372,True,-0.2675230291902406,-0.09290978656978094,0.6854757808178635,,511.34702102999364,,0.1827724307028693,0.006403936845760544,-0.022182133350007516,0.9733981950460601,0.49306367721466715
A0,c9_planted_A50,5,O,OVERSHOOTS,0.3489866537488933,0.06245308435979025,-0.011986227535026182,-0.23284533056242301,0.633804332830746,3.609728812839195,6.165096829391339,4.01335888867065,2.99919453363312,4.253059387469688,4.321249938777875,1.4291560693229873e-05,-0.2527615356490094,-0.2788644184756339,1.85,0.24932344494102715,False,-0.2675230291902406,-0.09290978656978094,0.6854757808178635,,2132.833657110812,,1.9150232640568605,0.027170930928261727,-0.015278009647029371,1.1630276586106718,0.49306367721466715
A0,driver_tau0_s0,5,O,REPRODUCES,-0.2465669034046495,-0.08514337356563356,-0.011986227535026182,-0.23284533056242301,0.633804332830746,2.345806758696233,0.20956125785591112,6.527604280134559,2.375524951458819,0.1759529803361428,4.137301240505117,-0.25003739915646206,-0.2527615356490094,-0.2788644184756339,0.45,0.7239370673715866,False,-0.2675230291902406,-0.09290978656978094,0.6854757808178635,0.009982950594086886,,0.0,0.2466580906953153,0.0068307863678594705,-0.007483216651345404,0.939015305468967,0.49306367721466715
A0,driver_tau0_s1,5,O,REPRODUCES,-0.255574966864954,-0.09481611543785833,-0.011986227535026182,-0.23284533056242301,0.633804332830746,2.435887393299278,0.15475759843802894,4.777007182594752,2.3643106177487674,0.4231771838785031,2.3867041429653097,-0.27988406004232547,-0.2527615356490094,-0.2788644184756339,0.55,0.6979201443940342,True,-0.2675230291902406,-0.09290978656978094,0.6854757808178635,0.009982950594086886,,0.0,0.2576801799855586,0.0062155545852756455,-0.00945968015881658,0.9823523651125948,0.49306367721466715
A0,driver_tau2_s0,5,O,REPRODUCES,-0.24441893106106222,-0.1001493756628207,-0.011986227535026182,-0.23284533056242301,0.633804332830746,2.32432703526036,0.23104098129178408,5.558553801048937,2.346165855583447,0.24772956142106864,3.1682507614194955,-0.25880282170144014,-0.2527615356490094,-0.2788644184756339,0.55,0.7186498987607506,True,-0.2675230291902406,-0.09290978656978094,0.6854757808178635,0.0049305796078506735,,2.0,0.2288561967871683,0.006381420076506328,-0.008663084377129562,0.9508337541205989,0.49306367721466715
A0,driver_tau2_s1,5,O,REPRODUCES,-0.23333709787265386,-0.10199371094608853,-0.011986227535026182,-0.23284533056242301,0.633804332830746,2.213508703376277,0.34185931317586765,5.5683843103209165,2.5249856563724324,0.29360833259773367,2.7241609751398634,-0.2640406206549187,-0.2527615356490094,-0.2788644184756339,0.55,0.7099269903651738,False,-0.2675230291902406,-0.09290978656978094,0.6854757808178635,0.0049305796078506735,,2.0,0.1965003472941289,0.004773785764781713,-0.00497809015729131,0.9471663544386731,0.49306367721466715
A0,driver_tau5_s0,5,O,REPRODUCES,-0.21175048010999808,-0.1261498748543031,-0.011986227535026182,-0.23284533056242301,0.633804332830746,1.997642525749719,0.5577254908024254,4.682333578514451,1.961164783284124,0.42311257256694196,2.292030538885009,-0.23309343259120377,-0.2527615356490094,-0.2788644184756339,0.55,0.7095237466153077,True,-0.2675230291902406,-0.09290978656978094,0.6854757808178635,0.003397204646914895,,5.0,0.14539093590055208,0.004016176431066887,-0.02341824922939895,0.9570906515722608,0.49306367721466715
A0,driver_tau5_s1,5,O,REPRODUCES,-0.2138413200329678,-0.12939115926460054,-0.011986227535026182,-0.23284533056242301,0.633804332830746,2.018550924979416,0.5368170915727283,3.4235008113233,2.1092326100156873,0.3647197712777637,2.009684008659894,-0.23472354681987015,-0.2527615356490094,-0.2788644184756339,0.55,0.7031298525434864,True,-0.2675230291902406,-0.09290978656978094,0.6854757808178635,0.003397204646914895,,5.0,0.13140032069150287,0.0036943346048020076,-0.00617625174574594,0.9554432689561114,0.49306367721466715
A0,driver_tau10_s0,5,O,OVERSHOOTS,-0.16391952241973148,-0.15464181936576868,-0.011986227535026182,-0.23284533056242301,0.633804332830746,1.519332948847053,1.0360350677050914,3.17293756556315,1.514639748109185,0.7684043469509696,1.7624450732777779,-0.2089617680069999,-0.2527615356490094,-0.2788644184756339,0.55,0.7008143862567079,True,-0.2675230291902406,-0.09290978656978094,0.6854757808178635,0.0027323799973074936,,10.0,0.12814829928014726,0.0032858867039629036,-0.001096765100785155,0.9542556534126928,0.49306367721466715
A0,driver_tau10_s1,5,O,REPRODUCES,-0.17519632644350958,-0.1582486168818149,-0.011986227535026182,-0.23284533056242301,0.633804332830746,1.632100989084834,0.9232670274673105,2.081564380605174,1.5443034777985762,0.679076442731007,1.902821571255096,-0.22036808261170257,-0.2527615356490094,-0.2788644184756339,0.55,0.6938257931733549,True,-0.2675230291902406,-0.09290978656978094,0.6854757808178635,0.0027323799973074936,,10.0,0.10316122888864587,0.003380771287259332,-0.006565197529678954,0.9575651242153632,0.49306367721466715
A0,driver_tau20_s0,5,O,OVERSHOOTS,-0.11586518289545139,-0.18875079123646055,-0.011986227535026182,-0.23284533056242301,0.633804332830746,1.038789553604252,1.5165784629478922,2.7294743217036306,0.9774685109864836,1.1604547887909182,1.5807986869342217,-0.21205030538548492,-0.2527615356490094,-0.2788644184756339,0.75,0.6776154666037139,True,-0.2675230291902406,-0.09290978656978094,0.6854757808178635,0.002394303989709356,,20.0,0.09436248459598362,0.005406054826971984,0.01623302667850879,0.9615126429042918,0.49306367721466715
A0,driver_tau20_s1,5,O,OVERSHOOTS,-0.12562848479784405,-0.18399069969268675,-0.011986227535026182,-0.23284533056242301,0.633804332830746,1.1364225726281787,1.4189454439239657,1.238122527303189,1.238122527303189,1.0150731881161923,1.4066102091622388,-0.19711904483555626,-0.2527615356490094,-0.2788644184756339,0.75,0.6772054579296369,True,-0.2675230291902406,-0.09290978656978094,0.6854757808178635,0.002394303989709356,,20.0,0.11860619817114504,0.004277936005861571,0.011191465664942026,0.9593834568832385,0.49306367721466715
A0,driver_tau40_s0,5,O,STAYS AT C1,-0.0725695957630364,-0.19987914769385665,-0.011986227535026182,-0.23284533056242301,0.633804332830746,0.6058336822801021,1.9495343342720421,0.9810743136301892,0.6298269184704335,1.5229276554937403,1.5229276554937403,-0.23553574791673373,-0.2527615356490094,-0.2788644184756339,0.8500000000000001,0.6523613881224695,True,-0.2675230291902406,-0.09290978656978094,0.6854757808178635,0.0022134321003174293,,40.0,0.0997419202607075,0.004617651359336256,-0.014912939538682451,0.971407383566358,0.49306367721466715
A0,driver_tau40_s1,5,O,STAYS AT C1,-0.06995957733219642,-0.18954224739508793,-0.011986227535026182,-0.23284533056242301,0.633804332830746,0.5797334979717024,1.9756345185804418,0.9075502798919111,0.5037433520832406,1.511411924847036,1.9366383560512244,-0.21591336514642756,-0.2527615356490094,-0.2788644184756339,0.8500000000000001,0.653999016781629,True,-0.2675230291902406,-0.09290978656978094,0.6854757808178635,0.0022134321003174293,,40.0,0.0764326102910382,0.005316302395593331,-0.016076130552084796,0.9708447419604592,0.49306367721466715
A0,driver_tau80_s0,5,O,STAYS AT C1,-0.059438155971248935,-0.20897045955614887,-0.011986227535026182,-0.23284533056242301,0.633804332830746,0.47451928436222757,2.0808487321899167,0.820990090637513,0.4955160996547333,1.508648401061722,1.716682908719008,-0.25906446247629905,-0.2527615356490094,-0.2788644184756339,0.75,0.6512950111900635,True,-0.2675230291902406,-0.09290978656978094,0.6854757808178635,0.0021412651093932547,,80.0,0.13067769537856133,0.005546307327827793,-0.0006999287415424628,0.9659548080196716,0.49306367721466715
A0,driver_tau80_s1,5,O,STAYS AT C1,-0.050915936476541634,-0.2204435327904679,-0.011986227535026182,-0.23284533056242301,0.633804332830746,0.38929708941515456,2.16607092713699,2.2689574077577754,0.47415263197758,1.6564508342951252,2.2302728229117363,-0.2621847186819853,-0.2527615356490094,-0.2788644184756339,0.8500000000000001,0.6431365017853841,True,-0.2675230291902406,-0.09290978656978094,0.6854757808178635,0.0021412651093932547,,80.0,0.04992359341754282,0.0034900007961205515,-0.0029512098888747136,0.9713957307213038,0.49306367721466715
A0,driver_tauc1_s0,5,O,STAYS AT C1,0.011970766399623028,-0.2261147496410367,-0.011986227535026182,-0.23284533056242301,0.633804332830746,0.23956993934649207,2.7949379558986363,2.5010199954900054,0.3470594635593751,1.7411798708277175,1.8440788590990917,-0.24856964641964197,-0.2527615356490094,-0.2788644184756339,0.8500000000000001,0.6241429280951056,False,-0.2675230291902406,-0.09290978656978094,0.6854757808178635,0.002619029351477904,,511.34702102999364,0.3129803663645725,0.008097110148373998,0.01922550450489308,0.9350334985918416,0.49306367721466715
A0,driver_tauc1_s1,5,O,STAYS AT C1,-0.0012508914717560453,-0.23612426671518447,-0.011986227535026182,-0.23284533056242301,0.633804332830746,0.13857606330283107,2.6627213771848455,0.6924224386622924,0.3742723004695696,1.7714747521474654,2.694846077579604,-0.2525451107948327,-0.2527615356490094,-0.2788644184756339,0.8500000000000001,0.6186951664493978,True,-0.2675230291902406,-0.09290978656978094,0.6854757808178635,0.002619029351477904,,511.34702102999364,0.28735075963967605,0.00817355092335137,0.009479555747474356,0.9553855719012107,0.49306367721466715
A0,c1_regen_s0,5,MLP_OUT,STAYS AT C1,0.07581889422284899,-0.24363097951391524,0.08207462950184664,-0.23915830556061468,0.6436144092808752,0.06255735278997657,2.873300939482809,0.8976035142017021,0.1282931088838076,2.137424122532123,2.8964513295654832,-0.2517117224238662,-0.2471019654379469,-0.22410627610852782,0.75,0.6460220276514801,,-0.21151119972543195,-0.10119691095838292,0.7504887033046894,,616.1411805797777,,0.09357607048369498,0.004728996556165543,-0.00432476673721062,nan,0.44027524056036077
A0,c1_regen_s1,5,MLP_OUT,STAYS AT C1,0.0883303647808443,-0.23468563160731412,0.08207462950184664,-0.23915830556061468,0.6436144092808752,0.06255735278997657,2.9984156450627624,0.8976035142017021,0.1282931088838076,1.9919891546577078,4.291661910585756,-0.24249220845202762,-0.2471019654379469,-0.22410627610852782,0.75,0.6412067909102703,,-0.21151119972543195,-0.10119691095838292,0.7504887033046894,,622.7239309485249,,0.08397913626574605,0.004912259666936869,0.005687666205480711,nan,0.44027524056036077
A0,c9_smooth_zero,5,MLP_OUT,STAYS AT C1,0.06533542014131877,-0.24172541506676698,0.08207462950184664,-0.23915830556061468,0.6436144092808752,0.16739209360527876,2.7684661986675074,0.8952611073370154,0.11893524625729401,2.0966454886634778,3.384633961499801,-0.264115968355026,-0.2471019654379469,-0.22410627610852782,0.75,0.6456405471523016,,-0.21151119972543195,-0.10119691095838292,0.7504887033046894,,616.1411805797777,,0.09919442087448749,0.0038923505297707717,-0.001910839466288392,nan,0.44027524056036077
A0,c9_scale_only,5,MLP_OUT,STAYS AT C1,0.0653354201413199,-0.2417254150667673,0.08207462950184664,-0.23915830556061468,0.6436144092808752,0.16739209360526738,2.7684661986675185,0.8952611073369936,0.11893524625728402,2.0966454886634804,3.384633961500329,-0.26411596835502604,-0.2471019654379469,-0.22410627610852782,0.75,0.6456405471525746,,-0.21151119972543195,-0.10119691095838292,0.7504887033046894,,616.1411805797777,,0.0991944208744937,0.003892350529791866,-0.001910839466290179,nan,0.44027524056036077
A0,c9_smooth_matched_s0,5,MLP_OUT,STAYS AT C1,0.06547277430023984,-0.24154620051033868,0.08207462950184664,-0.23915830556061468,0.6436144092808752,0.166018552016068,2.7698397402567174,0.9059558923193897,0.11971550590907802,2.098293031032132,3.3949749939199236,-0.2637675802952317,-0.2471019654379469,-0.22410627610852782,0.75,0.6455115556922709,True,-0.21151119972543195,-0.10119691095838292,0.7504887033046894,,616.1411805797777,,0.09904977891871658,0.003851307207000554,-0.0023741586966813844,0.9866387414760968,0.44027524056036077
A0,c9_smooth_matched_s1,5,MLP_OUT,STAYS AT C1,0.08007407771391632,-0.23354764525872104,0.08207462950184664,-0.23915830556061468,0.6436144092808752,0.056106603018936385,2.9158527743934823,0.89122733857315,0.177321236715271,1.9147634475000956,4.485283958648769,-0.2496492420530995,-0.2471019654379469,-0.22410627610852782,0.75,0.6459662544266704,True,-0.21151119972543195,-0.10119691095838292,0.7504887033046894,,622.7239309485249,,0.06219115806000586,0.004146131661561525,0.0057146003640933295,0.9809032377274269,0.44027524056036077
A0,c9_smooth_null,5,MLP_OUT,STAYS AT C1,0.06547524751009685,-0.24170675273212713,0.08207462950184664,-0.23915830556061468,0.6436144092808752,0.1659938199174979,2.769864472355288,1.0121130185732294,0.1474722347656393,1.917234403829276,3.9193049824905146,-0.25892048539344525,-0.2471019654379469,-0.22410627610852782,0.75,0.6447639835275141,True,-0.21151119972543195,-0.10119691095838292,0.7504887033046894,,616.1411805797777,,0.10611536903544128,0.003880529107543773,-0.0019273912189998303,0.9871194976929231,0.44027524056036077
A0,c9_fine_zero,5,MLP_OUT,STAYS AT C1,0.06488679070426356,-0.24152729326785685,0.08207462950184664,-0.23915830556061468,0.6436144092808752,0.1718783879758308,2.7639799042969546,0.8796764456180572,0.2071296676580362,2.0315623236405718,3.293088096797045,-0.25582558563252344,-0.2471019654379469,-0.22410627610852782,0.75,0.6430281358551264,,-0.21151119972543195,-0.10119691095838292,0.7504887033046894,,616.1411805797777,,0.10239197846508397,0.0040659233100672765,-0.002524301509381137,nan,0.44027524056036077
A0,c9_fine_matched_s0,5,MLP_OUT,STAYS AT C1,0.06618116354917183,-0.2400001005063464,0.08207462950184664,-0.23915830556061468,0.6436144092808752,0.1589346595267481,2.776923632746038,0.8707572721974252,0.21808290611205844,2.0349756880199217,3.3700828675416834,-0.25510257275796056,-0.2471019654379469,-0.22410627610852782,0.75,0.6425324948159787,True,-0.21151119972543195,-0.10119691095838292,0.7504887033046894,,616.1411805797777,,0.10438801947446352,0.0041521898541831415,-0.0029480927179908107,0.9877022169094757,0.44027524056036077
A0,c9_fine_matched_s1,5,MLP_OUT,STAYS AT C1,0.07984762152244475,-0.2321377766407915,0.08207462950184664,-0.23915830556061468,0.6436144092808752,0.07020528919823188,2.913588212478767,0.723408134031948,0.13826893949852612,1.9446441699624204,4.208891509831282,-0.24112491077361597,-0.2471019654379469,-0.22410627610852782,0.75,0.6441991271658047,True,-0.21151119972543195,-0.10119691095838292,0.7504887033046894,,622.7239309485249,,0.0657967128513346,0.003750631324489384,0.0031602611433009364,0.9814901208721837,0.44027524056036077
A0,c9_fine_null,5,MLP_OUT,STAYS AT C1,0.06491358094394827,-0.24117191577577782,0.08207462950184664,-0.23915830556061468,0.6436144092808752,0.17161048557898378,2.7642478066938017,0.9281583743790608,0.11259484207525419,2.062005213382789,3.201385031939582,-0.2547572764011312,-0.2471019654379469,-0.22410627610852782,0.75,0.6432464916461998,True,-0.21151119972543195,-0.10119691095838292,0.7504887033046894,,616.1411805797777,,0.1083742161672081,0.00424048168074892,-0.0039038878093507574,0.9873250745423939,0.44027524056036077
A0,c9_raw_zero,5,MLP_OUT,STAYS AT C1,0.06453653945662459,-0.24053034330232484,0.08207462950184664,-0.23915830556061468,0.6436144092808752,0.17538090045222055,2.760477391820565,0.6991803143343127,0.3226028083262163,2.010344001317596,2.894876305741307,-0.25881203988132195,-0.2471019654379469,-0.22410627610852782,0.75,0.6367192277331188,,-0.21151119972543195,-0.10119691095838292,0.7504887033046894,,616.1411805797777,,0.16161336268105986,0.0064051156355520444,-0.002942143291084915,nan,0.44027524056036077
A0,c9_raw_matched_s0,5,MLP_OUT,STAYS AT C1,0.06501670594161536,-0.23391641317083006,0.08207462950184664,-0.23915830556061468,0.6436144092808752,0.1705792356023128,2.7652790566704732,1.1608649270316374,0.33821695966280424,1.9112227816449467,2.433191693043982,-0.25442450773580916,-0.2471019654379469,-0.22410627610852782,0.75,0.6173697358985153,True,-0.21151119972543195,-0.10119691095838292,0.7504887033046894,,616.1411805797777,,0.3907532622717764,0.010619194550339633,-0.010577602918148537,1.0029262870614302,0.44027524056036077
A0,c9_raw_matched_s1,5,MLP_OUT,STAYS AT C1,0.08029165697359082,-0.22942291815887797,0.08207462950184664,-0.23915830556061468,0.6436144092808752,0.09735387401736711,2.9180285669902277,0.6598756908328778,0.29010408284085265,2.000118500707735,3.0504116767282796,-0.2319481406108863,-0.2471019654379469,-0.22410627610852782,0.8500000000000001,0.6224576270213341,True,-0.21151119972543195,-0.10119691095838292,0.7504887033046894,,622.7239309485249,,0.31973088012102124,0.008881868620903122,0.006134048761105885,0.9950533691970748,0.44027524056036077
A0,c9_raw_null,5,MLP_OUT,STAYS AT C1,0.06541130309330274,-0.23739249810252447,0.08207462950184664,-0.23915830556061468,0.6436144092808752,0.166633264085439,2.7692250281873467,1.1223859000973002,0.3517757849535249,2.0138455765734187,2.471670719978319,-0.259629052708824,-0.2471019654379469,-0.22410627610852782,0.75,0.6240699978065807,True,-0.21151119972543195,-0.10119691095838292,0.7504887033046894,,616.1411805797777,,0.27891053773164254,0.008067125262278929,-0.010806036212042822,0.997506042605689,0.44027524056036077
A0,c9_planted_A50,5,MLP_OUT,OVERSHOOTS,0.4237705577308432,0.1212420533221434,0.08207462950184664,-0.23915830556061468,0.6436144092808752,3.6040035888275805,6.352817574562751,3.7230704810858546,2.8782650397028724,4.752354612107935,4.758572577384585,0.04451892844382828,-0.2471019654379469,-0.22410627610852782,1.6500000000000001,0.24884204121119613,False,-0.21151119972543195,-0.10119691095838292,0.7504887033046894,,3356.3262334994224,,1.2269056018015192,0.02238195971019974,-0.0275020060632545,1.1903320517948932,0.44027524056036077
A0,driver_tau0_s0,5,MLP_OUT,REPRODUCES,-0.22119252995708447,-0.09422711180198524,0.08207462950184664,-0.23915830556061468,0.6436144092808752,3.0326715945893112,0.09681330231652518,9.756552655561118,2.5642632677272377,0.49955662913232224,6.162496035485496,-0.22473096639014106,-0.2471019654379469,-0.22410627610852782,0.45,0.786179109086909,True,-0.21151119972543195,-0.10119691095838292,0.7504887033046894,0.00782351952371149,,0.0,0.22838357878843718,0.00514677303507205,0.02541309265146173,0.9593272441180976,0.44027524056036077
A0,driver_tau0_s1,5,MLP_OUT,REPRODUCES,-0.21682683114651718,-0.0985293867680813,0.08207462950184664,-0.23915830556061468,0.6436144092808752,2.989014606483638,0.05315631421085237,8.748597308297054,2.4856377997552603,0.4209311611603454,5.154540688221434,-0.22413766777365485,-0.2471019654379469,-0.22410627610852782,0.45,0.8007736796095113,True,-0.21151119972543195,-0.10119691095838292,0.7504887033046894,0.00782351952371149,,0.0,0.14685183319008344,0.005648380560578259,0.010203429973983585,0.9527881441694983,0.44027524056036077
A0,driver_tau2_s0,5,MLP_OUT,REPRODUCES,-0.20063189494784608,-0.10742374218738769,0.08207462950184664,-0.23915830556061468,0.6436144092808752,2.8270652444969273,0.11380649067480912,6.490499175414086,2.3593988750468773,0.3549420056704534,4.298859719209667,-0.20693180084949594,-0.2471019654379469,-0.22410627610852782,0.45,0.7847715994326441,True,-0.21151119972543195,-0.10119691095838292,0.7504887033046894,0.004093639935838781,,2.0,0.13253842284058903,0.0036009374394437854,-0.0009240786581123294,0.9654320183550992,0.44027524056036077
A0,driver_tau2_s1,5,MLP_OUT,REPRODUCES,-0.204736943491019,-0.10218962070731023,0.08207462950184664,-0.23915830556061468,0.6436144092808752,2.868115729928656,0.13480272105886973,6.19660880316835,2.4071896428035955,0.36638093232332675,4.0049693469639305,-0.21179755142103124,-0.2471019654379469,-0.22410627610852782,0.45,0.7840969235059201,True,-0.21151119972543195,-0.10119691095838292,0.7504887033046894,0.004093639935838781,,2.0,0.16462846139323917,0.004923468593587499,-0.005844962042532008,0.9590535512594183,0.44027524056036077
A0,driver_tau5_s0,5,MLP_OUT,REPRODUCES,-0.1703646846702351,-0.13327318566801025,0.08207462950184664,-0.23915830556061468,0.6436144092808752,2.5243931417208176,0.4114651505519684,4.556122911798099,2.2282250481973116,0.45017805949277523,2.3644834555936796,-0.17821104507923433,-0.2471019654379469,-0.22410627610852782,0.45,0.7714664849008915,True,-0.21151119972543195,-0.10119691095838292,0.7504887033046894,0.0028043472745741347,,5.0,0.0969766303506221,0.0033826166903285215,-0.004433810716101583,0.965918078026434,0.44027524056036077
A0,driver_tau5_s1,5,MLP_OUT,REPRODUCES,-0.17533353302701793,-0.12929443710416574,0.08207462950184664,-0.23915830556061468,0.6436144092808752,2.5740816252886454,0.3617766669841402,5.022051953192394,2.200252130579515,0.45808564411025776,2.830412496987975,-0.18405282156840963,-0.2471019654379469,-0.22410627610852782,0.45,0.7674327943955226,True,-0.21151119972543195,-0.10119691095838292,0.7504887033046894,0.0028043472745741347,,5.0,0.12055641643101556,0.0034592363358110223,-0.010905484841854664,0.9683411143702428,0.44027524056036077
A0,driver_tau10_s0,5,MLP_OUT,REPRODUCES,-0.1233102924605379,-0.16732737625307392,0.08207462950184664,-0.23915830556061468,0.6436144092808752,2.0538492196238454,0.8820090726489405,2.716963529037153,1.7458757457231964,0.6191678538705707,2.0533615567176984,-0.16953881085429326,-0.2471019654379469,-0.22410627610852782,0.8500000000000001,0.7455254418562023,True,-0.21151119972543195,-0.10119691095838292,0.7504887033046894,0.002263945453082429,,10.0,0.09245619713443265,0.005383681786065853,-0.011905035202924907,0.9793046941470988,0.44027524056036077
A0,driver_tau10_s1,5,MLP_OUT,REPRODUCES,-0.13315188793760033,-0.1522131118754703,0.08207462950184664,-0.23915830556061468,0.6436144092808752,2.15226517439447,0.7835931178783162,3.541614568680302,1.744804265792093,0.5426396574976016,2.836930091255073,-0.15612259423234248,-0.2471019654379469,-0.22410627610852782,0.8500000000000001,0.7514503016163263,True,-0.21151119972543195,-0.10119691095838292,0.7504887033046894,0.002263945453082429,,10.0,0.11099737972996193,0.004770324869787346,0.006413618192729734,0.972392346568316,0.44027524056036077
A0,driver_tau20_s0,5,MLP_OUT,OVERSHOOTS,-0.051282073588723706,-0.19499293394042239,0.08207462950184664,-0.23915830556061468,0.6436144092808752,1.3335670309057035,1.6022912613670826,1.8910502741361268,1.3809929464699906,1.0556153484730377,2.1212603124726996,-0.20327135476609368,-0.2471019654379469,-0.22410627610852782,0.8500000000000001,0.7237055311053329,True,-0.21151119972543195,-0.10119691095838292,0.7504887033046894,0.0019598861542739934,,20.0,0.08363066014664211,0.0030574894128135854,0.0037379847196456887,0.9715369039035944,0.44027524056036077
A0,driver_tau20_s1,5,MLP_OUT,OVERSHOOTS,-0.05972255866719936,-0.18962098233422864,0.08207462950184664,-0.23915830556061468,0.6436144092808752,1.41797188169046,1.5178864105823258,2.250164168826796,1.130726312969021,0.9600516112655127,3.9558823957738953,-0.19247722488976912,-0.2471019654379469,-0.22410627610852782,0.8500000000000001,0.7254319841994648,True,-0.21151119972543195,-0.10119691095838292,0.7504887033046894,0.0019598861542739934,,20.0,0.11671369644128982,0.00464708759998711,-0.008196139126978244,0.9713410471576701,0.44027524056036077
A0,driver_tau40_s0,5,MLP_OUT,STAYS AT C1,-0.007120493965672357,-0.218563141768257,0.08207462950184664,-0.23915830556061468,0.6436144092808752,0.8919512346751899,2.043907057597596,2.4893376462321615,0.8025912532434516,1.3049978177566322,2.666418447465324,-0.22328906475541876,-0.2471019654379469,-0.22410627610852782,0.8500000000000001,0.6910843174569584,True,-0.21151119972543195,-0.10119691095838292,0.7504887033046894,0.0018146259316633466,,40.0,0.0965037412480183,0.004110353539695355,-0.0060028632411646835,0.9844739972120983,0.44027524056036077
A0,driver_tau40_s1,5,MLP_OUT,STAYS AT C1,0.005355389595679651,-0.219196099830818,0.08207462950184664,-0.23915830556061468,0.6436144092808752,0.7671923990616699,2.168665893211116,1.5745921191103611,0.6539518184452504,1.410754820149665,4.736359437367608,-0.2204542254832589,-0.2471019654379469,-0.22410627610852782,0.8500000000000001,0.692510195699715,True,-0.21151119972543195,-0.10119691095838292,0.7504887033046894,0.0018146259316633466,,40.0,0.09569165999668705,0.004599254622144389,0.020504388644733956,0.9752755041745803,0.44027524056036077
A0,driver_tau80_s0,5,MLP_OUT,STAYS AT C1,0.03864218391396108,-0.21866279881183848,0.08207462950184664,-0.23915830556061468,0.6436144092808752,0.43432445587885565,2.5015338363939303,1.2582519218697128,0.4786195290938738,1.5946879428274752,3.863149200488922,-0.22541697435288263,-0.2471019654379469,-0.22410627610852782,0.8500000000000001,0.6749180476983775,True,-0.21151119972543195,-0.10119691095838292,0.7504887033046894,0.0017476130610312745,,80.0,0.07539527834686366,0.0036382400361203715,-0.00019976543333264255,0.9795781468611037,0.44027524056036077
A0,driver_tau80_s1,5,MLP_OUT,STAYS AT C1,0.028417599160724945,-0.23060399736001205,0.08207462950184664,-0.23915830556061468,0.6436144092808752,0.5365703034112169,2.399287988861569,1.711163068652634,0.42032696283023885,1.6443796757646765,5.305219688728253,-0.23189327068514543,-0.2471019654379469,-0.22410627610852782,0.95,0.6767707044804249,True,-0.21151119972543195,-0.10119691095838292,0.7504887033046894,0.0017476130610312745,,80.0,0.11243599657849535,0.0035998875500549143,0.025368301453167114,0.9835244487606976,0.44027524056036077
A0,driver_tauc1_s0,5,MLP_OUT,STAYS AT C1,0.10129033687659607,-0.22601035038120199,0.08207462950184664,-0.23915830556061468,0.6436144092808752,0.19215707374749424,3.1280153660202803,1.5649566806774962,0.2639002782159545,1.9220044761203618,3.119933329479022,-0.22699968929655504,-0.2471019654379469,-0.22410627610852782,0.75,0.6462319905861893,False,-0.21151119972543195,-0.10119691095838292,0.7504887033046894,0.0021026263638396496,,616.1411805797777,0.2560375286261447,0.006565559037485957,-0.017178167214733933,0.9468018260410171,0.44027524056036077
A0,driver_tauc1_s1,5,MLP_OUT,STAYS AT C1,0.07193358436059157,-0.23579692849704978,0.08207462950184664,-0.23915830556061468,0.6436144092808752,0.17667195842102718,2.834447840860235,4.540228062759307,0.40638014176213066,1.8027363362420534,8.134284682834927,-0.24296497834621325,-0.2471019654379469,-0.22410627610852782,0.8500000000000001,0.6564662808707119,True,-0.21151119972543195,-0.10119691095838292,0.7504887033046894,0.0021026263638396496,,616.1411805797777,0.2273390357056142,0.006327264185278736,-0.006909651666410695,0.9563479053849103,0.44027524056036077
M0s1,c1_regen_s0,0,Q,STAYS AT C1,-0.11517523042104155,-0.20272397264302863,-0.10697147066632398,-0.20497708322122282,0.591891429581193,0.08203759754717571,1.2885437683213046,0.6170010583814309,0.16441414223457934,0.8728911734243959,1.0970659977674808,-0.24631265301295777,-0.23837251962543507,-0.31821795682748766,0.95,0.5950470040046801,,-0.24402960725317202,-0.12618135087280477,0.6115586341699496,,420.440925557301,,0.10073351365668692,0.003829626885709342,-0.001734413841517246,nan,0.5487138665881486
M0s1,c1_regen_s1,0,Q,STAYS AT C1,-0.09876771091160641,-0.20723019379941698,-0.10697147066632398,-0.20497708322122282,0.591891429581193,0.08203759754717571,1.452618963415656,0.6170010583814309,0.16441414223457934,0.9676466938369066,1.8829435251527746,-0.2516225294715153,-0.23837251962543507,-0.31821795682748766,0.8500000000000001,0.588735855157706,,-0.24402960725317202,-0.12618135087280477,0.6115586341699496,,423.638353991542,,0.055372928023475154,0.003501965609165325,-0.0028088583293326484,nan,0.5487138665881486
M0s1,c9_smooth_zero,0,Q,STAYS AT C1,-0.11827724085692218,-0.20068338463195756,-0.10697147066632398,-0.20497708322122282,0.591891429581193,0.11305770190598197,1.2575236639624983,0.6202131184121407,0.2510416840056126,0.8549045099348535,1.2699050421900009,-0.24689919329920218,-0.23837251962543507,-0.31821795682748766,0.95,0.5942198909898215,,-0.24402960725317202,-0.12618135087280477,0.6115586341699496,,420.440925557301,,0.09114436082188027,0.0033280328135681103,-2.9306664909367928e-05,nan,0.5487138665881486
M0s1,c9_scale_only,0,Q,STAYS AT C1,-0.11827724085692172,-0.20068338463195814,-0.10697147066632398,-0.20497708322122282,0.591891429581193,0.11305770190597739,1.2575236639625031,0.6202131184122273,0.25104168400562593,0.8549045099348529,1.269905042189951,-0.24689919329920523,-0.23837251962543507,-0.31821795682748766,0.95,0.5942198909897478,,-0.24402960725317202,-0.12618135087280477,0.6115586341699496,,420.440925557301,,0.09114436082188515,0.003328032813539966,-2.9306664909946682e-05,nan,0.5487138665881486
M0s1,c9_smooth_matched_s0,0,Q,STAYS AT C1,-0.11828933197728617,-0.20068028787306066,-0.10697147066632398,-0.20497708322122282,0.591891429581193,0.11317861310962185,1.2574027527588585,0.6229945508313128,0.25132625784179735,0.8548763285650424,1.2680733028272728,-0.24684852355284556,-0.23837251962543507,-0.31821795682748766,0.95,0.5941682686306513,True,-0.24402960725317202,-0.12618135087280477,0.6115586341699496,,420.440925557301,,0.09109130851966807,0.0034595666228856847,-3.015293625081902e-05,0.9678381476112101,0.5487138665881486
M0s1,c9_smooth_matched_s1,0,Q,STAYS AT C1,-0.1030199267763984,-0.20561789393232266,-0.10697147066632398,-0.20497708322122282,0.591891429581193,0.053716875205538986,1.410096804767736,1.1776023310281623,0.15167540961044668,0.9484168285451371,1.9463437117550568,-0.2510953603800199,-0.23837251962543507,-0.31821795682748766,0.8500000000000001,0.5883938281322947,True,-0.24402960725317202,-0.12618135087280477,0.6115586341699496,,423.638353991542,,0.062388323992609074,0.0036717075508198305,-0.0010599672270225854,0.9735068609903358,0.5487138665881486
M0s1,c9_smooth_null,0,Q,STAYS AT C1,-0.11810401845181134,-0.20080078421266312,-0.10697147066632398,-0.20497708322122282,0.591891429581193,0.11132547785487362,1.2592558880136067,0.6256741773842627,0.20695818465385532,0.8553186908087859,1.3661425837911583,-0.23982818681102086,-0.23837251962543507,-0.31821795682748766,0.95,0.5941201478467417,True,-0.24402960725317202,-0.12618135087280477,0.6115586341699496,,420.440925557301,,0.09504457478382777,0.003398724365422018,0.0008336893482364859,0.9680959687878844,0.5487138665881486
M0s1,c9_fine_zero,0,Q,STAYS AT C1,-0.11897260910167058,-0.20060658279791405,-0.10697147066632398,-0.20497708322122282,0.591891429581193,0.120011384353466,1.2505699815150144,0.6134939672980998,0.2373813785290807,0.8541312205386398,1.2668890564310507,-0.25171946088760705,-0.23837251962543507,-0.31821795682748766,0.95,0.5934466515577465,,-0.24402960725317202,-0.12618135087280477,0.6115586341699496,,420.440925557301,,0.08821657180704401,0.003708547814217117,-0.0022246463706016998,nan,0.5487138665881486
M0s1,c9_fine_matched_s0,0,Q,STAYS AT C1,-0.11888315580036582,-0.2002292059063882,-0.10697147066632398,-0.20497708322122282,0.591891429581193,0.11911685134041838,1.2514645145280618,0.6504513783400578,0.24115337827479638,0.8543964127521261,1.2332074874550913,-0.2513515071127785,-0.23837251962543507,-0.31821795682748766,0.95,0.5932010887122225,True,-0.24402960725317202,-0.12618135087280477,0.6115586341699496,,420.440925557301,,0.08980785383430856,0.003704913522785347,-0.0025506521062419493,0.9676996971566734,0.5487138665881486
M0s1,c9_fine_matched_s1,0,Q,STAYS AT C1,-0.10402217301002531,-0.2049480818103511,-0.10697147066632398,-0.20497708322122282,0.591891429581193,0.04812031160015787,1.400074342431467,1.1953663373593884,0.15828731101292534,0.9439150549462637,1.9771685915124568,-0.23413759808350415,-0.23837251962543507,-0.31821795682748766,0.8500000000000001,0.5898031741470582,True,-0.24402960725317202,-0.12618135087280477,0.6115586341699496,,423.638353991542,,0.059344345622775574,0.003794213304711247,-0.0017656608774075067,0.9727840270120985,0.5487138665881486
M0s1,c9_fine_null,0,Q,STAYS AT C1,-0.11874525376402194,-0.20016735085196694,-0.10697147066632398,-0.20497708322122282,0.591891429581193,0.11773783097697957,1.2528435348915006,0.6054387612814549,0.29333315457491627,0.8568110174814655,1.120991128308769,-0.25534760735228,-0.23837251962543507,-0.31821795682748766,0.95,0.5933965918227284,True,-0.24402960725317202,-0.12618135087280477,0.6115586341699496,,420.440925557301,,0.09274116867162352,0.003576151130727484,-0.0027163091488015597,0.9681155863302552,0.5487138665881486
M0s1,c9_raw_zero,0,Q,STAYS AT C1,-0.11939698590677811,-0.2012650998429916,-0.10697147066632398,-0.20497708322122282,0.591891429581193,0.12425515240454127,1.246326213463939,0.5226130620167007,0.21354194248368719,0.8630216736654377,1.2828869311226532,-0.23788708460091149,-0.23837251962543507,-0.31821795682748766,0.95,0.5919225667431166,,-0.24402960725317202,-0.12618135087280477,0.6115586341699496,,420.440925557301,,0.09925165266533309,0.004185868381838653,-0.0005633876254761884,nan,0.5487138665881486
M0s1,c9_raw_matched_s0,0,Q,STAYS AT C1,-0.11888954897536792,-0.19965624651052216,-0.10697147066632398,-0.20497708322122282,0.591891429581193,0.11918078309043942,1.251400582778041,0.7149049804694985,0.17930247685727885,0.8779988889156484,1.2247185331795762,-0.2348097240576654,-0.23837251962543507,-0.31821795682748766,0.95,0.5831170925469178,True,-0.24402960725317202,-0.12618135087280477,0.6115586341699496,,420.440925557301,,0.1944831327308174,0.006064639562375657,-0.002229423437962535,0.9738464782634586,0.5487138665881486
M0s1,c9_raw_matched_s1,0,Q,STAYS AT C1,-0.1052913896439056,-0.20106325723354873,-0.10697147066632398,-0.20497708322122282,0.591891429581193,0.04170482846441621,1.3873821760926641,0.9920094530568027,0.3200164386770895,0.9506643595968728,2.378059885710643,-0.24746476694980077,-0.23837251962543507,-0.31821795682748766,0.8500000000000001,0.5753445674078417,True,-0.24402960725317202,-0.12618135087280477,0.6115586341699496,,423.638353991542,,0.17303061184646484,0.006403322980443327,-0.00047239607502206314,0.980826143826785,0.5487138665881486
M0s1,c9_raw_null,0,Q,STAYS AT C1,-0.12022312775110709,-0.19948344270726265,-0.10697147066632398,-0.20497708322122282,0.591891429581193,0.1325165708478311,1.2380647950206491,1.0721435412507538,0.18125455574310123,0.8659637270813207,1.6362353095136903,-0.23201632792621285,-0.23837251962543507,-0.31821795682748766,0.95,0.5834042101672309,True,-0.24402960725317202,-0.12618135087280477,0.6115586341699496,,420.440925557301,,0.18219698490604586,0.006595561637204317,-0.0028961896913438667,0.9732936397743289,0.5487138665881486
M0s1,c9_planted_A50,0,Q,OVERSHOOTS,0.2318963400403592,-0.028585956913534397,-0.10697147066632398,-0.20497708322122282,0.591891429581193,3.3886781070668315,4.7592594729353115,5.1018419822998196,3.1483385166612563,4.068607450291908,5.800533358053011,-0.04749491287513357,-0.23837251962543507,-0.31821795682748766,1.35,0.24956375086470392,False,-0.24402960725317202,-0.12618135087280477,0.6115586341699496,,2153.0811192029255,,2.46318717695343,0.035157060818967606,-0.014584778825687405,1.1969366930478382,0.5487138665881486
M0s1,driver_tau0_s0,0,Q,REPRODUCES,-0.2792074811420079,-0.08952382625790999,-0.10697147066632398,-0.20497708322122282,0.591891429581193,1.7223601047568389,0.3665752461489478,5.989136280083302,1.5233576069205943,0.8246662311674032,5.568212870119271,-0.28982558844503253,-0.23837251962543507,-0.31821795682748766,0.55,0.6769958440327034,False,-0.24402960725317202,-0.12618135087280477,0.6115586341699496,0.011744089244508916,,0.0,0.13249418184748318,0.004568683075639901,-0.008529811850446944,0.9202766861454379,0.5487138665881486
M0s1,driver_tau0_s1,0,Q,REPRODUCES,-0.3037086254021796,-0.07073183883590388,-0.10697147066632398,-0.20497708322122282,0.591891429581193,1.9673715473585558,0.5967901814900756,7.648372464046345,1.6509482168233274,0.9522568410701364,7.2274490540823155,-0.30547072609201537,-0.23837251962543507,-0.31821795682748766,0.55,0.641734319735624,True,-0.24402960725317202,-0.12618135087280477,0.6115586341699496,0.011744089244508916,,0.0,0.2729073742008281,0.005791390217224024,-0.030016236511442876,0.9678772899554039,0.5487138665881486
M0s1,driver_tau2_s0,0,Q,REPRODUCES,-0.2796107760972528,-0.07665541330035622,-0.10697147066632398,-0.20497708322122282,0.591891429581193,1.7263930543092882,0.49525937572448553,5.024156518682756,1.4532247438647259,0.7545333681115346,5.484579006567252,-0.2926649118046319,-0.23837251962543507,-0.31821795682748766,0.55,0.6683638468597897,False,-0.24402960725317202,-0.12618135087280477,0.6115586341699496,0.006154566133112089,,2.0,0.14649854613678093,0.0057828771546920565,0.0034086620279872274,0.9347098012420938,0.5487138665881486
M0s1,driver_tau2_s1,0,Q,REPRODUCES,-0.28472147064711617,-0.08888809725903006,-0.10697147066632398,-0.20497708322122282,0.591891429581193,1.7774999998079217,0.4069186339394415,6.211536266650454,1.436441368720036,0.7377499929668446,5.7906128566864234,-0.29029539077259137,-0.23837251962543507,-0.31821795682748766,0.55,0.6399127479146036,True,-0.24402960725317202,-0.12618135087280477,0.6115586341699496,0.006154566133112089,,2.0,0.17920282108979224,0.004089693413062312,-0.013172567784629203,0.9755080946770746,0.5487138665881486
M0s1,driver_tau5_s0,0,Q,REPRODUCES,-0.25209696638645845,-0.11014592090467862,-0.10697147066632398,-0.20497708322122282,0.591891429581193,1.4512549572013447,0.1954229663773197,4.142067690707435,1.2140005351411975,0.6732054193444267,4.602490178591933,-0.270260576589245,-0.23837251962543507,-0.31821795682748766,0.55,0.6580990919032906,False,-0.24402960725317202,-0.12618135087280477,0.6115586341699496,0.0042199687502446,,5.0,0.1306932849255058,0.004624842677404928,0.01852364943769703,0.9364044768162934,0.5487138665881486
M0s1,driver_tau5_s1,0,Q,REPRODUCES,-0.26923077377939614,-0.10127047263252502,-0.10697147066632398,-0.20497708322122282,0.591891429581193,1.6225930311307215,0.25201166526224117,4.223250171200561,1.3310465273693366,0.6323551516161454,3.8023267612365297,-0.2795216884671267,-0.23837251962543507,-0.31821795682748766,0.55,0.6424701513051836,True,-0.24402960725317202,-0.12618135087280477,0.6115586341699496,0.0042199687502446,,5.0,0.12428075284120466,0.00436048692354149,-0.01660367598911956,0.9755102570630151,0.5487138665881486
M0s1,driver_tau10_s0,0,Q,REPRODUCES,-0.21678879576004684,-0.13553298702480437,-0.10697147066632398,-0.20497708322122282,0.591891429581193,1.0981732509372284,0.27240811493125183,2.913675232066342,0.9487645252532322,0.40241108229554695,3.374097719950839,-0.2359554789724394,-0.23837251962543507,-0.31821795682748766,0.55,0.6350694361511408,True,-0.24402960725317202,-0.12618135087280477,0.6115586341699496,0.0031846009766198567,,10.0,0.11289524589387412,0.00474953780415821,-0.0010189155861077743,0.9539581817870034,0.5487138665881486
M0s1,driver_tau10_s1,0,Q,REPRODUCES,-0.2186056506902459,-0.1376019119688087,-0.10697147066632398,-0.20497708322122282,0.591891429581193,1.1163418002392191,0.2542395656292612,2.371251011253726,0.9763334971482218,0.4969677084890827,2.097130931160844,-0.23964711940864328,-0.23837251962543507,-0.31821795682748766,0.55,0.646181369904314,False,-0.24402960725317202,-0.12618135087280477,0.6115586341699496,0.0031846009766198567,,10.0,0.09736185513029127,0.004631360366025461,-0.02037913091413286,0.9391234276209344,0.5487138665881486
M0s1,driver_tau20_s0,0,Q,REPRODUCES,-0.17604128428394877,-0.16131377482389375,-0.10697147066632398,-0.20497708322122282,0.591891429581193,0.6906981361762479,0.6798832296922325,1.6475983594678434,0.5870645399891797,0.4529834374220426,2.1080208473523405,-0.2045304802969121,-0.23837251962543507,-0.31821795682748766,0.55,0.6287649673875311,True,-0.24402960725317202,-0.12618135087280477,0.6115586341699496,0.0028016306488367507,,20.0,0.1263701207669956,0.0045482031694475955,-0.008250695222580104,0.9510062581515295,0.5487138665881486
M0s1,driver_tau20_s1,0,Q,REPRODUCES,-0.18839897334069136,-0.15488441093363622,-0.10697147066632398,-0.20497708322122282,0.591891429581193,0.8142750267436738,0.5563063391248065,1.445563955002435,0.6976164346798696,0.4165292011741242,1.8850987737578204,-0.21012532716035626,-0.23837251962543507,-0.31821795682748766,0.55,0.636591487802128,True,-0.24402960725317202,-0.12618135087280477,0.6115586341699496,0.0028016306488367507,,20.0,0.12022578549633822,0.004016865831249383,-0.0012037982748047728,0.9534963141753159,0.5487138665881486
M0s1,driver_tau40_s0,0,Q,STAYS AT C1,-0.14299778645967084,-0.17599603928273716,-0.10697147066632398,-0.20497708322122282,0.591891429581193,0.36026315793346864,1.0103182079350117,1.564072779464508,0.3540309932546666,0.684561739484572,1.5115913120588662,-0.21593842627650245,-0.23837251962543507,-0.31821795682748766,0.8500000000000001,0.6225881091547139,True,-0.24402960725317202,-0.12618135087280477,0.6115586341699496,0.0025921341013100292,,40.0,0.06079684140343922,0.002164123016613395,0.014302093483711035,0.950676710819791,0.5487138665881486
M0s1,driver_tau40_s1,0,Q,REPRODUCES,-0.1557194642158051,-0.1788086851571573,-0.10697147066632398,-0.20497708322122282,0.591891429581193,0.48747993549481117,0.8831014303736692,1.2664822597626406,0.5044216359350234,0.6091341693293841,2.7564870212227683,-0.21046570421431746,-0.23837251962543507,-0.31821795682748766,0.95,0.6156917130628787,True,-0.24402960725317202,-0.12618135087280477,0.6115586341699496,0.0025921341013100292,,40.0,0.14901683052882264,0.005158180563792358,-0.022031972765227573,0.9576211249982474,0.5487138665881486
M0s1,driver_tau80_s0,0,Q,STAYS AT C1,-0.13504207343661262,-0.18609206736046796,-0.10697147066632398,-0.20497708322122282,0.591891429581193,0.2807060277028864,1.089875338165594,0.7063243825500558,0.3527775616922464,0.7566627347253756,1.5030079182047456,-0.2504752508876712,-0.23837251962543507,-0.31821795682748766,0.8500000000000001,0.6084212580114168,True,-0.24402960725317202,-0.12618135087280477,0.6115586341699496,0.002519002826826396,,80.0,0.10819416544830274,0.004648032162815091,-0.017713134100818057,0.9588544285640966,0.5487138665881486
M0s1,driver_tau80_s1,0,Q,STAYS AT C1,-0.13099992946686553,-0.19192393434090302,-0.10697147066632398,-0.20497708322122282,0.591891429581193,0.24028458800541552,1.1302967778630648,1.2225445774044994,0.3778995588095382,0.7579979382518672,2.7125493388646267,-0.2389878176858401,-0.23837251962543507,-0.31821795682748766,0.95,0.605586693047534,True,-0.24402960725317202,-0.12618135087280477,0.6115586341699496,0.002519002826826396,,80.0,0.12148159676726156,0.005023156744516005,-0.03118894942421964,0.9602461593649652,0.5487138665881486
M0s1,driver_tauc1_s0,0,Q,STAYS AT C1,-0.08067044749579859,-0.20557796829613773,-0.10697147066632398,-0.20497708322122282,0.591891429581193,0.2630102317052539,1.633591597573734,0.8809007269745747,0.21640499160299295,1.0100666226586057,1.158124414407598,-0.22691012542881417,-0.23837251962543507,-0.31821795682748766,0.95,0.6145909026777632,False,-0.24402960725317202,-0.12618135087280477,0.6115586341699496,0.0031253701971399395,,420.440925557301,0.17743032233837042,0.005758352507682196,-0.02105589817019486,0.9159734093552825,0.5487138665881486
M0s1,driver_tauc1_s1,0,Q,STAYS AT C1,-0.09273928307236012,-0.20345235208595838,-0.10697147066632398,-0.20497708322122282,0.591891429581193,0.14232187593963858,1.512903241808119,2.446798742882903,0.3290017897401578,1.026795251552746,3.7980629297433577,-0.22547971008328782,-0.23837251962543507,-0.31821795682748766,0.95,0.5917258816202123,True,-0.24402960725317202,-0.12618135087280477,0.6115586341699496,0.0031253701971399395,,420.440925557301,0.22466308405268443,0.0052422805390030525,-0.010782960384584197,0.9600685212762152,0.5487138665881486
M0s1,c1_regen_s0,0,K,STAYS AT C1,-0.09281457529896783,-0.2024533634818012,-0.09928581219628548,-0.2049222942394493,0.6001025792753363,0.10092912887617586,1.2236630219592919,0.7096018258613495,0.20525172993470897,0.8609489493566688,1.9463378342974313,-0.2216235858233004,-0.2457506984098266,-0.24577745078094698,0.8500000000000001,0.5959894202348592,,-0.21518087749489703,-0.14446322269900166,0.6249347736379027,,434.4892209298848,,0.10102381366349311,0.0034240612157340755,-0.0006144020159353693,nan,0.5361764864431787
M0s1,c1_regen_s1,0,K,STAYS AT C1,-0.10575704909360312,-0.2073912249970974,-0.09928581219628548,-0.2049222942394493,0.6001025792753363,0.10092912887617589,1.094238284012939,0.709601825861349,0.20525172993470903,0.9079482325228099,1.9886179589834756,-0.26987781099635283,-0.2457506984098266,-0.24577745078094698,0.8500000000000001,0.6042157383158133,,-0.21518087749489703,-0.14446322269900166,0.6249347736379027,,432.8917551858424,,0.10059617134986532,0.0036248033562817916,-0.010298633937338326,nan,0.5361764864431787
M0s1,c9_smooth_zero,0,K,STAYS AT C1,-0.09576371786527504,-0.2006030706218371,-0.09928581219628548,-0.2049222942394493,0.6001025792753363,0.09896448657675232,1.1941715962962198,0.6800414112380545,0.22291317140326322,0.8503957400641282,1.682884111529676,-0.21231372269933713,-0.2457506984098266,-0.24577745078094698,0.8500000000000001,0.5997371726607941,,-0.21518087749489703,-0.14446322269900166,0.6249347736379027,,434.4892209298848,,0.09397601757439045,0.0026944228042398155,-0.004906177604493501,nan,0.5361764864431787
M0s1,c9_scale_only,0,K,STAYS AT C1,-0.09576371786527502,-0.20060307062183708,-0.09928581219628548,-0.2049222942394493,0.6001025792753363,0.09896448657673379,1.19417159629622,0.6800414112379971,0.22291317140326766,0.8503957400641409,1.6828841115296849,-0.21231372269933646,-0.2457506984098266,-0.24577745078094698,0.8500000000000001,0.5997371726606231,,-0.21518087749489703,-0.14446322269900166,0.6249347736379027,,434.4892209298848,,0.09397601757439045,0.002694422804267349,-0.004906177604497999,nan,0.5361764864431787
M0s1,c9_smooth_matched_s0,0,K,STAYS AT C1,-0.09576098279641211,-0.20058985448197614,-0.09928581219628548,-0.2049222942394493,0.6001025792753363,0.099106019480324,1.194198946984849,0.6841214576617427,0.22309241363298743,0.8506670325227028,1.677308198365892,-0.2122868363648785,-0.2457506984098266,-0.24577745078094698,0.8500000000000001,0.5995844721711381,True,-0.21518087749489703,-0.14446322269900166,0.6249347736379027,,434.4892209298848,,0.09356309703456533,0.002665672424342791,-0.005769354670441156,0.9757171009032519,0.5361764864431787
M0s1,c9_smooth_matched_s1,0,K,STAYS AT C1,-0.10909560500288432,-0.2065355897336625,-0.09928581219628548,-0.2049222942394493,0.6001025792753363,0.11440441848729256,1.0608527249201272,1.2881145647011998,0.24444365594853557,0.8495842157418639,2.019646263273527,-0.26112320847921094,-0.2457506984098266,-0.24577745078094698,0.8500000000000001,0.6075397512466347,True,-0.21518087749489703,-0.14446322269900166,0.6249347736379027,,432.8917551858424,,0.07224151781940957,0.003813060669759283,-0.005529197638475507,0.9740829334456154,0.5361764864431787
M0s1,c9_smooth_null,0,K,STAYS AT C1,-0.09546441068831558,-0.20053830457998315,-0.09928581219628548,-0.2049222942394493,0.6001025792753363,0.09937101546627687,1.1971646680658143,0.6784028054443747,0.26080690442292165,0.867941286322639,1.0794293173667762,-0.20662966274638836,-0.2457506984098266,-0.24577745078094698,0.8500000000000001,0.5992963479905034,True,-0.21518087749489703,-0.14446322269900166,0.6249347736379027,,434.4892209298848,,0.09849405948592294,0.0027565735322615526,-0.005140558653988906,0.9761160923199788,0.5361764864431787
M0s1,c9_fine_zero,0,K,STAYS AT C1,-0.09626604127190314,-0.20032329242525085,-0.09928581219628548,-0.2049222942394493,0.6001025792753363,0.09714133436865754,1.1891483622299388,0.6632188733985633,0.25040108668181166,0.8234457064932659,1.8288942050006163,-0.20819053540755486,-0.2457506984098266,-0.24577745078094698,0.8500000000000001,0.5983492778973454,,-0.21518087749489703,-0.14446322269900166,0.6249347736379027,,434.4892209298848,,0.08930683095747094,0.0029672514726011012,-0.00357775016715717,nan,0.5361764864431787
M0s1,c9_fine_matched_s0,0,K,STAYS AT C1,-0.09591455816426393,-0.19981301019454517,-0.09928581219628548,-0.2049222942394493,0.6001025792753363,0.09582838437842654,1.192663193306331,0.7277175803719715,0.25749635242951263,0.8268327156897294,1.7622976027374797,-0.2071262455453997,-0.2457506984098266,-0.24577745078094698,0.8500000000000001,0.5975514252778873,True,-0.21518087749489703,-0.14446322269900166,0.6249347736379027,,434.4892209298848,,0.09268630896276919,0.0030810821682562828,-0.006945741746273098,0.9758779190829944,0.5361764864431787
M0s1,c9_fine_matched_s1,0,K,STAYS AT C1,-0.10907621205912975,-0.2058823160101137,-0.09928581219628548,-0.2049222942394493,0.6001025792753363,0.11069189983649246,1.0610466543576729,1.1003641538936315,0.2104531107988815,0.7650186861495939,1.9146870953637518,-0.24843837904037044,-0.2457506984098266,-0.24577745078094698,0.8500000000000001,0.605798791484912,True,-0.21518087749489703,-0.14446322269900166,0.6249347736379027,,432.8917551858424,,0.07697923613146251,0.004118114436702736,-0.00899896211604827,0.974182437127202,0.5361764864431787
M0s1,c9_fine_null,0,K,STAYS AT C1,-0.09609791748731636,-0.199903201332036,-0.09928581219628548,-0.2049222942394493,0.6001025792753363,0.09440636063961542,1.1908296000758067,0.7245020044726851,0.3487312129273294,0.8207329463645451,1.6820088765000638,-0.20897677535711107,-0.2457506984098266,-0.24577745078094698,0.95,0.5978223394793851,True,-0.21518087749489703,-0.14446322269900166,0.6249347736379027,,434.4892209298848,,0.08876686914148468,0.0031034076142592293,-0.0023893579565082363,0.9760650659561246,0.5361764864431787
M0s1,c9_raw_zero,0,K,STAYS AT C1,-0.0955211626194065,-0.20055867338697672,-0.09928581219628548,-0.2049222942394493,0.6001025792753363,0.09842393802983611,1.1965971487549052,1.1171276376364563,0.33872919127493983,0.8787575087033078,1.9148187284902456,-0.21404363086977235,-0.2457506984098266,-0.24577745078094698,0.8500000000000001,0.5944849169237192,,-0.21518087749489703,-0.14446322269900166,0.6249347736379027,,434.4892209298848,,0.108275553121147,0.0034687760829004155,-0.0035275903482340962,nan,0.5361764864431787
M0s1,c9_raw_matched_s0,0,K,STAYS AT C1,-0.09664023089048614,-0.19795333437322157,-0.09928581219628548,-0.2049222942394493,0.6001025792753363,0.08218159151279901,1.1854064660441088,1.0659204425793267,0.4066867167037778,0.9112702165221811,1.3095951298187845,-0.20483590440439692,-0.2457506984098266,-0.24577745078094698,1.05,0.5835581788016688,True,-0.21518087749489703,-0.14446322269900166,0.6249347736379027,,434.4892209298848,,0.24854584161395588,0.006141400600421898,-0.014162037696989094,0.9835297502351261,0.5361764864431787
M0s1,c9_raw_matched_s1,0,K,STAYS AT C1,-0.10709283509131237,-0.2047658135444332,-0.09928581219628548,-0.2049222942394493,0.6001025792753363,0.12388051486670501,1.0808804240358465,1.1102125725126681,0.3010710977245904,0.7966868646258252,2.1027776737066834,-0.25318860581180513,-0.2457506984098266,-0.24577745078094698,0.8500000000000001,0.5954472835213347,True,-0.21518087749489703,-0.14446322269900166,0.6249347736379027,,432.8917551858424,,0.15470736735058654,0.005955767658448519,-0.01061261577089327,0.9807366286918726,0.5361764864431787
M0s1,c9_raw_null,0,K,STAYS AT C1,-0.09396805901880148,-0.19853623509359825,-0.09928581219628548,-0.2049222942394493,0.6001025792753363,0.09575461815907439,1.2121281847609555,0.9127459191323891,0.34139470412315215,0.9438536878577825,1.3869190651741858,-0.21051945187405277,-0.2457506984098266,-0.24577745078094698,0.8500000000000001,0.5837952658701775,True,-0.21518087749489703,-0.14446322269900166,0.6249347736379027,,434.4892209298848,,0.18081002220217268,0.005496661439326783,-0.002944541398544898,0.9835292614110732,0.5361764864431787
M0s1,c9_planted_A50,0,K,OVERSHOOTS,0.26341985459034906,-0.004857493618808049,-0.09928581219628548,-0.2049222942394493,0.6001025792753363,3.627056667866345,4.786007320852461,8.426174176425938,3.242622375669729,3.982995438282923,9.713808118812928,-0.031192253463754847,-0.2457506984098266,-0.24577745078094698,1.35,0.24748629873550976,False,-0.21518087749489703,-0.14446322269900166,0.6249347736379027,,2428.666904079044,,2.2920958575722716,0.03292220914369465,-0.027256560237899585,1.202865871990402,0.5361764864431787
M0s1,driver_tau0_s0,0,K,REPRODUCES,-0.2694184479631077,-0.0982000637772396,-0.09928581219628548,-0.2049222942394493,0.6001025792753363,1.7013263576682225,0.5423757046821067,5.411165307243607,1.6240275831743836,0.8322651055124946,4.174429298807525,-0.27425672998592754,-0.2457506984098266,-0.24577745078094698,0.55,0.6861884741294655,False,-0.21518087749489703,-0.14446322269900166,0.6249347736379027,0.011258867907445246,,0.0,0.2516264281840015,0.006906600389178452,-0.007664390747105692,0.9266265703838665,0.5361764864431787
M0s1,driver_tau0_s1,0,K,REPRODUCES,-0.28576267857776955,-0.08936119804411498,-0.09928581219628548,-0.2049222942394493,0.6001025792753363,1.8647686638148409,0.7058180108287251,9.132823508464323,1.5731227709877458,0.7813602933258567,7.84518956607733,-0.28895684254937404,-0.2457506984098266,-0.24577745078094698,0.55,0.6614233489156529,True,-0.21518087749489703,-0.14446322269900166,0.6249347736379027,0.011258867907445246,,0.0,0.20127257802360354,0.005040642705983145,0.006509628539963238,0.9679632365918571,0.5361764864431787
M0s1,driver_tau2_s0,0,K,REPRODUCES,-0.25379607911531016,-0.10435825724250794,-0.09928581219628548,-0.2049222942394493,0.6001025792753363,1.545102669190247,0.40104965456493724,3.220729989562598,1.5163656223258635,0.7246031446639744,2.536077819777497,-0.26703611571522673,-0.2457506984098266,-0.24577745078094698,0.55,0.6839696732569075,False,-0.21518087749489703,-0.14446322269900166,0.6249347736379027,0.005964564896846103,,2.0,0.193854367136157,0.005015796861014721,0.005137669615377945,0.9303962066618577,0.5361764864431787
M0s1,driver_tau2_s1,0,K,REPRODUCES,-0.2690673739932543,-0.09504826508583607,-0.09928581219628548,-0.2049222942394493,0.6001025792753363,1.6978156179696884,0.5388649649835727,6.080251892558565,1.4407393518149456,0.6489768741530566,4.792617950171573,-0.2775941507071519,-0.2457506984098266,-0.24577745078094698,0.55,0.6493868428933764,True,-0.21518087749489703,-0.14446322269900166,0.6249347736379027,0.005964564896846103,,2.0,0.15680450830211035,0.00481051602863003,0.018604848034768407,0.978804784711988,0.5361764864431787
M0s1,driver_tau5_s0,0,K,REPRODUCES,-0.23666102782203516,-0.11598077035737314,-0.09928581219628548,-0.2049222942394493,0.6001025792753363,1.3737521562574966,0.2848245234162852,2.604576484856175,1.3585588817421836,0.5667964040802946,1.6184624316816791,-0.25307333920912284,-0.2457506984098266,-0.24577745078094698,0.55,0.6710749553174309,False,-0.21518087749489703,-0.14446322269900166,0.6249347736379027,0.004065145774662135,,5.0,0.15438937834412103,0.004381772509888027,-0.007651958735642682,0.9397891565258691,0.5361764864431787
M0s1,driver_tau5_s1,0,K,REPRODUCES,-0.23908721197070135,-0.11541813098117538,-0.09928581219628548,-0.2049222942394493,0.6001025792753363,1.3980139977441586,0.29045091717826277,4.146444951836634,1.223498590248978,0.4448000224294981,2.858811009449642,-0.25196872258266434,-0.2457506984098266,-0.24577745078094698,0.55,0.6420875499739445,True,-0.21518087749489703,-0.14446322269900166,0.6249347736379027,0.004065145774662135,,5.0,0.11824263157602122,0.005508982125919659,0.0018945018172090802,0.9819293936897154,0.5361764864431787
M0s1,driver_tau10_s0,0,K,REPRODUCES,-0.20192363475830472,-0.13817354573418533,-0.09928581219628548,-0.2049222942394493,0.6001025792753363,1.0263782256201923,0.13257242736592317,2.5825440558374946,1.004101577843651,0.27842149694474,1.715460127260946,-0.2296997298236576,-0.2457506984098266,-0.24577745078094698,0.55,0.6547332632241346,False,-0.21518087749489703,-0.14446322269900166,0.6249347736379027,0.003284159059614565,,10.0,0.11501385911346018,0.004065685150661524,-0.0026850233550107004,0.943888421674163,0.5361764864431787
M0s1,driver_tau10_s1,0,K,REPRODUCES,-0.2201010548128123,-0.14025585880091695,-0.09928581219628548,-0.2049222942394493,0.6001025792753363,1.2081524261652683,0.05804022710202576,2.6545424301685014,0.9363394786596698,0.4423644524752088,1.417806421732419,-0.23972024392062852,-0.2457506984098266,-0.24577745078094698,0.55,0.6279644745506459,True,-0.21518087749489703,-0.14446322269900166,0.6249347736379027,0.003284159059614565,,10.0,0.13749405953977734,0.005969946123429132,0.0037193215374360165,0.9888007638009458,0.5361764864431787
M0s1,driver_tau20_s0,0,K,REPRODUCES,-0.16842512249224972,-0.17181872675982568,-0.09928581219628548,-0.2049222942394493,0.6001025792753363,0.6913931029596424,0.4675575500264731,2.9802081813369217,0.6402362280805451,0.43879429853297636,1.7434721729008396,-0.2079372320735734,-0.2457506984098266,-0.24577745078094698,0.95,0.6391532719178197,True,-0.21518087749489703,-0.14446322269900166,0.6249347736379027,0.002710625928135868,,20.0,0.12602526100060052,0.0034897700978827606,0.009636301147138754,0.9626212359628787,0.5361764864431787
M0s1,driver_tau20_s1,0,K,REPRODUCES,-0.16481717702628426,-0.17118653846147633,-0.09928581219628548,-0.2049222942394493,0.6001025792753363,0.6553136482999878,0.5036370046861277,2.6478191163844107,0.4913358791555702,0.34621160285720803,1.7685584219436679,-0.20659492949998648,-0.2457506984098266,-0.24577745078094698,0.95,0.641793137576915,True,-0.21518087749489703,-0.14446322269900166,0.6249347736379027,0.002710625928135868,,20.0,0.07904367246647137,0.004087490162014901,0.004702096367226147,0.9548350955792724,0.5361764864431787
M0s1,driver_tau40_s0,0,K,REPRODUCES,-0.13659583823016613,-0.1898772839300383,-0.09928581219628548,-0.2049222942394493,0.6001025792753363,0.37310026033880656,0.7858503926473089,2.345113014967162,0.44967451473461706,0.5573114574755538,2.307522282263368,-0.21728229473926441,-0.2457506984098266,-0.24577745078094698,0.8500000000000001,0.6253295384036146,True,-0.21518087749489703,-0.14446322269900166,0.6249347736379027,0.0025023116528793093,,40.0,0.09079409911662184,0.004517113966630681,-0.0009734702647968529,0.9563297056300621,0.5361764864431787
M0s1,driver_tau40_s1,0,K,REPRODUCES,-0.12904837060204002,-0.1903428111812955,-0.09928581219628548,-0.2049222942394493,0.6001025792753363,0.29762558405754547,0.8613250689285701,1.8035430143193885,0.26248645349259897,0.5928746456613806,1.5120435782153856,-0.22087845285420063,-0.2457506984098266,-0.24577745078094698,0.95,0.6292104525736825,False,-0.21518087749489703,-0.14446322269900166,0.6249347736379027,0.0025023116528793093,,40.0,0.11891121390858528,0.00527904915277444,0.010651403321794426,0.9487405496202654,0.5361764864431787
M0s1,driver_tau80_s0,0,K,STAYS AT C1,-0.11353243307919797,-0.19046495522711163,-0.09928581219628548,-0.2049222942394493,0.6001025792753363,0.14457339012337672,1.0164844441569905,1.5892726053951638,0.14884734839381447,0.7278184316222214,1.2793204367558053,-0.22806464844752314,-0.2457506984098266,-0.24577745078094698,0.8500000000000001,0.6177779454077742,True,-0.21518087749489703,-0.14446322269900166,0.6249347736379027,0.0024418601906310332,,80.0,0.1182620260144569,0.004865934640048336,0.010369169607603819,0.9604405835246155,0.5361764864431787
M0s1,driver_tau80_s1,0,K,STAYS AT C1,-0.11468926283968649,-0.1960332168413907,-0.09928581219628548,-0.2049222942394493,0.6001025792753363,0.15403450643401012,1.0049161465521055,2.570412173198525,0.23408604665838062,0.8095293170718411,2.401476348250695,-0.2350447117112341,-0.2457506984098266,-0.24577745078094698,0.8500000000000001,0.6138877518747997,True,-0.21518087749489703,-0.14446322269900166,0.6249347736379027,0.0024418601906310332,,80.0,0.1817392591706608,0.0072641899013839994,0.011248591391309069,0.9610180022653927,0.5361764864431787
M0s1,driver_tauc1_s0,0,K,STAYS AT C1,-0.048150682873164395,-0.22702551668909354,-0.09928581219628548,-0.2049222942394493,0.6001025792753363,0.5113512932312108,1.6703019462173263,2.0161416865541155,0.25663306041118183,0.997166106860142,2.4010139589292305,-0.24800213344675415,-0.2457506984098266,-0.24577745078094698,0.95,0.6164340703992554,False,-0.21518087749489703,-0.14446322269900166,0.6249347736379027,0.0029995346826992095,,434.4892209298848,0.1756588690492915,0.0046104376424219995,0.002660293744596039,0.9169650059824972,0.5361764864431787
M0s1,driver_tauc1_s1,0,K,STAYS AT C1,-0.08347300664551809,-0.20004667402889276,-0.09928581219628548,-0.2049222942394493,0.6001025792753363,0.1581280555076739,1.3170787084937896,3.150297289717249,0.18640257639991287,0.8705214411667228,3.3192331146650784,-0.2291743018271958,-0.2457506984098266,-0.24577745078094698,0.8500000000000001,0.6023789644916012,False,-0.21518087749489703,-0.14446322269900166,0.6249347736379027,0.0029995346826992095,,434.4892209298848,0.33180260429308017,0.00711928981857618,0.004098664994281566,0.9498335217305762,0.5361764864431787
M0s1,c1_regen_s0,0,O,REPRODUCES,-0.2590958606778104,-0.15374387665737707,-0.26162432638606553,-0.15118496478311355,0.5243870373364607,0.06200338282794083,0.8988301759836176,1.4809089059208933,0.16745721462889646,0.6296760282907797,3.6179883048002246,-0.27446475666472914,-0.2742351041902862,-0.400655436727606,0.6500000000000001,0.522382595835529,,-0.34897887827617213,-0.09129307047650749,0.520950356374065,,280.18190128750825,,0.08373553596318928,0.004041813338820088,-0.020402676694604965,nan,0.6768820323556106
M0s1,c1_regen_s1,0,O,REPRODUCES,-0.2641527920943207,-0.14862605290885006,-0.26162432638606553,-0.15118496478311355,0.5243870373364607,0.06200338282794081,0.8482608618185145,1.480908905920893,0.16745721462889626,0.45193882543191644,4.745995054251797,-0.27400545171584323,-0.2742351041902862,-0.400655436727606,0.6500000000000001,0.5263914788373925,,-0.34897887827617213,-0.09129307047650749,0.520950356374065,,283.34167287111825,,0.09188199235621042,0.002910362966429547,-0.005121420192508513,nan,0.6768820323556106
M0s1,c9_smooth_zero,0,O,REPRODUCES,-0.2608963091425422,-0.15372007795414477,-0.26162432638606553,-0.15118496478311355,0.5243870373364607,0.04863597257566382,0.8808256913362994,4.74521331500747,0.12905943062230862,0.6751885296999453,2.676046326440778,-0.27700686888027004,-0.2742351041902862,-0.400655436727606,0.6500000000000001,0.5249365130454554,,-0.34897887827617213,-0.09129307047650749,0.520950356374065,,280.18190128750825,,0.07263345486886719,0.004351687846573582,-0.017513951294909708,nan,0.6768820323556106
M0s1,c9_scale_only,0,O,REPRODUCES,-0.260896309142542,-0.1537200779541451,-0.26162432638606553,-0.15118496478311355,0.5243870373364607,0.048635972575667846,0.8808256913363011,4.745213315007587,0.12905943062230457,0.6751885296999356,2.6760463264408956,-0.2770068688802681,-0.2742351041902862,-0.400655436727606,0.6500000000000001,0.5249365130454233,,-0.34897887827617213,-0.09129307047650749,0.520950356374065,,280.18190128750825,,0.07263345486887429,0.004351687846556207,-0.017513951294911647,nan,0.6768820323556106
M0s1,c9_smooth_matched_s0,0,O,REPRODUCES,-0.26083506723436767,-0.15366074902673,-0.26162432638606553,-0.15118496478311355,0.5243870373364607,0.04765780094721672,0.8814381104180447,4.734650588214543,0.12746403579532106,0.6776865593168769,2.6654835996478514,-0.27702695591655113,-0.2742351041902862,-0.400655436727606,0.6500000000000001,0.5248542269157752,True,-0.34897887827617213,-0.09129307047650749,0.520950356374065,,280.18190128750825,,0.07212193784015541,0.004378694537782835,-0.017777895283006852,0.9520853735182041,0.6768820323556106
M0s1,c9_smooth_matched_s1,0,O,REPRODUCES,-0.26556077745151735,-0.14802087508268766,-0.26162432638606553,-0.15118496478311355,0.5243870373364607,0.08129924065716874,0.8341810082465478,1.5010914813006782,0.25835544505345776,0.4302403113502277,4.575476398861959,-0.27726022882809653,-0.2742351041902862,-0.400655436727606,0.6500000000000001,0.5282279336951464,True,-0.34897887827617213,-0.09129307047650749,0.520950356374065,,283.34167287111825,,0.07585246382611288,0.0026080553799068262,-0.006853582900044281,0.9522506467700882,0.6768820323556106
M0s1,c9_smooth_null,0,O,REPRODUCES,-0.2612409953410613,-0.15384206239007064,-0.26162432638606553,-0.15118496478311355,0.5243870373364607,0.04659356952369496,0.8773788293511081,6.02023415673181,0.15438545444239912,0.6939252322462912,3.9510671681651184,-0.27752495186466747,-0.2742351041902862,-0.400655436727606,0.6500000000000001,0.5252018733970238,True,-0.34897887827617213,-0.09129307047650749,0.520950356374065,,280.18190128750825,,0.07616643294314418,0.0042449303498329205,-0.01771698099739837,0.9521894231849708,0.6768820323556106
M0s1,c9_fine_zero,0,O,REPRODUCES,-0.2606706920968426,-0.15324204901352179,-0.26162432638606553,-0.15118496478311355,0.5243870373364607,0.05145883323722705,0.8830818617932951,2.802938734507581,0.1705159360367453,0.582454111894162,2.0931995154944816,-0.27716001679361485,-0.2742351041902862,-0.400655436727606,0.6500000000000001,0.5245602469435878,,-0.34897887827617213,-0.09129307047650749,0.520950356374065,,280.18190128750825,,0.06948781370028456,0.004643178034559714,-0.01764702895036019,nan,0.6768820323556106
M0s1,c9_fine_matched_s0,0,O,REPRODUCES,-0.2604567584444278,-0.15286841109232333,-0.26162432638606553,-0.15118496478311355,0.5243870373364607,0.04848546627499926,0.8852211983174435,2.787653088769345,0.1587050919803181,0.586549989259632,2.034279095080304,-0.2769305285139881,-0.2742351041902862,-0.400655436727606,0.6500000000000001,0.5238782677396039,True,-0.34897887827617213,-0.09129307047650749,0.520950356374065,,280.18190128750825,,0.06997184281557489,0.004564043969276899,-0.01779583462561348,0.9523943668536031,0.6768820323556106
M0s1,c9_fine_matched_s1,0,O,REPRODUCES,-0.2662035113245316,-0.14735770391770436,-0.26162432638606553,-0.15118496478311355,0.5243870373364607,0.07795958893412692,0.827753669516405,1.5960532749800733,0.29582566089749346,0.43355642002249656,4.470933218012136,-0.2767628125272562,-0.2742351041902862,-0.400655436727606,0.6500000000000001,0.5278671180914243,True,-0.34897887827617213,-0.09129307047650749,0.520950356374065,,283.34167287111825,,0.07277731339713656,0.0027272166260371433,-0.006929152738914325,0.9518805823436701,0.6768820323556106
M0s1,c9_fine_null,0,O,REPRODUCES,-0.26061269936708215,-0.15314172151094294,-0.26162432638606553,-0.15118496478311355,0.5243870373364607,0.049033208931995205,0.8836617890908999,5.945607066562209,0.12402844747033265,0.5629869791815941,3.8764400779955173,-0.27745474095075195,-0.2742351041902862,-0.400655436727606,0.6500000000000001,0.5240121896153431,True,-0.34897887827617213,-0.09129307047650749,0.520950356374065,,280.18190128750825,,0.07401493313384089,0.00449465788730069,-0.017747283252804256,0.9525388720596797,0.6768820323556106
M0s1,c9_raw_zero,0,O,REPRODUCES,-0.2607298769660685,-0.153117284963908,-0.26162432638606553,-0.15118496478311355,0.5243870373364607,0.05655652338270263,0.8824900131010366,2.670912743619462,0.2427927462856235,0.58819596262282,3.2945438337842723,-0.2757040232901882,-0.2742351041902862,-0.400655436727606,0.6500000000000001,0.522316944637036,,-0.34897887827617213,-0.09129307047650749,0.520950356374065,,280.18190128750825,,0.08229978080589317,0.004204434458309758,-0.018920425687460277,nan,0.6768820323556106
M0s1,c9_raw_matched_s0,0,O,REPRODUCES,-0.26027574659197905,-0.15102981406329755,-0.26162432638606553,-0.15118496478311355,0.5243870373364607,0.052932296711213356,0.8870313168419308,3.153700049368232,0.2423110317080422,0.6173839097568035,3.91443497715242,-0.2747465945184352,-0.2742351041902862,-0.400655436727606,0.6500000000000001,0.5172733674351522,True,-0.34897887827617213,-0.09129307047650749,0.520950356374065,,280.18190128750825,,0.13294501255848035,0.005001689210068494,-0.020877830448198284,0.9569201589626244,0.6768820323556106
M0s1,c9_raw_matched_s1,0,O,REPRODUCES,-0.26623059011447153,-0.14691611213799158,-0.26162432638606553,-0.15118496478311355,0.5243870373364607,0.07767579640013494,0.827482881617006,3.1220020249679754,0.20601224666497572,0.44310274511219644,4.707846227935674,-0.2753308637638012,-0.2742351041902862,-0.400655436727606,0.6500000000000001,0.5186379778774661,True,-0.34897887827617213,-0.09129307047650749,0.520950356374065,,283.34167287111825,,0.12904801344827943,0.004362099259408003,-0.009397960529397264,0.9563816867254361,0.6768820323556106
M0s1,c9_raw_null,0,O,REPRODUCES,-0.26123910407653084,-0.15133974790045174,-0.26162432638606553,-0.15118496478311355,0.5243870373364607,0.0516690413067648,0.877397741996413,2.5492836612130683,0.25164039260272675,0.5927956243485396,2.610784000732074,-0.2755138357736374,-0.2742351041902862,-0.400655436727606,0.6500000000000001,0.517525791950065,True,-0.34897887827617213,-0.09129307047650749,0.520950356374065,,280.18190128750825,,0.11598550675784036,0.004932985206163809,-0.011859245943418223,0.9559613362809888,0.6768820323556106
M0s1,c9_planted_A50,0,O,OVERSHOOTS,0.009077858734155142,-0.08867754748323416,-0.26162432638606553,-0.15118496478311355,0.5243870373364607,2.707021851202206,3.5805673701032723,12.127410462679654,0.10940013848282434,3.479062136470805,10.137319314179717,-0.12052621008169319,-0.2742351041902862,-0.400655436727606,1.55,0.23555719475835823,False,-0.34897887827617213,-0.09129307047650749,0.520950356374065,,2553.1381228423184,,2.547825809778879,0.045841626367476934,-0.001824152732657418,1.2275526128095229,0.6768820323556106
M0s1,driver_tau0_s0,0,O,REPRODUCES,-0.31957257987423937,-0.09133194081595342,-0.26162432638606553,-0.15118496478311355,0.5243870373364607,0.5985302396716013,0.2940629840193276,8.636321900363882,0.704519832339244,0.29981810771642103,5.631389542347239,-0.3276434546217201,-0.2742351041902862,-0.400655436727606,0.6500000000000001,0.5818023176173569,False,-0.34897887827617213,-0.09129307047650749,0.520950356374065,0.01629003219686091,,0.0,0.23741797601010495,0.005629249348688692,0.007078605863895705,0.8779720028344025,0.6768820323556106
M0s1,driver_tau0_s1,0,O,REPRODUCES,-0.35948483534092573,-0.05940606149290546,-0.26162432638606553,-0.15118496478311355,0.5243870373364607,0.978605089548602,0.3188700898360203,7.587427885879747,0.9357503499844899,0.4461258244130075,6.114570298974959,-0.36175013436947157,-0.2742351041902862,-0.400655436727606,0.6500000000000001,0.5634504871494475,False,-0.34897887827617213,-0.09129307047650749,0.520950356374065,0.01629003219686091,,0.0,0.2753359725557525,0.005668294761319581,-0.011970390119087859,0.9205690781988282,0.6768820323556106
M0s1,driver_tau2_s0,0,O,REPRODUCES,-0.33064228357274694,-0.07486280367326184,-0.26162432638606553,-0.15118496478311355,0.5243870373364607,0.763221611098517,0.1833659470342519,7.151828400647933,0.6999025363248783,0.30968013859860183,3.1840803385593186,-0.35101148708870633,-0.2742351041902862,-0.400655436727606,0.6500000000000001,0.5860138444330818,False,-0.34897887827617213,-0.09129307047650749,0.520950356374065,0.008861336950194016,,2.0,0.18905227799907998,0.004492302320949992,-0.005252266785808912,0.8759351648103542,0.6768820323556106
M0s1,driver_tau2_s1,0,O,REPRODUCES,-0.359857199514718,-0.06643757494183818,-0.26162432638606553,-0.15118496478311355,0.5243870373364607,0.9823287312865248,0.24855495534669314,11.428160853085487,0.7789292165174718,0.3311223350092733,7.266941728500318,-0.36034024318775876,-0.2742351041902862,-0.400655436727606,0.6500000000000001,0.5525470943561779,False,-0.34897887827617213,-0.09129307047650749,0.520950356374065,0.008861336950194016,,2.0,0.27617223834625415,0.004990971150336129,-0.004521942337321369,0.9355541343447125,0.6768820323556106
M0s1,driver_tau5_s0,0,O,REPRODUCES,-0.33062497903798305,-0.07689652233537767,-0.26162432638606553,-0.15118496478311355,0.5243870373364607,0.7428844244773588,0.18353899238189086,5.085202456576238,0.7178378694549592,0.33349235375467073,2.440540152090005,-0.34776685153361486,-0.2742351041902862,-0.400655436727606,0.6500000000000001,0.578232342226458,False,-0.34897887827617213,-0.09129307047650749,0.520950356374065,0.00608174206743488,,5.0,0.16650340663790741,0.003993673302856826,-0.018624144577227598,0.8919584864829938,0.6768820323556106
M0s1,driver_tau5_s1,0,O,REPRODUCES,-0.35236350053488447,-0.08195621864698976,-0.26162432638606553,-0.15118496478311355,0.5243870373364607,0.9073917414881894,0.11016237501084855,7.68043289408376,0.6758147332505171,0.29456320566152144,6.270807229526418,-0.3576651872089037,-0.2742351041902862,-0.400655436727606,0.6500000000000001,0.5425324963657867,False,-0.34897887827617213,-0.09129307047650749,0.520950356374065,0.00608174206743488,,5.0,0.21916607835625435,0.004170217864055359,-0.027577274363503306,0.9444265479519367,0.6768820323556106
M0s1,driver_tau10_s0,0,O,REPRODUCES,-0.2993273492309458,-0.10743807974804022,-0.26162432638606553,-0.15118496478311355,0.5243870373364607,0.4374688503507333,0.4965152904522635,3.264626880205334,0.45473944049562176,0.2647221306440764,1.9024134391950913,-0.3222996184165251,-0.2742351041902862,-0.400655436727606,0.6500000000000001,0.5648456106130486,False,-0.34897887827617213,-0.09129307047650749,0.520950356374065,0.004912339931915273,,10.0,0.11042051114465501,0.003052290185787579,-0.0016947382870893416,0.9010659246110999,0.6768820323556106
M0s1,driver_tau10_s1,0,O,REPRODUCES,-0.3313874163213465,-0.09121246775179954,-0.26162432638606553,-0.15118496478311355,0.5243870373364607,0.6976308993528096,0.17591461954825638,5.594320104299458,0.6235912227262382,0.17368652191251074,4.5380846606122605,-0.3371632142445899,-0.2742351041902862,-0.400655436727606,0.6500000000000001,0.5479187623477537,False,-0.34897887827617213,-0.09129307047650749,0.520950356374065,0.004912339931915273,,10.0,0.15973909198627334,0.00495738272030255,-0.004673680339113981,0.9334121359365287,0.6768820323556106
M0s1,driver_tau20_s0,0,O,REPRODUCES,-0.28108332196058494,-0.12618750125138517,-0.26162432638606553,-0.15118496478311355,0.5243870373364607,0.2499746353172838,0.6789555631558719,2.0899669161154755,0.6629226770003662,0.4213256720996039,3.6089539468232,-0.3001717014249471,-0.2742351041902862,-0.400655436727606,0.6500000000000001,0.5541223304162759,False,-0.34897887827617213,-0.09129307047650749,0.520950356374065,0.004339333651209804,,20.0,0.11528990797471383,0.005765855142210452,-0.035209250975063194,0.9065038999040019,0.6768820323556106
M0s1,driver_tau20_s1,0,O,REPRODUCES,-0.31265789385243387,-0.11274032375938799,-0.26162432638606553,-0.15118496478311355,0.5243870373364607,0.5103356746636833,0.3632098442373827,5.517941300493602,0.3990181052957325,0.20559192795707348,2.735905626047299,-0.3194737225630106,-0.2742351041902862,-0.400655436727606,0.6500000000000001,0.5352007015263336,True,-0.34897887827617213,-0.09129307047650749,0.520950356374065,0.004339333651209804,,20.0,0.1310199676010262,0.004832316262471159,0.019843867265023116,0.9502119763593825,0.6768820323556106
M0s1,driver_tau40_s0,0,O,REPRODUCES,-0.2713153260298139,-0.14224210057072567,-0.26162432638606553,-0.15118496478311355,0.5243870373364607,0.11329942634021643,0.7766355224635824,1.9694074380037994,0.3471584484597778,0.37772068296344424,6.1513991175298095,-0.28513817308611406,-0.2742351041902862,-0.400655436727606,0.6500000000000001,0.5560485738310519,False,-0.34897887827617213,-0.09129307047650749,0.520950356374065,0.004059755428980708,,40.0,0.04881533059693277,0.0037812384226032503,-0.005739905127888892,0.9090608807364808,0.6768820323556106
M0s1,driver_tau40_s1,0,O,REPRODUCES,-0.2885296386404045,-0.12278112922055429,-0.26162432638606553,-0.15118496478311355,0.5243870373364607,0.28403835562559265,0.6044923963576765,3.371212398818076,0.3551999532423463,0.2808251409493549,1.4923966179954105,-0.29967250438822746,-0.2742351041902862,-0.400655436727606,0.6500000000000001,0.5333408972714451,False,-0.34897887827617213,-0.09129307047650749,0.520950356374065,0.004059755428980708,,40.0,0.08731322662284313,0.003965047942176225,0.024776513367670467,0.9485070278729859,0.6768820323556106
M0s1,driver_tau80_s0,0,O,REPRODUCES,-0.25671271516065264,-0.1547313236893967,-0.26162432638606553,-0.15118496478311355,0.5243870373364607,0.12440589164707946,0.922661631155195,1.6413731319031593,0.24439170458084114,0.6016778748424794,5.812891679457776,-0.2759549319811865,-0.2742351041902862,-0.400655436727606,0.6500000000000001,0.539543759693568,False,-0.34897887827617213,-0.09129307047650749,0.520950356374065,0.0039112065284034716,,80.0,0.09825243566956088,0.004568371932181126,0.005771610460809813,0.9240399497860949,0.6768820323556106
M0s1,driver_tau80_s1,0,O,REPRODUCES,-0.2685807994222059,-0.15246550548602902,-0.26162432638606553,-0.15118496478311355,0.5243870373364607,0.1445123594462866,0.8039807885396622,2.945243015750204,0.22553031105925644,0.6283211573705388,2.5129407926467064,-0.28416795273921225,-0.2742351041902862,-0.400655436727606,0.6500000000000001,0.5339160621902699,False,-0.34897887827617213,-0.09129307047650749,0.520950356374065,0.0039112065284034716,,80.0,0.05524645464823941,0.003721176624146727,0.02181839489720614,0.9395329056062695,0.6768820323556106
M0s1,driver_tauc1_s0,0,O,STAYS AT C1,-0.20791235665907096,-0.16319931671253723,-0.26162432638606553,-0.15118496478311355,0.5243870373364607,0.5371196972699457,1.4106652161710116,2.6116310925874746,0.23534567660564037,0.7509688692337428,1.7499207052337766,-0.23893325269944013,-0.2742351041902862,-0.400655436727606,0.6500000000000001,0.5580789802787927,False,-0.34897887827617213,-0.09129307047650749,0.520950356374065,0.004462800090611973,,280.18190128750825,0.22300425963022708,0.005006477266929904,-0.005103259266811384,0.8711744719906653,0.6768820323556106
M0s1,driver_tauc1_s1,0,O,STAYS AT C1,-0.23751689186428207,-0.15439626070883772,-0.26162432638606553,-0.15118496478311355,0.5243870373364607,0.2410743452178346,1.1146198641189005,4.180859987943709,0.20275621339384192,0.7280432191106817,2.1116929993770177,-0.26390149221841314,-0.2742351041902862,-0.400655436727606,0.6500000000000001,0.5415517708861788,False,-0.34897887827617213,-0.09129307047650749,0.520950356374065,0.004462800090611973,,280.18190128750825,0.17697226893622853,0.004772130714474243,-0.004309336189073795,0.913879942455915,0.6768820323556106
M0s1,c1_regen_s0,0,MLP_OUT,STAYS AT C1,-0.24640714180679918,-0.15584950405563242,-0.22890138337543325,-0.15928738416769897,0.5543997034080639,0.17654864597223666,1.4096692160609514,2.162905991269768,0.25776154658837325,0.9056893626878697,1.660412833574922,-0.26089828800777615,-0.24941639554222161,-0.3970530244741402,0.6500000000000001,0.5303386452814327,,-0.3873740634128943,-0.05169880330176286,0.5300907400785166,,303.81173957885653,,0.08196197594516796,0.0037904863378266374,0.007543075049243506,nan,0.670956479196383
M0s1,c1_regen_s1,0,MLP_OUT,STAYS AT C1,-0.25080773656337807,-0.15666957410314916,-0.22890138337543325,-0.15928738416769897,0.5543997034080639,0.21906353187944816,1.3656632684951624,2.4657192950359037,0.25657907810097397,0.9956617472227022,1.8984633664963433,-0.2666968164113201,-0.24941639554222161,-0.3970530244741402,0.6500000000000001,0.5293437549113706,,-0.3873740634128943,-0.05169880330176286,0.5300907400785166,,299.96057633485935,,0.12038384600190799,0.0034355858238103165,-0.009270981306962077,nan,0.670956479196383
M0s1,c9_smooth_zero,0,MLP_OUT,STAYS AT C1,-0.24975073899117006,-0.15570452812850302,-0.22890138337543325,-0.15928738416769897,0.5543997034080639,0.2084935561573681,1.3762332442172425,1.7604811267260383,0.2166738906431488,0.921894645668994,2.9869061300074193,-0.26650646627816893,-0.24941639554222161,-0.3970530244741402,0.6500000000000001,0.5338695746807123,,-0.3873740634128943,-0.05169880330176286,0.5300907400785166,,303.81173957885653,,0.06401462760818033,0.0027082459622800314,0.011407166895965003,nan,0.670956479196383
M0s1,c9_scale_only,0,MLP_OUT,STAYS AT C1,-0.24975073899116965,-0.15570452812850322,-0.22890138337543325,-0.15928738416769897,0.5543997034080639,0.20849355615736392,1.3762332442172467,1.7604811267260667,0.21667389064314713,0.9218946456689985,2.9869061300074478,-0.26650646627816793,-0.24941639554222161,-0.3970530244741402,0.6500000000000001,0.5338695746807585,,-0.3873740634128943,-0.05169880330176286,0.5300907400785166,,303.81173957885653,,0.0640146276081861,0.002708245962247502,0.011407166895966762,nan,0.670956479196383
M0s1,c9_smooth_matched_s0,0,MLP_OUT,STAYS AT C1,-0.2702555226826137,-0.1423450411255312,-0.22890138337543325,-0.15928738416769897,0.5543997034080639,0.4135413930718046,1.171185407302806,4.684612510731622,0.25303181367552685,1.0038034983954702,1.7623310889895076,-0.28737116759355064,-0.24941639554222161,-0.3970530244741402,0.6500000000000001,0.5279022612154132,True,-0.3873740634128943,-0.05169880330176286,0.5300907400785166,,286.9281544694497,,0.03696724452111555,0.0031288222274900024,-0.0030194447520810173,0.9551698761938615,0.670956479196383
M0s1,c9_smooth_matched_s1,0,MLP_OUT,STAYS AT C1,-0.2742484893525966,-0.15429231669413507,-0.22890138337543325,-0.15928738416769897,0.5543997034080639,0.4534710597716335,1.131255740602977,4.185725663270347,0.4077566149499163,0.879524068298329,1.9303188510285694,-0.28576510164629204,-0.24941639554222161,-0.3970530244741402,0.6500000000000001,0.5248881463717038,True,-0.3873740634128943,-0.05169880330176286,0.5300907400785166,,283.5809425666049,,0.11346380089897057,0.004257826713274682,0.011272145796938322,0.9720511797186947,0.670956479196383
M0s1,c9_smooth_null,0,MLP_OUT,STAYS AT C1,-0.2703693310427611,-0.1410337998305183,-0.22890138337543325,-0.15928738416769897,0.5543997034080639,0.41467947667327865,1.170047323701332,3.5836879129127452,0.28998592018731306,1.057794627599146,2.9968987585770557,-0.28388118265140505,-0.24941639554222161,-0.3970530244741402,0.6500000000000001,0.5266053196780061,True,-0.3873740634128943,-0.05169880330176286,0.5300907400785166,,287.0471276246928,,0.17799248605950524,0.003851140317303048,0.01023691627091819,0.9621701506553705,0.670956479196383
M0s1,c9_fine_zero,0,MLP_OUT,STAYS AT C1,-0.24977649980552857,-0.1556649906102529,-0.22890138337543325,-0.15928738416769897,0.5543997034080639,0.2087511643009532,1.3759756360736575,1.886198465748507,0.19530434251748868,0.8723853019182645,2.482349645076209,-0.2658938971232169,-0.24941639554222161,-0.3970530244741402,0.6500000000000001,0.53203750144498,,-0.3873740634128943,-0.05169880330176286,0.5300907400785166,,303.81173957885653,,0.07672096091002878,0.0026545599287844945,0.007622310167350624,nan,0.670956479196383
M0s1,c9_fine_matched_s0,0,MLP_OUT,STAYS AT C1,-0.2698645444998902,-0.1391112035888671,-0.22890138337543325,-0.15928738416769897,0.5543997034080639,0.4096316112445697,1.175095189130041,3.3771132866677096,0.251379738684519,1.0191884460963523,1.25610267426478,-0.2836407607138271,-0.24941639554222161,-0.3970530244741402,0.6500000000000001,0.5256346103937017,True,-0.3873740634128943,-0.05169880330176286,0.5300907400785166,,287.1297080848138,,0.17396089461940312,0.0030265133495680774,0.008911348308921702,0.9618894600370796,0.670956479196383
M0s1,c9_fine_matched_s1,0,MLP_OUT,STAYS AT C1,-0.27436284622537616,-0.14486235089766902,-0.22890138337543325,-0.15928738416769897,0.5543997034080639,0.454614628499429,1.1301121718751816,2.7768889162040207,0.22209890502109308,0.7601364074371402,1.6616674897236847,-0.2827312312953856,-0.24941639554222161,-0.3970530244741402,0.6500000000000001,0.525295114978404,True,-0.3873740634128943,-0.05169880330176286,0.5300907400785166,,283.7016917625985,,0.06327250483648728,0.0030442120739267997,-0.005133301059152704,0.9682139581806554,0.670956479196383
M0s1,c9_fine_null,0,MLP_OUT,STAYS AT C1,-0.2817947916013044,-0.14478882678267266,-0.22890138337543325,-0.15928738416769897,0.5543997034080639,0.5289340822587113,1.0557927181158993,2.951231257726898,0.28564235544569294,0.6980687445566908,2.0301457815692747,-0.29226274885907555,-0.24941639554222161,-0.3970530244741402,0.6500000000000001,0.5359045606980872,True,-0.3873740634128943,-0.05169880330176286,0.5300907400785166,,287.09760684583597,,0.06804639815971125,0.003177729473226601,-0.01884284985029405,0.962711417482043,0.670956479196383
M0s1,c9_raw_zero,0,MLP_OUT,STAYS AT C1,-0.24864918575369702,-0.1548884813364782,-0.22890138337543325,-0.15928738416769897,0.5543997034080639,0.19747802378263762,1.387248776591973,1.9152333275205522,0.2024141415126583,0.8750045881726176,2.049470526829776,-0.26550100418506395,-0.24941639554222161,-0.3970530244741402,0.6500000000000001,0.5299032128768262,,-0.3873740634128943,-0.05169880330176286,0.5300907400785166,,303.81173957885653,,0.09027500110865994,0.00407274068339647,0.006909436106806187,nan,0.670956479196383
M0s1,c9_raw_matched_s0,0,MLP_OUT,STAYS AT C1,-0.2763216743944954,-0.14462787170452893,-0.22890138337543325,-0.15928738416769897,0.5543997034080639,0.47420291019062144,1.1105238901839891,6.760868720980244,0.30596118951682055,0.7731964935032314,3.639223425612171,-0.2807722183854719,-0.24941639554222161,-0.3970530244741402,0.6500000000000001,0.5265674886133125,True,-0.3873740634128943,-0.05169880330176286,0.5300907400785166,,288.5792289470695,,0.11288816529269585,0.004295379835526608,-0.021167836007341328,0.9650708461709604,0.670956479196383
M0s1,c9_raw_matched_s1,0,MLP_OUT,STAYS AT C1,-0.24982510926471516,-0.15435315201330876,-0.22890138337543325,-0.15928738416769897,0.5543997034080639,0.20923725889281902,1.3754895414817916,2.2842525225109296,0.3002387589859072,1.027505861352656,1.8832579727072856,-0.26561951774481707,-0.24941639554222161,-0.3970530244741402,0.6500000000000001,0.5219347557410263,True,-0.3873740634128943,-0.05169880330176286,0.5300907400785166,,299.96057633485935,,0.18943833978680713,0.0049135140567047875,-0.017633315403482546,0.9514800369995461,0.670956479196383
M0s1,c9_raw_null,0,MLP_OUT,STAYS AT C1,-0.2690131403122308,-0.1403286125500203,-0.22890138337543325,-0.15928738416769897,0.5543997034080639,0.40111756936797527,1.1836092310066353,6.3602243386980675,0.19573642467681526,0.940105183088658,3.2385790433299944,-0.2787768592437439,-0.24941639554222161,-0.3970530244741402,0.6500000000000001,0.5205903379559615,True,-0.3873740634128943,-0.05169880330176286,0.5300907400785166,,288.41496577650094,,0.25106905150175374,0.0049750197024682336,0.004963592641455959,0.9647220430562828,0.670956479196383
M0s1,c9_planted_A50,0,MLP_OUT,OVERSHOOTS,0.02856238766116248,-0.09919293145320167,-0.22890138337543325,-0.15928738416769897,0.5543997034080639,2.5746377103659572,4.159364510740568,6.1869136750642175,0.16943232430937177,3.179458442189264,7.4531850423164725,-0.10285711488630755,-0.24941639554222161,-0.3970530244741402,1.6500000000000001,0.23483423016693247,False,-0.3873740634128943,-0.05169880330176286,0.5300907400785166,,2637.2964308640676,,3.1357401924076838,0.04727398337460792,0.017689764451904063,1.2260822137701042,0.670956479196383
M0s1,driver_tau0_s0,0,MLP_OUT,REPRODUCES,-0.3361339003243386,-0.0649904369569941,-0.22890138337543325,-0.15928738416769897,0.5543997034080639,1.0723251694890534,0.5124016308855572,8.932988681938337,0.7712277534387946,0.40283132296675167,5.811343386570265,-0.33632699396594384,-0.24941639554222161,-0.3970530244741402,0.6500000000000001,0.5942666533182055,False,-0.3873740634128943,-0.05169880330176286,0.5300907400785166,0.015558921449727946,,0.0,0.2055049497903898,0.0049634451479422526,0.01693778006307013,0.8738503973074492,0.670956479196383
M0s1,driver_tau0_s1,0,MLP_OUT,REPRODUCES,-0.3562239973626186,-0.06485975628539178,-0.22890138337543325,-0.15928738416769897,0.5543997034080639,1.2732261398718536,0.31150066050275704,9.682216027632425,0.7290659717806085,0.27254537677307283,6.560570732264352,-0.3587762913093129,-0.24941639554222161,-0.3970530244741402,0.6500000000000001,0.5560548921062585,False,-0.3873740634128943,-0.05169880330176286,0.5300907400785166,0.015558921449727946,,0.0,0.3169997546884189,0.004768846557162726,0.0009141721062740961,0.9275795805223103,0.670956479196383
M0s1,driver_tau2_s0,0,MLP_OUT,REPRODUCES,-0.32439315031095,-0.08006765151036856,-0.22890138337543325,-0.15928738416769897,0.5543997034080639,0.9549176693551675,0.6298091310194431,6.630849069839841,0.7324078884539591,0.48256573372306083,3.5092037744717683,-0.32436683235249747,-0.24941639554222161,-0.3970530244741402,0.6500000000000001,0.5933017323202814,False,-0.3873740634128943,-0.05169880330176286,0.5300907400785166,0.008353673809432164,,2.0,0.1677584723367458,0.0033598727407734286,0.02022890318596626,0.8746155669158101,0.670956479196383
M0s1,driver_tau2_s1,0,MLP_OUT,REPRODUCES,-0.35825685005966384,-0.06963485690995026,-0.22890138337543325,-0.15928738416769897,0.5543997034080639,1.293554666842306,0.31237190338430754,7.749651511328626,0.7096397401556764,0.27259557230255677,6.007852780681762,-0.3558623565655731,-0.24941639554222161,-0.3970530244741402,0.6500000000000001,0.5525096664409082,False,-0.3873740634128943,-0.05169880330176286,0.5300907400785166,0.008353673809432164,,2.0,0.24521679234047555,0.005281596263473798,7.187762392740642e-05,0.9399562957482422,0.670956479196383
M0s1,driver_tau5_s0,0,MLP_OUT,REPRODUCES,-0.30788501671997953,-0.10267544621440763,-0.22890138337543325,-0.15928738416769897,0.5543997034080639,0.7898363334454628,0.7948904669291479,5.319566973989694,0.5869434769082793,0.5361156456220222,2.1979216786216216,-0.3163343455676533,-0.24941639554222161,-0.3970530244741402,0.6500000000000001,0.5813243579112066,False,-0.3873740634128943,-0.05169880330176286,0.5300907400785166,0.00575211468293652,,5.0,0.11823014233410101,0.0032250799156774423,0.0041171020441744645,0.886531941234098,0.670956479196383
M0s1,driver_tau5_s1,0,MLP_OUT,REPRODUCES,-0.34889743431007375,-0.07711041863163375,-0.22890138337543325,-0.15928738416769897,0.5543997034080639,1.199960509346405,0.3847662910282057,5.830224794406209,0.722821211010648,0.3212072507815715,4.563953427153953,-0.3485706047937209,-0.24941639554222161,-0.3970530244741402,0.6500000000000001,0.5475278970240613,False,-0.3873740634128943,-0.05169880330176286,0.5300907400785166,0.00575211468293652,,5.0,0.18108635994387523,0.00455931998332848,0.0045705660100927,0.9447468161363922,0.670956479196383
M0s1,driver_tau10_s0,0,MLP_OUT,REPRODUCES,-0.29993687301463856,-0.10383752965850643,-0.22890138337543325,-0.15928738416769897,0.5543997034080639,0.7103548963920531,0.8743719039825576,3.462321293992557,0.4611968313803402,0.5286756264831127,1.253038478462391,-0.3174503484384897,-0.24941639554222161,-0.3970530244741402,0.6500000000000001,0.5733769217612181,False,-0.3873740634128943,-0.05169880330176286,0.5300907400785166,0.004628771943037938,,10.0,0.08891853731171251,0.003668682238739285,0.00808297655948342,0.8983728249045705,0.670956479196383
M0s1,driver_tau10_s1,0,MLP_OUT,REPRODUCES,-0.32600636051963683,-0.08689502788074788,-0.22890138337543325,-0.15928738416769897,0.5543997034080639,0.9710497714420357,0.6136770289325749,4.345253321099267,0.5488357802351362,0.5001319240272649,3.0789819538470113,-0.3283552729781562,-0.24941639554222161,-0.3970530244741402,0.6500000000000001,0.5422011006615678,False,-0.3873740634128943,-0.05169880330176286,0.5300907400785166,0.004628771943037938,,10.0,0.21705830613798272,0.0048655417168774195,-0.0055806589688215495,0.9499795519819665,0.670956479196383
M0s1,driver_tau20_s0,0,MLP_OUT,STAYS AT C1,-0.26713879384953887,-0.1278716458082061,-0.22890138337543325,-0.15928738416769897,0.5543997034080639,0.38237410474105615,1.2023526956335544,3.2147386773736035,0.24227896032674937,0.745112824568351,2.9674467890326865,-0.28498476872570394,-0.24941639554222161,-0.3970530244741402,0.6500000000000001,0.551658573126349,False,-0.3873740634128943,-0.05169880330176286,0.5300907400785166,0.00404741541801822,,20.0,0.06584684375089012,0.002665891833257328,0.006561414894219019,0.9130626629109075,0.670956479196383
M0s1,driver_tau20_s1,0,MLP_OUT,REPRODUCES,-0.3028270999311284,-0.12122742841174129,-0.22890138337543325,-0.15928738416769897,0.5543997034080639,0.7392571655569513,0.8454696348176594,3.091233682063624,0.37877860797348895,0.6657206972734008,1.973736690489287,-0.3062029819909431,-0.24941639554222161,-0.3970530244741402,0.6500000000000001,0.5406745015493708,True,-0.3873740634128943,-0.05169880330176286,0.5300907400785166,0.00404741541801822,,20.0,0.12556165004023967,0.0031203446905129217,-0.007486276009883285,0.9546716119443627,0.670956479196383
M0s1,driver_tau40_s0,0,MLP_OUT,STAYS AT C1,-0.2632944500307557,-0.13912732084197862,-0.22890138337543325,-0.15928738416769897,0.5543997034080639,0.34393066655322435,1.2407961338213862,3.1207342349410294,0.3088691760842493,0.8005334960786045,3.2549714342502534,-0.2766716679991659,-0.24941639554222161,-0.3970530244741402,0.6500000000000001,0.5550663896996167,False,-0.3873740634128943,-0.05169880330176286,0.5300907400785166,0.0037792557996248104,,40.0,0.07834934577941466,0.002751039859799076,-0.00324837073246626,0.9155372925056401,0.670956479196383
M0s1,driver_tau40_s1,0,MLP_OUT,STAYS AT C1,-0.28245900387778566,-0.13558695778614108,-0.22890138337543325,-0.15928738416769897,0.5543997034080639,0.5355762050235241,1.0491505953510865,2.791281121610303,0.2673618768029148,0.7909070782558058,1.7844669482169628,-0.2895206770626588,-0.24941639554222161,-0.3970530244741402,0.6500000000000001,0.5363881041622991,False,-0.3873740634128943,-0.05169880330176286,0.5300907400785166,0.0037792557996248104,,40.0,0.13399349020098494,0.0033192567078890317,0.005963858459327827,0.9462263219125641,0.670956479196383
M0s1,driver_tau80_s0,0,MLP_OUT,STAYS AT C1,-0.24175003834373193,-0.15470445841279096,-0.22890138337543325,-0.15928738416769897,0.5543997034080639,0.13135494887918764,1.4562402506916239,1.44579551480544,0.17624035599936833,0.9105460675606991,1.9858233335629891,-0.2601697822768517,-0.24941639554222161,-0.3970530244741402,0.6500000000000001,0.5516538998872851,False,-0.3873740634128943,-0.05169880330176286,0.5300907400785166,0.003705427221686441,,80.0,0.06237362581479422,0.004243811682131754,0.0036842695527595204,0.9109143196975574,0.670956479196383
M0s1,driver_tau80_s1,0,MLP_OUT,STAYS AT C1,-0.27246154569298664,-0.13712385893882467,-0.22890138337543325,-0.15928738416769897,0.5543997034080639,0.43560162317553386,1.1491251771990767,2.5959957444009016,0.19001695346739123,0.792218358990842,1.9539727435876857,-0.2779189385623303,-0.24941639554222161,-0.3970530244741402,0.6500000000000001,0.5321513982163727,False,-0.3873740634128943,-0.05169880330176286,0.5300907400785166,0.003705427221686441,,80.0,0.12452562648405863,0.004426031909562866,-0.01741172392484994,0.9484415212580426,0.670956479196383
M0s1,driver_tauc1_s0,0,MLP_OUT,STAYS AT C1,-0.19752881830063976,-0.1819671733996848,-0.22890138337543325,-0.15928738416769897,0.5543997034080639,0.31372565074793496,1.8984524511225456,2.4666180395422885,0.22794080305654646,1.1565575901159304,2.535281835689305,-0.22326805389356705,-0.24941639554222161,-0.3970530244741402,0.6500000000000001,0.5587729853632613,False,-0.3873740634128943,-0.05169880330176286,0.5300907400785166,0.0042168045621079195,,303.81173957885653,0.19657793866949813,0.00537032656865763,0.00855962222280292,0.8756622155039485,0.670956479196383
M0s1,driver_tauc1_s1,0,MLP_OUT,STAYS AT C1,-0.2337559612998777,-0.15962333405299792,-0.22890138337543325,-0.15928738416769897,0.5543997034080639,0.11878327143638716,1.5361810211301663,4.659993137335766,0.20371182960322515,1.0492167859903279,3.3937217700835105,-0.2393691745124074,-0.24941639554222161,-0.3970530244741402,0.6500000000000001,0.540295665817995,False,-0.3873740634128943,-0.05169880330176286,0.5300907400785166,0.0042168045621079195,,303.81173957885653,0.30011506835590396,0.005391717108465921,0.021033297282438655,0.9184123154834017,0.670956479196383
M0s1,c1_regen_s0,2,Q,STAYS AT C1,-0.10141192705115282,-0.2017239157303138,-0.09754061375982118,-0.20777976348253374,0.6061169309616281,0.06055847752219928,1.1211836356016813,2.4347970102777614,0.20013208060629173,0.8004312880969391,3.121022562368294,-0.24100992302179866,-0.2428649131268698,-0.26705741176664094,0.95,0.6126571254201301,,-0.21353029061132095,-0.13263183489815172,0.6037772367926497,,437.6613313948609,,0.11489348905376184,0.00411188251656569,0.01116698049066976,nan,0.5331233189094842
M0s1,c1_regen_s1,2,Q,STAYS AT C1,-0.09366930046848952,-0.21383561123475367,-0.09754061375982118,-0.20777976348253374,0.6061169309616281,0.06055847752219928,1.1986099014283143,2.4347970102777614,0.20013208060629184,0.9408717809827621,3.335265524668046,-0.24471990323194098,-0.2428649131268698,-0.26705741176664094,0.95,0.5995767365031262,,-0.21353029061132095,-0.13263183489815172,0.6037772367926497,,437.9119206797884,,0.07805299620297301,0.005328481064240442,-0.01500751758746401,nan,0.5331233189094842
M0s1,c9_smooth_zero,2,Q,STAYS AT C1,-0.10478377585025338,-0.20089292330712957,-0.09754061375982118,-0.20777976348253374,0.6061169309616281,0.07243162090432201,1.0874651476106756,1.3956917482774387,0.1707045371986223,0.7945127908992589,3.4859593045058066,-0.250282087322366,-0.2428649131268698,-0.26705741176664094,0.8500000000000001,0.6129764246331919,,-0.21353029061132095,-0.13263183489815172,0.6037772367926497,,437.6613313948609,,0.11289485953401446,0.003659432993044831,0.007437524804830394,nan,0.5331233189094842
M0s1,c9_scale_only,2,Q,STAYS AT C1,-0.10478377585025359,-0.2008929233071293,-0.09754061375982118,-0.20777976348253374,0.6061169309616281,0.07243162090432409,1.0874651476106736,1.3956917482774318,0.17070453719861897,0.7945127908992583,3.485959304505769,-0.2502820873223678,-0.2428649131268698,-0.26705741176664094,0.8500000000000001,0.6129764246331918,,-0.21353029061132095,-0.13263183489815172,0.6037772367926497,,437.6613313948609,,0.11289485953401623,0.00365943299304472,0.007437524804828836,nan,0.5331233189094842
M0s1,c9_smooth_matched_s0,2,Q,STAYS AT C1,-0.10460363327014384,-0.20065367936001605,-0.09754061375982118,-0.20777976348253374,0.6061169309616281,0.07126084122517695,1.089266573411771,1.4085647996593098,0.16882486383877848,0.7952911619725689,3.4765719281134553,-0.25004518052122277,-0.2428649131268698,-0.26705741176664094,0.8500000000000001,0.6127333518748681,True,-0.21353029061132095,-0.13263183489815172,0.6037772367926497,,437.6613313948609,,0.11244668524164236,0.003701132049019562,0.007036773722337383,0.9704122217318103,0.5331233189094842
M0s1,c9_smooth_matched_s1,2,Q,STAYS AT C1,-0.09682756043071118,-0.21513335705240041,-0.09754061375982118,-0.20777976348253374,0.6061169309616281,0.07605260207766279,1.1670273018060977,0.7395558838973413,0.3177459060927845,0.9239703957187595,2.034720709254916,-0.2397030670761758,-0.2428649131268698,-0.26705741176664094,0.95,0.6018947179481156,True,-0.21353029061132095,-0.13263183489815172,0.6037772367926497,,437.9119206797884,,0.06727466700655871,0.0031118217157388717,-0.014038229674222205,0.9772887820474099,0.5331233189094842
M0s1,c9_smooth_null,2,Q,STAYS AT C1,-0.10463894095042701,-0.20096540276880773,-0.09754061375982118,-0.20777976348253374,0.6061169309616281,0.07098327190605838,1.0889134966089393,0.9314987512874742,0.16457527469596372,0.7925452674427685,3.6032429994862665,-0.25146086072509155,-0.2428649131268698,-0.26705741176664094,0.8500000000000001,0.6139799614851547,True,-0.21353029061132095,-0.13263183489815172,0.6037772367926497,,437.6613313948609,,0.11766371705097312,0.003527713666980792,0.008050339830704105,0.9705641888304644,0.5331233189094842
M0s1,c9_fine_zero,2,Q,STAYS AT C1,-0.10541847168926984,-0.20093672818437391,-0.09754061375982118,-0.20777976348253374,0.6061169309616281,0.07877857929448659,1.081118189220511,2.0234805065282306,0.2036716207465141,0.7955975969446926,3.1925548587791392,-0.24130430780747428,-0.2428649131268698,-0.26705741176664094,0.8500000000000001,0.6131447073271101,,-0.21353029061132095,-0.13263183489815172,0.6037772367926497,,437.6613313948609,,0.11184122128157004,0.00331187439367131,0.008130517795317383,nan,0.5331233189094842
M0s1,c9_fine_matched_s0,2,Q,STAYS AT C1,-0.1045557029099056,-0.200157883063139,-0.09754061375982118,-0.20777976348253374,0.6061169309616281,0.07621880419394739,1.0897458770141535,2.107041361792547,0.18867108053158982,0.8006175325301261,3.1971754154459626,-0.23981056652816624,-0.2428649131268698,-0.26705741176664094,0.8500000000000001,0.6127862536468629,True,-0.21353029061132095,-0.13263183489815172,0.6037772367926497,,437.6613313948609,,0.1132004014178003,0.003156413187038576,0.0061929978776411,0.9705386417807579,0.5331233189094842
M0s1,c9_fine_matched_s1,2,Q,STAYS AT C1,-0.0970317630557996,-0.21452649163356424,-0.09754061375982118,-0.20777976348253374,0.6061169309616281,0.08025474655812034,1.1649852755552135,2.0184871846504593,0.2566758998824447,0.9297229605900841,2.9189556990407444,-0.2435181795077146,-0.2428649131268698,-0.26705741176664094,0.95,0.6017096077232362,True,-0.21353029061132095,-0.13263183489815172,0.6037772367926497,,437.9119206797884,,0.06668998305506824,0.0030531006819231044,-0.015433038974758393,0.9770899896889096,0.5331233189094842
M0s1,c9_fine_null,2,Q,STAYS AT C1,-0.10525490062669408,-0.20050843340211907,-0.09754061375982118,-0.20777976348253374,0.6061169309616281,0.07714286866872908,1.0827538998462687,1.8238809382121344,0.14905050804450232,0.7954481490167344,3.129333242490912,-0.24314460427856535,-0.2428649131268698,-0.26705741176664094,0.8500000000000001,0.6123934634681587,True,-0.21353029061132095,-0.13263183489815172,0.6037772367926497,,437.6613313948609,,0.11699276928990576,0.0036670728052796975,0.008851571908216026,0.97064615975907,0.5331233189094842
M0s1,c9_raw_zero,2,Q,STAYS AT C1,-0.10560854700399325,-0.19981255952429613,-0.09754061375982118,-0.20777976348253374,0.6061169309616281,0.08067933244172071,1.079217436073277,2.3638622221203365,0.18319372115881288,0.7962523288108257,3.2403261685380635,-0.2432640871837318,-0.2428649131268698,-0.26705741176664094,0.8500000000000001,0.6060736748780979,,-0.21353029061132095,-0.13263183489815172,0.6037772367926497,,437.6613313948609,,0.13499848690643157,0.0038160954167064665,0.007575131394779172,nan,0.5331233189094842
M0s1,c9_raw_matched_s0,2,Q,STAYS AT C1,-0.10331379809625382,-0.19890816279425436,-0.09754061375982118,-0.20777976348253374,0.6061169309616281,0.08871600688279385,1.102164925150671,2.174482220140278,0.21513281934666864,0.8116418562265914,3.4252563562070746,-0.2476519458628566,-0.2428649131268698,-0.26705741176664094,0.8500000000000001,0.5945152417759155,True,-0.21353029061132095,-0.13263183489815172,0.6037772367926497,,437.6613313948609,,0.22390694594487304,0.006434991899036513,0.0025406910199361863,0.9784619513142347,0.5331233189094842
M0s1,c9_raw_matched_s1,2,Q,STAYS AT C1,-0.09648086433361185,-0.21079982845799486,-0.09754061375982118,-0.20777976348253374,0.6061169309616281,0.10683245704067063,1.170494262777091,2.7635368613663833,0.22415877851726174,0.9255979920280731,3.664005375756669,-0.23612883760850734,-0.2428649131268698,-0.26705741176664094,0.95,0.5880541690086083,True,-0.21353029061132095,-0.13263183489815172,0.6037772367926497,,437.9119206797884,,0.18691652084623644,0.005915288942348773,-0.02187779113633808,0.9842225270244171,0.5331233189094842
M0s1,c9_raw_null,2,Q,STAYS AT C1,-0.1042689423351895,-0.19951355695950024,-0.09754061375982118,-0.20777976348253374,0.6061169309616281,0.08266206523033504,1.0926134827613143,2.1418387893972244,0.18024342864809595,0.8083719862488059,3.3131780716831645,-0.24089653010019538,-0.2428649131268698,-0.26705741176664094,0.8500000000000001,0.5963769360266951,True,-0.21353029061132095,-0.13263183489815172,0.6037772367926497,,437.6613313948609,,0.22449507592458584,0.006610139504321766,0.01610477322907445,0.9773684019815728,0.5331233189094842
M0s1,c9_planted_A50,2,Q,OVERSHOOTS,0.264375793706209,-0.013696593900812145,-0.09754061375982118,-0.20777976348253374,0.6061169309616281,3.6191640746603015,4.7790608431753,4.789264411127813,3.2477317452232883,4.1183832797631394,5.578590663725713,-0.06280640083571845,-0.2428649131268698,-0.26705741176664094,1.85,0.24787403678009184,False,-0.21353029061132095,-0.13263183489815172,0.6037772367926497,,2945.622406410182,,2.237016912313363,0.03213827733279362,0.05200146971172076,1.2085218107101348,0.5331233189094842
M0s1,driver_tau0_s0,2,Q,REPRODUCES,-0.2737118080917872,-0.08635003617756783,-0.09754061375982118,-0.20777976348253374,0.6061169309616281,1.76171194331966,0.6018151748046624,5.625952907445484,1.6454812832026906,0.932715800644541,4.809309896864629,-0.2878862787703411,-0.2428649131268698,-0.26705741176664094,0.55,0.6872701688634304,False,-0.21353029061132095,-0.13263183489815172,0.6037772367926497,0.011119308654614836,,0.0,0.1893741730079599,0.0050887789839223485,-4.457243898675711e-06,0.9272872715229223,0.5331233189094842
M0s1,driver_tau0_s1,2,Q,OFF-CURVE,-0.28170596436479894,-0.07665684604706939,-0.09754061375982118,-0.20777976348253374,0.6061169309616281,1.8416535060497776,0.6817567375347799,6.3639934766747865,1.7310947538321606,1.0183292712740108,5.547350466093931,-0.2824279132878965,-0.2428649131268698,-0.26705741176664094,0.55,0.6578733184699619,True,-0.21353029061132095,-0.13263183489815172,0.6037772367926497,0.011119308654614836,,0.0,0.3303226292517527,0.0067809147984446705,-0.0064291750335870234,0.9682747721971235,0.5331233189094842
M0s1,driver_tau2_s0,2,Q,PARTIAL,-0.25504709769866746,-0.09969792694991243,-0.09754061375982118,-0.20777976348253374,0.6061169309616281,1.5750648393884628,0.4151680708734651,4.047190682867575,1.4202490313414158,1.310600450869076,3.2305476722867197,-0.273367608441122,-0.2428649131268698,-0.26705741176664094,0.55,0.6805203938863286,False,-0.21353029061132095,-0.13263183489815172,0.6037772367926497,0.005831460185696699,,2.0,0.13769570592893698,0.004084244005469528,0.001403704248745988,0.936622601330872,0.5331233189094842
M0s1,driver_tau2_s1,2,Q,REPRODUCES,-0.2685808029659549,-0.0925358223857536,-0.09754061375982118,-0.20777976348253374,0.6061169309616281,1.7104018920613369,0.5505051235463393,4.326114092422116,1.5652715612236656,0.8525060786655161,3.50947108184126,-0.2804154621245225,-0.2428649131268698,-0.26705741176664094,0.55,0.653680450565653,True,-0.21353029061132095,-0.13263183489815172,0.6037772367926497,0.005831460185696699,,2.0,0.24381420673980703,0.005071113814820838,0.008217539313628223,0.9708945704214998,0.5331233189094842
M0s1,driver_tau5_s0,2,Q,REPRODUCES,-0.23469849703024845,-0.1150760163558447,-0.09754061375982118,-0.20777976348253374,0.6061169309616281,1.3715788327042726,0.211682064189275,2.8998534961473417,1.3223842765610003,0.6096187940028507,2.593436199987879,-0.2507640914863078,-0.2428649131268698,-0.26705741176664094,0.55,0.662123826960066,False,-0.21353029061132095,-0.13263183489815172,0.6037772367926497,0.004004111237523913,,5.0,0.12110715286272322,0.00498947155103141,-0.016626728616666517,0.946892692437907,0.5331233189094842
M0s1,driver_tau5_s1,2,Q,REPRODUCES,-0.24808711839439565,-0.10457664076565423,-0.09754061375982118,-0.20777976348253374,0.6061169309616281,1.5054650463457446,0.345568277830747,2.4198481524085986,1.341125483437331,0.6283600008791814,2.01322474823383,-0.2684709750095039,-0.2428649131268698,-0.26705741176664094,0.55,0.645738848117819,True,-0.21353029061132095,-0.13263183489815172,0.6037772367926497,0.004004111237523913,,5.0,0.1208974871697448,0.003688734661050963,-0.003581816467575227,0.9787358814857064,0.5331233189094842
M0s1,driver_tau10_s0,2,Q,REPRODUCES,-0.19894693410300882,-0.14104627107555745,-0.09754061375982118,-0.20777976348253374,0.6061169309616281,1.0140632034318764,0.2204789045383601,1.7880054472951898,0.9917506868412895,0.3179098730294513,2.5216718738743515,-0.21937093081222325,-0.2428649131268698,-0.26705741176664094,0.55,0.6507919651262319,True,-0.21353029061132095,-0.13263183489815172,0.6037772367926497,0.003070871262070701,,10.0,0.05736034033283666,0.0026277429099621497,0.008302044094243002,0.9571143127678332,0.5331233189094842
M0s1,driver_tau10_s1,2,Q,REPRODUCES,-0.2031842965514298,-0.12963681610443195,-0.09754061375982118,-0.20777976348253374,0.6061169309616281,1.0564368279160863,0.10646724665649879,1.3715218412161283,1.045579522267788,0.3811888372832152,1.7137859765043584,-0.23184422652913708,-0.2428649131268698,-0.26705741176664094,0.55,0.6573617406299435,True,-0.21353029061132095,-0.13263183489815172,0.6037772367926497,0.003070871262070701,,10.0,0.08766337919025213,0.0034783633968689665,-0.013180829986152559,0.9504509005815229,0.5331233189094842
M0s1,driver_tau20_s0,2,Q,REPRODUCES,-0.16939252574744668,-0.15228794873655443,-0.09754061375982118,-0.20777976348253374,0.6061169309616281,0.7185191198762549,0.44137764863874274,0.8757979162301959,0.7176602527128533,0.4613776877017987,2.4162817275249022,-0.19785075861137114,-0.2428649131268698,-0.26705741176664094,0.55,0.6374820186781038,True,-0.21353029061132095,-0.13263183489815172,0.6037772367926497,0.0026776264957580204,,20.0,0.1557622697387453,0.006076204107757166,-0.00847248890336158,0.9559124757947706,0.5331233189094842
M0s1,driver_tau20_s1,2,Q,REPRODUCES,-0.1667041939514919,-0.16009507685779847,-0.09754061375982118,-0.20777976348253374,0.6061169309616281,0.6916358019167074,0.46826096659829036,1.4836808638260406,0.5992943001631152,0.4110000701589597,1.922954396394034,-0.205407401242797,-0.2428649131268698,-0.26705741176664094,0.55,0.6410889037499126,True,-0.21353029061132095,-0.13263183489815172,0.6037772367926497,0.0026776264957580204,,20.0,0.08360449543774173,0.0033538029559386784,-0.003666674487213875,0.9573840906830489,0.5331233189094842
M0s1,driver_tau40_s0,2,Q,REPRODUCES,-0.13065559206097171,-0.18518782265813993,-0.09754061375982118,-0.20777976348253374,0.6061169309616281,0.3311497830115054,0.8287469855034924,0.5817579069747189,0.42034147455016907,0.6952758267433033,2.30364002857493,-0.2233509070190791,-0.2428649131268698,-0.26705741176664094,0.8500000000000001,0.6230682982654994,True,-0.21353029061132095,-0.13263183489815172,0.6037772367926497,0.002504523551592856,,40.0,0.1400657045187268,0.00533404372409782,0.00472016533100245,0.9595248491909542,0.5331233189094842
M0s1,driver_tau40_s1,2,Q,REPRODUCES,-0.12815020281478606,-0.184551670524602,-0.09754061375982118,-0.20777976348253374,0.6061169309616281,0.30609589054964886,0.8538008779653489,0.9378833772303623,0.4830456653269134,0.7057477682068823,2.172603131994372,-0.22346510908925082,-0.2428649131268698,-0.26705741176664094,0.8500000000000001,0.6267810375547336,True,-0.21353029061132095,-0.13263183489815172,0.6037772367926497,0.002504523551592856,,40.0,0.07930345310194387,0.004178437659467016,0.011365802866619269,0.9611944423150087,0.5331233189094842
M0s1,driver_tau80_s0,2,Q,STAYS AT C1,-0.11217063632131608,-0.1891224738023488,-0.09754061375982118,-0.20777976348253374,0.6061169309616281,0.1865728968018493,1.0135965429000486,0.7829501558061495,0.22733349111361564,0.7842757536175897,2.394991269045741,-0.22669543002621095,-0.2428649131268698,-0.26705741176664094,0.8500000000000001,0.6144272041492156,True,-0.21353029061132095,-0.13263183489815172,0.6037772367926497,0.0024180390381583045,,80.0,0.1210158082848749,0.004973323884094105,0.012487300017990054,0.9598667847011016,0.5331233189094842
M0s1,driver_tau80_s1,2,Q,STAYS AT C1,-0.10927982358605132,-0.19208340896598114,-0.09754061375982118,-0.20777976348253374,0.6061169309616281,0.15696354516552602,1.0425046702526963,0.9639732319933014,0.3202230868714055,0.8212894720492133,2.260448629237263,-0.22662865455025,-0.2428649131268698,-0.26705741176664094,0.8500000000000001,0.6178096150043579,True,-0.21353029061132095,-0.13263183489815172,0.6037772367926497,0.0024180390381583045,,80.0,0.05957548223538023,0.004297812524283184,-0.00031426658068592567,0.9612712509307575,0.5331233189094842
M0s1,driver_tauc1_s0,2,Q,STAYS AT C1,-0.04880805338664296,-0.21560474303891247,-0.09754061375982118,-0.20777976348253374,0.6061169309616281,0.4873256037317822,1.6472223722467798,1.2390293282783642,0.2984618184829976,1.1588321983227627,3.110628336820287,-0.2223460563358857,-0.2428649131268698,-0.26705741176664094,0.8500000000000001,0.6142734194099728,False,-0.21353029061132095,-0.13263183489815172,0.6037772367926497,0.0029428391563327775,,437.6613313948609,0.20019225717064693,0.0072495504227017005,0.0005328505354871028,0.9221947689981815,0.5331233189094842
M0s1,driver_tauc1_s1,2,Q,STAYS AT C1,-0.07140941472156748,-0.21414060084907988,-0.09754061375982118,-0.20777976348253374,0.6061169309616281,0.261311990382537,1.4212087588975346,2.4695170291550106,0.19938513265006064,1.0700366671899113,3.903174850347128,-0.2499514830640561,-0.2428649131268698,-0.26705741176664094,0.95,0.5952001158565816,True,-0.21353029061132095,-0.13263183489815172,0.6037772367926497,0.0029428391563327775,,437.6613313948609,0.21506710916456973,0.007604250567196713,-0.028453489780756687,0.9543994615713303,0.5331233189094842
M0s1,c1_regen_s0,2,K,STAYS AT C1,-0.06600166150756642,-0.21913974418908155,-0.058592269442184396,-0.21755915180692625,0.6129958886909679,0.09717161647231964,1.1888451715818864,0.8795035562374195,0.3029854532358185,0.8353477302472061,1.956952962190659,-0.29572194137626434,-0.2625629098965159,-0.2318030179227476,0.8500000000000001,0.6137366549966088,,-0.18488617866575507,-0.15670953323584533,0.6198094785160881,,465.7359241210587,,0.09507145869664901,0.00444159197425209,0.013423112279550287,nan,0.5106562618740385
M0s1,c1_regen_s1,2,K,STAYS AT C1,-0.05118287737680237,-0.21597855942477096,-0.058592269442184396,-0.21755915180692625,0.6129958886909679,0.09717161647231964,1.337033012889527,0.8795035562374195,0.3029854532358184,0.9816041808096543,1.9316999795316003,-0.23730085509693474,-0.2625629098965159,-0.2318030179227476,0.95,0.6122551223853269,,-0.18488617866575507,-0.15670953323584533,0.6198094785160881,,468.5493884150238,,0.07748064494417406,0.0031106946209210756,0.004286888586516016,nan,0.5106562618740385
M0s1,c9_smooth_zero,2,K,STAYS AT C1,-0.0699829903753837,-0.21763163042224107,-0.058592269442184396,-0.21755915180692625,0.6129958886909679,0.1139072093319931,1.1490318829037136,1.351540110813085,0.3015578140007449,0.8345315782366205,1.923398404921429,-0.2793881818624194,-0.2625629098965159,-0.2318030179227476,0.8500000000000001,0.6160321108646167,,-0.18488617866575507,-0.15670953323584533,0.6198094785160881,,465.7359241210587,,0.08943317220345337,0.0034443454518229277,0.016503574889104727,nan,0.5106562618740385
M0s1,c9_scale_only,2,K,STAYS AT C1,-0.06998299037538387,-0.2176316304222407,-0.058592269442184396,-0.21755915180692625,0.6129958886909679,0.11390720933199476,1.149031882903712,1.3515401108131022,0.3015578140007522,0.834531578236618,1.9233984049215695,-0.27938818186241626,-0.2625629098965159,-0.2318030179227476,0.8500000000000001,0.6160321108645991,,-0.18488617866575507,-0.15670953323584533,0.6198094785160881,,465.7359241210587,,0.08943317220345559,0.0034443454518410244,0.016503574889105404,nan,0.5106562618740385
M0s1,c9_smooth_matched_s0,2,K,STAYS AT C1,-0.06989301806958025,-0.2175586954406284,-0.058592269442184396,-0.21755915180692625,0.6129958886909679,0.1130074862739585,1.1499316059617481,1.3543615369763973,0.30585430381850504,0.8350550915232062,1.9179770933982636,-0.2791785720536028,-0.2625629098965159,-0.2318030179227476,0.8500000000000001,0.6163430470402543,True,-0.18488617866575507,-0.15670953323584533,0.6198094785160881,,465.7359241210587,,0.09023421377977181,0.0033120530018487804,0.01716015673450036,0.9791616746414877,0.5106562618740385
M0s1,c9_smooth_matched_s1,2,K,STAYS AT C1,-0.055605346718352024,-0.2149507640316934,-0.058592269442184396,-0.21755915180692625,0.6129958886909679,0.0841602334595911,1.2928083194740305,1.2515077481822536,0.2611110581975061,0.9519002960594902,1.8164306215999835,-0.23069542841563676,-0.2625629098965159,-0.2318030179227476,0.95,0.6089297391733158,True,-0.18488617866575507,-0.15670953323584533,0.6198094785160881,,468.5493884150238,,0.06132529343755966,0.003808752335767218,0.0026236194648117813,0.9797614763864476,0.5106562618740385
M0s1,c9_smooth_null,2,K,STAYS AT C1,-0.06968050916364837,-0.217645316756192,-0.058592269442184396,-0.21755915180692625,0.6129958886909679,0.11088239721463979,1.152056695021067,1.489514505348176,0.35988863376435987,0.8348825178517116,1.8803366461619673,-0.27632486913142834,-0.2625629098965159,-0.2318030179227476,0.8500000000000001,0.6152905606161198,True,-0.18488617866575507,-0.15670953323584533,0.6198094785160881,,465.7359241210587,,0.09197860437200323,0.003650436303655913,0.017134722765598635,0.9795253940133328,0.5106562618740385
M0s1,c9_fine_zero,2,K,STAYS AT C1,-0.07086574794459848,-0.2178753484031498,-0.058592269442184396,-0.21755915180692625,0.6129958886909679,0.1227347850241408,1.140204307211566,1.181001192756371,0.4121992145042665,0.8308753498439603,1.968123868676636,-0.286878503687318,-0.2625629098965159,-0.2318030179227476,0.8500000000000001,0.615967908817578,,-0.18488617866575507,-0.15670953323584533,0.6198094785160881,,465.7359241210587,,0.08574826860394857,0.003408315927519112,0.015742417938658933,nan,0.5106562618740385
M0s1,c9_fine_matched_s0,2,K,STAYS AT C1,-0.07029416796772106,-0.21723757315052172,-0.058592269442184396,-0.21755915180692625,0.6129958886909679,0.12342695658119442,1.14592010698034,1.1945195034243397,0.40728267658202805,0.8363968598456795,1.9491210106871515,-0.28691362247137686,-0.2625629098965159,-0.2318030179227476,0.8500000000000001,0.6160051802732522,True,-0.18488617866575507,-0.15670953323584533,0.6198094785160881,,465.7359241210587,,0.08813747092173241,0.0031758903498174673,0.015668502340480676,0.9787527145791683,0.5106562618740385
M0s1,c9_fine_matched_s1,2,K,STAYS AT C1,-0.05580996689815393,-0.21497321503667388,-0.058592269442184396,-0.21755915180692625,0.6129958886909679,0.08558751982183407,1.2907621176760113,0.9237787627514653,0.26122225593107806,1.0124126696956768,1.7842260470914189,-0.23805349728821654,-0.2625629098965159,-0.2318030179227476,0.95,0.6082720365332086,True,-0.18488617866575507,-0.15670953323584533,0.6198094785160881,,468.5493884150238,,0.058507599189859594,0.0037250663581699373,0.003091700677631135,0.9794802972785592,0.5106562618740385
M0s1,c9_fine_null,2,K,STAYS AT C1,-0.07089480575095819,-0.21787298125306334,-0.058592269442184396,-0.21755915180692625,0.6129958886909679,0.12302536308773794,1.1399137291479688,1.2155874747400084,0.28330638359874655,0.8318374391471084,1.900996525784319,-0.28342280493529504,-0.2625629098965159,-0.2318030179227476,0.8500000000000001,0.6165813543261021,True,-0.18488617866575507,-0.15670953323584533,0.6198094785160881,,465.7359241210587,,0.08972706928686058,0.003562562700624383,0.016352835375328875,0.978785128551472,0.5106562618740385
M0s1,c9_raw_zero,2,K,STAYS AT C1,-0.07099209027562825,-0.21782107557999258,-0.058592269442184396,-0.21755915180692625,0.6129958886909679,0.12399820833443854,1.1389408839012682,0.9711162300747963,0.35148527449709016,0.8285727655948693,1.9302247600950377,-0.27484416056641153,-0.2625629098965159,-0.2318030179227476,0.8500000000000001,0.6118696559530389,,-0.18488617866575507,-0.15670953323584533,0.6198094785160881,,465.7359241210587,,0.09487520284213868,0.003597059341461928,0.015852872681905546,nan,0.5106562618740385
M0s1,c9_raw_matched_s0,2,K,STAYS AT C1,-0.06970075312829324,-0.21620488641511057,-0.058592269442184396,-0.21755915180692625,0.6129958886909679,0.13905345402453104,1.1518542553746183,1.0586450755979513,0.3082011854918738,0.8377951437833705,1.9489081940555069,-0.27260374368533735,-0.2625629098965159,-0.2318030179227476,0.8500000000000001,0.6007148984375641,True,-0.18488617866575507,-0.15670953323584533,0.6198094785160881,,465.7359241210587,,0.19036396184940996,0.006652654659027757,0.01669939906960405,0.9854184697326379,0.5106562618740385
M0s1,c9_raw_matched_s1,2,K,STAYS AT C1,-0.05488964425647613,-0.21444073111756948,-0.058592269442184396,-0.21755915180692625,0.6129958886909679,0.07901323868025688,1.2999653440927894,1.1020783147801543,0.3119054923402301,1.0782125457483864,2.0048187395390977,-0.23475816331527954,-0.2625629098965159,-0.2318030179227476,0.95,0.5923791793563492,True,-0.18488617866575507,-0.15670953323584533,0.6198094785160881,,468.5493884150238,,0.21664633927983346,0.00599715061261763,0.005932390880204357,0.9880269956286842,0.5106562618740385
M0s1,c9_raw_null,2,K,STAYS AT C1,-0.06980979133476849,-0.21820639578655768,-0.058592269442184396,-0.21755915180692625,0.6129958886909679,0.12380087728581388,1.1507638733098657,1.160695834000587,0.25894985429355666,0.827324183432933,1.830964136697487,-0.2636596784174354,-0.2625629098965159,-0.2318030179227476,0.8500000000000001,0.6009658468055248,True,-0.18488617866575507,-0.15670953323584533,0.6198094785160881,,465.7359241210587,,0.24498064954934273,0.006489118736233812,0.017686397549358312,0.9860741445322802,0.5106562618740385
M0s1,c9_planted_A50,2,K,OVERSHOOTS,0.31905598823072817,0.029045227529397647,-0.058592269442184396,-0.21755915180692625,0.6129958886909679,3.7764825767291255,5.039421668964832,6.513230585141436,3.291320028869795,4.129869477762188,7.440725343143503,-0.004258616660557548,-0.2625629098965159,-0.2318030179227476,1.9500000000000002,0.24395758857310004,False,-0.18488617866575507,-0.15670953323584533,0.6198094785160881,,2593.2168350454785,,2.1333598084489918,0.03141309974791248,0.043722235128570874,1.20074712222812,0.5106562618740385
M0s1,driver_tau0_s0,2,K,PARTIAL,-0.260789942890336,-0.08812911380746358,-0.058592269442184396,-0.21755915180692625,0.6129958886909679,2.021976734481516,0.7590376422458095,6.78970284126825,1.6741844735382487,1.5331957858107959,4.845376370407121,-0.2759039473254625,-0.2625629098965159,-0.2318030179227476,0.55,0.7095594484063382,False,-0.18488617866575507,-0.15670953323584533,0.6198094785160881,0.010469407018304263,,0.0,0.19033595419776583,0.004579639471603669,0.008627704129188903,0.9395096959345703,0.5106562618740385
M0s1,driver_tau0_s1,2,K,REPRODUCES,-0.2688842626330425,-0.08822323384478088,-0.058592269442184396,-0.21755915180692625,0.6129958886909679,2.102919931908581,0.8399808396728742,8.483033840782468,1.5380538675947606,0.6778116263770911,6.538707369921339,-0.28394516377685314,-0.2625629098965159,-0.2318030179227476,0.55,0.6838290398950584,True,-0.18488617866575507,-0.15670953323584533,0.6198094785160881,0.010469407018304263,,0.0,0.18975843010168925,0.004680430533825802,-0.001746806688208318,0.9753962672672597,0.5106562618740385
M0s1,driver_tau2_s0,2,K,PARTIAL,-0.24746088768852917,-0.09968981872750036,-0.058592269442184396,-0.21755915180692625,0.6129958886909679,1.8886861824634475,0.6257470902277409,6.020706311496661,1.539030001470915,1.429998453029491,4.076379840635531,-0.2674974484394841,-0.2625629098965159,-0.2318030179227476,0.55,0.6956162764279464,False,-0.18488617866575507,-0.15670953323584533,0.6198094785160881,0.005498719608249767,,2.0,0.170897680665258,0.00535006383616865,-0.006998704441003184,0.9490090346039091,0.5106562618740385
M0s1,driver_tau2_s1,2,K,REPRODUCES,-0.26227732253493496,-0.09725880473989801,-0.058592269442184396,-0.21755915180692625,0.6129958886909679,2.0368505309275053,0.7739114386917989,7.271221105373004,1.5888870864507494,0.7286448452330798,5.326894634511875,-0.2743261455425923,-0.2625629098965159,-0.2318030179227476,0.55,0.6765514879218485,True,-0.18488617866575507,-0.15670953323584533,0.6198094785160881,0.005498719608249767,,2.0,0.2474142274890032,0.006286709099389887,0.02830552056526646,0.9780193682746584,0.5106562618740385
M0s1,driver_tau5_s0,2,K,PARTIAL,-0.21891101324095322,-0.11872632660088263,-0.058592269442184396,-0.21755915180692625,0.6129958886909679,1.603187437987688,0.37983206634962696,4.976915894273662,1.3194087033460695,1.0431279653863559,3.032589423412533,-0.2401596936608517,-0.2625629098965159,-0.2318030179227476,0.55,0.6809288346685228,True,-0.18488617866575507,-0.15670953323584533,0.6198094785160881,0.003601812050019452,,5.0,0.20777133794543934,0.007179255046103422,-0.021448518026488797,0.9554975855727496,0.5106562618740385
M0s1,driver_tau5_s1,2,K,REPRODUCES,-0.22491628745824213,-0.1215572254947404,-0.058592269442184396,-0.21755915180692625,0.6129958886909679,1.6632401801605772,0.40030108792487057,5.347199004824626,1.4167880171279146,0.9986222957816027,4.819798082135959,-0.24664084155471297,-0.2625629098965159,-0.2318030179227476,0.55,0.6887091007305117,True,-0.18488617866575507,-0.15670953323584533,0.6198094785160881,0.003601812050019452,,5.0,0.17544378038221975,0.004035081621894254,0.001311997427978521,0.9539365922473305,0.5106562618740385
M0s1,driver_tau10_s0,2,K,REPRODUCES,-0.1853554375101015,-0.15152567578494547,-0.058592269442184396,-0.21755915180692625,0.6129958886909679,1.267631680679171,0.06723527782255469,3.3560821518141055,1.109336375985692,0.745128486476601,2.2333240217253065,-0.20821059437578393,-0.2625629098965159,-0.2318030179227476,0.55,0.6738088961871302,True,-0.18488617866575507,-0.15670953323584533,0.6198094785160881,0.00288616848274639,,10.0,0.14556583488189023,0.00636630890026979,-0.0063692612144498235,0.9583561401221657,0.5106562618740385
M0s1,driver_tau10_s1,2,K,REPRODUCES,-0.18066919766524359,-0.15506761882715867,-0.058592269442184396,-0.21755915180692625,0.6129958886909679,1.2207692822305918,0.10474992903066999,3.6827698709488406,1.0352088969775581,0.605413976351131,2.8903101560608326,-0.21036326665742516,-0.2625629098965159,-0.2318030179227476,0.55,0.6665278910981145,True,-0.18488617866575507,-0.15670953323584533,0.6198094785160881,0.00288616848274639,,10.0,0.09921066304611559,0.0037801306268417934,-0.011567135503186337,0.9600763187790292,0.5106562618740385
M0s1,driver_tau20_s0,2,K,REPRODUCES,-0.15311898110073427,-0.18424451497165045,-0.058592269442184396,-0.21755915180692625,0.6129958886909679,0.9452671165854987,0.31767197565020805,1.9912417850251138,0.728231415336937,0.4296357093074808,2.387865321040647,-0.22589740898725777,-0.2625629098965159,-0.2318030179227476,0.95,0.6567109105702078,True,-0.18488617866575507,-0.15670953323584533,0.6198094785160881,0.0025281110848463764,,20.0,0.11313206656537611,0.0046504388135419905,-0.029664444781146698,0.9666611729036915,0.5106562618740385
M0s1,driver_tau20_s1,2,K,REPRODUCES,-0.15411072969555925,-0.17088000599352318,-0.058592269442184396,-0.21755915180692625,0.6129958886909679,0.9551846025337485,0.30775448970195823,2.8775418176507968,0.8561218652634147,0.31297000560785737,2.9375941066825084,-0.19308036776270324,-0.2625629098965159,-0.2318030179227476,0.8500000000000001,0.6594222836355819,True,-0.18488617866575507,-0.15670953323584533,0.6198094785160881,0.0025281110848463764,,20.0,0.0799553258801522,0.005624035917278669,0.008909983452579024,0.9630091473937978,0.5106562618740385
M0s1,driver_tau40_s0,2,K,REPRODUCES,-0.11097158544578441,-0.19289911754255273,-0.058592269442184396,-0.21755915180692625,0.6129958886909679,0.5237931600360001,0.7391459321997066,1.3594676844862534,0.49423537709917803,0.5193570636636787,2.848595628173193,-0.2088150413714931,-0.2625629098965159,-0.2318030179227476,0.8500000000000001,0.6438234188281586,True,-0.18488617866575507,-0.15670953323584533,0.6198094785160881,0.002339208698493091,,40.0,0.09035690401339291,0.0030569186801067127,0.014985813920135371,0.9635107485484783,0.5106562618740385
M0s1,driver_tau40_s1,2,K,REPRODUCES,-0.10359887148261769,-0.1871775510316825,-0.058592269442184396,-0.21755915180692625,0.6129958886909679,0.4500660204043329,0.8128730718313738,2.2691757059479456,0.4661638096147158,0.6116195084996862,2.613445397576645,-0.222563064928636,-0.2625629098965159,-0.2318030179227476,0.8500000000000001,0.636559565367885,True,-0.18488617866575507,-0.15670953323584533,0.6198094785160881,0.002339208698493091,,40.0,0.13094627257252345,0.005442195603228395,0.000744851245571452,0.9667126463330123,0.5106562618740385
M0s1,driver_tau80_s0,2,K,STAYS AT C1,-0.07414814586649741,-0.20164370267417595,-0.058592269442184396,-0.21755915180692625,0.6129958886909679,0.1591544913275031,1.1073803279925765,1.7629193518464001,0.34423766319704474,0.7111294318373215,3.2520472955333397,-0.2199504433914103,-0.2625629098965159,-0.2318030179227476,0.95,0.6287060324901788,True,-0.18488617866575507,-0.15670953323584533,0.6198094785160881,0.00226140267195287,,80.0,0.11746507111473337,0.004673001997699711,0.00902794096929611,0.9675246443526929,0.5106562618740385
M0s1,driver_tau80_s1,2,K,STAYS AT C1,-0.08287392468200641,-0.20085139236497984,-0.058592269442184396,-0.21755915180692625,0.6129958886909679,0.24281655239822014,1.0201225398374865,1.9924501326370148,0.24834383888065373,0.7050730228979878,2.519681211882279,-0.2544046861360871,-0.2625629098965159,-0.2318030179227476,0.8500000000000001,0.6298755803130824,True,-0.18488617866575507,-0.15670953323584533,0.6198094785160881,0.00226140267195287,,80.0,0.08409571755609635,0.0038202380402643787,-0.026169942922603787,0.9717927014568375,0.5106562618740385
M0s1,driver_tauc1_s0,2,K,STAYS AT C1,-0.017302818791329427,-0.22326312410201382,-0.058592269442184396,-0.21755915180692625,0.6129958886909679,0.4128945065085497,1.6758335987442565,1.9101248589402402,0.3367101786328706,1.09603825938752,4.474004593165256,-0.2388145794522294,-0.2625629098965159,-0.2318030179227476,0.95,0.6190111424210138,False,-0.18488617866575507,-0.15670953323584533,0.6198094785160881,0.002765377261271851,,465.7359241210587,0.19246472985466667,0.005265544621937679,0.0026602912250873103,0.935646693386836,0.5106562618740385
M0s1,driver_tauc1_s1,2,K,STAYS AT C1,-0.05507788363089679,-0.2172448722107434,-0.058592269442184396,-0.21755915180692625,0.6129958886909679,0.05385624785708518,1.298082950348583,2.4791012510426444,0.31216337250959536,0.8082230951304077,1.9670186702783348,-0.23971202737528763,-0.2625629098965159,-0.2318030179227476,0.8500000000000001,0.6209239305816001,True,-0.18488617866575507,-0.15670953323584533,0.6198094785160881,0.002765377261271851,,465.7359241210587,0.27417745012246764,0.006896386800332471,0.015684635713034405,0.9510991337651995,0.5106562618740385
M0s1,c1_regen_s0,2,O,REPRODUCES,-0.20114283157237575,-0.16150961075176976,-0.1944303459199938,-0.17591062416925238,0.5661237091421357,0.14401013417482622,0.8124312338604314,2.3668433006427514,0.17361699598096858,0.6694420588454613,2.0560613872796334,-0.24753945232885316,-0.2409173008301107,-0.3400425018668436,0.6500000000000001,0.5686512649789301,,-0.2823859549584189,-0.11032679055260575,0.5768481798926297,,350.5000762390513,,0.07911008586206192,0.0030358627943614103,0.014874013126454665,nan,0.599956919505874
M0s1,c1_regen_s1,2,O,REPRODUCES,-0.1877178602676119,-0.190311637586735,-0.1944303459199938,-0.17591062416925238,0.5661237091421357,0.14401013417482622,0.94668094690807,2.3668433006427514,0.17361699598096877,0.7352369364338498,2.67762521400587,-0.23429514933136827,-0.2409173008301107,-0.3400425018668436,0.6500000000000001,0.5635961533053413,,-0.2823859549584189,-0.11032679055260575,0.5768481798926297,,349.7239770369564,,0.011435016711298651,0.00249847666951164,0.006928504211707263,nan,0.599956919505874
M0s1,c9_smooth_zero,2,O,REPRODUCES,-0.20193459422487994,-0.16094843787487206,-0.1944303459199938,-0.17591062416925238,0.5661237091421357,0.14962186294380314,0.8045136073353895,1.02277741030801,0.29510462587387765,0.6558718481482677,1.4840676479157415,-0.24166172464460345,-0.2409173008301107,-0.3400425018668436,0.6500000000000001,0.569779135024056,,-0.2823859549584189,-0.11032679055260575,0.5768481798926297,,350.5000762390513,,0.06805102498885951,0.002884300448930288,0.012821119305614555,nan,0.599956919505874
M0s1,c9_scale_only,2,O,REPRODUCES,-0.20193459422487978,-0.1609484378748726,-0.1944303459199938,-0.17591062416925238,0.5661237091421357,0.14962186294379787,0.8045136073353911,1.0227774103080223,0.29510462587386915,0.6558718481482658,1.4840676479157755,-0.24166172464460373,-0.2409173008301107,-0.3400425018668436,0.6500000000000001,0.5697791350240682,,-0.2823859549584189,-0.11032679055260575,0.5768481798926297,,350.5000762390513,,0.0680510249888564,0.0028843004489462754,0.012821119305615315,nan,0.599956919505874
M0s1,c9_smooth_matched_s0,2,O,REPRODUCES,-0.20139819841707357,-0.1605917297563232,-0.1944303459199938,-0.17591062416925238,0.5661237091421357,0.1531889441292919,0.8098775654134532,0.8844887407095455,0.29964733846620073,0.6582953945866854,1.455969674044764,-0.24129819267884078,-0.2409173008301107,-0.3400425018668436,0.6500000000000001,0.5697307526656662,True,-0.2823859549584189,-0.11032679055260575,0.5768481798926297,,350.5000762390513,,0.06894185265577946,0.0027433784864515642,0.01109657713647137,0.972595252192454,0.599956919505874
M0s1,c9_smooth_matched_s1,2,O,REPRODUCES,-0.19081537463063458,-0.1866066375511559,-0.1944303459199938,-0.17591062416925238,0.5661237091421357,0.10696013381903513,0.9157058032778431,2.237965345117327,0.17826113157072393,0.7403926700033078,2.5487472584804456,-0.22898360136634743,-0.2409173008301107,-0.3400425018668436,0.6500000000000001,0.5658920399422548,True,-0.2823859549584189,-0.11032679055260575,0.5768481798926297,,349.7239770369564,,0.013009705676570782,0.002619502728367862,0.005251015058845629,0.9744157642371265,0.599956919505874
M0s1,c9_smooth_null,2,O,REPRODUCES,-0.20166314751175396,-0.1609748699226945,-0.1944303459199938,-0.17591062416925238,0.5661237091421357,0.1493575424655788,0.8072280744666493,0.9881309356352375,0.2800698798788387,0.6531134199142229,1.4909729647537144,-0.24207548887971017,-0.2409173008301107,-0.3400425018668436,0.6500000000000001,0.5699323180283957,True,-0.2823859549584189,-0.11032679055260575,0.5768481798926297,,350.5000762390513,,0.07201516206835379,0.0029267078061343543,0.012602654070280094,0.9726625490962166,0.599956919505874
M0s1,c9_fine_zero,2,O,REPRODUCES,-0.20255125891301481,-0.16056647674631502,-0.1944303459199938,-0.17591062416925238,0.5661237091421357,0.15344147422937354,0.7983469604540407,1.1266009177928542,0.28217875694099337,0.6349033247037333,1.4532449850661753,-0.2448070031612836,-0.2409173008301107,-0.3400425018668436,0.6500000000000001,0.5697437682147275,,-0.2823859549584189,-0.11032679055260575,0.5768481798926297,,350.5000762390513,,0.07047846793302437,0.0027760577340179005,0.01353532336819605,nan,0.599956919505874
M0s1,c9_fine_matched_s0,2,O,REPRODUCES,-0.2012101779499049,-0.15972108901337095,-0.1944303459199938,-0.17591062416925238,0.5661237091421357,0.16189535155881424,0.8117577700851399,1.0826559933664712,0.3311446181192981,0.639097352230134,1.4160582169301799,-0.2441778990323235,-0.2409173008301107,-0.3400425018668436,0.6500000000000001,0.5683058315731722,True,-0.2823859549584189,-0.11032679055260575,0.5768481798926297,,350.5000762390513,,0.07322839345364374,0.0028876964170150288,0.009714463804399977,0.9731401108709896,0.599956919505874
M0s1,c9_fine_matched_s1,2,O,REPRODUCES,-0.1902455898950427,-0.18602819524401784,-0.1944303459199938,-0.17591062416925238,0.5661237091421357,0.10117571074765463,0.921403650633762,1.2370842126080548,0.20476143577152958,0.820398807198709,2.546341581610122,-0.23042334564558326,-0.2409173008301107,-0.3400425018668436,0.6500000000000001,0.5656309447195595,True,-0.2823859549584189,-0.11032679055260575,0.5768481798926297,,349.7239770369564,,0.02088170073479434,0.002652879496007121,0.004555123909878248,0.9751644368469241,0.599956919505874
M0s1,c9_fine_null,2,O,REPRODUCES,-0.2023768732699364,-0.16028861173206965,-0.1944303459199938,-0.17591062416925238,0.5661237091421357,0.15622012437182725,0.800090816884825,1.1384332249258458,0.2761952628846295,0.6385747294096916,1.3938929671996079,-0.24425629245538985,-0.2409173008301107,-0.3400425018668436,0.6500000000000001,0.5698968157125085,True,-0.2823859549584189,-0.11032679055260575,0.5768481798926297,,350.5000762390513,,0.07284742776004238,0.0026809838463203173,0.013755301849629593,0.9727508478050975,0.599956919505874
M0s1,c9_raw_zero,2,O,REPRODUCES,-0.20220903301705978,-0.16142857644373335,-0.1944303459199938,-0.17591062416925238,0.5661237091421357,0.14482047725519032,0.8017692194135911,1.1244683019140933,0.27442629117244194,0.6546782979207043,1.568442987686832,-0.24184075717873796,-0.2409173008301107,-0.3400425018668436,0.6500000000000001,0.5672881768054612,,-0.2823859549584189,-0.11032679055260575,0.5768481798926297,,350.5000762390513,,0.09231590233752796,0.002986338737347105,0.013364469404916248,nan,0.599956919505874
M0s1,c9_raw_matched_s0,2,O,REPRODUCES,-0.20038315257676617,-0.16049310413990092,-0.1944303459199938,-0.17591062416925238,0.5661237091421357,0.15417520029351456,0.8200280238165272,1.1498880858192835,0.27700774525436644,0.6464508197660718,1.5351928754196587,-0.24307487890193283,-0.2409173008301107,-0.3400425018668436,0.6500000000000001,0.557907212828473,True,-0.2823859549584189,-0.11032679055260575,0.5768481798926297,,350.5000762390513,,0.17695718682134842,0.004920054039570965,0.007252940577221614,0.9788920490815576,0.599956919505874
M0s1,c9_raw_matched_s1,2,O,REPRODUCES,-0.18860727169330513,-0.18507419464630157,-0.1944303459199938,-0.17591062416925238,0.5661237091421357,0.09163570477049188,0.9377868326511376,3.0563430014287873,0.20165999736371917,0.8172973687908985,3.367124914791906,-0.23039761811367446,-0.2409173008301107,-0.3400425018668436,0.6500000000000001,0.552060623548162,True,-0.2823859549584189,-0.11032679055260575,0.5768481798926297,,349.7239770369564,,0.10825135591848367,0.004260483705533419,-6.341797654285624e-05,0.9810465499248631,0.599956919505874
M0s1,c9_raw_null,2,O,REPRODUCES,-0.20306032226072157,-0.1591334617339092,-0.1944303459199938,-0.17591062416925238,0.5661237091421357,0.1677716243534319,0.7932563269769732,0.9664790311790574,0.34073200466978204,0.6525579965302529,1.5575920988928535,-0.24215880238730567,-0.2409173008301107,-0.3400425018668436,0.6500000000000001,0.5612536986623553,True,-0.2823859549584189,-0.11032679055260575,0.5768481798926297,,350.5000762390513,,0.15235341799160818,0.004140928359511076,0.01195533460489579,0.9762336972177489,0.599956919505874
M0s1,c9_planted_A50,2,O,OVERSHOOTS,0.1607390872583136,-0.0723165553187248,-0.1944303459199938,-0.17591062416925238,0.5661237091421357,3.551694331783074,4.431250422167325,3.9374259331041648,3.2054769208893985,3.8663115944676183,4.1547610244214,-0.0868884412856726,-0.2409173008301107,-0.3400425018668436,1.4500000000000002,0.24628889580057578,False,-0.2823859549584189,-0.11032679055260575,0.5768481798926297,,1671.852341723462,,2.452173358614961,0.03758172814209826,0.03696194433296277,1.1938511758553076,0.599956919505874
M0s1,driver_tau0_s0,2,O,REPRODUCES,-0.3019888581905481,-0.08288272924125557,-0.1944303459199938,-0.17591062416925238,0.5661237091421357,1.0755851227055429,0.2744406131135017,6.819249958252436,0.965600462260267,0.7891313325938891,6.556915003023398,-0.30207131718187885,-0.2409173008301107,-0.3400425018668436,0.55,0.6338904768396402,False,-0.2823859549584189,-0.11032679055260575,0.5768481798926297,0.013449677398855024,,0.0,0.20145635027628428,0.005217421094286023,-0.010372588669167626,0.9032638445388737,0.599956919505874
M0s1,driver_tau0_s1,2,O,REPRODUCES,-0.32406232343788677,-0.0732588776311929,-0.1944303459199938,-0.17591062416925238,0.5661237091421357,1.2963197751789295,0.41676368479467873,8.693695941286872,0.9560892672074672,0.8732038597477103,8.91103103260411,-0.33944017066025034,-0.2409173008301107,-0.3400425018668436,0.6500000000000001,0.5969585527591663,True,-0.2823859549584189,-0.11032679055260575,0.5768481798926297,0.013449677398855024,,0.0,0.2626532269376596,0.0067687428683186335,0.0344817011427161,0.9583829936526821,0.599956919505874
M0s1,driver_tau2_s0,2,O,REPRODUCES,-0.2912175076170671,-0.09083749407345183,-0.1944303459199938,-0.17591062416925238,0.5661237091421357,0.967871616970733,0.19489296479153914,6.3158643390893,0.8907193550470157,0.81244599088854,6.533199430406534,-0.29083915109989117,-0.2409173008301107,-0.3400425018668436,0.55,0.624637319774985,False,-0.2823859549584189,-0.11032679055260575,0.5768481798926297,0.007076549833410945,,2.0,0.20368637996159977,0.0044268355260193015,-0.004855452022595723,0.9129387885207502,0.599956919505874
M0s1,driver_tau2_s1,2,O,REPRODUCES,-0.3065174526817245,-0.08757533370423304,-0.1944303459199938,-0.17591062416925238,0.5661237091421357,1.1208710676173066,0.24131497723305584,8.344214434130224,0.9738675240075667,0.5669263674715571,8.561549525447461,-0.30671648339888297,-0.2409173008301107,-0.3400425018668436,0.6500000000000001,0.5995334889498378,True,-0.2823859549584189,-0.11032679055260575,0.5768481798926297,0.007076549833410945,,2.0,0.20249180960741198,0.004388858644660432,0.023120617687204845,0.960234565563381,0.599956919505874
M0s1,driver_tau5_s0,2,O,REPRODUCES,-0.2768625055345652,-0.10601301324031115,-0.1944303459199938,-0.17591062416925238,0.5661237091421357,0.824321596145714,0.14105965706548704,5.256766711571764,0.8052818304954731,0.7131629039343768,5.474101802888999,-0.2780235224171598,-0.2409173008301107,-0.3400425018668436,0.55,0.6146735759861031,False,-0.2823859549584189,-0.11032679055260575,0.5768481798926297,0.004880733564332203,,5.0,0.1779268967825698,0.004392695510076372,-0.004547618008245324,0.9275552738428103,0.599956919505874
M0s1,driver_tau5_s1,2,O,REPRODUCES,-0.30206777774316923,-0.08624124927385167,-0.1944303459199938,-0.17591062416925238,0.5661237091421357,1.0763743182317542,0.24085541278754077,5.215159429812397,0.8905685801297969,0.3478363569313108,5.432494521129633,-0.3173338474602774,-0.2409173008301107,-0.3400425018668436,0.6500000000000001,0.5969669132621669,True,-0.2823859549584189,-0.11032679055260575,0.5768481798926297,0.004880733564332203,,5.0,0.13507915888295585,0.004249045924336392,0.0244203115132264,0.9628968060045504,0.599956919505874
M0s1,driver_tau10_s0,2,O,REPRODUCES,-0.26313810368877816,-0.11779331694333403,-0.1944303459199938,-0.17591062416925238,0.5661237091421357,0.6870775776878435,0.22569979977503374,3.556873818815792,0.7627622838513342,0.2752295096341414,3.7742089101330274,-0.27164559042053893,-0.2409173008301107,-0.3400425018668436,0.55,0.6058321730924945,False,-0.2823859549584189,-0.11032679055260575,0.5768481798926297,0.003917920568576906,,10.0,0.15353054880470873,0.005474874686204001,0.02510231164339521,0.9342372271289879,0.599956919505874
M0s1,driver_tau10_s1,2,O,REPRODUCES,-0.27585552239348876,-0.11232597344241979,-0.1944303459199938,-0.17591062416925238,0.5661237091421357,0.8142517647349495,0.1503955591003584,3.6133764373720885,0.757491398137085,0.580279506963459,3.8307115286893234,-0.3064229123751568,-0.2409173008301107,-0.3400425018668436,0.6500000000000001,0.5930830754935681,True,-0.2823859549584189,-0.11032679055260575,0.5768481798926297,0.003917920568576906,,10.0,0.14174329463027613,0.004175792330898154,0.0031801077023259905,0.9653570888619165,0.599956919505874
M0s1,driver_tau20_s0,2,O,REPRODUCES,-0.22889641619408396,-0.14386646937850553,-0.1944303459199938,-0.17591062416925238,0.5661237091421357,0.34466070274090155,0.5348953876433493,2.2817455493774172,0.5306648343675004,0.3016642224870316,2.499080640694652,-0.23683097299796388,-0.2409173008301107,-0.3400425018668436,0.55,0.5928601478363518,False,-0.2823859549584189,-0.11032679055260575,0.5768481798926297,0.0034176184254346587,,20.0,0.12355857759977118,0.004164967156016386,-0.017486614150703496,0.9368953952916572,0.599956919505874
M0s1,driver_tau20_s1,2,O,REPRODUCES,-0.24098213182950354,-0.14086890629223625,-0.1944303459199938,-0.17591062416925238,0.5661237091421357,0.4655178590950973,0.41403823128915357,3.0139581022248407,0.3782243050629648,0.49339395758650967,3.2312931935420752,-0.2729969827356549,-0.2409173008301107,-0.3400425018668436,0.6500000000000001,0.5772921735193939,True,-0.2823859549584189,-0.11032679055260575,0.5768481798926297,0.0034176184254346587,,20.0,0.14564574546467934,0.0053393922567522845,0.02092203827990635,0.9720806028108059,0.599956919505874
M0s1,driver_tau40_s0,2,O,REPRODUCES,-0.20943635665076066,-0.16814652326312937,-0.1944303459199938,-0.17591062416925238,0.5661237091421357,0.17321092524049905,0.7294959830765824,1.877933497514198,0.40863948558211205,0.47706158231904827,2.0952685888314333,-0.21852717068015562,-0.2409173008301107,-0.3400425018668436,0.55,0.5870437391150829,False,-0.2823859549584189,-0.11032679055260575,0.5768481798926297,0.0031953969491446696,,40.0,0.13076478756639975,0.0038206512037434193,0.013927251178088053,0.938301644575412,0.599956919505874
M0s1,driver_tau40_s1,2,O,REPRODUCES,-0.2169824325297474,-0.1605116331449206,-0.1944303459199938,-0.17591062416925238,0.5661237091421357,0.2255208660975358,0.654035224286715,2.4768093939562097,0.18400147437010167,0.6396797219920916,2.6941444852734446,-0.25774090480781153,-0.2409173008301107,-0.3400425018668436,0.6500000000000001,0.5673652902531836,True,-0.2823859549584189,-0.11032679055260575,0.5768481798926297,0.0031953969491446696,,40.0,0.18523049864397523,0.006189423319273746,-0.006202461315363551,0.9724389691568005,0.599956919505874
M0s1,driver_tau80_s0,2,O,STAYS AT C1,-0.18144419406649412,-0.1812316502873156,-0.1944303459199938,-0.17591062416925238,0.5661237091421357,0.1298615185349969,1.0094176089192477,2.2283776625030645,0.22084362147976416,0.5733255979721357,2.539159575866183,-0.2405148745945669,-0.2409173008301107,-0.3400425018668436,0.95,0.5840858006245041,False,-0.2823859549584189,-0.11032679055260575,0.5768481798926297,0.0030845989576872707,,80.0,0.08505692216367144,0.002558603968184525,0.01598598938123694,0.9397220575099491,0.599956919505874
M0s1,driver_tau80_s1,2,O,REPRODUCES,-0.20980949592128506,-0.1613150607355477,-0.1944303459199938,-0.17591062416925238,0.5661237091421357,0.15379150001291253,0.7257645903713383,1.750980696310122,0.24075732990130883,0.6335890195120875,2.073971327761101,-0.24500414894003048,-0.2409173008301107,-0.3400425018668436,0.6500000000000001,0.5645592274107549,True,-0.2823859549584189,-0.11032679055260575,0.5768481798926297,0.0030845989576872707,,80.0,0.12787720705876282,0.005779408636994554,-0.023815439353595317,0.9738142621912471,0.599956919505874
M0s1,driver_tauc1_s0,2,O,STAYS AT C1,-0.13013470502606125,-0.19622262901509607,-0.1944303459199938,-0.17591062416925238,0.5661237091421357,0.6429564089393255,1.5225124993235764,1.8356749237795786,0.21522607778597574,0.6736924974834851,2.053010015096814,-0.21322561794117342,-0.2409173008301107,-0.3400425018668436,1.05,0.585443555871627,False,-0.2823859549584189,-0.11032679055260575,0.5768481798926297,0.003579985465870975,,350.5000762390513,0.17409120425131208,0.004452601260447053,0.004600150225286066,0.9016816918467666,0.599956919505874
M0s1,driver_tauc1_s1,2,O,STAYS AT C1,-0.1608330439615057,-0.19096896156385829,-0.1944303459199938,-0.17591062416925238,0.5661237091421357,0.3359730195848812,1.2155291099691319,4.745102701881418,0.12978569698358922,0.6902787719632463,3.143899866707917,-0.23650068607235666,-0.2409173008301107,-0.3400425018668436,0.6500000000000001,0.5766066097015821,False,-0.2823859549584189,-0.11032679055260575,0.5768481798926297,0.003579985465870975,,350.5000762390513,0.2677464881066345,0.00519468679516355,-0.001632806735774154,0.931160958487712,0.599956919505874
M0s1,c1_regen_s0,2,MLP_OUT,STAYS AT C1,-0.20353071239926385,-0.17461700770234656,-0.16104234010363777,-0.18226418537263478,0.5709749135761522,0.42488372295626076,1.16105649878738,2.1802740114571435,0.12683782212685218,0.8548734790744099,1.2972496153911874,-0.2327263751894931,-0.21712266748030173,-0.3282327338641543,0.6500000000000001,0.5588855293625481,,-0.31963636227800185,-0.09945055358593226,0.5483822266145975,,353.29301573074736,,0.0942172483511361,0.003930382954763223,0.0006913903871916882,nan,0.6164962661421746
M0s1,c1_regen_s1,2,MLP_OUT,STAYS AT C1,-0.20131649343956642,-0.1808334024848102,-0.16104234010363777,-0.18226418537263478,0.5709749135761522,0.40274153335928653,1.1831986883843542,2.106656106853665,0.14265997783919757,0.846258057525531,2.432212159573219,-0.22877242839743364,-0.21712266748030173,-0.3282327338641543,0.6500000000000001,0.5577778476920674,,-0.31963636227800185,-0.09945055358593226,0.5483822266145975,,356.2280551204073,,0.07680195529840317,0.004758618318262298,-0.011915095443455927,nan,0.6164962661421746
M0s1,c9_smooth_zero,2,MLP_OUT,STAYS AT C1,-0.20783353649993203,-0.17330877402676387,-0.16104234010363777,-0.18226418537263478,0.5709749135761522,0.46791196396294255,1.1180282577806981,1.6950926327239768,0.1498794421792704,0.8318318590219916,1.5690925031325171,-0.23639314546713452,-0.21712266748030173,-0.3282327338641543,0.6500000000000001,0.5616030504330218,,-0.31963636227800185,-0.09945055358593226,0.5483822266145975,,353.29301573074736,,0.08321391429444347,0.003877049708788216,0.005631999268807273,nan,0.6164962661421746
M0s1,c9_scale_only,2,MLP_OUT,STAYS AT C1,-0.20783353649993208,-0.17330877402676367,-0.16104234010363777,-0.18226418537263478,0.5709749135761522,0.4679119639629431,1.1180282577806977,1.6950926327242197,0.14987944217926485,0.8318318590219972,1.5690925031324725,-0.2363931454671351,-0.21712266748030173,-0.3282327338641543,0.6500000000000001,0.5616030504330587,,-0.31963636227800185,-0.09945055358593226,0.5483822266145975,,353.29301573074736,,0.08321391429444569,0.0038770497087747824,0.005631999268806448,nan,0.6164962661421746
M0s1,c9_smooth_matched_s0,2,MLP_OUT,STAYS AT C1,-0.20776626001521267,-0.1732780916517611,-0.16104234010363777,-0.18226418537263478,0.5709749135761522,0.467239199115749,1.1187010226278917,1.6891911726683333,0.1489410177577207,0.8327702834435413,1.5730033384264184,-0.23637458870005065,-0.21712266748030173,-0.3282327338641543,0.6500000000000001,0.5620333079434106,True,-0.31963636227800185,-0.09945055358593226,0.5483822266145975,,353.29301573074736,,0.08324041084484346,0.003961240180242909,0.005179263959686921,0.9581390444161103,0.6164962661421746
M0s1,c9_smooth_matched_s1,2,MLP_OUT,STAYS AT C1,-0.20530211532806672,-0.18003004863893998,-0.16104234010363777,-0.18226418537263478,0.5709749135761522,0.4425977522442895,1.1433424694993513,2.1247110238652356,0.16494970534215653,0.8167615958591056,2.353354500405918,-0.23354266921305786,-0.21712266748030173,-0.3282327338641543,0.6500000000000001,0.5588342198411455,True,-0.31963636227800185,-0.09945055358593226,0.5483822266145975,,356.2280551204073,,0.07018277052794364,0.0035944208108882325,-0.01184116599131609,0.9613685122599679,0.6164962661421746
M0s1,c9_smooth_null,2,MLP_OUT,STAYS AT C1,-0.20762530824233602,-0.1731940321886911,-0.16104234010363777,-0.18226418537263478,0.5709749135761522,0.4658296813869825,1.1201105403566582,1.7452945773130306,0.22281704874986727,0.8028847853533596,2.037461830701307,-0.23688934062116906,-0.21712266748030173,-0.3282327338641543,0.6500000000000001,0.5621763070418475,True,-0.31963636227800185,-0.09945055358593226,0.5483822266145975,,353.29301573074736,,0.08812568534154774,0.003926911251441512,0.006540747449671755,0.9586283249148039,0.6164962661421746
M0s1,c9_fine_zero,2,MLP_OUT,STAYS AT C1,-0.20822925959224678,-0.1736378914084297,-0.16104234010363777,-0.18226418537263478,0.5709749135761522,0.4718691948860901,1.1140710268575507,1.7569696170467028,0.1734326365644832,0.8082786646367789,1.8256240226610974,-0.2346139345383393,-0.21712266748030173,-0.3282327338641543,0.6500000000000001,0.5617038952797688,,-0.31963636227800185,-0.09945055358593226,0.5483822266145975,,353.29301573074736,,0.08502292164358316,0.003920489124343063,0.0034745526533519586,nan,0.6164962661421746
M0s1,c9_fine_matched_s0,2,MLP_OUT,STAYS AT C1,-0.20795060033109924,-0.1735565013928709,-0.16104234010363777,-0.18226418537263478,0.5709749135761522,0.46908260227461474,1.116857619469026,1.8182361178200876,0.17284865787483322,0.8088626433264289,1.7831205823880423,-0.23426824895349674,-0.21712266748030173,-0.3282327338641543,0.6500000000000001,0.5614101471768689,True,-0.31963636227800185,-0.09945055358593226,0.5483822266145975,,353.29301573074736,,0.08421630661230406,0.003763760910597047,0.0029919727210651627,0.9580031428152085,0.6164962661421746
M0s1,c9_fine_matched_s1,2,MLP_OUT,STAYS AT C1,-0.2052159865231855,-0.1792960823632437,-0.16104234010363777,-0.18226418537263478,0.5709749135761522,0.4417364641954774,1.1442037575481634,2.8543086065243837,0.16833447891176986,0.8133768222894922,2.2755479008624597,-0.23198156430509934,-0.21712266748030173,-0.3282327338641543,0.6500000000000001,0.558079689601606,True,-0.31963636227800185,-0.09945055358593226,0.5483822266145975,,356.2280551204073,,0.06588592694463413,0.0035247653600157247,-0.014645688850957692,0.9611138731963946,0.6164962661421746
M0s1,c9_fine_null,2,MLP_OUT,STAYS AT C1,-0.20798412800675847,-0.17314963961389399,-0.16104234010363777,-0.18226418537263478,0.5709749135761522,0.469417879031207,1.1165223427124338,1.7055192789272453,0.20578514603929743,0.8013070813497712,1.9191085413686204,-0.23404323715656708,-0.21712266748030173,-0.3282327338641543,0.6500000000000001,0.5615431391365475,True,-0.31963636227800185,-0.09945055358593226,0.5483822266145975,,353.29301573074736,,0.09290658183980582,0.003934562023558796,0.005142073457207251,0.9585867276977237,0.6164962661421746
M0s1,c9_raw_zero,2,MLP_OUT,STAYS AT C1,-0.20009492265838102,-0.17109854516350376,-0.16104234010363777,-0.18226418537263478,0.5709749135761522,0.39052582554743254,1.1954143961962083,2.149917552162731,0.17475447566778418,0.9450606853355685,1.7853979030713418,-0.22778634357442035,-0.21712266748030173,-0.3282327338641543,0.6500000000000001,0.5519844672370504,,-0.31963636227800185,-0.09945055358593226,0.5483822266145975,,353.29301573074736,,0.09241626112380397,0.004300481634416875,0.0031675572513639645,nan,0.6164962661421746
M0s1,c9_raw_matched_s0,2,MLP_OUT,STAYS AT C1,-0.20102999262451832,-0.170596098590333,-0.16104234010363777,-0.18226418537263478,0.5709749135761522,0.39987652520880546,1.1860636965348352,2.188454470164436,0.19736410953863692,0.9577586893924656,1.765008079720498,-0.2265582358873746,-0.21712266748030173,-0.3282327338641543,0.6500000000000001,0.543512662905025,True,-0.31963636227800185,-0.09945055358593226,0.5483822266145975,,353.29301573074736,,0.16740293668988082,0.006229666155546765,-0.006678638297675646,0.9723169015131224,0.6164962661421746
M0s1,c9_raw_matched_s1,2,MLP_OUT,STAYS AT C1,-0.1969598983746041,-0.17781480922397452,-0.16104234010363777,-0.18226418537263478,0.5709749135761522,0.3591755827096632,1.2267646390339775,2.692486686689737,0.20821774891973344,0.9862950051735664,2.921130163230419,-0.22375900829159145,-0.21712266748030173,-0.3282327338641543,0.6500000000000001,0.5450417332129986,True,-0.31963636227800185,-0.09945055358593226,0.5483822266145975,,356.2280551204073,,0.12133911846372492,0.00579026220476897,-0.020922916645324335,0.9728987370160025,0.6164962661421746
M0s1,c9_raw_null,2,MLP_OUT,STAYS AT C1,-0.20177906174254806,-0.17182603098629404,-0.16104234010363777,-0.18226418537263478,0.5709749135761522,0.4073672163891029,1.1785730053545378,2.366374017680641,0.1967065026144611,0.9194060362848627,1.650642850208067,-0.2294877993755426,-0.21712266748030173,-0.3282327338641543,0.6500000000000001,0.5483843982017333,True,-0.31963636227800185,-0.09945055358593226,0.5483822266145975,,353.29301573074736,,0.1433602161559664,0.005840409156881804,0.003321738883745152,0.9674297929115044,0.6164962661421746
M0s1,c9_planted_A50,2,MLP_OUT,OVERSHOOTS,0.14494556089749278,-0.08154286459321415,-0.16104234010363777,-0.18226418537263478,0.5709749135761522,3.059879010011305,4.645819231754946,5.674842244737813,0.18862535279155684,3.5936844697006816,7.01794525415532,-0.10743555143357388,-0.21712266748030173,-0.3282327338641543,1.9500000000000002,0.24179534939761477,False,-0.31963636227800185,-0.09945055358593226,0.5483822266145975,,1685.0833282124347,,2.6019401728319833,0.040327487542275275,-0.06764085985258286,1.1938329286834812,0.6164962661421746
M0s1,driver_tau0_s0,2,MLP_OUT,REPRODUCES,-0.3133361407275172,-0.08173355814752721,-0.16104234010363777,-0.18226418537263478,0.5709749135761522,1.5229380062387943,0.1882407333077216,5.051756769061881,1.0315265167814256,0.08564814094425928,6.24282916412436,-0.3163917892106383,-0.21712266748030173,-0.3282327338641543,0.55,0.6208245217264354,False,-0.31963636227800185,-0.09945055358593226,0.5483822266145975,0.013548261057674368,,0.0,0.15368427617770708,0.004176750781215766,0.009832884865141089,0.896231246935687,0.6164962661421746
M0s1,driver_tau0_s1,2,MLP_OUT,REPRODUCES,-0.3291530671378568,-0.0785999747515891,-0.16104234010363777,-0.18226418537263478,0.5709749135761522,1.6811072703421903,0.2085057883434316,5.562983626688233,1.0094689188776043,0.22060090372240762,6.754056021750712,-0.337555225392868,-0.21712266748030173,-0.3282327338641543,0.6500000000000001,0.5878685331122125,True,-0.31963636227800185,-0.09945055358593226,0.5483822266145975,0.013548261057674368,,0.0,0.27305511676231875,0.00479614055892974,0.02390568387877886,0.9543135551381154,0.6164962661421746
M0s1,driver_tau2_s0,2,MLP_OUT,REPRODUCES,-0.29829828271427966,-0.09245929795123392,-0.16104234010363777,-0.18226418537263478,0.5709749135761522,1.372559426106419,0.2133807956372219,4.686599368642676,0.9284073912728574,0.05330390992840458,5.877671763705154,-0.3009239203843531,-0.21712266748030173,-0.3282327338641543,0.55,0.6118457287709176,False,-0.31963636227800185,-0.09945055358593226,0.5483822266145975,0.007176463252081029,,2.0,0.139805210738424,0.005753582414955827,0.013175382641312443,0.9057891813911275,0.6164962661421746
M0s1,driver_tau2_s1,2,MLP_OUT,REPRODUCES,-0.3277238747092882,-0.07358143083996868,-0.16104234010363777,-0.18226418537263478,0.5709749135761522,1.6668153460565043,0.25869122745963574,5.043469052742379,1.046224564957381,0.2075098619214813,6.234541447804858,-0.32762077368027137,-0.21712266748030173,-0.3282327338641543,0.6500000000000001,0.585967425143421,True,-0.31963636227800185,-0.09945055358593226,0.5483822266145975,0.007176463252081029,,2.0,0.2508129658843563,0.006508615541825913,0.018891399579916517,0.9581144166945319,0.6164962661421746
M0s1,driver_tau5_s0,2,MLP_OUT,REPRODUCES,-0.2889449392911791,-0.10285699541371837,-0.16104234010363777,-0.18226418537263478,0.5709749135761522,1.2790259918754132,0.3069142298682276,3.864963420325296,0.8868889841121941,0.22191747446445184,5.056035815387774,-0.3013843142638453,-0.21712266748030173,-0.3282327338641543,0.6500000000000001,0.6013942819240796,False,-0.31963636227800185,-0.09945055358593226,0.5483822266145975,0.004911821383918921,,5.0,0.11372442647331304,0.005738799939238509,-0.00850028556515346,0.917140105281062,0.6164962661421746
M0s1,driver_tau5_s1,2,MLP_OUT,REPRODUCES,-0.3145978116113177,-0.08713631552282067,-0.16104234010363777,-0.18226418537263478,0.5709749135761522,1.5355547150767994,0.16209509919188175,4.100557540590149,0.8848656261982298,0.16632606138675182,5.291629935652628,-0.3248977539275691,-0.21712266748030173,-0.3282327338641543,0.6500000000000001,0.5853535236678011,True,-0.31963636227800185,-0.09945055358593226,0.5483822266145975,0.004911821383918921,,5.0,0.21328506394643698,0.005396677448997023,0.028176280569222834,0.9693908595575591,0.6164962661421746
M0s1,driver_tau10_s0,2,MLP_OUT,REPRODUCES,-0.26828997778224734,-0.12188110117507266,-0.16104234010363777,-0.18226418537263478,0.5709749135761522,1.0724763767860956,0.5134638449575452,3.081641390347249,0.6637235568621443,0.3179877443391177,4.272713785409728,-0.30123672069303087,-0.21712266748030173,-0.3282327338641543,0.6500000000000001,0.5979950375758989,False,-0.31963636227800185,-0.09945055358593226,0.5483822266145975,0.003965043288288449,,10.0,0.09085744920844085,0.0040455495825982846,-0.013580676076470427,0.9266714744083189,0.6164962661421746
M0s1,driver_tau10_s1,2,MLP_OUT,REPRODUCES,-0.27872078956839,-0.1056523264106237,-0.16104234010363777,-0.18226418537263478,0.5709749135761522,1.1767844946475225,0.40915572709611825,3.64737404807218,0.6234663536710537,0.4260661759415679,4.838446443134658,-0.30428832418765966,-0.21712266748030173,-0.3282327338641543,0.6500000000000001,0.5720065496996465,True,-0.31963636227800185,-0.09945055358593226,0.5483822266145975,0.003965043288288449,,10.0,0.20049456287826306,0.005864674175849127,0.030009332518236353,0.9641119959082377,0.6164962661421746
M0s1,driver_tau20_s0,2,MLP_OUT,REPRODUCES,-0.23957833801770728,-0.1483184950692642,-0.16104234010363777,-0.18226418537263478,0.5709749135761522,0.7853599791406951,0.8005802426029457,1.808783904990644,0.46733320270654577,0.5143780984947163,2.9998563000531226,-0.2637370022005292,-0.21712266748030173,-0.3282327338641543,0.6500000000000001,0.5867900992036426,False,-0.31963636227800185,-0.09945055358593226,0.5483822266145975,0.0034691806410092636,,20.0,0.09201365611875012,0.002836459441380612,-0.015557156832186196,0.9277098761630729,0.6164962661421746
M0s1,driver_tau20_s1,2,MLP_OUT,REPRODUCES,-0.254810420768187,-0.13635833835764577,-0.16104234010363777,-0.18226418537263478,0.5709749135761522,0.9376808066454922,0.6482594150981486,2.2220965220860562,0.5033959462133674,0.47831535498789474,3.4131689171485347,-0.2730057644627202,-0.21712266748030173,-0.3282327338641543,0.6500000000000001,0.5706408725022944,True,-0.31963636227800185,-0.09945055358593226,0.5483822266145975,0.0034691806410092636,,20.0,0.0917028578104695,0.0034220861881300024,0.011200840529345547,0.9641080441083018,0.6164962661421746
M0s1,driver_tau40_s0,2,MLP_OUT,STAYS AT C1,-0.21432316625623704,-0.16293418740900997,-0.16104234010363777,-0.18226418537263478,0.5709749135761522,0.5328082615259927,1.053131960217648,2.890235229813508,0.34399856837346754,0.7012745893229776,3.462624545140567,-0.23870885966753927,-0.21712266748030173,-0.3282327338641543,0.6500000000000001,0.5790813998447799,False,-0.31963636227800185,-0.09945055358593226,0.5483822266145975,0.003217935371683779,,40.0,0.045686993875300175,0.002483387538095294,-0.003798499032947372,0.9335867763081392,0.6164962661421746
M0s1,driver_tau40_s1,2,MLP_OUT,REPRODUCES,-0.2411807291357322,-0.15929935984299046,-0.16104234010363777,-0.18226418537263478,0.5709749135761522,0.8013838903209444,0.7845563314226963,2.370503005289595,0.3723152052304,0.6093960959708621,2.942892320616654,-0.27012070864105836,-0.21712266748030173,-0.3282327338641543,0.6500000000000001,0.5672722714803918,True,-0.31963636227800185,-0.09945055358593226,0.5483822266145975,0.003217935371683779,,40.0,0.09396905135287748,0.005554923678638968,0.031581045379930686,0.9587218783271834,0.6164962661421746
M0s1,driver_tau80_s0,2,MLP_OUT,STAYS AT C1,-0.19202688984191604,-0.168647070052127,-0.16104234010363777,-0.18226418537263478,0.5709749135761522,0.3098454973827827,1.276094724360858,0.8118854827878873,0.29216239384793474,0.7891413425768337,1.7301146693438023,-0.21329285527093095,-0.21712266748030173,-0.3282327338641543,0.6500000000000001,0.5796539313504215,False,-0.31963636227800185,-0.09945055358593226,0.5483822266145975,0.0031460232726910017,,80.0,0.08113079274396151,0.0039276800020137115,-0.025354664743481317,0.9286016817811161,0.6164962661421746
M0s1,driver_tau80_s1,2,MLP_OUT,STAYS AT C1,-0.21565967965021365,-0.15916105595987504,-0.16104234010363777,-0.18226418537263478,0.5709749135761522,0.5461733954657588,1.0397668262778819,1.9836840041536972,0.3422748622102273,0.8643055329001422,1.867982410940962,-0.24049927858393463,-0.21712266748030173,-0.3282327338641543,0.6500000000000001,0.5515945206700186,True,-0.31963636227800185,-0.09945055358593226,0.5483822266145975,0.0031460232726910017,,80.0,0.06569035740519125,0.0029578249337328943,0.008277962850403017,0.9750988107668592,0.6164962661421746
M0s1,driver_tauc1_s0,2,MLP_OUT,STAYS AT C1,-0.1582999229411508,-0.1912078648852335,-0.16104234010363777,-0.18226418537263478,0.5709749135761522,0.10855943253574904,1.6133643933685105,2.3429104914772623,0.1806230672795156,0.9452885551854772,3.533982886539741,-0.22928620875259786,-0.21712266748030173,-0.3282327338641543,0.95,0.5759464766856097,False,-0.31963636227800185,-0.09945055358593226,0.5483822266145975,0.0035883091721843146,,353.29301573074736,0.12310584125318558,0.00559862142895684,0.011729137361660983,0.9026836369811853,0.6164962661421746
M0s1,driver_tauc1_s1,2,MLP_OUT,STAYS AT C1,-0.1737139150437191,-0.17950067023101834,-0.16104234010363777,-0.18226418537263478,0.5709749135761522,0.14273769820101895,1.4592244723428274,2.7072322442620944,0.20734164996377158,0.9548018294952401,3.318084239870191,-0.20582284786292818,-0.21712266748030173,-0.3282327338641543,0.6500000000000001,0.56270816499628,False,-0.31963636227800185,-0.09945055358593226,0.5483822266145975,0.0035883091721843146,,353.29301573074736,0.1887986846829972,0.003663185844200001,-0.001066976185640255,0.9341703022562781,0.6164962661421746
M0s1,c1_regen_s0,5,Q,STAYS AT C1,-0.12310449346348791,-0.20543093755984335,-0.12031696287033705,-0.2078112944536198,0.5962328621421019,0.031923600736686736,1.060280714332215,0.7081110478604902,0.13920736742549372,0.6106889092819433,2.234630816103015,-0.2335666165852335,-0.24364049433353901,-0.32552041435004436,0.95,0.5936735804828417,,-0.2291325648967094,-0.13229352822442442,0.60731321142896,,415.48585953666895,,0.10544893368457142,0.004434259913329519,-0.009009044165404689,nan,0.5544444094519685
M0s1,c1_regen_s1,5,Q,STAYS AT C1,-0.11752943227718618,-0.21019165134739626,-0.12031696287033705,-0.2078112944536198,0.5962328621421019,0.0319236007366866,1.1160313261952322,0.7081110478604901,0.13920736742549372,0.6474361434226585,0.8184087203820347,-0.2537143720818445,-0.24364049433353901,-0.32552041435004436,0.95,0.5987921438013621,,-0.2291325648967094,-0.13229352822442442,0.60731321142896,,417.6132805522258,,0.14653672288747321,0.0043312759795504086,0.0032169156600089874,nan,0.5544444094519685
M0s1,c9_smooth_zero,5,Q,STAYS AT C1,-0.12820069279446386,-0.20332546386983344,-0.12031696287033705,-0.2078112944536198,0.5962328621421019,0.07883729924126809,1.0093187210224555,0.6552937139797321,0.2306259978214446,0.6611033158114115,2.0317292208500306,-0.26391207502587993,-0.24364049433353901,-0.32552041435004436,0.8500000000000001,0.5983084279192934,,-0.2291325648967094,-0.13229352822442442,0.60731321142896,,415.48585953666895,,0.09132547172593597,0.003527680177299708,-0.011251914223005699,nan,0.5544444094519685
M0s1,c9_scale_only,5,Q,STAYS AT C1,-0.12820069279446347,-0.20332546386983402,-0.12031696287033705,-0.2078112944536198,0.5962328621421019,0.0788372992412642,1.0093187210224592,0.655293713979673,0.23062599782143534,0.6611033158114021,2.031729220849869,-0.26391207502587855,-0.24364049433353901,-0.32552041435004436,0.8500000000000001,0.5983084279193136,,-0.2291325648967094,-0.13229352822442442,0.60731321142896,,415.48585953666895,,0.09132547172593153,0.003527680177299708,-0.011251914223007514,nan,0.5544444094519685
M0s1,c9_smooth_matched_s0,5,Q,STAYS AT C1,-0.12815679916199915,-0.2032623108562322,-0.12031696287033705,-0.2078112944536198,0.5962328621421019,0.078398362916621,1.0097576573471025,0.642083825524122,0.231059858546497,0.6615371765364638,2.0399572952479312,-0.2639771541346378,-0.24364049433353901,-0.32552041435004436,0.8500000000000001,0.5981785310422201,True,-0.2291325648967094,-0.13229352822442442,0.60731321142896,,415.48585953666895,,0.09184129445820322,0.0036657509076742367,-0.012081595301655687,0.9609902207871026,0.5544444094519685
M0s1,c9_smooth_matched_s1,5,Q,STAYS AT C1,-0.12049297976449297,-0.20915647851886304,-0.12031696287033705,-0.2078112944536198,0.5962328621421019,0.03295251635437067,1.0863958513221643,0.8983603829448347,0.21852642572559858,0.630074641461216,0.9756869760320002,-0.2490379013644836,-0.24364049433353901,-0.32552041435004436,0.95,0.5953212089173865,True,-0.2291325648967094,-0.13229352822442442,0.60731321142896,,417.6132805522258,,0.13603196840536613,0.0038567925284779814,-1.9908993124196012e-05,0.9604261630950803,0.5544444094519685
M0s1,c9_smooth_null,5,Q,STAYS AT C1,-0.12809622039681784,-0.20331062362650731,-0.12031696287033705,-0.2078112944536198,0.5962328621421019,0.07779257526480787,1.0103634449989156,0.5574203747053338,0.31672260040468714,0.7471999183946539,2.0839401429478586,-0.2768265654133663,-0.24364049433353901,-0.32552041435004436,0.8500000000000001,0.5974425590432656,True,-0.2291325648967094,-0.13229352822442442,0.60731321142896,,415.48585953666895,,0.09442257440510726,0.00392961027586225,-0.012082896666127047,0.9612632514100735,0.5544444094519685
M0s1,c9_fine_zero,5,Q,STAYS AT C1,-0.1286611015777775,-0.20316106328686107,-0.12031696287033705,-0.2078112944536198,0.5962328621421019,0.0834413870744044,1.004714633189319,0.5450635253599194,0.16844188474999602,0.599692509203058,2.0165236698017988,-0.2400763112190966,-0.24364049433353901,-0.32552041435004436,0.8500000000000001,0.5970938289275503,,-0.2291325648967094,-0.13229352822442442,0.60731321142896,,415.48585953666895,,0.0928023567036731,0.003548500403617011,-0.010552504392356988,nan,0.5544444094519685
M0s1,c9_fine_matched_s0,5,Q,STAYS AT C1,-0.12788102364307907,-0.2021886833723069,-0.12031696287033705,-0.2078112944536198,0.5962328621421019,0.0756406077274202,1.0125154125363034,0.6980654679281444,0.16309628056898465,0.5897130328635629,1.877433393163293,-0.23867693612019197,-0.24364049433353901,-0.32552041435004436,0.8500000000000001,0.5969183451841392,True,-0.2291325648967094,-0.13229352822442442,0.60731321142896,,415.48585953666895,,0.09629327595211379,0.003935613528339099,-0.013819372219616767,0.9612782724834268,0.5544444094519685
M0s1,c9_fine_matched_s1,5,Q,STAYS AT C1,-0.1198725628764571,-0.2084618983829853,-0.12031696287033705,-0.2078112944536198,0.5962328621421019,0.03513331611505984,1.092600020202523,0.8962887460002332,0.2829859081833593,0.6455902091685656,0.8479521193907524,-0.25877988947994485,-0.24364049433353901,-0.32552041435004436,0.95,0.5946599945505748,True,-0.2291325648967094,-0.13229352822442442,0.60731321142896,,417.6132805522258,,0.13551771136459534,0.0039182506807504125,-0.0035537724718287,0.9606647821400524,0.5544444094519685
M0s1,c9_fine_null,5,Q,STAYS AT C1,-0.12882657007788376,-0.2030261726912113,-0.12031696287033705,-0.2078112944536198,0.5962328621421019,0.08509607207546704,1.0030599481882565,0.6046474841248802,0.19552967671566696,0.6012711421171008,2.032060344411281,-0.2520997205317583,-0.24364049433353901,-0.32552041435004436,0.8500000000000001,0.5963240125384348,True,-0.2291325648967094,-0.13229352822442442,0.60731321142896,,415.48585953666895,,0.09684338276660887,0.003455383361299705,-0.01049013728332275,0.9610636414885042,0.5544444094519685
M0s1,c9_raw_zero,5,Q,STAYS AT C1,-0.1280878523405711,-0.20286371694119382,-0.12031696287033705,-0.2078112944536198,0.5962328621421019,0.07770889470234049,1.010447125561383,0.46442999744674107,0.4017051192030718,0.5935765762522774,1.3799701897822338,-0.2364857449529332,-0.24364049433353901,-0.32552041435004436,0.95,0.5935486300744904,,-0.2291325648967094,-0.13229352822442442,0.60731321142896,,415.48585953666895,,0.11063170157859537,0.003896633411347994,-0.008315884783461708,nan,0.5544444094519685
M0s1,c9_raw_matched_s0,5,Q,STAYS AT C1,-0.1281476462544626,-0.19947920628668855,-0.12031696287033705,-0.2078112944536198,0.5962328621421019,0.08332088166931234,1.0098491864224681,1.0452551893288213,0.285713812004959,0.6445461326248375,1.751800599643123,-0.23532717226031963,-0.24364049433353901,-0.32552041435004436,0.95,0.5854538446874542,True,-0.2291325648967094,-0.13229352822442442,0.60731321142896,,415.48585953666895,,0.19352271402545318,0.006784226123158821,-0.01789719083947285,0.9677783509044505,0.5544444094519685
M0s1,c9_raw_matched_s1,5,Q,STAYS AT C1,-0.11999062214876469,-0.20611206540842994,-0.12031696287033705,-0.2078112944536198,0.5962328621421019,0.06815388959561797,1.091419427479447,0.24070671833391197,0.24070671833391197,0.651329865968827,1.5875670139506748,-0.23568843603732226,-0.24364049433353901,-0.32552041435004436,0.95,0.5845330739753205,True,-0.2291325648967094,-0.13229352822442442,0.60731321142896,,417.6132805522258,,0.24341101604773696,0.006829454728768725,-0.007781903673067245,0.9656810839183898,0.5544444094519685
M0s1,c9_raw_null,5,Q,STAYS AT C1,-0.1285160107907815,-0.20142480723768907,-0.12031696287033705,-0.2078112944536198,0.5962328621421019,0.08199047920444458,1.006165541059279,0.8263700554971691,0.32446197595301757,0.6162068222058459,1.651122818673276,-0.24278592973316457,-0.24364049433353901,-0.32552041435004436,0.95,0.5855442430213882,True,-0.2291325648967094,-0.13229352822442442,0.60731321142896,,415.48585953666895,,0.1927478618472933,0.0051085212932978075,-0.008701381964589704,0.967486210450065,0.5544444094519685
M0s1,c9_planted_A50,5,Q,OVERSHOOTS,0.23474904753281153,-0.026844911343728364,-0.12031696287033705,-0.2078112944536198,0.5962328621421019,3.5506601040314854,4.638816124295209,7.146948288571098,3.1854030387205468,3.808784294961189,7.171734171508705,-0.04096841097885456,-0.24364049433353901,-0.32552041435004436,1.55,0.24812914707076023,False,-0.2291325648967094,-0.13229352822442442,0.60731321142896,,1900.1054157137887,,3.0468218423531352,0.03273004308834804,-0.04637736724236066,1.1846866852140843,0.5544444094519685
M0s1,driver_tau0_s0,5,Q,REPRODUCES,-0.28663129686654054,-0.07748438599793271,-0.12031696287033705,-0.2078112944536198,0.5962328621421019,1.6631433399620348,0.5749873196983113,5.50050546975024,1.4667068356139,0.9385294828779976,5.475719586812635,-0.2961970538830824,-0.24364049433353901,-0.32552041435004436,0.55,0.672540734106774,False,-0.2291325648967094,-0.13229352822442442,0.60731321142896,0.011855319966237144,,0.0,0.1924467454796952,0.005514319409195778,-0.011025741109004897,0.9205189673136777,0.5544444094519685
M0s1,driver_tau0_s1,5,Q,OFF-CURVE,-0.2982230552760829,-0.08048323667881091,-0.12031696287033705,-0.2078112944536198,0.5962328621421019,1.7790609240574584,0.6909049037937348,6.595727574613031,1.6176899765072155,1.0895126237713133,6.570941691675425,-0.2994599558926749,-0.24364049433353901,-0.32552041435004436,0.55,0.6473710532836993,True,-0.2291325648967094,-0.13229352822442442,0.60731321142896,0.011855319966237144,,0.0,0.20299428102251627,0.005742877904401866,0.012754282928624261,0.9588344836573116,0.5544444094519685
M0s1,driver_tau2_s0,5,Q,REPRODUCES,-0.277155600131773,-0.09711346834407358,-0.12031696287033705,-0.2078112944536198,0.5962328621421019,1.5683863726143592,0.4802303523506357,4.489313020289578,1.4596054820003688,0.9314281292644666,4.464527137351972,-0.2875670420667715,-0.24364049433353901,-0.32552041435004436,0.55,0.660563506650719,False,-0.2291325648967094,-0.13229352822442442,0.60731321142896,0.006300318112226561,,2.0,0.2288415905489578,0.006632226052510792,0.002159923468350515,0.9232978481944795,0.5544444094519685
M0s1,driver_tau2_s1,5,Q,REPRODUCES,-0.28705933699619574,-0.08853132343340345,-0.12031696287033705,-0.2078112944536198,0.5962328621421019,1.6674237412585868,0.5792677209948632,4.825992640595078,1.374381316707982,0.8462039639720796,4.8012067576574715,-0.29649067986051925,-0.24364049433353901,-0.32552041435004436,0.55,0.6394964621556217,True,-0.2291325648967094,-0.13229352822442442,0.60731321142896,0.006300318112226561,,2.0,0.16363917496408753,0.004935210939759294,-0.013092998554516618,0.9655275996970782,0.5544444094519685
M0s1,driver_tau5_s0,5,Q,REPRODUCES,-0.25866575902150196,-0.10879804362912968,-0.12031696287033705,-0.2078112944536198,0.5962328621421019,1.383487961511649,0.2953319412479255,2.9997062911792605,1.270026972743571,0.7418496200076687,2.6855358305484502,-0.2740964321336368,-0.24364049433353901,-0.32552041435004436,0.55,0.6592402934646112,False,-0.2291325648967094,-0.13229352822442442,0.60731321142896,0.004294097394457046,,5.0,0.11875738734938901,0.002937197642401579,0.0016892782659022694,0.9338146084301535,0.5544444094519685
M0s1,driver_tau5_s1,5,Q,REPRODUCES,-0.26427009060428436,-0.10549768261158883,-0.12031696287033705,-0.2078112944536198,0.5962328621421019,1.439531277339473,0.35137525707574946,3.2108895413023726,1.2003167782154645,0.6721394254795623,3.186103658364767,-0.2772190583457572,-0.24364049433353901,-0.32552041435004436,0.55,0.6345791746603915,True,-0.2291325648967094,-0.13229352822442442,0.60731321142896,0.004294097394457046,,5.0,0.10013779081978358,0.003795784664679114,0.015744308153836654,0.9659674223726084,0.5544444094519685
M0s1,driver_tau10_s0,5,Q,REPRODUCES,-0.23142669476441616,-0.1330477313459038,-0.12031696287033705,-0.2078112944536198,0.5962328621421019,1.111097318940791,0.1309557657598426,2.5761937872994243,0.9958220080957533,0.46764465535985106,1.0760014575079235,-0.2509611550390038,-0.24364049433353901,-0.32552041435004436,0.55,0.6414033697045727,False,-0.2291325648967094,-0.13229352822442442,0.60731321142896,0.0034403021909326153,,10.0,0.14844960963220633,0.004642777663402264,-0.0020162021550327257,0.9476278455992858,0.5544444094519685
M0s1,driver_tau10_s1,5,Q,REPRODUCES,-0.2399508709400572,-0.1375345237409191,-0.12031696287033705,-0.2078112944536198,0.5962328621421019,1.1963390806972014,0.2542473482794475,1.8890386066050846,1.0177477792806353,0.489570426544733,1.9286190866964779,-0.25524701657863,-0.24364049433353901,-0.32552041435004436,0.55,0.6282074767662584,True,-0.2291325648967094,-0.13229352822442442,0.60731321142896,0.0034403021909326153,,10.0,0.10763932866846249,0.004382029316836178,0.012534678028771517,0.9664926920585039,0.5544444094519685
M0s1,driver_tau20_s0,5,Q,REPRODUCES,-0.1843266009100829,-0.1595086505080727,-0.12031696287033705,-0.2078112944536198,0.5962328621421019,0.6400963803974585,0.44805963986626507,1.4098428463038735,0.5873619877435534,0.4658879237716431,1.1113527089789275,-0.2216109891308077,-0.24364049433353901,-0.32552041435004436,0.8500000000000001,0.6198347191820228,True,-0.2291325648967094,-0.13229352822442442,0.60731321142896,0.002848384895031804,,20.0,0.12386434965358672,0.0038999116568237957,0.012453551500697888,0.9501867479686591,0.5544444094519685
M0s1,driver_tau20_s1,5,Q,REPRODUCES,-0.18838290233328323,-0.16503466543724044,-0.12031696287033705,-0.2078112944536198,0.5962328621421019,0.6806593946294617,0.40749662563426187,1.347628918394999,0.5500998646823174,0.32930692992514926,1.999461638923992,-0.2133453862383363,-0.24364049433353901,-0.32552041435004436,0.95,0.6263507121316179,True,-0.2291325648967094,-0.13229352822442442,0.60731321142896,0.002848384895031804,,20.0,0.10639547629522861,0.00557850838323104,0.012888202398709303,0.9508136998744523,0.5544444094519685
M0s1,driver_tau40_s0,5,Q,REPRODUCES,-0.15897833071055062,-0.1761477073725325,-0.12031696287033705,-0.2078112944536198,0.5962328621421019,0.3866136784021357,0.7015423418615879,1.0091141555024954,0.2829603648964715,0.3727519450168674,0.7906943022021995,-0.22065936940669834,-0.24364049433353901,-0.32552041435004436,0.8500000000000001,0.6124983318267785,True,-0.2291325648967094,-0.13229352822442442,0.60731321142896,0.0026590466453927067,,40.0,0.06934547275617264,0.0049478759745312795,0.0016471173242800137,0.9588239770666511,0.5544444094519685
M0s1,driver_tau40_s1,5,Q,REPRODUCES,-0.1514163938986441,-0.18196015251616635,-0.12031696287033705,-0.2078112944536198,0.5962328621421019,0.3109943102830706,0.7771617099806529,1.3091507582192794,0.40406385085066354,0.44312633182225986,2.835670526461804,-0.20787525040484317,-0.24364049433353901,-0.32552041435004436,0.8500000000000001,0.6127072522079647,True,-0.2291325648967094,-0.13229352822442442,0.60731321142896,0.0026590466453927067,,40.0,0.09221128807231427,0.0031375453894215144,-0.001896116690293227,0.9565969088128456,0.5544444094519685
M0s1,driver_tau80_s0,5,Q,STAYS AT C1,-0.12270931357816652,-0.19146219366769665,-0.12031696287033705,-0.2078112944536198,0.5962328621421019,0.16349100785923137,1.0642325131854289,0.7393371620159636,0.2435023229540721,0.6177091451357801,1.1762785522184254,-0.25740294942453523,-0.24364049433353901,-0.32552041435004436,0.8500000000000001,0.5976034278894694,True,-0.2291325648967094,-0.13229352822442442,0.60731321142896,0.0025252158290463384,,80.0,0.16322044241081235,0.005098229758185441,0.006417742488061435,0.9575852154094434,0.5544444094519685
M0s1,driver_tau80_s1,5,Q,STAYS AT C1,-0.12828302611580855,-0.20207127580683606,-0.12031696287033705,-0.2078112944536198,0.5962328621421019,0.079660632454715,1.0084953878090086,1.2315028801791459,0.253620381261297,0.6115685423592503,2.664063746404162,-0.25648185900805576,-0.24364049433353901,-0.32552041435004436,0.8500000000000001,0.6090142710918229,False,-0.2291325648967094,-0.13229352822442442,0.60731321142896,0.0025252158290463384,,80.0,0.1202018450615654,0.00398994643889905,-0.013543037764416968,0.9478397193542464,0.5544444094519685
M0s1,driver_tauc1_s0,5,Q,STAYS AT C1,-0.07148298563086464,-0.19957551308603033,-0.12031696287033705,-0.2078112944536198,0.5962328621421019,0.48833977239472415,1.5764957926584477,0.9965213378633069,0.48846762431520735,0.9067864812775588,1.7203551161362667,-0.24959007031398509,-0.24364049433353901,-0.32552041435004436,0.8500000000000001,0.6006736081477189,False,-0.2291325648967094,-0.13229352822442442,0.60731321142896,0.0031421391612599828,,415.48585953666895,0.18388630045655407,0.0038277972345057143,0.01208363287879735,0.9227805265250403,0.5544444094519685
M0s1,driver_tauc1_s1,5,Q,STAYS AT C1,-0.09446626243136029,-0.20419318424512475,-0.12031696287033705,-0.2078112944536198,0.5962328621421019,0.2585070043897676,1.346663024653491,3.0485146875847198,0.3480946952352673,0.7797749919377427,3.700347408113713,-0.2379433684400568,-0.24364049433353901,-0.32552041435004436,0.95,0.5941502035889941,False,-0.2291325648967094,-0.13229352822442442,0.60731321142896,0.0031421391612599828,,415.48585953666895,0.18645957295474247,0.005273685192090594,-0.005497532596645581,0.9356373304298081,0.5544444094519685
M0s1,c1_regen_s0,5,K,STAYS AT C1,-0.08617103587742404,-0.2052734245151312,-0.09716866072699509,-0.20616727462129905,0.5984669203829684,0.13355156708638072,1.1912717010032767,1.2632203993398392,0.17984393694916445,0.9219110459688475,3.2478014055968516,-0.2433642795244302,-0.24897702476734795,-0.2920085573826191,0.95,0.5947002486004956,,-0.20529820597775172,-0.1488782411390883,0.621212456802688,,434.26233460414636,,0.13935391572685374,0.00510349408004912,0.0008810712307800727,nan,0.5358141929538788
M0s1,c1_regen_s1,5,K,REPRODUCES,-0.10816628557656616,-0.2070611247274669,-0.09716866072699509,-0.20616727462129905,0.5984669203829684,0.13355156708638072,0.9713192040118557,1.2632203993398392,0.17984393694916456,0.6641219521292354,1.052530035412301,-0.25458977001026567,-0.24897702476734795,-0.2920085573826191,0.95,0.6022335921654411,,-0.20529820597775172,-0.1488782411390883,0.621212456802688,,434.2718025205254,,0.08517639844905478,0.005061797901107057,-0.015937584447422437,nan,0.5358141929538788
M0s1,c9_smooth_zero,5,K,STAYS AT C1,-0.09308061792134731,-0.20292663520345927,-0.09716866072699509,-0.20616727462129905,0.5984669203829684,0.10950600681265452,1.122175880564044,1.0428939426060535,0.1698477041665166,0.8525425498610214,2.8595550145151374,-0.23028764750598268,-0.24897702476734795,-0.2920085573826191,0.95,0.5941619980012842,,-0.20529820597775172,-0.1488782411390883,0.621212456802688,,434.26233460414636,,0.10727433806326525,0.003184091385171728,-0.001942498919492706,nan,0.5358141929538788
M0s1,c9_scale_only,5,K,STAYS AT C1,-0.09308061792134706,-0.20292663520345988,-0.09716866072699509,-0.20616727462129905,0.5984669203829684,0.10950600681266631,1.1221758805640465,1.0428939426060697,0.16984770416651604,0.8525425498610386,2.8595550145150384,-0.2302876475059821,-0.24897702476734795,-0.2920085573826191,0.95,0.5941619980013753,,-0.20529820597775172,-0.1488782411390883,0.621212456802688,,434.26233460414636,,0.10727433806327236,0.0031840913851896024,-0.0019424989194948194,nan,0.5358141929538788
M0s1,c9_smooth_matched_s0,5,K,STAYS AT C1,-0.09307021729255543,-0.20288482398006938,-0.09716866072699509,-0.20616727462129905,0.5984669203829684,0.10920383484805021,1.1222798868519628,1.0499604204801587,0.17025895179518413,0.8526739805619404,2.8473375167174413,-0.2326800893853571,-0.24897702476734795,-0.2920085573826191,0.95,0.5941998399557651,True,-0.20529820597775172,-0.1488782411390883,0.621212456802688,,434.26233460414636,,0.10766436408560276,0.0032286309108049416,-0.0010553534237628176,0.9832970968444696,0.5358141929538788
M0s1,c9_smooth_matched_s1,5,K,REPRODUCES,-0.11100644514312799,-0.2056224693185202,-0.09716866072699509,-0.20616727462129905,0.5984669203829684,0.13837784416132898,0.9429176083462373,1.6058314933075428,0.17981693235017762,0.8994047180939045,0.8994047180939045,-0.2655877106871376,-0.24897702476734795,-0.2920085573826191,0.8500000000000001,0.606770016538571,True,-0.20529820597775172,-0.1488782411390883,0.621212456802688,,434.2718025205254,,0.05851757967102822,0.004181968710980977,-0.01094364798762625,0.9707317568668021,0.5358141929538788
M0s1,c9_smooth_null,5,K,STAYS AT C1,-0.09290335707779471,-0.20276622671525452,-0.09716866072699509,-0.20616727462129905,0.5984669203829684,0.11020370625831305,1.1239484889995701,1.2129796601208742,0.18764918022863028,0.8554005482228805,2.6155617292811666,-0.23281677016228572,-0.24897702476734795,-0.2920085573826191,0.95,0.5940061039604454,True,-0.20529820597775172,-0.1488782411390883,0.621212456802688,,434.26233460414636,,0.11116829167870756,0.0031164941968841453,-0.002208734225849049,0.9836139670645553,0.5358141929538788
M0s1,c9_fine_zero,5,K,STAYS AT C1,-0.0930903820192609,-0.20302743958274078,-0.09716866072699509,-0.20616727462129905,0.5984669203829684,0.10257281802452181,1.1220782395849083,1.0382857552949918,0.19356491662495978,0.8453551064423567,3.022866761552004,-0.23301318352704892,-0.24897702476734795,-0.2920085573826191,0.95,0.5936633236032933,,-0.20529820597775172,-0.1488782411390883,0.621212456802688,,434.26233460414636,,0.10574399315841809,0.003099282806267839,-0.001300713577602851,nan,0.5358141929538788
M0s1,c9_fine_matched_s0,5,K,STAYS AT C1,-0.0928860119669266,-0.20267024216127147,-0.09716866072699509,-0.20616727462129905,0.5984669203829684,0.10033681463641017,1.1241219401082512,1.0158372789718288,0.18553462078424732,0.8490042601354924,3.0004182852288412,-0.23203354070021562,-0.24897702476734795,-0.2920085573826191,0.95,0.5932240266611516,True,-0.20529820597775172,-0.1488782411390883,0.621212456802688,,434.26233460414636,,0.10730230668279228,0.0033861068166833874,-0.0011825485691050507,0.9833096394934902,0.5358141929538788
M0s1,c9_fine_matched_s1,5,K,REPRODUCES,-0.1112388699581688,-0.20554253477170434,-0.09716866072699509,-0.20616727462129905,0.5984669203829684,0.14070209231173705,0.9405933601958292,1.4563710555881069,0.1782788678474758,0.7405718281663158,0.8129881093562052,-0.2619991158402815,-0.24897702476734795,-0.2920085573826191,0.95,0.6059983328109714,True,-0.20529820597775172,-0.1488782411390883,0.621212456802688,,434.2718025205254,,0.06549117019822104,0.004372151148490988,-0.011221126585498179,0.9708648934354595,0.5358141929538788
M0s1,c9_fine_null,5,K,STAYS AT C1,-0.09281531990205291,-0.2028406805531505,-0.09716866072699509,-0.20616727462129905,0.5984669203829684,0.10219804592005402,1.124828860756988,1.1685025869610872,0.18367731890551817,0.8463371089718515,2.840726786743513,-0.24159136806413334,-0.24897702476734795,-0.2920085573826191,0.95,0.5930498729973497,True,-0.20529820597775172,-0.1488782411390883,0.621212456802688,,434.26233460414636,,0.11104569163822653,0.0034087346933657503,-0.0021727591059311413,0.9837477930145562,0.5358141929538788
M0s1,c9_raw_zero,5,K,STAYS AT C1,-0.0918202034566901,-0.20317762334733938,-0.09716866072699509,-0.20616727462129905,0.5984669203829684,0.11254429368960858,1.1347800252106162,0.8958083434077909,0.17362646925814973,0.8827342314296451,2.8803893496648034,-0.2335671128440863,-0.24897702476734795,-0.2920085573826191,0.95,0.5914833621090778,,-0.20529820597775172,-0.1488782411390883,0.621212456802688,,434.26233460414636,,0.12274308873558404,0.0033434791068634173,0.00027727103878342227,nan,0.5358141929538788
M0s1,c9_raw_matched_s0,5,K,STAYS AT C1,-0.09162356203506584,-0.20014416721722725,-0.09716866072699509,-0.20616727462129905,0.5984669203829684,0.09475463996421823,1.1367464394268587,0.6072676338543286,0.263690235635052,0.9316790063241647,2.40751100546615,-0.228744572881448,-0.24897702476734795,-0.2920085573826191,0.95,0.5828843563892983,True,-0.20529820597775172,-0.1488782411390883,0.621212456802688,,434.26233460414636,,0.20183947190209217,0.006052914263879106,-0.0011004538700536343,0.9888323420775645,0.5358141929538788
M0s1,c9_raw_matched_s1,5,K,REPRODUCES,-0.11086735225429256,-0.20379995511945131,-0.09716866072699509,-0.20616727462129905,0.5984669203829684,0.14720573100610077,0.9443085372345916,1.593817540087489,0.21935174970906007,0.730593662251638,0.9044477459386097,-0.2561632254777646,-0.24897702476734795,-0.2920085573826191,0.95,0.5947177405251534,True,-0.20529820597775172,-0.1488782411390883,0.621212456802688,,434.2718025205254,,0.17762979057581596,0.006405669542370984,-0.016988440423057385,0.9761909560595238,0.5358141929538788
M0s1,c9_raw_null,5,K,STAYS AT C1,-0.0910165149204451,-0.20243652095896256,-0.09716866072699509,-0.20616727462129905,0.5984669203829684,0.08966479271170127,1.1428169105730661,0.8108920982938072,0.2720719501602722,0.9651043900434136,2.7646154843063817,-0.23569351247691198,-0.24897702476734795,-0.2920085573826191,0.95,0.5825814388757307,True,-0.20529820597775172,-0.1488782411390883,0.621212456802688,,434.26233460414636,,0.19366684780814136,0.0057741301892223484,0.0011306533704769476,0.9896301585334899,0.5358141929538788
M0s1,c9_planted_A50,5,K,OVERSHOOTS,0.2809590633594137,-0.004255530655158953,-0.09716866072699509,-0.20616727462129905,0.5984669203829684,3.7812772408640876,4.8625726933716535,4.617419164063986,3.1607295302516145,3.837816898489707,6.602000170320998,-0.024106851580509393,-0.24897702476734795,-0.2920085573826191,1.35,0.24760319944220988,False,-0.20529820597775172,-0.1488782411390883,0.621212456802688,,2064.054228286885,,2.240707413373844,0.03264697658851856,-0.014197001053449686,1.1888094630907562,0.5358141929538788
M0s1,driver_tau0_s0,5,K,REPRODUCES,-0.2689829321954747,-0.09531855255046173,-0.09716866072699509,-0.20616727462129905,0.5984669203829684,1.718142714684796,0.6368472621772298,5.3270030459245845,1.5149699128550251,0.7299369795970738,4.870283396076564,-0.28367159270632547,-0.24897702476734795,-0.2920085573826191,0.55,0.6815988205132287,False,-0.20529820597775172,-0.1488782411390883,0.621212456802688,0.011182486680214283,,0.0,0.3051597290836079,0.006516802309111891,0.0004703401270176061,0.9277953853882591,0.5358141929538788
M0s1,driver_tau0_s1,5,K,REPRODUCES,-0.28920226564335555,-0.07918034293149896,-0.09716866072699509,-0.20616727462129905,0.5984669203829684,1.9203360491636046,0.8390405966560383,7.076539118480531,1.6857803708934715,0.9007474376355201,6.61981946863251,-0.29455456195472546,-0.24897702476734795,-0.2920085573826191,0.55,0.660834768907401,True,-0.20529820597775172,-0.1488782411390883,0.621212456802688,0.011182486680214283,,0.0,0.15421465401066703,0.005656770157886237,0.008559789253106331,0.9703453323952672,0.5358141929538788
M0s1,driver_tau2_s0,5,K,REPRODUCES,-0.26553014464502456,-0.08710342769496428,-0.09716866072699509,-0.20616727462129905,0.5984669203829684,1.6836148391802945,0.6177481344412401,4.912121623962676,1.5379979156602743,0.7851163165949513,4.455401974114656,-0.2794900585631501,-0.24897702476734795,-0.2920085573826191,0.55,0.6757896014906609,False,-0.20529820597775172,-0.1488782411390883,0.621212456802688,0.005907156989227533,,2.0,0.23665110267828027,0.004509759251333456,-0.0009786977548053653,0.9334035939464328,0.5358141929538788
M0s1,driver_tau2_s1,5,K,REPRODUCES,-0.27464285540199723,-0.1000326501862888,-0.09716866072699509,-0.20616727462129905,0.5984669203829684,1.7747419467500214,0.6934464942424551,5.343929678725232,1.5774123398664706,0.792379406608519,4.887210028877211,-0.28302122659658446,-0.24897702476734795,-0.2920085573826191,0.55,0.6606514570928231,True,-0.20529820597775172,-0.1488782411390883,0.621212456802688,0.005907156989227533,,2.0,0.1549028066187308,0.0040019013175636164,0.017086304882838906,0.9669881579594972,0.5358141929538788
M0s1,driver_tau5_s0,5,K,REPRODUCES,-0.24346306593768507,-0.10934983236816949,-0.09716866072699509,-0.20616727462129905,0.5984669203829684,1.4629440521068997,0.395284087709188,2.968482810563332,1.3291655008764278,0.6536235855783433,2.242209982229716,-0.26491839232888664,-0.24897702476734795,-0.2920085573826191,0.55,0.6687600120069725,False,-0.20529820597775172,-0.1488782411390883,0.621212456802688,0.0040373062506409525,,5.0,0.17401082626262632,0.006835836652767713,-0.01699603356385927,0.9417270915896956,0.5358141929538788
M0s1,driver_tau5_s1,5,K,REPRODUCES,-0.2586203437408604,-0.11463233838215718,-0.09716866072699509,-0.20616727462129905,0.5984669203829684,1.614516830138653,0.5332213776310868,4.001726533720419,1.443278734004044,0.6582458007460925,3.5450068838723987,-0.27021492806868447,-0.24897702476734795,-0.2920085573826191,0.55,0.6453800510150601,True,-0.20529820597775172,-0.1488782411390883,0.621212456802688,0.0040373062506409525,,5.0,0.1487087979815902,0.0057329216679599115,0.003435084671003727,0.9774353165399582,0.5358141929538788
M0s1,driver_tau10_s0,5,K,REPRODUCES,-0.20291503887573847,-0.13840955971066657,-0.09716866072699509,-0.20616727462129905,0.5984669203829684,1.0574637814874337,0.17612571515966532,2.647193568267407,1.0792768051929653,0.3662387227841002,1.4470750372647156,-0.22310177168226308,-0.24897702476734795,-0.2920085573826191,0.55,0.6507267192102787,True,-0.20529820597775172,-0.1488782411390883,0.621212456802688,0.00308257938421555,,10.0,0.10529499244648255,0.004213970183066296,-0.012173510168312028,0.9558640883324726,0.5358141929538788
M0s1,driver_tau10_s1,5,K,REPRODUCES,-0.20458786046100674,-0.14335073904464937,-0.09716866072699509,-0.20616727462129905,0.5984669203829684,1.0741919973401164,0.11051372564449317,3.266646012248551,1.0828540630271422,0.39275922334881497,2.295647559255299,-0.22359473020598555,-0.24897702476734795,-0.2920085573826191,0.55,0.657574705777513,False,-0.20529820597775172,-0.1488782411390883,0.621212456802688,0.00308257938421555,,10.0,0.1228726394484001,0.005073819106905408,0.028177737175299606,0.9445678571439107,0.5358141929538788
M0s1,driver_tau20_s0,5,K,REPRODUCES,-0.1605998025149497,-0.1695124878339042,-0.09716866072699509,-0.20616727462129905,0.5984669203829684,0.6343114178795461,0.44698403462802017,2.0684103561594207,0.6146141826949402,0.48195919046761737,0.9477919213627506,-0.19794509285532502,-0.24897702476734795,-0.2920085573826191,0.95,0.631745957367678,True,-0.20529820597775172,-0.1488782411390883,0.621212456802688,0.0026894142940000827,,20.0,0.10798278971325148,0.006258084419593912,-0.015083732610564251,0.9562732437705438,0.5358141929538788
M0s1,driver_tau20_s1,5,K,REPRODUCES,-0.16479750967471068,-0.1717852615399796,-0.09716866072699509,-0.20616727462129905,0.5984669203829684,0.6762884894771559,0.4050069630304104,3.001680431749314,0.7607445266368855,0.41622641714016956,1.2970973443068083,-0.19000249406525768,-0.24897702476734795,-0.2920085573826191,0.55,0.6394279988155609,True,-0.20529820597775172,-0.1488782411390883,0.621212456802688,0.0026894142940000827,,20.0,0.09363009818074453,0.004102232195241751,-0.0006644888774698277,0.9543177303362229,0.5358141929538788
M0s1,driver_tau40_s0,5,K,REPRODUCES,-0.12909119017504297,-0.175066049778562,-0.09716866072699509,-0.20616727462129905,0.5984669203829684,0.3192252944804788,0.7620701580270874,1.9008218282799336,0.4476385419169519,0.520956342652063,1.49833838385377,-0.20882045437086139,-0.24897702476734795,-0.2920085573826191,0.8500000000000001,0.6262965120011046,True,-0.20529820597775172,-0.1488782411390883,0.621212456802688,0.002497325775393614,,40.0,0.10442760613780955,0.004427645385432277,0.006960912733714298,0.9547579915045394,0.5358141929538788
M0s1,driver_tau40_s1,5,K,REPRODUCES,-0.13426889768381023,-0.18210399064262955,-0.09716866072699509,-0.20616727462129905,0.5984669203829684,0.37100236956815136,0.710293082939415,3.1790066585128516,0.4188658750174209,0.5262324829095054,1.580524534735153,-0.21707572948243462,-0.24897702476734795,-0.2920085573826191,0.95,0.6226828198997232,True,-0.20529820597775172,-0.1488782411390883,0.621212456802688,0.002497325775393614,,40.0,0.09416763725952348,0.004137848136650857,0.0077667206479880325,0.957771697210592,0.5358141929538788
M0s1,driver_tau80_s0,5,K,REPRODUCES,-0.1147570188161664,-0.18917096650863002,-0.09716866072699509,-0.20616727462129905,0.5984669203829684,0.17588358089171308,0.9054118716158532,1.526549025409306,0.6050167235562497,0.7455466742215746,1.802599818322213,-0.24250900410628812,-0.24897702476734795,-0.2920085573826191,0.8500000000000001,0.6228190001342728,True,-0.20529820597775172,-0.1488782411390883,0.621212456802688,0.0024145988550325335,,80.0,0.08809795560595912,0.003508895874058643,0.005176773486465069,0.9584195394367828,0.5358141929538788
M0s1,driver_tau80_s1,5,K,REPRODUCES,-0.11574700484466084,-0.20039021226484668,-0.09716866072699509,-0.20616727462129905,0.5984669203829684,0.1857834411766575,0.8955120113309087,3.3801788805120156,0.4501172199133543,0.8136861845816761,1.3955978742550028,-0.22984956852249783,-0.24897702476734795,-0.2920085573826191,0.8500000000000001,0.6180021647430989,True,-0.20529820597775172,-0.1488782411390883,0.621212456802688,0.0024145988550325335,,80.0,0.11350423455128356,0.005642198577785695,-0.00336623797571994,0.959854474826184,0.5358141929538788
M0s1,driver_tauc1_s0,5,K,STAYS AT C1,-0.047830864160978585,-0.20966784034258784,-0.09716866072699509,-0.20616727462129905,0.5984669203829684,0.49337796566016506,1.5746734181677313,2.1300883365567396,0.48714283026551614,0.9659844354695287,6.752797050938643,-0.24962113661976465,-0.24897702476734795,-0.2920085573826191,0.8500000000000001,0.6087058078613298,False,-0.20529820597775172,-0.1488782411390883,0.621212456802688,0.002983928433711627,,434.26233460414636,0.18851698134728068,0.006405499266076559,0.010798595188599634,0.9179969811158931,0.5358141929538788
M0s1,driver_tauc1_s1,5,K,STAYS AT C1,-0.08789865837177209,-0.20527290336323262,-0.09716866072699509,-0.20616727462129905,0.5984669203829684,0.10491272698369948,1.1739954760597964,3.833832468691901,0.25499464343773864,0.7873455802094974,1.8492514624348881,-0.23405342801790013,-0.24897702476734795,-0.2920085573826191,0.8500000000000001,0.6081746422045925,True,-0.20529820597775172,-0.1488782411390883,0.621212456802688,0.002983928433711627,,434.26233460414636,0.1845339865708686,0.00476181116267968,0.0071800270120706,0.9517172573986047,0.5358141929538788
M0s1,c1_regen_s0,5,O,STAYS AT C1,-0.11526163748752452,-0.20325594935193037,-0.12383464221240345,-0.2016165682114694,0.5860826079038713,0.10325830849384672,1.3717041439068185,1.7696353627257904,0.19345573769275132,1.1193861744386187,4.101768676844325,-0.2297056712758256,-0.23213780649700416,-0.31008480356100354,0.95,0.5806466930979932,,-0.2524320518782064,-0.13458799717230177,0.5798713981434425,,409.08978400874224,,0.13827492354373527,0.005156896427571694,0.003088427338373701,nan,0.5627317093618951
M0s1,c1_regen_s1,5,O,STAYS AT C1,-0.13240764693728238,-0.19997718707100845,-0.12383464221240345,-0.2016165682114694,0.5860826079038713,0.10325830849384672,1.20024404940924,1.7696353627257904,0.1934557376927512,0.9819220111604542,2.701137922244364,-0.2345699417181827,-0.23213780649700416,-0.31008480356100354,0.95,0.5915185227097495,,-0.2524320518782064,-0.13458799717230177,0.5798713981434425,,405.36197672294657,,0.031337251060572946,0.0025475312556537677,0.0018069078269211173,nan,0.5627317093618951
M0s1,c9_smooth_zero,5,O,STAYS AT C1,-0.11928033956246388,-0.20139918377620047,-0.12383464221240345,-0.2016165682114694,0.5860826079038713,0.09572238475668843,1.3315171231574252,1.4192056478995159,0.22574086560554107,1.0345221623625558,4.010463466756823,-0.2330592671702012,-0.23213780649700416,-0.31008480356100354,0.95,0.5821919673406847,,-0.2524320518782064,-0.13458799717230177,0.5798713981434425,,409.08978400874224,,0.12327184965984195,0.004053011524673716,0.003235160365668867,nan,0.5627317093618951
M0s1,c9_scale_only,5,O,STAYS AT C1,-0.11928033956246449,-0.2013991837762002,-0.12383464221240345,-0.2016165682114694,0.5860826079038713,0.0957223847566887,1.331517123157419,1.4192056478994959,0.225740865605542,1.0345221623625298,4.010463466756708,-0.2330592671701964,-0.23213780649700416,-0.31008480356100354,0.95,0.5821919673406716,,-0.2524320518782064,-0.13458799717230177,0.5798713981434425,,409.08978400874224,,0.12327184965984594,0.004053011524719624,0.003235160365668378,nan,0.5627317093618951
M0s1,c9_smooth_matched_s0,5,O,STAYS AT C1,-0.11912829676676223,-0.20131614440989276,-0.12383464221240345,-0.2016165682114694,0.5860826079038713,0.09509234944638631,1.3330375511144414,1.4177640658674415,0.2191953473000613,1.0350323551723377,4.0168905074009835,-0.23294394136539776,-0.23213780649700416,-0.31008480356100354,0.95,0.5823098797153462,True,-0.2524320518782064,-0.13458799717230177,0.5798713981434425,,409.08978400874224,,0.12439790958961394,0.004071654760651383,0.003866205752863569,0.9675412664949068,0.5627317093618951
M0s1,c9_smooth_matched_s1,5,O,STAYS AT C1,-0.1354078609962772,-0.1980754657203107,-0.12383464221240345,-0.2016165682114694,0.5860826079038713,0.1157321878387374,1.170241908819292,1.6194852490397382,0.20724715386831388,0.9081676096671014,2.5977949257782247,-0.23014866531044453,-0.23213780649700416,-0.31008480356100354,0.95,0.5932892499444409,True,-0.2524320518782064,-0.13458799717230177,0.5798713981434425,,405.36197672294657,,0.012882787364037362,0.00292512158139302,0.0012911138115549252,0.9619274069325248,0.5627317093618951
M0s1,c9_smooth_null,5,O,STAYS AT C1,-0.11927378886583023,-0.20151680620013104,-0.12383464221240345,-0.2016165682114694,0.5860826079038713,0.09419116827144348,1.3315826301237614,1.5266890281258447,0.24249033932724817,1.03580968833332,4.009698902805602,-0.23242312693712222,-0.23213780649700416,-0.31008480356100354,0.95,0.5824569754933483,True,-0.2524320518782064,-0.13458799717230177,0.5798713981434425,,409.08978400874224,,0.12661799435072307,0.004055687727122337,0.0029611259609719416,0.9676222816614455,0.5627317093618951
M0s1,c9_fine_zero,5,O,STAYS AT C1,-0.11958070150598887,-0.20096675351750762,-0.12383464221240345,-0.2016165682114694,0.5860826079038713,0.09879776014032078,1.3285135037221751,1.4377790048580292,0.2466416397166842,1.062217259360295,4.007232983387764,-0.22476844177094593,-0.23213780649700416,-0.31008480356100354,0.95,0.5821735437606218,,-0.2524320518782064,-0.13458799717230177,0.5798713981434425,,409.08978400874224,,0.12447870244293613,0.004103819516214441,0.00260797397037829,nan,0.5627317093618951
M0s1,c9_fine_matched_s0,5,O,STAYS AT C1,-0.11924697245213675,-0.20065896893080123,-0.12383464221240345,-0.2016165682114694,0.5860826079038713,0.09515501103754984,1.3318507942606963,1.441912945237551,0.21571576440723736,1.0632868819642178,4.037359305864217,-0.22435389437209874,-0.23213780649700416,-0.31008480356100354,0.95,0.5818762443592418,True,-0.2524320518782064,-0.13458799717230177,0.5798713981434425,,409.08978400874224,,0.12811651433777183,0.0039019883836454994,0.0038271936613354447,0.9677118390102477,0.5627317093618951
M0s1,c9_fine_matched_s1,5,O,STAYS AT C1,-0.13569212649033918,-0.1980742944105776,-0.12383464221240345,-0.2016165682114694,0.5860826079038713,0.11857484277935731,1.167399253878672,1.68825652123942,0.1933198605358765,0.9286627078066045,2.578853810551935,-0.22579629059743664,-0.23213780649700416,-0.31008480356100354,0.95,0.5927576678482345,True,-0.2524320518782064,-0.13458799717230177,0.5798713981434425,,405.36197672294657,,0.014766277441191633,0.003447146043549343,0.003030247093132435,0.9619149591562991,0.5627317093618951
M0s1,c9_fine_null,5,O,STAYS AT C1,-0.11940963600760635,-0.20099871355917054,-0.12383464221240345,-0.2016165682114694,0.5860826079038713,0.09814019641017924,1.3302241587060004,1.545628847709559,0.21080965920762576,1.0443021492387174,4.01519630367263,-0.22837677802996578,-0.23213780649700416,-0.31008480356100354,0.95,0.5816110692252174,True,-0.2524320518782064,-0.13458799717230177,0.5798713981434425,,409.08978400874224,,0.12613457759615043,0.004306732944832997,0.0017163794412398163,0.9678346209390929,0.5627317093618951
M0s1,c9_raw_zero,5,O,STAYS AT C1,-0.12032900893175444,-0.20018467841008375,-0.12383464221240345,-0.2016165682114694,0.5860826079038713,0.10360800298258196,1.3210304294645194,1.2549955583538481,0.0985575202506354,1.0892759444154316,4.023460950890113,-0.2267469293375791,-0.23213780649700416,-0.31008480356100354,0.95,0.5778304299921981,,-0.2524320518782064,-0.13458799717230177,0.5798713981434425,,409.08978400874224,,0.1493436273140074,0.004368803223809392,0.005005487217760252,nan,0.5627317093618951
M0s1,c9_raw_matched_s0,5,O,STAYS AT C1,-0.12148685688979075,-0.19847295606756427,-0.12383464221240345,-0.2016165682114694,0.5860826079038713,0.08567034172054429,1.3094519498841564,0.9818913929804206,0.09742712047395788,1.0856158639904492,4.074382584910551,-0.23511959875848695,-0.23213780649700416,-0.31008480356100354,0.95,0.5650040818936125,True,-0.2524320518782064,-0.13458799717230177,0.5798713981434425,,409.08978400874224,,0.26344202550948026,0.007523597707080221,0.012246071383537279,0.9767873968573163,0.5627317093618951
M0s1,c9_raw_matched_s1,5,O,STAYS AT C1,-0.136381629680818,-0.1964340704376051,-0.12383464221240345,-0.2016165682114694,0.5860826079038713,0.12869804356407485,1.160504221973884,1.9546715700266393,0.26333475499410375,0.997258896932664,2.311483356790233,-0.24498039512693728,-0.23213780649700416,-0.31008480356100354,0.95,0.5772524362611723,True,-0.2524320518782064,-0.13458799717230177,0.5798713981434425,,405.36197672294657,,0.13591152283222296,0.004870440794858766,0.003538527652649944,0.9698304562170944,0.5627317093618951
M0s1,c9_raw_null,5,O,STAYS AT C1,-0.11916747555336037,-0.19966734922157572,-0.12383464221240345,-0.2016165682114694,0.5860826079038713,0.10326520741905332,1.33264576324846,0.9938089690282014,0.12326616840234303,1.116914257939912,4.008934495193727,-0.23640069084061302,-0.23213780649700416,-0.31008480356100354,0.95,0.570071778949045,True,-0.2524320518782064,-0.13458799717230177,0.5798713981434425,,409.08978400874224,,0.20487022821355394,0.0074520637614838015,-0.0009015808439372242,0.9721498850816978,0.5627317093618951
M0s1,c9_planted_A50,5,O,OVERSHOOTS,0.21668131689956124,-0.025104791095334998,-0.12383464221240345,-0.2016165682114694,0.5860826079038713,3.405159591119647,4.691133687777676,3.8003033482970223,3.1480113634499802,3.869684800458478,7.138329868135447,-0.05393388505461776,-0.23213780649700416,-0.31008480356100354,1.4500000000000002,0.24444698714583019,False,-0.2524320518782064,-0.13458799717230177,0.5798713981434425,,2435.782841921024,,2.347442755066809,0.0365597973744598,0.050206665434474766,1.2037887079232463,0.5627317093618951
M0s1,driver_tau0_s0,5,O,REPRODUCES,-0.28638019510802465,-0.07462548340626413,-0.12383464221240345,-0.2016165682114694,0.5860826079038713,1.6254555289562118,0.5996251376603764,6.218556075849202,1.6856978759420103,0.635043783142474,4.656378527691671,-0.29235750330563504,-0.23213780649700416,-0.31008480356100354,0.55,0.6555887089016644,False,-0.2524320518782064,-0.13458799717230177,0.5798713981434425,0.012149230967557904,,0.0,0.21792483327830325,0.006461442391110017,-0.006485760356844762,0.9187630260484044,0.5627317093618951
M0s1,driver_tau0_s1,5,O,REPRODUCES,-0.30067203270954923,-0.07876687454275726,-0.12383464221240345,-0.2016165682114694,0.5860826079038713,1.7683739049714577,0.5582112262954451,5.94301314458197,1.6072116709127577,0.6045460045116373,4.879788635271725,-0.307237426472289,-0.23213780649700416,-0.31008480356100354,0.55,0.6327194303066412,True,-0.2524320518782064,-0.13458799717230177,0.5798713981434425,0.012149230967557904,,0.0,0.28148437491345923,0.006620237786006511,0.0005106224740711584,0.9678811955700992,0.5627317093618951
M0s1,driver_tau2_s0,5,O,REPRODUCES,-0.27150312120172454,-0.1070287563554311,-0.12383464221240345,-0.2016165682114694,0.5860826079038713,1.4766847898932107,0.27559240816870667,5.704197851925649,1.5323214414605761,0.5637317633077115,4.522972141383043,-0.2808124397134698,-0.23213780649700416,-0.31008480356100354,0.55,0.6566434740071874,False,-0.2524320518782064,-0.13458799717230177,0.5798713981434425,0.00639674114053376,,2.0,0.1729912084177907,0.004869911049542486,-0.018393495008560495,0.920676441293373,0.5627317093618951
M0s1,driver_tau2_s1,5,O,REPRODUCES,-0.2926713401285975,-0.09474190682741371,-0.12383464221240345,-0.2016165682114694,0.5860826079038713,1.6883669791619407,0.40239288250391136,6.797798212099415,1.7012975859153305,0.6506434931157944,6.556750826227407,-0.2933200091244105,-0.23213780649700416,-0.31008480356100354,0.55,0.6290974150527074,True,-0.2524320518782064,-0.13458799717230177,0.5798713981434425,0.00639674114053376,,2.0,0.298501085784046,0.005166998231686454,0.0033095566346298707,0.9593133416403626,0.5627317093618951
M0s1,driver_tau5_s0,5,O,REPRODUCES,-0.25983277495439805,-0.11246673952694212,-0.12383464221240345,-0.2016165682114694,0.5860826079038713,1.359981327419946,0.22121257645359646,5.179598304648107,1.3491926122193714,0.4022011897816495,3.3547023512032776,-0.27335942351170367,-0.23213780649700416,-0.31008480356100354,0.55,0.6496107667179358,False,-0.2524320518782064,-0.13458799717230177,0.5798713981434425,0.0043948531427268666,,5.0,0.14798234225213713,0.003965007167000656,-0.003530801922002555,0.9306035139108555,0.5627317093618951
M0s1,driver_tau5_s1,5,O,REPRODUCES,-0.2772787318668774,-0.10521086402431801,-0.12383464221240345,-0.2016165682114694,0.5860826079038713,1.5344408965447394,0.29377133147983764,4.930075876883051,1.4512015701834908,0.5187488884595205,5.134605614140318,-0.28459536827515686,-0.23213780649700416,-0.31008480356100354,0.55,0.6242387646002158,True,-0.2524320518782064,-0.13458799717230177,0.5798713981434425,0.0043948531427268666,,5.0,0.23955236907084787,0.0055331119309413035,-0.009062356266564257,0.9705197843041996,0.5627317093618951
M0s1,driver_tau10_s0,5,O,REPRODUCES,-0.2341174539256403,-0.13212434730252406,-0.12383464221240345,-0.2016165682114694,0.5860826079038713,1.1028281171323684,0.18314597952566097,4.042253178390881,1.1730695716021107,0.3797542378481702,1.8316826084825704,-0.24891494872533498,-0.23213780649700416,-0.31008480356100354,0.55,0.6360707345989518,False,-0.2524320518782064,-0.13458799717230177,0.5798713981434425,0.0035273055353878535,,10.0,0.11394523746575613,0.0062882115097576685,-0.02136712544490837,0.942946454918854,0.5627317093618951
M0s1,driver_tau10_s1,5,O,REPRODUCES,-0.24475848552988055,-0.132361000995448,-0.12383464221240345,-0.2016165682114694,0.5860826079038713,1.209238433174771,0.1306805642603579,3.3259610106797255,1.3058872819198577,0.3006945688540778,3.9970756956597797,-0.25304317542164617,-0.23213780649700416,-0.31008480356100354,0.55,0.6152915921238316,True,-0.2524320518782064,-0.13458799717230177,0.5798713981434425,0.0035273055353878535,,10.0,0.13773427845857578,0.0038269414831284543,-0.02040412299372203,0.971793609161148,0.5627317093618951
M0s1,driver_tau20_s0,5,O,REPRODUCES,-0.19497429656152157,-0.15609621255819417,-0.12383464221240345,-0.2016165682114694,0.5860826079038713,0.7113965434911812,0.5745775531668481,2.8728024119016156,0.6812272567396304,0.36942683605990606,1.7227648506425153,-0.21668612319789277,-0.23213780649700416,-0.31008480356100354,0.55,0.620229462255041,True,-0.2524320518782064,-0.13458799717230177,0.5798713981434425,0.002909373562223305,,20.0,0.07846568420331845,0.003997513570925426,-0.006735880624344179,0.9505720897199164,0.5627317093618951
M0s1,driver_tau20_s1,5,O,REPRODUCES,-0.19030735213594147,-0.15597377046564756,-0.12383464221240345,-0.2016165682114694,0.5860826079038713,0.6647270992353801,0.6212469974226492,1.9635646505205544,0.903521485000202,0.36196011997698974,2.4122825159967634,-0.2046632545347589,-0.23213780649700416,-0.31008480356100354,0.55,0.6149531875562264,False,-0.2524320518782064,-0.13458799717230177,0.5798713981434425,0.002909373562223305,,20.0,0.13028157911763039,0.005707217219208471,-0.035542841576793514,0.9481963868491067,0.5627317093618951
M0s1,driver_tau40_s0,5,O,REPRODUCES,-0.16089598481007417,-0.17025920475735412,-0.12383464221240345,-0.2016165682114694,0.5860826079038713,0.37061342597670716,0.9153606706813222,2.1262368998744585,0.2503299106159883,0.8172710461726481,1.275216399669886,-0.1983670938212202,-0.23213780649700416,-0.31008480356100354,0.95,0.6098800175711743,True,-0.2524320518782064,-0.13458799717230177,0.5798713981434425,0.0026930055959990496,,40.0,0.05699905926884963,0.002641306822598194,-0.0005280449384034213,0.9534925490905363,0.5627317093618951
M0s1,driver_tau40_s1,5,O,REPRODUCES,-0.159022150002526,-0.19012640151738114,-0.12383464221240345,-0.2016165682114694,0.5860826079038713,0.3518750779012256,0.9340990187568038,1.4803119902500956,0.40747994395643927,0.6431741488430971,2.5418787574705433,-0.2267314641769418,-0.23213780649700416,-0.31008480356100354,0.95,0.6078911037737413,False,-0.2524320518782064,-0.13458799717230177,0.5798713981434425,0.0026930055959990496,,40.0,0.07919032921299118,0.003842173452347608,0.0018838679900127391,0.945566593459548,0.5627317093618951
M0s1,driver_tau80_s0,5,O,STAYS AT C1,-0.14091833041295213,-0.18952425981111212,-0.12383464221240345,-0.2016165682114694,0.5860826079038713,0.17098369715647946,1.1151372146525425,1.8759085976791678,0.3498850220600159,0.7338511493237202,1.5255447018651767,-0.2213123674685005,-0.23213780649700416,-0.31008480356100354,0.95,0.5970419485978986,True,-0.2524320518782064,-0.13458799717230177,0.5798713981434425,0.002632341827639026,,80.0,0.11284635880257898,0.004501863894170677,-0.0008120416881376417,0.9568118410675654,0.5627317093618951
M0s1,driver_tau80_s1,5,O,STAYS AT C1,-0.14464075923625624,-0.1957860976312703,-0.12383464221240345,-0.2016165682114694,0.5860826079038713,0.20806117023852794,1.0779129264195013,1.7874262497481297,0.23587866723328116,0.8720566402720109,2.784420417525316,-0.255532324102527,-0.23213780649700416,-0.31008480356100354,0.95,0.5933630981058573,True,-0.2524320518782064,-0.13458799717230177,0.5798713981434425,0.002632341827639026,,80.0,0.0858595604863126,0.004015088247739496,0.006637987555038067,0.9643278695588933,0.5627317093618951
M0s1,driver_tauc1_s0,5,O,STAYS AT C1,-0.06777421358997711,-0.20948639634835448,-0.12383464221240345,-0.2016165682114694,0.5860826079038713,0.5606042862242634,1.8465783828822928,4.5259228696416445,0.3834775284840645,1.1536945593398193,4.138665824404834,-0.23663020107426067,-0.23213780649700416,-0.31008480356100354,0.8500000000000001,0.5898197689379876,False,-0.2524320518782064,-0.13458799717230177,0.5798713981434425,0.0032061963832686704,,409.08978400874224,0.213668868229119,0.006734452060970203,-0.005707127232188248,0.9135037601174099,0.5627317093618951
M0s1,driver_tauc1_s1,5,O,STAYS AT C1,-0.10134817454173965,-0.2094045319290323,-0.12383464221240345,-0.2016165682114694,0.5860826079038713,0.22486467670663798,1.510838773364667,1.705884477053085,0.2535801477050656,1.037534332571619,2.4659487103705127,-0.2252548464608715,-0.23213780649700416,-0.31008480356100354,0.8500000000000001,0.5936503554652481,False,-0.2524320518782064,-0.13458799717230177,0.5798713981434425,0.0032061963832686704,,409.08978400874224,0.14028282015884175,0.004663925476556585,0.0031846023753789813,0.9370649915308531,0.5627317093618951
M0s1,c1_regen_s0,5,MLP_OUT,STAYS AT C1,-0.15986475526268876,-0.18495526429747472,-0.13361869582128616,-0.19653609912201675,0.5899626126474014,0.26246059441402597,1.3187262578120669,1.7581388348122982,0.35180389254102534,0.7476416189944165,5.325535046126835,-0.2044612282066936,-0.23078122909034687,-0.3005974094781808,0.95,0.5780160021324419,,-0.29173738104389546,-0.10678749050833815,0.5707761104338562,,394.9610737948954,,0.03862364858491496,0.0036082028867800986,-0.0030276502792403633,nan,0.5801784209542181
M0s1,c1_regen_s1,5,MLP_OUT,STAYS AT C1,-0.15796819379025753,-0.19138388401762194,-0.13361869582128616,-0.19653609912201675,0.5899626126474014,0.24349497968971373,1.3376918725363791,2.7385625070757733,0.31517638668533965,0.7498390475131969,5.347527123106739,-0.2170634100113333,-0.23078122909034687,-0.3005974094781808,1.05,0.5744132576150771,,-0.29173738104389546,-0.10678749050833815,0.5707761104338562,,394.821706774726,,0.11751670838757988,0.0052038554739332055,-0.011095340054444854,nan,0.5801784209542181
M0s1,c9_smooth_zero,5,MLP_OUT,STAYS AT C1,-0.1642030067764307,-0.1833156949198198,-0.13361869582128616,-0.19653609912201675,0.5899626126474014,0.3058431095514455,1.2753437426746475,2.05747927894598,0.4495923130858402,0.7119009279556164,5.04609954607534,-0.23470850610395666,-0.23078122909034687,-0.3005974094781808,0.95,0.5795900866040526,,-0.29173738104389546,-0.10678749050833815,0.5707761104338562,,394.9610737948954,,0.03901329423843114,0.0028108729721040837,-0.002531327225861494,nan,0.5801784209542181
M0s1,c9_scale_only,5,MLP_OUT,STAYS AT C1,-0.1642030067764306,-0.183315694919819,-0.13361869582128616,-0.19653609912201675,0.5899626126474014,0.3058431095514444,1.2753437426746486,2.057479278946155,0.44959231308580233,0.7119009279556173,5.046099546075094,-0.23470850610396107,-0.23078122909034687,-0.3005974094781808,0.95,0.5795900866040711,,-0.29173738104389546,-0.10678749050833815,0.5707761104338562,,394.9610737948954,,0.03901329423843425,0.0028108729720918157,-0.0025313272258588385,nan,0.5801784209542181
M0s1,c9_smooth_matched_s0,5,MLP_OUT,STAYS AT C1,-0.16419227654774413,-0.1832087994706757,-0.13361869582128616,-0.19653609912201675,0.5899626126474014,0.30573580726457966,1.2754510449615133,2.208079085137726,0.450523542259276,0.7121552647362422,5.04508465175147,-0.2345926358649342,-0.23078122909034687,-0.3005974094781808,0.95,0.5793407831351305,True,-0.29173738104389546,-0.10678749050833815,0.5707761104338562,,394.9610737948954,,0.03946581575201691,0.002920859330936082,-0.0024257444096572444,0.9636913417088095,0.5801784209542181
M0s1,c9_smooth_matched_s1,5,MLP_OUT,STAYS AT C1,-0.16001003146423087,-0.19272698036355265,-0.13361869582128616,-0.19653609912201675,0.5899626126474014,0.26391335642944713,1.3172734957966459,2.0700465925107667,0.19744283578850572,0.7129297445044108,4.957505978215662,-0.2171357526419998,-0.23078122909034687,-0.3005974094781808,0.95,0.5760939014819093,True,-0.29173738104389546,-0.10678749050833815,0.5707761104338562,,394.821706774726,,0.09798594087328638,0.004699465847890771,-0.01166141352742065,0.968801884664187,0.5801784209542181
M0s1,c9_smooth_null,5,MLP_OUT,STAYS AT C1,-0.16413123245464528,-0.18341934575107893,-0.13361869582128616,-0.19653609912201675,0.5899626126474014,0.3051253663335912,1.2760614858925017,2.1318199494975727,0.47998384084710044,0.7929697877391325,6.417743973584079,-0.23670485726429213,-0.23078122909034687,-0.3005974094781808,0.6500000000000001,0.5797059956908625,True,-0.29173738104389546,-0.10678749050833815,0.5707761104338562,,394.9610737948954,,0.047577618850007664,0.003045939744618864,-0.002140426400916689,0.9640868276917541,0.5801784209542181
M0s1,c9_fine_zero,5,MLP_OUT,STAYS AT C1,-0.16458446524767523,-0.18332893895810515,-0.13361869582128616,-0.19653609912201675,0.5899626126474014,0.30965769426389067,1.2715291579622023,1.6606024770910697,0.38591003587544964,0.7062730856620729,5.454035832123871,-0.22639038590611094,-0.23078122909034687,-0.3005974094781808,0.95,0.5802331093195683,,-0.29173738104389546,-0.10678749050833815,0.5707761104338562,,394.9610737948954,,0.036496866579779574,0.002607257549033737,-0.002591605302191248,nan,0.5801784209542181
M0s1,c9_fine_matched_s0,5,MLP_OUT,STAYS AT C1,-0.16422513894790344,-0.1825714320955007,-0.13361869582128616,-0.19653609912201675,0.5899626126474014,0.30606443126617283,1.2751224209599201,1.8188749755384068,0.387982570078792,0.7094382586343417,5.463354987918565,-0.2255681766340797,-0.23078122909034687,-0.3005974094781808,0.95,0.5793139418934167,True,-0.29173738104389546,-0.10678749050833815,0.5707761104338562,,394.9610737948954,,0.04109089484568784,0.002479678414626152,-0.0022513522042470406,0.9637768824213849,0.5801784209542181
M0s1,c9_fine_matched_s1,5,MLP_OUT,STAYS AT C1,-0.15982271349140756,-0.19204854108389943,-0.13361869582128616,-0.19653609912201675,0.5899626126474014,0.262040176701214,1.3191466755248789,2.12300151534687,0.2677359463798856,0.7207083337502167,4.82899935061682,-0.21447847030076192,-0.23078122909034687,-0.3005974094781808,1.05,0.5754403041190486,True,-0.29173738104389546,-0.10678749050833815,0.5707761104338562,,394.821706774726,,0.10086009219831205,0.004629244665419668,-0.011871211135667336,0.9693198521623396,0.5801784209542181
M0s1,c9_fine_null,5,MLP_OUT,STAYS AT C1,-0.1644925465068277,-0.18285307330518288,-0.13361869582128616,-0.19653609912201675,0.5899626126474014,0.3087385068554155,1.2724483453706774,1.9022952887140654,0.46365737472826957,0.7090768346338305,5.456712510372104,-0.21898090316169327,-0.23078122909034687,-0.3005974094781808,0.95,0.5800839285472537,True,-0.29173738104389546,-0.10678749050833815,0.5707761104338562,,394.9610737948954,,0.04092597653010399,0.0026881938029464647,-0.002585175123010344,0.9637970115434199,0.5801784209542181
M0s1,c9_raw_zero,5,MLP_OUT,STAYS AT C1,-0.1637385002587438,-0.1833905160095114,-0.13361869582128616,-0.19653609912201675,0.5899626126474014,0.30119804437457653,1.2799888078515165,1.8316406771258462,0.1232990755815544,0.7406744725368547,4.987068274762954,-0.19696908847760344,-0.23078122909034687,-0.3005974094781808,1.05,0.5756963609641814,,-0.29173738104389546,-0.10678749050833815,0.5707761104338562,,394.9610737948954,,0.07465819127463202,0.0032064615361531434,-0.004699254867314043,nan,0.5801784209542181
M0s1,c9_raw_matched_s0,5,MLP_OUT,STAYS AT C1,-0.16303218382552223,-0.18197225819978322,-0.13361869582128616,-0.19653609912201675,0.5899626126474014,0.2941348800423607,1.2870519721837321,1.2009008736986493,0.10510178903276195,0.7588717590856472,5.278928639664111,-0.19954152563695518,-0.23078122909034687,-0.3005974094781808,1.05,0.5684057299572118,True,-0.29173738104389546,-0.10678749050833815,0.5707761104338562,,394.9610737948954,,0.1595795209710884,0.00447668811531865,-0.006861513268659781,0.9711670770963885,0.5801784209542181
M0s1,c9_raw_matched_s1,5,MLP_OUT,STAYS AT C1,-0.15823894942036562,-0.18807681415173588,-0.13361869582128616,-0.19653609912201675,0.5899626126474014,0.2462025359907946,1.3349843162352983,3.500367579798404,0.2720786549719815,0.7721598878134317,5.162613916689543,-0.2054251219937887,-0.23078122909034687,-0.3005974094781808,1.05,0.560559130563671,True,-0.29173738104389546,-0.10678749050833815,0.5707761104338562,,394.821706774726,,0.2141016019931441,0.00831159837150744,-0.0225460495151464,0.9786742660608642,0.5801784209542181
M0s1,c9_raw_null,5,MLP_OUT,STAYS AT C1,-0.16418697112275987,-0.18252911750212145,-0.13361869582128616,-0.19653609912201675,0.5899626126474014,0.30568275301473713,1.2755040992113558,1.2641016385713175,0.11376953846545135,0.7502040096529577,4.818301741611736,-0.20199425148695901,-0.23078122909034687,-0.3005974094781808,1.05,0.5692035770037773,True,-0.29173738104389546,-0.10678749050833815,0.5707761104338562,,394.9610737948954,,0.10470219412460846,0.004650986063328477,-0.0010726083788429404,0.9696701688305241,0.5801784209542181
M0s1,c9_planted_A50,5,MLP_OUT,OVERSHOOTS,0.200911233212717,-0.0374235465386059,-0.13361869582128616,-0.19653609912201675,0.5899626126474014,3.3452992903400314,4.926486142566124,5.438417133693528,2.8164790418063608,3.6804525899247698,9.724341157780033,-0.05042818171145343,-0.23078122909034687,-0.3005974094781808,1.4500000000000002,0.24591490492550985,False,-0.29173738104389546,-0.10678749050833815,0.5707761104338562,,1754.5886901713206,,2.2609303885877967,0.036674097578999865,-0.05789226498655892,1.185758732593574,0.5801784209542181
M0s1,driver_tau0_s0,5,MLP_OUT,REPRODUCES,-0.2909369845068721,-0.0871872921946599,-0.13361869582128616,-0.19653609912201675,0.5899626126474014,1.5731828868558595,0.1960019831367825,8.191275913940919,1.4677358049992375,0.3026367963731768,3.840092790043616,-0.29238097480360475,-0.23078122909034687,-0.3005974094781808,0.55,0.6461524178315862,False,-0.29173738104389546,-0.10678749050833815,0.5707761104338562,0.012171610931710725,,0.0,0.2009921119190139,0.004318964483267906,-0.008682339181055949,0.9127259424508289,0.5801784209542181
M0s1,driver_tau0_s1,5,MLP_OUT,REPRODUCES,-0.310322306591718,-0.08210993874303381,-0.13361869582128616,-0.19653609912201675,0.5899626126474014,1.7670361077043184,0.2467755176530434,7.279184519591837,1.0132727512362023,0.24511784004485365,2.928001395694536,-0.3061385917607592,-0.23078122909034687,-0.3005974094781808,0.55,0.6234991922852219,True,-0.29173738104389546,-0.10678749050833815,0.5707761104338562,0.012171610931710725,,0.0,0.21326519697620405,0.005446328846345994,0.002208292141834756,0.9536650230237402,0.5801784209542181
M0s1,driver_tau2_s0,5,MLP_OUT,REPRODUCES,-0.2873868553140313,-0.092185166478762,-0.13361869582128616,-0.19653609912201675,0.5899626126474014,1.5376815949274514,0.14602324029576147,7.1416757681280325,1.4696378104902186,0.27341819450299587,2.7904926442307296,-0.2915883693036822,-0.23078122909034687,-0.3005974094781808,0.55,0.6404845180880526,False,-0.29173738104389546,-0.10678749050833815,0.5707761104338562,0.00643573719065465,,2.0,0.29042706260025763,0.005532049886884716,0.003854895835489529,0.9214725509843875,0.5801784209542181
M0s1,driver_tau2_s1,5,MLP_OUT,REPRODUCES,-0.30518108880451245,-0.08909452528026647,-0.13361869582128616,-0.19653609912201675,0.5899626126474014,1.7156239298322629,0.17692965228071678,7.322653518430637,1.5615030540758121,0.18914734855128199,3.757895917066554,-0.304510345261462,-0.23078122909034687,-0.3005974094781808,0.55,0.6167287196756365,True,-0.29173738104389546,-0.10678749050833815,0.5707761104338562,0.00643573719065465,,2.0,0.20693922070897441,0.005081863958927374,0.018132960186925496,0.9591602748456072,0.5801784209542181
M0s1,driver_tau5_s0,5,MLP_OUT,REPRODUCES,-0.2799884398811196,-0.10205050869163174,-0.13361869582128616,-0.19653609912201675,0.5899626126474014,1.4636974405983343,0.1743609799107461,5.332484648727749,1.5473925996978386,0.20570332425949892,2.8439852547799025,-0.28350989589363323,-0.23078122909034687,-0.3005974094781808,0.55,0.6283779574072512,False,-0.29173738104389546,-0.10678749050833815,0.5707761104338562,0.004387519600177112,,5.0,0.23118653784793208,0.00504086541742077,-0.0009914331139174216,0.9342505098592204,0.5801784209542181
M0s1,driver_tau5_s1,5,MLP_OUT,REPRODUCES,-0.28715132901032936,-0.10057634259932229,-0.13361869582128616,-0.19653609912201675,0.5899626126474014,1.535326331890432,0.21638807808049235,5.921777188714556,1.8101946453211746,0.15543934653511404,4.459228556836282,-0.2960209353106232,-0.23078122909034687,-0.3005974094781808,0.45,0.6134696774637749,True,-0.29173738104389546,-0.10678749050833815,0.5707761104338562,0.004387519600177112,,5.0,0.1374188711473665,0.005701207715336665,0.017571165715086243,0.9577019744920977,0.5801784209542181
M0s1,driver_tau10_s0,5,MLP_OUT,REPRODUCES,-0.24088447872600602,-0.12935378140294912,-0.13361869582128616,-0.19653609912201675,0.5899626126474014,1.0726578290471984,0.5085290231788944,3.5831421873305653,0.9787371008917916,0.27587517227427494,3.6383196706123195,-0.25359356611849104,-0.23078122909034687,-0.3005974094781808,0.55,0.6227968275982688,False,-0.29173738104389546,-0.10678749050833815,0.5707761104338562,0.003555893991835675,,10.0,0.1397759600122792,0.003698713842027357,0.013174691014783175,0.9309879247932693,0.5801784209542181
M0s1,driver_tau10_s1,5,MLP_OUT,REPRODUCES,-0.2598108680193375,-0.12376115090031777,-0.13361869582128616,-0.19653609912201675,0.5899626126474014,1.2619217219805134,0.31926513024557956,4.674059457533048,0.8406053390017711,0.24367904231976148,4.172107399724159,-0.26662381701797744,-0.23078122909034687,-0.3005974094781808,0.55,0.6003075189240343,True,-0.29173738104389546,-0.10678749050833815,0.5707761104338562,0.003555893991835675,,10.0,0.12959277677613645,0.004423643908273545,0.015117617375838612,0.9644928216469322,0.5801784209542181
M0s1,driver_tau20_s0,5,MLP_OUT,REPRODUCES,-0.20800039356038433,-0.14358904828710994,-0.13361869582128616,-0.19653609912201675,0.5899626126474014,0.7438169773909816,0.8373698748351113,2.576160717041635,0.8106070134241283,0.648949418266932,4.919757538664039,-0.218949697966141,-0.23078122909034687,-0.3005974094781808,0.55,0.6060674523167926,False,-0.29173738104389546,-0.10678749050833815,0.5707761104338562,0.003072655705092311,,20.0,0.09202865310126507,0.004414583117341664,0.01476653391069822,0.9470136300140684,0.5801784209542181
M0s1,driver_tau20_s1,5,MLP_OUT,REPRODUCES,-0.22267815825664175,-0.1418965315725212,-0.13361869582128616,-0.19653609912201675,0.5899626126474014,0.8905946243535559,0.690592227872537,3.8097304880359038,0.6397714553273289,0.37512638369826345,3.257595867882938,-0.2284307993251809,-0.23078122909034687,-0.3005974094781808,0.55,0.5953019759952882,True,-0.29173738104389546,-0.10678749050833815,0.5707761104338562,0.003072655705092311,,20.0,0.06537564230208925,0.00331376922506349,-0.01213904253910864,0.9675229152743313,0.5801784209542181
M0s1,driver_tau40_s0,5,MLP_OUT,STAYS AT C1,-0.18326313541988284,-0.17388882056165134,-0.13361869582128616,-0.19653609912201675,0.5899626126474014,0.49644439598596685,1.084742456240126,2.072351909028755,0.5260284805154578,0.5978214709959794,5.668221373281892,-0.19407049064369333,-0.23078122909034687,-0.3005974094781808,0.55,0.5952765084950324,True,-0.29173738104389546,-0.10678749050833815,0.5707761104338562,0.0027141327511218958,,40.0,0.07667717109107874,0.0024914451646368685,-0.008307239650753459,0.9531635110528669,0.5801784209542181
M0s1,driver_tau40_s1,5,MLP_OUT,STAYS AT C1,-0.1896712221883341,-0.16746746180671515,-0.13361869582128616,-0.19653609912201675,0.5899626126474014,0.5605252636704794,1.0206615885556136,2.751916620286012,0.5022911794688725,0.5227757233800278,3.910357727306486,-0.20532735278608608,-0.23078122909034687,-0.3005974094781808,0.55,0.5959394833646294,True,-0.29173738104389546,-0.10678749050833815,0.5707761104338562,0.0027141327511218958,,40.0,0.07858111574203708,0.0036144480361757214,-0.0014606213502983928,0.9507236840179888,0.5801784209542181
M0s1,driver_tau80_s0,5,MLP_OUT,STAYS AT C1,-0.16012957543134956,-0.17780895277252426,-0.13361869582128616,-0.19653609912201675,0.5899626126474014,0.26510879610063404,1.3160780561254588,3.020156245805752,0.38675721681680514,0.7460788542319223,7.060461846137513,-0.2191995918987184,-0.23078122909034687,-0.3005974094781808,0.95,0.591751626983596,True,-0.29173738104389546,-0.10678749050833815,0.5707761104338562,0.0026330253012823044,,80.0,0.062179070275337534,0.003410740602442619,0.017172321705116712,0.9514907125199685,0.5801784209542181
M0s1,driver_tau80_s1,5,MLP_OUT,STAYS AT C1,-0.15582654120439782,-0.1901314206752733,-0.13361869582128616,-0.19653609912201675,0.5899626126474014,0.22207845383111657,1.3591083983949763,2.224709696118456,0.29811153237512583,0.7697005027215064,4.363799878271565,-0.22282519890649585,-0.23078122909034687,-0.3005974094781808,0.95,0.5874992413640472,False,-0.29173738104389546,-0.10678749050833815,0.5707761104338562,0.0026330253012823044,,80.0,0.06557694461799013,0.004248297715072846,0.018638672160849287,0.9439575669991622,0.5801784209542181
M0s1,driver_tauc1_s0,5,MLP_OUT,STAYS AT C1,-0.10105242426205058,-0.20604779672860243,-0.13361869582128616,-0.19653609912201675,0.5899626126474014,0.3256627155923558,1.9068495678184487,2.1223788205089766,0.5265752566743317,1.0716839501737119,4.642989020850691,-0.24118036715872662,-0.23078122909034687,-0.3005974094781808,0.95,0.5883516283929289,False,-0.29173738104389546,-0.10678749050833815,0.5707761104338562,0.003225248526520429,,394.9610737948954,0.19366385984705614,0.005485885476122332,0.0004243732191823758,0.9086755055366137,0.5801784209542181
M0s1,driver_tauc1_s1,5,MLP_OUT,STAYS AT C1,-0.12513371421545819,-0.20013684516193547,-0.13361869582128616,-0.19653609912201675,0.5899626126474014,0.08484981605827974,1.6660366682843726,3.673029090143217,0.2231905272519132,0.9769336627316244,4.363787226238792,-0.1991107551166713,-0.23078122909034687,-0.3005974094781808,1.05,0.5851453124453218,False,-0.29173738104389546,-0.10678749050833815,0.5707761104338562,0.003225248526520429,,394.9610737948954,0.15111578629475586,0.00443816191107238,0.029520839000722235,0.934202898998835,0.5801784209542181
